time_stats.attn_input_reshape.min,time_stats.attn_input_reshape.max,time_stats.attn_input_reshape.mean,time_stats.attn_input_reshape.median,time_stats.attn_input_reshape.std,time_stats.attn_input_reshape.count,time_stats.attn_mla_kv_cache_save.min,time_stats.attn_mla_kv_cache_save.max,time_stats.attn_mla_kv_cache_save.mean,time_stats.attn_mla_kv_cache_save.median,time_stats.attn_mla_kv_cache_save.std,time_stats.attn_mla_kv_cache_save.count,time_stats.attn_mla_prefill_kv_up_proj.min,time_stats.attn_mla_prefill_kv_up_proj.max,time_stats.attn_mla_prefill_kv_up_proj.mean,time_stats.attn_mla_prefill_kv_up_proj.median,time_stats.attn_mla_prefill_kv_up_proj.std,time_stats.attn_mla_prefill_kv_up_proj.count,time_stats.attn_mla_prefill.min,time_stats.attn_mla_prefill.max,time_stats.attn_mla_prefill.mean,time_stats.attn_mla_prefill.median,time_stats.attn_mla_prefill.std,time_stats.attn_mla_prefill.count,time_stats.attn_mla_decode_q_latent_proj.min,time_stats.attn_mla_decode_q_latent_proj.max,time_stats.attn_mla_decode_q_latent_proj.mean,time_stats.attn_mla_decode_q_latent_proj.median,time_stats.attn_mla_decode_q_latent_proj.std,time_stats.attn_mla_decode_q_latent_proj.count,time_stats.attn_mla_decode.min,time_stats.attn_mla_decode.max,time_stats.attn_mla_decode.mean,time_stats.attn_mla_decode.median,time_stats.attn_mla_decode.std,time_stats.attn_mla_decode.count,time_stats.attn_mla_v_up_proj.min,time_stats.attn_mla_v_up_proj.max,time_stats.attn_mla_v_up_proj.mean,time_stats.attn_mla_v_up_proj.median,time_stats.attn_mla_v_up_proj.std,time_stats.attn_mla_v_up_proj.count,time_stats.attn_output_reshape.min,time_stats.attn_output_reshape.max,time_stats.attn_output_reshape.mean,time_stats.attn_output_reshape.median,time_stats.attn_output_reshape.std,time_stats.attn_output_reshape.count,n_embd,n_q_head,n_kv_head,block_size,num_tensor_parallel_workers,max_model_len,batch_size,prefill_chunk_size,kv_cache_size,is_prefill,attention_backend,is_mixed_batch,mode,seq_lens,total_tokens,max_seq_len,min_seq_len,avg_seq_len,equal_seq_len,seq_len_variance,seq_len_std,seq_len_cv,head_size,qk_nope_head_dim,qk_rope_head_dim,qk_head_dim,kv_lora_rank,v_head_dim,batch_num_tokens,batch_num_prefill_tokens,batch_num_decode_tokens,max_seqlen_q,max_seqlen_k,num_actual_tokens,is_chunked_prefill_sample,chunk_start_token,chunk_end_token,total_prefill_tokens,profiling_precision,measurement_type,model_arch,model_architecture_profile,quant_signature,is_mla_profile_import,is_true_mixed_batch,prefill_seq_lens,prefill_kv_cache_sizes,decode_kv_cache_sizes,num_prefill_seqs,num_decode_seqs,decode_batch_size,total_batch_size,total_decode_tokens,decode_avg_kv_cache_size,batch_composition_ratio
0.007199999876320362,0.018640000373125076,0.010360000096261502,0.0081599997356534,0.004228815610171988,5,0.035280000418424606,0.08104000240564346,0.046296000480651855,0.03776000067591667,0.01751330745885269,5,0.11484099924564362,0.15768000483512878,0.13126479983329772,0.12112099677324295,0.016802022636891276,5,0.14180000126361847,0.17372100055217743,0.15323220193386078,0.14268000423908234,0.01377011752367463,5,0.004399999976158142,0.0083600003272295,0.006503999978303909,0.006039999891072512,0.0015310336778423187,5,0.005280000157654285,0.007360000163316727,0.006184000056236982,0.006039999891072512,0.0008377493948904458,5,0.004399999976158142,0.006800000090152025,0.005608000047504902,0.005520000122487545,0.0008445211943961686,5,0.00559999980032444,0.008320000022649765,0.006943999975919724,0.007000000216066837,0.0009799919158633842,5,7168,128,1,16,8,9216,1,128,0,True,TORCH_SDPA_MLA,False,even,[128],128,128,128.0,128.0,128.0,0.0,0.0,0.0,576,128,64,192,512,128,128,128,0,128,128,128,False,0,128,128,BF16,CUDA_EVENT,generic,generic,method=fp8|act=dynamic|serialized=True|block=128x128,False,False,,,,,,,,,,
0.004399999976158142,0.00800000037997961,0.006711999978870153,0.007319999858736992,0.0012868318260417081,5,0.03736000135540962,0.07816100120544434,0.04728820100426674,0.04016000032424927,0.015544592846278524,5,0.14320099353790283,0.1886799931526184,0.15388819575309753,0.14579999446868896,0.017501280760533294,5,0.14156000316143036,0.17656099796295166,0.15382460057735442,0.14844100177288055,0.0132447841221352,5,0.005760000087320805,0.007000000216066837,0.006304000131785869,0.006200000178068876,0.00041073597233966795,5,0.00443999981507659,0.0075599998235702515,0.005943999905139208,0.005679999943822622,0.0011109923831333572,5,0.005640000104904175,0.007000000216066837,0.0061680001206696035,0.005960000213235617,0.0004947080537199937,5,0.004399999976158142,0.00812000036239624,0.006752000097185374,0.007079999893903732,0.0012471793162982423,5,7168,128,1,16,8,9216,1,384,0,True,TORCH_SDPA_MLA,False,even,[384],384,384,384.0,384.0,384.0,0.0,0.0,0.0,576,128,64,192,512,128,384,384,0,384,384,384,False,0,384,384,BF16,CUDA_EVENT,generic,generic,method=fp8|act=dynamic|serialized=True|block=128x128,False,False,,,,,,,,,,
0.004399999976158142,0.00788000039756298,0.005656000040471554,0.005119999870657921,0.0012896140175647996,5,0.021479999646544456,0.06859999895095825,0.03924799971282482,0.03996000066399574,0.016484900061412157,5,0.16512100398540497,0.20896099507808685,0.17553659975528718,0.16791999340057373,0.016756144932772294,5,0.1820400059223175,0.1950799971818924,0.18719240128993989,0.18592099845409393,0.004586570855161013,5,0.00443999981507659,0.006599999964237213,0.004927999898791313,0.004559999797493219,0.0008372908994814746,5,0.004519999958574772,0.004679999779909849,0.004599999915808439,0.004600000102072954,5.656851225467499e-05,5,0.00443999981507659,0.004559999797493219,0.004511999897658825,0.004519999958574772,3.9191849152437796e-05,5,0.004480000119656324,0.004639999940991402,0.00457600001245737,0.004600000102072954,6.499226332255945e-05,5,7168,128,1,16,8,9216,1,640,0,True,TORCH_SDPA_MLA,False,even,[640],640,640,640.0,640.0,640.0,0.0,0.0,0.0,576,128,64,192,512,128,640,640,0,640,640,640,False,0,640,640,BF16,CUDA_EVENT,generic,generic,method=fp8|act=dynamic|serialized=True|block=128x128,False,False,,,,,,,,,,
0.004399999976158142,0.005679999943822622,0.004775999952107668,0.004600000102072954,0.00045928639952953396,5,0.020679999142885208,0.06612099707126617,0.029912199079990386,0.020959999412298203,0.018105008784617915,5,0.12188000231981277,0.23960000276565552,0.15452040135860443,0.13836100697517395,0.04359056238765481,5,0.24612100422382355,0.2614409923553467,0.25258459746837614,0.25091999769210815,0.005866289782029892,5,0.00443999981507659,0.004639999940991402,0.0045599999837577345,0.004600000102072954,8.390472515866558e-05,5,0.004480000119656324,0.005200000014156103,0.0046559999696910385,0.004519999958574772,0.000273173949965766,5,0.004480000119656324,0.004679999779909849,0.0045599999837577345,0.004559999797493219,7.589455455341117e-05,5,0.004519999958574772,0.007360000163316727,0.005095999967306852,0.004519999958574772,0.0011321060992460965,5,7168,128,1,16,8,9216,1,896,0,True,TORCH_SDPA_MLA,False,even,[896],896,896,896.0,896.0,896.0,0.0,0.0,0.0,576,128,64,192,512,128,896,896,0,896,896,896,False,0,896,896,BF16,CUDA_EVENT,generic,generic,method=fp8|act=dynamic|serialized=True|block=128x128,False,False,,,,,,,,,,
0.007079999893903732,0.00827999971807003,0.007615999970585108,0.007360000163316727,0.0005182122477510363,5,0.03764000162482262,0.0891600027680397,0.04862400144338608,0.03888000175356865,0.02027979711956755,5,0.11903999745845795,0.16315999627113342,0.1358163982629776,0.12464000284671783,0.01812973484510856,5,0.14448000490665436,0.20308099687099457,0.15934440195560456,0.14788100123405457,0.022245187776296627,5,0.005439999978989363,0.010759999975562096,0.007087999954819679,0.006039999891072512,0.0019396329489910949,5,0.005640000104904175,0.01140000019222498,0.007727999985218048,0.006639999803155661,0.0022149166757611336,5,0.004679999779909849,0.006440000142902136,0.005471999943256378,0.005319999996572733,0.0005804275443372618,5,0.005919999908655882,0.00788000039756298,0.006816000025719404,0.006639999803155661,0.0006372944731902169,5,7168,128,1,16,8,9216,1,160,0,True,TORCH_SDPA_MLA,False,even,[160],160,160,160.0,160.0,160.0,0.0,0.0,0.0,576,128,64,192,512,128,160,160,0,160,160,160,False,0,160,160,BF16,CUDA_EVENT,generic,generic,method=fp8|act=dynamic|serialized=True|block=128x128,False,False,,,,,,,,,,
0.004360000137239695,0.004519999958574772,0.004464000090956688,0.004480000119656324,5.4258599874208434e-05,5,0.02435999922454357,0.14072099328041077,0.04792819879949093,0.024960000067949295,0.046397075738118576,5,0.04811999946832657,0.2713199853897095,0.09496819749474525,0.04840100184082985,0.08827073491523237,5,0.3667210042476654,0.40936198830604553,0.38275299668312074,0.3763209879398346,0.016227418097336715,5,0.004441000055521727,0.004600000102072954,0.004520200006663799,0.004519999958574772,5.028082645687259e-05,5,0.004480000119656324,0.004600000102072954,0.004535999987274409,0.004519999958574772,4.079213795521706e-05,5,0.004480000119656324,0.004679999779909849,0.0045519999228417875,0.004559999797493219,7.332107843698469e-05,5,0.004480000119656324,0.005119999870657921,0.0046479999087750915,0.004559999797493219,0.00023785706614850465,5,7168,128,1,16,8,9216,1,1280,0,True,TORCH_SDPA_MLA,False,even,[1280],1280,1280,1280.0,1280.0,1280.0,0.0,0.0,0.0,576,128,64,192,512,128,1280,1280,0,1280,1280,1280,False,0,1280,1280,BF16,CUDA_EVENT,generic,generic,method=fp8|act=dynamic|serialized=True|block=128x128,False,False,,,,,,,,,,
0.004519999958574772,0.008200000040233135,0.007231999933719635,0.007799999788403511,0.001364322537738219,5,0.039159998297691345,0.0724399983882904,0.04664799943566322,0.039719998836517334,0.012945433300996503,5,0.14528100192546844,0.1871200054883957,0.15645659863948821,0.1499210000038147,0.015504471005601678,5,0.14295999705791473,0.1801609992980957,0.15728840231895447,0.14980000257492065,0.013858789828030824,5,0.005880000069737434,0.007079999893903732,0.006312000006437302,0.006240000016987324,0.0004198284749121901,5,0.005840000230818987,0.006519999820739031,0.006096000038087368,0.006039999891072512,0.00025873524256290526,5,0.005439999978989363,0.007199999876320362,0.005919999908655882,0.00571999978274107,0.0006523802453711244,5,0.006039999891072512,0.008840000256896019,0.007455999962985516,0.007439999841153622,0.0008914169676373398,5,7168,128,1,16,8,9216,1,416,0,True,TORCH_SDPA_MLA,False,even,[416],416,416,416.0,416.0,416.0,0.0,0.0,0.0,576,128,64,192,512,128,416,416,0,416,416,416,False,0,416,416,BF16,CUDA_EVENT,generic,generic,method=fp8|act=dynamic|serialized=True|block=128x128,False,False,,,,,,,,,,
0.004480000119656324,0.005200000014156103,0.004671999998390674,0.004559999797493219,0.000267013112882932,5,0.020640000700950623,0.07367999851703644,0.03714400008320808,0.028440000489354134,0.019876153474311428,5,0.15955999493598938,0.2109210044145584,0.17776859998703004,0.17280100286006927,0.017349822043403393,5,0.19280099868774414,0.219760000705719,0.2014721989631653,0.19815999269485474,0.009420759949973956,5,0.004521000199019909,0.004600000102072954,0.0045681999996304515,0.004559999797493219,2.961351326190542e-05,5,0.004480000119656324,0.004559999797493219,0.004496000055223703,0.004480000119656324,3.1999871134757994e-05,5,0.004519999958574772,0.0047599999234080315,0.004607999976724386,0.004600000102072954,8.158431243966555e-05,5,0.004480000119656324,0.004600000102072954,0.004528000019490719,0.004519999958574772,4.6647571055609506e-05,5,7168,128,1,16,8,9216,1,672,0,True,TORCH_SDPA_MLA,False,even,[672],672,672,672.0,672.0,672.0,0.0,0.0,0.0,576,128,64,192,512,128,672,672,0,672,672,672,False,0,672,672,BF16,CUDA_EVENT,generic,generic,method=fp8|act=dynamic|serialized=True|block=128x128,False,False,,,,,,,,,,
0.004480000119656324,0.004519999958574772,0.004496000055223703,0.004480000119656324,1.95958390287433e-05,5,0.020840000361204147,0.11396100372076035,0.0396402008831501,0.02112000063061714,0.0371608362891836,5,0.11140000075101852,0.23547999560832977,0.14881640076637268,0.13712100684642792,0.04496062347666561,5,0.26360100507736206,0.28492099046707153,0.26958460211753843,0.2672800123691559,0.007804298182366232,5,0.00443999981507659,0.005840000230818987,0.004760000016540289,0.004480000119656324,0.0005431759633121177,5,0.00443999981507659,0.004639999940991402,0.00457600001245737,0.004600000102072954,6.974246546350452e-05,5,0.004480000119656324,0.004600000102072954,0.004536200035363436,0.004521000199019909,4.071556269508826e-05,5,0.004480000119656324,0.004600000102072954,0.004560000076889992,0.004600000102072954,5.059645969143114e-05,5,7168,128,1,16,8,9216,1,928,0,True,TORCH_SDPA_MLA,False,even,[928],928,928,928.0,928.0,928.0,0.0,0.0,0.0,576,128,64,192,512,128,928,928,0,928,928,928,False,0,928,928,BF16,CUDA_EVENT,generic,generic,method=fp8|act=dynamic|serialized=True|block=128x128,False,False,,,,,,,,,,
0.004519999958574772,0.004920000210404396,0.004639999940991402,0.004559999797493219,0.00014532734950504012,5,0.02452000044286251,0.09312000125646591,0.03855220042169094,0.024720000103116035,0.02728751147301608,5,0.04967999830842018,0.27052098512649536,0.0942561961710453,0.05040000006556511,0.08813286422573857,5,0.3964810073375702,0.43644100427627563,0.4063050031661987,0.39764100313186646,0.015274587466642333,5,0.00443999981507659,0.004639999940991402,0.0045439998619258406,0.004559999797493219,8.979983049944031e-05,5,0.00443999981507659,0.004559999797493219,0.004495999962091446,0.004480000119656324,4.079211969054e-05,5,0.00443999981507659,0.004519999958574772,0.004495999962091446,0.004519999958574772,3.200003411633561e-05,5,0.004480000119656324,0.004600000102072954,0.004543999955058098,0.004559999797493219,4.079211969054e-05,5,7168,128,1,16,8,9216,1,1344,0,True,TORCH_SDPA_MLA,False,even,[1344],1344,1344,1344.0,1344.0,1344.0,0.0,0.0,0.0,576,128,64,192,512,128,1344,1344,0,1344,1344,1344,False,0,1344,1344,BF16,CUDA_EVENT,generic,generic,method=fp8|act=dynamic|serialized=True|block=128x128,False,False,,,,,,,,,,
0.006920000072568655,0.009440000168979168,0.007808000035583973,0.0075599998235702515,0.0008543161505718166,5,0.03480000048875809,0.06676000356674194,0.042800001055002215,0.03660000115633011,0.012072873222550982,5,0.12080000340938568,0.15831999480724335,0.13457599878311158,0.12223999947309494,0.01628227853628543,5,0.1446010023355484,0.17280100286006927,0.15672100186347962,0.15504099428653717,0.01129737702602206,5,0.006279999855905771,0.009239999577403069,0.007231999840587378,0.006639999803155661,0.0011149599799488133,5,0.005520000122487545,0.006039999891072512,0.005816000048071146,0.005840000230818987,0.00016894963809016247,5,0.00431999983265996,0.006279999855905771,0.0056640000082552435,0.005840000230818987,0.0006940202441217565,5,0.005799999926239252,0.0083600003272295,0.006696000136435032,0.005840000230818987,0.0010888820293034644,5,7168,128,1,16,8,9216,1,192,0,True,TORCH_SDPA_MLA,False,even,[192],192,192,192.0,192.0,192.0,0.0,0.0,0.0,576,128,64,192,512,128,192,192,0,192,192,192,False,0,192,192,BF16,CUDA_EVENT,generic,generic,method=fp8|act=dynamic|serialized=True|block=128x128,False,False,,,,,,,,,,
0.00443999981507659,0.006240000016987324,0.00482399994507432,0.004480000119656324,0.000708621235218578,5,0.025280000641942024,0.11264099925756454,0.043056399747729304,0.025839999318122864,0.034792949432752344,5,0.05532100051641464,0.31891998648643494,0.10873619765043259,0.055640000849962234,0.10509837336415732,5,0.6966410279273987,0.725721001625061,0.7046010136604309,0.7002410292625427,0.010670596364061887,5,0.004480000119656324,0.004600000102072954,0.004520000051707029,0.004519999958574772,4.381779817994027e-05,5,0.004399999976158142,0.004639999940991402,0.004528199974447489,0.004519999958574772,8.530512085525859e-05,5,0.00443999981507659,0.00547999981790781,0.004679999873042106,0.004480000119656324,0.00040239281477634373,5,0.00443999981507659,0.005119999870657921,0.004632199835032225,0.004559999797493219,0.0002482647116702993,5,7168,128,1,16,8,9216,1,1856,0,True,TORCH_SDPA_MLA,False,even,[1856],1856,1856,1856.0,1856.0,1856.0,0.0,0.0,0.0,576,128,64,192,512,128,1856,1856,0,1856,1856,1856,False,0,1856,1856,BF16,CUDA_EVENT,generic,generic,method=fp8|act=dynamic|serialized=True|block=128x128,False,False,,,,,,,,,,
0.004279999993741512,0.008960000239312649,0.007175999972969293,0.0075599998235702515,0.0015480775567497356,5,0.03539999946951866,0.06015999987721443,0.04186419993638992,0.03788100183010101,0.009222445985841342,5,0.14363999664783478,0.17664100229740143,0.15242420136928558,0.1475200057029724,0.012345552076709598,5,0.1470009982585907,0.20667999982833862,0.166840597987175,0.157600998878479,0.021631074413962458,5,0.005840000230818987,0.006719999946653843,0.006152000091969967,0.0060800001956522465,0.0003102514550077628,5,0.004559999797493219,0.006639999803155661,0.005839999951422215,0.005919999908655882,0.0006992567772201204,5,0.004399999976158142,0.006920000072568655,0.005832000076770783,0.005880000069737434,0.0008148227115751165,5,0.005840000230818987,0.007639999967068434,0.006528000067919493,0.006240000016987324,0.0007035452459215154,5,7168,128,1,16,8,9216,1,448,0,True,TORCH_SDPA_MLA,False,even,[448],448,448,448.0,448.0,448.0,0.0,0.0,0.0,576,128,64,192,512,128,448,448,0,448,448,448,False,0,448,448,BF16,CUDA_EVENT,generic,generic,method=fp8|act=dynamic|serialized=True|block=128x128,False,False,,,,,,,,,,
0.00571999978274107,0.01080000028014183,0.008143999986350537,0.008200000040233135,0.0016205876943532296,5,0.03491999953985214,0.0899600014090538,0.04898400083184242,0.0376800000667572,0.02077852158292348,5,0.11395999789237976,0.1576399952173233,0.1300719976425171,0.11896000057458878,0.017439620634970274,5,0.14716100692749023,0.18288099765777588,0.15897700190544128,0.14956100285053253,0.01383274887672503,5,0.005799999926239252,0.008440000005066395,0.0070719999261200425,0.007079999893903732,0.000857307432290274,5,0.005799999926239252,0.0069599999114871025,0.006311999913305044,0.006240000016987324,0.0004011184221788191,5,0.005880000069737434,0.007079999893903732,0.006487999949604273,0.006519999820739031,0.00038065200719748684,5,0.005840000230818987,0.008960000239312649,0.007016000244766474,0.005840000230818987,0.001444792042270695,5,7168,128,1,16,8,9216,1,64,0,True,TORCH_SDPA_MLA,False,even,[64],64,64,64.0,64.0,64.0,0.0,0.0,0.0,576,128,64,192,512,128,64,64,0,64,64,64,False,0,64,64,BF16,CUDA_EVENT,generic,generic,method=fp8|act=dynamic|serialized=True|block=128x128,False,False,,,,,,,,,,
0.00559999980032444,0.00827999971807003,0.007487999834120273,0.007840000092983246,0.0009651196843843248,5,0.035679999738931656,0.09679999947547913,0.05175199955701828,0.044319998472929,0.02280351414738909,5,0.11640000343322754,0.15824000537395477,0.13152000010013581,0.12095999717712402,0.016578097706468883,5,0.1430010050535202,0.18512099981307983,0.15508899986743926,0.14440099895000458,0.01608734947288278,5,0.005679999943822622,0.008440000005066395,0.007024000026285648,0.006599999964237213,0.001161406155004037,5,0.00547999981790781,0.008559999987483025,0.006520000007003546,0.006279999855905771,0.0010742066896151493,5,0.00443999981507659,0.007600000128149986,0.006159999966621399,0.006240000016987324,0.001047053102883188,5,0.00547999981790781,0.008200000040233135,0.006223999988287687,0.005799999926239252,0.0009965059335281324,5,7168,128,1,16,8,9216,1,96,0,True,TORCH_SDPA_MLA,False,even,[96],96,96,96.0,96.0,96.0,0.0,0.0,0.0,576,128,64,192,512,128,96,96,0,96,96,96,False,0,96,96,BF16,CUDA_EVENT,generic,generic,method=fp8|act=dynamic|serialized=True|block=128x128,False,False,,,,,,,,,,
0.004279999993741512,0.00443999981507659,0.004391999915242195,0.004399999976158142,5.8787694517986746e-05,5,0.020800000056624413,0.05835999920964241,0.03590420000255108,0.03372099995613098,0.012718823174534988,5,0.16247999668121338,0.199521005153656,0.17268020212650298,0.16684000194072723,0.013632358057133823,5,0.19840100407600403,0.21303999423980713,0.20328859686851503,0.2022009938955307,0.005347251317461958,5,0.004360000137239695,0.004480000119656324,0.004408000037074089,0.004399999976158142,3.9191849152437796e-05,5,0.004399999976158142,0.004559999797493219,0.0044882000423967835,0.004480000119656324,5.3187938965162876e-05,5,0.004360000137239695,0.004480000119656324,0.004408000037074089,0.004399999976158142,3.9191849152437796e-05,5,0.004399999976158142,0.004519999958574772,0.0044639999978244305,0.004480000119656324,5.425864106902378e-05,5,7168,128,1,16,8,9216,1,704,0,True,TORCH_SDPA_MLA,False,even,[704],704,704,704.0,704.0,704.0,0.0,0.0,0.0,576,128,64,192,512,128,704,704,0,704,704,704,False,0,704,704,BF16,CUDA_EVENT,generic,generic,method=fp8|act=dynamic|serialized=True|block=128x128,False,False,,,,,,,,,,
0.005681000184267759,0.008080000057816505,0.007032199949026108,0.0069599999114871025,0.0008569919795953269,5,0.036959998309612274,0.07360000163316727,0.04562400057911873,0.03996000066399574,0.014063094981634461,5,0.13575999438762665,0.18559999763965607,0.1490799993276596,0.14023999869823456,0.018496615672889214,5,0.15040099620819092,0.18660099804401398,0.16580100059509278,0.16008099913597107,0.01460130445570722,5,0.006120000034570694,0.007000000216066837,0.006623999960720539,0.006839999929070473,0.0003538135320591124,5,0.004399999976158142,0.007000000216066837,0.006096000038087368,0.006440000142902136,0.0009074271701527318,5,0.005799999926239252,0.011920000426471233,0.007552000042051077,0.006200000178068876,0.0022945362811277246,5,0.005840000230818987,0.00827999971807003,0.0075600000098347666,0.00788000039756298,0.0008883241223741735,5,7168,128,1,16,8,9216,1,320,0,True,TORCH_SDPA_MLA,False,even,[320],320,320,320.0,320.0,320.0,0.0,0.0,0.0,576,128,64,192,512,128,320,320,0,320,320,320,False,0,320,320,BF16,CUDA_EVENT,generic,generic,method=fp8|act=dynamic|serialized=True|block=128x128,False,False,,,,,,,,,,
0.005319999996572733,0.00788000039756298,0.007080000080168247,0.007400000002235174,0.000905096739372198,5,0.038040000945329666,0.06868000328540802,0.046040000021457674,0.04115999862551689,0.01139445632303784,5,0.1395999938249588,0.18536099791526794,0.15368019938468933,0.14640000462532043,0.01664368685529546,5,0.14588099718093872,0.17336000502109528,0.15920040011405945,0.15916100144386292,0.009647207885133161,5,0.004399999976158142,0.00872000027447939,0.006424000114202499,0.006200000178068876,0.0014240450567386442,5,0.005239999853074551,0.006479999981820583,0.005927999969571829,0.005840000230818987,0.0004626186370468934,5,0.00443999981507659,0.006279999855905771,0.005640199966728687,0.005801000166684389,0.0006335173472244162,5,0.005840000230818987,0.007519999984651804,0.006919999979436398,0.007400000002235174,0.0006778789697436398,5,7168,128,1,16,8,9216,1,352,0,True,TORCH_SDPA_MLA,False,even,[352],352,352,352.0,352.0,352.0,0.0,0.0,0.0,576,128,64,192,512,128,352,352,0,352,352,352,False,0,352,352,BF16,CUDA_EVENT,generic,generic,method=fp8|act=dynamic|serialized=True|block=128x128,False,False,,,,,,,,,,
0.007360000163316727,0.00851999968290329,0.007912000082433224,0.007960000075399876,0.00048622619309192307,5,0.035280000418424606,0.11575999855995178,0.05392799973487854,0.038839999586343765,0.03109621043632394,5,0.11007999628782272,0.16543999314308167,0.12919199764728545,0.12024000287055969,0.020909010914985076,5,0.14579999446868896,0.18672099709510803,0.15829659700393678,0.14824099838733673,0.015463401882662665,5,0.005960000213235617,0.007799999788403511,0.0066639999859035015,0.006479999981820583,0.0006241024073215976,5,0.004279999993741512,0.006839999929070473,0.005960000026971102,0.006120000034570694,0.0008979977574001903,5,0.004240000154823065,0.00860000029206276,0.006016000173985958,0.006320000160485506,0.0015787793266077944,5,0.005840000230818987,0.030519999563694,0.012095999997109174,0.008080000057816505,0.009270429333466668,5,7168,128,1,16,8,9216,1,32,0,True,TORCH_SDPA_MLA,False,even,[32],32,32,32.0,32.0,32.0,0.0,0.0,0.0,576,128,64,192,512,128,32,32,0,32,32,32,False,0,32,32,BF16,CUDA_EVENT,generic,generic,method=fp8|act=dynamic|serialized=True|block=128x128,False,False,,,,,,,,,,
0.004279999993741512,0.004559999797493219,0.00447199996560812,0.004519999958574772,9.927734960500925e-05,5,0.022360000759363174,0.09055999666452408,0.03610419929027557,0.02239999920129776,0.027228501523157263,5,0.11836100369691849,0.21288099884986877,0.14429640173912048,0.1306000053882599,0.03509753369437916,5,0.2650800049304962,0.2828809916973114,0.2717443943023682,0.2703999876976013,0.006524059494720795,5,0.004399999976158142,0.004519999958574772,0.00447199996560812,0.004480000119656324,4.664763494375637e-05,5,0.004360000137239695,0.004519999958574772,0.004416000004857779,0.004399999976158142,5.4258599874208434e-05,5,0.004399999976158142,0.004480000119656324,0.004456000030040741,0.004480000119656324,3.2000080682464336e-05,5,0.004399999976158142,0.004519999958574772,0.004447999969124794,0.00443999981507659,4.664763494375637e-05,5,7168,128,1,16,8,9216,1,960,0,True,TORCH_SDPA_MLA,False,even,[960],960,960,960.0,960.0,960.0,0.0,0.0,0.0,576,128,64,192,512,128,960,960,0,960,960,960,False,0,960,960,BF16,CUDA_EVENT,generic,generic,method=fp8|act=dynamic|serialized=True|block=128x128,False,False,,,,,,,,,,
0.004399999976158142,0.007799999788403511,0.005135999899357558,0.004480000119656324,0.001333050579792178,5,0.028039999306201935,0.040800001472234726,0.03328799977898598,0.030799999833106995,0.004892404341513967,5,0.1496800035238266,0.1738400012254715,0.15699200332164764,0.15272000432014465,0.008688212313080557,5,0.1810009926557541,0.1873610019683838,0.1830489993095398,0.18196099996566772,0.0023956509543861765,5,0.004399999976158142,0.004559999797493219,0.004495999962091446,0.004480000119656324,5.986642644755097e-05,5,0.004399999976158142,0.004480000119656324,0.004431999940425158,0.00443999981507659,2.9933287895859092e-05,5,0.004399999976158142,0.004559999797493219,0.004495999962091446,0.004519999958574772,5.425858614264964e-05,5,0.004360000137239695,0.004480000119656324,0.004416000004857779,0.004399999976158142,4.079213795521706e-05,5,7168,128,1,16,8,9216,1,608,0,True,TORCH_SDPA_MLA,False,even,[608],608,608,608.0,608.0,608.0,0.0,0.0,0.0,576,128,64,192,512,128,608,608,0,608,608,608,False,0,608,608,BF16,CUDA_EVENT,generic,generic,method=fp8|act=dynamic|serialized=True|block=128x128,False,False,,,,,,,,,,
0.004321000073105097,0.00851999968290329,0.006848200038075447,0.00800000037997961,0.001735063359516559,5,0.03680099919438362,0.07971999794244766,0.047712399065494536,0.04039999842643738,0.016109173261549134,5,0.1557600051164627,0.20948100090026855,0.17116040289402007,0.16167999804019928,0.019885881121338062,5,0.17263999581336975,0.19472000002861023,0.1826559990644455,0.18223999440670013,0.007326123874567003,5,0.004399999976158142,0.004519999958574772,0.004480000026524067,0.004480000119656324,4.381779817994027e-05,5,0.004399999976158142,0.007600000128149986,0.0050640000030398365,0.00443999981507659,0.001268347019102154,5,0.004399999976158142,0.005840000230818987,0.004736000020056963,0.004480000119656324,0.0005534474847312024,5,0.004360000137239695,0.00872000027447939,0.005960000026971102,0.005799999926239252,0.001609372609011169,5,7168,128,1,16,8,9216,1,576,0,True,TORCH_SDPA_MLA,False,even,[576],576,576,576.0,576.0,576.0,0.0,0.0,0.0,576,128,64,192,512,128,576,576,0,576,576,576,False,0,576,576,BF16,CUDA_EVENT,generic,generic,method=fp8|act=dynamic|serialized=True|block=128x128,False,False,,,,,,,,,,
0.0055599999614059925,0.008679999969899654,0.007415999937802553,0.0077599999494850636,0.0011011557877261945,5,0.036479998379945755,0.07116000354290009,0.04425600096583367,0.0379600003361702,0.01347905412532456,5,0.13288000226020813,0.18248100578784943,0.14789680242538453,0.1390009969472885,0.018306354245950344,5,0.15172100067138672,0.1815200001001358,0.16481620073318481,0.1648000031709671,0.01004184537379481,5,0.0047599999234080315,0.00687999976798892,0.006135999970138073,0.0063599999994039536,0.0007848973982334355,5,0.0060800001956522465,0.008679999969899654,0.006968000065535307,0.006920000072568655,0.0009286204036519886,5,0.0055599999614059925,0.006920000072568655,0.006183999963104725,0.006120000034570694,0.0004889826350181067,5,0.005239999853074551,0.008999999612569809,0.007431999873369932,0.0074800001457333565,0.0013298781651739828,5,7168,128,1,16,8,9216,1,288,0,True,TORCH_SDPA_MLA,False,even,[288],288,288,288.0,288.0,288.0,0.0,0.0,0.0,576,128,64,192,512,128,288,288,0,288,288,288,False,0,288,288,BF16,CUDA_EVENT,generic,generic,method=fp8|act=dynamic|serialized=True|block=128x128,False,False,,,,,,,,,,
0.007199999876320362,0.01703999936580658,0.009447999857366085,0.007600000128149986,0.0038065540969675826,5,0.03384000062942505,0.08776000142097473,0.04723200052976608,0.03711999952793121,0.020371264909400322,5,0.12168099731206894,0.16755999624729156,0.13904079794883728,0.12696099281311035,0.018989029247335473,5,0.13519999384880066,0.1658809930086136,0.14446419477462769,0.13811999559402466,0.011615381691141733,5,0.005160000175237656,0.0069599999114871025,0.005967999994754791,0.005919999908655882,0.0006047280015942183,5,0.00559999980032444,0.006680000107735395,0.006039999984204769,0.006039999891072512,0.00038946127177054413,5,0.005439999978989363,0.006200000178068876,0.005720000062137842,0.005640000104904175,0.000278280545036238,5,0.0061599998734891415,0.00791999977082014,0.007079999893903732,0.007400000002235174,0.000722218809344616,5,7168,128,1,16,8,9216,1,224,0,True,TORCH_SDPA_MLA,False,even,[224],224,224,224.0,224.0,224.0,0.0,0.0,0.0,576,128,64,192,512,128,224,224,0,224,224,224,False,0,224,224,BF16,CUDA_EVENT,generic,generic,method=fp8|act=dynamic|serialized=True|block=128x128,False,False,,,,,,,,,,
0.004399999976158142,0.009920000098645687,0.005511999968439341,0.004399999976158142,0.002204054510451549,5,0.020840000361204147,0.04252000153064728,0.02589620016515255,0.021199999377131462,0.008391439770751699,5,0.1128000020980835,0.18592099845409393,0.13320040106773376,0.12195999920368195,0.026632358273179814,5,0.24372099339962006,0.2512800097465515,0.24647240042686464,0.24663999676704407,0.002715899746438002,5,0.004360000137239695,0.004559999797493219,0.004447999969124794,0.00443999981507659,8.15841937188328e-05,5,0.004399999976158142,0.004559999797493219,0.004456199891865254,0.00443999981507659,5.994791752016437e-05,5,0.004399999976158142,0.009200000204145908,0.005423999950289726,0.004519999958574772,0.0018888473934807932,5,0.004399999976158142,0.005239999853074551,0.004615999944508076,0.004480000119656324,0.00031455360987817094,5,7168,128,1,16,8,9216,1,864,0,True,TORCH_SDPA_MLA,False,even,[864],864,864,864.0,864.0,864.0,0.0,0.0,0.0,576,128,64,192,512,128,864,864,0,864,864,864,False,0,864,864,BF16,CUDA_EVENT,generic,generic,method=fp8|act=dynamic|serialized=True|block=128x128,False,False,,,,,,,,,,
0.004360000137239695,0.00443999981507659,0.004392000008374452,0.004399999976158142,2.9933138551795365e-05,5,0.020640000700950623,0.07955999672412872,0.03424799926578999,0.021159999072551727,0.022875961987031276,5,0.14803999662399292,0.2298399955034256,0.17570459842681885,0.16376100480556488,0.029517993110586074,5,0.22944000363349915,0.24936099350452423,0.23728020191192628,0.2338400036096573,0.0073317491120822725,5,0.004399999976158142,0.004519999958574772,0.004447999969124794,0.004399999976158142,5.878774521273928e-05,5,0.004399999976158142,0.005119999870657921,0.004615999944508076,0.004519999958574772,0.00025749558365564595,5,0.004399999976158142,0.005040000192821026,0.00458399998024106,0.004480000119656324,0.0002340599165668726,5,0.004399999976158142,0.004519999958574772,0.0044639999978244305,0.004480000119656324,4.079219274941178e-05,5,7168,128,1,16,8,9216,1,832,0,True,TORCH_SDPA_MLA,False,even,[832],832,832,832.0,832.0,832.0,0.0,0.0,0.0,576,128,64,192,512,128,832,832,0,832,832,832,False,0,832,832,BF16,CUDA_EVENT,generic,generic,method=fp8|act=dynamic|serialized=True|block=128x128,False,False,,,,,,,,,,
0.004519999958574772,0.00803999975323677,0.007087999861687422,0.007639999967068434,0.0012945176175166682,5,0.03736000135540962,0.07063999772071838,0.04487999975681305,0.03855999931693077,0.012902662219949063,5,0.14555999636650085,0.19096100330352783,0.15859220027923585,0.15252000093460083,0.016632993031505706,5,0.14876100420951843,0.1714400053024292,0.15849680006504058,0.15368099510669708,0.009989770213897988,5,0.004399999976158142,0.007079999893903732,0.005384000018239021,0.005119999870657921,0.0009939335741892645,5,0.0049600000493228436,0.006680000107735395,0.005719999969005585,0.00547999981790781,0.0006414983052200217,5,0.004399999976158142,0.008080000057816505,0.006080000009387731,0.006039999891072512,0.0011749383270108216,5,0.004720000084489584,0.00839999970048666,0.006879999954253435,0.007240000180900097,0.0012193111950230373,5,7168,128,1,16,8,9216,1,480,0,True,TORCH_SDPA_MLA,False,even,[480],480,480,480.0,480.0,480.0,0.0,0.0,0.0,576,128,64,192,512,128,480,480,0,480,480,480,False,0,480,480,BF16,CUDA_EVENT,generic,generic,method=fp8|act=dynamic|serialized=True|block=128x128,False,False,,,,,,,,,,
0.00443999981507659,0.012280000373721123,0.006632000114768744,0.004480000119656324,0.003055685986793156,5,0.02515999972820282,0.04019999876618385,0.028303999826312064,0.025359999388456345,0.0059491493290030695,5,0.04904000088572502,0.2287610024213791,0.08580820113420487,0.04912000149488449,0.07149241922559381,5,0.35356101393699646,0.3676010072231293,0.35708080530166625,0.3542810082435608,0.005304836109084578,5,0.004360000137239695,0.004840000066906214,0.004520000051707029,0.004480000119656324,0.00017708750899688436,5,0.004360000137239695,0.00443999981507659,0.004399999976158142,0.004399999976158142,2.5298119404428044e-05,5,0.004360000137239695,0.004480000119656324,0.004400000069290399,0.004399999976158142,4.381779817994027e-05,5,0.004399999976158142,0.004559999797493219,0.004479999933391809,0.004480000119656324,5.6568512254674996e-05,5,7168,128,1,16,8,9216,1,1216,0,True,TORCH_SDPA_MLA,False,even,[1216],1216,1216,1216.0,1216.0,1216.0,0.0,0.0,0.0,576,128,64,192,512,128,1216,1216,0,1216,1216,1216,False,0,1216,1216,BF16,CUDA_EVENT,generic,generic,method=fp8|act=dynamic|serialized=True|block=128x128,False,False,,,,,,,,,,
0.004480000119656324,0.005840000230818987,0.004776000045239925,0.004519999958574772,0.0005322256070456349,5,0.023399999365210533,0.17560000717639923,0.054248201102018355,0.023800000548362732,0.06067793441944255,5,0.05700000002980232,0.25488099455833435,0.11361639946699142,0.09344100207090378,0.07274305376343318,5,0.3455210030078888,0.361640989780426,0.3499927997589111,0.34748101234436035,0.005900523208477403,5,0.004360000137239695,0.004559999797493219,0.004440000001341105,0.004360000137239695,9.79794232702259e-05,5,0.004399999976158142,0.004480000119656324,0.004423999972641468,0.004399999976158142,3.200003411633561e-05,5,0.004399999976158142,0.004519999958574772,0.004447999969124794,0.004399999976158142,5.878774521273928e-05,5,0.004399999976158142,0.004519999958574772,0.0044559999369084835,0.00443999981507659,4.079219274941178e-05,5,7168,128,1,16,8,9216,1,1152,0,True,TORCH_SDPA_MLA,False,even,[1152],1152,1152,1152.0,1152.0,1152.0,0.0,0.0,0.0,576,128,64,192,512,128,1152,1152,0,1152,1152,1152,False,0,1152,1152,BF16,CUDA_EVENT,generic,generic,method=fp8|act=dynamic|serialized=True|block=128x128,False,False,,,,,,,,,,
0.004519999958574772,0.007079999893903732,0.005063999909907579,0.004559999797493219,0.001008951923188344,5,0.020759999752044678,0.07292000204324722,0.03335220031440258,0.023439999669790268,0.019982944477447927,5,0.15007999539375305,0.21688100695610046,0.1713041990995407,0.16704000532627106,0.02416262757695712,5,0.2051209956407547,0.2255599945783615,0.2124888002872467,0.2101610004901886,0.0075559225912776775,5,0.004519999958574772,0.004639999940991402,0.004592000041157007,0.004600000102072954,3.9191849152437796e-05,5,0.004480000119656324,0.004600000102072954,0.004552000015974045,0.004559999797493219,4.664761897177434e-05,5,0.004480000119656324,0.004600000102072954,0.004552000015974045,0.004559999797493219,4.664761897177434e-05,5,0.004480000119656324,0.004519999958574772,0.004496000055223703,0.004480000119656324,1.95958390287433e-05,5,7168,128,1,16,8,9216,1,736,0,True,TORCH_SDPA_MLA,False,even,[736],736,736,736.0,736.0,736.0,0.0,0.0,0.0,576,128,64,192,512,128,736,736,0,736,736,736,False,0,736,736,BF16,CUDA_EVENT,generic,generic,method=fp8|act=dynamic|serialized=True|block=128x128,False,False,,,,,,,,,,
0.004360000137239695,0.00803999975323677,0.005119999963790178,0.004399999976158142,0.0014600820835347103,5,0.02507999911904335,0.047359999269247055,0.029727999493479727,0.02548000030219555,0.008818286347174029,5,0.054760001599788666,0.2616409957408905,0.09672039970755578,0.055720001459121704,0.08246120780516039,5,0.6334019899368286,0.6495609879493713,0.6373855948448182,0.6348810195922852,0.006124285909384588,5,0.004399999976158142,0.004519999958574772,0.004439999908208847,0.00443999981507659,4.381779817994027e-05,5,0.004360000137239695,0.004480000119656324,0.004416000004857779,0.004399999976158142,4.079213795521706e-05,5,0.004360000137239695,0.004519999958574772,0.004432000033557415,0.004399999976158142,5.8787732539092134e-05,5,0.004360000137239695,0.004559999797493219,0.004447999969124794,0.004399999976158142,9.260654756281937e-05,5,7168,128,1,16,8,9216,1,1728,0,True,TORCH_SDPA_MLA,False,even,[1728],1728,1728,1728.0,1728.0,1728.0,0.0,0.0,0.0,576,128,64,192,512,128,1728,1728,0,1728,1728,1728,False,0,1728,1728,BF16,CUDA_EVENT,generic,generic,method=fp8|act=dynamic|serialized=True|block=128x128,False,False,,,,,,,,,,
0.00443999981507659,0.004559999797493219,0.004503999929875135,0.004519999958574772,4.079213795521706e-05,5,0.02276100032031536,0.06524000316858292,0.031504200771450996,0.023159999400377274,0.01686904286079045,5,0.09124000370502472,0.24216100573539734,0.13809640109539031,0.11552000045776367,0.05404162865250851,5,0.2820410132408142,0.3007209897041321,0.2874487996101379,0.28536099195480347,0.0067592992348953366,5,0.00443999981507659,0.004559999797493219,0.004495999868959188,0.004480000119656324,5.4258613605923594e-05,5,0.004519999958574772,0.004600000102072954,0.004584000073373317,0.004600000102072954,3.2000057399272915e-05,5,0.004480000119656324,0.004639999940991402,0.004568000044673681,0.004600000102072954,5.878773253909213e-05,5,0.004480000119656324,0.004600000102072954,0.004544000048190356,0.004559999797493219,5.4258613605923594e-05,5,7168,128,1,16,8,9216,1,992,0,True,TORCH_SDPA_MLA,False,even,[992],992,992,992.0,992.0,992.0,0.0,0.0,0.0,576,128,64,192,512,128,992,992,0,992,992,992,False,0,992,992,BF16,CUDA_EVENT,generic,generic,method=fp8|act=dynamic|serialized=True|block=128x128,False,False,,,,,,,,,,
0.004519999958574772,0.005119999870657921,0.004687999933958053,0.004600000102072954,0.00021967245694856383,5,0.024240000173449516,0.10028000175952911,0.03988800048828125,0.024560000747442245,0.030201430000879572,5,0.049959998577833176,0.27720099687576294,0.09614420011639595,0.05112000182271004,0.09053128627363408,5,0.4603619873523712,0.48900100588798523,0.46816139817237856,0.46272099018096924,0.010646112466285928,5,0.004480000119656324,0.005280000157654285,0.004679999966174364,0.004559999797493219,0.00030146318242268245,5,0.00443999981507659,0.004600000102072954,0.004504000023007393,0.004480000119656324,5.4258695995502165e-05,5,0.00443999981507659,0.004559999797493219,0.004495999868959188,0.004519999958574772,4.8000024010787934e-05,5,0.004480000119656324,0.0055599999614059925,0.004735999926924706,0.004559999797493219,0.0004130665892065304,5,7168,128,1,16,8,9216,1,1472,0,True,TORCH_SDPA_MLA,False,even,[1472],1472,1472,1472.0,1472.0,1472.0,0.0,0.0,0.0,576,128,64,192,512,128,1472,1472,0,1472,1472,1472,False,0,1472,1472,BF16,CUDA_EVENT,generic,generic,method=fp8|act=dynamic|serialized=True|block=128x128,False,False,,,,,,,,,,
0.004360000137239695,0.005840000230818987,0.004695999994874,0.00443999981507659,0.0005727688258564462,5,0.024639999493956566,0.07964000105857849,0.0358559999614954,0.025119999423623085,0.021893160759605224,5,0.05028099939227104,0.26124098896980286,0.09256859794259072,0.05044100061058998,0.08433623326826735,5,0.45600101351737976,0.47228100895881653,0.4613770008087158,0.4583609998226166,0.006187296550501354,5,0.004399999976158142,0.004519999958574772,0.004447999969124794,0.00443999981507659,4.664763494375637e-05,5,0.004399999976158142,0.004480000119656324,0.004431999940425158,0.00443999981507659,2.9933287895859092e-05,5,0.004399999976158142,0.004480000119656324,0.004440000001341105,0.00443999981507659,3.5777151814455904e-05,5,0.004360000137239695,0.004519999958574772,0.004447999969124794,0.00443999981507659,5.306596546984384e-05,5,7168,128,1,16,8,9216,1,1408,0,True,TORCH_SDPA_MLA,False,even,[1408],1408,1408,1408.0,1408.0,1408.0,0.0,0.0,0.0,576,128,64,192,512,128,1408,1408,0,1408,1408,1408,False,0,1408,1408,BF16,CUDA_EVENT,generic,generic,method=fp8|act=dynamic|serialized=True|block=128x128,False,False,,,,,,,,,,
0.004519999958574772,0.004559999797493219,0.0045519998297095295,0.004559999797493219,1.5999935567378997e-05,5,0.02531999908387661,0.12912000715732574,0.04629600122570991,0.02563999965786934,0.04141233813313441,5,0.05688000097870827,0.32176101207733154,0.11128020212054253,0.058159999549388885,0.10525977065489063,5,0.6700810194015503,0.7020009756088257,0.6776813983917236,0.6705210208892822,0.012345599202055569,5,0.00443999981507659,0.005119999870657921,0.004656199831515551,0.004559999797493219,0.0002459141417069608,5,0.00443999981507659,0.004679999779909849,0.004552199970930815,0.004521000199019909,9.253836521441379e-05,5,0.004519999958574772,0.005119999870657921,0.004679999873042106,0.004559999797493219,0.00022342784130855727,5,0.004480000119656324,0.004559999797493219,0.004527999926358462,0.004559999797493219,3.919167805748661e-05,5,7168,128,1,16,8,9216,1,1792,0,True,TORCH_SDPA_MLA,False,even,[1792],1792,1792,1792.0,1792.0,1792.0,0.0,0.0,0.0,576,128,64,192,512,128,1792,1792,0,1792,1792,1792,False,0,1792,1792,BF16,CUDA_EVENT,generic,generic,method=fp8|act=dynamic|serialized=True|block=128x128,False,False,,,,,,,,,,
0.004480000119656324,0.004641000181436539,0.004520200099796057,0.004480000119656324,6.235513610050128e-05,5,0.026240000501275063,0.05139999836683273,0.031455999612808226,0.026559999212622643,0.009973102401724845,5,0.06487999856472015,0.38788101077079773,0.12999240159988404,0.06503999978303909,0.12894737706574913,5,1.2070029973983765,1.2571229934692383,1.229082989692688,1.2240829467773438,0.018330905322591132,5,0.00443999981507659,0.004679999779909849,0.004527999926358462,0.004519999958574772,8.158425764544016e-05,5,0.004480000119656324,0.004639999940991402,0.004535999987274409,0.004519999958574772,5.986643889284003e-05,5,0.004480000119656324,0.005119999870657921,0.004631999973207712,0.004519999958574772,0.0002457965986141377,5,0.004399999976158142,0.006120000034570694,0.004832000005990267,0.004519999958574772,0.0006486416690167361,5,7168,128,1,16,8,9216,1,2304,0,True,TORCH_SDPA_MLA,False,even,[2304],2304,2304,2304.0,2304.0,2304.0,0.0,0.0,0.0,576,128,64,192,512,128,2304,2304,0,2304,2304,2304,False,0,2304,2304,BF16,CUDA_EVENT,generic,generic,method=fp8|act=dynamic|serialized=True|block=128x128,False,False,,,,,,,,,,
0.004360000137239695,0.004600000102072954,0.004536000080406666,0.004600000102072954,9.329522197119066e-05,5,0.02703999914228916,0.0782800018787384,0.03868820033967495,0.02816000021994114,0.01988098096364055,5,0.07103999704122543,0.4437209963798523,0.14694439768791198,0.0721609964966774,0.14840270194442554,5,1.6602439880371094,1.6952840089797974,1.6791079998016358,1.681123971939087,0.012566739568213272,5,0.00443999981507659,0.004600000102072954,0.004504000023007393,0.004480000119656324,5.4258695995502165e-05,5,0.004519999958574772,0.004600000102072954,0.0045519999228417875,0.004559999797493219,2.9933287895859092e-05,5,0.00443999981507659,0.004639999940991402,0.0045599999837577345,0.004600000102072954,7.15542515661964e-05,5,0.004480000119656324,0.004559999797493219,0.004511999990791082,0.004480000119656324,3.91916780574866e-05,5,7168,128,1,16,8,9216,1,2816,0,True,TORCH_SDPA_MLA,False,even,[2816],2816,2816,2816.0,2816.0,2816.0,0.0,0.0,0.0,576,128,64,192,512,128,2816,2816,0,2816,2816,2816,False,0,2816,2816,BF16,CUDA_EVENT,generic,generic,method=fp8|act=dynamic|serialized=True|block=128x128,False,False,,,,,,,,,,
0.004480000119656324,0.007400000002235174,0.005119999963790178,0.004559999797493219,0.0011406664897761936,5,0.025800999253988266,0.09684000164270401,0.04064019992947578,0.026839999482035637,0.028103201817113455,5,0.06995999813079834,0.4119209945201874,0.13982439786195755,0.07128000259399414,0.13606001688937136,5,1.2655229568481445,1.300523042678833,1.2812750101089478,1.2788430452346802,0.012330692226943218,5,0.004519999958574772,0.004559999797493219,0.0045439998619258406,0.004559999797493219,1.9595839028743304e-05,5,0.004480000119656324,0.005239999853074551,0.004679999966174364,0.004559999797493219,0.0002862166288114097,5,0.00443999981507659,0.004600000102072954,0.004528000019490719,0.004519999958574772,6.400007987400752e-05,5,0.004480000119656324,0.004559999797493219,0.004511999990791082,0.004519999958574772,2.9933138551795365e-05,5,7168,128,1,16,8,9216,1,2368,0,True,TORCH_SDPA_MLA,False,even,[2368],2368,2368,2368.0,2368.0,2368.0,0.0,0.0,0.0,576,128,64,192,512,128,2368,2368,0,2368,2368,2368,False,0,2368,2368,BF16,CUDA_EVENT,generic,generic,method=fp8|act=dynamic|serialized=True|block=128x128,False,False,,,,,,,,,,
0.005400000140070915,0.0081599997356534,0.007504000142216682,0.00800000037997961,0.0010578771147591582,5,0.04083999991416931,0.11576099693775177,0.05662419870495796,0.042479999363422394,0.029582172777815538,5,0.16044099628925323,0.24104000627994537,0.17964040040969848,0.16500000655651093,0.03086238098715165,5,0.1725199967622757,0.19592100381851196,0.18223240375518798,0.18136000633239746,0.007959715216767173,5,0.004399999976158142,0.007960000075399876,0.005424000043421984,0.004480000119656324,0.0013713876128918449,5,0.004360000137239695,0.007679999805986881,0.005367999896407127,0.004559999797493219,0.0012698093898650868,5,0.004360000137239695,0.0069599999114871025,0.0054640000686049465,0.005400000140070915,0.0008874592252503868,5,0.004360000137239695,0.008999999612569809,0.007023999933153391,0.007840000092983246,0.0017412821075764176,5,7168,128,1,16,8,9216,1,544,0,True,TORCH_SDPA_MLA,False,even,[544],544,544,544.0,544.0,544.0,0.0,0.0,0.0,576,128,64,192,512,128,544,544,0,544,544,544,False,0,544,544,BF16,CUDA_EVENT,generic,generic,method=fp8|act=dynamic|serialized=True|block=128x128,False,False,,,,,,,,,,
0.00431999983265996,0.004600000102072954,0.00447199996560812,0.004480000119656324,9.260678892490418e-05,5,0.020360000431537628,0.09012000262737274,0.034624000638723375,0.020800000056624413,0.027749331504955184,5,0.1515599936246872,0.21108099818229675,0.17412820160388948,0.17336000502109528,0.02090987112886792,5,0.233801007270813,0.25095999240875244,0.2396328032016754,0.2377610057592392,0.006368734442286976,5,0.004399999976158142,0.004519999958574772,0.0044639999978244305,0.004480000119656324,4.079219274941178e-05,5,0.004360000137239695,0.004559999797493219,0.004439999908208847,0.00443999981507659,6.693269955329282e-05,5,0.004399999976158142,0.004559999797493219,0.0044721999205648896,0.004480999894440174,6.402619074606361e-05,5,0.004360000137239695,0.00443999981507659,0.004415999911725521,0.00443999981507659,3.1999871134757994e-05,5,7168,128,1,16,8,9216,1,800,0,True,TORCH_SDPA_MLA,False,even,[800],800,800,800.0,800.0,800.0,0.0,0.0,0.0,576,128,64,192,512,128,800,800,0,800,800,800,False,0,800,800,BF16,CUDA_EVENT,generic,generic,method=fp8|act=dynamic|serialized=True|block=128x128,False,False,,,,,,,,,,
0.004399999976158142,0.005760000087320805,0.00481599997729063,0.004480000119656324,0.0005200615737053298,5,0.0246799997985363,0.14636099338531494,0.04933619871735573,0.02524000033736229,0.04851395402607719,5,0.058079998940229416,0.32100099325180054,0.11095219850540161,0.058720000088214874,0.10502479347238482,5,0.6093220114707947,0.6388810276985168,0.6166574001312256,0.61040198802948,0.011287105041004638,5,0.00443999981507659,0.007519999984651804,0.005191999953240156,0.004480000119656324,0.0011891240731974307,5,0.004399999976158142,0.007079999893903732,0.0049599999561905864,0.00443999981507659,0.0010604149830144719,5,0.004399999976158142,0.004480000119656324,0.004440000001341105,0.00443999981507659,3.5777151814455904e-05,5,0.00443999981507659,0.004559999797493219,0.0044721998274326324,0.00443999981507659,4.6683612347728886e-05,5,7168,128,1,16,8,9216,1,1664,0,True,TORCH_SDPA_MLA,False,even,[1664],1664,1664,1664.0,1664.0,1664.0,0.0,0.0,0.0,576,128,64,192,512,128,1664,1664,0,1664,1664,1664,False,0,1664,1664,BF16,CUDA_EVENT,generic,generic,method=fp8|act=dynamic|serialized=True|block=128x128,False,False,,,,,,,,,,
0.004360000137239695,0.004559999797493219,0.004495999962091446,0.004519999958574772,7.418881992829325e-05,5,0.02696000039577484,0.0881199985742569,0.03959199972450733,0.027639999985694885,0.024265773178611522,5,0.07751999795436859,0.5069209933280945,0.16422419995069504,0.07940000295639038,0.17135035082924874,5,2.263845920562744,2.2919259071350098,2.2796377658843996,2.2790451049804688,0.009819213717096632,5,0.00443999981507659,0.007040000054985285,0.005031999945640564,0.004519999958574772,0.0010060298773765975,5,0.00443999981507659,0.004639999940991402,0.004535999987274409,0.004519999958574772,7.418898061168757e-05,5,0.004519999958574772,0.008080000057816505,0.005271999910473823,0.004559999797493219,0.0014052246082574154,5,0.004399999976158142,0.004679999779909849,0.004591999854892492,0.004639999940991402,0.00010552718984146742,5,7168,128,1,16,8,9216,1,3328,0,True,TORCH_SDPA_MLA,False,even,[3328],3328,3328,3328.0,3328.0,3328.0,0.0,0.0,0.0,576,128,64,192,512,128,3328,3328,0,3328,3328,3328,False,0,3328,3328,BF16,CUDA_EVENT,generic,generic,method=fp8|act=dynamic|serialized=True|block=128x128,False,False,,,,,,,,,,
0.004399999976158142,0.005799999926239252,0.004695999901741743,0.00443999981507659,0.0005522897889200248,5,0.022840000689029694,0.08184000104665756,0.03504000008106232,0.023399999365210533,0.023401716655352706,5,0.09043999761343002,0.25696098804473877,0.13377619683742523,0.10847999900579453,0.06253573308051807,5,0.32412099838256836,0.347680002450943,0.33024880290031433,0.32700100541114807,0.008784877784790064,5,0.004360000137239695,0.004480000119656324,0.004448000062257052,0.004480000119656324,4.664761897177434e-05,5,0.004399999976158142,0.004559999797493219,0.004480000026524067,0.004480000119656324,5.0596386064013265e-05,5,0.004399999976158142,0.006120000034570694,0.004783999919891357,0.00443999981507659,0.0006691368151597421,5,0.004399999976158142,0.00443999981507659,0.0044319998472929,0.00443999981507659,1.5999935567378997e-05,5,7168,128,1,16,8,9216,1,1088,0,True,TORCH_SDPA_MLA,False,even,[1088],1088,1088,1088.0,1088.0,1088.0,0.0,0.0,0.0,576,128,64,192,512,128,1088,1088,0,1088,1088,1088,False,0,1088,1088,BF16,CUDA_EVENT,generic,generic,method=fp8|act=dynamic|serialized=True|block=128x128,False,False,,,,,,,,,,
0.004399999976158142,0.004600000102072954,0.004495999962091446,0.004480000119656324,7.418897056902215e-05,5,0.02703999914228916,0.07767999917268753,0.037855999544262886,0.028119999915361404,0.019923093546478927,5,0.07847999781370163,0.4498009979724884,0.15425639897584914,0.07947999984025955,0.14778619656368247,5,1.7363640069961548,1.7804850339889526,1.7535004138946533,1.7532440423965454,0.016438592814249114,5,0.004399999976158142,0.004600000102072954,0.004519999958574772,0.004519999958574772,6.693281086764991e-05,5,0.004480000119656324,0.009840000420808792,0.005560000147670508,0.004480000119656324,0.0021400562101456526,5,0.00443999981507659,0.004559999797493219,0.004503999929875135,0.004519999958574772,4.079213795521706e-05,5,0.00443999981507659,0.004559999797493219,0.004503999929875135,0.004519999958574772,4.079213795521706e-05,5,7168,128,1,16,8,9216,1,2880,0,True,TORCH_SDPA_MLA,False,even,[2880],2880,2880,2880.0,2880.0,2880.0,0.0,0.0,0.0,576,128,64,192,512,128,2880,2880,0,2880,2880,2880,False,0,2880,2880,BF16,CUDA_EVENT,generic,generic,method=fp8|act=dynamic|serialized=True|block=128x128,False,False,,,,,,,,,,
0.00419999985024333,0.009519999846816063,0.005319999903440476,0.00431999983265996,0.0021005141934132363,5,0.03824000060558319,0.10583999752998352,0.05235199928283692,0.03943999856710434,0.026750046901835488,5,0.12428099662065506,0.7880010008811951,0.2581049993634224,0.12612099945545197,0.2649492089964731,5,14.069352149963379,14.525993347167969,14.360600852966309,14.51511287689209,0.19730519522954598,5,0.004240000154823065,0.007799999788403511,0.004968000017106533,0.004279999993741512,0.0014161128745898877,5,0.0041600000113248825,0.006120000034570694,0.0046559999696910385,0.00431999983265996,0.0007360869811856008,5,0.004120000172406435,0.004240000154823065,0.004208000097423792,0.004240000154823065,4.664761897177434e-05,5,0.0041600000113248825,0.00431999983265996,0.0042639999650418755,0.004279999993741512,5.986643889284003e-05,5,7168,128,1,16,8,9216,1,8192,0,True,TORCH_SDPA_MLA,False,even,[8192],8192,8192,8192.0,8192.0,8192.0,0.0,0.0,0.0,576,128,64,192,512,128,8192,8192,0,8192,8192,8192,False,0,8192,8192,BF16,CUDA_EVENT,generic,generic,method=fp8|act=dynamic|serialized=True|block=128x128,False,False,,,,,,,,,,
0.0040799998678267,0.007799999788403511,0.006663999892771244,0.007120000198483467,0.0013284818430511626,5,0.036320000886917114,0.06204000115394592,0.04292000010609627,0.03880000114440918,0.009626929374889544,5,0.12812000513076782,0.15800000727176666,0.13833600282669067,0.13220000267028809,0.010744618877471614,5,0.1395999938249588,0.16572099924087524,0.1508805960416794,0.14692099392414093,0.010306088565626025,5,0.005400000140070915,0.006639999803155661,0.005999999959021807,0.006240000016987324,0.0004806661597487261,5,0.005319999996572733,0.0061599998734891415,0.005856000073254109,0.005880000069737434,0.0002935029847783186,5,0.005681000184267759,0.006440000142902136,0.006080200057476759,0.006039999891072512,0.0003001334870275103,5,0.006479999981820583,0.007639999967068434,0.00691999988630414,0.00675999978557229,0.0004102682326174805,5,7168,128,1,16,8,9216,1,256,0,True,TORCH_SDPA_MLA,False,even,[256],256,256,256.0,256.0,256.0,0.0,0.0,0.0,576,128,64,192,512,128,256,256,0,256,256,256,False,0,256,256,BF16,CUDA_EVENT,generic,generic,method=fp8|act=dynamic|serialized=True|block=128x128,False,False,,,,,,,,,,
0.006719999946653843,0.007319999858736992,0.007047999929636717,0.007079999893903732,0.00020143484073722643,5,0.036079999059438705,0.05691999942064285,0.04207199960947037,0.03911999985575676,0.0077587793666937365,5,0.14292000234127045,0.17903999984264374,0.15390439927577973,0.144119992852211,0.013977990284474993,5,0.1448809951543808,0.16168099641799927,0.1525445967912674,0.15260100364685059,0.005644143942935801,5,0.0041600000113248825,0.006320000160485506,0.004640000034123659,0.004279999993741512,0.0008417126025550251,5,0.004399999976158142,0.007960000075399876,0.005744000058621168,0.005520000122487545,0.0012615165632164525,5,0.004120000172406435,0.006039999891072512,0.005128000024706125,0.005319999996572733,0.000633163393220867,5,0.006800000090152025,0.007000000216066837,0.0068719999864697455,0.006839999929070473,6.88186714462561e-05,5,7168,128,1,16,8,9216,1,512,0,True,TORCH_SDPA_MLA,False,even,[512],512,512,512.0,512.0,512.0,0.0,0.0,0.0,576,128,64,192,512,128,512,512,0,512,512,512,False,0,512,512,BF16,CUDA_EVENT,generic,generic,method=fp8|act=dynamic|serialized=True|block=128x128,False,False,,,,,,,,,,
0.004399999976158142,0.006920000072568655,0.005007999949157238,0.004519999958574772,0.0009601333794567778,5,0.02792000025510788,0.09880100190639496,0.04224020019173622,0.028119999915361404,0.028280700709344107,5,0.07840000092983246,0.6282410025596619,0.18960019946098328,0.07983999699354172,0.21932332765536516,5,2.908647060394287,2.962007999420166,2.925255632400513,2.9172871112823486,0.019812106286613767,5,0.00443999981507659,0.004639999940991402,0.004519999958574772,0.004519999958574772,6.693281086764991e-05,5,0.004480000119656324,0.004800000227987766,0.004600000102072954,0.004600000102072954,0.00011027245268484954,5,0.004519999958574772,0.004720000084489584,0.004615999944508076,0.004639999940991402,8.236504413550221e-05,5,0.00443999981507659,0.004600000102072954,0.004527999926358462,0.004559999797493219,5.878777056032047e-05,5,7168,128,1,16,8,9216,1,3840,0,True,TORCH_SDPA_MLA,False,even,[3840],3840,3840,3840.0,3840.0,3840.0,0.0,0.0,0.0,576,128,64,192,512,128,3840,3840,0,3840,3840,3840,False,0,3840,3840,BF16,CUDA_EVENT,generic,generic,method=fp8|act=dynamic|serialized=True|block=128x128,False,False,,,,,,,,,,
0.004399999976158142,0.004480000119656324,0.004440000001341105,0.00443999981507659,3.5777151814455904e-05,5,0.02531999908387661,0.0963200032711029,0.039688000455498695,0.025599999353289604,0.028316389880035403,5,0.05959999933838844,0.3065609931945801,0.10940839797258377,0.06016099825501442,0.09857677163920639,5,0.806361973285675,0.8422819972038269,0.8164577841758728,0.8121219873428345,0.013320132523601423,5,0.004360000137239695,0.004519999958574772,0.0044639999978244305,0.004480000119656324,5.986647622883656e-05,5,0.004360000137239695,0.004519999958574772,0.004423999972641468,0.00443999981507659,5.986642644755097e-05,5,0.004360000137239695,0.005119999870657921,0.004607999976724386,0.004519999958574772,0.00026460528928288053,5,0.004360000137239695,0.004480000119656324,0.004431999940425158,0.00443999981507659,3.919179212101793e-05,5,7168,128,1,16,8,9216,1,1920,0,True,TORCH_SDPA_MLA,False,even,[1920],1920,1920,1920.0,1920.0,1920.0,0.0,0.0,0.0,576,128,64,192,512,128,1920,1920,0,1920,1920,1920,False,0,1920,1920,BF16,CUDA_EVENT,generic,generic,method=fp8|act=dynamic|serialized=True|block=128x128,False,False,,,,,,,,,,
0.004480000119656324,0.0075599998235702515,0.005496000032871961,0.004519999958574772,0.0012781485935583585,5,0.025040000677108765,0.12820099294185638,0.045928198471665384,0.02531999908387661,0.04113724513460336,5,0.05488099902868271,0.3113200068473816,0.10643220096826553,0.055240001529455185,0.10244416585450516,5,0.5721610188484192,0.5911219716072083,0.5786091923713684,0.5764809846878052,0.006686292890500061,5,0.00431999983265996,0.004480000119656324,0.004408000037074089,0.004399999976158142,6.400007987400752e-05,5,0.004360000137239695,0.004519999958574772,0.004431999940425158,0.00443999981507659,5.306593738933737e-05,5,0.004360000137239695,0.004480000119656324,0.004424000065773726,0.004399999976158142,4.800002401078793e-05,5,0.004399999976158142,0.004480000119656324,0.004448000062257052,0.004480000119656324,3.9191906183995976e-05,5,7168,128,1,16,8,9216,1,1600,0,True,TORCH_SDPA_MLA,False,even,[1600],1600,1600,1600.0,1600.0,1600.0,0.0,0.0,0.0,576,128,64,192,512,128,1600,1600,0,1600,1600,1600,False,0,1600,1600,BF16,CUDA_EVENT,generic,generic,method=fp8|act=dynamic|serialized=True|block=128x128,False,False,,,,,,,,,,
0.004360000137239695,0.004519999958574772,0.004440000001341105,0.00443999981507659,5.6568512254674996e-05,5,0.026000000536441803,0.07107999920845032,0.03547220006585121,0.027000000700354576,0.017808997838169808,5,0.07227999716997147,0.3574010133743286,0.12955220341682433,0.07252000272274017,0.1139246756859907,5,1.3541630506515503,1.4085240364074707,1.3788754224777222,1.3763229846954346,0.017663798304031104,5,0.004360000137239695,0.004999999888241291,0.004519999958574772,0.004399999976158142,0.0002413296044114077,5,0.004360000137239695,0.004480000119656324,0.004424000065773726,0.004399999976158142,4.8000024010787934e-05,5,0.004399999976158142,0.00443999981507659,0.004423999879509211,0.00443999981507659,1.95958390287433e-05,5,0.004399999976158142,0.004480000119656324,0.004440000001341105,0.00443999981507659,3.5777151814455904e-05,5,7168,128,1,16,8,9216,1,2432,0,True,TORCH_SDPA_MLA,False,even,[2432],2432,2432,2432.0,2432.0,2432.0,0.0,0.0,0.0,576,128,64,192,512,128,2432,2432,0,2432,2432,2432,False,0,2432,2432,BF16,CUDA_EVENT,generic,generic,method=fp8|act=dynamic|serialized=True|block=128x128,False,False,,,,,,,,,,
0.004399999976158142,0.004639999940991402,0.004535999894142151,0.004559999797493219,7.83836412731445e-05,5,0.025960000231862068,0.11148100346326828,0.04400020055472851,0.026799999177455902,0.033761093145460754,5,0.06539999693632126,0.347121000289917,0.12320860028266907,0.06744100153446198,0.11196143491085278,5,0.8293219804763794,0.8693619966506958,0.8439380049705505,0.840041995048523,0.013679991306468395,5,0.004519999958574772,0.004600000102072954,0.00457600001245737,0.004600000102072954,3.2000080682464336e-05,5,0.004480000119656324,0.004639999940991402,0.004543999955058098,0.004559999797493219,5.986642644755097e-05,5,0.004480000119656324,0.004600000102072954,0.0045599999837577345,0.004559999797493219,4.381779818013822e-05,5,0.004480000119656324,0.004720000084489584,0.004560000076889992,0.004519999958574772,9.121403425626564e-05,5,7168,128,1,16,8,9216,1,1984,0,True,TORCH_SDPA_MLA,False,even,[1984],1984,1984,1984.0,1984.0,1984.0,0.0,0.0,0.0,576,128,64,192,512,128,1984,1984,0,1984,1984,1984,False,0,1984,1984,BF16,CUDA_EVENT,generic,generic,method=fp8|act=dynamic|serialized=True|block=128x128,False,False,,,,,,,,,,
0.004360000137239695,0.007960000075399876,0.005128000024706125,0.00443999981507659,0.0014165648838199087,5,0.0258799996227026,0.07227999716997147,0.03529599942266941,0.026119999587535858,0.01849231684668774,5,0.06639999896287918,0.34856098890304565,0.12361639738082886,0.06728100031614304,0.11247440523391473,5,1.1728429794311523,1.2470430135726929,1.1916749954223633,1.1793229579925537,0.028080758630733185,5,0.004360000137239695,0.004559999797493219,0.004431999940425158,0.004399999976158142,6.881849822367357e-05,5,0.004399999976158142,0.004480000119656324,0.004456000030040741,0.004480000119656324,3.2000080682464336e-05,5,0.00431999983265996,0.004519999958574772,0.0044559999369084835,0.004480000119656324,7.418901073979258e-05,5,0.004399999976158142,0.004480000119656324,0.004423999972641468,0.004399999976158142,3.200003411633561e-05,5,7168,128,1,16,8,9216,1,2240,0,True,TORCH_SDPA_MLA,False,even,[2240],2240,2240,2240.0,2240.0,2240.0,0.0,0.0,0.0,576,128,64,192,512,128,2240,2240,0,2240,2240,2240,False,0,2240,2240,BF16,CUDA_EVENT,generic,generic,method=fp8|act=dynamic|serialized=True|block=128x128,False,False,,,,,,,,,,
0.004399999976158142,0.004519999958574772,0.004480000026524067,0.004480000119656324,4.381779817994027e-05,5,0.02476000040769577,0.08315999805927277,0.0369999997317791,0.025679999962449074,0.023082917522792505,5,0.07187999784946442,0.3689210116863251,0.1318642020225525,0.07227999716997147,0.11853081301807133,5,1.1024830341339111,1.126602053642273,1.1155386209487914,1.119523048400879,0.009498829482796643,5,0.004360000137239695,0.004559999797493219,0.004464199952781201,0.004480000119656324,6.504266566443844e-05,5,0.004360000137239695,0.004559999797493219,0.00447199996560812,0.004480000119656324,6.881851987655174e-05,5,0.00443999981507659,0.004480000119656324,0.0044479998759925365,0.00443999981507659,1.600012183189392e-05,5,0.00431999983265996,0.004480000119656324,0.004423999972641468,0.00443999981507659,5.986661312733957e-05,5,7168,128,1,16,8,9216,1,2176,0,True,TORCH_SDPA_MLA,False,even,[2176],2176,2176,2176.0,2176.0,2176.0,0.0,0.0,0.0,576,128,64,192,512,128,2176,2176,0,2176,2176,2176,False,0,2176,2176,BF16,CUDA_EVENT,generic,generic,method=fp8|act=dynamic|serialized=True|block=128x128,False,False,,,,,,,,,,
0.004480000119656324,0.004639999940991402,0.004543999955058098,0.004519999958574772,5.425858614264964e-05,5,0.02703999914228916,0.11024100333452225,0.04418420046567917,0.027799999341368675,0.03303050743792114,5,0.08083999902009964,0.4996809959411621,0.1656483992934227,0.08271999657154083,0.1670178060750011,5,2.3968470096588135,2.4848060607910156,2.4378144264221193,2.436927080154419,0.03245004576805063,5,0.004519999958574772,0.00559999980032444,0.004775999952107668,0.004600000102072954,0.00041306650984267786,5,0.00443999981507659,0.004639999940991402,0.004519999958574772,0.004519999958574772,6.693281086764991e-05,5,0.004480000119656324,0.004639999940991402,0.0045519999228417875,0.004559999797493219,5.306593738933737e-05,5,0.00443999981507659,0.004559999797493219,0.004487999994307756,0.004480000119656324,3.919179212101793e-05,5,7168,128,1,16,8,9216,1,3392,0,True,TORCH_SDPA_MLA,False,even,[3392],3392,3392,3392.0,3392.0,3392.0,0.0,0.0,0.0,576,128,64,192,512,128,3392,3392,0,3392,3392,3392,False,0,3392,3392,BF16,CUDA_EVENT,generic,generic,method=fp8|act=dynamic|serialized=True|block=128x128,False,False,,,,,,,,,,
0.004399999976158142,0.004559999797493219,0.0044479998759925365,0.00443999981507659,5.8787694517986746e-05,5,0.024800000712275505,0.05144000053405762,0.030567999929189682,0.025599999353289604,0.010440548936577391,5,0.0722000002861023,0.38064101338386536,0.13455240428447723,0.07292000204324722,0.12304719904111933,5,1.0725220441818237,1.1007230281829834,1.081402635574341,1.0758030414581299,0.010168561084996279,5,0.00443999981507659,0.004480000119656324,0.0044639999978244305,0.004480000119656324,1.9596067155252676e-05,5,0.004360000137239695,0.007400000002235174,0.005024000070989132,0.004480000119656324,0.00118890870951051,5,0.004399999976158142,0.00535999983549118,0.004607999883592129,0.00443999981507659,0.0003764252639459052,5,0.004360000137239695,0.00535999983549118,0.004624000005424023,0.004480000119656324,0.00037232235232848953,5,7168,128,1,16,8,9216,1,2112,0,True,TORCH_SDPA_MLA,False,even,[2112],2112,2112,2112.0,2112.0,2112.0,0.0,0.0,0.0,576,128,64,192,512,128,2112,2112,0,2112,2112,2112,False,0,2112,2112,BF16,CUDA_EVENT,generic,generic,method=fp8|act=dynamic|serialized=True|block=128x128,False,False,,,,,,,,,,
0.004279999993741512,0.00443999981507659,0.004384199995547533,0.004401000216603279,5.9921216050688886e-05,5,0.026920000091195107,0.058559998869895935,0.033391999825835225,0.0272000003606081,0.012584673372242021,5,0.07599999755620956,0.4296410083770752,0.14724040031433105,0.07667999714612961,0.14120186917999764,5,1.8040050268173218,1.8517650365829468,1.825076413154602,1.818284034729004,0.016442143344985588,5,0.004360000137239695,0.004519999958574772,0.004423999972641468,0.004399999976158142,5.425858614264964e-05,5,0.00443999981507659,0.004480000119656324,0.0044559999369084835,0.00443999981507659,1.9596067155252676e-05,5,0.004360000137239695,0.00443999981507659,0.004399999976158142,0.004399999976158142,3.577694356427611e-05,5,0.004279999993741512,0.004480000119656324,0.004408000037074089,0.004399999976158142,7.332126134506507e-05,5,7168,128,1,16,8,9216,1,2944,0,True,TORCH_SDPA_MLA,False,even,[2944],2944,2944,2944.0,2944.0,2944.0,0.0,0.0,0.0,576,128,64,192,512,128,2944,2944,0,2944,2944,2944,False,0,2944,2944,BF16,CUDA_EVENT,generic,generic,method=fp8|act=dynamic|serialized=True|block=128x128,False,False,,,,,,,,,,
0.004360000137239695,0.004480000119656324,0.004440000001341105,0.00443999981507659,4.381779818013822e-05,5,0.026760000735521317,0.091280996799469,0.0404961995780468,0.027799999341368675,0.025414216249488863,5,0.066600002348423,0.4217210114002228,0.13847240209579467,0.06780099868774414,0.14162772455094977,5,1.5525239706039429,1.5832040309906006,1.5686117887496949,1.5677629709243774,0.010787018411521673,5,0.004399999976158142,0.004519999958574772,0.0044559999369084835,0.00443999981507659,4.079219274941178e-05,5,0.004360000137239695,0.00443999981507659,0.004415999911725521,0.00443999981507659,3.1999871134757994e-05,5,0.004360000137239695,0.004480000119656324,0.004424200020730495,0.00443999981507659,5.402372508897605e-05,5,0.004399999976158142,0.004480000119656324,0.004431999940425158,0.00443999981507659,2.9933287895859092e-05,5,7168,128,1,16,8,9216,1,2688,0,True,TORCH_SDPA_MLA,False,even,[2688],2688,2688,2688.0,2688.0,2688.0,0.0,0.0,0.0,576,128,64,192,512,128,2688,2688,0,2688,2688,2688,False,0,2688,2688,BF16,CUDA_EVENT,generic,generic,method=fp8|act=dynamic|serialized=True|block=128x128,False,False,,,,,,,,,,
0.004360000137239695,0.004519999958574772,0.004448000062257052,0.004480000119656324,5.8787732539092134e-05,5,0.027160000056028366,0.04952000081539154,0.03173600025475025,0.02735999971628189,0.008892409626303721,5,0.07868099957704544,0.3811210095882416,0.14056040048599244,0.07931999862194061,0.1203017443155452,5,1.6698039770126343,1.6974049806594849,1.6775646209716797,1.6715240478515625,0.01044577984659877,5,0.004360000137239695,0.004480000119656324,0.004440000001341105,0.00443999981507659,4.381779818013822e-05,5,0.004360000137239695,0.00443999981507659,0.004376000072807073,0.004360000137239695,3.1999871134757994e-05,5,0.00431999983265996,0.004519999958574772,0.004423999972641468,0.004399999976158142,6.974244409748297e-05,5,0.004399999976158142,0.004480000119656324,0.004439999908208847,0.00443999981507659,2.529826665971379e-05,5,7168,128,1,16,8,9216,1,2752,0,True,TORCH_SDPA_MLA,False,even,[2752],2752,2752,2752.0,2752.0,2752.0,0.0,0.0,0.0,576,128,64,192,512,128,2752,2752,0,2752,2752,2752,False,0,2752,2752,BF16,CUDA_EVENT,generic,generic,method=fp8|act=dynamic|serialized=True|block=128x128,False,False,,,,,,,,,,
0.00443999981507659,0.004639999940991402,0.004519999958574772,0.004519999958574772,6.693281086764991e-05,5,0.026559999212622643,0.10471999645233154,0.04230399914085865,0.026760000735521317,0.03120810632070266,5,0.07487999647855759,0.3882400095462799,0.13790400177240372,0.07524000108242035,0.12516888590156947,5,1.385524034500122,1.4224029779434204,1.400203824043274,1.3930840492248535,0.014027034233542028,5,0.004480000119656324,0.004600000102072954,0.004535999987274409,0.004519999958574772,4.079213795521706e-05,5,0.00443999981507659,0.004639999940991402,0.004527999926358462,0.004519999958574772,6.881859566138264e-05,5,0.004480000119656324,0.00675999978557229,0.004968000017106533,0.004519999958574772,0.0008970706727915409,5,0.004480000119656324,0.004600000102072954,0.004520000051707029,0.004519999958574772,4.381779817994028e-05,5,7168,128,1,16,8,9216,1,2496,0,True,TORCH_SDPA_MLA,False,even,[2496],2496,2496,2496.0,2496.0,2496.0,0.0,0.0,0.0,576,128,64,192,512,128,2496,2496,0,2496,2496,2496,False,0,2496,2496,BF16,CUDA_EVENT,generic,generic,method=fp8|act=dynamic|serialized=True|block=128x128,False,False,,,,,,,,,,
0.004399999976158142,0.007840000092983246,0.005520000029355288,0.004519999958574772,0.001372880207287729,5,0.02672000043094158,0.10183999687433243,0.042639999836683276,0.02800000086426735,0.029608310865855424,5,0.07739999890327454,0.402521014213562,0.1429364025592804,0.07824099808931351,0.12979294962287932,5,1.5141240358352661,1.5432440042495728,1.5243154048919678,1.5181629657745361,0.010619303692265884,5,0.004360000137239695,0.00443999981507659,0.004384000040590763,0.004360000137239695,3.1999871134757994e-05,5,0.004399999976158142,0.004480000119656324,0.004456000030040741,0.004480000119656324,3.2000080682464336e-05,5,0.004399999976158142,0.004679999779909849,0.004479999933391809,0.00443999981507659,0.0001043071755799024,5,0.004360000137239695,0.004480000119656324,0.004416000097990036,0.004399999976158142,5.425864106902378e-05,5,7168,128,1,16,8,9216,1,2624,0,True,TORCH_SDPA_MLA,False,even,[2624],2624,2624,2624.0,2624.0,2624.0,0.0,0.0,0.0,576,128,64,192,512,128,2624,2624,0,2624,2624,2624,False,0,2624,2624,BF16,CUDA_EVENT,generic,generic,method=fp8|act=dynamic|serialized=True|block=128x128,False,False,,,,,,,,,,
0.004480000119656324,0.00848000030964613,0.005656000040471554,0.004559999797493219,0.0015704471624402672,5,0.028119999915361404,0.13952100276947021,0.050720400735735895,0.028401000425219536,0.04440164819712241,5,0.08156099915504456,0.5306010246276855,0.17225640416145324,0.08191999793052673,0.17917856410307043,5,3.0504469871520996,3.1108078956604004,3.078055572509766,3.0777270793914795,0.020395734988556444,5,0.004559999797493219,0.004639999940991402,0.004592199996113777,0.004600000102072954,2.972140043000698e-05,5,0.004480000119656324,0.004559999797493219,0.004504000023007393,0.004480000119656324,3.1999871134757994e-05,5,0.004399999976158142,0.004559999797493219,0.004487999901175499,0.004519999958574772,5.878773253909213e-05,5,0.00443999981507659,0.0063599999994039536,0.004887999966740608,0.004559999797493219,0.0007381707309759138,5,7168,128,1,16,8,9216,1,3904,0,True,TORCH_SDPA_MLA,False,even,[3904],3904,3904,3904.0,3904.0,3904.0,0.0,0.0,0.0,576,128,64,192,512,128,3904,3904,0,3904,3904,3904,False,0,3904,3904,BF16,CUDA_EVENT,generic,generic,method=fp8|act=dynamic|serialized=True|block=128x128,False,False,,,,,,,,,,
0.00431999983265996,0.00443999981507659,0.004391999915242195,0.004399999976158142,4.6647571055609506e-05,5,0.027079999446868896,0.06992000341415405,0.036024000868201254,0.02776000089943409,0.01695248263032679,5,0.07532099634408951,0.4642010033130646,0.15392840057611465,0.07660000026226044,0.15513727362763158,5,2.436206102371216,2.490206003189087,2.463269805908203,2.464766025543213,0.019910527495837393,5,0.004360000137239695,0.004480000119656324,0.00439200010150671,0.004360000137239695,4.6647602999600904e-05,5,0.004360000137239695,0.004480000119656324,0.004423999972641468,0.00443999981507659,4.079211969054e-05,5,0.004360000137239695,0.004679999779909849,0.00447199996560812,0.00443999981507659,0.00011142701188109022,5,0.004360000137239695,0.004561000037938356,0.004464199952781201,0.00443999981507659,7.001827193200837e-05,5,7168,128,1,16,8,9216,1,3456,0,True,TORCH_SDPA_MLA,False,even,[3456],3456,3456,3456.0,3456.0,3456.0,0.0,0.0,0.0,576,128,64,192,512,128,3456,3456,0,3456,3456,3456,False,0,3456,3456,BF16,CUDA_EVENT,generic,generic,method=fp8|act=dynamic|serialized=True|block=128x128,False,False,,,,,,,,,,
0.00443999981507659,0.004519999958574772,0.004479999933391809,0.004480000119656324,3.5777151814455904e-05,5,0.025800000876188278,0.13476000726222992,0.048280201479792596,0.026760999113321304,0.043242778377269864,5,0.07147999852895737,0.4796009957790375,0.1537441983819008,0.07196000218391418,0.16293077911373885,5,2.150244951248169,2.182805061340332,2.1693813800811768,2.1745660305023193,0.01236084828641159,5,0.004399999976158142,0.007199999876320362,0.005016000010073185,0.004480000119656324,0.001092695682584243,5,0.00431999983265996,0.004559999797493219,0.0044479998759925365,0.00443999981507659,7.756289196924024e-05,5,0.00431999983265996,0.004519999958574772,0.004447999969124794,0.004480000119656324,7.756293039261637e-05,5,0.00431999983265996,0.004480000119656324,0.004407999943941832,0.004399999976158142,5.306606375125428e-05,5,7168,128,1,16,8,9216,1,3200,0,True,TORCH_SDPA_MLA,False,even,[3200],3200,3200,3200.0,3200.0,3200.0,0.0,0.0,0.0,576,128,64,192,512,128,3200,3200,0,3200,3200,3200,False,0,3200,3200,BF16,CUDA_EVENT,generic,generic,method=fp8|act=dynamic|serialized=True|block=128x128,False,False,,,,,,,,,,
0.004360000137239695,0.008679999969899654,0.005327999964356423,0.004519999958574772,0.0016774075221870233,5,0.02703999914228916,0.04879999905824661,0.032096199691295624,0.02848000079393387,0.008370170179175684,5,0.07292000204324722,0.38548099994659424,0.13608839958906174,0.0735199972987175,0.12470019049119428,5,2.2123260498046875,2.2362449169158936,2.223933792114258,2.224246025085449,0.007628223184133207,5,0.004399999976158142,0.006399999838322401,0.0048559999093413355,0.004519999958574772,0.0007733976638205157,5,0.004360000137239695,0.004519999958574772,0.004440000001341105,0.00443999981507659,5.6568512254674996e-05,5,0.004360000137239695,0.004559999797493219,0.0044559999369084835,0.00443999981507659,6.499222893130033e-05,5,0.004360000137239695,0.004480000119656324,0.004423999972641468,0.00443999981507659,4.079211969054e-05,5,7168,128,1,16,8,9216,1,3264,0,True,TORCH_SDPA_MLA,False,even,[3264],3264,3264,3264.0,3264.0,3264.0,0.0,0.0,0.0,576,128,64,192,512,128,3264,3264,0,3264,3264,3264,False,0,3264,3264,BF16,CUDA_EVENT,generic,generic,method=fp8|act=dynamic|serialized=True|block=128x128,False,False,,,,,,,,,,
0.004480000119656324,0.004600000102072954,0.004535999987274409,0.004519999958574772,4.079213795521706e-05,5,0.026639999821782112,0.13675999641418457,0.05007199943065643,0.02824000082910061,0.043365558286169004,5,0.08148100227117538,0.44328099489212036,0.15466459840536118,0.08299999684095383,0.14430939935566964,5,1.8744839429855347,1.9366849660873413,1.9016525745391846,1.8988449573516846,0.021203012960610747,5,0.00443999981507659,0.004600000102072954,0.004535999894142151,0.004559999797493219,5.425869599550217e-05,5,0.004480000119656324,0.004559999797493219,0.004504000023007393,0.004480000119656324,3.1999871134757994e-05,5,0.00443999981507659,0.005080000031739473,0.004631999880075455,0.004559999797493219,0.00023650801198971173,5,0.004480000119656324,0.004519999958574772,0.004504000023007393,0.004519999958574772,1.95958390287433e-05,5,7168,128,1,16,8,9216,1,3008,0,True,TORCH_SDPA_MLA,False,even,[3008],3008,3008,3008.0,3008.0,3008.0,0.0,0.0,0.0,576,128,64,192,512,128,3008,3008,0,3008,3008,3008,False,0,3008,3008,BF16,CUDA_EVENT,generic,generic,method=fp8|act=dynamic|serialized=True|block=128x128,False,False,,,,,,,,,,
0.004399999976158142,0.00535999983549118,0.004615999851375818,0.00443999981507659,0.000372322430371768,5,0.02687999978661537,0.08980000019073486,0.03976000025868416,0.027400000020861626,0.025021769689103496,5,0.0780399963259697,0.4662410020828247,0.15780019909143447,0.08107999712228775,0.15422785533095143,5,2.0604450702667236,2.087165117263794,2.0766770362854006,2.0815250873565674,0.009749429501337118,5,0.004360000137239695,0.004480000119656324,0.004432000033557415,0.00443999981507659,4.664761897177434e-05,5,0.004360000137239695,0.0061599998734891415,0.004800199996680021,0.004519999958574772,0.0006825013377886022,5,0.004360000137239695,0.004519999958574772,0.004447999969124794,0.00443999981507659,5.306596546984384e-05,5,0.004399999976158142,0.004559999797493219,0.0044801999814808365,0.004480000119656324,5.671120271037115e-05,5,7168,128,1,16,8,9216,1,3136,0,True,TORCH_SDPA_MLA,False,even,[3136],3136,3136,3136.0,3136.0,3136.0,0.0,0.0,0.0,576,128,64,192,512,128,3136,3136,0,3136,3136,3136,False,0,3136,3136,BF16,CUDA_EVENT,generic,generic,method=fp8|act=dynamic|serialized=True|block=128x128,False,False,,,,,,,,,,
0.00419999985024333,0.004360000137239695,0.004280000086873769,0.004240000154823065,6.693286652482382e-05,5,0.020320000126957893,0.05908000096678734,0.032400000095367434,0.025760000571608543,0.013983556345658465,5,0.16524000465869904,0.2104009985923767,0.1790163993835449,0.1719599962234497,0.01617178180395913,5,0.2146809995174408,0.24476000666618347,0.22804860174655914,0.2186809927225113,0.013578520301183257,5,0.004240000154823065,0.004399999976158142,0.004352000076323748,0.004360000137239695,5.8787694517986746e-05,5,0.00419999985024333,0.004279999993741512,0.004240000061690808,0.004240000154823065,2.529826665971379e-05,5,0.004240000154823065,0.004360000137239695,0.004303999990224838,0.00431999983265996,4.079211969054e-05,5,0.004240000154823065,0.006599999964237213,0.004824199993163347,0.004360000137239695,0.00090234721812137,5,7168,128,1,16,8,9216,1,768,0,True,TORCH_SDPA_MLA,False,even,[768],768,768,768.0,768.0,768.0,0.0,0.0,0.0,576,128,64,192,512,128,768,768,0,768,768,768,False,0,768,768,BF16,CUDA_EVENT,generic,generic,method=fp8|act=dynamic|serialized=True|block=128x128,False,False,,,,,,,,,,
0.004480000119656324,0.007079999893903732,0.005023999977856875,0.004519999958574772,0.0010284278810925914,5,0.03303999826312065,0.11724100261926651,0.05031220093369484,0.03400000184774399,0.03346659535644137,5,0.09532099962234497,0.6416810154914856,0.20577700436115265,0.09704100340604782,0.2179542005337891,5,5.042652130126953,5.196773052215576,5.091212177276612,5.059611797332764,0.05682132850557316,5,0.004480000119656324,0.006920000072568655,0.005016000103205442,0.004600000102072954,0.0009535113895438149,5,0.004480000119656324,0.0061599998734891415,0.004856000002473593,0.004519999958574772,0.0006546326517102683,5,0.00443999981507659,0.004559999797493219,0.004519999865442515,0.004559999797493219,5.0596386064013265e-05,5,0.00443999981507659,0.004639999940991402,0.004535999894142151,0.004519999958574772,6.499233210529004e-05,5,7168,128,1,16,8,9216,1,5120,0,True,TORCH_SDPA_MLA,False,even,[5120],5120,5120,5120.0,5120.0,5120.0,0.0,0.0,0.0,576,128,64,192,512,128,5120,5120,0,5120,5120,5120,False,0,5120,5120,BF16,CUDA_EVENT,generic,generic,method=fp8|act=dynamic|serialized=True|block=128x128,False,False,,,,,,,,,,
0.0041600000113248825,0.004399999976158142,0.004295999929308891,0.00431999983265996,7.838364127314452e-05,5,0.02191999927163124,0.08219999819993973,0.03455199934542179,0.0221599992364645,0.023843910533188722,5,0.07971999794244766,0.2170809954404831,0.12180019766092301,0.10787999629974365,0.048935780747188705,5,0.28276100754737854,0.29736000299453735,0.2875367999076843,0.28460100293159485,0.005479472051684913,5,0.00419999985024333,0.004279999993741512,0.004240000061690808,0.004240000154823065,2.5298266659713795e-05,5,0.004240000154823065,0.004399999976158142,0.004303999990224838,0.00431999983265996,5.986642644755097e-05,5,0.004240000154823065,0.00443999981507659,0.004319999925792217,0.00431999983265996,6.693269955329282e-05,5,0.004240000154823065,0.004519999958574772,0.004320000018924475,0.004279999993741512,0.00010430717557990241,5,7168,128,1,16,8,9216,1,1024,0,True,TORCH_SDPA_MLA,False,even,[1024],1024,1024,1024.0,1024.0,1024.0,0.0,0.0,0.0,576,128,64,192,512,128,1024,1024,0,1024,1024,1024,False,0,1024,1024,BF16,CUDA_EVENT,generic,generic,method=fp8|act=dynamic|serialized=True|block=128x128,False,False,,,,,,,,,,
0.004399999976158142,0.00800000037997961,0.00544000007212162,0.004480000119656324,0.0013964528059739406,5,0.02735999971628189,0.08835999667644501,0.0399279996752739,0.027960000559687614,0.02421772292308679,5,0.08720000088214874,0.5437610149383545,0.1795044034719467,0.08892100304365158,0.1821296292794017,5,2.749207019805908,2.794126033782959,2.768574619293213,2.758526086807251,0.018192541740405483,5,0.00443999981507659,0.004519999958574772,0.004480000026524067,0.004480000119656324,2.529826665971379e-05,5,0.004360000137239695,0.004480000119656324,0.004432000126689673,0.004480000119656324,5.878774521273928e-05,5,0.004399999976158142,0.004519999958574772,0.004431999940425158,0.004399999976158142,4.664760299960091e-05,5,0.004360000137239695,0.005200000014156103,0.00457600001245737,0.004399999976158142,0.0003165817366190233,5,7168,128,1,16,8,9216,1,3712,0,True,TORCH_SDPA_MLA,False,even,[3712],3712,3712,3712.0,3712.0,3712.0,0.0,0.0,0.0,576,128,64,192,512,128,3712,3712,0,3712,3712,3712,False,0,3712,3712,BF16,CUDA_EVENT,generic,generic,method=fp8|act=dynamic|serialized=True|block=128x128,False,False,,,,,,,,,,
0.004360000137239695,0.00571999978274107,0.004648000001907349,0.004360000137239695,0.0005368946589369162,5,0.027720000594854355,0.06611999869346619,0.03560819998383522,0.02820100076496601,0.015257695538008181,5,0.08692099899053574,0.5034409761428833,0.17128059566020964,0.08792000263929367,0.1660854264648314,5,3.1245269775390625,3.166368007659912,3.14182333946228,3.1369268894195557,0.015914591422344342,5,0.004360000137239695,0.004480000119656324,0.004416000004857779,0.004399999976158142,4.079213795521706e-05,5,0.004399999976158142,0.004600000102072954,0.004463999904692173,0.00443999981507659,6.974246546350452e-05,5,0.004360000137239695,0.004480000119656324,0.004448000062257052,0.004480000119656324,4.664761897177434e-05,5,0.004399999976158142,0.004441000055521727,0.004416199959814548,0.004399999976158142,1.9843368005370473e-05,5,7168,128,1,16,8,9216,1,3968,0,True,TORCH_SDPA_MLA,False,even,[3968],3968,3968,3968.0,3968.0,3968.0,0.0,0.0,0.0,576,128,64,192,512,128,3968,3968,0,3968,3968,3968,False,0,3968,3968,BF16,CUDA_EVENT,generic,generic,method=fp8|act=dynamic|serialized=True|block=128x128,False,False,,,,,,,,,,
0.004360000137239695,0.007360000163316727,0.00544000007212162,0.004480000119656324,0.0012946659285000346,5,0.02783999964594841,0.04740000143647194,0.03188799992203713,0.02807999961078167,0.00775651131243362,5,0.08235999941825867,0.43720099329948425,0.15356019884347916,0.08284000307321548,0.1418205312004332,5,2.8952479362487793,2.917448043823242,2.9075356006622313,2.9093270301818848,0.008489878836483878,5,0.004399999976158142,0.004519999958574772,0.0044479998759925365,0.00443999981507659,3.9191849152437796e-05,5,0.004360000137239695,0.004480000119656324,0.004416000004857779,0.004399999976158142,4.079213795521706e-05,5,0.004360000137239695,0.004480000119656324,0.004400000069290399,0.004399999976158142,4.381779817994027e-05,5,0.004360000137239695,0.004879999905824661,0.004495999962091446,0.004399999976158142,0.00019365945378983912,5,7168,128,1,16,8,9216,1,3776,0,True,TORCH_SDPA_MLA,False,even,[3776],3776,3776,3776.0,3776.0,3776.0,0.0,0.0,0.0,576,128,64,192,512,128,3776,3776,0,3776,3776,3776,False,0,3776,3776,BF16,CUDA_EVENT,generic,generic,method=fp8|act=dynamic|serialized=True|block=128x128,False,False,,,,,,,,,,
0.00443999981507659,0.004679999779909849,0.004535999894142151,0.004519999958574772,8.236498081489306e-05,5,0.027480000630021095,0.05703999847173691,0.033983999863266945,0.028680000454187393,0.011540359096817677,5,0.08188000321388245,0.5174409747123718,0.1697123944759369,0.08355999737977982,0.17386592082119556,5,2.5098860263824463,2.559964895248413,2.528573989868164,2.5169661045074463,0.020151705873803744,5,0.004480000119656324,0.004559999797493219,0.004535999894142151,0.004559999797493219,3.1999871134757994e-05,5,0.00443999981507659,0.004679999779909849,0.004527999926358462,0.004519999958574772,8.158425764544016e-05,5,0.00443999981507659,0.004559999797493219,0.004519999865442515,0.004559999797493219,5.0596386064013265e-05,5,0.004480000119656324,0.004600000102072954,0.004528000019490719,0.004519999958574772,4.6647571055609506e-05,5,7168,128,1,16,8,9216,1,3520,0,True,TORCH_SDPA_MLA,False,even,[3520],3520,3520,3520.0,3520.0,3520.0,0.0,0.0,0.0,576,128,64,192,512,128,3520,3520,0,3520,3520,3520,False,0,3520,3520,BF16,CUDA_EVENT,generic,generic,method=fp8|act=dynamic|serialized=True|block=128x128,False,False,,,,,,,,,,
0.00419999985024333,0.00431999983265996,0.0042479999363422396,0.004240000154823065,4.664761897177434e-05,5,0.02443999983370304,0.08060000091791153,0.037192000448703764,0.0272000003606081,0.021765549531950437,5,0.052319999784231186,0.2665199935436249,0.09624799862504005,0.05347999930381775,0.0851433754612639,5,0.49524199962615967,0.5315219759941101,0.5042573928833007,0.4983609914779663,0.013692266722873736,5,0.00419999985024333,0.004279999993741512,0.0042639999650418755,0.004279999993741512,3.2000057399272915e-05,5,0.004240000154823065,0.004879999905824661,0.004480000026524067,0.004279999993741512,0.00028057075244634417,5,0.00419999985024333,0.00431999983265996,0.004271999932825565,0.004279999993741512,4.6647571055609506e-05,5,0.00419999985024333,0.00431999983265996,0.004271999932825565,0.004279999993741512,4.6647571055609506e-05,5,7168,128,1,16,8,9216,1,1536,0,True,TORCH_SDPA_MLA,False,even,[1536],1536,1536,1536.0,1536.0,1536.0,0.0,0.0,0.0,576,128,64,192,512,128,1536,1536,0,1536,1536,1536,False,0,1536,1536,BF16,CUDA_EVENT,generic,generic,method=fp8|act=dynamic|serialized=True|block=128x128,False,False,,,,,,,,,,
0.004360000137239695,0.005520000122487545,0.004671999998390674,0.00443999981507659,0.00043480575540173397,5,0.02824000082910061,0.07363999634981155,0.037591999769210814,0.02864000014960766,0.018025516201701782,5,0.08931999653577805,0.5358409881591797,0.1799283966422081,0.09168100357055664,0.1779619578887195,5,2.7156460285186768,2.8173670768737793,2.7547428131103517,2.73876690864563,0.0357109329953759,5,0.004399999976158142,0.006599999964237213,0.004871999938040971,0.00443999981507659,0.0008643703054417918,5,0.004399999976158142,0.00535999983549118,0.004631999973207712,0.004480000119656324,0.00036520672770293044,5,0.004399999976158142,0.004519999958574772,0.004472000058740377,0.004480000119656324,3.9191849152437796e-05,5,0.004360000137239695,0.004519999958574772,0.004439999908208847,0.00443999981507659,5.0596386064013265e-05,5,7168,128,1,16,8,9216,1,3648,0,True,TORCH_SDPA_MLA,False,even,[3648],3648,3648,3648.0,3648.0,3648.0,0.0,0.0,0.0,576,128,64,192,512,128,3648,3648,0,3648,3648,3648,False,0,3648,3648,BF16,CUDA_EVENT,generic,generic,method=fp8|act=dynamic|serialized=True|block=128x128,False,False,,,,,,,,,,
0.004399999976158142,0.004480000119656324,0.004456000030040741,0.004480000119656324,3.2000080682464336e-05,5,0.03352100029587746,0.09595999866724014,0.04672040045261383,0.034040000289678574,0.02463625565410365,5,0.10892099887132645,0.6617209911346436,0.22009639889001847,0.10992000252008438,0.2208127466687882,5,5.636612892150879,5.704692840576172,5.665924739837647,5.647532939910889,0.030174134503181564,5,0.004480000119656324,0.004600000102072954,0.0045599999837577345,0.004559999797493219,4.381779818013822e-05,5,0.004480000119656324,0.004559999797493219,0.004519999958574772,0.004519999958574772,3.577694356427611e-05,5,0.004519999958574772,0.004639999940991402,0.004567999858409166,0.004559999797493219,3.9191849152437796e-05,5,0.00443999981507659,0.004639999940991402,0.004504000023007393,0.004480000119656324,6.974236931654251e-05,5,7168,128,1,16,8,9216,1,5376,0,True,TORCH_SDPA_MLA,False,even,[5376],5376,5376,5376.0,5376.0,5376.0,0.0,0.0,0.0,576,128,64,192,512,128,5376,5376,0,5376,5376,5376,False,0,5376,5376,BF16,CUDA_EVENT,generic,generic,method=fp8|act=dynamic|serialized=True|block=128x128,False,False,,,,,,,,,,
0.004360000137239695,0.004600000102072954,0.004496000055223703,0.004519999958574772,7.83836412731445e-05,5,0.02800000086426735,0.07872000336647034,0.03860800117254257,0.02848000079393387,0.02006117792793122,5,0.0812000036239624,0.5503609776496887,0.17591219693422316,0.08268000185489655,0.18722526288824282,5,3.1840879917144775,3.2135279178619385,3.201247978210449,3.2016079425811768,0.009859271162593991,5,0.004480000119656324,0.004600000102072954,0.0045519999228417875,0.004559999797493219,3.919179212101793e-05,5,0.00443999981507659,0.004559999797493219,0.004511999897658825,0.004519999958574772,4.6647571055609506e-05,5,0.00443999981507659,0.004559999797493219,0.004487999901175499,0.004480000119656324,4.664761897177434e-05,5,0.004480000119656324,0.004639999940991402,0.004552000015974045,0.004559999797493219,6.399994017566369e-05,5,7168,128,1,16,8,9216,1,4032,0,True,TORCH_SDPA_MLA,False,even,[4032],4032,4032,4032.0,4032.0,4032.0,0.0,0.0,0.0,576,128,64,192,512,128,4032,4032,0,4032,4032,4032,False,0,4032,4032,BF16,CUDA_EVENT,generic,generic,method=fp8|act=dynamic|serialized=True|block=128x128,False,False,,,,,,,,,,
0.004279999993741512,0.004399999976158142,0.004375999979674816,0.004399999976158142,4.799999296665191e-05,5,0.03255999833345413,0.11432000249624252,0.049392000585794446,0.033479999750852585,0.032468564472387114,5,0.08935999870300293,0.6154810190200806,0.19512020349502562,0.09000000357627869,0.21018110411505486,5,4.274569988250732,4.299770832061768,4.285098648071289,4.287051200866699,0.009170950354026864,5,0.004360000137239695,0.004519999958574772,0.004456000030040741,0.004480000119656324,5.4258613605923594e-05,5,0.00443999981507659,0.0047599999234080315,0.004519999958574772,0.004480000119656324,0.00012132600979709903,5,0.004399999976158142,0.0061599998734891415,0.004767999984323978,0.004399999976158142,0.0006966892609355451,5,0.004399999976158142,0.004519999958574772,0.004431999940425158,0.004399999976158142,4.664760299960091e-05,5,7168,128,1,16,8,9216,1,4608,0,True,TORCH_SDPA_MLA,False,even,[4608],4608,4608,4608.0,4608.0,4608.0,0.0,0.0,0.0,576,128,64,192,512,128,4608,4608,0,4608,4608,4608,False,0,4608,4608,BF16,CUDA_EVENT,generic,generic,method=fp8|act=dynamic|serialized=True|block=128x128,False,False,,,,,,,,,,
0.00431999983265996,0.051920000463724136,0.013920000102370978,0.004480000119656324,0.01900009281236115,5,0.033080000430345535,0.25136101245880127,0.07736040279269218,0.03432000055909157,0.08700163939248126,5,0.09455999732017517,0.9784420132637024,0.27158440351486207,0.09480000287294388,0.3534289537030909,5,4.759811878204346,4.904773235321045,4.807276630401612,4.798573017120361,0.05139146320662484,5,0.004399999976158142,0.004519999958574772,0.0044559999369084835,0.00443999981507659,4.079219274941178e-05,5,0.004399999976158142,0.004480000119656324,0.004439999908208847,0.00443999981507659,2.529826665971379e-05,5,0.00443999981507659,0.004519999958574772,0.004480000026524067,0.004480000119656324,2.529826665971379e-05,5,0.004360000137239695,0.004480000119656324,0.004423999972641468,0.00443999981507659,4.079211969054e-05,5,7168,128,1,16,8,9216,1,4864,0,True,TORCH_SDPA_MLA,False,even,[4864],4864,4864,4864.0,4864.0,4864.0,0.0,0.0,0.0,576,128,64,192,512,128,4864,4864,0,4864,4864,4864,False,0,4864,4864,BF16,CUDA_EVENT,generic,generic,method=fp8|act=dynamic|serialized=True|block=128x128,False,False,,,,,,,,,,
0.0041600000113248825,0.00431999983265996,0.0042639999650418755,0.004279999993741512,5.986643889284003e-05,5,0.024720000103116035,0.07779999822378159,0.03581599965691566,0.02491999976336956,0.021005272539238246,5,0.0565200001001358,0.3189209997653961,0.10974420011043548,0.05719999969005585,0.10459289239154608,5,0.9133219718933105,0.966401994228363,0.9264741897583008,0.9176430106163025,0.02008745846244227,5,0.00419999985024333,0.00431999983265996,0.0042639999650418755,0.004240000154823065,4.799993087868105e-05,5,0.0041600000113248825,0.004360000137239695,0.004240000061690808,0.004240000154823065,6.693286652482382e-05,5,0.00419999985024333,0.00431999983265996,0.004279999900609255,0.004279999993741512,4.381779817994027e-05,5,0.00419999985024333,0.00431999983265996,0.004248000029474497,0.004240000154823065,3.919179212101793e-05,5,7168,128,1,16,8,9216,1,2048,0,True,TORCH_SDPA_MLA,False,even,[2048],2048,2048,2048.0,2048.0,2048.0,0.0,0.0,0.0,576,128,64,192,512,128,2048,2048,0,2048,2048,2048,False,0,2048,2048,BF16,CUDA_EVENT,generic,generic,method=fp8|act=dynamic|serialized=True|block=128x128,False,False,,,,,,,,,,
0.00443999981507659,0.005119999870657921,0.00459199994802475,0.004480000119656324,0.00026460533715035484,5,0.03175999969244003,0.08879999816417694,0.04334399998188019,0.03203999996185303,0.02272871010223022,5,0.09772100299596786,0.595320999622345,0.19809640049934388,0.09911999851465225,0.19861317073297388,5,3.7993290424346924,3.841170072555542,3.8100490093231203,3.803567886352539,0.015642011234188357,5,0.004360999912023544,0.004559999797493219,0.004432199895381928,0.004399999976158142,6.861014641169281e-05,5,0.004360000137239695,0.004559999797493219,0.004424000065773726,0.004360000137239695,8.236492654001638e-05,5,0.00431999983265996,0.004559999797493219,0.004479999933391809,0.004519999958574772,8.39047251586656e-05,5,0.004360000137239695,0.004559999797493219,0.004440000001341105,0.00443999981507659,7.589455455341117e-05,5,7168,128,1,16,8,9216,1,4352,0,True,TORCH_SDPA_MLA,False,even,[4352],4352,4352,4352.0,4352.0,4352.0,0.0,0.0,0.0,576,128,64,192,512,128,4352,4352,0,4352,4352,4352,False,0,4352,4352,BF16,CUDA_EVENT,generic,generic,method=fp8|act=dynamic|serialized=True|block=128x128,False,False,,,,,,,,,,
0.004360000137239695,0.004480000119656324,0.004440000094473362,0.004480000119656324,5.0596459691431135e-05,5,0.03367999941110611,0.07603999972343445,0.04277619943022728,0.03468099981546402,0.016638529701661093,5,0.09780000150203705,0.636040985584259,0.20564019680023193,0.09811999648809433,0.2152004672536305,5,6.3724141120910645,6.400094032287598,6.387694072723389,6.38957405090332,0.010595205349288121,5,0.00431999983265996,0.00443999981507659,0.004375999979674816,0.004360000137239695,4.079211969054e-05,5,0.00431999983265996,0.007240000180900097,0.004984000045806169,0.004480000119656324,0.0011295592791057075,5,0.004279999993741512,0.006000000052154064,0.004688000027090311,0.004399999976158142,0.0006574617980378464,5,0.004399999976158142,0.004480000119656324,0.004439999908208847,0.00443999981507659,2.5298266659713795e-05,5,7168,128,1,16,8,9216,1,5632,0,True,TORCH_SDPA_MLA,False,even,[5632],5632,5632,5632.0,5632.0,5632.0,0.0,0.0,0.0,576,128,64,192,512,128,5632,5632,0,5632,5632,5632,False,0,5632,5632,BF16,CUDA_EVENT,generic,generic,method=fp8|act=dynamic|serialized=True|block=128x128,False,False,,,,,,,,,,
0.004240000154823065,0.006639999803155661,0.004751999955624342,0.00431999983265996,0.0009446776411879197,5,0.026760000735521317,0.06384000182151794,0.03446400016546249,0.027319999411702156,0.014689438659559144,5,0.06868000328540802,0.37516099214553833,0.13152859956026078,0.07052099704742432,0.12182586332183264,5,1.397163987159729,1.4231230020523071,1.4069072008132935,1.4040030241012573,0.008903380838155488,5,0.00419999985024333,0.00687999976798892,0.004783999919891357,0.004279999993741512,0.0010487630042557811,5,0.00419999985024333,0.005439999978989363,0.004511999990791082,0.004279999993741512,0.00046675047263810464,5,0.004240000154823065,0.004879999905824661,0.004440000001341105,0.004399999976158142,0.00022908507634235948,5,0.004240000154823065,0.00431999983265996,0.004287999961525202,0.004279999993741512,2.9933138551795365e-05,5,7168,128,1,16,8,9216,1,2560,0,True,TORCH_SDPA_MLA,False,even,[2560],2560,2560,2560.0,2560.0,2560.0,0.0,0.0,0.0,576,128,64,192,512,128,2560,2560,0,2560,2560,2560,False,0,2560,2560,BF16,CUDA_EVENT,generic,generic,method=fp8|act=dynamic|serialized=True|block=128x128,False,False,,,,,,,,,,
0.004399999976158142,0.004639999940991402,0.004535999987274409,0.004559999797493219,8.616261852424196e-05,5,0.035920001566410065,0.10744000226259232,0.05071200057864189,0.03680000081658363,0.028368483628532663,5,0.12036100029945374,0.8626819849014282,0.26984079629182817,0.12195999920368195,0.29642284278645536,5,10.14322566986084,10.301626205444336,10.196865653991699,10.1820650100708,0.05579070045615185,5,0.004480000119656324,0.004600000102072954,0.004544000048190356,0.004559999797493219,5.425861360592359e-05,5,0.00443999981507659,0.004600000102072954,0.004511999990791082,0.004519999958574772,5.306606375125428e-05,5,0.00443999981507659,0.004559999797493219,0.004503999836742878,0.004519999958574772,5.425864106902378e-05,5,0.00443999981507659,0.005080000031739473,0.004600000008940697,0.004480000119656324,0.00024132966615749986,5,7168,128,1,16,8,9216,1,7168,0,True,TORCH_SDPA_MLA,False,even,[7168],7168,7168,7168.0,7168.0,7168.0,0.0,0.0,0.0,576,128,64,192,512,128,7168,7168,0,7168,7168,7168,False,0,7168,7168,BF16,CUDA_EVENT,generic,generic,method=fp8|act=dynamic|serialized=True|block=128x128,False,False,,,,,,,,,,
0.004120000172406435,0.006560000125318766,0.004696000088006258,0.004240000154823065,0.00093521336428765,5,0.026440000161528587,0.0923599973320961,0.04054419957101345,0.026921000331640244,0.02594446984231894,5,0.06896000355482101,0.41724100708961487,0.1389364019036293,0.06932000070810318,0.1391526183888394,5,1.9244040250778198,1.9518040418624878,1.9387881994247436,1.9388439655303955,0.008708377483691288,5,0.004240000154823065,0.00431999983265996,0.0042720000259578225,0.004240000154823065,3.91916780574866e-05,5,0.00419999985024333,0.004279999993741512,0.0042639999650418755,0.004279999993741512,3.200005739927292e-05,5,0.00419999985024333,0.004399999976158142,0.004287999961525202,0.004279999993741512,6.400003330783644e-05,5,0.00419999985024333,0.004360000137239695,0.0042639999650418755,0.004240000154823065,6.499236649676148e-05,5,7168,128,1,16,8,9216,1,3072,0,True,TORCH_SDPA_MLA,False,even,[3072],3072,3072,3072.0,3072.0,3072.0,0.0,0.0,0.0,576,128,64,192,512,128,3072,3072,0,3072,3072,3072,False,0,3072,3072,BF16,CUDA_EVENT,generic,generic,method=fp8|act=dynamic|serialized=True|block=128x128,False,False,,,,,,,,,,
0.004360000137239695,0.004519999958574772,0.004440000001341105,0.00443999981507659,5.656851225467499e-05,5,0.03384099900722504,0.16008000075817108,0.059792200475931166,0.035280000418424606,0.05014801262136601,5,0.10931999981403351,0.7141619920730591,0.23150459825992584,0.11159999668598175,0.24133029190239114,5,6.84749698638916,6.959297180175781,6.892105007171631,6.8925371170043945,0.038410001395916014,5,0.00443999981507659,0.004600000102072954,0.0045519999228417875,0.004559999797493219,5.878784660240829e-05,5,0.00443999981507659,0.004559999797493219,0.004495999962091446,0.004480000119656324,4.079211969054e-05,5,0.004519999958574772,0.004600000102072954,0.0045679999515414235,0.004559999797493219,2.9933337677144675e-05,5,0.004480000119656324,0.004559999797493219,0.004511999990791082,0.004480000119656324,3.919167805748661e-05,5,7168,128,1,16,8,9216,1,5888,0,True,TORCH_SDPA_MLA,False,even,[5888],5888,5888,5888.0,5888.0,5888.0,0.0,0.0,0.0,576,128,64,192,512,128,5888,5888,0,5888,5888,5888,False,0,5888,5888,BF16,CUDA_EVENT,generic,generic,method=fp8|act=dynamic|serialized=True|block=128x128,False,False,,,,,,,,,,
0.004120000172406435,0.00443999981507659,0.004271999932825565,0.004279999993741512,0.0001085171791509994,5,0.027480000630021095,0.06604000180959702,0.03569600060582161,0.02824000082910061,0.015183983747568023,5,0.07392100244760513,0.46644100546836853,0.15359240174293518,0.07552000135183334,0.1564283269431733,5,2.5519659519195557,2.577565908432007,2.565653944015503,2.565325975418091,0.008358680682774233,5,0.00419999985024333,0.009119999594986439,0.0052559998817741874,0.00431999983265996,0.0019332210026698346,5,0.004240000154823065,0.006120000034570694,0.004656000062823296,0.004279999993741512,0.0007343459485162094,5,0.00419999985024333,0.00431999983265996,0.0042639999650418755,0.004279999993741512,4.079213795521706e-05,5,0.00419999985024333,0.004360000137239695,0.0042720000259578225,0.004240000154823065,5.878777056032047e-05,5,7168,128,1,16,8,9216,1,3584,0,True,TORCH_SDPA_MLA,False,even,[3584],3584,3584,3584.0,3584.0,3584.0,0.0,0.0,0.0,576,128,64,192,512,128,3584,3584,0,3584,3584,3584,False,0,3584,3584,BF16,CUDA_EVENT,generic,generic,method=fp8|act=dynamic|serialized=True|block=128x128,False,False,,,,,,,,,,
0.004399999976158142,0.004559999797493219,0.004487999994307756,0.004480000119656324,5.306593738933738e-05,5,0.036159999668598175,0.1602800041437149,0.06154400035738945,0.037039998918771744,0.04936985893329149,5,0.1236800029873848,0.8247619867324829,0.2645043969154358,0.12479999661445618,0.28012916844844704,5,10.965228080749512,11.203428268432617,11.035411834716797,11.013067245483398,0.08622313112080301,5,0.004480000119656324,0.004559999797493219,0.004535999894142151,0.004559999797493219,3.1999871134757994e-05,5,0.004480000119656324,0.004600000102072954,0.004560000076889992,0.004600000102072954,5.0596459691431135e-05,5,0.00443999981507659,0.004600000102072954,0.004519999958574772,0.004519999958574772,5.05965333189133e-05,5,0.00443999981507659,0.004559999797493219,0.004487999901175499,0.004480000119656324,4.664761897177434e-05,5,7168,128,1,16,8,9216,1,7424,0,True,TORCH_SDPA_MLA,False,even,[7424],7424,7424,7424.0,7424.0,7424.0,0.0,0.0,0.0,576,128,64,192,512,128,7424,7424,0,7424,7424,7424,False,0,7424,7424,BF16,CUDA_EVENT,generic,generic,method=fp8|act=dynamic|serialized=True|block=128x128,False,False,,,,,,,,,,
0.004279999993741512,0.013000000268220901,0.0064640000462532045,0.00443999981507659,0.0033441149587443795,5,0.035360001027584076,0.17227999866008759,0.06295999959111213,0.03571999818086624,0.05466046421848227,5,0.13364000618457794,0.7665619850158691,0.26150439977645873,0.13548000156879425,0.2525334912795004,5,8.89561939239502,9.017378807067871,8.938243103027343,8.922418594360352,0.04517194412362091,5,0.004399999976158142,0.004480000119656324,0.004440000001341105,0.00443999981507659,3.5777151814455904e-05,5,0.004399999976158142,0.004639999940991402,0.004487999994307756,0.004480000119656324,8.158431243966557e-05,5,0.004360000137239695,0.004600000102072954,0.004448000062257052,0.00443999981507659,8.908422232770753e-05,5,0.00419999985024333,0.00443999981507659,0.004287999868392944,0.00419999985024333,0.00010851729586959332,5,7168,128,1,16,8,9216,1,6656,0,True,TORCH_SDPA_MLA,False,even,[6656],6656,6656,6656.0,6656.0,6656.0,0.0,0.0,0.0,576,128,64,192,512,128,6656,6656,0,6656,6656,6656,False,0,6656,6656,BF16,CUDA_EVENT,generic,generic,method=fp8|act=dynamic|serialized=True|block=128x128,False,False,,,,,,,,,,
0.00431999983265996,0.005799999926239252,0.00470399996265769,0.004480000119656324,0.0005511297410340282,5,0.03432000055909157,0.17219999432563782,0.06215999945998192,0.03471999987959862,0.05502030204887541,5,0.11564099788665771,0.7578819990158081,0.2442805990576744,0.11603999882936478,0.25680076459105566,5,8.23550033569336,8.33650016784668,8.27526798248291,8.269659996032715,0.0334347228562266,5,0.004399999976158142,0.004559999797493219,0.004455999843776226,0.00443999981507659,5.425859987420843e-05,5,0.00431999983265996,0.006200000178068876,0.0047599999234080315,0.00443999981507659,0.0007213322277516514,5,0.004399999976158142,0.004480000119656324,0.004447999969124794,0.00443999981507659,2.9933337677144675e-05,5,0.004360000137239695,0.004519999958574772,0.004432000033557415,0.00443999981507659,6.399994017566369e-05,5,7168,128,1,16,8,9216,1,6400,0,True,TORCH_SDPA_MLA,False,even,[6400],6400,6400,6400.0,6400.0,6400.0,0.0,0.0,0.0,576,128,64,192,512,128,6400,6400,0,6400,6400,6400,False,0,6400,6400,BF16,CUDA_EVENT,generic,generic,method=fp8|act=dynamic|serialized=True|block=128x128,False,False,,,,,,,,,,
0.00431999983265996,0.007040000054985285,0.004919999931007624,0.00443999981507659,0.0010619228509626012,5,0.03680000081658363,0.11811999976634979,0.05312800034880638,0.03691999986767769,0.03249602925038882,5,0.12016099691390991,0.7356420159339905,0.24373680204153061,0.1204800009727478,0.24595341279085628,5,9.624463081359863,9.69510269165039,9.6667911529541,9.662942886352539,0.02648169469838817,5,0.00443999981507659,0.005200000014156103,0.004615999944508076,0.004480000119656324,0.000293503022855848,5,0.004399999976158142,0.004639999940991402,0.004511999990791082,0.004480000119656324,8.158425764544016e-05,5,0.004360000137239695,0.004480000119656324,0.004423999972641468,0.00443999981507659,4.079211969054e-05,5,0.004240000154823065,0.004519999958574772,0.0043680001050233844,0.004360000137239695,8.908416378296174e-05,5,7168,128,1,16,8,9216,1,6912,0,True,TORCH_SDPA_MLA,False,even,[6912],6912,6912,6912.0,6912.0,6912.0,0.0,0.0,0.0,576,128,64,192,512,128,6912,6912,0,6912,6912,6912,False,0,6912,6912,BF16,CUDA_EVENT,generic,generic,method=fp8|act=dynamic|serialized=True|block=128x128,False,False,,,,,,,,,,
0.00419999985024333,0.00675999978557229,0.004879999905824661,0.00431999983265996,0.0009715965609931203,5,0.0270409993827343,0.063960000872612,0.03486420027911663,0.02800000086426735,0.014554102631119255,5,0.08263999968767166,0.5038819909095764,0.16740039885044097,0.08352000266313553,0.16824113839660762,5,3.369767904281616,3.4044079780578613,3.3856080055236815,3.3890480995178223,0.013074009813667497,5,0.004279999993741512,0.00431999983265996,0.004303999897092581,0.00431999983265996,1.9595839028743304e-05,5,0.004279999993741512,0.004279999993741512,0.004279999993741512,0.004279999993741512,0.0,5,0.004240000154823065,0.00431999983265996,0.004303999897092581,0.00431999983265996,3.199987113475799e-05,5,0.0041600000113248825,0.00431999983265996,0.004248000029474497,0.004240000154823065,5.306593738933737e-05,5,7168,128,1,16,8,9216,1,4096,0,True,TORCH_SDPA_MLA,False,even,[4096],4096,4096,4096.0,4096.0,4096.0,0.0,0.0,0.0,576,128,64,192,512,128,4096,4096,0,4096,4096,4096,False,0,4096,4096,BF16,CUDA_EVENT,generic,generic,method=fp8|act=dynamic|serialized=True|block=128x128,False,False,,,,,,,,,,
0.00431999983265996,0.00443999981507659,0.004375999886542558,0.004360000137239695,5.425861360592359e-05,5,0.037039998918771744,0.07816000282764435,0.04552800059318542,0.03739999979734421,0.016318538304628916,5,0.12483999878168106,0.8038420081138611,0.2610887989401817,0.12567999958992004,0.2713767875641577,5,11.92098617553711,12.329668998718262,12.177323150634766,12.310547828674316,0.1765452427278337,5,0.004360000137239695,0.004399999976158142,0.004376000072807073,0.004360000137239695,1.95958390287433e-05,5,0.004360000137239695,0.00443999981507659,0.004392000008374452,0.004399999976158142,2.9933138551795365e-05,5,0.004399999976158142,0.004559999797493219,0.004455999843776226,0.00443999981507659,5.4258599874208434e-05,5,0.00431999983265996,0.00547999981790781,0.004615999944508076,0.00443999981507659,0.00043568790359382474,5,7168,128,1,16,8,9216,1,7680,0,True,TORCH_SDPA_MLA,False,even,[7680],7680,7680,7680.0,7680.0,7680.0,0.0,0.0,0.0,576,128,64,192,512,128,7680,7680,0,7680,7680,7680,False,0,7680,7680,BF16,CUDA_EVENT,generic,generic,method=fp8|act=dynamic|serialized=True|block=128x128,False,False,,,,,,,,,,
0.004399999976158142,0.004600000102072954,0.004487999994307756,0.004480000119656324,6.881866061977869e-05,5,0.03643999993801117,0.11559999734163284,0.053007999807596205,0.03756000101566315,0.031300681452882645,5,0.13199999928474426,0.8700820207595825,0.2799848049879074,0.13276100158691406,0.29504879329311323,5,12.728707313537598,12.818787574768066,12.762627983093262,12.74850845336914,0.03123449055361932,5,0.004480000119656324,0.004639999940991402,0.0045679999515414235,0.004559999797493219,6.39999518171588e-05,5,0.00443999981507659,0.004639999940991402,0.0045519998297095295,0.004559999797493219,6.400003330783644e-05,5,0.00443999981507659,0.004559999797493219,0.004503999929875135,0.004519999958574772,4.079213795521706e-05,5,0.00443999981507659,0.004600000102072954,0.004495999962091446,0.004480000119656324,5.986661312733957e-05,5,7168,128,1,16,8,9216,1,7936,0,True,TORCH_SDPA_MLA,False,even,[7936],7936,7936,7936.0,7936.0,7936.0,0.0,0.0,0.0,576,128,64,192,512,128,7936,7936,0,7936,7936,7936,False,0,7936,7936,BF16,CUDA_EVENT,generic,generic,method=fp8|act=dynamic|serialized=True|block=128x128,False,False,,,,,,,,,,
0.0041600000113248825,0.00431999983265996,0.004232000000774861,0.004240000154823065,5.306596546984384e-05,5,0.03359999880194664,0.09796100109815598,0.0469041995704174,0.03415999934077263,0.02553159073653313,5,0.10831999778747559,0.6589609980583191,0.2189523994922638,0.1090800017118454,0.22000466190337314,5,7.478378772735596,7.55889892578125,7.535290908813477,7.551858901977539,0.030469297639915856,5,0.0041600000113248825,0.004360000137239695,0.0042720000259578225,0.004279999993741512,6.400003330783644e-05,5,0.00419999985024333,0.006639999803155661,0.004743999894708395,0.00431999983265996,0.0009491385087803219,5,0.00419999985024333,0.004279999993741512,0.00423999996855855,0.004240000154823065,3.5777151814455904e-05,5,0.0041600000113248825,0.004279999993741512,0.004232000093907118,0.004240000154823065,3.9191849152437796e-05,5,7168,128,1,16,8,9216,1,6144,0,True,TORCH_SDPA_MLA,False,even,[6144],6144,6144,6144.0,6144.0,6144.0,0.0,0.0,0.0,576,128,64,192,512,128,6144,6144,0,6144,6144,6144,False,0,6144,6144,BF16,CUDA_EVENT,generic,generic,method=fp8|act=dynamic|serialized=True|block=128x128,False,False,,,,,,,,,,
0.004360000137239695,0.00800000037997961,0.005128000117838383,0.00443999981507659,0.0014367520217756936,5,0.039159998297691345,0.17156000435352325,0.06605599969625472,0.03991999849677086,0.05275324586952853,5,0.15668100118637085,0.9582030177116394,0.3176730006933212,0.15731999278068542,0.3202663974277502,5,15.041677474975586,15.233237266540527,15.105924797058105,15.062677383422852,0.07375761245889773,5,0.00419999985024333,0.004480000119656324,0.0043599999509751795,0.00443999981507659,0.00011593099698246579,5,0.00419999985024333,0.007360000163316727,0.004968000017106533,0.00443999981507659,0.0011998400662542204,5,0.00431999983265996,0.006440000142902136,0.004800000041723251,0.004399999976158142,0.0008217055982635174,5,0.00431999983265996,0.00547999981790781,0.004671999905258417,0.00443999981507659,0.0004258825965995561,5,7168,128,1,16,8,9216,1,8448,0,True,TORCH_SDPA_MLA,False,even,[8448],8448,8448,8448.0,8448.0,8448.0,0.0,0.0,0.0,576,128,64,192,512,128,8448,8448,0,8448,8448,8448,False,0,8448,8448,BF16,CUDA_EVENT,generic,generic,method=fp8|act=dynamic|serialized=True|block=128x128,False,False,,,,,,,,,,
0.004399999976158142,0.007000000216066837,0.00493599995970726,0.00443999981507659,0.00103215515402763,5,0.041359998285770416,0.19908100366592407,0.07320020049810409,0.04179999977350235,0.06294143048747887,5,0.15612000226974487,0.9651219844818115,0.31868059635162355,0.1573610007762909,0.32322118666179867,5,15.866999626159668,16.039400100708008,15.924696350097657,15.875760078430176,0.06907000291050922,5,0.0041600000113248825,0.004559999797493219,0.004319999925792217,0.00431999983265996,0.00015178925636168426,5,0.004360000137239695,0.004519999958574772,0.004440000001341105,0.004399999976158142,6.69327552104297e-05,5,0.004399999976158142,0.004519999958574772,0.00447199996560812,0.004480000119656324,4.664763494375637e-05,5,0.004360000137239695,0.004480000119656324,0.004432000033557415,0.00443999981507659,4.664761897177434e-05,5,7168,128,1,16,8,9216,1,8704,0,True,TORCH_SDPA_MLA,False,even,[8704],8704,8704,8704.0,8704.0,8704.0,0.0,0.0,0.0,576,128,64,192,512,128,8704,8704,0,8704,8704,8704,False,0,8704,8704,BF16,CUDA_EVENT,generic,generic,method=fp8|act=dynamic|serialized=True|block=128x128,False,False,,,,,,,,,,
0.004399999976158142,0.009119999594986439,0.005391999892890453,0.004480000119656324,0.0018644289867735871,5,0.041839998215436935,0.12135999649763107,0.05793599933385849,0.04196000099182129,0.03171334063577924,5,0.1502009928226471,0.8998029828071594,0.3004249960184097,0.15076099336147308,0.2996890973702936,5,16.8447208404541,16.97884178161621,16.93650588989258,16.952802658081055,0.04845371345708293,5,0.004399999976158142,0.004480000119656324,0.004447999969124794,0.00443999981507659,2.9933337677144675e-05,5,0.004399999976158142,0.004480000119656324,0.004431999940425158,0.00443999981507659,2.9933287895859092e-05,5,0.004360000137239695,0.004480000119656324,0.004424000065773726,0.004399999976158142,4.8000024010787934e-05,5,0.00431999983265996,0.005960000213235617,0.004719999991357327,0.00443999981507659,0.0006222540838077878,5,7168,128,1,16,8,9216,1,8960,0,True,TORCH_SDPA_MLA,False,even,[8960],8960,8960,8960.0,8960.0,8960.0,0.0,0.0,0.0,576,128,64,192,512,128,8960,8960,0,8960,8960,8960,False,0,8960,8960,BF16,CUDA_EVENT,generic,generic,method=fp8|act=dynamic|serialized=True|block=128x128,False,False,,,,,,,,,,
0.0041600000113248825,0.00431999983265996,0.0042639999650418755,0.004279999993741512,5.986643889284003e-05,5,0.0384799987077713,0.10236000269651413,0.05135200023651123,0.03863999992609024,0.02550412670211198,5,0.12368100136518478,0.8202019929885864,0.2638408005237579,0.12492000311613083,0.2781812367249194,5,14.5033540725708,14.578834533691406,14.540218734741211,14.549195289611816,0.029597868627633816,5,0.00419999985024333,0.00431999983265996,0.004271999932825565,0.004279999993741512,3.9191849152437796e-05,5,0.0041600000113248825,0.004279999993741512,0.004232000000774861,0.004240000154823065,4.664763494375637e-05,5,0.00419999985024333,0.004399999976158142,0.004279999900609255,0.004279999993741512,7.58947018083731e-05,5,0.00419999985024333,0.006599999964237213,0.004735999926924706,0.00431999983265996,0.0009331580950819538,5,7168,128,1,16,8,9216,1,8192,0,True,TORCH_SDPA_MLA,False,even,[8192],8192,8192,8192.0,8192.0,8192.0,0.0,0.0,0.0,576,128,64,192,512,128,8192,8192,0,8192,8192,8192,False,0,8192,8192,BF16,CUDA_EVENT,generic,generic,method=fp8|act=dynamic|serialized=True|block=128x128,False,False,,,,,,,,,,
0.004399999976158142,0.007400000002235174,0.006704000011086464,0.007199999876320362,0.001155605489660427,5,0.035440001636743546,0.10564099997282028,0.05176820009946823,0.039400000125169754,0.026981037021804696,5,0.005760000087320805,0.006639999803155661,0.00602400004863739,0.005880000069737434,0.0003294600634692345,5,0.004879999905824661,0.006200000178068876,0.005415999982506037,0.005239999853074551,0.0004472852366567157,5,0.0565200001001358,0.08451999723911285,0.06565599888563156,0.061400000005960464,0.010519515482224264,5,0.15836000442504883,0.19803999364376068,0.172775998711586,0.16971999406814575,0.014011136689480126,5,0.041760001331567764,0.052521001547575,0.0467848002910614,0.04612100124359131,0.004411674766549453,5,0.005520000122487545,0.0083600003272295,0.006856000144034624,0.006920000072568655,0.000910243989423553,5,7168,128,1,16,8,9216,1,0,512,False,TORCH_SDPA_MLA,False,even,[1],1,1,1.0,1.0,1.0,0.0,0.0,0.0,576,128,64,192,512,128,1,0,1,1,513,1,False,0,0,0,BF16,CUDA_EVENT,generic,generic,method=fp8|act=dynamic|serialized=True|block=128x128,False,False,,,,,,,,,,
0.00443999981507659,0.007960000075399876,0.006703999917954206,0.007079999893903732,0.0011982921969009412,5,0.03832000121474266,0.08220099657773972,0.048408599197864534,0.04004000127315521,0.016981775888236655,5,0.0049600000493228436,0.007120000198483467,0.005888000037521124,0.005799999926239252,0.0007080791548269418,5,0.004840000066906214,0.006399999838322401,0.005680000036954879,0.005760000087320805,0.0005227618574935007,5,0.09888000041246414,0.1422799974679947,0.11063220053911209,0.10475999861955643,0.01601254666622828,5,0.33820098638534546,0.3927209973335266,0.35952099561691286,0.3491609990596771,0.020068620412559215,5,0.0647599995136261,0.07943999767303467,0.07316799908876419,0.07496000081300735,0.0056664281188034335,5,0.005280000157654285,0.00824000034481287,0.006952000129967928,0.007400000002235174,0.0010897045907354431,5,7168,128,1,16,8,9216,2,0,512,False,TORCH_SDPA_MLA,False,even,"[1, 1]",2,1,1.0,1.0,1.0,0.0,0.0,0.0,576,128,64,192,512,128,2,0,2,1,513,2,False,0,0,0,BF16,CUDA_EVENT,generic,generic,method=fp8|act=dynamic|serialized=True|block=128x128,False,False,,,,,,,,,,
0.007160000037401915,0.009600000455975533,0.008312000147998332,0.00788000039756298,0.0009161310638066516,5,0.03951999917626381,0.07104100286960602,0.04790420010685921,0.04307999834418297,0.011646997492565266,5,0.005520000122487545,0.0060800001956522465,0.005856000073254109,0.005880000069737434,0.00018347751924601948,5,0.005080000031739473,0.009080000221729279,0.006320000067353249,0.005840000230818987,0.0014171521473227832,5,0.16599999368190765,0.20904000103473663,0.17724819779396056,0.17020000517368317,0.016078280298242004,5,0.6278409957885742,0.6896820068359375,0.6480658054351807,0.6386020183563232,0.02276228765359169,5,0.10856100171804428,0.11844000220298767,0.11238420009613037,0.11100000143051147,0.0033543012472940447,5,0.00431999983265996,0.007600999902933836,0.005968200042843819,0.005840000230818987,0.0010477924341691833,5,7168,128,1,16,8,9216,4,0,512,False,TORCH_SDPA_MLA,False,even,"[1, 1, 1, 1]",4,1,1.0,1.0,2.0,0.0,0.0,0.0,576,128,64,192,512,128,4,0,4,1,513,4,False,0,0,0,BF16,CUDA_EVENT,generic,generic,method=fp8|act=dynamic|serialized=True|block=128x128,False,False,,,,,,,,,,
0.004360000137239695,0.007840000092983246,0.006688000075519085,0.007280000019818544,0.0012530665985726137,5,0.03784000128507614,0.09876099973917007,0.052160199731588364,0.04095999896526337,0.02339419586621025,5,0.004480000119656324,0.005679999943822622,0.0052559999749064445,0.005319999996572733,0.0004099560181776417,5,0.005239999853074551,0.008799999952316284,0.006232000049203634,0.005640000104904175,0.0013046133244733957,5,0.30744099617004395,0.6505609750747681,0.3844809949398041,0.3202809989452362,0.13324615393052505,5,1.0063220262527466,1.1367629766464233,1.0561787843704225,1.0562429428100586,0.04779745201063829,5,0.24639999866485596,0.26632100343704224,0.25245679914951324,0.2492009997367859,0.007303146420231952,5,0.006719999946653843,0.007639999967068434,0.007216000091284513,0.007240000180900097,0.00030209933551832814,5,7168,128,1,16,8,9216,8,0,512,False,TORCH_SDPA_MLA,False,even,"[1, 1, 1, 1, 1, 1, 1, 1]",8,1,1.0,1.0,2.0,0.0,0.0,0.0,576,128,64,192,512,128,8,0,8,1,513,8,False,0,0,0,BF16,CUDA_EVENT,generic,generic,method=fp8|act=dynamic|serialized=True|block=128x128,False,False,,,,,,,,,,
0.004399999976158142,0.005840000230818987,0.004736000020056963,0.004480000119656324,0.0005534474847312024,5,0.04520000144839287,0.13084100186824799,0.06419220045208932,0.04811999946832657,0.03335870621969109,5,0.005080000031739473,0.01056000031530857,0.006608000118285417,0.005960000213235617,0.0020134588197396777,5,0.005239999853074551,0.009840000420808792,0.007032000180333853,0.0060800001956522465,0.0017037184711812272,5,3.607928991317749,5.133172988891602,3.9726419925689695,3.614928960800171,0.5903492667107665,5,13.273392677307129,14.84235668182373,13.976818466186524,13.59067440032959,0.6909579355937963,5,1.9421639442443848,3.0582869052886963,2.1986931562423706,1.9741250276565552,0.43118227354744504,5,0.007360000163316727,0.008080000057816505,0.007752000074833632,0.0077599999494850636,0.00026820893545822263,5,7168,128,1,16,8,9216,96,0,512,False,TORCH_SDPA_MLA,False,even,"[1, 1, 1, 1, 1, 1, 1, 1, 1, 1, 1, 1, 1, 1, 1, 1, 1, 1, 1, 1, 1, 1, 1, 1, 1, 1, 1, 1, 1, 1, 1, 1, 1, 1, 1, 1, 1, 1, 1, 1, 1, 1, 1, 1, 1, 1, 1, 1, 1, 1, 1, 1, 1, 1, 1, 1, 1, 1, 1, 1, 1, 1, 1, 1, 1, 1, 1, 1, 1, 1, 1, 1, 1, 1, 1, 1, 1, 1, 1, 1, 1, 1, 1, 1, 1, 1, 1, 1, 1, 1, 1, 1, 1, 1, 1, 1]",96,1,1.0,1.0,9.0,0.0,0.0,0.0,576,128,64,192,512,128,96,0,96,1,513,96,False,0,0,0,BF16,CUDA_EVENT,generic,generic,method=fp8|act=dynamic|serialized=True|block=128x128,False,False,,,,,,,,,,
0.007040000054985285,0.007840000092983246,0.007591999974101782,0.007679999805986881,0.0002844221971419345,5,0.039400000125169754,0.20868100225925446,0.07852020040154457,0.047359999269247055,0.06525671412285823,5,0.005799999926239252,0.006839999929070473,0.006479999888688326,0.006639999803155661,0.000376934972195135,5,0.006240000016987324,0.007639999967068434,0.0066559999249875546,0.006519999820739031,0.0005163564586565792,5,0.6155620217323303,1.1024019718170166,0.7305455923080444,0.648760974407196,0.18633825838422047,5,4.261050224304199,5.62233304977417,5.025387859344482,5.3038530349731445,0.6037236303193041,5,0.68436199426651,0.7637220025062561,0.7084179878234863,0.6989619731903076,0.028716615916193095,5,0.0075599998235702515,0.008320000022649765,0.007943999953567982,0.00791999977082014,0.00029890482435038717,5,7168,128,1,16,8,9216,32,0,512,False,TORCH_SDPA_MLA,False,even,"[1, 1, 1, 1, 1, 1, 1, 1, 1, 1, 1, 1, 1, 1, 1, 1, 1, 1, 1, 1, 1, 1, 1, 1, 1, 1, 1, 1, 1, 1, 1, 1]",32,1,1.0,1.0,5.0,0.0,0.0,0.0,576,128,64,192,512,128,32,0,32,1,513,32,False,0,0,0,BF16,CUDA_EVENT,generic,generic,method=fp8|act=dynamic|serialized=True|block=128x128,False,False,,,,,,,,,,
0.004279999993741512,0.00803999975323677,0.00633599990978837,0.006120000034570694,0.001409816962425025,5,0.044759999960660934,0.15296100080013275,0.06753619983792306,0.04659999907016754,0.0427191839138607,5,0.005239999853074551,0.008679999969899654,0.006535999942570925,0.006240000016987324,0.001161681569937504,5,0.00431999983265996,0.009800000116229057,0.006248000077903271,0.005880000069737434,0.0018937201977418702,5,1.2480030059814453,2.232564926147461,1.5958836078643799,1.2643630504608154,0.4244113566305376,5,6.430934906005859,7.998778820037842,7.429241085052491,7.859378814697266,0.6206233110369804,5,1.6002830266952515,1.6276040077209473,1.6158277988433838,1.61764395236969,0.00880552697644798,5,0.005520000122487545,0.012480000033974648,0.008144000079482794,0.007600000128149986,0.00234450503685722,5,7168,128,1,16,8,9216,48,0,512,False,TORCH_SDPA_MLA,False,even,"[1, 1, 1, 1, 1, 1, 1, 1, 1, 1, 1, 1, 1, 1, 1, 1, 1, 1, 1, 1, 1, 1, 1, 1, 1, 1, 1, 1, 1, 1, 1, 1, 1, 1, 1, 1, 1, 1, 1, 1, 1, 1, 1, 1, 1, 1, 1, 1]",48,1,1.0,1.0,6.0,0.0,0.0,0.0,576,128,64,192,512,128,48,0,48,1,513,48,False,0,0,0,BF16,CUDA_EVENT,generic,generic,method=fp8|act=dynamic|serialized=True|block=128x128,False,False,,,,,,,,,,
0.00687999976798892,0.0077599999494850636,0.0074559998698532585,0.0075599998235702515,0.0003125124358159587,5,0.04148000106215477,0.10620000213384628,0.057392200082540513,0.04747999832034111,0.02454012095524431,5,0.00443999981507659,0.011800000444054604,0.006696000136435032,0.005400000140070915,0.002684187932666957,5,0.004519999958574772,0.007639999967068434,0.006080000009387731,0.005880000069737434,0.0010157164693025882,5,2.356045961380005,3.0044078826904297,2.5269585609436036,2.3699660301208496,0.24774529067922493,5,8.620302200317383,9.057022094726562,8.865270614624023,8.872543334960938,0.14037005407274744,5,1.3348439931869507,1.4516839981079102,1.3644997835159303,1.3451639413833618,0.04418249617295522,5,0.00687999976798892,0.00812000036239624,0.007624000031501055,0.007679999805986881,0.0004176890970891504,5,7168,128,1,16,8,9216,64,0,512,False,TORCH_SDPA_MLA,False,even,"[1, 1, 1, 1, 1, 1, 1, 1, 1, 1, 1, 1, 1, 1, 1, 1, 1, 1, 1, 1, 1, 1, 1, 1, 1, 1, 1, 1, 1, 1, 1, 1, 1, 1, 1, 1, 1, 1, 1, 1, 1, 1, 1, 1, 1, 1, 1, 1, 1, 1, 1, 1, 1, 1, 1, 1, 1, 1, 1, 1, 1, 1, 1, 1]",64,1,1.0,1.0,8.0,0.0,0.0,0.0,576,128,64,192,512,128,64,0,64,1,513,64,False,0,0,0,BF16,CUDA_EVENT,generic,generic,method=fp8|act=dynamic|serialized=True|block=128x128,False,False,,,,,,,,,,
0.00419999985024333,0.007160000037401915,0.006104000005871057,0.007040000054985285,0.0012543939893255556,5,0.039080001413822174,0.21480099856853485,0.07564040049910545,0.04148099943995476,0.06959850303869068,5,0.004480000119656324,0.006120000034570694,0.005296000000089407,0.005239999853074551,0.0005346250982795203,5,0.005040000192821026,0.006680000107735395,0.005544000025838614,0.005119999870657921,0.0006332645723350774,5,0.2975209951400757,0.532600998878479,0.38153680562973025,0.3060010075569153,0.10088748671844053,5,2.333125114440918,2.913767099380493,2.4865418434143067,2.370884895324707,0.21839401009109877,5,0.5172809958457947,0.5273209810256958,0.5233211874961853,0.5230010151863098,0.003662755672251351,5,0.005119999870657921,0.008200000040233135,0.006927999947220087,0.007199999876320362,0.0010410456770056228,5,7168,128,1,16,8,9216,16,0,512,False,TORCH_SDPA_MLA,False,even,"[1, 1, 1, 1, 1, 1, 1, 1, 1, 1, 1, 1, 1, 1, 1, 1]",16,1,1.0,1.0,4.0,0.0,0.0,0.0,576,128,64,192,512,128,16,0,16,1,513,16,False,0,0,0,BF16,CUDA_EVENT,generic,generic,method=fp8|act=dynamic|serialized=True|block=128x128,False,False,,,,,,,,,,
0.004480000119656324,0.0081599997356534,0.005728000029921532,0.004600000102072954,0.0015312007092227308,5,0.04383999854326248,0.15272000432014465,0.06932800114154816,0.04676000028848648,0.042007234574371284,5,0.004480000119656324,0.0069599999114871025,0.005743999965488911,0.005880000069737434,0.0007994397494752981,5,0.005040000192821026,0.0075599998235702515,0.005952000059187413,0.005840000230818987,0.0009147326749100482,5,4.569091796875,5.014573097229004,4.728539848327637,4.6507720947265625,0.16427354508268763,5,18.362688064575195,21.84877586364746,19.595834732055664,18.511768341064453,1.4620496669581233,5,2.5523669719696045,2.6875669956207275,2.6026467800140383,2.5950469970703125,0.04782682568654899,5,0.00535999983549118,0.009519999846816063,0.007287999987602234,0.007240000180900097,0.0013370774138157502,5,7168,128,1,16,8,9216,128,0,512,False,TORCH_SDPA_MLA,False,even,"[1, 1, 1, 1, 1, 1, 1, 1, 1, 1, 1, 1, 1, 1, 1, 1, 1, 1, 1, 1, 1, 1, 1, 1, 1, 1, 1, 1, 1, 1, 1, 1, 1, 1, 1, 1, 1, 1, 1, 1, 1, 1, 1, 1, 1, 1, 1, 1, 1, 1, 1, 1, 1, 1, 1, 1, 1, 1, 1, 1, 1, 1, 1, 1, 1, 1, 1, 1, 1, 1, 1, 1, 1, 1, 1, 1, 1, 1, 1, 1, 1, 1, 1, 1, 1, 1, 1, 1, 1, 1, 1, 1, 1, 1, 1, 1, 1, 1, 1, 1, 1, 1, 1, 1, 1, 1, 1, 1, 1, 1, 1, 1, 1, 1, 1, 1, 1, 1, 1, 1, 1, 1, 1, 1, 1, 1, 1, 1]",128,1,1.0,1.0,11.0,0.0,0.0,0.0,576,128,64,192,512,128,128,0,128,1,513,128,False,0,0,0,BF16,CUDA_EVENT,generic,generic,method=fp8|act=dynamic|serialized=True|block=128x128,False,False,,,,,,,,,,
0.004360000137239695,0.012839999981224537,0.007328000012785196,0.006680000107735395,0.0028858163207039207,5,0.03691999986767769,0.044759999960660934,0.03875999972224235,0.03748000040650368,0.0030143126883397753,5,0.004399999976158142,0.005640000104904175,0.004919999931007624,0.004679999779909849,0.0005190761865422644,5,0.004399999976158142,0.0055599999614059925,0.004927999991923571,0.0049600000493228436,0.0004421040105353788,5,0.05480000004172325,0.07952000200748444,0.06345620080828666,0.05920000001788139,0.008746980986354923,5,0.21580000221729279,0.22892099618911743,0.2220163971185684,0.22195999324321747,0.0043298047460165676,5,0.04180099815130234,0.04899999871850014,0.044024199992418286,0.04280000180006027,0.0025966386341402872,5,0.005520000122487545,0.006399999838322401,0.005848000012338162,0.005799999926239252,0.0003193993795335715,5,7168,128,1,16,8,9216,1,0,1024,False,TORCH_SDPA_MLA,False,even,[1],1,1,1.0,1.0,1.0,0.0,0.0,0.0,576,128,64,192,512,128,1,0,1,1,1025,1,False,0,0,0,BF16,CUDA_EVENT,generic,generic,method=fp8|act=dynamic|serialized=True|block=128x128,False,False,,,,,,,,,,
0.004399999976158142,0.005919999908655882,0.004719999898225069,0.00443999981507659,0.0006002666105000245,5,0.04667999967932701,0.08568000048398972,0.05562400072813034,0.04828000068664551,0.015056896801284107,5,0.005640000104904175,0.007280000019818544,0.006216000020503998,0.005960000213235617,0.0006074734591848184,5,0.004360000137239695,0.006599999964237213,0.005967999994754791,0.006279999855905771,0.0008292260917518345,5,5.878815174102783,5.942174911499023,5.898454761505127,5.8904948234558105,0.022853882246692166,5,24.892620086669922,25.13338279724121,25.048037338256837,25.07834243774414,0.0845828824504136,5,4.002009868621826,4.079969882965088,4.0392577171325685,4.037169933319092,0.02582395510508243,5,0.007400000002235174,0.00863999966531992,0.007999999821186066,0.00791999977082014,0.000427083006443136,5,7168,128,1,16,8,9216,160,0,512,False,TORCH_SDPA_MLA,False,even,"[1, 1, 1, 1, 1, 1, 1, 1, 1, 1, 1, 1, 1, 1, 1, 1, 1, 1, 1, 1, 1, 1, 1, 1, 1, 1, 1, 1, 1, 1, 1, 1, 1, 1, 1, 1, 1, 1, 1, 1, 1, 1, 1, 1, 1, 1, 1, 1, 1, 1, 1, 1, 1, 1, 1, 1, 1, 1, 1, 1, 1, 1, 1, 1, 1, 1, 1, 1, 1, 1, 1, 1, 1, 1, 1, 1, 1, 1, 1, 1, 1, 1, 1, 1, 1, 1, 1, 1, 1, 1, 1, 1, 1, 1, 1, 1, 1, 1, 1, 1, 1, 1, 1, 1, 1, 1, 1, 1, 1, 1, 1, 1, 1, 1, 1, 1, 1, 1, 1, 1, 1, 1, 1, 1, 1, 1, 1, 1, 1, 1, 1, 1, 1, 1, 1, 1, 1, 1, 1, 1, 1, 1, 1, 1, 1, 1, 1, 1, 1, 1, 1, 1, 1, 1, 1, 1, 1, 1, 1, 1]",160,1,1.0,1.0,12.0,0.0,0.0,0.0,576,128,64,192,512,128,160,0,160,1,513,160,False,0,0,0,BF16,CUDA_EVENT,generic,generic,method=fp8|act=dynamic|serialized=True|block=128x128,False,False,,,,,,,,,,
0.004279999993741512,0.0077599999494850636,0.006912000011652708,0.0074800001457333565,0.0013219137692797994,5,0.039239998906850815,0.06955999881029129,0.04599199965596199,0.03976000100374222,0.011820941025896103,5,0.005439999978989363,0.00687999976798892,0.006007999926805496,0.005919999908655882,0.00047220326842180077,5,0.005080000031739473,0.007280000019818544,0.005848000012338162,0.0055599999614059925,0.0007712431832520907,5,0.09376099705696106,0.13308100402355194,0.1046084001660347,0.09880000352859497,0.01440432177766669,5,0.3786810040473938,0.41064101457595825,0.38921700716018676,0.3840410113334656,0.011963539077973144,5,0.06803999841213226,0.07683999836444855,0.0714483991265297,0.07091999799013138,0.0029206562433446363,5,0.005799999926239252,0.00812000036239624,0.006720000132918358,0.006920000072568655,0.0008556635790125544,5,7168,128,1,16,8,9216,2,0,1024,False,TORCH_SDPA_MLA,False,even,"[1, 1]",2,1,1.0,1.0,1.0,0.0,0.0,0.0,576,128,64,192,512,128,2,0,2,1,1025,2,False,0,0,0,BF16,CUDA_EVENT,generic,generic,method=fp8|act=dynamic|serialized=True|block=128x128,False,False,,,,,,,,,,
0.004360000137239695,0.01095999963581562,0.005695999972522259,0.004399999976158142,0.0026320606207325195,5,0.04631999880075455,0.23852099478244781,0.0867921993136406,0.048920001834630966,0.07589912333255527,5,0.004399999976158142,0.006120000034570694,0.005327999964356423,0.00559999980032444,0.0007467904166949594,5,0.005880000069737434,0.007840000092983246,0.006584000121802091,0.006120000034570694,0.0007700805217583749,5,7.1018171310424805,8.482460975646973,8.143099975585937,8.456460952758789,0.531634617094109,5,26.737424850463867,28.167987823486328,27.579106521606445,28.00038719177246,0.613778188036447,5,5.34117317199707,6.675375938415527,5.877629947662354,5.369052886962891,0.6384030984707048,5,0.007199999876320362,0.008200000040233135,0.007735999953001738,0.007600000128149986,0.0003866574498257396,5,7168,128,1,16,8,9216,192,0,512,False,TORCH_SDPA_MLA,False,even,"[1, 1, 1, 1, 1, 1, 1, 1, 1, 1, 1, 1, 1, 1, 1, 1, 1, 1, 1, 1, 1, 1, 1, 1, 1, 1, 1, 1, 1, 1, 1, 1, 1, 1, 1, 1, 1, 1, 1, 1, 1, 1, 1, 1, 1, 1, 1, 1, 1, 1, 1, 1, 1, 1, 1, 1, 1, 1, 1, 1, 1, 1, 1, 1, 1, 1, 1, 1, 1, 1, 1, 1, 1, 1, 1, 1, 1, 1, 1, 1, 1, 1, 1, 1, 1, 1, 1, 1, 1, 1, 1, 1, 1, 1, 1, 1, 1, 1, 1, 1, 1, 1, 1, 1, 1, 1, 1, 1, 1, 1, 1, 1, 1, 1, 1, 1, 1, 1, 1, 1, 1, 1, 1, 1, 1, 1, 1, 1, 1, 1, 1, 1, 1, 1, 1, 1, 1, 1, 1, 1, 1, 1, 1, 1, 1, 1, 1, 1, 1, 1, 1, 1, 1, 1, 1, 1, 1, 1, 1, 1, 1, 1, 1, 1, 1, 1, 1, 1, 1, 1, 1, 1, 1, 1, 1, 1, 1, 1, 1, 1, 1, 1, 1, 1, 1, 1, 1, 1, 1, 1, 1, 1]",192,1,1.0,1.0,13.0,0.0,0.0,0.0,576,128,64,192,512,128,192,0,192,1,513,192,False,0,0,0,BF16,CUDA_EVENT,generic,generic,method=fp8|act=dynamic|serialized=True|block=128x128,False,False,,,,,,,,,,
0.00431999983265996,0.007600000128149986,0.006208000052720308,0.007360000163316727,0.00152743450681318,5,0.038040000945329666,0.119159996509552,0.05581599846482277,0.040119998157024384,0.031707720197653035,5,0.004720000084489584,0.009639999829232693,0.00615199999883771,0.005520000122487545,0.0017826541109145673,5,0.005400000140070915,0.009519999846816063,0.006351999938488007,0.00559999980032444,0.0015862206160539086,5,0.17312000691890717,0.25672098994255066,0.19298460185527802,0.17744100093841553,0.03200650113888655,5,0.7070019841194153,0.7762020230293274,0.7268498063087463,0.7151610255241394,0.02528787857015908,5,0.1395609974861145,0.15343999862670898,0.14517639875411986,0.14287999272346497,0.004880350777666539,5,0.006680000107735395,0.01143999956548214,0.007952000014483929,0.007040000054985285,0.0017966010502405718,5,7168,128,1,16,8,9216,4,0,1024,False,TORCH_SDPA_MLA,False,even,"[1, 1, 1, 1]",4,1,1.0,1.0,2.0,0.0,0.0,0.0,576,128,64,192,512,128,4,0,4,1,1025,4,False,0,0,0,BF16,CUDA_EVENT,generic,generic,method=fp8|act=dynamic|serialized=True|block=128x128,False,False,,,,,,,,,,
0.004519999958574772,0.0075599998235702515,0.0067680000327527525,0.007160000037401915,0.001137126227238028,5,0.04188000038266182,0.0573199987411499,0.04644000008702278,0.04500000178813934,0.005582830179497801,5,0.004480000119656324,0.006800000090152025,0.005232000071555376,0.005040000192821026,0.0008210822427084612,5,0.004519999958574772,0.00547999981790781,0.004847999941557646,0.004800000227987766,0.00034446476909559266,5,3.3991689682006836,3.4713289737701416,3.4270649433135985,3.418808937072754,0.02467794190242097,5,17.477724075317383,17.624324798583984,17.558116149902343,17.560443878173828,0.05203331041357664,5,1.90584397315979,1.9208849668502808,1.9143486022949219,1.917965054512024,0.006613957052980702,5,0.006399999838322401,0.007600000128149986,0.0069761999882757665,0.00687999976798892,0.00039558795703311506,5,7168,128,1,16,8,9216,96,0,1024,False,TORCH_SDPA_MLA,False,even,"[1, 1, 1, 1, 1, 1, 1, 1, 1, 1, 1, 1, 1, 1, 1, 1, 1, 1, 1, 1, 1, 1, 1, 1, 1, 1, 1, 1, 1, 1, 1, 1, 1, 1, 1, 1, 1, 1, 1, 1, 1, 1, 1, 1, 1, 1, 1, 1, 1, 1, 1, 1, 1, 1, 1, 1, 1, 1, 1, 1, 1, 1, 1, 1, 1, 1, 1, 1, 1, 1, 1, 1, 1, 1, 1, 1, 1, 1, 1, 1, 1, 1, 1, 1, 1, 1, 1, 1, 1, 1, 1, 1, 1, 1, 1, 1]",96,1,1.0,1.0,9.0,0.0,0.0,0.0,576,128,64,192,512,128,96,0,96,1,1025,96,False,0,0,0,BF16,CUDA_EVENT,generic,generic,method=fp8|act=dynamic|serialized=True|block=128x128,False,False,,,,,,,,,,
0.004279999993741512,0.005799999926239252,0.004615999944508076,0.00431999983265996,0.000592540286799843,5,0.04383999854326248,0.06923999637365341,0.051047999411821365,0.04608000069856644,0.009367906310746016,5,0.005400000140070915,0.010359999723732471,0.007048000022768975,0.006440000142902136,0.0017458337299852162,5,0.005319999996572733,0.005880000069737434,0.0056640000082552435,0.005799999926239252,0.00022285428453584357,5,4.696732044219971,5.748013019561768,5.101228809356689,4.778092861175537,0.4577691652177376,5,22.394695281982422,23.295900344848633,23.02446594238281,23.13233757019043,0.3207387861986977,5,2.656567096710205,3.435089111328125,2.829511213302612,2.691365957260132,0.30307368672489843,5,0.005799999926239252,0.009159999899566174,0.007688200008124113,0.007360999938100576,0.001280298822099187,5,7168,128,1,16,8,9216,128,0,1024,False,TORCH_SDPA_MLA,False,even,"[1, 1, 1, 1, 1, 1, 1, 1, 1, 1, 1, 1, 1, 1, 1, 1, 1, 1, 1, 1, 1, 1, 1, 1, 1, 1, 1, 1, 1, 1, 1, 1, 1, 1, 1, 1, 1, 1, 1, 1, 1, 1, 1, 1, 1, 1, 1, 1, 1, 1, 1, 1, 1, 1, 1, 1, 1, 1, 1, 1, 1, 1, 1, 1, 1, 1, 1, 1, 1, 1, 1, 1, 1, 1, 1, 1, 1, 1, 1, 1, 1, 1, 1, 1, 1, 1, 1, 1, 1, 1, 1, 1, 1, 1, 1, 1, 1, 1, 1, 1, 1, 1, 1, 1, 1, 1, 1, 1, 1, 1, 1, 1, 1, 1, 1, 1, 1, 1, 1, 1, 1, 1, 1, 1, 1, 1, 1, 1]",128,1,1.0,1.0,11.0,0.0,0.0,0.0,576,128,64,192,512,128,128,0,128,1,1025,128,False,0,0,0,BF16,CUDA_EVENT,generic,generic,method=fp8|act=dynamic|serialized=True|block=128x128,False,False,,,,,,,,,,
0.005880000069737434,0.007120000198483467,0.006592000089585781,0.00687999976798892,0.0005562157704925162,5,0.03832000121474266,0.06335999816656113,0.044584200531244275,0.04024000093340874,0.00947350161395593,5,0.00443999981507659,0.007040000054985285,0.005536000058054924,0.005400000140070915,0.0008423206572333421,5,0.00419999985024333,0.005520000122487545,0.005031999945640564,0.005119999870657921,0.00047490638181928207,5,0.05764000117778778,0.07671999931335449,0.06407200023531914,0.06015999987721443,0.007203350013249934,5,0.3036009967327118,0.3444809913635254,0.3146250009536743,0.3080410063266754,0.015175567407990281,5,0.04227999970316887,0.050119999796152115,0.044488000124692915,0.04292000085115433,0.002904715899910831,5,0.0055599999614059925,0.007160000037401915,0.0060640000738203526,0.005880000069737434,0.0005609135345405986,5,7168,128,1,16,8,9216,1,0,2048,False,TORCH_SDPA_MLA,False,even,[1],1,1,1.0,1.0,1.0,0.0,0.0,0.0,576,128,64,192,512,128,1,0,1,1,2049,1,False,0,0,0,BF16,CUDA_EVENT,generic,generic,method=fp8|act=dynamic|serialized=True|block=128x128,False,False,,,,,,,,,,
0.004201000090688467,0.009999999776482582,0.0053842000663280485,0.004240000154823065,0.0023079492827651226,5,0.04568000137805939,0.15456099808216095,0.07070420011878013,0.05152000114321709,0.0420516244396213,5,0.004240000154823065,0.005960000213235617,0.005488000065088272,0.005840000230818987,0.0006466652768387861,5,0.004840000066906214,0.006200000178068876,0.005480000097304582,0.005400000140070915,0.0005008792626504446,5,4.6523308753967285,5.4953742027282715,5.132868099212646,5.1895318031311035,0.30839387531851054,5,38.96509552001953,39.68385696411133,39.314944458007815,39.3647346496582,0.27795278376952526,5,7.918338775634766,8.647541046142578,8.229339981079102,7.998380184173584,0.3316128671865448,5,0.006719999946653843,0.008320000022649765,0.007631999999284744,0.007720000110566616,0.0005573652048210761,5,7168,128,1,16,8,9216,256,0,512,False,TORCH_SDPA_MLA,False,even,"[1, 1, 1, 1, 1, 1, 1, 1, 1, 1, 1, 1, 1, 1, 1, 1, 1, 1, 1, 1, 1, 1, 1, 1, 1, 1, 1, 1, 1, 1, 1, 1, 1, 1, 1, 1, 1, 1, 1, 1, 1, 1, 1, 1, 1, 1, 1, 1, 1, 1, 1, 1, 1, 1, 1, 1, 1, 1, 1, 1, 1, 1, 1, 1, 1, 1, 1, 1, 1, 1, 1, 1, 1, 1, 1, 1, 1, 1, 1, 1, 1, 1, 1, 1, 1, 1, 1, 1, 1, 1, 1, 1, 1, 1, 1, 1, 1, 1, 1, 1, 1, 1, 1, 1, 1, 1, 1, 1, 1, 1, 1, 1, 1, 1, 1, 1, 1, 1, 1, 1, 1, 1, 1, 1, 1, 1, 1, 1, 1, 1, 1, 1, 1, 1, 1, 1, 1, 1, 1, 1, 1, 1, 1, 1, 1, 1, 1, 1, 1, 1, 1, 1, 1, 1, 1, 1, 1, 1, 1, 1, 1, 1, 1, 1, 1, 1, 1, 1, 1, 1, 1, 1, 1, 1, 1, 1, 1, 1, 1, 1, 1, 1, 1, 1, 1, 1, 1, 1, 1, 1, 1, 1, 1, 1, 1, 1, 1, 1, 1, 1, 1, 1, 1, 1, 1, 1, 1, 1, 1, 1, 1, 1, 1, 1, 1, 1, 1, 1, 1, 1, 1, 1, 1, 1, 1, 1, 1, 1, 1, 1, 1, 1, 1, 1, 1, 1, 1, 1, 1, 1, 1, 1, 1, 1, 1, 1, 1, 1, 1, 1, 1, 1, 1, 1, 1, 1]",256,1,1.0,1.0,16.0,0.0,0.0,0.0,576,128,64,192,512,128,256,0,256,1,513,256,False,0,0,0,BF16,CUDA_EVENT,generic,generic,method=fp8|act=dynamic|serialized=True|block=128x128,False,False,,,,,,,,,,
0.004120000172406435,0.008200000040233135,0.006639999989420176,0.006599999964237213,0.0014252577854110189,5,0.03516000136733055,0.11624100059270859,0.05351240038871765,0.038120999932289124,0.03140293993580997,5,0.00535999983549118,0.008200000040233135,0.006087999884039163,0.00571999978274107,0.0010713431617724782,5,0.005160000175237656,0.013199999928474426,0.007016000058501959,0.005520000122487545,0.0030988616563210366,5,0.1550000011920929,0.259799987077713,0.17722439765930176,0.15660099685192108,0.04130919592344989,5,1.4934840202331543,1.589684009552002,1.5244837999343872,1.5122439861297607,0.0349241028548607,5,0.26864001154899597,0.28324100375175476,0.2744562029838562,0.2727999985218048,0.005087277623832465,5,0.005960000213235617,0.007519999984651804,0.006888000015169382,0.006839999929070473,0.0005787710880524366,5,7168,128,1,16,8,9216,8,0,1024,False,TORCH_SDPA_MLA,False,even,"[1, 1, 1, 1, 1, 1, 1, 1]",8,1,1.0,1.0,2.0,0.0,0.0,0.0,576,128,64,192,512,128,8,0,8,1,1025,8,False,0,0,0,BF16,CUDA_EVENT,generic,generic,method=fp8|act=dynamic|serialized=True|block=128x128,False,False,,,,,,,,,,
0.004279999993741512,0.017319999635219574,0.007231999933719635,0.004399999976158142,0.0050754560826614704,5,0.0501599982380867,0.14103999733924866,0.0689363993704319,0.051040999591350555,0.036055562166573664,5,0.005799999926239252,0.006719999946653843,0.006199999991804361,0.005919999908655882,0.0004102682326174805,5,0.004279999993741512,0.006320000160485506,0.005536200106143951,0.005801000166684389,0.0007055280770880005,5,5.986814022064209,6.546055793762207,6.146422386169434,6.0382537841796875,0.20532983950080805,5,47.959110260009766,48.75103759765625,48.4038818359375,48.521392822265625,0.29656478406309633,5,7.904499053955078,8.15198040008545,8.02930727005005,8.054099082946777,0.10029905509750542,5,0.00851999968290329,0.009519999846816063,0.00888799987733364,0.008799999952316284,0.00033789938201889445,5,7168,128,1,16,8,9216,320,0,512,False,TORCH_SDPA_MLA,False,even,"[1, 1, 1, 1, 1, 1, 1, 1, 1, 1, 1, 1, 1, 1, 1, 1, 1, 1, 1, 1, 1, 1, 1, 1, 1, 1, 1, 1, 1, 1, 1, 1, 1, 1, 1, 1, 1, 1, 1, 1, 1, 1, 1, 1, 1, 1, 1, 1, 1, 1, 1, 1, 1, 1, 1, 1, 1, 1, 1, 1, 1, 1, 1, 1, 1, 1, 1, 1, 1, 1, 1, 1, 1, 1, 1, 1, 1, 1, 1, 1, 1, 1, 1, 1, 1, 1, 1, 1, 1, 1, 1, 1, 1, 1, 1, 1, 1, 1, 1, 1, 1, 1, 1, 1, 1, 1, 1, 1, 1, 1, 1, 1, 1, 1, 1, 1, 1, 1, 1, 1, 1, 1, 1, 1, 1, 1, 1, 1, 1, 1, 1, 1, 1, 1, 1, 1, 1, 1, 1, 1, 1, 1, 1, 1, 1, 1, 1, 1, 1, 1, 1, 1, 1, 1, 1, 1, 1, 1, 1, 1, 1, 1, 1, 1, 1, 1, 1, 1, 1, 1, 1, 1, 1, 1, 1, 1, 1, 1, 1, 1, 1, 1, 1, 1, 1, 1, 1, 1, 1, 1, 1, 1, 1, 1, 1, 1, 1, 1, 1, 1, 1, 1, 1, 1, 1, 1, 1, 1, 1, 1, 1, 1, 1, 1, 1, 1, 1, 1, 1, 1, 1, 1, 1, 1, 1, 1, 1, 1, 1, 1, 1, 1, 1, 1, 1, 1, 1, 1, 1, 1, 1, 1, 1, 1, 1, 1, 1, 1, 1, 1, 1, 1, 1, 1, 1, 1, 1, 1, 1, 1, 1, 1, 1, 1, 1, 1, 1, 1, 1, 1, 1, 1, 1, 1, 1, 1, 1, 1, 1, 1, 1, 1, 1, 1, 1, 1, 1, 1, 1, 1, 1, 1, 1, 1, 1, 1, 1, 1, 1, 1, 1, 1, 1, 1, 1, 1, 1, 1, 1, 1, 1, 1, 1, 1, 1, 1, 1, 1, 1, 1]",320,1,1.0,1.0,17.0,0.0,0.0,0.0,576,128,64,192,512,128,320,0,320,1,513,320,False,0,0,0,BF16,CUDA_EVENT,generic,generic,method=fp8|act=dynamic|serialized=True|block=128x128,False,False,,,,,,,,,,
0.0069599999114871025,0.007600000128149986,0.007216000091284513,0.007120000198483467,0.000246056909315998,5,0.03895999863743782,0.11479999870061874,0.05647999942302704,0.04227999970316887,0.029311818540021427,5,0.004480000119656324,0.007040000054985285,0.005984000023454427,0.006240000016987324,0.0008506373835655187,5,0.005280000157654285,0.01116000022739172,0.006808000151067972,0.005760000087320805,0.0021957632318997298,5,0.3150010108947754,0.8681619763374329,0.47649699449539185,0.3268809914588928,0.2147745269417618,5,2.7330069541931152,4.017449855804443,3.098767375946045,2.7853660583496094,0.48704134303082436,5,0.3577210009098053,0.3842810094356537,0.3686889946460724,0.3688809871673584,0.00945559728940906,5,0.006440000142902136,0.008559999987483025,0.007631999999284744,0.007519999984651804,0.0007467903568341499,5,7168,128,1,16,8,9216,16,0,1024,False,TORCH_SDPA_MLA,False,even,"[1, 1, 1, 1, 1, 1, 1, 1, 1, 1, 1, 1, 1, 1, 1, 1]",16,1,1.0,1.0,4.0,0.0,0.0,0.0,576,128,64,192,512,128,16,0,16,1,1025,16,False,0,0,0,BF16,CUDA_EVENT,generic,generic,method=fp8|act=dynamic|serialized=True|block=128x128,False,False,,,,,,,,,,
0.004360000137239695,0.004519999958574772,0.004439999908208847,0.00443999981507659,5.0596386064013265e-05,5,0.047600001096725464,0.14428000152111053,0.0699360005557537,0.05000000074505806,0.03738685666244274,5,0.005919999908655882,0.006599999964237213,0.006223999988287687,0.006320000160485506,0.0002660526695344241,5,0.005200000014156103,0.007199999876320362,0.006223999988287687,0.006039999891072512,0.0006772178149695509,5,5.896694183349609,5.980255126953125,5.924614906311035,5.9189348220825195,0.030212910148478423,5,29.339752197265625,29.48459243774414,29.397567749023438,29.367151260375977,0.0586302504125247,5,5.617214202880859,5.717214107513428,5.660541725158692,5.634774208068848,0.03971356100857784,5,0.006920000072568655,0.010040000081062317,0.00848799990490079,0.008080000057816505,0.001094977573312759,5,7168,128,1,16,8,9216,160,0,1024,False,TORCH_SDPA_MLA,False,even,"[1, 1, 1, 1, 1, 1, 1, 1, 1, 1, 1, 1, 1, 1, 1, 1, 1, 1, 1, 1, 1, 1, 1, 1, 1, 1, 1, 1, 1, 1, 1, 1, 1, 1, 1, 1, 1, 1, 1, 1, 1, 1, 1, 1, 1, 1, 1, 1, 1, 1, 1, 1, 1, 1, 1, 1, 1, 1, 1, 1, 1, 1, 1, 1, 1, 1, 1, 1, 1, 1, 1, 1, 1, 1, 1, 1, 1, 1, 1, 1, 1, 1, 1, 1, 1, 1, 1, 1, 1, 1, 1, 1, 1, 1, 1, 1, 1, 1, 1, 1, 1, 1, 1, 1, 1, 1, 1, 1, 1, 1, 1, 1, 1, 1, 1, 1, 1, 1, 1, 1, 1, 1, 1, 1, 1, 1, 1, 1, 1, 1, 1, 1, 1, 1, 1, 1, 1, 1, 1, 1, 1, 1, 1, 1, 1, 1, 1, 1, 1, 1, 1, 1, 1, 1, 1, 1, 1, 1, 1, 1]",160,1,1.0,1.0,12.0,0.0,0.0,0.0,576,128,64,192,512,128,160,0,160,1,1025,160,False,0,0,0,BF16,CUDA_EVENT,generic,generic,method=fp8|act=dynamic|serialized=True|block=128x128,False,False,,,,,,,,,,
0.004360000137239695,0.007400000002235174,0.006536000035703182,0.006920000072568655,0.0011034780953451803,5,0.03815999999642372,0.09927999973297119,0.051607999950647354,0.039480000734329224,0.023892899583008876,5,0.0049600000493228436,0.007280000019818544,0.005984000023454427,0.005919999908655882,0.0007438709537221138,5,0.004999999888241291,0.007199999876320362,0.005799999926239252,0.005280000157654285,0.0008593950954529201,5,0.09595999866724014,0.15760000050067902,0.11047260016202927,0.09920100122690201,0.02365401308350881,5,0.565401017665863,0.6223620176315308,0.5853372097015381,0.5822010040283203,0.01959216047669011,5,0.054999999701976776,0.07395999878644943,0.06363199949264527,0.06379999965429306,0.006343268207444398,5,0.006479999981820583,0.00851999968290329,0.0071679999120533465,0.006680000107735395,0.0008093057381214077,5,7168,128,1,16,8,9216,2,0,2048,False,TORCH_SDPA_MLA,False,even,"[1, 1]",2,1,1.0,1.0,1.0,0.0,0.0,0.0,576,128,64,192,512,128,2,0,2,1,2049,2,False,0,0,0,BF16,CUDA_EVENT,generic,generic,method=fp8|act=dynamic|serialized=True|block=128x128,False,False,,,,,,,,,,
0.007360000163316727,0.009399999864399433,0.008416000101715327,0.00872000027447939,0.000874382052727027,5,0.043719999492168427,0.13208000361919403,0.06244800090789795,0.04548000171780586,0.03482341784823195,5,0.005040000192821026,0.005960000213235617,0.005640200059860945,0.005799999926239252,0.0003345925101629935,5,0.005520000122487545,0.006399999838322401,0.005943999905139208,0.005919999908655882,0.0003519999413666536,5,3.500929117202759,4.330451011657715,4.003226280212402,4.089570045471191,0.30818916437128036,5,26.912227630615234,28.07895278930664,27.319878005981444,27.11338996887207,0.4474273443500116,5,1.984084963798523,2.008805990219116,1.9910291671752929,1.988124966621399,0.009123649733208639,5,0.007000000216066837,0.009680000133812428,0.007912000175565481,0.0074800001457333565,0.000981557957849258,5,7168,128,1,16,8,9216,96,0,2048,False,TORCH_SDPA_MLA,False,even,"[1, 1, 1, 1, 1, 1, 1, 1, 1, 1, 1, 1, 1, 1, 1, 1, 1, 1, 1, 1, 1, 1, 1, 1, 1, 1, 1, 1, 1, 1, 1, 1, 1, 1, 1, 1, 1, 1, 1, 1, 1, 1, 1, 1, 1, 1, 1, 1, 1, 1, 1, 1, 1, 1, 1, 1, 1, 1, 1, 1, 1, 1, 1, 1, 1, 1, 1, 1, 1, 1, 1, 1, 1, 1, 1, 1, 1, 1, 1, 1, 1, 1, 1, 1, 1, 1, 1, 1, 1, 1, 1, 1, 1, 1, 1, 1]",96,1,1.0,1.0,9.0,0.0,0.0,0.0,576,128,64,192,512,128,96,0,96,1,2049,96,False,0,0,0,BF16,CUDA_EVENT,generic,generic,method=fp8|act=dynamic|serialized=True|block=128x128,False,False,,,,,,,,,,
0.004399999976158142,0.005840000230818987,0.005024000070989132,0.004920000210404396,0.0005903762107451568,5,0.047439999878406525,0.1812400072813034,0.07981600090861321,0.05243999883532524,0.051207768658848726,5,0.005119999870657921,0.00872000027447939,0.006448000017553568,0.006279999855905771,0.0012125742374735269,5,0.00559999980032444,0.007040000054985285,0.006223999988287687,0.005840000230818987,0.0005936194297403252,5,10.179585456848145,11.91126823425293,11.315827178955079,11.717947959899902,0.6643217130556109,5,58.12665939331055,60.180824279785156,59.439814758300784,59.57402420043945,0.7059802411471786,5,12.88015079498291,14.06811237335205,13.765376853942872,13.936234474182129,0.448371782697984,5,0.00803999975323677,0.009440000168979168,0.008719999901950359,0.00851999968290329,0.0005466992876285394,5,7168,128,1,16,8,9216,384,0,512,False,TORCH_SDPA_MLA,False,even,"[1, 1, 1, 1, 1, 1, 1, 1, 1, 1, 1, 1, 1, 1, 1, 1, 1, 1, 1, 1, 1, 1, 1, 1, 1, 1, 1, 1, 1, 1, 1, 1, 1, 1, 1, 1, 1, 1, 1, 1, 1, 1, 1, 1, 1, 1, 1, 1, 1, 1, 1, 1, 1, 1, 1, 1, 1, 1, 1, 1, 1, 1, 1, 1, 1, 1, 1, 1, 1, 1, 1, 1, 1, 1, 1, 1, 1, 1, 1, 1, 1, 1, 1, 1, 1, 1, 1, 1, 1, 1, 1, 1, 1, 1, 1, 1, 1, 1, 1, 1, 1, 1, 1, 1, 1, 1, 1, 1, 1, 1, 1, 1, 1, 1, 1, 1, 1, 1, 1, 1, 1, 1, 1, 1, 1, 1, 1, 1, 1, 1, 1, 1, 1, 1, 1, 1, 1, 1, 1, 1, 1, 1, 1, 1, 1, 1, 1, 1, 1, 1, 1, 1, 1, 1, 1, 1, 1, 1, 1, 1, 1, 1, 1, 1, 1, 1, 1, 1, 1, 1, 1, 1, 1, 1, 1, 1, 1, 1, 1, 1, 1, 1, 1, 1, 1, 1, 1, 1, 1, 1, 1, 1, 1, 1, 1, 1, 1, 1, 1, 1, 1, 1, 1, 1, 1, 1, 1, 1, 1, 1, 1, 1, 1, 1, 1, 1, 1, 1, 1, 1, 1, 1, 1, 1, 1, 1, 1, 1, 1, 1, 1, 1, 1, 1, 1, 1, 1, 1, 1, 1, 1, 1, 1, 1, 1, 1, 1, 1, 1, 1, 1, 1, 1, 1, 1, 1, 1, 1, 1, 1, 1, 1, 1, 1, 1, 1, 1, 1, 1, 1, 1, 1, 1, 1, 1, 1, 1, 1, 1, 1, 1, 1, 1, 1, 1, 1, 1, 1, 1, 1, 1, 1, 1, 1, 1, 1, 1, 1, 1, 1, 1, 1, 1, 1, 1, 1, 1, 1, 1, 1, 1, 1, 1, 1, 1, 1, 1, 1, 1, 1, 1, 1, 1, 1, 1, 1, 1, 1, 1, 1, 1, 1, 1, 1, 1, 1, 1, 1, 1, 1, 1, 1, 1, 1, 1, 1, 1, 1, 1, 1, 1, 1, 1, 1, 1, 1, 1, 1, 1, 1, 1, 1, 1, 1, 1, 1, 1, 1, 1, 1, 1, 1, 1, 1, 1, 1, 1, 1, 1, 1, 1, 1, 1, 1]",384,1,1.0,1.0,19.0,0.0,0.0,0.0,576,128,64,192,512,128,384,0,384,1,513,384,False,0,0,0,BF16,CUDA_EVENT,generic,generic,method=fp8|act=dynamic|serialized=True|block=128x128,False,False,,,,,,,,,,
0.004240000154823065,0.012640000320971012,0.006248000077903271,0.00431999983265996,0.0032470935947765847,5,0.047839999198913574,0.16704100370407104,0.08094439953565598,0.0562409982085228,0.04454194420918174,5,0.004480000119656324,0.0069599999114871025,0.006223999988287687,0.006639999803155661,0.0008957141582521942,5,0.00571999978274107,0.00687999976798892,0.006119999941438437,0.005799999926239252,0.00046303345385483464,5,16.30508041381836,17.388044357299805,16.76662673950195,16.50872230529785,0.4711325080090845,5,61.69363784790039,62.02811813354492,61.8353889465332,61.821475982666016,0.11975360009569451,5,9.861064910888672,9.94874382019043,9.896328926086426,9.880105018615723,0.03634517861782496,5,0.007439999841153622,0.009479999542236328,0.008375999704003333,0.00839999970048666,0.0006677004338388104,5,7168,128,1,16,8,9216,448,0,512,False,TORCH_SDPA_MLA,False,even,"[1, 1, 1, 1, 1, 1, 1, 1, 1, 1, 1, 1, 1, 1, 1, 1, 1, 1, 1, 1, 1, 1, 1, 1, 1, 1, 1, 1, 1, 1, 1, 1, 1, 1, 1, 1, 1, 1, 1, 1, 1, 1, 1, 1, 1, 1, 1, 1, 1, 1, 1, 1, 1, 1, 1, 1, 1, 1, 1, 1, 1, 1, 1, 1, 1, 1, 1, 1, 1, 1, 1, 1, 1, 1, 1, 1, 1, 1, 1, 1, 1, 1, 1, 1, 1, 1, 1, 1, 1, 1, 1, 1, 1, 1, 1, 1, 1, 1, 1, 1, 1, 1, 1, 1, 1, 1, 1, 1, 1, 1, 1, 1, 1, 1, 1, 1, 1, 1, 1, 1, 1, 1, 1, 1, 1, 1, 1, 1, 1, 1, 1, 1, 1, 1, 1, 1, 1, 1, 1, 1, 1, 1, 1, 1, 1, 1, 1, 1, 1, 1, 1, 1, 1, 1, 1, 1, 1, 1, 1, 1, 1, 1, 1, 1, 1, 1, 1, 1, 1, 1, 1, 1, 1, 1, 1, 1, 1, 1, 1, 1, 1, 1, 1, 1, 1, 1, 1, 1, 1, 1, 1, 1, 1, 1, 1, 1, 1, 1, 1, 1, 1, 1, 1, 1, 1, 1, 1, 1, 1, 1, 1, 1, 1, 1, 1, 1, 1, 1, 1, 1, 1, 1, 1, 1, 1, 1, 1, 1, 1, 1, 1, 1, 1, 1, 1, 1, 1, 1, 1, 1, 1, 1, 1, 1, 1, 1, 1, 1, 1, 1, 1, 1, 1, 1, 1, 1, 1, 1, 1, 1, 1, 1, 1, 1, 1, 1, 1, 1, 1, 1, 1, 1, 1, 1, 1, 1, 1, 1, 1, 1, 1, 1, 1, 1, 1, 1, 1, 1, 1, 1, 1, 1, 1, 1, 1, 1, 1, 1, 1, 1, 1, 1, 1, 1, 1, 1, 1, 1, 1, 1, 1, 1, 1, 1, 1, 1, 1, 1, 1, 1, 1, 1, 1, 1, 1, 1, 1, 1, 1, 1, 1, 1, 1, 1, 1, 1, 1, 1, 1, 1, 1, 1, 1, 1, 1, 1, 1, 1, 1, 1, 1, 1, 1, 1, 1, 1, 1, 1, 1, 1, 1, 1, 1, 1, 1, 1, 1, 1, 1, 1, 1, 1, 1, 1, 1, 1, 1, 1, 1, 1, 1, 1, 1, 1, 1, 1, 1, 1, 1, 1, 1, 1, 1, 1, 1, 1, 1, 1, 1, 1, 1, 1, 1, 1, 1, 1, 1, 1, 1, 1, 1, 1, 1, 1, 1, 1, 1, 1, 1, 1, 1, 1, 1, 1, 1, 1, 1, 1, 1, 1, 1, 1, 1, 1, 1, 1, 1, 1, 1, 1, 1, 1, 1, 1, 1, 1, 1, 1]",448,1,1.0,1.0,21.0,0.0,0.0,0.0,576,128,64,192,512,128,448,0,448,1,513,448,False,0,0,0,BF16,CUDA_EVENT,generic,generic,method=fp8|act=dynamic|serialized=True|block=128x128,False,False,,,,,,,,,,
0.00431999983265996,0.009720000438392162,0.006904000043869018,0.00687999976798892,0.0018150659914895912,5,0.041919998824596405,0.09904100000858307,0.05692859962582588,0.04800000041723251,0.021183561561269174,5,0.00547999981790781,0.00675999978557229,0.006031999923288822,0.006000000052154064,0.00042362245591910273,5,0.005280000157654285,0.008200000040233135,0.006120000034570694,0.005840000230818987,0.001070327058411883,5,0.8448020219802856,1.7990039587020874,1.0378983974456788,0.848281979560852,0.38055582668841714,5,5.505173206329346,7.250377178192139,6.509055423736572,6.975336074829102,0.7774964084268361,5,1.0739229917526245,1.1258430480957031,1.0962186098098754,1.0902819633483887,0.017958501731965348,5,0.005679999943822622,0.009359999559819698,0.007527999952435494,0.007679999805986881,0.0012154734720501814,5,7168,128,1,16,8,9216,32,0,1024,False,TORCH_SDPA_MLA,False,even,"[1, 1, 1, 1, 1, 1, 1, 1, 1, 1, 1, 1, 1, 1, 1, 1, 1, 1, 1, 1, 1, 1, 1, 1, 1, 1, 1, 1, 1, 1, 1, 1]",32,1,1.0,1.0,5.0,0.0,0.0,0.0,576,128,64,192,512,128,32,0,32,1,1025,32,False,0,0,0,BF16,CUDA_EVENT,generic,generic,method=fp8|act=dynamic|serialized=True|block=128x128,False,False,,,,,,,,,,
0.00431999983265996,0.004519999958574772,0.0044479998759925365,0.00443999981507659,7.332126134506507e-05,5,0.04975999891757965,0.0689999982714653,0.054175999760627744,0.05056000128388405,0.007441401304660044,5,0.005080000031739473,0.00687999976798892,0.005887999944388866,0.005960000213235617,0.0006656845494001783,5,0.005080000031739473,0.006320000160485506,0.005616000015288591,0.005520000122487545,0.0004935423394924025,5,20.299571990966797,20.965251922607422,20.69841194152832,20.78089141845703,0.2475842052346499,5,74.33211517333984,77.1856689453125,75.65627899169922,75.69522857666016,1.0082713864015787,5,11.75762939453125,12.090909957885742,11.954405975341796,11.970990180969238,0.11923483171400567,5,0.00788000039756298,0.00860000029206276,0.008232000097632409,0.008200000040233135,0.00028888742057555847,5,7168,128,1,16,8,9216,512,0,512,False,TORCH_SDPA_MLA,False,even,"[1, 1, 1, 1, 1, 1, 1, 1, 1, 1, 1, 1, 1, 1, 1, 1, 1, 1, 1, 1, 1, 1, 1, 1, 1, 1, 1, 1, 1, 1, 1, 1, 1, 1, 1, 1, 1, 1, 1, 1, 1, 1, 1, 1, 1, 1, 1, 1, 1, 1, 1, 1, 1, 1, 1, 1, 1, 1, 1, 1, 1, 1, 1, 1, 1, 1, 1, 1, 1, 1, 1, 1, 1, 1, 1, 1, 1, 1, 1, 1, 1, 1, 1, 1, 1, 1, 1, 1, 1, 1, 1, 1, 1, 1, 1, 1, 1, 1, 1, 1, 1, 1, 1, 1, 1, 1, 1, 1, 1, 1, 1, 1, 1, 1, 1, 1, 1, 1, 1, 1, 1, 1, 1, 1, 1, 1, 1, 1, 1, 1, 1, 1, 1, 1, 1, 1, 1, 1, 1, 1, 1, 1, 1, 1, 1, 1, 1, 1, 1, 1, 1, 1, 1, 1, 1, 1, 1, 1, 1, 1, 1, 1, 1, 1, 1, 1, 1, 1, 1, 1, 1, 1, 1, 1, 1, 1, 1, 1, 1, 1, 1, 1, 1, 1, 1, 1, 1, 1, 1, 1, 1, 1, 1, 1, 1, 1, 1, 1, 1, 1, 1, 1, 1, 1, 1, 1, 1, 1, 1, 1, 1, 1, 1, 1, 1, 1, 1, 1, 1, 1, 1, 1, 1, 1, 1, 1, 1, 1, 1, 1, 1, 1, 1, 1, 1, 1, 1, 1, 1, 1, 1, 1, 1, 1, 1, 1, 1, 1, 1, 1, 1, 1, 1, 1, 1, 1, 1, 1, 1, 1, 1, 1, 1, 1, 1, 1, 1, 1, 1, 1, 1, 1, 1, 1, 1, 1, 1, 1, 1, 1, 1, 1, 1, 1, 1, 1, 1, 1, 1, 1, 1, 1, 1, 1, 1, 1, 1, 1, 1, 1, 1, 1, 1, 1, 1, 1, 1, 1, 1, 1, 1, 1, 1, 1, 1, 1, 1, 1, 1, 1, 1, 1, 1, 1, 1, 1, 1, 1, 1, 1, 1, 1, 1, 1, 1, 1, 1, 1, 1, 1, 1, 1, 1, 1, 1, 1, 1, 1, 1, 1, 1, 1, 1, 1, 1, 1, 1, 1, 1, 1, 1, 1, 1, 1, 1, 1, 1, 1, 1, 1, 1, 1, 1, 1, 1, 1, 1, 1, 1, 1, 1, 1, 1, 1, 1, 1, 1, 1, 1, 1, 1, 1, 1, 1, 1, 1, 1, 1, 1, 1, 1, 1, 1, 1, 1, 1, 1, 1, 1, 1, 1, 1, 1, 1, 1, 1, 1, 1, 1, 1, 1, 1, 1, 1, 1, 1, 1, 1, 1, 1, 1, 1, 1, 1, 1, 1, 1, 1, 1, 1, 1, 1, 1, 1, 1, 1, 1, 1, 1, 1, 1, 1, 1, 1, 1, 1, 1, 1, 1, 1, 1, 1, 1, 1, 1, 1, 1, 1, 1, 1, 1, 1, 1, 1, 1, 1, 1, 1, 1, 1, 1, 1, 1, 1, 1, 1, 1, 1, 1, 1, 1, 1, 1, 1, 1, 1, 1, 1, 1, 1, 1, 1, 1, 1, 1, 1, 1, 1, 1, 1, 1, 1]",512,1,1.0,1.0,22.0,0.0,0.0,0.0,576,128,64,192,512,128,512,0,512,1,513,512,False,0,0,0,BF16,CUDA_EVENT,generic,generic,method=fp8|act=dynamic|serialized=True|block=128x128,False,False,,,,,,,,,,
0.005160000175237656,0.009759999811649323,0.007200000062584877,0.0074800001457333565,0.0016295274327129505,5,0.042920999228954315,0.11544100195169449,0.058456599712371826,0.04464099928736687,0.02850285565386102,5,0.005640000104904175,0.007600000128149986,0.00673599997535348,0.006519999820739031,0.0007378238480173193,5,0.004279999993741512,0.00800000037997961,0.00602400004863739,0.006719999946653843,0.0014656821399525945,5,1.7733639478683472,2.392685890197754,1.9588849782943725,1.789965033531189,0.2420622719635096,5,8.057621002197266,8.961342811584473,8.598270034790039,8.932982444763184,0.42825167425096017,5,1.0052820444107056,1.0276819467544556,1.017570424079895,1.0215630531311035,0.009879377089391272,5,0.005840000230818987,0.00851999968290329,0.007303999923169613,0.007319999858736992,0.0008588735014167389,5,7168,128,1,16,8,9216,48,0,1024,False,TORCH_SDPA_MLA,False,even,"[1, 1, 1, 1, 1, 1, 1, 1, 1, 1, 1, 1, 1, 1, 1, 1, 1, 1, 1, 1, 1, 1, 1, 1, 1, 1, 1, 1, 1, 1, 1, 1, 1, 1, 1, 1, 1, 1, 1, 1, 1, 1, 1, 1, 1, 1, 1, 1]",48,1,1.0,1.0,6.0,0.0,0.0,0.0,576,128,64,192,512,128,48,0,48,1,1025,48,False,0,0,0,BF16,CUDA_EVENT,generic,generic,method=fp8|act=dynamic|serialized=True|block=128x128,False,False,,,,,,,,,,
0.004120000172406435,0.00419999985024333,0.004167999979108572,0.0041600000113248825,2.993313855179537e-05,5,0.04440100118517876,0.12863999605178833,0.06396019905805587,0.04839999973773956,0.032457288813093794,5,0.005239999853074551,0.007841000333428383,0.006096200086176395,0.005880000069737434,0.0009283760005066161,5,0.005679999943822622,0.00887999963015318,0.006863999832421541,0.006000000052154064,0.0013344900500479465,5,3.366568088531494,4.2157697677612305,3.8538169860839844,3.9460489749908447,0.2877951465120617,5,36.716732025146484,37.36953353881836,37.10566864013672,37.33085250854492,0.2935546320910728,5,5.944455146789551,6.6571760177612305,6.23467903137207,6.0056538581848145,0.3228936555846568,5,0.007319999858736992,0.0081599997356534,0.007815999910235405,0.00791999977082014,0.0003265333738723326,5,7168,128,1,16,8,9216,192,0,1024,False,TORCH_SDPA_MLA,False,even,"[1, 1, 1, 1, 1, 1, 1, 1, 1, 1, 1, 1, 1, 1, 1, 1, 1, 1, 1, 1, 1, 1, 1, 1, 1, 1, 1, 1, 1, 1, 1, 1, 1, 1, 1, 1, 1, 1, 1, 1, 1, 1, 1, 1, 1, 1, 1, 1, 1, 1, 1, 1, 1, 1, 1, 1, 1, 1, 1, 1, 1, 1, 1, 1, 1, 1, 1, 1, 1, 1, 1, 1, 1, 1, 1, 1, 1, 1, 1, 1, 1, 1, 1, 1, 1, 1, 1, 1, 1, 1, 1, 1, 1, 1, 1, 1, 1, 1, 1, 1, 1, 1, 1, 1, 1, 1, 1, 1, 1, 1, 1, 1, 1, 1, 1, 1, 1, 1, 1, 1, 1, 1, 1, 1, 1, 1, 1, 1, 1, 1, 1, 1, 1, 1, 1, 1, 1, 1, 1, 1, 1, 1, 1, 1, 1, 1, 1, 1, 1, 1, 1, 1, 1, 1, 1, 1, 1, 1, 1, 1, 1, 1, 1, 1, 1, 1, 1, 1, 1, 1, 1, 1, 1, 1, 1, 1, 1, 1, 1, 1, 1, 1, 1, 1, 1, 1, 1, 1, 1, 1, 1, 1]",192,1,1.0,1.0,13.0,0.0,0.0,0.0,576,128,64,192,512,128,192,0,192,1,1025,192,False,0,0,0,BF16,CUDA_EVENT,generic,generic,method=fp8|act=dynamic|serialized=True|block=128x128,False,False,,,,,,,,,,
0.004279999993741512,0.007321000099182129,0.00637619998306036,0.006719999946653843,0.001071280437093555,5,0.036159999668598175,0.08235999941825867,0.0463359996676445,0.036559998989105225,0.018082169593618694,5,0.004240000154823065,0.007280000019818544,0.005544000118970871,0.005439999978989363,0.0010199921120736034,5,0.004240000154823065,0.009080000221729279,0.00590400006622076,0.005239999853074551,0.0016759188973320032,5,0.08624099940061569,0.12515999376773834,0.09466419965028763,0.08696000277996063,0.015273531465055955,5,1.0359619855880737,1.0920029878616333,1.0540104150772094,1.0465220212936401,0.020390098346938893,5,0.12252099812030792,0.14188000559806824,0.12761640101671218,0.12439999729394913,0.007218703842703173,5,0.005400000140070915,0.0069599999114871025,0.006192000024020672,0.006200000178068876,0.0004940606551322443,5,7168,128,1,16,8,9216,4,0,2048,False,TORCH_SDPA_MLA,False,even,"[1, 1, 1, 1]",4,1,1.0,1.0,2.0,0.0,0.0,0.0,576,128,64,192,512,128,4,0,4,1,2049,4,False,0,0,0,BF16,CUDA_EVENT,generic,generic,method=fp8|act=dynamic|serialized=True|block=128x128,False,False,,,,,,,,,,
0.00675999978557229,0.014999999664723873,0.009152199979871512,0.008080000057816505,0.002998250586278863,5,0.04500000178813934,0.14523999392986298,0.06622399911284446,0.04548000171780586,0.039554214123813325,5,0.004399999976158142,0.006519999820739031,0.0056559999473392965,0.005799999926239252,0.0007481603773294921,5,0.005080000031739473,0.009759999811649323,0.006448000017553568,0.005840000230818987,0.0016931673517127115,5,2.3982861042022705,3.7406890392303467,2.7653268337249757,2.412045955657959,0.5188036919497866,5,11.755949974060059,12.282831192016602,12.104854774475097,12.22131061553955,0.19516501952531487,5,1.3181229829788208,1.5619640350341797,1.3823872089385987,1.3440029621124268,0.0906792449242559,5,0.007040000054985285,0.009999999776482582,0.008344000019133092,0.00788000039756298,0.00104723623801357,5,7168,128,1,16,8,9216,64,0,1024,False,TORCH_SDPA_MLA,False,even,"[1, 1, 1, 1, 1, 1, 1, 1, 1, 1, 1, 1, 1, 1, 1, 1, 1, 1, 1, 1, 1, 1, 1, 1, 1, 1, 1, 1, 1, 1, 1, 1, 1, 1, 1, 1, 1, 1, 1, 1, 1, 1, 1, 1, 1, 1, 1, 1, 1, 1, 1, 1, 1, 1, 1, 1, 1, 1, 1, 1, 1, 1, 1, 1]",64,1,1.0,1.0,8.0,0.0,0.0,0.0,576,128,64,192,512,128,64,0,64,1,1025,64,False,0,0,0,BF16,CUDA_EVENT,generic,generic,method=fp8|act=dynamic|serialized=True|block=128x128,False,False,,,,,,,,,,
0.004360000137239695,0.005160000175237656,0.004584000073373317,0.004480000119656324,0.00029350302539434,5,0.04568000137805939,0.1594409942626953,0.0725121982395649,0.053199999034404755,0.043644670335321885,5,0.0049600000493228436,0.014360000379383564,0.007408000063151121,0.0061599998734891415,0.0035123008129525485,5,0.005400000140070915,0.033879999071359634,0.011367999855428934,0.005760000087320805,0.011257833146027364,5,4.7270121574401855,5.30137300491333,4.860164451599121,4.748012065887451,0.22158398291836542,5,34.7912483215332,36.70893096923828,35.256056213378905,34.89980697631836,0.7296478445274227,5,3.5526490211486816,4.888492107391357,3.8442337989807127,3.5680088996887207,0.5232285278904993,5,0.006920000072568655,0.00875999964773655,0.007687999960035085,0.007319999858736992,0.0006953099652149813,5,7168,128,1,16,8,9216,128,0,2048,False,TORCH_SDPA_MLA,False,even,"[1, 1, 1, 1, 1, 1, 1, 1, 1, 1, 1, 1, 1, 1, 1, 1, 1, 1, 1, 1, 1, 1, 1, 1, 1, 1, 1, 1, 1, 1, 1, 1, 1, 1, 1, 1, 1, 1, 1, 1, 1, 1, 1, 1, 1, 1, 1, 1, 1, 1, 1, 1, 1, 1, 1, 1, 1, 1, 1, 1, 1, 1, 1, 1, 1, 1, 1, 1, 1, 1, 1, 1, 1, 1, 1, 1, 1, 1, 1, 1, 1, 1, 1, 1, 1, 1, 1, 1, 1, 1, 1, 1, 1, 1, 1, 1, 1, 1, 1, 1, 1, 1, 1, 1, 1, 1, 1, 1, 1, 1, 1, 1, 1, 1, 1, 1, 1, 1, 1, 1, 1, 1, 1, 1, 1, 1, 1, 1]",128,1,1.0,1.0,11.0,0.0,0.0,0.0,576,128,64,192,512,128,128,0,128,1,2049,128,False,0,0,0,BF16,CUDA_EVENT,generic,generic,method=fp8|act=dynamic|serialized=True|block=128x128,False,False,,,,,,,,,,
0.004360000137239695,0.009440000168979168,0.006032000109553337,0.004639999940991402,0.0020107551279434227,5,0.03711999952793121,0.08092000335454941,0.04822400063276291,0.0414000004529953,0.016429450090694173,5,0.004679999779909849,0.006920000072568655,0.005312000028789043,0.004920000210404396,0.0008214718839117215,5,0.004360000137239695,0.006120000034570694,0.005272000003606081,0.005200000014156103,0.00057655525725781,5,0.059039998799562454,0.09296099841594696,0.06664839908480644,0.059480998665094376,0.013206673507143602,5,0.4338409900665283,0.48896101117134094,0.4488730013370514,0.4402410089969635,0.020399823642143485,5,0.016839999705553055,0.039400000125169754,0.021432000026106835,0.016920000314712524,0.00898451650881648,5,0.004480000119656324,0.00863999966531992,0.0053599999286234375,0.004559999797493219,0.0016404876002187908,5,7168,128,1,16,8,9216,1,0,3072,False,TORCH_SDPA_MLA,False,even,[1],1,1,1.0,1.0,1.0,0.0,0.0,0.0,576,128,64,192,512,128,1,0,1,1,3073,1,False,0,0,0,BF16,CUDA_EVENT,generic,generic,method=fp8|act=dynamic|serialized=True|block=128x128,False,False,,,,,,,,,,
0.004399999976158142,0.010520000010728836,0.005839999951422215,0.00443999981507659,0.0023735880338569743,5,0.04692000150680542,0.19524100422859192,0.0798162005841732,0.04944000020623207,0.05785861421025787,5,0.00547999981790781,0.008440000005066395,0.006943999882787466,0.00687999976798892,0.0009770486919364698,5,0.00443999981507659,0.006719999946653843,0.005607999861240387,0.00547999981790781,0.0007570046693961499,5,5.238732814788818,6.598455905914307,6.058718299865722,6.331894874572754,0.5544489371681212,5,48.318359375,49.7706413269043,49.309696197509766,49.479400634765625,0.5374073345592321,5,5.313252925872803,6.864497184753418,5.97812671661377,5.456333160400391,0.7238545798444252,5,0.007280000019818544,0.009440000168979168,0.008256000000983477,0.008080000057816505,0.0007131227284334458,5,7168,128,1,16,8,9216,256,0,1024,False,TORCH_SDPA_MLA,False,even,"[1, 1, 1, 1, 1, 1, 1, 1, 1, 1, 1, 1, 1, 1, 1, 1, 1, 1, 1, 1, 1, 1, 1, 1, 1, 1, 1, 1, 1, 1, 1, 1, 1, 1, 1, 1, 1, 1, 1, 1, 1, 1, 1, 1, 1, 1, 1, 1, 1, 1, 1, 1, 1, 1, 1, 1, 1, 1, 1, 1, 1, 1, 1, 1, 1, 1, 1, 1, 1, 1, 1, 1, 1, 1, 1, 1, 1, 1, 1, 1, 1, 1, 1, 1, 1, 1, 1, 1, 1, 1, 1, 1, 1, 1, 1, 1, 1, 1, 1, 1, 1, 1, 1, 1, 1, 1, 1, 1, 1, 1, 1, 1, 1, 1, 1, 1, 1, 1, 1, 1, 1, 1, 1, 1, 1, 1, 1, 1, 1, 1, 1, 1, 1, 1, 1, 1, 1, 1, 1, 1, 1, 1, 1, 1, 1, 1, 1, 1, 1, 1, 1, 1, 1, 1, 1, 1, 1, 1, 1, 1, 1, 1, 1, 1, 1, 1, 1, 1, 1, 1, 1, 1, 1, 1, 1, 1, 1, 1, 1, 1, 1, 1, 1, 1, 1, 1, 1, 1, 1, 1, 1, 1, 1, 1, 1, 1, 1, 1, 1, 1, 1, 1, 1, 1, 1, 1, 1, 1, 1, 1, 1, 1, 1, 1, 1, 1, 1, 1, 1, 1, 1, 1, 1, 1, 1, 1, 1, 1, 1, 1, 1, 1, 1, 1, 1, 1, 1, 1, 1, 1, 1, 1, 1, 1, 1, 1, 1, 1, 1, 1, 1, 1, 1, 1, 1, 1]",256,1,1.0,1.0,16.0,0.0,0.0,0.0,576,128,64,192,512,128,256,0,256,1,1025,256,False,0,0,0,BF16,CUDA_EVENT,generic,generic,method=fp8|act=dynamic|serialized=True|block=128x128,False,False,,,,,,,,,,
0.004360000137239695,0.00812000036239624,0.006800000090152025,0.007000000216066837,0.0012998461663578892,5,0.03872000053524971,0.12695999443531036,0.05849619880318642,0.04171999916434288,0.034319724054753316,5,0.004399999976158142,0.0063599999994039536,0.005640000011771918,0.005840000230818987,0.0006572670917229525,5,0.004920000210404396,0.015720000490546227,0.007512000110000372,0.00559999980032444,0.004116806709691633,5,0.16916100680828094,0.4718010127544403,0.23413660228252411,0.17768099904060364,0.11889349356264946,5,2.083085060119629,2.20532488822937,2.114093017578125,2.0939650535583496,0.0458590068055503,5,0.1793610006570816,0.2125210016965866,0.18816060125827788,0.18236100673675537,0.012283897889261352,5,0.005799999926239252,0.008440000005066395,0.006904000043869018,0.007120000198483467,0.0010051388536894996,5,7168,128,1,16,8,9216,8,0,2048,False,TORCH_SDPA_MLA,False,even,"[1, 1, 1, 1, 1, 1, 1, 1]",8,1,1.0,1.0,2.0,0.0,0.0,0.0,576,128,64,192,512,128,8,0,8,1,2049,8,False,0,0,0,BF16,CUDA_EVENT,generic,generic,method=fp8|act=dynamic|serialized=True|block=128x128,False,False,,,,,,,,,,
0.004360000137239695,0.004519999958574772,0.004464000090956688,0.004480000119656324,5.425859987420843e-05,5,0.04543999955058098,0.06852000206708908,0.050728199630975725,0.04651999846100807,0.00891404210605384,5,0.004519999958574772,0.00687999976798892,0.0056719999760389325,0.005640000104904175,0.0007467904017297574,5,0.005160000175237656,0.01432000007480383,0.007263999991118908,0.00559999980032444,0.0035325775658080105,5,18.053165435791016,18.14792823791504,18.10756721496582,18.12888526916504,0.03590714839859333,5,92.72164154052734,92.99504089355469,92.85482482910156,92.8384780883789,0.098341464272702,5,10.069543838500977,10.255746841430664,10.126065826416015,10.09786605834961,0.0663107953660518,5,0.007120000198483467,0.007521000225096941,0.007288200128823519,0.007280000019818544,0.00014432245256559346,5,7168,128,1,16,8,9216,512,0,1024,False,TORCH_SDPA_MLA,False,even,"[1, 1, 1, 1, 1, 1, 1, 1, 1, 1, 1, 1, 1, 1, 1, 1, 1, 1, 1, 1, 1, 1, 1, 1, 1, 1, 1, 1, 1, 1, 1, 1, 1, 1, 1, 1, 1, 1, 1, 1, 1, 1, 1, 1, 1, 1, 1, 1, 1, 1, 1, 1, 1, 1, 1, 1, 1, 1, 1, 1, 1, 1, 1, 1, 1, 1, 1, 1, 1, 1, 1, 1, 1, 1, 1, 1, 1, 1, 1, 1, 1, 1, 1, 1, 1, 1, 1, 1, 1, 1, 1, 1, 1, 1, 1, 1, 1, 1, 1, 1, 1, 1, 1, 1, 1, 1, 1, 1, 1, 1, 1, 1, 1, 1, 1, 1, 1, 1, 1, 1, 1, 1, 1, 1, 1, 1, 1, 1, 1, 1, 1, 1, 1, 1, 1, 1, 1, 1, 1, 1, 1, 1, 1, 1, 1, 1, 1, 1, 1, 1, 1, 1, 1, 1, 1, 1, 1, 1, 1, 1, 1, 1, 1, 1, 1, 1, 1, 1, 1, 1, 1, 1, 1, 1, 1, 1, 1, 1, 1, 1, 1, 1, 1, 1, 1, 1, 1, 1, 1, 1, 1, 1, 1, 1, 1, 1, 1, 1, 1, 1, 1, 1, 1, 1, 1, 1, 1, 1, 1, 1, 1, 1, 1, 1, 1, 1, 1, 1, 1, 1, 1, 1, 1, 1, 1, 1, 1, 1, 1, 1, 1, 1, 1, 1, 1, 1, 1, 1, 1, 1, 1, 1, 1, 1, 1, 1, 1, 1, 1, 1, 1, 1, 1, 1, 1, 1, 1, 1, 1, 1, 1, 1, 1, 1, 1, 1, 1, 1, 1, 1, 1, 1, 1, 1, 1, 1, 1, 1, 1, 1, 1, 1, 1, 1, 1, 1, 1, 1, 1, 1, 1, 1, 1, 1, 1, 1, 1, 1, 1, 1, 1, 1, 1, 1, 1, 1, 1, 1, 1, 1, 1, 1, 1, 1, 1, 1, 1, 1, 1, 1, 1, 1, 1, 1, 1, 1, 1, 1, 1, 1, 1, 1, 1, 1, 1, 1, 1, 1, 1, 1, 1, 1, 1, 1, 1, 1, 1, 1, 1, 1, 1, 1, 1, 1, 1, 1, 1, 1, 1, 1, 1, 1, 1, 1, 1, 1, 1, 1, 1, 1, 1, 1, 1, 1, 1, 1, 1, 1, 1, 1, 1, 1, 1, 1, 1, 1, 1, 1, 1, 1, 1, 1, 1, 1, 1, 1, 1, 1, 1, 1, 1, 1, 1, 1, 1, 1, 1, 1, 1, 1, 1, 1, 1, 1, 1, 1, 1, 1, 1, 1, 1, 1, 1, 1, 1, 1, 1, 1, 1, 1, 1, 1, 1, 1, 1, 1, 1, 1, 1, 1, 1, 1, 1, 1, 1, 1, 1, 1, 1, 1, 1, 1, 1, 1, 1, 1, 1, 1, 1, 1, 1, 1, 1, 1, 1, 1, 1, 1, 1, 1, 1, 1, 1, 1, 1, 1, 1, 1, 1, 1, 1, 1, 1, 1, 1, 1, 1, 1, 1, 1, 1, 1, 1, 1, 1, 1, 1, 1, 1, 1, 1, 1, 1, 1, 1, 1, 1, 1, 1, 1, 1, 1]",512,1,1.0,1.0,22.0,0.0,0.0,0.0,576,128,64,192,512,128,512,0,512,1,1025,512,False,0,0,0,BF16,CUDA_EVENT,generic,generic,method=fp8|act=dynamic|serialized=True|block=128x128,False,False,,,,,,,,,,
0.004120000172406435,0.008280999958515167,0.004992199968546629,0.00419999985024333,0.0016446675458635068,5,0.044199999421834946,0.09168100357055664,0.05524840131402016,0.04564100131392479,0.01833550841183169,5,0.004240000154823065,0.007799999788403511,0.005831999983638525,0.00559999980032444,0.0011915434449141762,5,0.004559999797493219,0.009519999846816063,0.006791999936103821,0.007280000019818544,0.0017451005393180877,5,2.7644059658050537,3.7063279151916504,3.0051509857177736,2.7970468997955322,0.3587947160856489,5,40.268978118896484,41.449462890625,40.891693878173825,41.184104919433594,0.48532280020836244,5,4.943851947784424,5.648054122924805,5.211572742462158,4.980971813201904,0.31382093677316647,5,0.006719999946653843,0.00812000036239624,0.0075679999776184555,0.007679999805986881,0.0004633099244624351,5,7168,128,1,16,8,9216,160,0,2048,False,TORCH_SDPA_MLA,False,even,"[1, 1, 1, 1, 1, 1, 1, 1, 1, 1, 1, 1, 1, 1, 1, 1, 1, 1, 1, 1, 1, 1, 1, 1, 1, 1, 1, 1, 1, 1, 1, 1, 1, 1, 1, 1, 1, 1, 1, 1, 1, 1, 1, 1, 1, 1, 1, 1, 1, 1, 1, 1, 1, 1, 1, 1, 1, 1, 1, 1, 1, 1, 1, 1, 1, 1, 1, 1, 1, 1, 1, 1, 1, 1, 1, 1, 1, 1, 1, 1, 1, 1, 1, 1, 1, 1, 1, 1, 1, 1, 1, 1, 1, 1, 1, 1, 1, 1, 1, 1, 1, 1, 1, 1, 1, 1, 1, 1, 1, 1, 1, 1, 1, 1, 1, 1, 1, 1, 1, 1, 1, 1, 1, 1, 1, 1, 1, 1, 1, 1, 1, 1, 1, 1, 1, 1, 1, 1, 1, 1, 1, 1, 1, 1, 1, 1, 1, 1, 1, 1, 1, 1, 1, 1, 1, 1, 1, 1, 1, 1]",160,1,1.0,1.0,12.0,0.0,0.0,0.0,576,128,64,192,512,128,160,0,160,1,2049,160,False,0,0,0,BF16,CUDA_EVENT,generic,generic,method=fp8|act=dynamic|serialized=True|block=128x128,False,False,,,,,,,,,,
0.0041600000113248825,0.0075599998235702515,0.005511999875307083,0.00431999983265996,0.0015305737242652605,5,0.03036000020802021,0.06831999868154526,0.04268799982964992,0.038600001484155655,0.013185698366385338,5,0.004999999888241291,0.005640000104904175,0.005288000032305717,0.005200000014156103,0.000249671856389428,5,0.004240000154823065,0.006200000178068876,0.0051680000498890875,0.005080000031739473,0.0006301238149928153,5,0.0504009984433651,0.08315999805927277,0.058920199424028395,0.0522800013422966,0.0123123003163756,5,0.7568820118904114,0.8108019828796387,0.7724817991256714,0.763280987739563,0.019585418429201445,5,0.027000000700354576,0.027641000226140022,0.027208400145173072,0.027161000296473503,0.0002285823083543676,5,0.004240000154823065,0.007439999841153622,0.004920000024139881,0.004279999993741512,0.0012606029391658757,5,7168,128,1,16,8,9216,2,0,3072,False,TORCH_SDPA_MLA,False,even,"[1, 1]",2,1,1.0,1.0,1.0,0.0,0.0,0.0,576,128,64,192,512,128,2,0,2,1,3073,2,False,0,0,0,BF16,CUDA_EVENT,generic,generic,method=fp8|act=dynamic|serialized=True|block=128x128,False,False,,,,,,,,,,
0.004360000137239695,0.004399999976158142,0.004392000008374452,0.004399999976158142,1.5999935567378997e-05,5,0.04696099832653999,0.14419999718666077,0.06681619957089424,0.04740000143647194,0.03869487653837003,5,0.005080000031739473,0.014720000326633453,0.008192000072449445,0.006479999981820583,0.0035121185517994415,5,0.004399999976158142,0.009359999559819698,0.005919999908655882,0.005439999978989363,0.0017645394188649654,5,3.5432488918304443,4.88637113571167,4.366570520401001,4.292730808258057,0.498192094233609,5,34.61932373046875,36.99681091308594,35.4186294555664,34.880245208740234,0.8863599985918886,5,2.5891671180725098,2.6179659366607666,2.610286808013916,2.6152470111846924,0.010732836940132462,5,0.006680000107735395,0.00800000037997961,0.00760800028219819,0.00788000039756298,0.0005017729715354822,5,7168,128,1,16,8,9216,96,0,3072,False,TORCH_SDPA_MLA,False,even,"[1, 1, 1, 1, 1, 1, 1, 1, 1, 1, 1, 1, 1, 1, 1, 1, 1, 1, 1, 1, 1, 1, 1, 1, 1, 1, 1, 1, 1, 1, 1, 1, 1, 1, 1, 1, 1, 1, 1, 1, 1, 1, 1, 1, 1, 1, 1, 1, 1, 1, 1, 1, 1, 1, 1, 1, 1, 1, 1, 1, 1, 1, 1, 1, 1, 1, 1, 1, 1, 1, 1, 1, 1, 1, 1, 1, 1, 1, 1, 1, 1, 1, 1, 1, 1, 1, 1, 1, 1, 1, 1, 1, 1, 1, 1, 1]",96,1,1.0,1.0,9.0,0.0,0.0,0.0,576,128,64,192,512,128,96,0,96,1,3073,96,False,0,0,0,BF16,CUDA_EVENT,generic,generic,method=fp8|act=dynamic|serialized=True|block=128x128,False,False,,,,,,,,,,
0.004559999797493219,0.009680000133812428,0.007487999927252531,0.007120000198483467,0.0018440650876568772,5,0.041280001401901245,0.06272000074386597,0.04683240056037903,0.043480999767780304,0.008030659774128169,5,0.004639999940991402,0.0055599999614059925,0.005039999913424254,0.004999999888241291,0.00029502543412092663,5,0.00443999981507659,0.005439999978989363,0.004688000027090311,0.004480000119656324,0.0003798104639430518,5,2.280445098876953,2.35196590423584,2.3004695892333986,2.283324956893921,0.027098346241166218,5,15.445399284362793,15.569239616394043,15.511679458618165,15.518839836120605,0.05135655551894106,5,1.2615629434585571,1.2825239896774292,1.2730993986129762,1.2743240594863892,0.006780282083688843,5,0.005960999988019466,0.008840000256896019,0.007168200053274632,0.0069599999114871025,0.0009335165438388004,5,7168,128,1,16,8,9216,64,0,2048,False,TORCH_SDPA_MLA,False,even,"[1, 1, 1, 1, 1, 1, 1, 1, 1, 1, 1, 1, 1, 1, 1, 1, 1, 1, 1, 1, 1, 1, 1, 1, 1, 1, 1, 1, 1, 1, 1, 1, 1, 1, 1, 1, 1, 1, 1, 1, 1, 1, 1, 1, 1, 1, 1, 1, 1, 1, 1, 1, 1, 1, 1, 1, 1, 1, 1, 1, 1, 1, 1, 1]",64,1,1.0,1.0,8.0,0.0,0.0,0.0,576,128,64,192,512,128,64,0,64,1,2049,64,False,0,0,0,BF16,CUDA_EVENT,generic,generic,method=fp8|act=dynamic|serialized=True|block=128x128,False,False,,,,,,,,,,
0.004360000137239695,0.015799999237060547,0.006863999832421541,0.00443999981507659,0.004482256277859065,5,0.049800001084804535,0.15039999783039093,0.07320799976587296,0.05511999875307083,0.038691553851044655,5,0.00535999983549118,0.006839999929070473,0.006231999956071377,0.0063599999994039536,0.0005619394617043482,5,0.005760000087320805,0.007519999984651804,0.006352000031620264,0.006279999855905771,0.0006296156994771093,5,8.11001968383789,8.971861839294434,8.341036415100097,8.173580169677734,0.3200742313343218,5,61.756832122802734,62.94011306762695,62.63974456787109,62.833953857421875,0.4437921798049956,5,11.654788970947266,11.910347938537598,11.759068298339844,11.726947784423828,0.09092470989304924,5,0.00824000034481287,0.010359999723732471,0.008983999863266945,0.00887999963015318,0.0007421480695452539,5,7168,128,1,16,8,9216,320,0,1024,False,TORCH_SDPA_MLA,False,even,"[1, 1, 1, 1, 1, 1, 1, 1, 1, 1, 1, 1, 1, 1, 1, 1, 1, 1, 1, 1, 1, 1, 1, 1, 1, 1, 1, 1, 1, 1, 1, 1, 1, 1, 1, 1, 1, 1, 1, 1, 1, 1, 1, 1, 1, 1, 1, 1, 1, 1, 1, 1, 1, 1, 1, 1, 1, 1, 1, 1, 1, 1, 1, 1, 1, 1, 1, 1, 1, 1, 1, 1, 1, 1, 1, 1, 1, 1, 1, 1, 1, 1, 1, 1, 1, 1, 1, 1, 1, 1, 1, 1, 1, 1, 1, 1, 1, 1, 1, 1, 1, 1, 1, 1, 1, 1, 1, 1, 1, 1, 1, 1, 1, 1, 1, 1, 1, 1, 1, 1, 1, 1, 1, 1, 1, 1, 1, 1, 1, 1, 1, 1, 1, 1, 1, 1, 1, 1, 1, 1, 1, 1, 1, 1, 1, 1, 1, 1, 1, 1, 1, 1, 1, 1, 1, 1, 1, 1, 1, 1, 1, 1, 1, 1, 1, 1, 1, 1, 1, 1, 1, 1, 1, 1, 1, 1, 1, 1, 1, 1, 1, 1, 1, 1, 1, 1, 1, 1, 1, 1, 1, 1, 1, 1, 1, 1, 1, 1, 1, 1, 1, 1, 1, 1, 1, 1, 1, 1, 1, 1, 1, 1, 1, 1, 1, 1, 1, 1, 1, 1, 1, 1, 1, 1, 1, 1, 1, 1, 1, 1, 1, 1, 1, 1, 1, 1, 1, 1, 1, 1, 1, 1, 1, 1, 1, 1, 1, 1, 1, 1, 1, 1, 1, 1, 1, 1, 1, 1, 1, 1, 1, 1, 1, 1, 1, 1, 1, 1, 1, 1, 1, 1, 1, 1, 1, 1, 1, 1, 1, 1, 1, 1, 1, 1, 1, 1, 1, 1, 1, 1, 1, 1, 1, 1, 1, 1, 1, 1, 1, 1, 1, 1, 1, 1, 1, 1, 1, 1, 1, 1, 1, 1, 1, 1, 1, 1, 1, 1, 1, 1]",320,1,1.0,1.0,17.0,0.0,0.0,0.0,576,128,64,192,512,128,320,0,320,1,1025,320,False,0,0,0,BF16,CUDA_EVENT,generic,generic,method=fp8|act=dynamic|serialized=True|block=128x128,False,False,,,,,,,,,,
0.004399999976158142,0.013559999875724316,0.007848000060766936,0.0075599998235702515,0.003118707358659571,5,0.04044000059366226,0.13524100184440613,0.06998440027236938,0.045079998672008514,0.0369390690238197,5,0.00559999980032444,0.010479999706149101,0.007183999847620725,0.005919999908655882,0.001894767434897004,5,0.005040000192821026,0.013319999910891056,0.008072000090032816,0.006560000125318766,0.00303445802941174,5,0.43264099955558777,1.1357630491256714,0.6150814116001129,0.4376809895038605,0.2712354609839436,5,4.378370761871338,4.575531959533691,4.48101110458374,4.449450969696045,0.07452351315377383,5,0.5427619814872742,0.9680020213127136,0.6381376028060913,0.5622810125350952,0.16521558768569922,5,0.0055599999614059925,0.008960000239312649,0.007287999987602234,0.007840000092983246,0.0013626797640281423,5,7168,128,1,16,8,9216,16,0,2048,False,TORCH_SDPA_MLA,False,even,"[1, 1, 1, 1, 1, 1, 1, 1, 1, 1, 1, 1, 1, 1, 1, 1]",16,1,1.0,1.0,4.0,0.0,0.0,0.0,576,128,64,192,512,128,16,0,16,1,2049,16,False,0,0,0,BF16,CUDA_EVENT,generic,generic,method=fp8|act=dynamic|serialized=True|block=128x128,False,False,,,,,,,,,,
0.004279999993741512,0.005160000175237656,0.0045519999228417875,0.00443999981507659,0.0003102516207088182,5,0.0493599995970726,0.0849199965596199,0.05947199985384941,0.05488000065088272,0.012941995842590308,5,0.00431999983265996,0.005960000213235617,0.005480000004172325,0.005799999926239252,0.000601331973525114,5,0.004360000137239695,0.007079999893903732,0.0058802000246942045,0.005880000069737434,0.0008810811699162323,5,3.589207887649536,5.304172992706299,4.321194219589233,3.9928090572357178,0.7217436935623341,5,52.54172897338867,54.49017333984375,53.504537200927736,53.5374870300293,0.6395951719464666,5,3.9822099208831787,5.54813289642334,4.40142674446106,4.057449817657471,0.5942705579725752,5,0.00788000039756298,0.010400000028312206,0.008648000098764897,0.008320000022649765,0.0008927798712681139,5,7168,128,1,16,8,9216,192,0,2048,False,TORCH_SDPA_MLA,False,even,"[1, 1, 1, 1, 1, 1, 1, 1, 1, 1, 1, 1, 1, 1, 1, 1, 1, 1, 1, 1, 1, 1, 1, 1, 1, 1, 1, 1, 1, 1, 1, 1, 1, 1, 1, 1, 1, 1, 1, 1, 1, 1, 1, 1, 1, 1, 1, 1, 1, 1, 1, 1, 1, 1, 1, 1, 1, 1, 1, 1, 1, 1, 1, 1, 1, 1, 1, 1, 1, 1, 1, 1, 1, 1, 1, 1, 1, 1, 1, 1, 1, 1, 1, 1, 1, 1, 1, 1, 1, 1, 1, 1, 1, 1, 1, 1, 1, 1, 1, 1, 1, 1, 1, 1, 1, 1, 1, 1, 1, 1, 1, 1, 1, 1, 1, 1, 1, 1, 1, 1, 1, 1, 1, 1, 1, 1, 1, 1, 1, 1, 1, 1, 1, 1, 1, 1, 1, 1, 1, 1, 1, 1, 1, 1, 1, 1, 1, 1, 1, 1, 1, 1, 1, 1, 1, 1, 1, 1, 1, 1, 1, 1, 1, 1, 1, 1, 1, 1, 1, 1, 1, 1, 1, 1, 1, 1, 1, 1, 1, 1, 1, 1, 1, 1, 1, 1, 1, 1, 1, 1, 1, 1]",192,1,1.0,1.0,13.0,0.0,0.0,0.0,576,128,64,192,512,128,192,0,192,1,2049,192,False,0,0,0,BF16,CUDA_EVENT,generic,generic,method=fp8|act=dynamic|serialized=True|block=128x128,False,False,,,,,,,,,,
0.004240000154823065,0.007600000128149986,0.006408000085502863,0.007040000054985285,0.0012389414178099094,5,0.03776000067591667,0.13472099602222443,0.05894439965486527,0.04039999842643738,0.03791619669691805,5,0.004240000154823065,0.006800000090152025,0.005752000026404858,0.006240000016987324,0.0009371958066612298,5,0.004360000137239695,0.00812000036239624,0.0057200001552701,0.005280000157654285,0.001266680788603712,5,0.08788099884986877,0.21211999654769897,0.11611219793558121,0.0923599973320961,0.04810987862291154,5,1.5176030397415161,1.6703239679336548,1.559915804862976,1.537284016609192,0.056089251363892395,5,0.052960000932216644,0.07931999862194061,0.063544000685215,0.06120000034570694,0.010333405145259475,5,0.00547999981790781,0.00803999975323677,0.006495999917387962,0.005880000069737434,0.0010411070110792789,5,7168,128,1,16,8,9216,4,0,3072,False,TORCH_SDPA_MLA,False,even,"[1, 1, 1, 1]",4,1,1.0,1.0,2.0,0.0,0.0,0.0,576,128,64,192,512,128,4,0,4,1,3073,4,False,0,0,0,BF16,CUDA_EVENT,generic,generic,method=fp8|act=dynamic|serialized=True|block=128x128,False,False,,,,,,,,,,
0.00431999983265996,0.009039999917149544,0.005687999911606312,0.004360000137239695,0.0018573787855748639,5,0.04432100057601929,0.28540098667144775,0.09868059679865837,0.05056000128388405,0.0935689697149615,5,0.00431999983265996,0.012520000338554382,0.0067760000936686994,0.005799999926239252,0.002923953626092585,5,0.004279999993741512,0.006399999838322401,0.0052559998817741874,0.00547999981790781,0.0008346879409371871,5,14.358076095581055,15.227638244628906,14.831573104858398,14.982196807861328,0.3250579185026464,5,68.60081481933594,70.23541259765625,69.19132690429687,69.14273834228516,0.5880190398278048,5,8.352901458740234,8.700140953063965,8.566093444824219,8.563700675964355,0.1251508599544333,5,0.00788000039756298,0.008999999612569809,0.008351999893784523,0.00827999971807003,0.00038731873830030375,5,7168,128,1,16,8,9216,384,0,1024,False,TORCH_SDPA_MLA,False,even,"[1, 1, 1, 1, 1, 1, 1, 1, 1, 1, 1, 1, 1, 1, 1, 1, 1, 1, 1, 1, 1, 1, 1, 1, 1, 1, 1, 1, 1, 1, 1, 1, 1, 1, 1, 1, 1, 1, 1, 1, 1, 1, 1, 1, 1, 1, 1, 1, 1, 1, 1, 1, 1, 1, 1, 1, 1, 1, 1, 1, 1, 1, 1, 1, 1, 1, 1, 1, 1, 1, 1, 1, 1, 1, 1, 1, 1, 1, 1, 1, 1, 1, 1, 1, 1, 1, 1, 1, 1, 1, 1, 1, 1, 1, 1, 1, 1, 1, 1, 1, 1, 1, 1, 1, 1, 1, 1, 1, 1, 1, 1, 1, 1, 1, 1, 1, 1, 1, 1, 1, 1, 1, 1, 1, 1, 1, 1, 1, 1, 1, 1, 1, 1, 1, 1, 1, 1, 1, 1, 1, 1, 1, 1, 1, 1, 1, 1, 1, 1, 1, 1, 1, 1, 1, 1, 1, 1, 1, 1, 1, 1, 1, 1, 1, 1, 1, 1, 1, 1, 1, 1, 1, 1, 1, 1, 1, 1, 1, 1, 1, 1, 1, 1, 1, 1, 1, 1, 1, 1, 1, 1, 1, 1, 1, 1, 1, 1, 1, 1, 1, 1, 1, 1, 1, 1, 1, 1, 1, 1, 1, 1, 1, 1, 1, 1, 1, 1, 1, 1, 1, 1, 1, 1, 1, 1, 1, 1, 1, 1, 1, 1, 1, 1, 1, 1, 1, 1, 1, 1, 1, 1, 1, 1, 1, 1, 1, 1, 1, 1, 1, 1, 1, 1, 1, 1, 1, 1, 1, 1, 1, 1, 1, 1, 1, 1, 1, 1, 1, 1, 1, 1, 1, 1, 1, 1, 1, 1, 1, 1, 1, 1, 1, 1, 1, 1, 1, 1, 1, 1, 1, 1, 1, 1, 1, 1, 1, 1, 1, 1, 1, 1, 1, 1, 1, 1, 1, 1, 1, 1, 1, 1, 1, 1, 1, 1, 1, 1, 1, 1, 1, 1, 1, 1, 1, 1, 1, 1, 1, 1, 1, 1, 1, 1, 1, 1, 1, 1, 1, 1, 1, 1, 1, 1, 1, 1, 1, 1, 1, 1, 1, 1, 1, 1, 1, 1, 1, 1, 1, 1, 1, 1, 1, 1, 1, 1, 1, 1, 1, 1, 1, 1, 1, 1, 1, 1, 1, 1, 1, 1, 1, 1, 1, 1, 1]",384,1,1.0,1.0,19.0,0.0,0.0,0.0,576,128,64,192,512,128,384,0,384,1,1025,384,False,0,0,0,BF16,CUDA_EVENT,generic,generic,method=fp8|act=dynamic|serialized=True|block=128x128,False,False,,,,,,,,,,
0.004120000172406435,0.004240000154823065,0.004184000007808208,0.00419999985024333,4.079211969054e-05,5,0.044319998472929,0.1427209973335266,0.06634419932961463,0.049720000475645065,0.038269287672690444,5,0.005040000192821026,0.014240000396966934,0.007184000127017498,0.005520000122487545,0.0035367421332205998,5,0.004920000210404396,0.005919999908655882,0.005408000014722347,0.005439999978989363,0.0003695618076540702,5,2.1998848915100098,2.5498859882354736,2.318597602844238,2.2492449283599854,0.12965590879034414,5,42.5964241027832,43.76470947265625,42.9882194519043,42.85022735595703,0.4043818901537685,5,3.886488914489746,4.555211067199707,4.043841791152954,3.921329975128174,0.25628057826666245,5,0.007079999893903732,0.009440000168979168,0.007792000006884336,0.007280000019818544,0.0008724769830039767,5,7168,128,1,16,8,9216,128,0,3072,False,TORCH_SDPA_MLA,False,even,"[1, 1, 1, 1, 1, 1, 1, 1, 1, 1, 1, 1, 1, 1, 1, 1, 1, 1, 1, 1, 1, 1, 1, 1, 1, 1, 1, 1, 1, 1, 1, 1, 1, 1, 1, 1, 1, 1, 1, 1, 1, 1, 1, 1, 1, 1, 1, 1, 1, 1, 1, 1, 1, 1, 1, 1, 1, 1, 1, 1, 1, 1, 1, 1, 1, 1, 1, 1, 1, 1, 1, 1, 1, 1, 1, 1, 1, 1, 1, 1, 1, 1, 1, 1, 1, 1, 1, 1, 1, 1, 1, 1, 1, 1, 1, 1, 1, 1, 1, 1, 1, 1, 1, 1, 1, 1, 1, 1, 1, 1, 1, 1, 1, 1, 1, 1, 1, 1, 1, 1, 1, 1, 1, 1, 1, 1, 1, 1]",128,1,1.0,1.0,11.0,0.0,0.0,0.0,576,128,64,192,512,128,128,0,128,1,3073,128,False,0,0,0,BF16,CUDA_EVENT,generic,generic,method=fp8|act=dynamic|serialized=True|block=128x128,False,False,,,,,,,,,,
0.0041600000113248825,0.004279999993741512,0.004224000032991171,0.004240000154823065,4.079219274941178e-05,5,0.01711999997496605,0.06212000176310539,0.02632800042629242,0.017319999635219574,0.017898298243513175,5,0.004240000154823065,0.006000000052154064,0.00463200006633997,0.004279999993741512,0.0006851102036119179,5,0.00431999983265996,0.00571999978274107,0.004639999940991402,0.004360000137239695,0.0005414054964773395,5,0.012360000051558018,0.05455999821424484,0.025527999736368656,0.017559999600052834,0.0159692377864511,5,0.5447620153427124,0.6002820134162903,0.5637058019638062,0.5572819709777832,0.018984807549985022,5,0.015080000273883343,0.017480000853538513,0.016055999882519247,0.015799999237060547,0.0008592463663530119,5,0.004279999993741512,0.005040000192821026,0.0044639999978244305,0.00431999983265996,0.000289109077088584,5,7168,128,1,16,8,9216,1,0,4096,False,TORCH_SDPA_MLA,False,even,[1],1,1,1.0,1.0,1.0,0.0,0.0,0.0,576,128,64,192,512,128,1,0,1,1,4097,1,False,0,0,0,BF16,CUDA_EVENT,generic,generic,method=fp8|act=dynamic|serialized=True|block=128x128,False,False,,,,,,,,,,
0.004279999993741512,0.007600000128149986,0.0058720001019537445,0.005520000122487545,0.001477598078264565,5,0.03511999920010567,0.1114799976348877,0.055007999390363695,0.0430000014603138,0.028395845614485632,5,0.004279999993741512,0.015720000490546227,0.007184000127017498,0.005319999996572733,0.004288746387524757,5,0.004559999797493219,0.01375999953597784,0.0075599998235702515,0.0055599999614059925,0.003408131342241709,5,1.1976829767227173,1.8267240524291992,1.401155376434326,1.205562949180603,0.2563741329564265,5,7.959780216217041,9.047863006591797,8.39029302597046,8.035579681396484,0.47613936261585976,5,0.6641219854354858,0.6943619847297668,0.6771379947662354,0.6782820224761963,0.011508370931063933,5,0.00559999980032444,0.0077599999494850636,0.006431999988853932,0.005840000230818987,0.0008643702994080322,5,7168,128,1,16,8,9216,32,0,2048,False,TORCH_SDPA_MLA,False,even,"[1, 1, 1, 1, 1, 1, 1, 1, 1, 1, 1, 1, 1, 1, 1, 1, 1, 1, 1, 1, 1, 1, 1, 1, 1, 1, 1, 1, 1, 1, 1, 1]",32,1,1.0,1.0,5.0,0.0,0.0,0.0,576,128,64,192,512,128,32,0,32,1,2049,32,False,0,0,0,BF16,CUDA_EVENT,generic,generic,method=fp8|act=dynamic|serialized=True|block=128x128,False,False,,,,,,,,,,
0.004399999976158142,0.015239999629557133,0.006599999871104956,0.00443999981507659,0.004320222095674104,5,0.05112000182271004,0.13787999749183655,0.07087199985980988,0.05243999883532524,0.03373137443910548,5,0.00571999978274107,0.00812000036239624,0.006968000065535307,0.006680000107735395,0.000929653856604915,5,0.00443999981507659,0.006039999891072512,0.005175999924540519,0.005239999853074551,0.0006372942557383928,5,16.694843292236328,18.586807250976562,17.519997787475585,17.00496482849121,0.8478602925490362,5,84.10301971435547,84.7002944946289,84.47668914794922,84.53105926513672,0.22058877797372647,5,10.43438720703125,10.656986236572266,10.56097869873047,10.631226539611816,0.10235271171375056,5,0.0083600003272295,0.009479999542236328,0.00878399983048439,0.008679999969899654,0.0003883089460674604,5,7168,128,1,16,8,9216,448,0,1024,False,TORCH_SDPA_MLA,False,even,"[1, 1, 1, 1, 1, 1, 1, 1, 1, 1, 1, 1, 1, 1, 1, 1, 1, 1, 1, 1, 1, 1, 1, 1, 1, 1, 1, 1, 1, 1, 1, 1, 1, 1, 1, 1, 1, 1, 1, 1, 1, 1, 1, 1, 1, 1, 1, 1, 1, 1, 1, 1, 1, 1, 1, 1, 1, 1, 1, 1, 1, 1, 1, 1, 1, 1, 1, 1, 1, 1, 1, 1, 1, 1, 1, 1, 1, 1, 1, 1, 1, 1, 1, 1, 1, 1, 1, 1, 1, 1, 1, 1, 1, 1, 1, 1, 1, 1, 1, 1, 1, 1, 1, 1, 1, 1, 1, 1, 1, 1, 1, 1, 1, 1, 1, 1, 1, 1, 1, 1, 1, 1, 1, 1, 1, 1, 1, 1, 1, 1, 1, 1, 1, 1, 1, 1, 1, 1, 1, 1, 1, 1, 1, 1, 1, 1, 1, 1, 1, 1, 1, 1, 1, 1, 1, 1, 1, 1, 1, 1, 1, 1, 1, 1, 1, 1, 1, 1, 1, 1, 1, 1, 1, 1, 1, 1, 1, 1, 1, 1, 1, 1, 1, 1, 1, 1, 1, 1, 1, 1, 1, 1, 1, 1, 1, 1, 1, 1, 1, 1, 1, 1, 1, 1, 1, 1, 1, 1, 1, 1, 1, 1, 1, 1, 1, 1, 1, 1, 1, 1, 1, 1, 1, 1, 1, 1, 1, 1, 1, 1, 1, 1, 1, 1, 1, 1, 1, 1, 1, 1, 1, 1, 1, 1, 1, 1, 1, 1, 1, 1, 1, 1, 1, 1, 1, 1, 1, 1, 1, 1, 1, 1, 1, 1, 1, 1, 1, 1, 1, 1, 1, 1, 1, 1, 1, 1, 1, 1, 1, 1, 1, 1, 1, 1, 1, 1, 1, 1, 1, 1, 1, 1, 1, 1, 1, 1, 1, 1, 1, 1, 1, 1, 1, 1, 1, 1, 1, 1, 1, 1, 1, 1, 1, 1, 1, 1, 1, 1, 1, 1, 1, 1, 1, 1, 1, 1, 1, 1, 1, 1, 1, 1, 1, 1, 1, 1, 1, 1, 1, 1, 1, 1, 1, 1, 1, 1, 1, 1, 1, 1, 1, 1, 1, 1, 1, 1, 1, 1, 1, 1, 1, 1, 1, 1, 1, 1, 1, 1, 1, 1, 1, 1, 1, 1, 1, 1, 1, 1, 1, 1, 1, 1, 1, 1, 1, 1, 1, 1, 1, 1, 1, 1, 1, 1, 1, 1, 1, 1, 1, 1, 1, 1, 1, 1, 1, 1, 1, 1, 1, 1, 1, 1, 1, 1, 1, 1, 1, 1, 1, 1, 1, 1, 1, 1, 1, 1, 1, 1, 1, 1, 1, 1, 1, 1, 1, 1, 1, 1, 1, 1, 1, 1, 1, 1, 1, 1, 1, 1]",448,1,1.0,1.0,21.0,0.0,0.0,0.0,576,128,64,192,512,128,448,0,448,1,1025,448,False,0,0,0,BF16,CUDA_EVENT,generic,generic,method=fp8|act=dynamic|serialized=True|block=128x128,False,False,,,,,,,,,,
0.006519999820739031,0.01107999961823225,0.007863999903202057,0.0074800001457333565,0.001656714703684121,5,0.04264000058174133,0.12851999700069427,0.06078419908881187,0.044119998812675476,0.033874889561934615,5,0.00535999983549118,0.013399999588727951,0.007079999893903732,0.0055599999614059925,0.003162075115218358,5,0.004399999976158142,0.005400000140070915,0.005087999999523163,0.005239999853074551,0.00035991112054152205,5,2.612847089767456,3.0812480449676514,2.8941672325134276,3.018126964569092,0.19312689848338355,5,11.91139030456543,12.446910858154297,12.061726570129395,11.977590560913086,0.19510952923277847,5,0.9706820249557495,0.9899230003356934,0.9785544037818908,0.9773229956626892,0.006499313069854915,5,0.007000000216066837,0.0083600003272295,0.0074962001293897625,0.007240000180900097,0.0004855777832533786,5,7168,128,1,16,8,9216,48,0,2048,False,TORCH_SDPA_MLA,False,even,"[1, 1, 1, 1, 1, 1, 1, 1, 1, 1, 1, 1, 1, 1, 1, 1, 1, 1, 1, 1, 1, 1, 1, 1, 1, 1, 1, 1, 1, 1, 1, 1, 1, 1, 1, 1, 1, 1, 1, 1, 1, 1, 1, 1, 1, 1, 1, 1]",48,1,1.0,1.0,6.0,0.0,0.0,0.0,576,128,64,192,512,128,48,0,48,1,2049,48,False,0,0,0,BF16,CUDA_EVENT,generic,generic,method=fp8|act=dynamic|serialized=True|block=128x128,False,False,,,,,,,,,,
0.004120999947190285,0.004360000137239695,0.004200199991464615,0.0041600000113248825,8.371481406032123e-05,5,0.04603999853134155,0.049479998648166656,0.04763199985027313,0.047040000557899475,0.0014493914800779138,5,0.005080999806523323,0.006519999820739031,0.005608199909329414,0.00547999981790781,0.0004977197227835537,5,0.004999999888241291,0.005919999908655882,0.005415999982506037,0.005280000157654285,0.00034742473608291683,5,1.7186839580535889,1.7490040063858032,1.7281879901885986,1.7222039699554443,0.011257849411459835,5,41.186302185058594,41.64158248901367,41.4033203125,41.38954544067383,0.182630647963904,5,3.4735679626464844,3.5259289741516113,3.493712615966797,3.484769105911255,0.01873965703277345,5,0.006839999929070473,0.00887999963015318,0.008007999882102013,0.008080000057816505,0.0006685625750030185,5,7168,128,1,16,8,9216,96,0,4096,False,TORCH_SDPA_MLA,False,even,"[1, 1, 1, 1, 1, 1, 1, 1, 1, 1, 1, 1, 1, 1, 1, 1, 1, 1, 1, 1, 1, 1, 1, 1, 1, 1, 1, 1, 1, 1, 1, 1, 1, 1, 1, 1, 1, 1, 1, 1, 1, 1, 1, 1, 1, 1, 1, 1, 1, 1, 1, 1, 1, 1, 1, 1, 1, 1, 1, 1, 1, 1, 1, 1, 1, 1, 1, 1, 1, 1, 1, 1, 1, 1, 1, 1, 1, 1, 1, 1, 1, 1, 1, 1, 1, 1, 1, 1, 1, 1, 1, 1, 1, 1, 1, 1]",96,1,1.0,1.0,9.0,0.0,0.0,0.0,576,128,64,192,512,128,96,0,96,1,4097,96,False,0,0,0,BF16,CUDA_EVENT,generic,generic,method=fp8|act=dynamic|serialized=True|block=128x128,False,False,,,,,,,,,,
0.00419999985024333,0.009440000168979168,0.00527999997138977,0.00419999985024333,0.002080922974250079,5,0.015960000455379486,0.060520000755786896,0.025464000552892684,0.016720000654459,0.017541842200764768,5,0.004240000154823065,0.005760000087320805,0.004560000076889992,0.004279999993741512,0.0006002666105000245,5,0.00419999985024333,0.005799999926239252,0.0045679999515414235,0.004279999993741512,0.0006172973211534475,5,0.011959999799728394,0.06047999858856201,0.022247999720275403,0.012640000320971012,0.019123671044691152,5,0.6294819712638855,0.7168819904327393,0.6567859888076782,0.6328020095825195,0.03437839940146405,5,0.015119999647140503,0.01616000011563301,0.015383999794721603,0.015159999951720238,0.0003980755185481416,5,0.00419999985024333,0.00431999983265996,0.004271999932825565,0.004279999993741512,3.9191849152437796e-05,5,7168,128,1,16,8,9216,1,0,5120,False,TORCH_SDPA_MLA,False,even,[1],1,1,1.0,1.0,1.0,0.0,0.0,0.0,576,128,64,192,512,128,1,0,1,1,5121,1,False,0,0,0,BF16,CUDA_EVENT,generic,generic,method=fp8|act=dynamic|serialized=True|block=128x128,False,False,,,,,,,,,,
0.004279999993741512,0.020320000126957893,0.010712000075727701,0.005520000122487545,0.007362234436294487,5,0.049559999257326126,0.14591999351978302,0.07383999750018119,0.056759998202323914,0.03659283210121787,5,0.005640000104904175,0.0063599999994039536,0.005911999940872192,0.005799999926239252,0.0002609521084270173,5,0.005760000087320805,0.014600000344216824,0.007608000095933676,0.005919999908655882,0.003496503518984932,5,19.69344711303711,20.098012924194336,19.8502498626709,19.83700942993164,0.13976866679457525,5,145.3018341064453,212.62396240234375,159.05864868164062,145.9060516357422,26.783887408553678,5,11.229388236999512,11.52334976196289,11.372460746765137,11.393749237060547,0.10348702396959675,5,0.00803999975323677,0.01083999965339899,0.008807999826967717,0.00848000030964613,0.001032402953555941,5,7168,128,1,16,8,9216,512,0,2048,False,TORCH_SDPA_MLA,False,even,"[1, 1, 1, 1, 1, 1, 1, 1, 1, 1, 1, 1, 1, 1, 1, 1, 1, 1, 1, 1, 1, 1, 1, 1, 1, 1, 1, 1, 1, 1, 1, 1, 1, 1, 1, 1, 1, 1, 1, 1, 1, 1, 1, 1, 1, 1, 1, 1, 1, 1, 1, 1, 1, 1, 1, 1, 1, 1, 1, 1, 1, 1, 1, 1, 1, 1, 1, 1, 1, 1, 1, 1, 1, 1, 1, 1, 1, 1, 1, 1, 1, 1, 1, 1, 1, 1, 1, 1, 1, 1, 1, 1, 1, 1, 1, 1, 1, 1, 1, 1, 1, 1, 1, 1, 1, 1, 1, 1, 1, 1, 1, 1, 1, 1, 1, 1, 1, 1, 1, 1, 1, 1, 1, 1, 1, 1, 1, 1, 1, 1, 1, 1, 1, 1, 1, 1, 1, 1, 1, 1, 1, 1, 1, 1, 1, 1, 1, 1, 1, 1, 1, 1, 1, 1, 1, 1, 1, 1, 1, 1, 1, 1, 1, 1, 1, 1, 1, 1, 1, 1, 1, 1, 1, 1, 1, 1, 1, 1, 1, 1, 1, 1, 1, 1, 1, 1, 1, 1, 1, 1, 1, 1, 1, 1, 1, 1, 1, 1, 1, 1, 1, 1, 1, 1, 1, 1, 1, 1, 1, 1, 1, 1, 1, 1, 1, 1, 1, 1, 1, 1, 1, 1, 1, 1, 1, 1, 1, 1, 1, 1, 1, 1, 1, 1, 1, 1, 1, 1, 1, 1, 1, 1, 1, 1, 1, 1, 1, 1, 1, 1, 1, 1, 1, 1, 1, 1, 1, 1, 1, 1, 1, 1, 1, 1, 1, 1, 1, 1, 1, 1, 1, 1, 1, 1, 1, 1, 1, 1, 1, 1, 1, 1, 1, 1, 1, 1, 1, 1, 1, 1, 1, 1, 1, 1, 1, 1, 1, 1, 1, 1, 1, 1, 1, 1, 1, 1, 1, 1, 1, 1, 1, 1, 1, 1, 1, 1, 1, 1, 1, 1, 1, 1, 1, 1, 1, 1, 1, 1, 1, 1, 1, 1, 1, 1, 1, 1, 1, 1, 1, 1, 1, 1, 1, 1, 1, 1, 1, 1, 1, 1, 1, 1, 1, 1, 1, 1, 1, 1, 1, 1, 1, 1, 1, 1, 1, 1, 1, 1, 1, 1, 1, 1, 1, 1, 1, 1, 1, 1, 1, 1, 1, 1, 1, 1, 1, 1, 1, 1, 1, 1, 1, 1, 1, 1, 1, 1, 1, 1, 1, 1, 1, 1, 1, 1, 1, 1, 1, 1, 1, 1, 1, 1, 1, 1, 1, 1, 1, 1, 1, 1, 1, 1, 1, 1, 1, 1, 1, 1, 1, 1, 1, 1, 1, 1, 1, 1, 1, 1, 1, 1, 1, 1, 1, 1, 1, 1, 1, 1, 1, 1, 1, 1, 1, 1, 1, 1, 1, 1, 1, 1, 1, 1, 1, 1, 1, 1, 1, 1, 1, 1, 1, 1, 1, 1, 1, 1, 1, 1, 1, 1, 1, 1, 1, 1, 1, 1, 1, 1, 1, 1, 1, 1, 1, 1, 1, 1, 1, 1, 1, 1, 1, 1, 1, 1, 1, 1, 1, 1, 1, 1, 1, 1]",512,1,1.0,1.0,22.0,0.0,0.0,0.0,576,128,64,192,512,128,512,0,512,1,2049,512,False,0,0,0,BF16,CUDA_EVENT,generic,generic,method=fp8|act=dynamic|serialized=True|block=128x128,False,False,,,,,,,,,,
0.004279999993741512,0.009200000204145908,0.005704000126570463,0.004360000137239695,0.0019100743914900243,5,0.047120001167058945,0.18324099481105804,0.078592199832201,0.05544000118970871,0.052447333692960924,5,0.005520000122487545,0.010200000368058681,0.0068720000796020034,0.006279999855905771,0.0016897622435629006,5,0.005520000122487545,0.018039999529719353,0.008471999876201152,0.006399999838322401,0.0048045576580608255,5,3.0250070095062256,4.523491859436035,3.4064563751220702,3.159248113632202,0.566279043283642,5,61.02359390258789,63.67867660522461,62.50080337524414,63.0335578918457,1.0215678702204043,5,3.2245678901672363,4.666652202606201,3.8270894050598145,3.338088035583496,0.6726860785614123,5,0.007720000110566616,0.009759999811649323,0.008343999832868576,0.0081599997356534,0.0007269002293998074,5,7168,128,1,16,8,9216,160,0,3072,False,TORCH_SDPA_MLA,False,even,"[1, 1, 1, 1, 1, 1, 1, 1, 1, 1, 1, 1, 1, 1, 1, 1, 1, 1, 1, 1, 1, 1, 1, 1, 1, 1, 1, 1, 1, 1, 1, 1, 1, 1, 1, 1, 1, 1, 1, 1, 1, 1, 1, 1, 1, 1, 1, 1, 1, 1, 1, 1, 1, 1, 1, 1, 1, 1, 1, 1, 1, 1, 1, 1, 1, 1, 1, 1, 1, 1, 1, 1, 1, 1, 1, 1, 1, 1, 1, 1, 1, 1, 1, 1, 1, 1, 1, 1, 1, 1, 1, 1, 1, 1, 1, 1, 1, 1, 1, 1, 1, 1, 1, 1, 1, 1, 1, 1, 1, 1, 1, 1, 1, 1, 1, 1, 1, 1, 1, 1, 1, 1, 1, 1, 1, 1, 1, 1, 1, 1, 1, 1, 1, 1, 1, 1, 1, 1, 1, 1, 1, 1, 1, 1, 1, 1, 1, 1, 1, 1, 1, 1, 1, 1, 1, 1, 1, 1, 1, 1]",160,1,1.0,1.0,12.0,0.0,0.0,0.0,576,128,64,192,512,128,160,0,160,1,3073,160,False,0,0,0,BF16,CUDA_EVENT,generic,generic,method=fp8|act=dynamic|serialized=True|block=128x128,False,False,,,,,,,,,,
0.00431999983265996,0.00535999983549118,0.004575999919325113,0.004399999976158142,0.0003932225458707315,5,0.017799999564886093,0.09267999976873398,0.032975999638438225,0.018120000138878822,0.02985234710834825,5,0.004399999976158142,0.007079999893903732,0.0054479999467730526,0.005160000175237656,0.001036115803893719,5,0.00443999981507659,0.005840000230818987,0.005111999996006489,0.005040000192821026,0.0006183333573220387,5,0.020560000091791153,0.07267999649047852,0.04042399898171425,0.03167999908328056,0.020731495152025544,5,0.9930030107498169,1.0664830207824707,1.013322615623474,1.0026429891586304,0.02683806382872808,5,0.016720000654459,0.017920000478625298,0.0172800000756979,0.01720000058412552,0.0005040635423079916,5,0.004399999976158142,0.004519999958574772,0.00447199996560812,0.004480000119656324,4.664763494375637e-05,5,7168,128,1,16,8,9216,2,0,4096,False,TORCH_SDPA_MLA,False,even,"[1, 1]",2,1,1.0,1.0,1.0,0.0,0.0,0.0,576,128,64,192,512,128,2,0,2,1,4097,2,False,0,0,0,BF16,CUDA_EVENT,generic,generic,method=fp8|act=dynamic|serialized=True|block=128x128,False,False,,,,,,,,,,
0.00443999981507659,0.014440000057220459,0.007431999873369932,0.004480000119656324,0.003986168100102637,5,0.049639999866485596,0.14395999908447266,0.07310399934649467,0.05403999984264374,0.035787010698242,5,0.005799999926239252,0.007439999841153622,0.006664199940860272,0.006599999964237213,0.000547757735892121,5,0.005400000140070915,0.007400000002235174,0.006584000028669834,0.006680000107735395,0.0006580455226318783,5,6.509375095367432,8.365259170532227,6.953744316101075,6.589416027069092,0.7127814888012481,5,77.29794311523438,78.42510223388672,77.73755798339843,77.583740234375,0.40134353769311865,5,8.476019859313965,9.809063911437988,9.344246292114258,9.549542427062988,0.47051374837475785,5,0.00803999975323677,0.009399999864399433,0.008719999901950359,0.00887999963015318,0.0004833218657542246,5,7168,128,1,16,8,9216,256,0,2048,False,TORCH_SDPA_MLA,False,even,"[1, 1, 1, 1, 1, 1, 1, 1, 1, 1, 1, 1, 1, 1, 1, 1, 1, 1, 1, 1, 1, 1, 1, 1, 1, 1, 1, 1, 1, 1, 1, 1, 1, 1, 1, 1, 1, 1, 1, 1, 1, 1, 1, 1, 1, 1, 1, 1, 1, 1, 1, 1, 1, 1, 1, 1, 1, 1, 1, 1, 1, 1, 1, 1, 1, 1, 1, 1, 1, 1, 1, 1, 1, 1, 1, 1, 1, 1, 1, 1, 1, 1, 1, 1, 1, 1, 1, 1, 1, 1, 1, 1, 1, 1, 1, 1, 1, 1, 1, 1, 1, 1, 1, 1, 1, 1, 1, 1, 1, 1, 1, 1, 1, 1, 1, 1, 1, 1, 1, 1, 1, 1, 1, 1, 1, 1, 1, 1, 1, 1, 1, 1, 1, 1, 1, 1, 1, 1, 1, 1, 1, 1, 1, 1, 1, 1, 1, 1, 1, 1, 1, 1, 1, 1, 1, 1, 1, 1, 1, 1, 1, 1, 1, 1, 1, 1, 1, 1, 1, 1, 1, 1, 1, 1, 1, 1, 1, 1, 1, 1, 1, 1, 1, 1, 1, 1, 1, 1, 1, 1, 1, 1, 1, 1, 1, 1, 1, 1, 1, 1, 1, 1, 1, 1, 1, 1, 1, 1, 1, 1, 1, 1, 1, 1, 1, 1, 1, 1, 1, 1, 1, 1, 1, 1, 1, 1, 1, 1, 1, 1, 1, 1, 1, 1, 1, 1, 1, 1, 1, 1, 1, 1, 1, 1, 1, 1, 1, 1, 1, 1, 1, 1, 1, 1, 1, 1]",256,1,1.0,1.0,16.0,0.0,0.0,0.0,576,128,64,192,512,128,256,0,256,1,2049,256,False,0,0,0,BF16,CUDA_EVENT,generic,generic,method=fp8|act=dynamic|serialized=True|block=128x128,False,False,,,,,,,,,,
0.004279999993741512,0.007799999788403511,0.0064559999853372576,0.007120000198483467,0.0013127314453640893,5,0.04064000025391579,0.07423999905586243,0.049304000288248065,0.044520001858472824,0.012627451541000222,5,0.004801000002771616,0.008960000239312649,0.006392200011759996,0.006039999891072512,0.0013891938658079136,5,0.004879999905824661,0.011959999799728394,0.006639999896287918,0.005439999978989363,0.0026707301876230786,5,0.21848100423812866,0.6088420152664185,0.3016808032989502,0.22604000568389893,0.1536235171011887,5,2.8839669227600098,3.0257670879364014,2.9207347869873046,2.895566940307617,0.053290395765486824,5,0.23028099536895752,0.24435999989509583,0.23620059788227082,0.23615999519824982,0.004888645545574758,5,0.005799999926239252,0.007799999788403511,0.007103999983519316,0.007400000002235174,0.0007144676339161254,5,7168,128,1,16,8,9216,8,0,3072,False,TORCH_SDPA_MLA,False,even,"[1, 1, 1, 1, 1, 1, 1, 1]",8,1,1.0,1.0,2.0,0.0,0.0,0.0,576,128,64,192,512,128,8,0,8,1,3073,8,False,0,0,0,BF16,CUDA_EVENT,generic,generic,method=fp8|act=dynamic|serialized=True|block=128x128,False,False,,,,,,,,,,
0.006719999946653843,0.009200000204145908,0.007624000031501055,0.0074800001457333565,0.0008381313508059919,5,0.0435199998319149,0.12907999753952026,0.06240819990634918,0.045441001653671265,0.03339161733067381,5,0.005160000175237656,0.009320000186562538,0.006432000081986189,0.005799999926239252,0.0015116401975445528,5,0.00431999983265996,0.01868000067770481,0.007912000082433224,0.0055599999614059925,0.00540420014922081,5,2.3447659015655518,3.121967077255249,2.5670144081115724,2.3577260971069336,0.3020691494732319,5,21.97109603881836,22.143936157226562,22.061967849731445,22.060775756835938,0.05864521900292515,5,1.2681230306625366,1.3026429414749146,1.2866511821746827,1.2861629724502563,0.012184440958530872,5,0.005760000087320805,0.009239999577403069,0.007231999933719635,0.0075599998235702515,0.0013055939057836307,5,7168,128,1,16,8,9216,64,0,3072,False,TORCH_SDPA_MLA,False,even,"[1, 1, 1, 1, 1, 1, 1, 1, 1, 1, 1, 1, 1, 1, 1, 1, 1, 1, 1, 1, 1, 1, 1, 1, 1, 1, 1, 1, 1, 1, 1, 1, 1, 1, 1, 1, 1, 1, 1, 1, 1, 1, 1, 1, 1, 1, 1, 1, 1, 1, 1, 1, 1, 1, 1, 1, 1, 1, 1, 1, 1, 1, 1, 1]",64,1,1.0,1.0,8.0,0.0,0.0,0.0,576,128,64,192,512,128,64,0,64,1,3073,64,False,0,0,0,BF16,CUDA_EVENT,generic,generic,method=fp8|act=dynamic|serialized=True|block=128x128,False,False,,,,,,,,,,
0.00443999981507659,0.014399999752640724,0.0064559999853372576,0.004480000119656324,0.003972030095478174,5,0.04628000035881996,0.0825209990143776,0.057920200377702714,0.050999999046325684,0.013735218619459652,5,0.004879999905824661,0.007360000163316727,0.005616000015288591,0.005319999996572733,0.0009179456251832499,5,0.004480000119656324,0.005679999943822622,0.005207999981939793,0.005239999853074551,0.00045564891876316056,5,15.788040161132812,15.872321128845215,15.821024894714355,15.81632137298584,0.028346308163047392,5,106.97611236572266,107.47335815429688,107.28268585205078,107.38304138183594,0.18229407910328788,5,8.81566333770752,8.88906192779541,8.846630668640136,8.838102340698242,0.028581239321668263,5,0.005439999978989363,0.007439999841153622,0.0068719999864697455,0.007120000198483467,0.0007272523565047748,5,7168,128,1,16,8,9216,448,0,2048,False,TORCH_SDPA_MLA,False,even,"[1, 1, 1, 1, 1, 1, 1, 1, 1, 1, 1, 1, 1, 1, 1, 1, 1, 1, 1, 1, 1, 1, 1, 1, 1, 1, 1, 1, 1, 1, 1, 1, 1, 1, 1, 1, 1, 1, 1, 1, 1, 1, 1, 1, 1, 1, 1, 1, 1, 1, 1, 1, 1, 1, 1, 1, 1, 1, 1, 1, 1, 1, 1, 1, 1, 1, 1, 1, 1, 1, 1, 1, 1, 1, 1, 1, 1, 1, 1, 1, 1, 1, 1, 1, 1, 1, 1, 1, 1, 1, 1, 1, 1, 1, 1, 1, 1, 1, 1, 1, 1, 1, 1, 1, 1, 1, 1, 1, 1, 1, 1, 1, 1, 1, 1, 1, 1, 1, 1, 1, 1, 1, 1, 1, 1, 1, 1, 1, 1, 1, 1, 1, 1, 1, 1, 1, 1, 1, 1, 1, 1, 1, 1, 1, 1, 1, 1, 1, 1, 1, 1, 1, 1, 1, 1, 1, 1, 1, 1, 1, 1, 1, 1, 1, 1, 1, 1, 1, 1, 1, 1, 1, 1, 1, 1, 1, 1, 1, 1, 1, 1, 1, 1, 1, 1, 1, 1, 1, 1, 1, 1, 1, 1, 1, 1, 1, 1, 1, 1, 1, 1, 1, 1, 1, 1, 1, 1, 1, 1, 1, 1, 1, 1, 1, 1, 1, 1, 1, 1, 1, 1, 1, 1, 1, 1, 1, 1, 1, 1, 1, 1, 1, 1, 1, 1, 1, 1, 1, 1, 1, 1, 1, 1, 1, 1, 1, 1, 1, 1, 1, 1, 1, 1, 1, 1, 1, 1, 1, 1, 1, 1, 1, 1, 1, 1, 1, 1, 1, 1, 1, 1, 1, 1, 1, 1, 1, 1, 1, 1, 1, 1, 1, 1, 1, 1, 1, 1, 1, 1, 1, 1, 1, 1, 1, 1, 1, 1, 1, 1, 1, 1, 1, 1, 1, 1, 1, 1, 1, 1, 1, 1, 1, 1, 1, 1, 1, 1, 1, 1, 1, 1, 1, 1, 1, 1, 1, 1, 1, 1, 1, 1, 1, 1, 1, 1, 1, 1, 1, 1, 1, 1, 1, 1, 1, 1, 1, 1, 1, 1, 1, 1, 1, 1, 1, 1, 1, 1, 1, 1, 1, 1, 1, 1, 1, 1, 1, 1, 1, 1, 1, 1, 1, 1, 1, 1, 1, 1, 1, 1, 1, 1, 1, 1, 1, 1, 1, 1, 1, 1, 1, 1, 1, 1, 1, 1, 1, 1, 1, 1, 1, 1, 1, 1, 1, 1, 1, 1, 1, 1, 1, 1, 1, 1, 1, 1, 1, 1, 1, 1, 1, 1, 1, 1, 1, 1, 1, 1, 1, 1, 1, 1, 1, 1, 1, 1, 1, 1, 1, 1, 1, 1, 1, 1, 1, 1, 1, 1, 1]",448,1,1.0,1.0,21.0,0.0,0.0,0.0,576,128,64,192,512,128,448,0,448,1,2049,448,False,0,0,0,BF16,CUDA_EVENT,generic,generic,method=fp8|act=dynamic|serialized=True|block=128x128,False,False,,,,,,,,,,
0.004120000172406435,0.007040000054985285,0.006080000009387731,0.006479999981820583,0.0010931056378221868,5,0.04188099876046181,0.0517599992454052,0.04680039957165718,0.04732000082731247,0.003876534828924915,5,0.005080000031739473,0.00547999981790781,0.005311999935656786,0.005400000140070915,0.00017599996433343687,5,0.004999999888241291,0.0060800001956522465,0.005384000018239021,0.005200000014156103,0.0003883092722504784,5,1.5965640544891357,1.754045009613037,1.6587562084197998,1.6099640130996704,0.06854310411519428,5,47.21144104003906,48.629798889160156,47.5945442199707,47.41939926147461,0.5278639118103984,5,2.8113269805908203,3.4259679317474365,2.9400869846343993,2.822087049484253,0.2430125071309933,5,0.0060800001956522465,0.00800000037997961,0.006928000040352345,0.00687999976798892,0.000632657963884199,5,7168,128,1,16,8,9216,96,0,5120,False,TORCH_SDPA_MLA,False,even,"[1, 1, 1, 1, 1, 1, 1, 1, 1, 1, 1, 1, 1, 1, 1, 1, 1, 1, 1, 1, 1, 1, 1, 1, 1, 1, 1, 1, 1, 1, 1, 1, 1, 1, 1, 1, 1, 1, 1, 1, 1, 1, 1, 1, 1, 1, 1, 1, 1, 1, 1, 1, 1, 1, 1, 1, 1, 1, 1, 1, 1, 1, 1, 1, 1, 1, 1, 1, 1, 1, 1, 1, 1, 1, 1, 1, 1, 1, 1, 1, 1, 1, 1, 1, 1, 1, 1, 1, 1, 1, 1, 1, 1, 1, 1, 1]",96,1,1.0,1.0,9.0,0.0,0.0,0.0,576,128,64,192,512,128,96,0,96,1,5121,96,False,0,0,0,BF16,CUDA_EVENT,generic,generic,method=fp8|act=dynamic|serialized=True|block=128x128,False,False,,,,,,,,,,
0.00419999985024333,0.007120000198483467,0.004839999973773957,0.00431999983265996,0.0011409470854560164,5,0.017839999869465828,0.04303999990224838,0.02327200025320053,0.01868000067770481,0.009893234697103029,5,0.004240000154823065,0.005119999870657921,0.0044559999369084835,0.00431999983265996,0.000333322622870456,5,0.004279999993741512,0.005439999978989363,0.004535999894142151,0.00431999983265996,0.00045226544906500077,5,0.02127999998629093,0.06415999680757523,0.030271999165415765,0.021560000255703926,0.016954099677332798,5,1.295362949371338,1.407323956489563,1.3281075716018678,1.3185240030288696,0.04120320413955297,5,0.02696000039577484,0.02744000032544136,0.027199999988079072,0.027240000665187836,0.00016589153646151802,5,0.00419999985024333,0.00443999981507659,0.004303999990224838,0.004279999993741512,8.616260987716147e-05,5,7168,128,1,16,8,9216,2,0,6144,False,TORCH_SDPA_MLA,False,even,"[1, 1]",2,1,1.0,1.0,1.0,0.0,0.0,0.0,576,128,64,192,512,128,2,0,2,1,6145,2,False,0,0,0,BF16,CUDA_EVENT,generic,generic,method=fp8|act=dynamic|serialized=True|block=128x128,False,False,,,,,,,,,,
0.004279999993741512,0.005640000104904175,0.004608000069856644,0.004360000137239695,0.0005211679433791885,5,0.046480000019073486,0.061560001224279404,0.051208000630140305,0.04864000156521797,0.005397208546419232,5,0.004920000210404396,0.006599999964237213,0.005712000001221895,0.005799999926239252,0.0006647224634847111,5,0.004800000227987766,0.008080000057816505,0.0060640000738203526,0.005799999926239252,0.0010877058058201528,5,11.706830024719238,12.731392860412598,12.30633544921875,12.62003231048584,0.4415447514698344,5,83.52957916259766,84.19737243652344,83.83268737792969,83.76685333251953,0.2324374589884588,5,6.60457706451416,7.350739002227783,7.140618228912354,7.260458946228027,0.27416457936794236,5,0.007439999841153622,0.009960999712347984,0.008168199844658375,0.007679999805986881,0.0009453955707264974,5,7168,128,1,16,8,9216,320,0,2048,False,TORCH_SDPA_MLA,False,even,"[1, 1, 1, 1, 1, 1, 1, 1, 1, 1, 1, 1, 1, 1, 1, 1, 1, 1, 1, 1, 1, 1, 1, 1, 1, 1, 1, 1, 1, 1, 1, 1, 1, 1, 1, 1, 1, 1, 1, 1, 1, 1, 1, 1, 1, 1, 1, 1, 1, 1, 1, 1, 1, 1, 1, 1, 1, 1, 1, 1, 1, 1, 1, 1, 1, 1, 1, 1, 1, 1, 1, 1, 1, 1, 1, 1, 1, 1, 1, 1, 1, 1, 1, 1, 1, 1, 1, 1, 1, 1, 1, 1, 1, 1, 1, 1, 1, 1, 1, 1, 1, 1, 1, 1, 1, 1, 1, 1, 1, 1, 1, 1, 1, 1, 1, 1, 1, 1, 1, 1, 1, 1, 1, 1, 1, 1, 1, 1, 1, 1, 1, 1, 1, 1, 1, 1, 1, 1, 1, 1, 1, 1, 1, 1, 1, 1, 1, 1, 1, 1, 1, 1, 1, 1, 1, 1, 1, 1, 1, 1, 1, 1, 1, 1, 1, 1, 1, 1, 1, 1, 1, 1, 1, 1, 1, 1, 1, 1, 1, 1, 1, 1, 1, 1, 1, 1, 1, 1, 1, 1, 1, 1, 1, 1, 1, 1, 1, 1, 1, 1, 1, 1, 1, 1, 1, 1, 1, 1, 1, 1, 1, 1, 1, 1, 1, 1, 1, 1, 1, 1, 1, 1, 1, 1, 1, 1, 1, 1, 1, 1, 1, 1, 1, 1, 1, 1, 1, 1, 1, 1, 1, 1, 1, 1, 1, 1, 1, 1, 1, 1, 1, 1, 1, 1, 1, 1, 1, 1, 1, 1, 1, 1, 1, 1, 1, 1, 1, 1, 1, 1, 1, 1, 1, 1, 1, 1, 1, 1, 1, 1, 1, 1, 1, 1, 1, 1, 1, 1, 1, 1, 1, 1, 1, 1, 1, 1, 1, 1, 1, 1, 1, 1, 1, 1, 1, 1, 1, 1, 1, 1, 1, 1, 1, 1, 1, 1, 1, 1, 1, 1]",320,1,1.0,1.0,17.0,0.0,0.0,0.0,576,128,64,192,512,128,320,0,320,1,2049,320,False,0,0,0,BF16,CUDA_EVENT,generic,generic,method=fp8|act=dynamic|serialized=True|block=128x128,False,False,,,,,,,,,,
0.004480000119656324,0.00851999968290329,0.00703999986872077,0.007519999984651804,0.0014019413789985787,5,0.03951999917626381,0.058320000767707825,0.04614420086145401,0.04368000105023384,0.00642582114000636,5,0.004999999888241291,0.007120000198483467,0.005688000097870826,0.005280000157654285,0.000756581849837689,5,0.004879999905824661,0.00547999981790781,0.005087999999523163,0.004999999888241291,0.00021821084786264488,5,1.7404040098190308,1.788444995880127,1.7692761898040772,1.770164966583252,0.016837012441757664,5,16.30240249633789,16.34812355041504,16.330786895751952,16.34100341796875,0.01729235749138353,5,0.9119619727134705,0.9479619860649109,0.9299461841583252,0.930761992931366,0.011487340774690005,5,0.004559999797493219,0.00687999976798892,0.006047999951988459,0.006320000160485506,0.0007917171739549564,5,7168,128,1,16,8,9216,48,0,3072,False,TORCH_SDPA_MLA,False,even,"[1, 1, 1, 1, 1, 1, 1, 1, 1, 1, 1, 1, 1, 1, 1, 1, 1, 1, 1, 1, 1, 1, 1, 1, 1, 1, 1, 1, 1, 1, 1, 1, 1, 1, 1, 1, 1, 1, 1, 1, 1, 1, 1, 1, 1, 1, 1, 1]",48,1,1.0,1.0,6.0,0.0,0.0,0.0,576,128,64,192,512,128,48,0,48,1,3073,48,False,0,0,0,BF16,CUDA_EVENT,generic,generic,method=fp8|act=dynamic|serialized=True|block=128x128,False,False,,,,,,,,,,
0.004639999940991402,0.0083600003272295,0.006383999995887279,0.00571999978274107,0.0014262904113962185,5,0.04019999876618385,0.15004000067710876,0.07072019949555397,0.04304099828004837,0.042041532227702176,5,0.004399999976158142,0.00839999970048666,0.006128000002354384,0.005840000230818987,0.0013055940016555086,5,0.004879999905824661,0.006240000016987324,0.0056719999760389325,0.005760000087320805,0.00047893216918852474,5,0.6116020083427429,0.8290020227432251,0.6666256070137024,0.6225209832191467,0.08246052214736256,5,5.607974052429199,5.73677396774292,5.653054428100586,5.619894027709961,0.05185133000041427,5,0.2991209924221039,0.5418409705162048,0.35348079204559324,0.30924099683761597,0.09436631411719215,5,0.005840000230818987,0.008679999969899654,0.007424200139939785,0.007441000081598759,0.0009474547391444373,5,7168,128,1,16,8,9216,16,0,3072,False,TORCH_SDPA_MLA,False,even,"[1, 1, 1, 1, 1, 1, 1, 1, 1, 1, 1, 1, 1, 1, 1, 1]",16,1,1.0,1.0,4.0,0.0,0.0,0.0,576,128,64,192,512,128,16,0,16,1,3073,16,False,0,0,0,BF16,CUDA_EVENT,generic,generic,method=fp8|act=dynamic|serialized=True|block=128x128,False,False,,,,,,,,,,
0.004279999993741512,0.00443999981507659,0.004375999886542558,0.004399999976158142,6.499226332255945e-05,5,0.04596000164747238,0.06515999883413315,0.0532880000770092,0.052000001072883606,0.006467315068679181,5,0.00535999983549118,0.00675999978557229,0.006191999837756157,0.0061599998734891415,0.0004979317011380032,5,0.004999999888241291,0.006639999803155661,0.005783999897539615,0.005760000087320805,0.0005200615078041455,5,2.3700859546661377,3.7321279048919678,2.6956223964691164,2.4702460765838623,0.5200463723507799,5,55.73957443237305,57.92086410522461,56.39360885620117,56.16677474975586,0.7971571294581122,5,2.527606964111328,3.8570098876953125,2.7988153457641602,2.5353269577026367,0.5291303152715533,5,0.007960000075399876,0.00851999968290329,0.008159999921917915,0.00803999975323677,0.00021165992133480814,5,7168,128,1,16,8,9216,128,0,4096,False,TORCH_SDPA_MLA,False,even,"[1, 1, 1, 1, 1, 1, 1, 1, 1, 1, 1, 1, 1, 1, 1, 1, 1, 1, 1, 1, 1, 1, 1, 1, 1, 1, 1, 1, 1, 1, 1, 1, 1, 1, 1, 1, 1, 1, 1, 1, 1, 1, 1, 1, 1, 1, 1, 1, 1, 1, 1, 1, 1, 1, 1, 1, 1, 1, 1, 1, 1, 1, 1, 1, 1, 1, 1, 1, 1, 1, 1, 1, 1, 1, 1, 1, 1, 1, 1, 1, 1, 1, 1, 1, 1, 1, 1, 1, 1, 1, 1, 1, 1, 1, 1, 1, 1, 1, 1, 1, 1, 1, 1, 1, 1, 1, 1, 1, 1, 1, 1, 1, 1, 1, 1, 1, 1, 1, 1, 1, 1, 1, 1, 1, 1, 1, 1, 1]",128,1,1.0,1.0,11.0,0.0,0.0,0.0,576,128,64,192,512,128,128,0,128,1,4097,128,False,0,0,0,BF16,CUDA_EVENT,generic,generic,method=fp8|act=dynamic|serialized=True|block=128x128,False,False,,,,,,,,,,
0.00443999981507659,0.00559999980032444,0.004703999869525433,0.004519999958574772,0.00044942627158400794,5,0.017799999564886093,0.1910409927368164,0.052952198311686516,0.01875999942421913,0.06904561322935138,5,0.004399999976158142,0.007400000002235174,0.005143999960273505,0.004519999958574772,0.0011455933257034855,5,0.004360000137239695,0.005840000230818987,0.004704000055789947,0.00443999981507659,0.000569406794572968,5,0.020160000771284103,0.07524000108242035,0.037432200461626056,0.023159999400377274,0.02156055654668765,5,1.195723056793213,1.3064830303192139,1.227819013595581,1.2079230546951294,0.04065823161940965,5,0.01703999936580658,0.017640000209212303,0.017320000007748602,0.017319999635219574,0.00022199133865599436,5,0.004399999976158142,0.004519999958574772,0.004447999969124794,0.00443999981507659,4.664763494375637e-05,5,7168,128,1,16,8,9216,2,0,5120,False,TORCH_SDPA_MLA,False,even,"[1, 1]",2,1,1.0,1.0,1.0,0.0,0.0,0.0,576,128,64,192,512,128,2,0,2,1,5121,2,False,0,0,0,BF16,CUDA_EVENT,generic,generic,method=fp8|act=dynamic|serialized=True|block=128x128,False,False,,,,,,,,,,
0.004279999993741512,0.004480000119656324,0.0043680000118911265,0.004360000137239695,6.881866061977869e-05,5,0.04171999916434288,0.056439999490976334,0.04843999966979027,0.04820000007748604,0.005277271924134492,5,0.004480000119656324,0.005840000230818987,0.005104000121355057,0.0049600000493228436,0.0004480000485533077,5,0.00431999983265996,0.0061610001139342785,0.004824199993163347,0.004600000102072954,0.0006790277269091633,5,4.5983710289001465,4.7228522300720215,4.6566917419433596,4.660332202911377,0.0426093704256479,5,65.97648620605469,66.12684631347656,66.03362274169922,66.02120971679688,0.04987027954048841,5,5.994736194610596,6.075415134429932,6.023359203338623,6.014134883880615,0.028887220147519568,5,0.00431999983265996,0.007600000128149986,0.006383999995887279,0.006719999946653843,0.0012052153649848108,5,7168,128,1,16,8,9216,192,0,3072,False,TORCH_SDPA_MLA,False,even,"[1, 1, 1, 1, 1, 1, 1, 1, 1, 1, 1, 1, 1, 1, 1, 1, 1, 1, 1, 1, 1, 1, 1, 1, 1, 1, 1, 1, 1, 1, 1, 1, 1, 1, 1, 1, 1, 1, 1, 1, 1, 1, 1, 1, 1, 1, 1, 1, 1, 1, 1, 1, 1, 1, 1, 1, 1, 1, 1, 1, 1, 1, 1, 1, 1, 1, 1, 1, 1, 1, 1, 1, 1, 1, 1, 1, 1, 1, 1, 1, 1, 1, 1, 1, 1, 1, 1, 1, 1, 1, 1, 1, 1, 1, 1, 1, 1, 1, 1, 1, 1, 1, 1, 1, 1, 1, 1, 1, 1, 1, 1, 1, 1, 1, 1, 1, 1, 1, 1, 1, 1, 1, 1, 1, 1, 1, 1, 1, 1, 1, 1, 1, 1, 1, 1, 1, 1, 1, 1, 1, 1, 1, 1, 1, 1, 1, 1, 1, 1, 1, 1, 1, 1, 1, 1, 1, 1, 1, 1, 1, 1, 1, 1, 1, 1, 1, 1, 1, 1, 1, 1, 1, 1, 1, 1, 1, 1, 1, 1, 1, 1, 1, 1, 1, 1, 1, 1, 1, 1, 1, 1, 1]",192,1,1.0,1.0,13.0,0.0,0.0,0.0,576,128,64,192,512,128,192,0,192,1,3073,192,False,0,0,0,BF16,CUDA_EVENT,generic,generic,method=fp8|act=dynamic|serialized=True|block=128x128,False,False,,,,,,,,,,
0.004399999976158142,0.005679999943822622,0.0046639999374747275,0.004399999976158142,0.0005082361668474172,5,0.03376000002026558,0.05212000012397766,0.040807999670505524,0.03943999856710434,0.006248527858370236,5,0.004360000137239695,0.005040000192821026,0.004728000052273274,0.004720000084489584,0.00025095023765210595,5,0.00443999981507659,0.00559999980032444,0.0049439998343586925,0.004679999779909849,0.0004941902225989196,5,0.11692100018262863,0.12928099930286407,0.12237659990787506,0.12264099717140198,0.004330555387734086,5,1.853564977645874,1.8767640590667725,1.8666686058044433,1.8648450374603271,0.008743060223024146,5,0.05976000055670738,0.06040000170469284,0.06008840054273605,0.060201000422239304,0.000259958060728868,5,0.004399999976158142,0.004519999958574772,0.004439999908208847,0.00443999981507659,4.381779817994027e-05,5,7168,128,1,16,8,9216,4,0,4096,False,TORCH_SDPA_MLA,False,even,"[1, 1, 1, 1]",4,1,1.0,1.0,2.0,0.0,0.0,0.0,576,128,64,192,512,128,4,0,4,1,4097,4,False,0,0,0,BF16,CUDA_EVENT,generic,generic,method=fp8|act=dynamic|serialized=True|block=128x128,False,False,,,,,,,,,,
0.004360000137239695,0.004519999958574772,0.004423999972641468,0.004399999976158142,5.425858614264964e-05,5,0.04820000007748604,0.1157199963927269,0.06365599930286407,0.050200000405311584,0.02611277062209354,5,0.005280000157654285,0.006839999929070473,0.006192000024020672,0.006120000034570694,0.0005607993472134337,5,0.005200000014156103,0.006519999820739031,0.005896000005304813,0.005960000213235617,0.00044152459130326004,5,14.255837440490723,16.239362716674805,15.441832160949707,16.153242111206055,0.9230398911006775,5,104.07146453857422,104.9437484741211,104.66229248046875,104.77103424072266,0.30647783901527154,5,9.047383308410645,9.516624450683594,9.30563144683838,9.257622718811035,0.16533001172962983,5,0.007120000198483467,0.009440000168979168,0.008056000061333179,0.00800000037997961,0.0008312304199787016,5,7168,128,1,16,8,9216,384,0,2048,False,TORCH_SDPA_MLA,False,even,"[1, 1, 1, 1, 1, 1, 1, 1, 1, 1, 1, 1, 1, 1, 1, 1, 1, 1, 1, 1, 1, 1, 1, 1, 1, 1, 1, 1, 1, 1, 1, 1, 1, 1, 1, 1, 1, 1, 1, 1, 1, 1, 1, 1, 1, 1, 1, 1, 1, 1, 1, 1, 1, 1, 1, 1, 1, 1, 1, 1, 1, 1, 1, 1, 1, 1, 1, 1, 1, 1, 1, 1, 1, 1, 1, 1, 1, 1, 1, 1, 1, 1, 1, 1, 1, 1, 1, 1, 1, 1, 1, 1, 1, 1, 1, 1, 1, 1, 1, 1, 1, 1, 1, 1, 1, 1, 1, 1, 1, 1, 1, 1, 1, 1, 1, 1, 1, 1, 1, 1, 1, 1, 1, 1, 1, 1, 1, 1, 1, 1, 1, 1, 1, 1, 1, 1, 1, 1, 1, 1, 1, 1, 1, 1, 1, 1, 1, 1, 1, 1, 1, 1, 1, 1, 1, 1, 1, 1, 1, 1, 1, 1, 1, 1, 1, 1, 1, 1, 1, 1, 1, 1, 1, 1, 1, 1, 1, 1, 1, 1, 1, 1, 1, 1, 1, 1, 1, 1, 1, 1, 1, 1, 1, 1, 1, 1, 1, 1, 1, 1, 1, 1, 1, 1, 1, 1, 1, 1, 1, 1, 1, 1, 1, 1, 1, 1, 1, 1, 1, 1, 1, 1, 1, 1, 1, 1, 1, 1, 1, 1, 1, 1, 1, 1, 1, 1, 1, 1, 1, 1, 1, 1, 1, 1, 1, 1, 1, 1, 1, 1, 1, 1, 1, 1, 1, 1, 1, 1, 1, 1, 1, 1, 1, 1, 1, 1, 1, 1, 1, 1, 1, 1, 1, 1, 1, 1, 1, 1, 1, 1, 1, 1, 1, 1, 1, 1, 1, 1, 1, 1, 1, 1, 1, 1, 1, 1, 1, 1, 1, 1, 1, 1, 1, 1, 1, 1, 1, 1, 1, 1, 1, 1, 1, 1, 1, 1, 1, 1, 1, 1, 1, 1, 1, 1, 1, 1, 1, 1, 1, 1, 1, 1, 1, 1, 1, 1, 1, 1, 1, 1, 1, 1, 1, 1, 1, 1, 1, 1, 1, 1, 1, 1, 1, 1, 1, 1, 1, 1, 1, 1, 1, 1, 1, 1, 1, 1, 1, 1, 1, 1, 1, 1, 1, 1, 1, 1, 1, 1, 1, 1, 1, 1, 1, 1]",384,1,1.0,1.0,19.0,0.0,0.0,0.0,576,128,64,192,512,128,384,0,384,1,2049,384,False,0,0,0,BF16,CUDA_EVENT,generic,generic,method=fp8|act=dynamic|serialized=True|block=128x128,False,False,,,,,,,,,,
0.004519999958574772,0.0075599998235702515,0.0064639999531209465,0.006839999929070473,0.001063608928642614,5,0.03911999985575676,0.12812000513076782,0.060144200921058655,0.043800000101327896,0.0340639218748292,5,0.005439999978989363,0.006519999820739031,0.005815999954938889,0.0055599999614059925,0.00042074220345268893,5,0.004679999779909849,0.010599999688565731,0.006263999920338392,0.005280000157654285,0.0021968121394753256,5,1.2083230018615723,2.5501670837402344,1.678244423866272,1.2400439977645874,0.569269710610818,5,10.42154598236084,12.487431526184082,11.291132545471191,10.64926815032959,0.9081140501807009,5,0.5990020036697388,0.6234819889068604,0.611473798751831,0.6144019961357117,0.00978923629837575,5,0.006560000125318766,0.00872000027447939,0.0076640000566840175,0.007400000002235174,0.000871449294174299,5,7168,128,1,16,8,9216,32,0,3072,False,TORCH_SDPA_MLA,False,even,"[1, 1, 1, 1, 1, 1, 1, 1, 1, 1, 1, 1, 1, 1, 1, 1, 1, 1, 1, 1, 1, 1, 1, 1, 1, 1, 1, 1, 1, 1, 1, 1]",32,1,1.0,1.0,5.0,0.0,0.0,0.0,576,128,64,192,512,128,32,0,32,1,3073,32,False,0,0,0,BF16,CUDA_EVENT,generic,generic,method=fp8|act=dynamic|serialized=True|block=128x128,False,False,,,,,,,,,,
0.0041600000113248825,0.008200000040233135,0.006471999920904636,0.006639999803155661,0.001311707281174637,5,0.04264000058174133,0.05135999992489815,0.04441620036959648,0.0427200011909008,0.003472081833841533,5,0.00419999985024333,0.005319999996572733,0.004839999973773957,0.0049600000493228436,0.00037266610905624294,5,0.0041600000113248825,0.00687999976798892,0.005383999925106764,0.005119999870657921,0.0011481045244894532,5,2.1018850803375244,2.202605962753296,2.1311975955963134,2.12072491645813,0.03701698398676523,5,73.08290100097656,73.25118255615234,73.16150207519532,73.13538360595703,0.06154282026142837,5,3.6884090900421143,3.735008955001831,3.7038012504577638,3.6986091136932373,0.016089638858922402,5,0.006240000016987324,0.007280000019818544,0.006775999907404184,0.00687999976798892,0.0004422487968484633,5,7168,128,1,16,8,9216,128,0,6144,False,TORCH_SDPA_MLA,False,even,"[1, 1, 1, 1, 1, 1, 1, 1, 1, 1, 1, 1, 1, 1, 1, 1, 1, 1, 1, 1, 1, 1, 1, 1, 1, 1, 1, 1, 1, 1, 1, 1, 1, 1, 1, 1, 1, 1, 1, 1, 1, 1, 1, 1, 1, 1, 1, 1, 1, 1, 1, 1, 1, 1, 1, 1, 1, 1, 1, 1, 1, 1, 1, 1, 1, 1, 1, 1, 1, 1, 1, 1, 1, 1, 1, 1, 1, 1, 1, 1, 1, 1, 1, 1, 1, 1, 1, 1, 1, 1, 1, 1, 1, 1, 1, 1, 1, 1, 1, 1, 1, 1, 1, 1, 1, 1, 1, 1, 1, 1, 1, 1, 1, 1, 1, 1, 1, 1, 1, 1, 1, 1, 1, 1, 1, 1, 1, 1]",128,1,1.0,1.0,11.0,0.0,0.0,0.0,576,128,64,192,512,128,128,0,128,1,6145,128,False,0,0,0,BF16,CUDA_EVENT,generic,generic,method=fp8|act=dynamic|serialized=True|block=128x128,False,False,,,,,,,,,,
0.004360000137239695,0.0055599999614059925,0.004640000034123659,0.004399999976158142,0.00046164918211364503,5,0.05700000002980232,0.13439999520778656,0.08692819848656655,0.08451999723911285,0.02671803789824357,5,0.00571999978274107,0.007040000054985285,0.006231999956071377,0.006200000178068876,0.0004755797113710116,5,0.00443999981507659,0.05416100099682808,0.015464200172573328,0.0060800001956522465,0.019361963707436425,5,20.381811141967773,21.086811065673828,20.682659530639647,20.619651794433594,0.2864910789180814,5,190.1036376953125,190.76431274414062,190.43849182128906,190.5113525390625,0.24268574032218007,5,15.326639175415039,15.716839790344238,15.48460693359375,15.45375919342041,0.14445907685013384,5,0.00791999977082014,0.009399999864399433,0.00864799991250038,0.008559999987483025,0.0005024102765341289,5,7168,128,1,16,8,9216,512,0,3072,False,TORCH_SDPA_MLA,False,even,"[1, 1, 1, 1, 1, 1, 1, 1, 1, 1, 1, 1, 1, 1, 1, 1, 1, 1, 1, 1, 1, 1, 1, 1, 1, 1, 1, 1, 1, 1, 1, 1, 1, 1, 1, 1, 1, 1, 1, 1, 1, 1, 1, 1, 1, 1, 1, 1, 1, 1, 1, 1, 1, 1, 1, 1, 1, 1, 1, 1, 1, 1, 1, 1, 1, 1, 1, 1, 1, 1, 1, 1, 1, 1, 1, 1, 1, 1, 1, 1, 1, 1, 1, 1, 1, 1, 1, 1, 1, 1, 1, 1, 1, 1, 1, 1, 1, 1, 1, 1, 1, 1, 1, 1, 1, 1, 1, 1, 1, 1, 1, 1, 1, 1, 1, 1, 1, 1, 1, 1, 1, 1, 1, 1, 1, 1, 1, 1, 1, 1, 1, 1, 1, 1, 1, 1, 1, 1, 1, 1, 1, 1, 1, 1, 1, 1, 1, 1, 1, 1, 1, 1, 1, 1, 1, 1, 1, 1, 1, 1, 1, 1, 1, 1, 1, 1, 1, 1, 1, 1, 1, 1, 1, 1, 1, 1, 1, 1, 1, 1, 1, 1, 1, 1, 1, 1, 1, 1, 1, 1, 1, 1, 1, 1, 1, 1, 1, 1, 1, 1, 1, 1, 1, 1, 1, 1, 1, 1, 1, 1, 1, 1, 1, 1, 1, 1, 1, 1, 1, 1, 1, 1, 1, 1, 1, 1, 1, 1, 1, 1, 1, 1, 1, 1, 1, 1, 1, 1, 1, 1, 1, 1, 1, 1, 1, 1, 1, 1, 1, 1, 1, 1, 1, 1, 1, 1, 1, 1, 1, 1, 1, 1, 1, 1, 1, 1, 1, 1, 1, 1, 1, 1, 1, 1, 1, 1, 1, 1, 1, 1, 1, 1, 1, 1, 1, 1, 1, 1, 1, 1, 1, 1, 1, 1, 1, 1, 1, 1, 1, 1, 1, 1, 1, 1, 1, 1, 1, 1, 1, 1, 1, 1, 1, 1, 1, 1, 1, 1, 1, 1, 1, 1, 1, 1, 1, 1, 1, 1, 1, 1, 1, 1, 1, 1, 1, 1, 1, 1, 1, 1, 1, 1, 1, 1, 1, 1, 1, 1, 1, 1, 1, 1, 1, 1, 1, 1, 1, 1, 1, 1, 1, 1, 1, 1, 1, 1, 1, 1, 1, 1, 1, 1, 1, 1, 1, 1, 1, 1, 1, 1, 1, 1, 1, 1, 1, 1, 1, 1, 1, 1, 1, 1, 1, 1, 1, 1, 1, 1, 1, 1, 1, 1, 1, 1, 1, 1, 1, 1, 1, 1, 1, 1, 1, 1, 1, 1, 1, 1, 1, 1, 1, 1, 1, 1, 1, 1, 1, 1, 1, 1, 1, 1, 1, 1, 1, 1, 1, 1, 1, 1, 1, 1, 1, 1, 1, 1, 1, 1, 1, 1, 1, 1, 1, 1, 1, 1, 1, 1, 1, 1, 1, 1, 1, 1, 1, 1, 1, 1, 1, 1, 1, 1, 1, 1, 1, 1, 1, 1, 1, 1, 1, 1, 1, 1, 1, 1, 1, 1, 1, 1, 1, 1, 1, 1, 1, 1, 1, 1, 1, 1, 1, 1, 1, 1, 1, 1, 1, 1, 1, 1, 1, 1]",512,1,1.0,1.0,22.0,0.0,0.0,0.0,576,128,64,192,512,128,512,0,512,1,3073,512,False,0,0,0,BF16,CUDA_EVENT,generic,generic,method=fp8|act=dynamic|serialized=True|block=128x128,False,False,,,,,,,,,,
0.00419999985024333,0.004360000137239695,0.004256000090390444,0.004240000154823065,5.4258695995502165e-05,5,0.020400000736117363,0.050439998507499695,0.02661599963903427,0.020800000056624413,0.011913463407712065,5,0.004240000154823065,0.005760000087320805,0.00457600001245737,0.00431999983265996,0.0005930801244435321,5,0.0041600000113248825,0.005080000031739473,0.004407999943941832,0.004279999993741512,0.00034072866929377724,5,0.07847999781370163,0.1693599969148636,0.10608039945363998,0.09356000274419785,0.03274456217633371,5,6.107094764709473,6.149654865264893,6.12703914642334,6.117855072021484,0.01789432350250934,5,0.09715999662876129,0.10276000201702118,0.09863999933004379,0.09759999811649323,0.0020873730841068443,5,0.004240000154823065,0.004279999993741512,0.004256000090390444,0.004240000154823065,1.95958390287433e-05,5,7168,128,1,16,8,9216,8,0,8192,False,TORCH_SDPA_MLA,False,even,"[1, 1, 1, 1, 1, 1, 1, 1]",8,1,1.0,1.0,2.0,0.0,0.0,0.0,576,128,64,192,512,128,8,0,8,1,8193,8,False,0,0,0,BF16,CUDA_EVENT,generic,generic,method=fp8|act=dynamic|serialized=True|block=128x128,False,False,,,,,,,,,,
0.004240000154823065,0.006120000034570694,0.004679999966174364,0.00431999983265996,0.0007231044430197121,5,0.04552000015974045,0.10232099890708923,0.06028819978237152,0.049800001084804535,0.02127984419546126,5,0.0055599999614059925,0.006399999838322401,0.006112199928611517,0.0062409997917711735,0.0002944610789099051,5,0.004559999797493219,0.006360999774187803,0.005832199938595295,0.006039999891072512,0.0006605357211242528,5,2.376605987548828,3.795768976211548,2.7035026073455812,2.448606014251709,0.5482907903217294,5,68.58352661132812,70.72489929199219,69.19290008544922,68.86540985107422,0.785099568850563,5,2.462886095046997,3.804008960723877,2.7479986190795898,2.496246099472046,0.5283260523285139,5,0.006639999803155661,0.009200000204145908,0.007967999950051308,0.008440000005066395,0.001094977632510363,5,7168,128,1,16,8,9216,128,0,5120,False,TORCH_SDPA_MLA,False,even,"[1, 1, 1, 1, 1, 1, 1, 1, 1, 1, 1, 1, 1, 1, 1, 1, 1, 1, 1, 1, 1, 1, 1, 1, 1, 1, 1, 1, 1, 1, 1, 1, 1, 1, 1, 1, 1, 1, 1, 1, 1, 1, 1, 1, 1, 1, 1, 1, 1, 1, 1, 1, 1, 1, 1, 1, 1, 1, 1, 1, 1, 1, 1, 1, 1, 1, 1, 1, 1, 1, 1, 1, 1, 1, 1, 1, 1, 1, 1, 1, 1, 1, 1, 1, 1, 1, 1, 1, 1, 1, 1, 1, 1, 1, 1, 1, 1, 1, 1, 1, 1, 1, 1, 1, 1, 1, 1, 1, 1, 1, 1, 1, 1, 1, 1, 1, 1, 1, 1, 1, 1, 1, 1, 1, 1, 1, 1, 1]",128,1,1.0,1.0,11.0,0.0,0.0,0.0,576,128,64,192,512,128,128,0,128,1,5121,128,False,0,0,0,BF16,CUDA_EVENT,generic,generic,method=fp8|act=dynamic|serialized=True|block=128x128,False,False,,,,,,,,,,
0.00431999983265996,0.004519999958574772,0.004415999911725521,0.004399999976158142,6.499233210529004e-05,5,0.017880000174045563,0.11603999882936478,0.03784799985587597,0.018360000103712082,0.039096756590411764,5,0.004399999976158142,0.007040000054985285,0.004999999981373548,0.004519999958574772,0.001021371660707488,5,0.004399999976158142,0.019360000267624855,0.007432000059634447,0.004480000119656324,0.005964073879869623,5,0.0371600016951561,0.19176100194454193,0.07098440080881119,0.03984000161290169,0.06053269788233814,5,2.4666459560394287,2.662166118621826,2.525894021987915,2.4920060634613037,0.07164506075587843,5,0.03152000159025192,0.03200000151991844,0.03172820061445236,0.03172000125050545,0.00017793517628041892,5,0.004360000137239695,0.004480000119656324,0.004424000065773726,0.004399999976158142,4.8000024010787934e-05,5,7168,128,1,16,8,9216,4,0,6144,False,TORCH_SDPA_MLA,False,even,"[1, 1, 1, 1]",4,1,1.0,1.0,2.0,0.0,0.0,0.0,576,128,64,192,512,128,4,0,4,1,6145,4,False,0,0,0,BF16,CUDA_EVENT,generic,generic,method=fp8|act=dynamic|serialized=True|block=128x128,False,False,,,,,,,,,,
0.004519999958574772,0.009759999811649323,0.007215999998152256,0.00788000039756298,0.0019335521941559824,5,0.044679999351501465,0.052639998495578766,0.048479999601840976,0.047439999878406525,0.002992363612359899,5,0.005520000122487545,0.006680000107735395,0.006000000052154064,0.005919999908655882,0.0004602607794566018,5,0.004600000102072954,0.006920000072568655,0.005632000043988228,0.005439999978989363,0.0007540397727639939,5,2.360326051712036,2.44856595993042,2.394422006607056,2.379565954208374,0.032737922717698986,5,29.016674041748047,29.173633575439453,29.09393882751465,29.072956085205078,0.058674408858182016,5,1.6613240242004395,2.895246982574463,1.9208127975463867,1.6828839778900146,0.4873356220305069,5,0.006639999803155661,0.008080000057816505,0.0076801999472081665,0.007840000092983246,0.0005283637223935853,5,7168,128,1,16,8,9216,64,0,4096,False,TORCH_SDPA_MLA,False,even,"[1, 1, 1, 1, 1, 1, 1, 1, 1, 1, 1, 1, 1, 1, 1, 1, 1, 1, 1, 1, 1, 1, 1, 1, 1, 1, 1, 1, 1, 1, 1, 1, 1, 1, 1, 1, 1, 1, 1, 1, 1, 1, 1, 1, 1, 1, 1, 1, 1, 1, 1, 1, 1, 1, 1, 1, 1, 1, 1, 1, 1, 1, 1, 1]",64,1,1.0,1.0,8.0,0.0,0.0,0.0,576,128,64,192,512,128,64,0,64,1,4097,64,False,0,0,0,BF16,CUDA_EVENT,generic,generic,method=fp8|act=dynamic|serialized=True|block=128x128,False,False,,,,,,,,,,
0.00431999983265996,0.007681000046432018,0.005024199932813644,0.004399999976158142,0.001328881753777437,5,0.04368000105023384,0.057440001517534256,0.04976000040769577,0.04839999973773956,0.004511035775949647,5,0.004399999976158142,0.006680000107735395,0.005704000033438206,0.005840000230818987,0.0009056621769044933,5,0.005760000087320805,0.00687999976798892,0.006367999967187643,0.006240000016987324,0.0004457082681788414,5,9.354023933410645,10.225465774536133,9.566264724731445,9.401424407958984,0.33230465774064827,5,92.27892303466797,93.53791809082031,92.75614471435547,92.67655944824219,0.41832471510509706,5,5.15013313293457,5.987255096435547,5.683870601654053,5.923375129699707,0.34282598655130336,5,0.005760000087320805,0.008840000256896019,0.007840000092983246,0.008080000057816505,0.001077181527145824,5,7168,128,1,16,8,9216,256,0,3072,False,TORCH_SDPA_MLA,False,even,"[1, 1, 1, 1, 1, 1, 1, 1, 1, 1, 1, 1, 1, 1, 1, 1, 1, 1, 1, 1, 1, 1, 1, 1, 1, 1, 1, 1, 1, 1, 1, 1, 1, 1, 1, 1, 1, 1, 1, 1, 1, 1, 1, 1, 1, 1, 1, 1, 1, 1, 1, 1, 1, 1, 1, 1, 1, 1, 1, 1, 1, 1, 1, 1, 1, 1, 1, 1, 1, 1, 1, 1, 1, 1, 1, 1, 1, 1, 1, 1, 1, 1, 1, 1, 1, 1, 1, 1, 1, 1, 1, 1, 1, 1, 1, 1, 1, 1, 1, 1, 1, 1, 1, 1, 1, 1, 1, 1, 1, 1, 1, 1, 1, 1, 1, 1, 1, 1, 1, 1, 1, 1, 1, 1, 1, 1, 1, 1, 1, 1, 1, 1, 1, 1, 1, 1, 1, 1, 1, 1, 1, 1, 1, 1, 1, 1, 1, 1, 1, 1, 1, 1, 1, 1, 1, 1, 1, 1, 1, 1, 1, 1, 1, 1, 1, 1, 1, 1, 1, 1, 1, 1, 1, 1, 1, 1, 1, 1, 1, 1, 1, 1, 1, 1, 1, 1, 1, 1, 1, 1, 1, 1, 1, 1, 1, 1, 1, 1, 1, 1, 1, 1, 1, 1, 1, 1, 1, 1, 1, 1, 1, 1, 1, 1, 1, 1, 1, 1, 1, 1, 1, 1, 1, 1, 1, 1, 1, 1, 1, 1, 1, 1, 1, 1, 1, 1, 1, 1, 1, 1, 1, 1, 1, 1, 1, 1, 1, 1, 1, 1, 1, 1, 1, 1, 1, 1]",256,1,1.0,1.0,16.0,0.0,0.0,0.0,576,128,64,192,512,128,256,0,256,1,3073,256,False,0,0,0,BF16,CUDA_EVENT,generic,generic,method=fp8|act=dynamic|serialized=True|block=128x128,False,False,,,,,,,,,,
0.004279999993741512,0.005840000230818987,0.005224000010639429,0.005799999926239252,0.0007229274051426878,5,0.04244000092148781,0.05056000128388405,0.04553600028157234,0.04280000180006027,0.0035747198782831507,5,0.004480000119656324,0.005640000104904175,0.005048200115561485,0.005080000031739473,0.00039315765618740003,5,0.00443999981507659,0.006519999820739031,0.005127999838441611,0.004679999779909849,0.0007620603563830314,5,3.8137290477752686,3.8987300395965576,3.835577440261841,3.821249008178711,0.0317403971083268,5,67.76209259033203,67.94537353515625,67.8466064453125,67.81233978271484,0.07245604946507411,5,4.922451972961426,4.984811782836914,4.949356365203857,4.946931838989258,0.021602116431641488,5,0.005640000104904175,0.007160000037401915,0.006112000159919262,0.005840000230818987,0.0005422323700614157,5,7168,128,1,16,8,9216,160,0,4096,False,TORCH_SDPA_MLA,False,even,"[1, 1, 1, 1, 1, 1, 1, 1, 1, 1, 1, 1, 1, 1, 1, 1, 1, 1, 1, 1, 1, 1, 1, 1, 1, 1, 1, 1, 1, 1, 1, 1, 1, 1, 1, 1, 1, 1, 1, 1, 1, 1, 1, 1, 1, 1, 1, 1, 1, 1, 1, 1, 1, 1, 1, 1, 1, 1, 1, 1, 1, 1, 1, 1, 1, 1, 1, 1, 1, 1, 1, 1, 1, 1, 1, 1, 1, 1, 1, 1, 1, 1, 1, 1, 1, 1, 1, 1, 1, 1, 1, 1, 1, 1, 1, 1, 1, 1, 1, 1, 1, 1, 1, 1, 1, 1, 1, 1, 1, 1, 1, 1, 1, 1, 1, 1, 1, 1, 1, 1, 1, 1, 1, 1, 1, 1, 1, 1, 1, 1, 1, 1, 1, 1, 1, 1, 1, 1, 1, 1, 1, 1, 1, 1, 1, 1, 1, 1, 1, 1, 1, 1, 1, 1, 1, 1, 1, 1, 1, 1]",160,1,1.0,1.0,12.0,0.0,0.0,0.0,576,128,64,192,512,128,160,0,160,1,4097,160,False,0,0,0,BF16,CUDA_EVENT,generic,generic,method=fp8|act=dynamic|serialized=True|block=128x128,False,False,,,,,,,,,,
0.004280999768525362,0.0077599999494850636,0.006464199908077717,0.007079999893903732,0.0012862933659271536,5,0.03807999938726425,0.1242000013589859,0.05636020079255104,0.040081001818180084,0.0339399173316868,5,0.00431999983265996,0.01095999963581562,0.0060639998875558375,0.004559999797493219,0.0025315417323179073,5,0.00443999981507659,0.017680000513792038,0.007624000124633312,0.005400000140070915,0.005041942685335178,5,0.3162809908390045,0.38680100440979004,0.33796080350875857,0.3279600143432617,0.02554956627798635,5,3.395448923110962,3.4956889152526855,3.4383450031280516,3.434009075164795,0.03321397520338636,5,0.0628810003399849,0.07891999930143356,0.06900019943714142,0.06415999680757523,0.007012591737651941,5,0.004279999993741512,0.007639999967068434,0.006216000020503998,0.005880000069737434,0.001248768974944169,5,7168,128,1,16,8,9216,8,0,4096,False,TORCH_SDPA_MLA,False,even,"[1, 1, 1, 1, 1, 1, 1, 1]",8,1,1.0,1.0,2.0,0.0,0.0,0.0,576,128,64,192,512,128,8,0,8,1,4097,8,False,0,0,0,BF16,CUDA_EVENT,generic,generic,method=fp8|act=dynamic|serialized=True|block=128x128,False,False,,,,,,,,,,
0.00443999981507659,0.0055599999614059925,0.00471199993044138,0.004519999958574772,0.0004251305876703717,5,0.017680000513792038,0.049479998648166656,0.024671999737620354,0.018640000373125076,0.01241870533107388,5,0.004399999976158142,0.004999999888241291,0.004599999915808439,0.004519999958574772,0.00020707484134313057,5,0.004399999976158142,0.004879999905824661,0.004511999990791082,0.004399999976158142,0.00018659042797030016,5,0.08688099682331085,0.14360100030899048,0.10829640030860901,0.10152000188827515,0.019925594378444086,5,2.2034449577331543,2.2167251110076904,2.2113976001739504,2.2134859561920166,0.005227480365031591,5,0.060201000422239304,0.06196000054478645,0.0608802005648613,0.06032000109553337,0.0007733873535622366,5,0.004399999976158142,0.004559999797493219,0.004471999872475862,0.00443999981507659,7.332113940631665e-05,5,7168,128,1,16,8,9216,4,0,5120,False,TORCH_SDPA_MLA,False,even,"[1, 1, 1, 1]",4,1,1.0,1.0,2.0,0.0,0.0,0.0,576,128,64,192,512,128,4,0,4,1,5121,4,False,0,0,0,BF16,CUDA_EVENT,generic,generic,method=fp8|act=dynamic|serialized=True|block=128x128,False,False,,,,,,,,,,
0.004279999993741512,0.004480000119656324,0.0043680000118911265,0.004360000137239695,8.158431243966557e-05,5,0.04836000129580498,0.07559999823570251,0.06135200038552284,0.06224000081419945,0.009928234654347619,5,0.005040000192821026,0.015720000490546227,0.0076880001462996,0.005960000213235617,0.004056828486986678,5,0.005799999926239252,0.00863999966531992,0.007119999919086695,0.006920000072568655,0.0009543164527836839,5,16.78844451904297,17.301244735717773,17.163588333129884,17.232284545898438,0.19061312628343421,5,151.7131805419922,153.16038513183594,152.56251525878906,152.51766967773438,0.5085587773882702,5,9.183623313903809,10.085225105285645,9.70836067199707,9.915305137634277,0.3876485206025367,5,0.007439999841153622,0.00848000030964613,0.007840000092983246,0.007840000092983246,0.00037778312206667347,5,7168,128,1,16,8,9216,448,0,3072,False,TORCH_SDPA_MLA,False,even,"[1, 1, 1, 1, 1, 1, 1, 1, 1, 1, 1, 1, 1, 1, 1, 1, 1, 1, 1, 1, 1, 1, 1, 1, 1, 1, 1, 1, 1, 1, 1, 1, 1, 1, 1, 1, 1, 1, 1, 1, 1, 1, 1, 1, 1, 1, 1, 1, 1, 1, 1, 1, 1, 1, 1, 1, 1, 1, 1, 1, 1, 1, 1, 1, 1, 1, 1, 1, 1, 1, 1, 1, 1, 1, 1, 1, 1, 1, 1, 1, 1, 1, 1, 1, 1, 1, 1, 1, 1, 1, 1, 1, 1, 1, 1, 1, 1, 1, 1, 1, 1, 1, 1, 1, 1, 1, 1, 1, 1, 1, 1, 1, 1, 1, 1, 1, 1, 1, 1, 1, 1, 1, 1, 1, 1, 1, 1, 1, 1, 1, 1, 1, 1, 1, 1, 1, 1, 1, 1, 1, 1, 1, 1, 1, 1, 1, 1, 1, 1, 1, 1, 1, 1, 1, 1, 1, 1, 1, 1, 1, 1, 1, 1, 1, 1, 1, 1, 1, 1, 1, 1, 1, 1, 1, 1, 1, 1, 1, 1, 1, 1, 1, 1, 1, 1, 1, 1, 1, 1, 1, 1, 1, 1, 1, 1, 1, 1, 1, 1, 1, 1, 1, 1, 1, 1, 1, 1, 1, 1, 1, 1, 1, 1, 1, 1, 1, 1, 1, 1, 1, 1, 1, 1, 1, 1, 1, 1, 1, 1, 1, 1, 1, 1, 1, 1, 1, 1, 1, 1, 1, 1, 1, 1, 1, 1, 1, 1, 1, 1, 1, 1, 1, 1, 1, 1, 1, 1, 1, 1, 1, 1, 1, 1, 1, 1, 1, 1, 1, 1, 1, 1, 1, 1, 1, 1, 1, 1, 1, 1, 1, 1, 1, 1, 1, 1, 1, 1, 1, 1, 1, 1, 1, 1, 1, 1, 1, 1, 1, 1, 1, 1, 1, 1, 1, 1, 1, 1, 1, 1, 1, 1, 1, 1, 1, 1, 1, 1, 1, 1, 1, 1, 1, 1, 1, 1, 1, 1, 1, 1, 1, 1, 1, 1, 1, 1, 1, 1, 1, 1, 1, 1, 1, 1, 1, 1, 1, 1, 1, 1, 1, 1, 1, 1, 1, 1, 1, 1, 1, 1, 1, 1, 1, 1, 1, 1, 1, 1, 1, 1, 1, 1, 1, 1, 1, 1, 1, 1, 1, 1, 1, 1, 1, 1, 1, 1, 1, 1, 1, 1, 1, 1, 1, 1, 1, 1, 1, 1, 1, 1, 1, 1, 1, 1, 1, 1, 1, 1, 1, 1, 1, 1, 1, 1, 1, 1, 1, 1, 1, 1, 1, 1, 1, 1, 1, 1, 1, 1, 1, 1, 1, 1, 1, 1, 1, 1, 1, 1, 1, 1, 1, 1, 1, 1, 1, 1, 1, 1, 1]",448,1,1.0,1.0,21.0,0.0,0.0,0.0,576,128,64,192,512,128,448,0,448,1,3073,448,False,0,0,0,BF16,CUDA_EVENT,generic,generic,method=fp8|act=dynamic|serialized=True|block=128x128,False,False,,,,,,,,,,
0.004480000119656324,0.00875999964773655,0.005503999907523394,0.004559999797493219,0.0016493585369018549,5,0.04568000137805939,0.05703999847173691,0.05043199956417084,0.04859999939799309,0.004377498303777987,5,0.004600000102072954,0.0055599999614059925,0.004936000052839518,0.004920000210404396,0.00034372079186727926,5,0.004519999958574772,0.005280000157654285,0.0048721999861299995,0.0049600000493228436,0.0002912102614718675,5,13.494354248046875,13.572554588317871,13.534290885925293,13.538354873657227,0.02774276393240677,5,129.73538208007812,130.38818359375,129.99798583984375,129.96461486816406,0.2376307384493763,5,7.46497917175293,7.536738872528076,7.50261926651001,7.493258953094482,0.0261864428505598,5,0.006680000107735395,0.01348000019788742,0.008640000130981207,0.007720000110566616,0.0024582270346390003,5,7168,128,1,16,8,9216,384,0,3072,False,TORCH_SDPA_MLA,False,even,"[1, 1, 1, 1, 1, 1, 1, 1, 1, 1, 1, 1, 1, 1, 1, 1, 1, 1, 1, 1, 1, 1, 1, 1, 1, 1, 1, 1, 1, 1, 1, 1, 1, 1, 1, 1, 1, 1, 1, 1, 1, 1, 1, 1, 1, 1, 1, 1, 1, 1, 1, 1, 1, 1, 1, 1, 1, 1, 1, 1, 1, 1, 1, 1, 1, 1, 1, 1, 1, 1, 1, 1, 1, 1, 1, 1, 1, 1, 1, 1, 1, 1, 1, 1, 1, 1, 1, 1, 1, 1, 1, 1, 1, 1, 1, 1, 1, 1, 1, 1, 1, 1, 1, 1, 1, 1, 1, 1, 1, 1, 1, 1, 1, 1, 1, 1, 1, 1, 1, 1, 1, 1, 1, 1, 1, 1, 1, 1, 1, 1, 1, 1, 1, 1, 1, 1, 1, 1, 1, 1, 1, 1, 1, 1, 1, 1, 1, 1, 1, 1, 1, 1, 1, 1, 1, 1, 1, 1, 1, 1, 1, 1, 1, 1, 1, 1, 1, 1, 1, 1, 1, 1, 1, 1, 1, 1, 1, 1, 1, 1, 1, 1, 1, 1, 1, 1, 1, 1, 1, 1, 1, 1, 1, 1, 1, 1, 1, 1, 1, 1, 1, 1, 1, 1, 1, 1, 1, 1, 1, 1, 1, 1, 1, 1, 1, 1, 1, 1, 1, 1, 1, 1, 1, 1, 1, 1, 1, 1, 1, 1, 1, 1, 1, 1, 1, 1, 1, 1, 1, 1, 1, 1, 1, 1, 1, 1, 1, 1, 1, 1, 1, 1, 1, 1, 1, 1, 1, 1, 1, 1, 1, 1, 1, 1, 1, 1, 1, 1, 1, 1, 1, 1, 1, 1, 1, 1, 1, 1, 1, 1, 1, 1, 1, 1, 1, 1, 1, 1, 1, 1, 1, 1, 1, 1, 1, 1, 1, 1, 1, 1, 1, 1, 1, 1, 1, 1, 1, 1, 1, 1, 1, 1, 1, 1, 1, 1, 1, 1, 1, 1, 1, 1, 1, 1, 1, 1, 1, 1, 1, 1, 1, 1, 1, 1, 1, 1, 1, 1, 1, 1, 1, 1, 1, 1, 1, 1, 1, 1, 1, 1, 1, 1, 1, 1, 1, 1, 1, 1, 1, 1, 1, 1, 1, 1, 1, 1, 1, 1, 1, 1, 1, 1, 1, 1, 1, 1, 1, 1, 1, 1, 1, 1, 1, 1]",384,1,1.0,1.0,19.0,0.0,0.0,0.0,576,128,64,192,512,128,384,0,384,1,3073,384,False,0,0,0,BF16,CUDA_EVENT,generic,generic,method=fp8|act=dynamic|serialized=True|block=128x128,False,False,,,,,,,,,,
0.006120999809354544,0.007961000315845013,0.006736400071531534,0.006560000125318766,0.0006645205727850488,5,0.041600000113248825,0.053599998354911804,0.044439999759197234,0.042080000042915344,0.004600103676917209,5,0.004519999958574772,0.00535999983549118,0.0050560000352561476,0.005160000175237656,0.00029997334614766325,5,0.005160000175237656,0.00800000037997961,0.005800000112503767,0.005280000157654285,0.0011012721236363398,5,1.1520030498504639,1.1761629581451416,1.1610270023345948,1.156162977218628,0.008959023300119268,5,12.816791534423828,12.965312957763672,12.894672012329101,12.897871971130371,0.06379497516945816,5,0.5190020203590393,0.5829219818115234,0.5410735964775085,0.5374810099601746,0.022166395171036316,5,0.0061599998734891415,0.00812000036239624,0.007144000008702278,0.007120000198483467,0.0007018149239337844,5,7168,128,1,16,8,9216,32,0,4096,False,TORCH_SDPA_MLA,False,even,"[1, 1, 1, 1, 1, 1, 1, 1, 1, 1, 1, 1, 1, 1, 1, 1, 1, 1, 1, 1, 1, 1, 1, 1, 1, 1, 1, 1, 1, 1, 1, 1]",32,1,1.0,1.0,5.0,0.0,0.0,0.0,576,128,64,192,512,128,32,0,32,1,4097,32,False,0,0,0,BF16,CUDA_EVENT,generic,generic,method=fp8|act=dynamic|serialized=True|block=128x128,False,False,,,,,,,,,,
0.004360000137239695,0.00791999977082014,0.0064559999853372576,0.0077599999494850636,0.0016958489895816222,5,0.0456399992108345,0.06536000221967697,0.05268820077180862,0.049880001693964005,0.007377139293333377,5,0.00547999981790781,0.005799999926239252,0.005631999857723713,0.005679999943822622,0.00012998464701483866,5,0.00571999978274107,0.006680000107735395,0.006183999963104725,0.006279999855905771,0.00034465061677403587,5,1.782763957977295,1.8290050029754639,1.8030766010284425,1.793125033378601,0.01742945114048549,5,20.57497215270996,21.925296783447266,20.880309295654296,20.623292922973633,0.5232814249414831,5,0.9685630202293396,1.6870440244674683,1.4652917981147766,1.6363639831542969,0.26813898713212564,5,0.005640000104904175,0.008320000022649765,0.007416000030934811,0.007799999788403511,0.0009310982619615501,5,7168,128,1,16,8,9216,48,0,4096,False,TORCH_SDPA_MLA,False,even,"[1, 1, 1, 1, 1, 1, 1, 1, 1, 1, 1, 1, 1, 1, 1, 1, 1, 1, 1, 1, 1, 1, 1, 1, 1, 1, 1, 1, 1, 1, 1, 1, 1, 1, 1, 1, 1, 1, 1, 1, 1, 1, 1, 1, 1, 1, 1, 1]",48,1,1.0,1.0,6.0,0.0,0.0,0.0,576,128,64,192,512,128,48,0,48,1,4097,48,False,0,0,0,BF16,CUDA_EVENT,generic,generic,method=fp8|act=dynamic|serialized=True|block=128x128,False,False,,,,,,,,,,
0.00431999983265996,0.00443999981507659,0.004391999915242195,0.004399999976158142,4.6647571055609506e-05,5,0.048601001501083374,0.09516099840402603,0.05998439937829971,0.05203999951481819,0.017679935578543828,5,0.004279999993741512,0.00863999966531992,0.006199999898672104,0.005919999908655882,0.001414665947784723,5,0.005919999908655882,0.009159999899566174,0.00691999988630414,0.006479999981820583,0.0011529440577755783,5,2.9522879123687744,3.4566879272460938,3.1059278011322022,3.051448106765747,0.18346210896860085,5,96.18643951416016,97.14884948730469,96.6291290283203,96.60247802734375,0.3416628469696384,5,3.0582480430603027,4.428531169891357,3.618745279312134,3.1088080406188965,0.6595300633062836,5,0.0081599997356534,0.009039999917149544,0.008631999790668487,0.00875999964773655,0.00030294553953902055,5,7168,128,1,16,8,9216,160,0,6144,False,TORCH_SDPA_MLA,False,even,"[1, 1, 1, 1, 1, 1, 1, 1, 1, 1, 1, 1, 1, 1, 1, 1, 1, 1, 1, 1, 1, 1, 1, 1, 1, 1, 1, 1, 1, 1, 1, 1, 1, 1, 1, 1, 1, 1, 1, 1, 1, 1, 1, 1, 1, 1, 1, 1, 1, 1, 1, 1, 1, 1, 1, 1, 1, 1, 1, 1, 1, 1, 1, 1, 1, 1, 1, 1, 1, 1, 1, 1, 1, 1, 1, 1, 1, 1, 1, 1, 1, 1, 1, 1, 1, 1, 1, 1, 1, 1, 1, 1, 1, 1, 1, 1, 1, 1, 1, 1, 1, 1, 1, 1, 1, 1, 1, 1, 1, 1, 1, 1, 1, 1, 1, 1, 1, 1, 1, 1, 1, 1, 1, 1, 1, 1, 1, 1, 1, 1, 1, 1, 1, 1, 1, 1, 1, 1, 1, 1, 1, 1, 1, 1, 1, 1, 1, 1, 1, 1, 1, 1, 1, 1, 1, 1, 1, 1, 1, 1]",160,1,1.0,1.0,12.0,0.0,0.0,0.0,576,128,64,192,512,128,160,0,160,1,6145,160,False,0,0,0,BF16,CUDA_EVENT,generic,generic,method=fp8|act=dynamic|serialized=True|block=128x128,False,False,,,,,,,,,,
0.004360000137239695,0.00443999981507659,0.004399999976158142,0.004399999976158142,3.577694356427611e-05,5,0.04795999825000763,0.08748000115156174,0.05941639989614487,0.0509600006043911,0.014597918506425882,5,0.005799999926239252,0.006320000160485506,0.006000000052154064,0.005840000230818987,0.00023047780631168738,5,0.0049600000493228436,0.006120000034570694,0.005712000001221895,0.005919999908655882,0.0004507061028360861,5,11.94675064086914,13.791914939880371,13.03524112701416,13.647714614868164,0.8420257363878382,5,112.45396423339844,113.38624572753906,112.96771087646485,112.87896728515625,0.3265621282122517,5,6.552175998687744,8.085341453552246,7.5940351486206055,7.711099147796631,0.5434651737814314,5,0.00791999977082014,0.009479999542236328,0.008671999908983707,0.00860000029206276,0.000608420690431946,5,7168,128,1,16,8,9216,320,0,3072,False,TORCH_SDPA_MLA,False,even,"[1, 1, 1, 1, 1, 1, 1, 1, 1, 1, 1, 1, 1, 1, 1, 1, 1, 1, 1, 1, 1, 1, 1, 1, 1, 1, 1, 1, 1, 1, 1, 1, 1, 1, 1, 1, 1, 1, 1, 1, 1, 1, 1, 1, 1, 1, 1, 1, 1, 1, 1, 1, 1, 1, 1, 1, 1, 1, 1, 1, 1, 1, 1, 1, 1, 1, 1, 1, 1, 1, 1, 1, 1, 1, 1, 1, 1, 1, 1, 1, 1, 1, 1, 1, 1, 1, 1, 1, 1, 1, 1, 1, 1, 1, 1, 1, 1, 1, 1, 1, 1, 1, 1, 1, 1, 1, 1, 1, 1, 1, 1, 1, 1, 1, 1, 1, 1, 1, 1, 1, 1, 1, 1, 1, 1, 1, 1, 1, 1, 1, 1, 1, 1, 1, 1, 1, 1, 1, 1, 1, 1, 1, 1, 1, 1, 1, 1, 1, 1, 1, 1, 1, 1, 1, 1, 1, 1, 1, 1, 1, 1, 1, 1, 1, 1, 1, 1, 1, 1, 1, 1, 1, 1, 1, 1, 1, 1, 1, 1, 1, 1, 1, 1, 1, 1, 1, 1, 1, 1, 1, 1, 1, 1, 1, 1, 1, 1, 1, 1, 1, 1, 1, 1, 1, 1, 1, 1, 1, 1, 1, 1, 1, 1, 1, 1, 1, 1, 1, 1, 1, 1, 1, 1, 1, 1, 1, 1, 1, 1, 1, 1, 1, 1, 1, 1, 1, 1, 1, 1, 1, 1, 1, 1, 1, 1, 1, 1, 1, 1, 1, 1, 1, 1, 1, 1, 1, 1, 1, 1, 1, 1, 1, 1, 1, 1, 1, 1, 1, 1, 1, 1, 1, 1, 1, 1, 1, 1, 1, 1, 1, 1, 1, 1, 1, 1, 1, 1, 1, 1, 1, 1, 1, 1, 1, 1, 1, 1, 1, 1, 1, 1, 1, 1, 1, 1, 1, 1, 1, 1, 1, 1, 1, 1, 1, 1, 1, 1, 1, 1, 1]",320,1,1.0,1.0,17.0,0.0,0.0,0.0,576,128,64,192,512,128,320,0,320,1,3073,320,False,0,0,0,BF16,CUDA_EVENT,generic,generic,method=fp8|act=dynamic|serialized=True|block=128x128,False,False,,,,,,,,,,
0.004399999976158142,0.007720000110566616,0.006616000086069107,0.007000000216066837,0.0011472681189706709,5,0.04032000154256821,0.0692799985408783,0.04737619981169701,0.04180099815130234,0.011058740478481946,5,0.005160000175237656,0.006800000090152025,0.005776000116020441,0.005640000104904175,0.0005654590788689639,5,0.004800000227987766,0.007319999858736992,0.005952000059187413,0.005840000230818987,0.0008621460128094171,5,0.6062809824943542,0.6672419905662537,0.6285533905029297,0.6238009929656982,0.02184955690376904,5,6.64173698425293,8.105100631713867,6.980329895019532,6.742257118225098,0.5640017844724705,5,0.2085999995470047,0.5233610272407532,0.2822166085243225,0.22524100542068481,0.12078446229537192,5,0.006399999838322401,0.008080000057816505,0.007135999947786331,0.007000000216066837,0.0005569058008643527,5,7168,128,1,16,8,9216,16,0,4096,False,TORCH_SDPA_MLA,False,even,"[1, 1, 1, 1, 1, 1, 1, 1, 1, 1, 1, 1, 1, 1, 1, 1]",16,1,1.0,1.0,4.0,0.0,0.0,0.0,576,128,64,192,512,128,16,0,16,1,4097,16,False,0,0,0,BF16,CUDA_EVENT,generic,generic,method=fp8|act=dynamic|serialized=True|block=128x128,False,False,,,,,,,,,,
0.00431999983265996,0.007439999841153622,0.005807999894022942,0.005799999926239252,0.0013021581914605717,5,0.04255999997258186,0.05420000106096268,0.047928199917078015,0.048680998384952545,0.004657475202124286,5,0.00443999981507659,0.005840000230818987,0.0052559999749064445,0.005239999853074551,0.0005273936796440574,5,0.004399999976158142,0.00547999981790781,0.004991999920457601,0.005239999853074551,0.00042887761503873715,5,3.814610004425049,3.9463698863983154,3.8513619899749756,3.831890106201172,0.04805226697645581,5,79.93360137939453,80.5679702758789,80.21479187011718,80.1974105834961,0.20726783727445858,5,4.9167327880859375,4.9898529052734375,4.940716648101807,4.936051845550537,0.026474312039415686,5,0.005799999926239252,0.00803999975323677,0.00684799998998642,0.007040000054985285,0.0008970706885719105,5,7168,128,1,16,8,9216,160,0,5120,False,TORCH_SDPA_MLA,False,even,"[1, 1, 1, 1, 1, 1, 1, 1, 1, 1, 1, 1, 1, 1, 1, 1, 1, 1, 1, 1, 1, 1, 1, 1, 1, 1, 1, 1, 1, 1, 1, 1, 1, 1, 1, 1, 1, 1, 1, 1, 1, 1, 1, 1, 1, 1, 1, 1, 1, 1, 1, 1, 1, 1, 1, 1, 1, 1, 1, 1, 1, 1, 1, 1, 1, 1, 1, 1, 1, 1, 1, 1, 1, 1, 1, 1, 1, 1, 1, 1, 1, 1, 1, 1, 1, 1, 1, 1, 1, 1, 1, 1, 1, 1, 1, 1, 1, 1, 1, 1, 1, 1, 1, 1, 1, 1, 1, 1, 1, 1, 1, 1, 1, 1, 1, 1, 1, 1, 1, 1, 1, 1, 1, 1, 1, 1, 1, 1, 1, 1, 1, 1, 1, 1, 1, 1, 1, 1, 1, 1, 1, 1, 1, 1, 1, 1, 1, 1, 1, 1, 1, 1, 1, 1, 1, 1, 1, 1, 1, 1]",160,1,1.0,1.0,12.0,0.0,0.0,0.0,576,128,64,192,512,128,160,0,160,1,5121,160,False,0,0,0,BF16,CUDA_EVENT,generic,generic,method=fp8|act=dynamic|serialized=True|block=128x128,False,False,,,,,,,,,,
0.004279999993741512,0.004480000119656324,0.0043599999509751795,0.00431999983265996,7.15542515661964e-05,5,0.046720001846551895,0.05119999870657921,0.04893600046634674,0.0485600009560585,0.00185206408890849,5,0.005640000104904175,0.006000000052154064,0.00579200005158782,0.005799999926239252,0.0001274990379316387,5,0.005119999870657921,0.014240000396966934,0.007200000062584877,0.005640000104904175,0.0035260858181196436,5,7.007418155670166,7.136938095092773,7.049770069122315,7.022098064422607,0.0473829018795267,5,80.80500793457031,81.30680847167969,81.0268310546875,81.02476501464844,0.17367212720173547,5,4.49049186706543,4.618010997772217,4.548307609558106,4.530731201171875,0.0489165889771577,5,0.0074800001457333565,0.008799999952316284,0.008064000122249126,0.00800000037997961,0.00043715436180887906,5,7168,128,1,16,8,9216,192,0,4096,False,TORCH_SDPA_MLA,False,even,"[1, 1, 1, 1, 1, 1, 1, 1, 1, 1, 1, 1, 1, 1, 1, 1, 1, 1, 1, 1, 1, 1, 1, 1, 1, 1, 1, 1, 1, 1, 1, 1, 1, 1, 1, 1, 1, 1, 1, 1, 1, 1, 1, 1, 1, 1, 1, 1, 1, 1, 1, 1, 1, 1, 1, 1, 1, 1, 1, 1, 1, 1, 1, 1, 1, 1, 1, 1, 1, 1, 1, 1, 1, 1, 1, 1, 1, 1, 1, 1, 1, 1, 1, 1, 1, 1, 1, 1, 1, 1, 1, 1, 1, 1, 1, 1, 1, 1, 1, 1, 1, 1, 1, 1, 1, 1, 1, 1, 1, 1, 1, 1, 1, 1, 1, 1, 1, 1, 1, 1, 1, 1, 1, 1, 1, 1, 1, 1, 1, 1, 1, 1, 1, 1, 1, 1, 1, 1, 1, 1, 1, 1, 1, 1, 1, 1, 1, 1, 1, 1, 1, 1, 1, 1, 1, 1, 1, 1, 1, 1, 1, 1, 1, 1, 1, 1, 1, 1, 1, 1, 1, 1, 1, 1, 1, 1, 1, 1, 1, 1, 1, 1, 1, 1, 1, 1, 1, 1, 1, 1, 1, 1]",192,1,1.0,1.0,13.0,0.0,0.0,0.0,576,128,64,192,512,128,192,0,192,1,4097,192,False,0,0,0,BF16,CUDA_EVENT,generic,generic,method=fp8|act=dynamic|serialized=True|block=128x128,False,False,,,,,,,,,,
0.004399999976158142,0.0077599999494850636,0.0053600000217556955,0.004480000119656324,0.0013067210649823147,5,0.0213600005954504,0.08476000279188156,0.04400000125169754,0.03756000101566315,0.021866856148112578,5,0.004399999976158142,0.005880000069737434,0.005423999950289726,0.00559999980032444,0.0005476349380382158,5,0.004399999976158142,0.006200000178068876,0.005608000140637159,0.005840000230818987,0.0006306315140186498,5,0.3067210018634796,0.3590810000896454,0.319264805316925,0.31140100955963135,0.020036076732727417,5,12.09650993347168,14.38359546661377,12.587351608276368,12.118670463562012,0.8994744527708106,5,0.12280099838972092,0.12488000094890594,0.12386419922113419,0.12364000082015991,0.0007470198519790141,5,0.004360000137239695,0.004519999958574772,0.004424000065773726,0.004399999976158142,6.499226332255945e-05,5,7168,128,1,16,8,9216,16,0,8192,False,TORCH_SDPA_MLA,False,even,"[1, 1, 1, 1, 1, 1, 1, 1, 1, 1, 1, 1, 1, 1, 1, 1]",16,1,1.0,1.0,4.0,0.0,0.0,0.0,576,128,64,192,512,128,16,0,16,1,8193,16,False,0,0,0,BF16,CUDA_EVENT,generic,generic,method=fp8|act=dynamic|serialized=True|block=128x128,False,False,,,,,,,,,,
0.00443999981507659,0.004480000119656324,0.0044479998759925365,0.00443999981507659,1.600012183189392e-05,5,0.018079999834299088,0.07571999728679657,0.030135999619960784,0.01916000060737133,0.02279700355351362,5,0.004399999976158142,0.005799999926239252,0.004687999933958053,0.004399999976158142,0.0005562157798690825,5,0.004399999976158142,0.005799999926239252,0.00471199993044138,0.00443999981507659,0.0005457618502161712,5,0.012120000086724758,0.04699999839067459,0.01926419958472252,0.012400999665260315,0.013868416708022906,5,0.953682005405426,1.2272030115127563,1.0299463868141174,0.9855219721794128,0.10126599598530873,5,0.009840000420808792,0.010080000385642052,0.009944000095129014,0.009920000098645687,8.616265311305853e-05,5,0.004360000137239695,0.004519999958574772,0.004416000004857779,0.004399999976158142,5.4258599874208434e-05,5,7168,128,1,16,8,9216,1,0,9216,False,TORCH_SDPA_MLA,False,even,[1],1,1,1.0,1.0,1.0,0.0,0.0,0.0,576,128,64,192,512,128,1,0,1,1,9217,1,False,0,0,0,BF16,CUDA_EVENT,generic,generic,method=fp8|act=dynamic|serialized=True|block=128x128,False,False,,,,,,,,,,
0.004279999993741512,0.005040000192821026,0.004520000051707029,0.004399999976158142,0.00026773128521320256,5,0.026680000126361847,0.0559610016644001,0.03723240047693253,0.03116000071167946,0.010747773105692793,5,0.004240000154823065,0.004879999905824661,0.004503999929875135,0.00443999981507659,0.00021406534207208538,5,0.004480000119656324,0.00535999983549118,0.004687999933958053,0.004519999958574772,0.0003369509782750805,5,0.21264000236988068,0.24191999435424805,0.22236039638519287,0.21800099313259125,0.010217914968161977,5,4.843332767486572,4.871333122253418,4.856516551971436,4.855052947998047,0.010579822019012601,5,0.11612000316381454,0.1175210028886795,0.11682420074939728,0.11683999747037888,0.0004475964622436683,5,0.004399999976158142,0.004639999940991402,0.004487999994307756,0.004480000119656324,8.158431243966555e-05,5,7168,128,1,16,8,9216,8,0,6144,False,TORCH_SDPA_MLA,False,even,"[1, 1, 1, 1, 1, 1, 1, 1]",8,1,1.0,1.0,2.0,0.0,0.0,0.0,576,128,64,192,512,128,8,0,8,1,6145,8,False,0,0,0,BF16,CUDA_EVENT,generic,generic,method=fp8|act=dynamic|serialized=True|block=128x128,False,False,,,,,,,,,,
0.004399999976158142,0.005080000031739473,0.004679999966174364,0.004519999958574772,0.00028284277200704835,5,0.020360000431537628,0.12359999865293503,0.04626399949193001,0.026599999517202377,0.039225351338742616,5,0.004399999976158142,0.0060800001956522465,0.005000000074505806,0.004600000102072954,0.0006807055935656812,5,0.005239999853074551,0.0075599998235702515,0.005919999908655882,0.00571999978274107,0.0008458841154913286,5,0.31224098801612854,0.49796101450920105,0.3544889986515045,0.32048100233078003,0.07181252577246995,5,4.04548978805542,4.1654510498046875,4.077450561523437,4.059091091156006,0.04430672812762271,5,0.06224000081419945,0.06400000303983688,0.06329620108008385,0.06332000344991684,0.0006160080378877317,5,0.004360000137239695,0.004480000119656324,0.004432000033557415,0.00443999981507659,4.664761897177434e-05,5,7168,128,1,16,8,9216,8,0,5120,False,TORCH_SDPA_MLA,False,even,"[1, 1, 1, 1, 1, 1, 1, 1]",8,1,1.0,1.0,2.0,0.0,0.0,0.0,576,128,64,192,512,128,8,0,8,1,5121,8,False,0,0,0,BF16,CUDA_EVENT,generic,generic,method=fp8|act=dynamic|serialized=True|block=128x128,False,False,,,,,,,,,,
0.0041600000113248825,0.013240000233054161,0.006656000018119812,0.00431999983265996,0.0034948740706529043,5,0.04464000090956688,0.06260000169277191,0.05146420076489448,0.04839999973773956,0.006991045156613174,5,0.004519999958574772,0.006560000125318766,0.005288000032305717,0.005319999996572733,0.0007355651208942889,5,0.004240000154823065,0.006039999891072512,0.004992000013589859,0.004559999797493219,0.0007844080716286863,5,3.183568000793457,3.247688055038452,3.216064214706421,3.217008113861084,0.023167112069170732,5,138.511474609375,139.02151489257812,138.77210693359376,138.8248748779297,0.19872317181249405,5,5.544254779815674,5.610493183135986,5.572294235229492,5.556094169616699,0.028907019725342577,5,0.00559999980032444,0.008679999969899654,0.006863999832421541,0.00675999978557229,0.0010121186276982367,5,7168,128,1,16,8,9216,192,0,8192,False,TORCH_SDPA_MLA,False,even,"[1, 1, 1, 1, 1, 1, 1, 1, 1, 1, 1, 1, 1, 1, 1, 1, 1, 1, 1, 1, 1, 1, 1, 1, 1, 1, 1, 1, 1, 1, 1, 1, 1, 1, 1, 1, 1, 1, 1, 1, 1, 1, 1, 1, 1, 1, 1, 1, 1, 1, 1, 1, 1, 1, 1, 1, 1, 1, 1, 1, 1, 1, 1, 1, 1, 1, 1, 1, 1, 1, 1, 1, 1, 1, 1, 1, 1, 1, 1, 1, 1, 1, 1, 1, 1, 1, 1, 1, 1, 1, 1, 1, 1, 1, 1, 1, 1, 1, 1, 1, 1, 1, 1, 1, 1, 1, 1, 1, 1, 1, 1, 1, 1, 1, 1, 1, 1, 1, 1, 1, 1, 1, 1, 1, 1, 1, 1, 1, 1, 1, 1, 1, 1, 1, 1, 1, 1, 1, 1, 1, 1, 1, 1, 1, 1, 1, 1, 1, 1, 1, 1, 1, 1, 1, 1, 1, 1, 1, 1, 1, 1, 1, 1, 1, 1, 1, 1, 1, 1, 1, 1, 1, 1, 1, 1, 1, 1, 1, 1, 1, 1, 1, 1, 1, 1, 1, 1, 1, 1, 1, 1, 1]",192,1,1.0,1.0,13.0,0.0,0.0,0.0,576,128,64,192,512,128,192,0,192,1,8193,192,False,0,0,0,BF16,CUDA_EVENT,generic,generic,method=fp8|act=dynamic|serialized=True|block=128x128,False,False,,,,,,,,,,
0.004120000172406435,0.00803999975323677,0.006304000038653612,0.006560000125318766,0.0013433330472410342,5,0.04055999964475632,0.0642009973526001,0.046696200221776965,0.04280000180006027,0.008814188684025318,5,0.004999999888241291,0.008080000057816505,0.0057599999941885475,0.005200000014156103,0.0011645428639125452,5,0.0040799998678267,0.007199999876320362,0.005119999963790178,0.004720000084489584,0.0011313707916831475,5,1.083042025566101,1.1423629522323608,1.1060105800628661,1.086441993713379,0.026273964019582378,5,51.12544631958008,51.33668899536133,51.217672729492186,51.18416976928711,0.07346670435281384,5,1.6214449405670166,1.6472840309143066,1.631396198272705,1.6252440214157104,0.009958936692331945,5,0.006440000142902136,0.007439999841153622,0.0067679999396204945,0.006599999964237213,0.0003509073154638354,5,7168,128,1,16,8,9216,64,0,9216,False,TORCH_SDPA_MLA,False,even,"[1, 1, 1, 1, 1, 1, 1, 1, 1, 1, 1, 1, 1, 1, 1, 1, 1, 1, 1, 1, 1, 1, 1, 1, 1, 1, 1, 1, 1, 1, 1, 1, 1, 1, 1, 1, 1, 1, 1, 1, 1, 1, 1, 1, 1, 1, 1, 1, 1, 1, 1, 1, 1, 1, 1, 1, 1, 1, 1, 1, 1, 1, 1, 1]",64,1,1.0,1.0,8.0,0.0,0.0,0.0,576,128,64,192,512,128,64,0,64,1,9217,64,False,0,0,0,BF16,CUDA_EVENT,generic,generic,method=fp8|act=dynamic|serialized=True|block=128x128,False,False,,,,,,,,,,
0.004279999993741512,0.005840000230818987,0.004928000085055828,0.004399999976158142,0.0007134816667160277,5,0.046560000628232956,0.14611999690532684,0.06948819980025292,0.05339999869465828,0.03846145055259668,5,0.005919999908655882,0.012839999981224537,0.007591999974101782,0.006399999838322401,0.0026325227516295186,5,0.005319999996572733,0.017160000279545784,0.008352000080049039,0.006320000160485506,0.004427000892927576,5,1.7708840370178223,3.2470080852508545,2.2035974264144897,1.8396049737930298,0.5702193533694228,5,80.87187957763672,82.63848876953125,82.08950958251953,82.34312438964844,0.6549085749374971,5,1.6204839944839478,3.0905659198760986,1.998460602760315,1.642124056816101,0.5643943208504593,5,0.0074800001457333565,0.009560000151395798,0.008607999980449676,0.008559999987483025,0.0007913128365212622,5,7168,128,1,16,8,9216,96,0,9216,False,TORCH_SDPA_MLA,False,even,"[1, 1, 1, 1, 1, 1, 1, 1, 1, 1, 1, 1, 1, 1, 1, 1, 1, 1, 1, 1, 1, 1, 1, 1, 1, 1, 1, 1, 1, 1, 1, 1, 1, 1, 1, 1, 1, 1, 1, 1, 1, 1, 1, 1, 1, 1, 1, 1, 1, 1, 1, 1, 1, 1, 1, 1, 1, 1, 1, 1, 1, 1, 1, 1, 1, 1, 1, 1, 1, 1, 1, 1, 1, 1, 1, 1, 1, 1, 1, 1, 1, 1, 1, 1, 1, 1, 1, 1, 1, 1, 1, 1, 1, 1, 1, 1]",96,1,1.0,1.0,9.0,0.0,0.0,0.0,576,128,64,192,512,128,96,0,96,1,9217,96,False,0,0,0,BF16,CUDA_EVENT,generic,generic,method=fp8|act=dynamic|serialized=True|block=128x128,False,False,,,,,,,,,,
0.004480000119656324,0.010879999957978725,0.005799999926239252,0.004559999797493219,0.002540173236913319,5,0.04552000015974045,0.056040000170469284,0.04811999946832657,0.045559998601675034,0.004065307276583264,5,0.004879999905824661,0.0056409998796880245,0.005296199955046177,0.005319999996572733,0.0002437247501432781,5,0.004840000066906214,0.005319999996572733,0.005120000056922436,0.005119999870657921,0.0001734358560158122,5,11.235709190368652,11.291350364685059,11.266789436340332,11.27682876586914,0.020272305877897207,5,126.74089050292969,126.92316436767578,126.81804656982422,126.80616760253906,0.06506386948228897,5,6.11405611038208,6.253856182098389,6.185360050201416,6.172616004943848,0.050791463872305355,5,0.006320000160485506,0.007319999858736992,0.00684799998998642,0.006839999929070473,0.00039060976888216333,5,7168,128,1,16,8,9216,320,0,4096,False,TORCH_SDPA_MLA,False,even,"[1, 1, 1, 1, 1, 1, 1, 1, 1, 1, 1, 1, 1, 1, 1, 1, 1, 1, 1, 1, 1, 1, 1, 1, 1, 1, 1, 1, 1, 1, 1, 1, 1, 1, 1, 1, 1, 1, 1, 1, 1, 1, 1, 1, 1, 1, 1, 1, 1, 1, 1, 1, 1, 1, 1, 1, 1, 1, 1, 1, 1, 1, 1, 1, 1, 1, 1, 1, 1, 1, 1, 1, 1, 1, 1, 1, 1, 1, 1, 1, 1, 1, 1, 1, 1, 1, 1, 1, 1, 1, 1, 1, 1, 1, 1, 1, 1, 1, 1, 1, 1, 1, 1, 1, 1, 1, 1, 1, 1, 1, 1, 1, 1, 1, 1, 1, 1, 1, 1, 1, 1, 1, 1, 1, 1, 1, 1, 1, 1, 1, 1, 1, 1, 1, 1, 1, 1, 1, 1, 1, 1, 1, 1, 1, 1, 1, 1, 1, 1, 1, 1, 1, 1, 1, 1, 1, 1, 1, 1, 1, 1, 1, 1, 1, 1, 1, 1, 1, 1, 1, 1, 1, 1, 1, 1, 1, 1, 1, 1, 1, 1, 1, 1, 1, 1, 1, 1, 1, 1, 1, 1, 1, 1, 1, 1, 1, 1, 1, 1, 1, 1, 1, 1, 1, 1, 1, 1, 1, 1, 1, 1, 1, 1, 1, 1, 1, 1, 1, 1, 1, 1, 1, 1, 1, 1, 1, 1, 1, 1, 1, 1, 1, 1, 1, 1, 1, 1, 1, 1, 1, 1, 1, 1, 1, 1, 1, 1, 1, 1, 1, 1, 1, 1, 1, 1, 1, 1, 1, 1, 1, 1, 1, 1, 1, 1, 1, 1, 1, 1, 1, 1, 1, 1, 1, 1, 1, 1, 1, 1, 1, 1, 1, 1, 1, 1, 1, 1, 1, 1, 1, 1, 1, 1, 1, 1, 1, 1, 1, 1, 1, 1, 1, 1, 1, 1, 1, 1, 1, 1, 1, 1, 1, 1, 1, 1, 1, 1, 1, 1, 1]",320,1,1.0,1.0,17.0,0.0,0.0,0.0,576,128,64,192,512,128,320,0,320,1,4097,320,False,0,0,0,BF16,CUDA_EVENT,generic,generic,method=fp8|act=dynamic|serialized=True|block=128x128,False,False,,,,,,,,,,
0.004240000154823065,0.004480000119656324,0.004352000076323748,0.004360000137239695,8.541662222298434e-05,5,0.047279998660087585,0.057679999619722366,0.05140019953250885,0.04904000088572502,0.004200098937166018,5,0.00559999980032444,0.006680000107735395,0.006023999955505133,0.005760000087320805,0.0004207422955352389,5,0.005119999870657921,0.007040000054985285,0.006007999926805496,0.006039999891072512,0.0006245126850777065,5,7.021738052368164,7.126138210296631,7.059594249725341,7.040297985076904,0.03988747559160983,5,95.39116668701172,95.78096771240234,95.57781524658203,95.55228424072266,0.13516435219894787,5,4.503451824188232,4.612451076507568,4.539531612396241,4.512771129608154,0.04282885071596817,5,0.007840000092983246,0.009200000204145908,0.008655999973416328,0.00887999963015318,0.0005292105898287163,5,7168,128,1,16,8,9216,192,0,5120,False,TORCH_SDPA_MLA,False,even,"[1, 1, 1, 1, 1, 1, 1, 1, 1, 1, 1, 1, 1, 1, 1, 1, 1, 1, 1, 1, 1, 1, 1, 1, 1, 1, 1, 1, 1, 1, 1, 1, 1, 1, 1, 1, 1, 1, 1, 1, 1, 1, 1, 1, 1, 1, 1, 1, 1, 1, 1, 1, 1, 1, 1, 1, 1, 1, 1, 1, 1, 1, 1, 1, 1, 1, 1, 1, 1, 1, 1, 1, 1, 1, 1, 1, 1, 1, 1, 1, 1, 1, 1, 1, 1, 1, 1, 1, 1, 1, 1, 1, 1, 1, 1, 1, 1, 1, 1, 1, 1, 1, 1, 1, 1, 1, 1, 1, 1, 1, 1, 1, 1, 1, 1, 1, 1, 1, 1, 1, 1, 1, 1, 1, 1, 1, 1, 1, 1, 1, 1, 1, 1, 1, 1, 1, 1, 1, 1, 1, 1, 1, 1, 1, 1, 1, 1, 1, 1, 1, 1, 1, 1, 1, 1, 1, 1, 1, 1, 1, 1, 1, 1, 1, 1, 1, 1, 1, 1, 1, 1, 1, 1, 1, 1, 1, 1, 1, 1, 1, 1, 1, 1, 1, 1, 1, 1, 1, 1, 1, 1, 1]",192,1,1.0,1.0,13.0,0.0,0.0,0.0,576,128,64,192,512,128,192,0,192,1,5121,192,False,0,0,0,BF16,CUDA_EVENT,generic,generic,method=fp8|act=dynamic|serialized=True|block=128x128,False,False,,,,,,,,,,
0.006479999981820583,0.0077599999494850636,0.006832000054419041,0.006680000107735395,0.0004701658825066075,5,0.04052000120282173,0.04588000103831291,0.042496000230312345,0.041919998824596405,0.0017994845849937397,5,0.004559999797493219,0.009720000438392162,0.005967999994754791,0.005200000014156103,0.0018950717271184205,5,0.004679999779909849,0.005319999996572733,0.0050640000030398365,0.005080000031739473,0.0002155551729304012,5,1.1540429592132568,1.1932430267333984,1.1708029747009276,1.1630029678344727,0.016012969261102065,5,15.29295825958252,15.520559310913086,15.391230392456055,15.34423828125,0.0861346390719829,5,0.48412200808525085,0.5511220097541809,0.5034656047821044,0.49244099855422974,0.024263874872430112,5,0.004559999797493219,0.007040000054985285,0.0061680000275373455,0.0063599999994039536,0.0008934965883946723,5,7168,128,1,16,8,9216,32,0,5120,False,TORCH_SDPA_MLA,False,even,"[1, 1, 1, 1, 1, 1, 1, 1, 1, 1, 1, 1, 1, 1, 1, 1, 1, 1, 1, 1, 1, 1, 1, 1, 1, 1, 1, 1, 1, 1, 1, 1]",32,1,1.0,1.0,5.0,0.0,0.0,0.0,576,128,64,192,512,128,32,0,32,1,5121,32,False,0,0,0,BF16,CUDA_EVENT,generic,generic,method=fp8|act=dynamic|serialized=True|block=128x128,False,False,,,,,,,,,,
0.005799999926239252,0.007720000110566616,0.006623999960720539,0.006839999929070473,0.000713571315387506,5,0.03996000066399574,0.06712000072002411,0.047216400504112244,0.04280100017786026,0.01003522617994982,5,0.004840000066906214,0.006120000034570694,0.005487999971956014,0.00559999980032444,0.00046811960871843636,5,0.00443999981507659,0.006800000090152025,0.0053599999286234375,0.005200000014156103,0.000776865585891577,5,0.6031609773635864,0.6531620025634766,0.6176413893699646,0.6074010133743286,0.018350873903633717,5,9.460305213928223,10.720108032226562,9.749841499328614,9.544224739074707,0.4869096500645455,5,0.15855999290943146,0.18556000292301178,0.16921600103378295,0.16840000450611115,0.009260969273224631,5,0.005799999926239252,0.007519999984651804,0.006680000107735395,0.007120000198483467,0.0007173283858302321,5,7168,128,1,16,8,9216,16,0,6144,False,TORCH_SDPA_MLA,False,even,"[1, 1, 1, 1, 1, 1, 1, 1, 1, 1, 1, 1, 1, 1, 1, 1]",16,1,1.0,1.0,4.0,0.0,0.0,0.0,576,128,64,192,512,128,16,0,16,1,6145,16,False,0,0,0,BF16,CUDA_EVENT,generic,generic,method=fp8|act=dynamic|serialized=True|block=128x128,False,False,,,,,,,,,,
0.004279999993741512,0.009680000133812428,0.005423999950289726,0.004399999976158142,0.002128751837841841,5,0.04332000017166138,0.06255999952554703,0.05000019967556,0.04831999912858009,0.007104811755682612,5,0.004679999779909849,0.005640000104904175,0.004975999984890222,0.0047599999234080315,0.0003609765272249872,5,0.004401000216603279,0.006399999838322401,0.005016200058162212,0.004720000084489584,0.0007249673215076045,5,4.54685115814209,4.680370807647705,4.607243537902832,4.591291904449463,0.05214894106525443,5,110.26367950439453,110.92643737792969,110.69349517822266,110.85588073730469,0.25073065327184946,5,5.8506951332092285,5.933855056762695,5.891214847564697,5.899055004119873,0.028598986557607592,5,0.007079999893903732,0.007639999967068434,0.007344000041484833,0.007240000180900097,0.00024735395306326455,5,7168,128,1,16,8,9216,192,0,6144,False,TORCH_SDPA_MLA,False,even,"[1, 1, 1, 1, 1, 1, 1, 1, 1, 1, 1, 1, 1, 1, 1, 1, 1, 1, 1, 1, 1, 1, 1, 1, 1, 1, 1, 1, 1, 1, 1, 1, 1, 1, 1, 1, 1, 1, 1, 1, 1, 1, 1, 1, 1, 1, 1, 1, 1, 1, 1, 1, 1, 1, 1, 1, 1, 1, 1, 1, 1, 1, 1, 1, 1, 1, 1, 1, 1, 1, 1, 1, 1, 1, 1, 1, 1, 1, 1, 1, 1, 1, 1, 1, 1, 1, 1, 1, 1, 1, 1, 1, 1, 1, 1, 1, 1, 1, 1, 1, 1, 1, 1, 1, 1, 1, 1, 1, 1, 1, 1, 1, 1, 1, 1, 1, 1, 1, 1, 1, 1, 1, 1, 1, 1, 1, 1, 1, 1, 1, 1, 1, 1, 1, 1, 1, 1, 1, 1, 1, 1, 1, 1, 1, 1, 1, 1, 1, 1, 1, 1, 1, 1, 1, 1, 1, 1, 1, 1, 1, 1, 1, 1, 1, 1, 1, 1, 1, 1, 1, 1, 1, 1, 1, 1, 1, 1, 1, 1, 1, 1, 1, 1, 1, 1, 1, 1, 1, 1, 1, 1, 1]",192,1,1.0,1.0,13.0,0.0,0.0,0.0,576,128,64,192,512,128,192,0,192,1,6145,192,False,0,0,0,BF16,CUDA_EVENT,generic,generic,method=fp8|act=dynamic|serialized=True|block=128x128,False,False,,,,,,,,,,
0.004399999976158142,0.005319999996572733,0.004615999944508076,0.00443999981507659,0.00035471681347815445,5,0.0493599995970726,0.0565200001001358,0.05203999951481819,0.05124000087380409,0.0023926556115284377,5,0.005200000014156103,0.006320000160485506,0.005712000001221895,0.00571999978274107,0.0004449899908708494,5,0.005520000122487545,0.006680000107735395,0.0059680001810193065,0.005840000230818987,0.00038483241081678304,5,9.576464653015137,11.463749885559082,10.316194343566895,9.667184829711914,0.8523561542599449,5,111.23968505859375,113.02565002441406,112.06574401855468,111.73584747314453,0.787362593567435,5,5.114613056182861,6.606097221374512,5.697518730163575,5.2326130867004395,0.6688890889085655,5,0.007160000037401915,0.009200000204145908,0.008327999990433455,0.008440000005066395,0.0006623111490911182,5,7168,128,1,16,8,9216,256,0,4096,False,TORCH_SDPA_MLA,False,even,"[1, 1, 1, 1, 1, 1, 1, 1, 1, 1, 1, 1, 1, 1, 1, 1, 1, 1, 1, 1, 1, 1, 1, 1, 1, 1, 1, 1, 1, 1, 1, 1, 1, 1, 1, 1, 1, 1, 1, 1, 1, 1, 1, 1, 1, 1, 1, 1, 1, 1, 1, 1, 1, 1, 1, 1, 1, 1, 1, 1, 1, 1, 1, 1, 1, 1, 1, 1, 1, 1, 1, 1, 1, 1, 1, 1, 1, 1, 1, 1, 1, 1, 1, 1, 1, 1, 1, 1, 1, 1, 1, 1, 1, 1, 1, 1, 1, 1, 1, 1, 1, 1, 1, 1, 1, 1, 1, 1, 1, 1, 1, 1, 1, 1, 1, 1, 1, 1, 1, 1, 1, 1, 1, 1, 1, 1, 1, 1, 1, 1, 1, 1, 1, 1, 1, 1, 1, 1, 1, 1, 1, 1, 1, 1, 1, 1, 1, 1, 1, 1, 1, 1, 1, 1, 1, 1, 1, 1, 1, 1, 1, 1, 1, 1, 1, 1, 1, 1, 1, 1, 1, 1, 1, 1, 1, 1, 1, 1, 1, 1, 1, 1, 1, 1, 1, 1, 1, 1, 1, 1, 1, 1, 1, 1, 1, 1, 1, 1, 1, 1, 1, 1, 1, 1, 1, 1, 1, 1, 1, 1, 1, 1, 1, 1, 1, 1, 1, 1, 1, 1, 1, 1, 1, 1, 1, 1, 1, 1, 1, 1, 1, 1, 1, 1, 1, 1, 1, 1, 1, 1, 1, 1, 1, 1, 1, 1, 1, 1, 1, 1, 1, 1, 1, 1, 1, 1]",256,1,1.0,1.0,16.0,0.0,0.0,0.0,576,128,64,192,512,128,256,0,256,1,4097,256,False,0,0,0,BF16,CUDA_EVENT,generic,generic,method=fp8|act=dynamic|serialized=True|block=128x128,False,False,,,,,,,,,,
0.004399999976158142,0.015080000273883343,0.007208000030368566,0.004399999976158142,0.004145544226225033,5,0.05084000155329704,0.063960000872612,0.058872000128030774,0.06019999831914902,0.004608054821373127,5,0.005640000104904175,0.01080000028014183,0.00688020009547472,0.005960999988019466,0.0019671584816710183,5,0.005439999978989363,0.007120000198483467,0.006184000056236982,0.0060800001956522465,0.0005995199175982956,5,16.48160171508789,18.08040428161621,17.690052032470703,18.008403778076172,0.6086314455407918,5,202.78907775878906,205.1623992919922,204.04532470703126,204.08587646484375,0.8668582990873605,5,13.443873405456543,13.804116249084473,13.590194511413575,13.522873878479004,0.14009081746087396,5,0.008200000040233135,0.012079999782145023,0.009656000137329101,0.00872000027447939,0.0015587891536974394,5,7168,128,1,16,8,9216,448,0,4096,False,TORCH_SDPA_MLA,False,even,"[1, 1, 1, 1, 1, 1, 1, 1, 1, 1, 1, 1, 1, 1, 1, 1, 1, 1, 1, 1, 1, 1, 1, 1, 1, 1, 1, 1, 1, 1, 1, 1, 1, 1, 1, 1, 1, 1, 1, 1, 1, 1, 1, 1, 1, 1, 1, 1, 1, 1, 1, 1, 1, 1, 1, 1, 1, 1, 1, 1, 1, 1, 1, 1, 1, 1, 1, 1, 1, 1, 1, 1, 1, 1, 1, 1, 1, 1, 1, 1, 1, 1, 1, 1, 1, 1, 1, 1, 1, 1, 1, 1, 1, 1, 1, 1, 1, 1, 1, 1, 1, 1, 1, 1, 1, 1, 1, 1, 1, 1, 1, 1, 1, 1, 1, 1, 1, 1, 1, 1, 1, 1, 1, 1, 1, 1, 1, 1, 1, 1, 1, 1, 1, 1, 1, 1, 1, 1, 1, 1, 1, 1, 1, 1, 1, 1, 1, 1, 1, 1, 1, 1, 1, 1, 1, 1, 1, 1, 1, 1, 1, 1, 1, 1, 1, 1, 1, 1, 1, 1, 1, 1, 1, 1, 1, 1, 1, 1, 1, 1, 1, 1, 1, 1, 1, 1, 1, 1, 1, 1, 1, 1, 1, 1, 1, 1, 1, 1, 1, 1, 1, 1, 1, 1, 1, 1, 1, 1, 1, 1, 1, 1, 1, 1, 1, 1, 1, 1, 1, 1, 1, 1, 1, 1, 1, 1, 1, 1, 1, 1, 1, 1, 1, 1, 1, 1, 1, 1, 1, 1, 1, 1, 1, 1, 1, 1, 1, 1, 1, 1, 1, 1, 1, 1, 1, 1, 1, 1, 1, 1, 1, 1, 1, 1, 1, 1, 1, 1, 1, 1, 1, 1, 1, 1, 1, 1, 1, 1, 1, 1, 1, 1, 1, 1, 1, 1, 1, 1, 1, 1, 1, 1, 1, 1, 1, 1, 1, 1, 1, 1, 1, 1, 1, 1, 1, 1, 1, 1, 1, 1, 1, 1, 1, 1, 1, 1, 1, 1, 1, 1, 1, 1, 1, 1, 1, 1, 1, 1, 1, 1, 1, 1, 1, 1, 1, 1, 1, 1, 1, 1, 1, 1, 1, 1, 1, 1, 1, 1, 1, 1, 1, 1, 1, 1, 1, 1, 1, 1, 1, 1, 1, 1, 1, 1, 1, 1, 1, 1, 1, 1, 1, 1, 1, 1, 1, 1, 1, 1, 1, 1, 1, 1, 1, 1, 1, 1, 1, 1, 1, 1, 1, 1, 1, 1, 1, 1, 1, 1, 1, 1, 1, 1, 1, 1, 1, 1, 1, 1, 1, 1, 1, 1, 1, 1, 1, 1, 1, 1, 1, 1, 1, 1, 1, 1, 1, 1, 1, 1, 1, 1, 1, 1, 1, 1, 1, 1, 1, 1, 1, 1, 1, 1, 1, 1, 1, 1, 1, 1]",448,1,1.0,1.0,21.0,0.0,0.0,0.0,576,128,64,192,512,128,448,0,448,1,4097,448,False,0,0,0,BF16,CUDA_EVENT,generic,generic,method=fp8|act=dynamic|serialized=True|block=128x128,False,False,,,,,,,,,,
0.004399999976158142,0.007639999967068434,0.0066639999859035015,0.007160000037401915,0.0011638831487705739,5,0.03784000128507614,0.06691999733448029,0.04628800004720688,0.04284000024199486,0.010542754165013867,5,0.004999999888241291,0.0069610001519322395,0.005616199970245361,0.005239999853074551,0.0007206399392744912,5,0.0055599999614059925,0.006719999946653843,0.005999999959021807,0.005840000230818987,0.0004418144321612806,5,0.6034010052680969,0.6675609946250916,0.6251370072364807,0.6158810257911682,0.022780527618856575,5,7.912301063537598,9.556344985961914,8.28824577331543,8.001701354980469,0.635887213789671,5,0.16487999260425568,0.4041610062122345,0.21820839941501619,0.17227999866008759,0.09315163015631789,5,0.006560000125318766,0.008559999987483025,0.007239999901503325,0.00687999976798892,0.0007029082597346019,5,7168,128,1,16,8,9216,16,0,5120,False,TORCH_SDPA_MLA,False,even,"[1, 1, 1, 1, 1, 1, 1, 1, 1, 1, 1, 1, 1, 1, 1, 1]",16,1,1.0,1.0,4.0,0.0,0.0,0.0,576,128,64,192,512,128,16,0,16,1,5121,16,False,0,0,0,BF16,CUDA_EVENT,generic,generic,method=fp8|act=dynamic|serialized=True|block=128x128,False,False,,,,,,,,,,
0.00443999981507659,0.005799999926239252,0.005504000000655651,0.005760000087320805,0.0005322256070456349,5,0.04067999869585037,0.06363999843597412,0.04624039903283119,0.041359998285770416,0.008792747740693056,5,0.004519999958574772,0.0063599999994039536,0.0051599999889731405,0.004879999905824661,0.0006334666774298722,5,0.004399999976158142,0.005520000122487545,0.004944000020623207,0.005080000031739473,0.00042226063469266576,5,0.7776820063591003,0.7998420000076294,0.7882740020751953,0.7872419953346252,0.007492609167232006,5,23.63446044921875,23.841419219970703,23.743475723266602,23.71493911743164,0.07882835949150115,5,0.7561619877815247,0.813880980014801,0.7751057982444763,0.7690420150756836,0.019989788064911217,5,0.005799999926239252,0.007040000054985285,0.006304000038653612,0.005840000230818987,0.0006011189726465784,5,7168,128,1,16,8,9216,32,0,8192,False,TORCH_SDPA_MLA,False,even,"[1, 1, 1, 1, 1, 1, 1, 1, 1, 1, 1, 1, 1, 1, 1, 1, 1, 1, 1, 1, 1, 1, 1, 1, 1, 1, 1, 1, 1, 1, 1, 1]",32,1,1.0,1.0,5.0,0.0,0.0,0.0,576,128,64,192,512,128,32,0,32,1,8193,32,False,0,0,0,BF16,CUDA_EVENT,generic,generic,method=fp8|act=dynamic|serialized=True|block=128x128,False,False,,,,,,,,,,
0.004240000154823065,0.004399999976158142,0.004312000051140785,0.004279999993741512,7.332113940631665e-05,5,0.0493599995970726,0.054040998220443726,0.051144199818372725,0.05127999931573868,0.0016524226401566982,5,0.004399999976158142,0.006639999803155661,0.0057519999332726005,0.005760000087320805,0.0007757937581917777,5,0.004360000137239695,0.005880000069737434,0.005136000085622072,0.005160000175237656,0.0004823940085535646,5,13.873435974121094,14.98659896850586,14.184052848815918,14.049357414245605,0.4132757392655268,5,170.05496215820312,171.31288146972656,170.7072998046875,170.67559814453125,0.46394467846954845,5,8.453701972961426,8.693463325500488,8.545254325866699,8.514021873474121,0.08360574270141016,5,0.007639999967068434,0.008320000022649765,0.007959999982267619,0.00800000037997961,0.00023047780631176262,5,7168,128,1,16,8,9216,384,0,4096,False,TORCH_SDPA_MLA,False,even,"[1, 1, 1, 1, 1, 1, 1, 1, 1, 1, 1, 1, 1, 1, 1, 1, 1, 1, 1, 1, 1, 1, 1, 1, 1, 1, 1, 1, 1, 1, 1, 1, 1, 1, 1, 1, 1, 1, 1, 1, 1, 1, 1, 1, 1, 1, 1, 1, 1, 1, 1, 1, 1, 1, 1, 1, 1, 1, 1, 1, 1, 1, 1, 1, 1, 1, 1, 1, 1, 1, 1, 1, 1, 1, 1, 1, 1, 1, 1, 1, 1, 1, 1, 1, 1, 1, 1, 1, 1, 1, 1, 1, 1, 1, 1, 1, 1, 1, 1, 1, 1, 1, 1, 1, 1, 1, 1, 1, 1, 1, 1, 1, 1, 1, 1, 1, 1, 1, 1, 1, 1, 1, 1, 1, 1, 1, 1, 1, 1, 1, 1, 1, 1, 1, 1, 1, 1, 1, 1, 1, 1, 1, 1, 1, 1, 1, 1, 1, 1, 1, 1, 1, 1, 1, 1, 1, 1, 1, 1, 1, 1, 1, 1, 1, 1, 1, 1, 1, 1, 1, 1, 1, 1, 1, 1, 1, 1, 1, 1, 1, 1, 1, 1, 1, 1, 1, 1, 1, 1, 1, 1, 1, 1, 1, 1, 1, 1, 1, 1, 1, 1, 1, 1, 1, 1, 1, 1, 1, 1, 1, 1, 1, 1, 1, 1, 1, 1, 1, 1, 1, 1, 1, 1, 1, 1, 1, 1, 1, 1, 1, 1, 1, 1, 1, 1, 1, 1, 1, 1, 1, 1, 1, 1, 1, 1, 1, 1, 1, 1, 1, 1, 1, 1, 1, 1, 1, 1, 1, 1, 1, 1, 1, 1, 1, 1, 1, 1, 1, 1, 1, 1, 1, 1, 1, 1, 1, 1, 1, 1, 1, 1, 1, 1, 1, 1, 1, 1, 1, 1, 1, 1, 1, 1, 1, 1, 1, 1, 1, 1, 1, 1, 1, 1, 1, 1, 1, 1, 1, 1, 1, 1, 1, 1, 1, 1, 1, 1, 1, 1, 1, 1, 1, 1, 1, 1, 1, 1, 1, 1, 1, 1, 1, 1, 1, 1, 1, 1, 1, 1, 1, 1, 1, 1, 1, 1, 1, 1, 1, 1, 1, 1, 1, 1, 1, 1, 1, 1, 1, 1, 1, 1, 1, 1, 1, 1, 1, 1, 1, 1, 1, 1, 1, 1, 1, 1, 1, 1, 1, 1, 1, 1, 1, 1, 1]",384,1,1.0,1.0,19.0,0.0,0.0,0.0,576,128,64,192,512,128,384,0,384,1,4097,384,False,0,0,0,BF16,CUDA_EVENT,generic,generic,method=fp8|act=dynamic|serialized=True|block=128x128,False,False,,,,,,,,,,
0.004279999993741512,0.00547999981790781,0.004600000008940697,0.004399999976158142,0.0004447020572175075,5,0.017999999225139618,0.05536000058054924,0.026583999767899512,0.019519999623298645,0.014461371865529751,5,0.00443999981507659,0.005520000122487545,0.004679999966174364,0.004480000119656324,0.0004210463985593955,5,0.00443999981507659,0.005160000175237656,0.004648000001907349,0.004519999958574772,0.00026460545259538907,5,0.026599999517202377,0.08427999913692474,0.038311999291181564,0.02703999914228916,0.022984842231100405,5,1.795964002609253,2.0019659996032715,1.8523806095123292,1.8195650577545166,0.07675970440727789,5,0.03184099867939949,0.03455999866127968,0.03256860002875328,0.03224100172519684,0.0010079789994931374,5,0.004399999976158142,0.0081599997356534,0.005200000014156103,0.004480000119656324,0.0014803241507386072,5,7168,128,1,16,8,9216,2,0,9216,False,TORCH_SDPA_MLA,False,even,"[1, 1]",2,1,1.0,1.0,1.0,0.0,0.0,0.0,576,128,64,192,512,128,2,0,2,1,9217,2,False,0,0,0,BF16,CUDA_EVENT,generic,generic,method=fp8|act=dynamic|serialized=True|block=128x128,False,False,,,,,,,,,,
0.004519999958574772,0.00851999968290329,0.006440199818462134,0.006680999882519245,0.0016135724206159969,5,0.044280000030994415,0.06716000288724899,0.050912200659513476,0.046480000019073486,0.008344194840331116,5,0.005119999870657921,0.007079999893903732,0.005783999897539615,0.00571999978274107,0.0006903216342354652,5,0.0047599999234080315,0.007079999893903732,0.005631999950855971,0.005439999978989363,0.0007965525706681426,5,2.359086036682129,2.4265670776367188,2.384806251525879,2.369246006011963,0.025464371728515397,5,33.8848876953125,34.248329162597656,34.12008056640625,34.22040939331055,0.1478984383779776,5,1.6343640089035034,2.9162869453430176,1.903372573852539,1.6481239795684814,0.5066646430980759,5,0.007199999876320362,0.00839999970048666,0.0077519997954368595,0.0075599998235702515,0.00045283102798624386,5,7168,128,1,16,8,9216,64,0,5120,False,TORCH_SDPA_MLA,False,even,"[1, 1, 1, 1, 1, 1, 1, 1, 1, 1, 1, 1, 1, 1, 1, 1, 1, 1, 1, 1, 1, 1, 1, 1, 1, 1, 1, 1, 1, 1, 1, 1, 1, 1, 1, 1, 1, 1, 1, 1, 1, 1, 1, 1, 1, 1, 1, 1, 1, 1, 1, 1, 1, 1, 1, 1, 1, 1, 1, 1, 1, 1, 1, 1]",64,1,1.0,1.0,8.0,0.0,0.0,0.0,576,128,64,192,512,128,64,0,64,1,5121,64,False,0,0,0,BF16,CUDA_EVENT,generic,generic,method=fp8|act=dynamic|serialized=True|block=128x128,False,False,,,,,,,,,,
0.00443999981507659,0.004559999797493219,0.004495999868959188,0.004480000119656324,5.425861360592359e-05,5,0.016119999811053276,0.0721609964966774,0.028464199230074882,0.018400000408291817,0.021865711118715773,5,0.004480000119656324,0.007040000054985285,0.0050560000352561476,0.004600000102072954,0.0009929672799285237,5,0.004519999958574772,0.006639999803155661,0.004991999920457601,0.004639999940991402,0.0008257456645355169,5,0.018640000373125076,0.07519999891519547,0.030167999863624572,0.018959999084472656,0.022517468653744946,5,0.7454820275306702,0.888562023639679,0.7852740049362182,0.7522019743919373,0.054194743067663816,5,0.016401000320911407,0.018559999763965607,0.017208199948072433,0.01703999936580658,0.0007495683383430751,5,0.00443999981507659,0.004559999797493219,0.004535999801009894,0.004559999797493219,4.799999296665191e-05,5,7168,128,1,16,8,9216,1,0,6144,False,TORCH_SDPA_MLA,False,even,[1],1,1,1.0,1.0,1.0,0.0,0.0,0.0,576,128,64,192,512,128,1,0,1,1,6145,1,False,0,0,0,BF16,CUDA_EVENT,generic,generic,method=fp8|act=dynamic|serialized=True|block=128x128,False,False,,,,,,,,,,
0.004279999993741512,0.010359999723732471,0.007055999990552664,0.008080000057816505,0.002389925524353481,5,0.044759999960660934,0.08275999873876572,0.05680800080299377,0.04628000035881996,0.014852671285929533,5,0.005760000087320805,0.00848000030964613,0.006688000075519085,0.006440000142902136,0.0009996480340272807,5,0.005319999996572733,0.007120000198483467,0.005928000062704086,0.005400000140070915,0.000728571295433899,5,1.7847249507904053,1.8258450031280518,1.8022363901138305,1.7912440299987793,0.017808770945421257,5,24.15522003173828,25.512104034423828,24.473573684692383,24.213741302490234,0.5206644608803407,5,0.8918420076370239,1.5665639638900757,1.3710355758666992,1.5512839555740356,0.26198398664255396,5,0.007360000163316727,0.011359999887645245,0.008583999983966351,0.0075599998235702515,0.0015197052292480206,5,7168,128,1,16,8,9216,48,0,5120,False,TORCH_SDPA_MLA,False,even,"[1, 1, 1, 1, 1, 1, 1, 1, 1, 1, 1, 1, 1, 1, 1, 1, 1, 1, 1, 1, 1, 1, 1, 1, 1, 1, 1, 1, 1, 1, 1, 1, 1, 1, 1, 1, 1, 1, 1, 1, 1, 1, 1, 1, 1, 1, 1, 1]",48,1,1.0,1.0,6.0,0.0,0.0,0.0,576,128,64,192,512,128,48,0,48,1,5121,48,False,0,0,0,BF16,CUDA_EVENT,generic,generic,method=fp8|act=dynamic|serialized=True|block=128x128,False,False,,,,,,,,,,
0.004360000137239695,0.004519999958574772,0.004400000069290399,0.004360000137239695,6.196766434270914e-05,5,0.04628000035881996,0.1430799961090088,0.06772019937634469,0.04948100075125694,0.03777126452284286,5,0.004639999940991402,0.008840000256896019,0.006088000070303678,0.005760000087320805,0.001442974809469362,5,0.004920000210404396,0.009359999559819698,0.007432200014591217,0.0083600003272295,0.0019386641439575348,5,3.5220489501953125,3.725130081176758,3.588473176956177,3.5564889907836914,0.07209437306022068,5,57.57594680786133,60.02251434326172,59.426151275634766,59.91735076904297,0.9355639625063449,5,2.4255259037017822,3.6044890880584717,2.6685747623443605,2.4374868869781494,0.46798386413887155,5,0.007240000180900097,0.00839999970048666,0.0076800000853836535,0.007360000163316727,0.00048332175784669576,5,7168,128,1,16,8,9216,96,0,6144,False,TORCH_SDPA_MLA,False,even,"[1, 1, 1, 1, 1, 1, 1, 1, 1, 1, 1, 1, 1, 1, 1, 1, 1, 1, 1, 1, 1, 1, 1, 1, 1, 1, 1, 1, 1, 1, 1, 1, 1, 1, 1, 1, 1, 1, 1, 1, 1, 1, 1, 1, 1, 1, 1, 1, 1, 1, 1, 1, 1, 1, 1, 1, 1, 1, 1, 1, 1, 1, 1, 1, 1, 1, 1, 1, 1, 1, 1, 1, 1, 1, 1, 1, 1, 1, 1, 1, 1, 1, 1, 1, 1, 1, 1, 1, 1, 1, 1, 1, 1, 1, 1, 1]",96,1,1.0,1.0,9.0,0.0,0.0,0.0,576,128,64,192,512,128,96,0,96,1,6145,96,False,0,0,0,BF16,CUDA_EVENT,generic,generic,method=fp8|act=dynamic|serialized=True|block=128x128,False,False,,,,,,,,,,
0.00443999981507659,0.006120000034570694,0.004807999916374683,0.004480000119656324,0.0006574618445004493,5,0.018640000373125076,0.1812800019979477,0.05137600041925907,0.01907999999821186,0.06495222002757696,5,0.004480000119656324,0.009840000420808792,0.005608000047504902,0.004559999797493219,0.002116359323692958,5,0.004519999958574772,0.012799999676644802,0.006320199929177761,0.004561000037938356,0.0032486205359011887,5,0.06480000168085098,0.3317199945449829,0.11911199986934662,0.06644000113010406,0.10630602922620355,5,3.240528106689453,3.4654879570007324,3.3053040504455566,3.2601680755615234,0.08463719385571354,5,0.05283999815583229,0.053599998354911804,0.053264199197292326,0.053240999579429626,0.000256231811565389,5,0.00443999981507659,0.004559999797493219,0.004495999962091446,0.004480000119656324,4.079211969054e-05,5,7168,128,1,16,8,9216,4,0,8192,False,TORCH_SDPA_MLA,False,even,"[1, 1, 1, 1]",4,1,1.0,1.0,2.0,0.0,0.0,0.0,576,128,64,192,512,128,4,0,4,1,8193,4,False,0,0,0,BF16,CUDA_EVENT,generic,generic,method=fp8|act=dynamic|serialized=True|block=128x128,False,False,,,,,,,,,,
0.004279999993741512,0.00687999976798892,0.005656000040471554,0.005640000104904175,0.000827758361780523,5,0.04315999895334244,0.06960000097751617,0.04923219978809357,0.044360000640153885,0.01023073483971419,5,0.004679999779909849,0.007199999876320362,0.0055519999004900455,0.00547999981790781,0.0009073566159118794,5,0.004480000119656324,0.006200000178068876,0.005008000042289495,0.004800000227987766,0.0006234870305869352,5,3.0668070316314697,3.1569290161132812,3.1346240520477293,3.1484880447387695,0.03415042320684799,5,103.36590576171875,103.73426055908203,103.57536010742187,103.6443862915039,0.1380447944705346,5,3.6997299194335938,3.708488941192627,3.7038971424102782,3.70340895652771,0.00285845540232543,5,0.005760000087320805,0.0075599998235702515,0.00615199999883771,0.005799999926239252,0.0007044543128604589,5,7168,128,1,16,8,9216,128,0,9216,False,TORCH_SDPA_MLA,False,even,"[1, 1, 1, 1, 1, 1, 1, 1, 1, 1, 1, 1, 1, 1, 1, 1, 1, 1, 1, 1, 1, 1, 1, 1, 1, 1, 1, 1, 1, 1, 1, 1, 1, 1, 1, 1, 1, 1, 1, 1, 1, 1, 1, 1, 1, 1, 1, 1, 1, 1, 1, 1, 1, 1, 1, 1, 1, 1, 1, 1, 1, 1, 1, 1, 1, 1, 1, 1, 1, 1, 1, 1, 1, 1, 1, 1, 1, 1, 1, 1, 1, 1, 1, 1, 1, 1, 1, 1, 1, 1, 1, 1, 1, 1, 1, 1, 1, 1, 1, 1, 1, 1, 1, 1, 1, 1, 1, 1, 1, 1, 1, 1, 1, 1, 1, 1, 1, 1, 1, 1, 1, 1, 1, 1, 1, 1, 1, 1]",128,1,1.0,1.0,11.0,0.0,0.0,0.0,576,128,64,192,512,128,128,0,128,1,9217,128,False,0,0,0,BF16,CUDA_EVENT,generic,generic,method=fp8|act=dynamic|serialized=True|block=128x128,False,False,,,,,,,,,,
0.004399999976158142,0.0060800001956522465,0.0047680000774562355,0.004480000119656324,0.0006569749478698045,5,0.04952000081539154,0.10840100049972534,0.06268020048737526,0.051600001752376556,0.02287944859430882,5,0.005280000157654285,0.01116000022739172,0.006616000086069107,0.005400000140070915,0.0022836602829959534,5,0.005160000175237656,0.006320000160485506,0.005504200048744678,0.005319999996572733,0.0004214909292986161,5,9.544425010681152,11.394668579101562,10.291122245788575,9.687305450439453,0.8538383634260832,5,131.09681701660156,133.0469512939453,131.90673217773437,131.274658203125,0.8935017069551192,5,5.021973133087158,6.576296806335449,5.631590843200684,5.156494140625,0.6774193169381604,5,0.007639999967068434,0.009680000133812428,0.008344000019133092,0.007960000075399876,0.0007913937514142337,5,7168,128,1,16,8,9216,256,0,5120,False,TORCH_SDPA_MLA,False,even,"[1, 1, 1, 1, 1, 1, 1, 1, 1, 1, 1, 1, 1, 1, 1, 1, 1, 1, 1, 1, 1, 1, 1, 1, 1, 1, 1, 1, 1, 1, 1, 1, 1, 1, 1, 1, 1, 1, 1, 1, 1, 1, 1, 1, 1, 1, 1, 1, 1, 1, 1, 1, 1, 1, 1, 1, 1, 1, 1, 1, 1, 1, 1, 1, 1, 1, 1, 1, 1, 1, 1, 1, 1, 1, 1, 1, 1, 1, 1, 1, 1, 1, 1, 1, 1, 1, 1, 1, 1, 1, 1, 1, 1, 1, 1, 1, 1, 1, 1, 1, 1, 1, 1, 1, 1, 1, 1, 1, 1, 1, 1, 1, 1, 1, 1, 1, 1, 1, 1, 1, 1, 1, 1, 1, 1, 1, 1, 1, 1, 1, 1, 1, 1, 1, 1, 1, 1, 1, 1, 1, 1, 1, 1, 1, 1, 1, 1, 1, 1, 1, 1, 1, 1, 1, 1, 1, 1, 1, 1, 1, 1, 1, 1, 1, 1, 1, 1, 1, 1, 1, 1, 1, 1, 1, 1, 1, 1, 1, 1, 1, 1, 1, 1, 1, 1, 1, 1, 1, 1, 1, 1, 1, 1, 1, 1, 1, 1, 1, 1, 1, 1, 1, 1, 1, 1, 1, 1, 1, 1, 1, 1, 1, 1, 1, 1, 1, 1, 1, 1, 1, 1, 1, 1, 1, 1, 1, 1, 1, 1, 1, 1, 1, 1, 1, 1, 1, 1, 1, 1, 1, 1, 1, 1, 1, 1, 1, 1, 1, 1, 1, 1, 1, 1, 1, 1, 1]",256,1,1.0,1.0,16.0,0.0,0.0,0.0,576,128,64,192,512,128,256,0,256,1,5121,256,False,0,0,0,BF16,CUDA_EVENT,generic,generic,method=fp8|act=dynamic|serialized=True|block=128x128,False,False,,,,,,,,,,
0.00443999981507659,0.0106800002977252,0.005943999998271466,0.004600000102072954,0.0023975455528056767,5,0.04504000023007393,0.05708000063896179,0.04831220060586929,0.04632100090384483,0.004438605669241128,5,0.004600000102072954,0.0060800001956522465,0.005104000121355057,0.004879999905824661,0.0005200615737053298,5,0.00535999983549118,0.005520000122487545,0.005432000011205673,0.005439999978989363,5.306606375125428e-05,5,11.238828659057617,11.346790313720703,11.298733329772949,11.32351016998291,0.043014529131117585,5,151.08494567871094,152.0614776611328,151.46304321289062,151.4189453125,0.3627017916756475,5,6.109655857086182,6.279016017913818,6.179168224334717,6.153975963592529,0.06683043823135357,5,0.006440000142902136,0.007280000019818544,0.006895999982953071,0.006839999929070473,0.00028125428414113894,5,7168,128,1,16,8,9216,320,0,5120,False,TORCH_SDPA_MLA,False,even,"[1, 1, 1, 1, 1, 1, 1, 1, 1, 1, 1, 1, 1, 1, 1, 1, 1, 1, 1, 1, 1, 1, 1, 1, 1, 1, 1, 1, 1, 1, 1, 1, 1, 1, 1, 1, 1, 1, 1, 1, 1, 1, 1, 1, 1, 1, 1, 1, 1, 1, 1, 1, 1, 1, 1, 1, 1, 1, 1, 1, 1, 1, 1, 1, 1, 1, 1, 1, 1, 1, 1, 1, 1, 1, 1, 1, 1, 1, 1, 1, 1, 1, 1, 1, 1, 1, 1, 1, 1, 1, 1, 1, 1, 1, 1, 1, 1, 1, 1, 1, 1, 1, 1, 1, 1, 1, 1, 1, 1, 1, 1, 1, 1, 1, 1, 1, 1, 1, 1, 1, 1, 1, 1, 1, 1, 1, 1, 1, 1, 1, 1, 1, 1, 1, 1, 1, 1, 1, 1, 1, 1, 1, 1, 1, 1, 1, 1, 1, 1, 1, 1, 1, 1, 1, 1, 1, 1, 1, 1, 1, 1, 1, 1, 1, 1, 1, 1, 1, 1, 1, 1, 1, 1, 1, 1, 1, 1, 1, 1, 1, 1, 1, 1, 1, 1, 1, 1, 1, 1, 1, 1, 1, 1, 1, 1, 1, 1, 1, 1, 1, 1, 1, 1, 1, 1, 1, 1, 1, 1, 1, 1, 1, 1, 1, 1, 1, 1, 1, 1, 1, 1, 1, 1, 1, 1, 1, 1, 1, 1, 1, 1, 1, 1, 1, 1, 1, 1, 1, 1, 1, 1, 1, 1, 1, 1, 1, 1, 1, 1, 1, 1, 1, 1, 1, 1, 1, 1, 1, 1, 1, 1, 1, 1, 1, 1, 1, 1, 1, 1, 1, 1, 1, 1, 1, 1, 1, 1, 1, 1, 1, 1, 1, 1, 1, 1, 1, 1, 1, 1, 1, 1, 1, 1, 1, 1, 1, 1, 1, 1, 1, 1, 1, 1, 1, 1, 1, 1, 1, 1, 1, 1, 1, 1, 1, 1, 1, 1, 1, 1, 1]",320,1,1.0,1.0,17.0,0.0,0.0,0.0,576,128,64,192,512,128,320,0,320,1,5121,320,False,0,0,0,BF16,CUDA_EVENT,generic,generic,method=fp8|act=dynamic|serialized=True|block=128x128,False,False,,,,,,,,,,
0.004360999912023544,0.0142000000923872,0.007320200093090534,0.005760000087320805,0.0036705226577089145,5,0.04747999832034111,0.11184000223875046,0.0625840000808239,0.04896000027656555,0.02485970460207042,5,0.004840000066906214,0.006839999929070473,0.005839999951422215,0.005799999926239252,0.0006769342471652103,5,0.00431999983265996,0.01080000028014183,0.0065519999712705616,0.005919999908655882,0.002208695699680929,5,9.39470386505127,10.315587043762207,9.990329551696778,10.176706314086914,0.3621679573149557,5,153.44630432128906,154.51931762695312,154.07477416992188,154.39434814453125,0.4521217866256524,5,5.00773286819458,5.901734828948975,5.364661598205567,5.054172992706299,0.4145227890813864,5,0.006639999803155661,0.008799999952316284,0.008016000036150217,0.00824000034481287,0.0007356521432359884,5,7168,128,1,16,8,9216,256,0,6144,False,TORCH_SDPA_MLA,False,even,"[1, 1, 1, 1, 1, 1, 1, 1, 1, 1, 1, 1, 1, 1, 1, 1, 1, 1, 1, 1, 1, 1, 1, 1, 1, 1, 1, 1, 1, 1, 1, 1, 1, 1, 1, 1, 1, 1, 1, 1, 1, 1, 1, 1, 1, 1, 1, 1, 1, 1, 1, 1, 1, 1, 1, 1, 1, 1, 1, 1, 1, 1, 1, 1, 1, 1, 1, 1, 1, 1, 1, 1, 1, 1, 1, 1, 1, 1, 1, 1, 1, 1, 1, 1, 1, 1, 1, 1, 1, 1, 1, 1, 1, 1, 1, 1, 1, 1, 1, 1, 1, 1, 1, 1, 1, 1, 1, 1, 1, 1, 1, 1, 1, 1, 1, 1, 1, 1, 1, 1, 1, 1, 1, 1, 1, 1, 1, 1, 1, 1, 1, 1, 1, 1, 1, 1, 1, 1, 1, 1, 1, 1, 1, 1, 1, 1, 1, 1, 1, 1, 1, 1, 1, 1, 1, 1, 1, 1, 1, 1, 1, 1, 1, 1, 1, 1, 1, 1, 1, 1, 1, 1, 1, 1, 1, 1, 1, 1, 1, 1, 1, 1, 1, 1, 1, 1, 1, 1, 1, 1, 1, 1, 1, 1, 1, 1, 1, 1, 1, 1, 1, 1, 1, 1, 1, 1, 1, 1, 1, 1, 1, 1, 1, 1, 1, 1, 1, 1, 1, 1, 1, 1, 1, 1, 1, 1, 1, 1, 1, 1, 1, 1, 1, 1, 1, 1, 1, 1, 1, 1, 1, 1, 1, 1, 1, 1, 1, 1, 1, 1, 1, 1, 1, 1, 1, 1]",256,1,1.0,1.0,16.0,0.0,0.0,0.0,576,128,64,192,512,128,256,0,256,1,6145,256,False,0,0,0,BF16,CUDA_EVENT,generic,generic,method=fp8|act=dynamic|serialized=True|block=128x128,False,False,,,,,,,,,,
0.004360000137239695,0.00800000037997961,0.006560000125318766,0.006920000072568655,0.0011978648164233357,5,0.03968000039458275,0.07304000109434128,0.048072200268507004,0.04224000126123428,0.01260444983115475,5,0.0049600000493228436,0.00675999978557229,0.005872000008821487,0.005679999943822622,0.0007294490438983996,5,0.004840000066906214,0.007079999893903732,0.005536000058054924,0.005280000157654285,0.0008141153772594672,5,1.1887229681015015,1.2592430114746094,1.2174030065536499,1.1941629648208618,0.032318063781584784,5,18.83612823486328,20.991731643676758,20.06990623474121,20.758892059326172,0.9813605005957352,5,0.4630419909954071,0.4856809973716736,0.47437740564346315,0.4718010127544403,0.008111852795114267,5,0.006800000090152025,0.00848000030964613,0.007624000031501055,0.007679999805986881,0.0007090727046728398,5,7168,128,1,16,8,9216,32,0,6144,False,TORCH_SDPA_MLA,False,even,"[1, 1, 1, 1, 1, 1, 1, 1, 1, 1, 1, 1, 1, 1, 1, 1, 1, 1, 1, 1, 1, 1, 1, 1, 1, 1, 1, 1, 1, 1, 1, 1]",32,1,1.0,1.0,5.0,0.0,0.0,0.0,576,128,64,192,512,128,32,0,32,1,6145,32,False,0,0,0,BF16,CUDA_EVENT,generic,generic,method=fp8|act=dynamic|serialized=True|block=128x128,False,False,,,,,,,,,,
0.004399999976158142,0.0074800001457333565,0.00660800002515316,0.007160000037401915,0.0011407787369833587,5,0.04295999929308891,0.0560000017285347,0.04628020077943802,0.04416099935770035,0.0048875144380748714,5,0.004480000119656324,0.005799999926239252,0.005135999992489815,0.005080000031739473,0.0004371543549915215,5,0.004360000137239695,0.005400000140070915,0.0049600000493228436,0.005239999853074551,0.0004308131877390798,5,1.709164023399353,1.7476049661636353,1.7218204021453858,1.7183640003204346,0.013634020053537664,5,27.60575294494629,28.030431747436523,27.7563045501709,27.680152893066406,0.15534650138960604,5,0.7684019804000854,0.8534029722213745,0.797202181816101,0.790041983127594,0.029512007087935232,5,0.0061599998734891415,0.007960000075399876,0.006879999954253435,0.006599999964237213,0.0006134493202629223,5,7168,128,1,16,8,9216,48,0,6144,False,TORCH_SDPA_MLA,False,even,"[1, 1, 1, 1, 1, 1, 1, 1, 1, 1, 1, 1, 1, 1, 1, 1, 1, 1, 1, 1, 1, 1, 1, 1, 1, 1, 1, 1, 1, 1, 1, 1, 1, 1, 1, 1, 1, 1, 1, 1, 1, 1, 1, 1, 1, 1, 1, 1]",48,1,1.0,1.0,6.0,0.0,0.0,0.0,576,128,64,192,512,128,48,0,48,1,6145,48,False,0,0,0,BF16,CUDA_EVENT,generic,generic,method=fp8|act=dynamic|serialized=True|block=128x128,False,False,,,,,,,,,,
0.004600000102072954,0.00675999978557229,0.005063999909907579,0.004639999940991402,0.0008483772093880643,5,0.018079999834299088,0.04304099828004837,0.023544199764728546,0.01868000067770481,0.009762090362374062,5,0.004559999797493219,0.005200000014156103,0.004743999894708395,0.004679999779909849,0.0002367784559758249,5,0.004559999797493219,0.005160000175237656,0.004735999926924706,0.004679999779909849,0.0002214137814648751,5,0.013679999858140945,0.08060000091791153,0.027576000429689884,0.014120000414550304,0.026522873097872032,5,0.8487229943275452,1.0504029989242554,0.8995705962181091,0.8640030026435852,0.07578956547801972,5,0.011920000426471233,0.012640000320971012,0.01220800019800663,0.012000000104308128,0.00029328483198743207,5,0.004519999958574772,0.004639999940991402,0.00457600001245737,0.004600000102072954,4.800002401078793e-05,5,7168,128,1,16,8,9216,1,0,8192,False,TORCH_SDPA_MLA,False,even,[1],1,1,1.0,1.0,1.0,0.0,0.0,0.0,576,128,64,192,512,128,1,0,1,1,8193,1,False,0,0,0,BF16,CUDA_EVENT,generic,generic,method=fp8|act=dynamic|serialized=True|block=128x128,False,False,,,,,,,,,,
0.007240999955683947,0.009159999899566174,0.007920200005173683,0.007679999805986881,0.0006536422096006511,5,0.04340000078082085,0.13888099789619446,0.06436819955706596,0.04571999981999397,0.03732428161053192,5,0.005160000175237656,0.006920000072568655,0.005735999997705221,0.00547999981790781,0.0006230762699866095,5,0.005280000157654285,0.01095999963581562,0.006736199930310249,0.005679999943822622,0.0021568405406510753,5,1.7600840330123901,1.8490049839019775,1.7951643943786622,1.7957240343093872,0.03348050612462712,5,36.348731994628906,36.76865768432617,36.66811065673828,36.74453353881836,0.1608434698356795,5,0.7088009715080261,1.0457619428634644,0.7935537815093994,0.7208420038223267,0.12810076125691222,5,0.006920000072568655,0.010840999893844128,0.00804020008072257,0.007360000163316727,0.0014481436388559979,5,7168,128,1,16,8,9216,48,0,8192,False,TORCH_SDPA_MLA,False,even,"[1, 1, 1, 1, 1, 1, 1, 1, 1, 1, 1, 1, 1, 1, 1, 1, 1, 1, 1, 1, 1, 1, 1, 1, 1, 1, 1, 1, 1, 1, 1, 1, 1, 1, 1, 1, 1, 1, 1, 1, 1, 1, 1, 1, 1, 1, 1, 1]",48,1,1.0,1.0,6.0,0.0,0.0,0.0,576,128,64,192,512,128,48,0,48,1,8193,48,False,0,0,0,BF16,CUDA_EVENT,generic,generic,method=fp8|act=dynamic|serialized=True|block=128x128,False,False,,,,,,,,,,
0.004240000154823065,0.004519999958574772,0.004399999976158142,0.00443999981507659,9.46571708300574e-05,5,0.020840000361204147,0.14103999733924866,0.04587999917566776,0.020919999107718468,0.04761611064780313,5,0.004399999976158142,0.005799999926239252,0.004879999905824661,0.004559999797493219,0.0005227618931243429,5,0.004399999976158142,0.005840000230818987,0.004743999987840653,0.004519999958574772,0.0005499673939260301,5,0.05692100152373314,0.21536099910736084,0.089096400141716,0.05787999927997589,0.06313369332787401,5,3.5435290336608887,3.750288963317871,3.6065289974212646,3.5799689292907715,0.07659811733456606,5,0.03187999874353409,0.03248000144958496,0.032280200719833375,0.03232000023126602,0.0002133180012045911,5,0.004360000137239695,0.005080000031739473,0.004552000015974045,0.00443999981507659,0.0002670131128829319,5,7168,128,1,16,8,9216,4,0,9216,False,TORCH_SDPA_MLA,False,even,"[1, 1, 1, 1]",4,1,1.0,1.0,2.0,0.0,0.0,0.0,576,128,64,192,512,128,4,0,4,1,9217,4,False,0,0,0,BF16,CUDA_EVENT,generic,generic,method=fp8|act=dynamic|serialized=True|block=128x128,False,False,,,,,,,,,,
0.004399999976158142,0.008559999987483025,0.00591200003400445,0.005840000230818987,0.0015158680367248964,5,0.04619999974966049,0.05451999977231026,0.050856000185012816,0.052480001002550125,0.0036308551514694165,5,0.005760000087320805,0.006680000107735395,0.006432000081986189,0.006599999964237213,0.00034724054480561676,5,0.004679999779909849,0.006120000034570694,0.005735999997705221,0.006000000052154064,0.0005393923700026731,5,5.873334884643555,7.402978897094727,6.440024280548096,6.044614791870117,0.6201569658936273,5,123.9344711303711,124.53375244140625,124.22206420898438,124.10159301757812,0.2556129082279698,5,4.060210227966309,5.279654026031494,4.341243171691895,4.132530212402344,0.4700446113651226,5,0.007639999967068434,0.009080000221729279,0.008192000072449445,0.008080000057816505,0.00047557972860394086,5,7168,128,1,16,8,9216,160,0,8192,False,TORCH_SDPA_MLA,False,even,"[1, 1, 1, 1, 1, 1, 1, 1, 1, 1, 1, 1, 1, 1, 1, 1, 1, 1, 1, 1, 1, 1, 1, 1, 1, 1, 1, 1, 1, 1, 1, 1, 1, 1, 1, 1, 1, 1, 1, 1, 1, 1, 1, 1, 1, 1, 1, 1, 1, 1, 1, 1, 1, 1, 1, 1, 1, 1, 1, 1, 1, 1, 1, 1, 1, 1, 1, 1, 1, 1, 1, 1, 1, 1, 1, 1, 1, 1, 1, 1, 1, 1, 1, 1, 1, 1, 1, 1, 1, 1, 1, 1, 1, 1, 1, 1, 1, 1, 1, 1, 1, 1, 1, 1, 1, 1, 1, 1, 1, 1, 1, 1, 1, 1, 1, 1, 1, 1, 1, 1, 1, 1, 1, 1, 1, 1, 1, 1, 1, 1, 1, 1, 1, 1, 1, 1, 1, 1, 1, 1, 1, 1, 1, 1, 1, 1, 1, 1, 1, 1, 1, 1, 1, 1, 1, 1, 1, 1, 1, 1]",160,1,1.0,1.0,12.0,0.0,0.0,0.0,576,128,64,192,512,128,160,0,160,1,8193,160,False,0,0,0,BF16,CUDA_EVENT,generic,generic,method=fp8|act=dynamic|serialized=True|block=128x128,False,False,,,,,,,,,,
0.004399999976158142,0.008999999612569809,0.0068639999255537985,0.006800000090152025,0.0014761245650325586,5,0.04336100071668625,0.06964000314474106,0.050808200240135194,0.04495999962091446,0.009860264767115396,5,0.004559999797493219,0.00559999980032444,0.005151999928057194,0.005080000031739473,0.00036782601692756387,5,0.004519999958574772,0.005439999978989363,0.004999999981373548,0.005080000031739473,0.00039597987742306685,5,3.3950090408325195,3.472809076309204,3.4213608264923097,3.4056479930877686,0.029253436516263432,5,68.39401245117188,68.65245819091797,68.50357666015626,68.44757843017578,0.10266641376443199,5,1.6180039644241333,1.6817229986190796,1.637004017829895,1.6278040409088135,0.022871357351488823,5,0.006560000125318766,0.007439999841153622,0.00712000010535121,0.007240000180900097,0.0002982615780865639,5,7168,128,1,16,8,9216,96,0,8192,False,TORCH_SDPA_MLA,False,even,"[1, 1, 1, 1, 1, 1, 1, 1, 1, 1, 1, 1, 1, 1, 1, 1, 1, 1, 1, 1, 1, 1, 1, 1, 1, 1, 1, 1, 1, 1, 1, 1, 1, 1, 1, 1, 1, 1, 1, 1, 1, 1, 1, 1, 1, 1, 1, 1, 1, 1, 1, 1, 1, 1, 1, 1, 1, 1, 1, 1, 1, 1, 1, 1, 1, 1, 1, 1, 1, 1, 1, 1, 1, 1, 1, 1, 1, 1, 1, 1, 1, 1, 1, 1, 1, 1, 1, 1, 1, 1, 1, 1, 1, 1, 1, 1]",96,1,1.0,1.0,9.0,0.0,0.0,0.0,576,128,64,192,512,128,96,0,96,1,8193,96,False,0,0,0,BF16,CUDA_EVENT,generic,generic,method=fp8|act=dynamic|serialized=True|block=128x128,False,False,,,,,,,,,,
0.00443999981507659,0.00547999981790781,0.004871999938040971,0.004639999940991402,0.0003979145434609025,5,0.020759999752044678,0.052319999784231186,0.027127999812364578,0.020840000361204147,0.012596111130869635,5,0.004559999797493219,0.005280000157654285,0.004736000020056963,0.004600000102072954,0.000273174009968848,5,0.004559999797493219,0.006519999820739031,0.0050559998489916325,0.004639999940991402,0.0007498693137486665,5,0.5011609792709351,0.5987619757652283,0.5262011766433716,0.5065609812736511,0.03674784366255669,5,13.163153648376465,13.430753707885742,13.228217887878419,13.178234100341797,0.10214549363951948,5,0.1573610007762909,0.15928100049495697,0.15804880261421203,0.15804000198841095,0.0006879086251949566,5,0.004559999797493219,0.004679999779909849,0.004600199870765209,0.004600000102072954,4.381962391193354e-05,5,7168,128,1,16,8,9216,16,0,9216,False,TORCH_SDPA_MLA,False,even,"[1, 1, 1, 1, 1, 1, 1, 1, 1, 1, 1, 1, 1, 1, 1, 1]",16,1,1.0,1.0,4.0,0.0,0.0,0.0,576,128,64,192,512,128,16,0,16,1,9217,16,False,0,0,0,BF16,CUDA_EVENT,generic,generic,method=fp8|act=dynamic|serialized=True|block=128x128,False,False,,,,,,,,,,
0.004279999993741512,0.00675999978557229,0.004999999981373548,0.004279999993741512,0.0009811013591171838,5,0.04828000068664551,0.058240000158548355,0.05254399999976158,0.0517599992454052,0.003720524429109894,5,0.005239999853074551,0.006639999803155661,0.00622399989515543,0.006519999820739031,0.00051882947481036,5,0.004360000137239695,0.006719999946653843,0.005760000087320805,0.005840000230818987,0.0007858752720278626,5,13.906756401062012,15.0673189163208,14.223973083496094,14.019597053527832,0.43501409083354653,5,199.27511596679688,200.24208068847656,199.8614288330078,199.88111877441406,0.3243206425062482,5,8.356341361999512,8.631261825561523,8.491485786437988,8.509262084960938,0.10624661217418181,5,0.007400000002235174,0.00860000029206276,0.007944000046700239,0.00791999977082014,0.00046551482759356257,5,7168,128,1,16,8,9216,384,0,5120,False,TORCH_SDPA_MLA,False,even,"[1, 1, 1, 1, 1, 1, 1, 1, 1, 1, 1, 1, 1, 1, 1, 1, 1, 1, 1, 1, 1, 1, 1, 1, 1, 1, 1, 1, 1, 1, 1, 1, 1, 1, 1, 1, 1, 1, 1, 1, 1, 1, 1, 1, 1, 1, 1, 1, 1, 1, 1, 1, 1, 1, 1, 1, 1, 1, 1, 1, 1, 1, 1, 1, 1, 1, 1, 1, 1, 1, 1, 1, 1, 1, 1, 1, 1, 1, 1, 1, 1, 1, 1, 1, 1, 1, 1, 1, 1, 1, 1, 1, 1, 1, 1, 1, 1, 1, 1, 1, 1, 1, 1, 1, 1, 1, 1, 1, 1, 1, 1, 1, 1, 1, 1, 1, 1, 1, 1, 1, 1, 1, 1, 1, 1, 1, 1, 1, 1, 1, 1, 1, 1, 1, 1, 1, 1, 1, 1, 1, 1, 1, 1, 1, 1, 1, 1, 1, 1, 1, 1, 1, 1, 1, 1, 1, 1, 1, 1, 1, 1, 1, 1, 1, 1, 1, 1, 1, 1, 1, 1, 1, 1, 1, 1, 1, 1, 1, 1, 1, 1, 1, 1, 1, 1, 1, 1, 1, 1, 1, 1, 1, 1, 1, 1, 1, 1, 1, 1, 1, 1, 1, 1, 1, 1, 1, 1, 1, 1, 1, 1, 1, 1, 1, 1, 1, 1, 1, 1, 1, 1, 1, 1, 1, 1, 1, 1, 1, 1, 1, 1, 1, 1, 1, 1, 1, 1, 1, 1, 1, 1, 1, 1, 1, 1, 1, 1, 1, 1, 1, 1, 1, 1, 1, 1, 1, 1, 1, 1, 1, 1, 1, 1, 1, 1, 1, 1, 1, 1, 1, 1, 1, 1, 1, 1, 1, 1, 1, 1, 1, 1, 1, 1, 1, 1, 1, 1, 1, 1, 1, 1, 1, 1, 1, 1, 1, 1, 1, 1, 1, 1, 1, 1, 1, 1, 1, 1, 1, 1, 1, 1, 1, 1, 1, 1, 1, 1, 1, 1, 1, 1, 1, 1, 1, 1, 1, 1, 1, 1, 1, 1, 1, 1, 1, 1, 1, 1, 1, 1, 1, 1, 1, 1, 1, 1, 1, 1, 1, 1, 1, 1, 1, 1, 1, 1, 1, 1, 1, 1, 1, 1, 1, 1, 1, 1, 1, 1, 1, 1, 1, 1, 1, 1, 1, 1, 1, 1, 1, 1, 1, 1, 1, 1, 1]",384,1,1.0,1.0,19.0,0.0,0.0,0.0,576,128,64,192,512,128,384,0,384,1,5121,384,False,0,0,0,BF16,CUDA_EVENT,generic,generic,method=fp8|act=dynamic|serialized=True|block=128x128,False,False,,,,,,,,,,
0.004920000210404396,0.009239999577403069,0.0066639999859035015,0.006440000142902136,0.0015234905382522498,5,0.04487999901175499,0.16711999475955963,0.07050399854779243,0.0459199994802475,0.04833216612897551,5,0.005200000014156103,0.019360000267624855,0.008296000119298697,0.0055599999614059925,0.005540576219626137,5,0.004360000137239695,0.010280000045895576,0.006352000031620264,0.005760000087320805,0.002044997789018342,5,1.739243984222412,1.9666049480438232,1.7981005907058716,1.7555650472640991,0.08523327882970405,5,40.97398376464844,41.595062255859375,41.44237594604492,41.575504302978516,0.23739732816598655,5,1.0023620128631592,1.4226429462432861,1.120978593826294,1.0374820232391357,0.1560369491763558,5,0.007199999876320362,0.009359999559819698,0.007879999838769436,0.007639999967068434,0.0007639894021498298,5,7168,128,1,16,8,9216,48,0,9216,False,TORCH_SDPA_MLA,False,even,"[1, 1, 1, 1, 1, 1, 1, 1, 1, 1, 1, 1, 1, 1, 1, 1, 1, 1, 1, 1, 1, 1, 1, 1, 1, 1, 1, 1, 1, 1, 1, 1, 1, 1, 1, 1, 1, 1, 1, 1, 1, 1, 1, 1, 1, 1, 1, 1]",48,1,1.0,1.0,6.0,0.0,0.0,0.0,576,128,64,192,512,128,48,0,48,1,9217,48,False,0,0,0,BF16,CUDA_EVENT,generic,generic,method=fp8|act=dynamic|serialized=True|block=128x128,False,False,,,,,,,,,,
0.005760000087320805,0.007639999967068434,0.0067680000327527525,0.007000000216066837,0.0006775957116136234,5,0.042399998754262924,0.06820099800825119,0.0486641988158226,0.044199999421834946,0.009794783860439013,5,0.005200000014156103,0.005799999926239252,0.00551999993622303,0.005640000104904175,0.0002504396015752388,5,0.00443999981507659,0.005760000087320805,0.005183999985456466,0.004999999888241291,0.0005101216512526797,5,2.3272459506988525,2.4218060970306396,2.3522379875183104,2.33992600440979,0.0353032948367409,5,38.47365951538086,39.7553825378418,38.877052307128906,38.715179443359375,0.44988585883319004,5,1.1350430250167847,1.9346849918365479,1.303339409828186,1.1508829593658447,0.3157496504332807,5,0.005799999926239252,0.008440000005066395,0.006919999979436398,0.0069599999114871025,0.0009523025264038768,5,7168,128,1,16,8,9216,64,0,6144,False,TORCH_SDPA_MLA,False,even,"[1, 1, 1, 1, 1, 1, 1, 1, 1, 1, 1, 1, 1, 1, 1, 1, 1, 1, 1, 1, 1, 1, 1, 1, 1, 1, 1, 1, 1, 1, 1, 1, 1, 1, 1, 1, 1, 1, 1, 1, 1, 1, 1, 1, 1, 1, 1, 1, 1, 1, 1, 1, 1, 1, 1, 1, 1, 1, 1, 1, 1, 1, 1, 1]",64,1,1.0,1.0,8.0,0.0,0.0,0.0,576,128,64,192,512,128,64,0,64,1,6145,64,False,0,0,0,BF16,CUDA_EVENT,generic,generic,method=fp8|act=dynamic|serialized=True|block=128x128,False,False,,,,,,,,,,
0.00431999983265996,0.004399999976158142,0.004375999979674816,0.004399999976158142,3.200003411633561e-05,5,0.01759999990463257,0.05056000128388405,0.02497600018978119,0.018880000337958336,0.012807638266009612,5,0.004399999976158142,0.004559999797493219,0.004464199952781201,0.004480000119656324,5.992122755197211e-05,5,0.004360000137239695,0.004720000084489584,0.004487999994307756,0.00443999981507659,0.0001274990379316387,5,0.027720000594854355,0.11080099642276764,0.060832199081778525,0.029559999704360962,0.03941390160049469,5,1.713644027709961,1.8715250492095947,1.7720525979995727,1.7246439456939697,0.06570312481940122,5,0.01640000008046627,0.02167999930679798,0.01762399971485138,0.016519999131560326,0.002042837024537711,5,0.004399999976158142,0.004999999888241291,0.0045519999228417875,0.00443999981507659,0.00022824546367195326,5,7168,128,1,16,8,9216,2,0,8192,False,TORCH_SDPA_MLA,False,even,"[1, 1]",2,1,1.0,1.0,1.0,0.0,0.0,0.0,576,128,64,192,512,128,2,0,2,1,8193,2,False,0,0,0,BF16,CUDA_EVENT,generic,generic,method=fp8|act=dynamic|serialized=True|block=128x128,False,False,,,,,,,,,,
0.004360000137239695,0.008799999952316284,0.0057519999332726005,0.0055599999614059925,0.0016130269612133167,5,0.04639999940991402,0.08224000036716461,0.05718399956822395,0.054680000990629196,0.013115721689014889,5,0.004399999976158142,0.006560000125318766,0.005304000061005354,0.005319999996572733,0.0008366027310905972,5,0.004360000137239695,0.007921000011265278,0.00614419998601079,0.006279999855905771,0.0011622626270040984,5,5.848175048828125,6.661377906799316,6.18911190032959,5.888694763183594,0.38525867272161307,5,134.2448272705078,135.159423828125,134.66605224609376,134.59458923339844,0.3053416552991524,5,2.909048080444336,3.6523690223693848,3.0600481986999513,2.913327932357788,0.2961722243923558,5,0.005840000230818987,0.008799999952316284,0.007584000006318092,0.0077599999494850636,0.000993289351947588,5,7168,128,1,16,8,9216,160,0,9216,False,TORCH_SDPA_MLA,False,even,"[1, 1, 1, 1, 1, 1, 1, 1, 1, 1, 1, 1, 1, 1, 1, 1, 1, 1, 1, 1, 1, 1, 1, 1, 1, 1, 1, 1, 1, 1, 1, 1, 1, 1, 1, 1, 1, 1, 1, 1, 1, 1, 1, 1, 1, 1, 1, 1, 1, 1, 1, 1, 1, 1, 1, 1, 1, 1, 1, 1, 1, 1, 1, 1, 1, 1, 1, 1, 1, 1, 1, 1, 1, 1, 1, 1, 1, 1, 1, 1, 1, 1, 1, 1, 1, 1, 1, 1, 1, 1, 1, 1, 1, 1, 1, 1, 1, 1, 1, 1, 1, 1, 1, 1, 1, 1, 1, 1, 1, 1, 1, 1, 1, 1, 1, 1, 1, 1, 1, 1, 1, 1, 1, 1, 1, 1, 1, 1, 1, 1, 1, 1, 1, 1, 1, 1, 1, 1, 1, 1, 1, 1, 1, 1, 1, 1, 1, 1, 1, 1, 1, 1, 1, 1, 1, 1, 1, 1, 1, 1]",160,1,1.0,1.0,12.0,0.0,0.0,0.0,576,128,64,192,512,128,160,0,160,1,9217,160,False,0,0,0,BF16,CUDA_EVENT,generic,generic,method=fp8|act=dynamic|serialized=True|block=128x128,False,False,,,,,,,,,,
0.004399999976158142,0.007199999876320362,0.005607999954372644,0.005400000140070915,0.0011002253740671326,5,0.049559999257326126,0.11020000278949738,0.06622420027852058,0.053321000188589096,0.022712556843958735,5,0.0055599999614059925,0.0075599998235702515,0.006223999988287687,0.006000000052154064,0.0006912480821900328,5,0.005119999870657921,0.00675999978557229,0.005815999954938889,0.005760000087320805,0.0005340261908865585,5,11.774109840393066,12.23951244354248,11.914398574829102,11.850590705871582,0.16885412864568927,5,195.1011505126953,196.03414916992188,195.47402954101562,195.48594665527344,0.3196462583100476,5,7.399178981781006,7.567698001861572,7.479403018951416,7.468698978424072,0.06044489602074252,5,0.00791999977082014,0.01056000031530857,0.008927999995648861,0.00848000030964613,0.0009710695803906906,5,7168,128,1,16,8,9216,320,0,6144,False,TORCH_SDPA_MLA,False,even,"[1, 1, 1, 1, 1, 1, 1, 1, 1, 1, 1, 1, 1, 1, 1, 1, 1, 1, 1, 1, 1, 1, 1, 1, 1, 1, 1, 1, 1, 1, 1, 1, 1, 1, 1, 1, 1, 1, 1, 1, 1, 1, 1, 1, 1, 1, 1, 1, 1, 1, 1, 1, 1, 1, 1, 1, 1, 1, 1, 1, 1, 1, 1, 1, 1, 1, 1, 1, 1, 1, 1, 1, 1, 1, 1, 1, 1, 1, 1, 1, 1, 1, 1, 1, 1, 1, 1, 1, 1, 1, 1, 1, 1, 1, 1, 1, 1, 1, 1, 1, 1, 1, 1, 1, 1, 1, 1, 1, 1, 1, 1, 1, 1, 1, 1, 1, 1, 1, 1, 1, 1, 1, 1, 1, 1, 1, 1, 1, 1, 1, 1, 1, 1, 1, 1, 1, 1, 1, 1, 1, 1, 1, 1, 1, 1, 1, 1, 1, 1, 1, 1, 1, 1, 1, 1, 1, 1, 1, 1, 1, 1, 1, 1, 1, 1, 1, 1, 1, 1, 1, 1, 1, 1, 1, 1, 1, 1, 1, 1, 1, 1, 1, 1, 1, 1, 1, 1, 1, 1, 1, 1, 1, 1, 1, 1, 1, 1, 1, 1, 1, 1, 1, 1, 1, 1, 1, 1, 1, 1, 1, 1, 1, 1, 1, 1, 1, 1, 1, 1, 1, 1, 1, 1, 1, 1, 1, 1, 1, 1, 1, 1, 1, 1, 1, 1, 1, 1, 1, 1, 1, 1, 1, 1, 1, 1, 1, 1, 1, 1, 1, 1, 1, 1, 1, 1, 1, 1, 1, 1, 1, 1, 1, 1, 1, 1, 1, 1, 1, 1, 1, 1, 1, 1, 1, 1, 1, 1, 1, 1, 1, 1, 1, 1, 1, 1, 1, 1, 1, 1, 1, 1, 1, 1, 1, 1, 1, 1, 1, 1, 1, 1, 1, 1, 1, 1, 1, 1, 1, 1, 1, 1, 1, 1, 1, 1, 1, 1, 1, 1, 1]",320,1,1.0,1.0,17.0,0.0,0.0,0.0,576,128,64,192,512,128,320,0,320,1,6145,320,False,0,0,0,BF16,CUDA_EVENT,generic,generic,method=fp8|act=dynamic|serialized=True|block=128x128,False,False,,,,,,,,,,
0.004240000154823065,0.004360000137239695,0.004296000022441149,0.004279999993741512,4.079213795521706e-05,5,0.04504000023007393,0.13436000049114227,0.06655199974775314,0.050680000334978104,0.033997735801180096,5,0.004360000137239695,0.007040000054985285,0.00556000005453825,0.005439999978989363,0.0008612548817688645,5,0.004920000210404396,0.006800000090152025,0.005736000090837479,0.005439999978989363,0.0006551213312546773,5,5.194454193115234,5.579615116119385,5.466854476928711,5.499693870544434,0.14047551352163795,5,96.69752502441406,97.82093048095703,97.14379577636718,97.08281707763672,0.373051095097324,5,2.305246114730835,2.343126058578491,2.333470010757446,2.3406460285186768,0.014249201033568255,5,0.00559999980032444,0.00863999966531992,0.007447999902069569,0.007600000128149986,0.0010120553402687344,5,7168,128,1,16,8,9216,128,0,8192,False,TORCH_SDPA_MLA,False,even,"[1, 1, 1, 1, 1, 1, 1, 1, 1, 1, 1, 1, 1, 1, 1, 1, 1, 1, 1, 1, 1, 1, 1, 1, 1, 1, 1, 1, 1, 1, 1, 1, 1, 1, 1, 1, 1, 1, 1, 1, 1, 1, 1, 1, 1, 1, 1, 1, 1, 1, 1, 1, 1, 1, 1, 1, 1, 1, 1, 1, 1, 1, 1, 1, 1, 1, 1, 1, 1, 1, 1, 1, 1, 1, 1, 1, 1, 1, 1, 1, 1, 1, 1, 1, 1, 1, 1, 1, 1, 1, 1, 1, 1, 1, 1, 1, 1, 1, 1, 1, 1, 1, 1, 1, 1, 1, 1, 1, 1, 1, 1, 1, 1, 1, 1, 1, 1, 1, 1, 1, 1, 1, 1, 1, 1, 1, 1, 1]",128,1,1.0,1.0,11.0,0.0,0.0,0.0,576,128,64,192,512,128,128,0,128,1,8193,128,False,0,0,0,BF16,CUDA_EVENT,generic,generic,method=fp8|act=dynamic|serialized=True|block=128x128,False,False,,,,,,,,,,
0.0049600000493228436,0.01119999960064888,0.007239999901503325,0.006719999946653843,0.002116903238230936,5,0.04667999967932701,0.14576099812984467,0.06684819981455803,0.047200001776218414,0.03945854830487685,5,0.00443999981507659,0.014720000326633453,0.006832000054419041,0.005239999853074551,0.003960234474200525,5,0.00443999981507659,0.014600000344216824,0.006704000011086464,0.004639999940991402,0.0039619471583240825,5,2.3495659828186035,3.7388501167297363,2.9735196113586424,2.678926944732666,0.633025292833095,5,49.26376724243164,49.5286865234375,49.39630279541016,49.3494873046875,0.09967729712296276,5,0.990041971206665,1.0147629976272583,1.0050825953483582,1.0119229555130005,0.010203668541311798,5,0.007199999876320362,0.00839999970048666,0.007583999913185835,0.007439999841153622,0.00043051588681004144,5,7168,128,1,16,8,9216,64,0,8192,False,TORCH_SDPA_MLA,False,even,"[1, 1, 1, 1, 1, 1, 1, 1, 1, 1, 1, 1, 1, 1, 1, 1, 1, 1, 1, 1, 1, 1, 1, 1, 1, 1, 1, 1, 1, 1, 1, 1, 1, 1, 1, 1, 1, 1, 1, 1, 1, 1, 1, 1, 1, 1, 1, 1, 1, 1, 1, 1, 1, 1, 1, 1, 1, 1, 1, 1, 1, 1, 1, 1]",64,1,1.0,1.0,8.0,0.0,0.0,0.0,576,128,64,192,512,128,64,0,64,1,8193,64,False,0,0,0,BF16,CUDA_EVENT,generic,generic,method=fp8|act=dynamic|serialized=True|block=128x128,False,False,,,,,,,,,,
0.00443999981507659,0.004600000102072954,0.004503999929875135,0.004480000119656324,6.499236649676148e-05,5,0.02184000052511692,0.10903999954462051,0.03954400010406971,0.02232000045478344,0.03474870306191424,5,0.004559999797493219,0.006440000142902136,0.0049600000493228436,0.004600000102072954,0.000740162193646534,5,0.004519999958574772,0.007160000037401915,0.005063999909907579,0.004559999797493219,0.001048152723145233,5,0.130281001329422,0.8778020143508911,0.2916012018918991,0.1443209946155548,0.2933853460656775,5,6.6710968017578125,6.921937942504883,6.75488920211792,6.7421369552612305,0.08888076622832237,5,0.06168000027537346,0.0684799998998642,0.06446399986743927,0.06267999857664108,0.0029676222513010365,5,0.00443999981507659,0.004600000102072954,0.004519999958574772,0.004519999958574772,5.656857810916412e-05,5,7168,128,1,16,8,9216,8,0,9216,False,TORCH_SDPA_MLA,False,even,"[1, 1, 1, 1, 1, 1, 1, 1]",8,1,1.0,1.0,2.0,0.0,0.0,0.0,576,128,64,192,512,128,8,0,8,1,9217,8,False,0,0,0,BF16,CUDA_EVENT,generic,generic,method=fp8|act=dynamic|serialized=True|block=128x128,False,False,,,,,,,,,,
0.005840000230818987,0.010600999929010868,0.007568200025707484,0.007040000054985285,0.0016090334867336939,5,0.04280000180006027,0.08336000144481659,0.05399200096726418,0.044280000030994415,0.015497290901555107,5,0.005160000175237656,0.007360000163316727,0.005848000105470419,0.005640000104904175,0.0008029545684806251,5,0.005400000140070915,0.007639999967068434,0.0064559999853372576,0.006680000107735395,0.0008842081087040113,5,1.1661629676818848,1.3876429796218872,1.2346509933471679,1.1803230047225952,0.08558587852550603,5,26.140668869018555,27.727392196655273,26.85481414794922,26.46234893798828,0.6790630495344674,5,0.3723610043525696,0.6655610203742981,0.4331130087375641,0.37344101071357727,0.11626531724559568,5,0.00571999978274107,0.009840000420808792,0.007024000026285648,0.005840000230818987,0.0016329802301254834,5,7168,128,1,16,8,9216,32,0,9216,False,TORCH_SDPA_MLA,False,even,"[1, 1, 1, 1, 1, 1, 1, 1, 1, 1, 1, 1, 1, 1, 1, 1, 1, 1, 1, 1, 1, 1, 1, 1, 1, 1, 1, 1, 1, 1, 1, 1]",32,1,1.0,1.0,5.0,0.0,0.0,0.0,576,128,64,192,512,128,32,0,32,1,9217,32,False,0,0,0,BF16,CUDA_EVENT,generic,generic,method=fp8|act=dynamic|serialized=True|block=128x128,False,False,,,,,,,,,,
0.004399999976158142,0.005239999853074551,0.004599999915808439,0.00443999981507659,0.00032298603586299583,5,0.044440001249313354,0.05347999930381775,0.05039200037717819,0.05260000005364418,0.0035426901521366885,5,0.004399999976158142,0.0055599999614059925,0.005031999945640564,0.005319999996572733,0.0005217815355852022,5,0.004519999958574772,0.005840000230818987,0.005135999992489815,0.005119999870657921,0.0004282803596351162,5,6.796017169952393,6.8982977867126465,6.842465782165528,6.825898170471191,0.03712088059447798,5,150.07899475097656,151.27706909179688,150.61563110351562,150.34579467773438,0.4812032792438597,5,3.3268489837646484,3.4108080863952637,3.361120414733887,3.3592491149902344,0.03229901000009276,5,0.007000000216066837,0.0083600003272295,0.007608000095933676,0.0075599998235702515,0.00043480576054238007,5,7168,128,1,16,8,9216,192,0,9216,False,TORCH_SDPA_MLA,False,even,"[1, 1, 1, 1, 1, 1, 1, 1, 1, 1, 1, 1, 1, 1, 1, 1, 1, 1, 1, 1, 1, 1, 1, 1, 1, 1, 1, 1, 1, 1, 1, 1, 1, 1, 1, 1, 1, 1, 1, 1, 1, 1, 1, 1, 1, 1, 1, 1, 1, 1, 1, 1, 1, 1, 1, 1, 1, 1, 1, 1, 1, 1, 1, 1, 1, 1, 1, 1, 1, 1, 1, 1, 1, 1, 1, 1, 1, 1, 1, 1, 1, 1, 1, 1, 1, 1, 1, 1, 1, 1, 1, 1, 1, 1, 1, 1, 1, 1, 1, 1, 1, 1, 1, 1, 1, 1, 1, 1, 1, 1, 1, 1, 1, 1, 1, 1, 1, 1, 1, 1, 1, 1, 1, 1, 1, 1, 1, 1, 1, 1, 1, 1, 1, 1, 1, 1, 1, 1, 1, 1, 1, 1, 1, 1, 1, 1, 1, 1, 1, 1, 1, 1, 1, 1, 1, 1, 1, 1, 1, 1, 1, 1, 1, 1, 1, 1, 1, 1, 1, 1, 1, 1, 1, 1, 1, 1, 1, 1, 1, 1, 1, 1, 1, 1, 1, 1, 1, 1, 1, 1, 1, 1]",192,1,1.0,1.0,13.0,0.0,0.0,0.0,576,128,64,192,512,128,192,0,192,1,9217,192,False,0,0,0,BF16,CUDA_EVENT,generic,generic,method=fp8|act=dynamic|serialized=True|block=128x128,False,False,,,,,,,,,,
0.004480000119656324,0.010200000368058681,0.0056802000850439075,0.004559999797493219,0.002260516930037479,5,0.038040000945329666,0.09956000000238419,0.050872001051902774,0.03888000175356865,0.024346556031354563,5,0.1260800063610077,0.8950430154800415,0.28035280406475066,0.126800999045372,0.30734527445346427,5,13.965195655822754,14.563716888427734,14.30908432006836,14.420636177062988,0.2286541390854478,5,0.01979999989271164,0.02287999913096428,0.02057599984109402,0.019999999552965164,0.0011627825010782722,5,0.24500000476837158,0.24808000028133392,0.24679239988327026,0.24651999771595,0.0011598305734173496,5,0.010359999723732471,0.011119999922811985,0.010655999928712846,0.010639999993145466,0.0002587354671728644,5,0.004519999958574772,0.007000000216066837,0.005040000006556511,0.004559999797493219,0.0009804489826328432,5,7168,128,1,16,8,9216,2,0,0,True,TORCH_SDPA_MLA,False,true_mixed,,8193,8192,,,,,,,576,128,64,192,512,128,8193,8192,1,8192,8192,8193,False,0,0,8192,BF16,CUDA_EVENT,generic,generic,method=fp8|act=dynamic|serialized=True|block=128x128,False,True,[8192],[0],[4096],1.0,1.0,1.0,2.0,1.0,4096.0,0.5
0.004360000137239695,0.010041000321507454,0.005920200049877167,0.005119999870657921,0.0021130567298182647,5,0.03779999911785126,0.07636000216007233,0.04604799970984459,0.0384799987077713,0.015165802742070075,5,0.12680000066757202,0.8930820226669312,0.2813128024339676,0.1281999945640564,0.30588932032379457,5,14.074875831604004,14.129876136779785,14.103964233398438,14.103796005249023,0.020251749284171193,5,0.016359999775886536,0.017000000923871994,0.016655999794602395,0.016599999740719795,0.00021406574581252105,5,0.1483200043439865,0.15372000634670258,0.15092040300369264,0.15080100297927856,0.0018916421028948617,5,0.019440000876784325,0.019680000841617584,0.01955200023949146,0.01955999992787838,8.541678795487047e-05,5,0.004399999976158142,0.005040000192821026,0.004544000048190356,0.004399999976158142,0.00024992806827639627,5,7168,128,1,16,8,9216,2,0,0,True,TORCH_SDPA_MLA,False,true_mixed,,8193,8192,,,,,,,576,128,64,192,512,128,8193,8192,1,8192,8192,8193,False,0,0,8192,BF16,CUDA_EVENT,generic,generic,method=fp8|act=dynamic|serialized=True|block=128x128,False,True,[8192],[0],[2048],1.0,1.0,1.0,2.0,1.0,2048.0,0.5
0.004399999976158142,0.01107999961823225,0.0064640000462532045,0.004480000119656324,0.002662521990528732,5,0.03819999843835831,0.09988000243902206,0.05096819996833801,0.03892099857330322,0.024457701809474732,5,0.12479999661445618,0.8228020071983337,0.2649044007062912,0.12540000677108765,0.27894931760251523,5,14.067754745483398,14.654755592346191,14.202818679809571,14.105995178222656,0.22650497026311703,5,0.01408000010997057,0.020719999447464943,0.016263999976217747,0.014440000057220459,0.002575776184132786,5,0.3001999855041504,0.3057200014591217,0.30301639437675476,0.3024809956550598,0.0018964954232378397,5,0.012319999746978283,0.012799999676644802,0.012608199752867222,0.012640999630093575,0.00015883623853468997,5,0.004399999976158142,0.00443999981507659,0.004423999879509211,0.00443999981507659,1.95958390287433e-05,5,7168,128,1,16,8,9216,2,0,0,True,TORCH_SDPA_MLA,False,true_mixed,,8193,8192,,,,,,,576,128,64,192,512,128,8193,8192,1,8192,8192,8193,False,0,0,8192,BF16,CUDA_EVENT,generic,generic,method=fp8|act=dynamic|serialized=True|block=128x128,False,True,[8192],[0],[5120],1.0,1.0,1.0,2.0,1.0,5120.0,0.5
0.00419999985024333,0.005520000122487545,0.004479999933391809,0.00419999985024333,0.0005209223567613036,5,0.03779999911785126,0.0722000002861023,0.045087999850511554,0.038359999656677246,0.01355971468408147,5,0.12460099905729294,0.7656019926071167,0.2532649993896484,0.1255200058221817,0.2561690665952644,5,14.048995018005371,14.140115737915039,14.081347274780274,14.081235885620117,0.033080289778408795,5,0.013439999893307686,0.013919999822974205,0.013607999868690967,0.01351999957114458,0.0001759999601002179,5,0.09272000193595886,0.09375999867916107,0.09316819906234741,0.09308099746704102,0.00036251972467052937,5,0.01056000031530857,0.01360000018030405,0.011271999962627888,0.01071999967098236,0.001166025826642957,5,0.00419999985024333,0.00431999983265996,0.0042639999650418755,0.004240000154823065,4.799993087868105e-05,5,7168,128,1,16,8,9216,2,0,0,True,TORCH_SDPA_MLA,False,true_mixed,,8193,8192,,,,,,,576,128,64,192,512,128,8193,8192,1,8192,8192,8193,False,0,0,8192,BF16,CUDA_EVENT,generic,generic,method=fp8|act=dynamic|serialized=True|block=128x128,False,True,[8192],[0],[1024],1.0,1.0,1.0,2.0,1.0,1024.0,0.5
0.004360000137239695,0.011760000139474869,0.00590400006622076,0.004480000119656324,0.002928327887024501,5,0.038120001554489136,0.097680002450943,0.05024000108242035,0.03840000182390213,0.023720816858303514,5,0.12588000297546387,0.8968420028686523,0.28184080123901367,0.12884099781513214,0.3075062794218171,5,14.0927152633667,14.210836410522461,14.13193130493164,14.114834785461426,0.04188327466144239,5,0.018200000748038292,0.019039999693632126,0.01870400011539459,0.01875999942421913,0.00028464681512823195,5,0.19420099258422852,0.1961199939250946,0.19512859880924224,0.19468100368976593,0.0007944250515275755,5,0.010440000332891941,0.012559999711811543,0.010944000072777271,0.010520000010728836,0.0008117534795275069,5,0.004399999976158142,0.00535999983549118,0.004615999944508076,0.00443999981507659,0.0003731808699161369,5,7168,128,1,16,8,9216,2,0,0,True,TORCH_SDPA_MLA,False,true_mixed,,8193,8192,,,,,,,576,128,64,192,512,128,8193,8192,1,8192,8192,8193,False,0,0,8192,BF16,CUDA_EVENT,generic,generic,method=fp8|act=dynamic|serialized=True|block=128x128,False,True,[8192],[0],[3072],1.0,1.0,1.0,2.0,1.0,3072.0,0.5
0.004360000137239695,0.009999999776482582,0.0055599999614059925,0.00443999981507659,0.002221494900257556,5,0.03799999877810478,0.06747999787330627,0.04438399970531463,0.03880000114440918,0.011552470007616543,5,0.12347999960184097,0.9694420099258423,0.2934564039111137,0.12464000284671783,0.33799336396985513,5,14.009551048278809,14.58523178100586,14.320775604248047,14.45299243927002,0.2361881393705195,5,0.01988000050187111,0.020640000700950623,0.020295999944210052,0.02043999917805195,0.0002868866363298887,5,0.4670009911060333,0.4705210030078888,0.4691690027713776,0.46908101439476013,0.0012680460817608343,5,0.01735999993979931,0.017920000478625298,0.01762400008738041,0.017559999600052834,0.0002199636824198297,5,0.004360000137239695,0.004480000119656324,0.004423999972641468,0.00443999981507659,4.079211969054e-05,5,7168,128,1,16,8,9216,2,0,0,True,TORCH_SDPA_MLA,False,true_mixed,,8193,8192,,,,,,,576,128,64,192,512,128,8193,8192,1,8192,8193,8193,False,0,0,8192,BF16,CUDA_EVENT,generic,generic,method=fp8|act=dynamic|serialized=True|block=128x128,False,True,[8192],[0],[8192],1.0,1.0,1.0,2.0,1.0,8192.0,0.5
0.00443999981507659,0.00571999978274107,0.0047599999234080315,0.004559999797493219,0.0004833217732620329,5,0.03799999877810478,0.11559999734163284,0.053783999383449556,0.03840000182390213,0.030909058881308724,5,0.125,0.862483024597168,0.2738648056983948,0.12780000269412994,0.29431107539077234,5,14.12531566619873,14.548956871032715,14.383524131774902,14.520075798034668,0.18325383292880532,5,0.0347599983215332,0.03516000136733055,0.03497599959373474,0.03500000014901161,0.000155126590831842,5,0.5055620074272156,0.5069609880447388,0.5063134074211121,0.5062010288238525,0.0004897711355929084,5,0.01735999993979931,0.017559999600052834,0.017432000115513803,0.017400000244379044,6.88184332657544e-05,5,0.004480000119656324,0.004639999940991402,0.004535999987274409,0.004519999958574772,5.4258599874208434e-05,5,7168,128,1,16,8,9216,3,0,0,True,TORCH_SDPA_MLA,False,true_mixed,,8194,8192,,,,,,,576,128,64,192,512,128,8194,8192,2,8192,8192,8194,False,0,0,8192,BF16,CUDA_EVENT,generic,generic,method=fp8|act=dynamic|serialized=True|block=128x128,False,True,[8192],[0],"[4096, 4096]",1.0,2.0,2.0,3.0,2.0,4096.0,0.3333333333333333
0.004360000137239695,0.00860000029206276,0.005232000071555376,0.004399999976158142,0.0016842613705262232,5,0.038120999932289124,0.09804099798202515,0.05050439909100533,0.038759998977184296,0.02376991751041676,5,0.1236800029873848,0.8320019841194153,0.26567239612340926,0.12439999729394913,0.28316493681044086,5,14.09239387512207,14.510435104370117,14.355642509460449,14.46883487701416,0.1714408097230752,5,0.012880000285804272,0.01372000016272068,0.01335199996829033,0.013279999606311321,0.00031435007088877074,5,0.07652000337839127,0.07804100215435028,0.07734440118074418,0.07744000107049942,0.0004951889908176294,5,0.0163199994713068,0.017960000783205032,0.016943999752402305,0.016599999740719795,0.0006000537330776877,5,0.004399999976158142,0.004480000119656324,0.004432000033557415,0.004399999976158142,3.9191906183995976e-05,5,7168,128,1,16,8,9216,2,0,0,True,TORCH_SDPA_MLA,False,true_mixed,,8193,8192,,,,,,,576,128,64,192,512,128,8193,8192,1,8192,8192,8193,False,0,0,8192,BF16,CUDA_EVENT,generic,generic,method=fp8|act=dynamic|serialized=True|block=128x128,False,True,[8192],[0],[512],1.0,1.0,1.0,2.0,1.0,512.0,0.5
0.004480000119656324,0.03187999874353409,0.010103999823331832,0.004600000102072954,0.010889836190858248,5,0.03824000060558319,0.12319999933242798,0.05565619990229607,0.039041001349687576,0.03377409360109903,5,0.1258399933576584,0.8652420043945312,0.2745606005191803,0.12676000595092773,0.2953420488203026,5,14.01491641998291,14.564876556396484,14.260500144958495,14.121075630187988,0.2352437244331831,5,0.01727999933063984,0.018120000138878822,0.01765599995851517,0.017640000209212303,0.00030209947116323387,5,0.35780099034309387,0.3632810115814209,0.3607850015163422,0.3616810142993927,0.0020258547891411753,5,0.010440000332891941,0.010759999975562096,0.010592000000178814,0.010599999688565731,0.0001085171722852993,5,0.00443999981507659,0.004720000084489584,0.004535999987274409,0.004519999958574772,9.666442556310595e-05,5,7168,128,1,16,8,9216,2,0,0,True,TORCH_SDPA_MLA,False,true_mixed,,8193,8192,,,,,,,576,128,64,192,512,128,8193,8192,1,8192,8192,8193,False,0,0,8192,BF16,CUDA_EVENT,generic,generic,method=fp8|act=dynamic|serialized=True|block=128x128,False,True,[8192],[0],[6144],1.0,1.0,1.0,2.0,1.0,6144.0,0.5
0.00431999983265996,0.006680000107735395,0.005143999960273505,0.004480000119656324,0.0009386288522556793,5,0.038279999047517776,0.11371999979019165,0.05432799905538559,0.03943999856710434,0.029708422337668773,5,0.12648099660873413,0.9179630279541016,0.2858410060405731,0.12744000554084778,0.3160634955493963,5,14.070474624633789,14.22215461730957,14.138147163391114,14.115955352783203,0.052170444885085966,5,0.028359999880194664,0.029160000383853912,0.02871199995279312,0.028720000758767128,0.00026460555677801915,5,0.28376099467277527,0.2863210141658783,0.28528079986572263,0.2856009900569916,0.0008616880875252455,5,0.03280000016093254,0.033319998532533646,0.03299200013279915,0.03296000137925148,0.00019497635816621676,5,0.004399999976158142,0.00443999981507659,0.004415999911725521,0.004399999976158142,1.9595839028743304e-05,5,7168,128,1,16,8,9216,3,0,0,True,TORCH_SDPA_MLA,False,true_mixed,,8194,8192,,,,,,,576,128,64,192,512,128,8194,8192,2,8192,8192,8194,False,0,0,8192,BF16,CUDA_EVENT,generic,generic,method=fp8|act=dynamic|serialized=True|block=128x128,False,True,[8192],[0],"[2048, 2048]",1.0,2.0,2.0,3.0,2.0,2048.0,0.3333333333333333
0.004399999976158142,0.006920000072568655,0.004919999931007624,0.00443999981507659,0.0010001600566827975,5,0.03791999816894531,0.13740099966526031,0.05836040005087852,0.03888000175356865,0.03952479063020941,5,0.12412100285291672,0.8758820295333862,0.27583280503749846,0.12624000012874603,0.3000287368059211,5,14.11915397644043,14.729475021362305,14.440682792663575,14.588754653930664,0.2526944209089154,5,0.024159999564290047,0.02476000040769577,0.024568000063300132,0.024639999493956566,0.00021525819780607818,5,0.6046010255813599,0.6173610091209412,0.608209204673767,0.6054409742355347,0.004819416051083271,5,0.0213600005954504,0.02247999981045723,0.02173600010573864,0.021719999611377716,0.000409174493536846,5,0.004360000137239695,0.004480000119656324,0.004432000033557415,0.00443999981507659,4.664761897177434e-05,5,7168,128,1,16,8,9216,3,0,0,True,TORCH_SDPA_MLA,False,true_mixed,,8194,8192,,,,,,,576,128,64,192,512,128,8194,8192,2,8192,8192,8194,False,0,0,8192,BF16,CUDA_EVENT,generic,generic,method=fp8|act=dynamic|serialized=True|block=128x128,False,True,[8192],[0],"[5120, 5120]",1.0,2.0,2.0,3.0,2.0,5120.0,0.3333333333333333
0.0041600000113248825,0.004240000154823065,0.004216000065207481,0.004240000154823065,3.2000080682464336e-05,5,0.038440000265836716,0.07004000246524811,0.04540800079703331,0.03943999856710434,0.012332550296063243,5,0.12484099715948105,0.7856420278549194,0.258056803047657,0.12515999376773834,0.26379861158588974,5,14.085755348205566,14.190435409545898,14.130603408813476,14.109195709228516,0.03832017523579391,5,0.02287999913096428,0.023080000653862953,0.023016000166535378,0.023080000653862953,8.236566829595559e-05,5,0.18019999563694,0.18167999386787415,0.18108839988708497,0.18136000633239746,0.0005193334679840204,5,0.017720000818371773,0.02151999995112419,0.018608000501990317,0.017960000783205032,0.0014586347026203585,5,0.00419999985024333,0.00443999981507659,0.004319999925792217,0.00431999983265996,8.000000379989098e-05,5,7168,128,1,16,8,9216,3,0,0,True,TORCH_SDPA_MLA,False,true_mixed,,8194,8192,,,,,,,576,128,64,192,512,128,8194,8192,2,8192,8192,8194,False,0,0,8192,BF16,CUDA_EVENT,generic,generic,method=fp8|act=dynamic|serialized=True|block=128x128,False,True,[8192],[0],"[1024, 1024]",1.0,2.0,2.0,3.0,2.0,1024.0,0.3333333333333333
0.00431999983265996,0.004519999958574772,0.004407999943941832,0.004399999976158142,6.881859566138262e-05,5,0.03815999999642372,0.09988000243902206,0.051472000777721405,0.039080001413822174,0.024240613370349037,5,0.12424000352621078,0.8996829986572266,0.2813047990202904,0.12724100053310394,0.30919194771484954,5,14.082595825195312,14.214875221252441,14.12467555999756,14.10527515411377,0.04647643294567864,5,0.03296000137925148,0.03316099941730499,0.03303219974040985,0.03303999826312065,7.366980031077014e-05,5,0.402521014213562,0.4049609899520874,0.4039770007133484,0.4044409990310669,0.0009379374465400211,5,0.017319999635219574,0.017559999600052834,0.017448000237345697,0.017480000853538513,8.158442202981329e-05,5,0.004399999976158142,0.004480000119656324,0.004464000090956688,0.004480000119656324,3.200005739927292e-05,5,7168,128,1,16,8,9216,3,0,0,True,TORCH_SDPA_MLA,False,true_mixed,,8194,8192,,,,,,,576,128,64,192,512,128,8194,8192,2,8192,8192,8194,False,0,0,8192,BF16,CUDA_EVENT,generic,generic,method=fp8|act=dynamic|serialized=True|block=128x128,False,True,[8192],[0],"[3072, 3072]",1.0,2.0,2.0,3.0,2.0,3072.0,0.3333333333333333
0.004360000137239695,0.005080000031739473,0.004584000073373317,0.004519999958574772,0.00026484709441018184,5,0.03784000128507614,0.13412000238895416,0.05769600048661232,0.03895999863743782,0.03821462515920542,5,0.124440997838974,0.8933219909667969,0.27956059724092486,0.12515999376773834,0.3068870596308931,5,14.19543743133545,14.580118179321289,14.44560546875,14.452836990356445,0.1356369124512834,5,0.036559998989105225,0.03799999877810478,0.03724000006914139,0.03736000135540962,0.0005472837426717976,5,0.9284819960594177,0.9376019835472107,0.9330261945724487,0.9329230189323425,0.002992525847372488,5,0.02900099940598011,0.029519999399781227,0.029288199543952943,0.029239999130368233,0.00019136586856460228,5,0.004360000137239695,0.004600000102072954,0.004456000030040741,0.00443999981507659,8.2365062227141e-05,5,7168,128,1,16,8,9216,3,0,0,True,TORCH_SDPA_MLA,False,true_mixed,,8194,8192,,,,,,,576,128,64,192,512,128,8194,8192,2,8192,8193,8194,False,0,0,8192,BF16,CUDA_EVENT,generic,generic,method=fp8|act=dynamic|serialized=True|block=128x128,False,True,[8192],[0],"[8192, 8192]",1.0,2.0,2.0,3.0,2.0,8192.0,0.3333333333333333
0.004279999993741512,0.004480000119656324,0.004384000040590763,0.004399999976158142,6.499233210529004e-05,5,0.03855999931693077,0.09064000099897385,0.05016000047326088,0.03911999985575676,0.02032409434420938,5,0.12251999974250793,0.8841620087623596,0.2759688004851341,0.12408100068569183,0.3040982486864931,5,14.042876243591309,14.623598098754883,14.276844215393066,14.114114761352539,0.24688844798755213,5,0.02263999916613102,0.023240000009536743,0.023008199781179427,0.023041000589728355,0.0002077235182526876,5,0.1531199961900711,0.15476100146770477,0.15420039892196655,0.1544400006532669,0.0005930961951149677,5,0.028359999880194664,0.032600000500679016,0.029391999915242197,0.028759999200701714,0.0016152079936199919,5,0.004399999976158142,0.004480000119656324,0.004423999972641468,0.004399999976158142,3.200003411633561e-05,5,7168,128,1,16,8,9216,3,0,0,True,TORCH_SDPA_MLA,False,true_mixed,,8194,8192,,,,,,,576,128,64,192,512,128,8194,8192,2,8192,8192,8194,False,0,0,8192,BF16,CUDA_EVENT,generic,generic,method=fp8|act=dynamic|serialized=True|block=128x128,False,True,[8192],[0],"[512, 512]",1.0,2.0,2.0,3.0,2.0,512.0,0.3333333333333333
0.004399999976158142,0.004600000102072954,0.004503999929875135,0.004519999958574772,7.418898061168758e-05,5,0.03764000162482262,0.11727999895811081,0.054288000613451,0.038600001484155655,0.03150461877670547,5,0.1252799928188324,0.9209219813346863,0.28632059395313264,0.1271599978208542,0.317308987625676,5,14.049155235290527,14.595437049865723,14.400148391723633,14.547117233276367,0.21786056773858445,5,0.06436000019311905,0.06511999666690826,0.0647359997034073,0.06468000262975693,0.000285767434065268,5,1.0196030139923096,1.0248030424118042,1.0230348110198975,1.0234830379486084,0.0018649518668049413,5,0.03172000125050545,0.032839998602867126,0.03240799903869629,0.03255999833345413,0.00044210324711552466,5,0.004480000119656324,0.004600000102072954,0.00451200008392334,0.004480000119656324,4.664760299960091e-05,5,7168,128,1,16,8,9216,5,0,0,True,TORCH_SDPA_MLA,False,true_mixed,,8196,8192,,,,,,,576,128,64,192,512,128,8196,8192,4,8192,8192,8196,False,0,0,8192,BF16,CUDA_EVENT,generic,generic,method=fp8|act=dynamic|serialized=True|block=128x128,False,True,[8192],[0],"[4096, 4096, 4096, 4096]",1.0,4.0,4.0,5.0,4.0,4096.0,0.2
0.004360000137239695,0.004600000102072954,0.004487999994307756,0.004519999958574772,8.158431243966555e-05,5,0.03824000060558319,0.08715999871492386,0.04849599972367287,0.038839999586343765,0.01933572972481084,5,0.12571999430656433,0.8963620066642761,0.28059259951114657,0.12648099660873413,0.30788625457021157,5,14.082876205444336,14.68107795715332,14.45511703491211,14.507637023925781,0.19862133334009896,5,0.030559999868273735,0.03367999941110611,0.031936200335621834,0.03136000037193298,0.001181481142339726,5,0.7157220244407654,0.7239220142364502,0.7193618178367615,0.7188810110092163,0.0030359237138211687,5,0.017480000853538513,0.01875999942421913,0.017879999801516534,0.01775999926030636,0.00045886789988663234,5,0.004480000119656324,0.004519999958574772,0.004496000055223703,0.004480000119656324,1.9595839028743304e-05,5,7168,128,1,16,8,9216,3,0,0,True,TORCH_SDPA_MLA,False,true_mixed,,8194,8192,,,,,,,576,128,64,192,512,128,8194,8192,2,8192,8192,8194,False,0,0,8192,BF16,CUDA_EVENT,generic,generic,method=fp8|act=dynamic|serialized=True|block=128x128,False,True,[8192],[0],"[6144, 6144]",1.0,2.0,2.0,3.0,2.0,6144.0,0.3333333333333333
0.004399999976158142,0.005840000230818987,0.004727999959141016,0.00443999981507659,0.0005573653665678313,5,0.03836100175976753,0.0745600014925003,0.0459522008895874,0.03911999985575676,0.014307629700010394,5,0.12691999971866608,0.9588029980659485,0.2935529977083206,0.12716099619865417,0.33262510431979725,5,14.04195499420166,14.291515350341797,14.129266929626464,14.094955444335938,0.09207049546677948,5,0.053040001541376114,0.053599998354911804,0.05335220023989677,0.053360000252723694,0.00018322378369805525,5,0.5483610033988953,0.5558410286903381,0.5516972064971923,0.5515609979629517,0.0025148798166613625,5,0.05920000001788139,0.05987999960780144,0.05954399928450584,0.05967999994754791,0.0002731739663311593,5,0.004399999976158142,0.004519999958574772,0.004439999908208847,0.00443999981507659,4.381779817994027e-05,5,7168,128,1,16,8,9216,5,0,0,True,TORCH_SDPA_MLA,False,true_mixed,,8196,8192,,,,,,,576,128,64,192,512,128,8196,8192,4,8192,8192,8196,False,0,0,8192,BF16,CUDA_EVENT,generic,generic,method=fp8|act=dynamic|serialized=True|block=128x128,False,True,[8192],[0],"[2048, 2048, 2048, 2048]",1.0,4.0,4.0,5.0,4.0,2048.0,0.2
0.00431999983265996,0.0055599999614059925,0.004631999973207712,0.00443999981507659,0.00046743555550823765,5,0.03815999999642372,0.10568100214004517,0.052312199771404264,0.039319999516010284,0.026691599917974436,5,0.12476000189781189,1.0286020040512085,0.3080084025859833,0.12588000297546387,0.36031608785951047,5,14.056234359741211,14.636836051940918,14.321707344055175,14.232794761657715,0.23094382952176312,5,0.044119998812675476,0.0451200008392334,0.044632000476121904,0.04464000090956688,0.00032535568939292566,5,1.2186429500579834,1.227442979812622,1.2220669984817505,1.2212029695510864,0.0031035089269014736,5,0.04115999862551689,0.042160000652074814,0.041783999651670456,0.041839998215436935,0.0003556183012710372,5,0.004399999976158142,0.00443999981507659,0.004415999911725521,0.004399999976158142,1.9595839028743304e-05,5,7168,128,1,16,8,9216,5,0,0,True,TORCH_SDPA_MLA,False,true_mixed,,8196,8192,,,,,,,576,128,64,192,512,128,8196,8192,4,8192,8192,8196,False,0,0,8192,BF16,CUDA_EVENT,generic,generic,method=fp8|act=dynamic|serialized=True|block=128x128,False,True,[8192],[0],"[5120, 5120, 5120, 5120]",1.0,4.0,4.0,5.0,4.0,5120.0,0.2
0.004120000172406435,0.00431999983265996,0.004240000061690808,0.004240000154823065,6.693269955329282e-05,5,0.03787999972701073,0.0697999969124794,0.044536199420690536,0.03840100020170212,0.012634599260022424,5,0.12495999783277512,0.7660819888114929,0.25443279892206194,0.1271599978208542,0.2558286947022941,5,13.963515281677246,14.218276023864746,14.094435501098634,14.102274894714355,0.08170140312027721,5,0.0408799983561039,0.041839998215436935,0.04148799926042557,0.04148000106215477,0.00034446500269505974,5,0.35332098603248596,0.3571609854698181,0.3551849961280823,0.3548409938812256,0.0013979626166636078,5,0.031120000407099724,0.03243999928236008,0.03173600025475025,0.03152000159025192,0.0005132479206816653,5,0.0041600000113248825,0.004279999993741512,0.004232000000774861,0.004240000154823065,4.664763494375637e-05,5,7168,128,1,16,8,9216,5,0,0,True,TORCH_SDPA_MLA,False,true_mixed,,8196,8192,,,,,,,576,128,64,192,512,128,8196,8192,4,8192,8192,8196,False,0,0,8192,BF16,CUDA_EVENT,generic,generic,method=fp8|act=dynamic|serialized=True|block=128x128,False,True,[8192],[0],"[1024, 1024, 1024, 1024]",1.0,4.0,4.0,5.0,4.0,1024.0,0.2
0.004360000137239695,0.007160000037401915,0.004968000017106533,0.00443999981507659,0.0010967296934674005,5,0.03880000114440918,0.10931999981403351,0.053088000416755675,0.03911999985575676,0.028116322643001235,5,0.12532000243663788,0.9263219833374023,0.2862565994262695,0.12680000066757202,0.3200332067276358,5,14.031274795532227,14.215995788574219,14.120098876953126,14.121395111083984,0.06149524750989967,5,0.06032099947333336,0.06128000095486641,0.06099239960312843,0.061159998178482056,0.00034777980772451584,5,0.8112819790840149,0.8189219832420349,0.8161459922790527,0.8175619840621948,0.0028413645105123345,5,0.032760001718997955,0.03376000002026558,0.03310400024056435,0.032839998602867126,0.00039403549130465895,5,0.004360000137239695,0.004480000119656324,0.004432000033557415,0.00443999981507659,4.664761897177434e-05,5,7168,128,1,16,8,9216,5,0,0,True,TORCH_SDPA_MLA,False,true_mixed,,8196,8192,,,,,,,576,128,64,192,512,128,8196,8192,4,8192,8192,8196,False,0,0,8192,BF16,CUDA_EVENT,generic,generic,method=fp8|act=dynamic|serialized=True|block=128x128,False,True,[8192],[0],"[3072, 3072, 3072, 3072]",1.0,4.0,4.0,5.0,4.0,3072.0,0.2
0.004360000137239695,0.00443999981507659,0.004407999943941832,0.00443999981507659,3.91916780574866e-05,5,0.0379600003361702,0.09784000366926193,0.05029600113630295,0.038359999656677246,0.023774361911648192,5,0.12336000055074692,1.006762981414795,0.30124899595975874,0.12448100000619888,0.3527592129970405,5,14.07215404510498,14.643235206604004,14.213866424560546,14.114753723144531,0.21548833490350627,5,0.04123999923467636,0.041839998215436935,0.04141619950532913,0.04124100133776665,0.00023797783724756064,5,0.305961012840271,0.30796098709106445,0.306880795955658,0.3068009912967682,0.0006845771271273188,5,0.05172000080347061,0.05212000012397766,0.051984000205993655,0.05203999951481819,0.00014221106190057174,5,0.004360000137239695,0.004480000119656324,0.004408000037074089,0.004399999976158142,3.9191849152437796e-05,5,7168,128,1,16,8,9216,5,0,0,True,TORCH_SDPA_MLA,False,true_mixed,,8196,8192,,,,,,,576,128,64,192,512,128,8196,8192,4,8192,8192,8196,False,0,0,8192,BF16,CUDA_EVENT,generic,generic,method=fp8|act=dynamic|serialized=True|block=128x128,False,True,[8192],[0],"[512, 512, 512, 512]",1.0,4.0,4.0,5.0,4.0,512.0,0.2
0.004279999993741512,0.004480000119656324,0.004375999979674816,0.004360000137239695,7.418897056902217e-05,5,0.03815999999642372,0.1037210002541542,0.05168820023536682,0.03880000114440918,0.026018404815248006,5,0.12432000041007996,1.0755620002746582,0.31540040075778963,0.12567999958992004,0.3800814522524167,5,14.518675804138184,14.628035545349121,14.567363739013672,14.558635711669922,0.03571469847853506,5,0.06812000274658203,0.06964000314474106,0.06882400065660477,0.06876000016927719,0.0004856998191552128,5,1.857964038848877,1.8677239418029785,1.8618043899536132,1.8610049486160278,0.0032901428032625665,5,0.05403999984264374,0.05928000062704086,0.05538420006632805,0.054680999368429184,0.0019658136858781844,5,0.004360000137239695,0.004441000055521727,0.004408199992030859,0.004399999976158142,3.014889528078824e-05,5,7168,128,1,16,8,9216,5,0,0,True,TORCH_SDPA_MLA,False,true_mixed,,8196,8192,,,,,,,576,128,64,192,512,128,8196,8192,4,8192,8193,8196,False,0,0,8192,BF16,CUDA_EVENT,generic,generic,method=fp8|act=dynamic|serialized=True|block=128x128,False,True,[8192],[0],"[8192, 8192, 8192, 8192]",1.0,4.0,4.0,5.0,4.0,8192.0,0.2
0.004480000119656324,0.004559999797493219,0.004511999990791082,0.004519999958574772,2.993313855179537e-05,5,0.038279999047517776,0.10860099643468857,0.053120198845863345,0.039400000125169754,0.027746354815721373,5,0.12612099945545197,1.2128030061721802,0.34402500092983246,0.12703999876976013,0.43438915814110596,5,14.193755149841309,14.772236824035645,14.44169216156006,14.487115859985352,0.21690158918573,5,0.1228410005569458,0.1281599998474121,0.12428060024976731,0.12291999906301498,0.002051094962827918,5,2.0330450534820557,2.0501248836517334,2.043533182144165,2.04408597946167,0.005739788127214345,5,0.06307999789714813,0.063960000872612,0.06352799981832505,0.06351999938488007,0.00032338269083590003,5,0.00443999981507659,0.005319999996572733,0.004671999905258417,0.004519999958574772,0.00032633729542018815,5,7168,128,1,16,8,9216,9,0,0,True,TORCH_SDPA_MLA,False,true_mixed,,8200,8192,,,,,,,576,128,64,192,512,128,8200,8192,8,8192,8192,8200,False,0,0,8192,BF16,CUDA_EVENT,generic,generic,method=fp8|act=dynamic|serialized=True|block=128x128,False,True,[8192],[0],"[4096, 4096, 4096, 4096, 4096, 4096, 4096, 4096]",1.0,8.0,8.0,9.0,8.0,4096.0,0.1111111111111111
0.004399999976158142,0.004600000102072954,0.004496000055223703,0.004480000119656324,6.499233210529004e-05,5,0.038839999586343765,0.11779999732971191,0.054919999092817307,0.039159998297691345,0.03144149527181917,5,0.1244800016283989,0.9584029912948608,0.2918489992618561,0.12511999905109406,0.333277553763573,5,14.143956184387207,14.616996765136719,14.461188888549804,14.526837348937988,0.1659149705485424,5,0.05620000138878822,0.05900000035762787,0.057224000245332717,0.05711999908089638,0.0009595329850411063,5,1.433603048324585,1.4406839609146118,1.4378515958786011,1.4385240077972412,0.002448632254747925,5,0.032520998269319534,0.033799998462200165,0.0330161988735199,0.032839998602867126,0.0004302857522682701,5,0.00443999981507659,0.004600000102072954,0.004504000023007393,0.004480000119656324,5.4258695995502165e-05,5,7168,128,1,16,8,9216,5,0,0,True,TORCH_SDPA_MLA,False,true_mixed,,8196,8192,,,,,,,576,128,64,192,512,128,8196,8192,4,8192,8192,8196,False,0,0,8192,BF16,CUDA_EVENT,generic,generic,method=fp8|act=dynamic|serialized=True|block=128x128,False,True,[8192],[0],"[6144, 6144, 6144, 6144]",1.0,4.0,4.0,5.0,4.0,6144.0,0.2
0.004360000137239695,0.005439999978989363,0.004640000034123659,0.004480000119656324,0.00040398016600444735,5,0.03828100115060806,0.11852099746465683,0.05508839935064316,0.039159998297691345,0.031729571793065396,5,0.12588000297546387,1.302163004875183,0.3617446035146713,0.12676000595092773,0.4702095232612032,5,14.052515029907227,14.371516227722168,14.166211318969726,14.150315284729004,0.10957606872879282,5,0.10251999646425247,0.10339999943971634,0.10292019993066788,0.10288000106811523,0.0002872498615290146,5,1.0844019651412964,1.0984829664230347,1.0892345905303955,1.0885629653930664,0.004974255005127667,5,0.11063999682664871,0.11144000291824341,0.11104819923639297,0.1111999973654747,0.00031243153163199256,5,0.004399999976158142,0.004519999958574772,0.004439999908208847,0.00443999981507659,4.381779817994027e-05,5,7168,128,1,16,8,9216,9,0,0,True,TORCH_SDPA_MLA,False,true_mixed,,8200,8192,,,,,,,576,128,64,192,512,128,8200,8192,8,8192,8192,8200,False,0,0,8192,BF16,CUDA_EVENT,generic,generic,method=fp8|act=dynamic|serialized=True|block=128x128,False,True,[8192],[0],"[2048, 2048, 2048, 2048, 2048, 2048, 2048, 2048]",1.0,8.0,8.0,9.0,8.0,2048.0,0.1111111111111111
0.0041600000113248825,0.004279999993741512,0.004224000032991171,0.004240000154823065,4.079219274941178e-05,5,0.03771999850869179,0.07880000025033951,0.046448199450969695,0.03880000114440918,0.016182374928601178,5,0.12512099742889404,0.7761620283126831,0.25599280595779417,0.12547999620437622,0.2600867940202454,5,14.048194885253906,14.271435737609863,14.139155769348145,14.097195625305176,0.0806829707644035,5,0.07760000228881836,0.0833199992775917,0.07906399965286255,0.07819999754428864,0.002158013797722351,5,0.7033219933509827,0.7091619968414307,0.7065857887268067,0.7069209814071655,0.0020171072386498744,5,0.05827999860048294,0.058800000697374344,0.0585439994931221,0.058479998260736465,0.0002033323816421926,5,0.00419999985024333,0.004360000137239695,0.004295999929308891,0.00431999983265996,5.4258695995502165e-05,5,7168,128,1,16,8,9216,9,0,0,True,TORCH_SDPA_MLA,False,true_mixed,,8200,8192,,,,,,,576,128,64,192,512,128,8200,8192,8,8192,8192,8200,False,0,0,8192,BF16,CUDA_EVENT,generic,generic,method=fp8|act=dynamic|serialized=True|block=128x128,False,True,[8192],[0],"[1024, 1024, 1024, 1024, 1024, 1024, 1024, 1024]",1.0,8.0,8.0,9.0,8.0,1024.0,0.1111111111111111
0.004360000137239695,0.0055599999614059925,0.004639999940991402,0.00443999981507659,0.00046095553180663517,5,0.03819999843835831,0.10020100325345993,0.050904200226068494,0.038839999586343765,0.0246501216435389,5,0.1244800016283989,1.4279229640960693,0.38559279441833494,0.12508000433444977,0.521165382015003,5,14.147395133972168,14.760315895080566,14.35789909362793,14.162673950195312,0.2543528904922772,5,0.0846799984574318,0.08980099856853485,0.0863443985581398,0.08479999750852585,0.002068548121168545,5,2.445605993270874,2.4534060955047607,2.4488059997558596,2.446526050567627,0.0033017865678564404,5,0.08020099997520447,0.08163999766111374,0.08080819994211197,0.08048000186681747,0.000607694577780985,5,0.00443999981507659,0.004480000119656324,0.004456199984997511,0.004441000055521727,1.9436160559933508e-05,5,7168,128,1,16,8,9216,9,0,0,True,TORCH_SDPA_MLA,False,true_mixed,,8200,8192,,,,,,,576,128,64,192,512,128,8200,8192,8,8192,8192,8200,False,0,0,8192,BF16,CUDA_EVENT,generic,generic,method=fp8|act=dynamic|serialized=True|block=128x128,False,True,[8192],[0],"[5120, 5120, 5120, 5120, 5120, 5120, 5120, 5120]",1.0,8.0,8.0,9.0,8.0,5120.0,0.1111111111111111
0.00431999983265996,0.005840000230818987,0.004688000027090311,0.00443999981507659,0.0005787712167834716,5,0.038759998977184296,0.1128000020980835,0.054504400491714476,0.039840999990701675,0.029162117004330575,5,0.1257999986410141,1.2603230476379395,0.35300061106681824,0.12620000541210175,0.45366128273964906,5,14.111953735351562,14.360156059265137,14.204987144470214,14.172795295715332,0.09421743176086589,5,0.11620000004768372,0.11779999732971191,0.11702419817447662,0.11695999652147293,0.0005305298600088449,5,1.631883978843689,1.6396440267562866,1.6355799913406373,1.636523962020874,0.002751200239035563,5,0.06384000182151794,0.06403999775648117,0.06391219794750214,0.06387999653816223,6.884236791098585e-05,5,0.004399999976158142,0.004519999958574772,0.0044639999978244305,0.004480000119656324,4.079219274941178e-05,5,7168,128,1,16,8,9216,9,0,0,True,TORCH_SDPA_MLA,False,true_mixed,,8200,8192,,,,,,,576,128,64,192,512,128,8200,8192,8,8192,8192,8200,False,0,0,8192,BF16,CUDA_EVENT,generic,generic,method=fp8|act=dynamic|serialized=True|block=128x128,False,True,[8192],[0],"[3072, 3072, 3072, 3072, 3072, 3072, 3072, 3072]",1.0,8.0,8.0,9.0,8.0,3072.0,0.1111111111111111
0.004399999976158142,0.02160000056028366,0.007864000089466573,0.00443999981507659,0.00686806430049963,5,0.038279999047517776,0.1199600026011467,0.05609619989991188,0.03892099857330322,0.03202192251828068,5,0.124160997569561,1.2545629739761353,0.35046479403972625,0.1244800016283989,0.452049139396396,5,14.111434936523438,14.59843635559082,14.418499755859376,14.50135612487793,0.18722828457349258,5,0.07779999822378159,0.07851999998092651,0.07820019870996475,0.07823999971151352,0.00023051335388526133,5,0.6122410297393799,0.6172810196876526,0.6146734118461609,0.6151620149612427,0.0017120824414126727,5,0.097680002450943,0.10279999673366547,0.09950419962406158,0.09831999987363815,0.0020008682954104602,5,0.004360000137239695,0.00443999981507659,0.004399999976158142,0.004399999976158142,2.5298119404428044e-05,5,7168,128,1,16,8,9216,9,0,0,True,TORCH_SDPA_MLA,False,true_mixed,,8200,8192,,,,,,,576,128,64,192,512,128,8200,8192,8,8192,8192,8200,False,0,0,8192,BF16,CUDA_EVENT,generic,generic,method=fp8|act=dynamic|serialized=True|block=128x128,False,True,[8192],[0],"[512, 512, 512, 512, 512, 512, 512, 512]",1.0,8.0,8.0,9.0,8.0,512.0,0.1111111111111111
0.004360000137239695,0.00443999981507659,0.004392000008374452,0.004399999976158142,2.9933138551795365e-05,5,0.038520000874996185,0.09307999908924103,0.04989600032567978,0.03920000046491623,0.02159645243179657,5,0.12456099689006805,1.4000840187072754,0.3806252032518387,0.12624000012874603,0.5097298922550362,5,14.048233985900879,14.683075904846191,14.468075180053711,14.50739574432373,0.22204617239718658,5,0.130840003490448,0.13463999330997467,0.1325764000415802,0.13204100728034973,0.001626238923022529,5,3.7101690769195557,3.7278079986572266,3.722504806518555,3.7264089584350586,0.006502010295878593,5,0.10255999863147736,0.10868100076913834,0.10408839881420136,0.10300099849700928,0.002312760813607483,5,0.004399999976158142,0.004480000119656324,0.004440000001341105,0.00443999981507659,3.5777151814455904e-05,5,7168,128,1,16,8,9216,9,0,0,True,TORCH_SDPA_MLA,False,true_mixed,,8200,8192,,,,,,,576,128,64,192,512,128,8200,8192,8,8192,8193,8200,False,0,0,8192,BF16,CUDA_EVENT,generic,generic,method=fp8|act=dynamic|serialized=True|block=128x128,False,True,[8192],[0],"[8192, 8192, 8192, 8192, 8192, 8192, 8192, 8192]",1.0,8.0,8.0,9.0,8.0,8192.0,0.1111111111111111
0.004360000137239695,0.004559999797493219,0.00447199996560812,0.004480000119656324,6.881851987655175e-05,5,0.038759998977184296,0.1252799928188324,0.05627219825983047,0.03895999863743782,0.034504924982526,5,0.12408000230789185,1.3093630075454712,0.36217680424451826,0.12596000730991364,0.4735939261008875,5,14.097235679626465,14.71031665802002,14.319539642333984,14.162915229797363,0.25121715789188465,5,0.10740000009536743,0.11028099805116653,0.10846419930458069,0.10824000090360641,0.0009668864696215424,5,2.8731679916381836,2.8834869861602783,2.879543399810791,2.8827269077301025,0.004315235192537354,5,0.06232000142335892,0.06328000128269196,0.06280000060796738,0.06279999762773514,0.000328876752955839,5,0.00443999981507659,0.004559999797493219,0.004487999901175499,0.004480000119656324,4.664761897177434e-05,5,7168,128,1,16,8,9216,9,0,0,True,TORCH_SDPA_MLA,False,true_mixed,,8200,8192,,,,,,,576,128,64,192,512,128,8200,8192,8,8192,8192,8200,False,0,0,8192,BF16,CUDA_EVENT,generic,generic,method=fp8|act=dynamic|serialized=True|block=128x128,False,True,[8192],[0],"[6144, 6144, 6144, 6144, 6144, 6144, 6144, 6144]",1.0,8.0,8.0,9.0,8.0,6144.0,0.1111111111111111
0.004480000119656324,0.005319999996572733,0.004679999966174364,0.004559999797493219,0.0003219937878566598,5,0.03863999992609024,0.1311199963092804,0.057288198918104175,0.03880099952220917,0.036916239850181956,5,0.1258399933576584,0.8738420009613037,0.27700859904289243,0.12887999415397644,0.29841941023373075,5,14.113475799560547,14.298476219177246,14.206907844543457,14.2062349319458,0.0657038248915657,5,0.23888100683689117,0.24120000004768372,0.23996880352497102,0.24036100506782532,0.0008917841033831511,5,4.094570159912109,4.107369899749756,4.101034164428711,4.100249767303467,0.004849218112416913,5,0.12303999811410904,0.12483999878168106,0.12418419867753983,0.12448100000619888,0.0006908706769006117,5,0.004519999958574772,0.005679999943822622,0.004775999952107668,0.004559999797493219,0.00045297240366362943,5,7168,128,1,16,8,9216,17,0,0,True,TORCH_SDPA_MLA,False,true_mixed,,8208,8192,,,,,,,576,128,64,192,512,128,8208,8192,16,8192,8192,8208,False,0,0,8192,BF16,CUDA_EVENT,generic,generic,method=fp8|act=dynamic|serialized=True|block=128x128,False,True,[8192],[0],"[4096, 4096, 4096, 4096, 4096, 4096, 4096, 4096, 4096, 4096, 4096, 4096, 4096, 4096, 4096, 4096]",1.0,16.0,16.0,17.0,16.0,4096.0,0.058823529411764705
0.004399999976158142,0.005439999978989363,0.004631999973207712,0.00443999981507659,0.00040508765046769023,5,0.038520000874996185,0.12992000579833984,0.05769620090723038,0.039480000734329224,0.03612795163308956,5,0.1258399933576584,0.8920819759368896,0.27993699312210085,0.12716099619865417,0.3060735632242708,5,14.097274780273438,14.242916107177734,14.159091186523437,14.159154891967773,0.04786646517763106,5,0.20227999985218048,0.20472000539302826,0.20340020060539246,0.2032800018787384,0.0009133501022326022,5,2.1502459049224854,2.161086082458496,2.1551578044891357,2.1556859016418457,0.003776735643813869,5,0.21223999559879303,0.213359996676445,0.21295199990272523,0.2130800038576126,0.00038896938636381504,5,0.004360000137239695,0.005040000192821026,0.00451200008392334,0.004399999976158142,0.0002646054159908531,5,7168,128,1,16,8,9216,17,0,0,True,TORCH_SDPA_MLA,False,true_mixed,,8208,8192,,,,,,,576,128,64,192,512,128,8208,8192,16,8192,8192,8208,False,0,0,8192,BF16,CUDA_EVENT,generic,generic,method=fp8|act=dynamic|serialized=True|block=128x128,False,True,[8192],[0],"[2048, 2048, 2048, 2048, 2048, 2048, 2048, 2048, 2048, 2048, 2048, 2048, 2048, 2048, 2048, 2048]",1.0,16.0,16.0,17.0,16.0,2048.0,0.058823529411764705
0.0041600000113248825,0.008840000256896019,0.0051600000821053985,0.004279999993741512,0.0018405217523985108,5,0.038120001554489136,0.06995999813079834,0.044735999405384065,0.0384799987077713,0.012613277430715268,5,0.12479999661445618,0.7810019850730896,0.2562005966901779,0.125,0.2624007319660897,5,14.085874557495117,14.326316833496094,14.17933177947998,14.148675918579102,0.08156213133687412,5,0.14959999918937683,0.15647999942302704,0.1522725999355316,0.1507209986448288,0.002692264446431155,5,1.3983230590820312,1.4110430479049683,1.4048270225524901,1.4050430059432983,0.004412445542548892,5,0.11219999939203262,0.1128000020980835,0.11264040023088455,0.11275999993085861,0.00022357195549444647,5,0.0041600000113248825,0.004519999958574772,0.0042720000259578225,0.004240000154823065,0.0001324235359524508,5,7168,128,1,16,8,9216,17,0,0,True,TORCH_SDPA_MLA,False,true_mixed,,8208,8192,,,,,,,576,128,64,192,512,128,8208,8192,16,8192,8192,8208,False,0,0,8192,BF16,CUDA_EVENT,generic,generic,method=fp8|act=dynamic|serialized=True|block=128x128,False,True,[8192],[0],"[1024, 1024, 1024, 1024, 1024, 1024, 1024, 1024, 1024, 1024, 1024, 1024, 1024, 1024, 1024, 1024]",1.0,16.0,16.0,17.0,16.0,1024.0,0.058823529411764705
0.004360000137239695,0.00443999981507659,0.004415999911725521,0.00443999981507659,3.1999871134757994e-05,5,0.03784000128507614,0.08315999805927277,0.04720799997448921,0.03824000060558319,0.017978304189298463,5,0.12439999729394913,0.9296020269393921,0.2857764035463333,0.12479999661445618,0.3219129603079733,5,14.159114837646484,14.634757041931152,14.356987571716308,14.230794906616211,0.20535104204530427,5,0.15036100149154663,0.15328000485897064,0.15171240270137787,0.1518000066280365,0.0010058518732824185,5,1.224722981452942,1.2305619716644287,1.2269867658615112,1.2266429662704468,0.0020629070845804075,5,0.1865600049495697,0.19096000492572784,0.18776060044765472,0.1870809942483902,0.0016488069574950377,5,0.00443999981507659,0.006000000052154064,0.0047519998624920845,0.00443999981507659,0.0006240000948309898,5,7168,128,1,16,8,9216,17,0,0,True,TORCH_SDPA_MLA,False,true_mixed,,8208,8192,,,,,,,576,128,64,192,512,128,8208,8192,16,8192,8192,8208,False,0,0,8192,BF16,CUDA_EVENT,generic,generic,method=fp8|act=dynamic|serialized=True|block=128x128,False,True,[8192],[0],"[512, 512, 512, 512, 512, 512, 512, 512, 512, 512, 512, 512, 512, 512, 512, 512]",1.0,16.0,16.0,17.0,16.0,512.0,0.058823529411764705
0.004399999976158142,0.006920000072568655,0.004951999988406897,0.004480000119656324,0.0009848127156113584,5,0.038120001554489136,0.12872099876403809,0.05705619975924492,0.03943999856710434,0.0358387083120347,5,0.1260409951210022,0.8916419744491577,0.2795369952917099,0.1262809932231903,0.3060530569578267,5,14.17215633392334,14.447237014770508,14.280044555664062,14.258437156677246,0.09526663290853128,5,0.22487999498844147,0.2276410013437271,0.22593640089035033,0.22572000324726105,0.0009154527616809348,5,3.250049114227295,3.2562479972839355,3.2532886028289796,3.254209041595459,0.0024925599064121316,5,0.1236800029873848,0.12571999430656433,0.12463999986648559,0.12432000041007996,0.0008919167479517287,5,0.00443999981507659,0.004519999958574772,0.004487999994307756,0.004480000119656324,2.9933287895859092e-05,5,7168,128,1,16,8,9216,17,0,0,True,TORCH_SDPA_MLA,False,true_mixed,,8208,8192,,,,,,,576,128,64,192,512,128,8208,8192,16,8192,8192,8208,False,0,0,8192,BF16,CUDA_EVENT,generic,generic,method=fp8|act=dynamic|serialized=True|block=128x128,False,True,[8192],[0],"[3072, 3072, 3072, 3072, 3072, 3072, 3072, 3072, 3072, 3072, 3072, 3072, 3072, 3072, 3072, 3072]",1.0,16.0,16.0,17.0,16.0,3072.0,0.058823529411764705
0.004360000137239695,0.004519999958574772,0.004439999908208847,0.00443999981507659,5.0596386064013265e-05,5,0.038600001484155655,0.055720001459121704,0.04225620031356812,0.03903999924659729,0.006734813510022775,5,0.12612000107765198,0.9428030252456665,0.291537007689476,0.1302410066127777,0.32564072293899476,5,14.098355293273926,14.555794715881348,14.410715484619141,14.53951644897461,0.18143523056781813,5,0.1626809984445572,0.1664009988307953,0.1638403981924057,0.16339999437332153,0.001308403881794553,5,4.89113187789917,4.904332160949707,4.896924018859863,4.895011901855469,0.004548836400201027,5,0.15880000591278076,0.1608400046825409,0.15968820154666902,0.15972000360488892,0.0007525721531682962,5,0.00443999981507659,0.004480000119656324,0.0044559999369084835,0.00443999981507659,1.9596067155252676e-05,5,7168,128,1,16,8,9216,17,0,0,True,TORCH_SDPA_MLA,False,true_mixed,,8208,8192,,,,,,,576,128,64,192,512,128,8208,8192,16,8192,8192,8208,False,0,0,8192,BF16,CUDA_EVENT,generic,generic,method=fp8|act=dynamic|serialized=True|block=128x128,False,True,[8192],[0],"[5120, 5120, 5120, 5120, 5120, 5120, 5120, 5120, 5120, 5120, 5120, 5120, 5120, 5120, 5120, 5120]",1.0,16.0,16.0,17.0,16.0,5120.0,0.058823529411764705
0.004360000137239695,0.004600000102072954,0.004495999962091446,0.004519999958574772,8.616260987716149e-05,5,0.03819999843835831,0.17399999499320984,0.06568799838423729,0.03863999992609024,0.054156922292705655,5,0.12492100149393082,0.865522027015686,0.27330520898103716,0.12528100609779358,0.29610850020034984,5,14.109075546264648,14.596796989440918,14.404988861083984,14.528676986694336,0.1920492777965635,5,0.2075600028038025,0.2117599993944168,0.20990420281887054,0.2096009999513626,0.0015575178804164013,5,5.731015205383301,5.750975131988525,5.736910820007324,5.734654903411865,0.007227510293913834,5,0.1234000027179718,0.12836000323295593,0.1253279998898506,0.12479999661445618,0.0016836922184918863,5,0.00443999981507659,0.004519999958574772,0.00447199996560812,0.004480000119656324,2.9933337677144675e-05,5,7168,128,1,16,8,9216,17,0,0,True,TORCH_SDPA_MLA,False,true_mixed,,8208,8192,,,,,,,576,128,64,192,512,128,8208,8192,16,8192,8192,8208,False,0,0,8192,BF16,CUDA_EVENT,generic,generic,method=fp8|act=dynamic|serialized=True|block=128x128,False,True,[8192],[0],"[6144, 6144, 6144, 6144, 6144, 6144, 6144, 6144, 6144, 6144, 6144, 6144, 6144, 6144, 6144, 6144]",1.0,16.0,16.0,17.0,16.0,6144.0,0.058823529411764705
0.004399999976158142,0.004480000119656324,0.004432000033557415,0.004399999976158142,3.919190618399598e-05,5,0.038279999047517776,0.12872099876403809,0.056616199761629106,0.038520000874996185,0.03605352118505942,5,0.12671999633312225,0.8754019737243652,0.27684039771556856,0.12720000743865967,0.2992812124909922,5,14.153035163879395,14.324034690856934,14.21946678161621,14.201754570007324,0.06062845185480507,5,0.39444100856781006,0.39876100420951843,0.39705700278282163,0.39736101031303406,0.0014168339068275483,5,4.289930820465088,4.298810005187988,4.294705963134765,4.2948899269104,0.0029118792851003834,5,0.4226810038089752,0.42576101422309875,0.4242816030979156,0.42384201288223267,0.0011185940321971363,5,0.004399999976158142,0.004480000119656324,0.004440000001341105,0.00443999981507659,3.5777151814455904e-05,5,7168,128,1,16,8,9216,33,0,0,True,TORCH_SDPA_MLA,False,true_mixed,,8224,8192,,,,,,,576,128,64,192,512,128,8224,8192,32,8192,8192,8224,False,0,0,8192,BF16,CUDA_EVENT,generic,generic,method=fp8|act=dynamic|serialized=True|block=128x128,False,True,[8192],[0],"[2048, 2048, 2048, 2048, 2048, 2048, 2048, 2048, 2048, 2048, 2048, 2048, 2048, 2048, 2048, 2048, 2048, 2048, 2048, 2048, 2048, 2048, 2048, 2048, 2048, 2048, 2048, 2048, 2048, 2048, 2048, 2048]",1.0,32.0,32.0,33.0,32.0,2048.0,0.030303030303030304
0.004399999976158142,0.00571999978274107,0.004687999933958053,0.00443999981507659,0.0005168519364360444,5,0.03807999938726425,0.16539999842643738,0.06392799988389015,0.038359999656677246,0.05073870497617838,5,0.1244800016283989,0.8666830062866211,0.2737608000636101,0.12571999430656433,0.29646179426775593,5,14.077475547790527,14.60695743560791,14.36874008178711,14.399076461791992,0.19457530781032997,5,0.2547209858894348,0.25887998938560486,0.2571925938129425,0.25764000415802,0.0015936038983591356,5,7.425018787384033,7.448698043823242,7.434946346282959,7.429418087005615,0.008967961614527445,5,0.2016800045967102,0.20236100256443024,0.20204860270023345,0.20200000703334808,0.0002600402874486159,5,0.004399999976158142,0.004480000119656324,0.004439999908208847,0.00443999981507659,2.529826665971379e-05,5,7168,128,1,16,8,9216,17,0,0,True,TORCH_SDPA_MLA,False,true_mixed,,8208,8192,,,,,,,576,128,64,192,512,128,8208,8192,16,8192,8193,8208,False,0,0,8192,BF16,CUDA_EVENT,generic,generic,method=fp8|act=dynamic|serialized=True|block=128x128,False,True,[8192],[0],"[8192, 8192, 8192, 8192, 8192, 8192, 8192, 8192, 8192, 8192, 8192, 8192, 8192, 8192, 8192, 8192]",1.0,16.0,16.0,17.0,16.0,8192.0,0.058823529411764705
0.004399999976158142,0.006399999838322401,0.004879999905824661,0.004519999958574772,0.0007644082354699218,5,0.03840000182390213,0.10512100160121918,0.05273640006780624,0.03968000039458275,0.02621951108876865,5,0.12532000243663788,0.9068419933319092,0.2823525995016098,0.12644000351428986,0.31224516819329484,5,14.552595138549805,14.805035591125488,14.651915168762207,14.642395973205566,0.08731243173961986,5,0.4699609875679016,0.4747219979763031,0.4719935953617096,0.47164100408554077,0.001589345532396725,5,8.201860427856445,8.21570110321045,8.210531997680665,8.212499618530273,0.004970907306822013,5,0.24444100260734558,0.2468000054359436,0.24571219980716705,0.24595999717712402,0.0007771153451835754,5,0.00443999981507659,0.004600000102072954,0.004504000023007393,0.004480000119656324,5.425869599550217e-05,5,7168,128,1,16,8,9216,33,0,0,True,TORCH_SDPA_MLA,False,true_mixed,,8224,8192,,,,,,,576,128,64,192,512,128,8224,8192,32,8192,8192,8224,False,0,0,8192,BF16,CUDA_EVENT,generic,generic,method=fp8|act=dynamic|serialized=True|block=128x128,False,True,[8192],[0],"[4096, 4096, 4096, 4096, 4096, 4096, 4096, 4096, 4096, 4096, 4096, 4096, 4096, 4096, 4096, 4096, 4096, 4096, 4096, 4096, 4096, 4096, 4096, 4096, 4096, 4096, 4096, 4096, 4096, 4096, 4096, 4096]",1.0,32.0,32.0,33.0,32.0,4096.0,0.030303030303030304
0.004120000172406435,0.004321000073105097,0.004224199987947941,0.00419999985024333,7.001827193200837e-05,5,0.038120001554489136,0.11456000059843063,0.05377599969506264,0.038679998368024826,0.0303934586879631,5,0.1252799928188324,0.7668820023536682,0.25492039918899534,0.1279599964618683,0.2559833347378642,5,14.138714790344238,14.344635963439941,14.25251579284668,14.256356239318848,0.07386439146053035,5,0.2945609986782074,0.2990410029888153,0.29685699939727783,0.29732099175453186,0.0018810384396731245,5,2.7842071056365967,2.792607069015503,2.7895110130310057,2.7912468910217285,0.003110271406524547,5,0.22144100069999695,0.2260809987783432,0.22279279828071594,0.22216099500656128,0.001677521405659705,5,0.0041600000113248825,0.004600000102072954,0.004336000047624111,0.004279999993741512,0.00014664246172073483,5,7168,128,1,16,8,9216,33,0,0,True,TORCH_SDPA_MLA,False,true_mixed,,8224,8192,,,,,,,576,128,64,192,512,128,8224,8192,32,8192,8192,8224,False,0,0,8192,BF16,CUDA_EVENT,generic,generic,method=fp8|act=dynamic|serialized=True|block=128x128,False,True,[8192],[0],"[1024, 1024, 1024, 1024, 1024, 1024, 1024, 1024, 1024, 1024, 1024, 1024, 1024, 1024, 1024, 1024, 1024, 1024, 1024, 1024, 1024, 1024, 1024, 1024, 1024, 1024, 1024, 1024, 1024, 1024, 1024, 1024]",1.0,32.0,32.0,33.0,32.0,1024.0,0.030303030303030304
0.004399999976158142,0.007720000110566616,0.005095999967306852,0.00443999981507659,0.0013127315747684866,5,0.03895999863743782,0.11191999912261963,0.053783999383449556,0.03920000046491623,0.02906896174093782,5,0.12424100190401077,1.6275639533996582,0.425617390871048,0.12528100609779358,0.6009737315078967,5,14.246673583984375,14.884916305541992,14.572122383117676,14.64035415649414,0.2248395940118254,5,0.2948809862136841,0.2979600131511688,0.2964803993701935,0.29712000489234924,0.0012280795958256594,5,2.4503660202026367,2.456805944442749,2.454093837738037,2.4551661014556885,0.0026268624573477445,5,0.3680810034275055,0.37028101086616516,0.36916900277137754,0.36920100450515747,0.0007868535308041183,5,0.004360000137239695,0.005119999870657921,0.0045599998906254765,0.00443999981507659,0.0002817090461401363,5,7168,128,1,16,8,9216,33,0,0,True,TORCH_SDPA_MLA,False,true_mixed,,8224,8192,,,,,,,576,128,64,192,512,128,8224,8192,32,8192,8192,8224,False,0,0,8192,BF16,CUDA_EVENT,generic,generic,method=fp8|act=dynamic|serialized=True|block=128x128,False,True,[8192],[0],"[512, 512, 512, 512, 512, 512, 512, 512, 512, 512, 512, 512, 512, 512, 512, 512, 512, 512, 512, 512, 512, 512, 512, 512, 512, 512, 512, 512, 512, 512, 512, 512]",1.0,32.0,32.0,33.0,32.0,512.0,0.030303030303030304
0.004360000137239695,0.005679999943822622,0.0046639999374747275,0.00443999981507659,0.0005088654008057105,5,0.03855999931693077,0.1135609969496727,0.053976398706436154,0.039159998297691345,0.029794978084589464,5,0.1260409951210022,0.8879219889640808,0.2797767996788025,0.1286800056695938,0.30407578727144663,5,14.243874549865723,14.3251953125,14.294298934936524,14.295154571533203,0.027723667596536578,5,0.4370410144329071,0.44112101197242737,0.4380970120429993,0.4375210106372833,0.0015374988336639634,5,6.492015838623047,6.503495216369629,6.4991758346557615,6.503056049346924,0.004984763062301236,5,0.24767999351024628,0.2494799941778183,0.2483599990606308,0.24796000123023987,0.0006895790848692629,5,0.004360000137239695,0.005200000014156103,0.00457600001245737,0.00443999981507659,0.0003145536501447164,5,7168,128,1,16,8,9216,33,0,0,True,TORCH_SDPA_MLA,False,true_mixed,,8224,8192,,,,,,,576,128,64,192,512,128,8224,8192,32,8192,8192,8224,False,0,0,8192,BF16,CUDA_EVENT,generic,generic,method=fp8|act=dynamic|serialized=True|block=128x128,False,True,[8192],[0],"[3072, 3072, 3072, 3072, 3072, 3072, 3072, 3072, 3072, 3072, 3072, 3072, 3072, 3072, 3072, 3072, 3072, 3072, 3072, 3072, 3072, 3072, 3072, 3072, 3072, 3072, 3072, 3072, 3072, 3072, 3072, 3072]",1.0,32.0,32.0,33.0,32.0,3072.0,0.030303030303030304
0.004399999976158142,0.005799999926239252,0.004727999959141016,0.004480000119656324,0.0005392735635705257,5,0.03863999992609024,0.09068000316619873,0.04943200051784515,0.0392800010740757,0.02062898133710136,5,0.12516100704669952,0.9533630013465881,0.29184880256652834,0.12564000487327576,0.33076098527154385,5,14.199874877929688,14.605435371398926,14.445059394836425,14.554956436157227,0.17095619683743085,5,0.321601003408432,0.3272010087966919,0.3244248032569885,0.3245199918746948,0.001773141607992598,5,9.782544136047363,9.798983573913574,9.789727592468262,9.788783073425293,0.005538627179538391,5,0.31724101305007935,0.3235200047492981,0.31976080536842344,0.3194809854030609,0.002055958871300842,5,0.004360000137239695,0.00443999981507659,0.004399999976158142,0.004399999976158142,2.5298119404428044e-05,5,7168,128,1,16,8,9216,33,0,0,True,TORCH_SDPA_MLA,False,true_mixed,,8224,8192,,,,,,,576,128,64,192,512,128,8224,8192,32,8192,8192,8224,False,0,0,8192,BF16,CUDA_EVENT,generic,generic,method=fp8|act=dynamic|serialized=True|block=128x128,False,True,[8192],[0],"[5120, 5120, 5120, 5120, 5120, 5120, 5120, 5120, 5120, 5120, 5120, 5120, 5120, 5120, 5120, 5120, 5120, 5120, 5120, 5120, 5120, 5120, 5120, 5120, 5120, 5120, 5120, 5120, 5120, 5120, 5120, 5120]",1.0,32.0,32.0,33.0,32.0,5120.0,0.030303030303030304
0.004399999976158142,0.00571999978274107,0.004695999901741743,0.00443999981507659,0.0005126245618068282,5,0.0379600003361702,0.06511999666690826,0.044168198853731154,0.039361000061035156,0.010515462398805022,5,0.12572099268436432,0.9160429835319519,0.2846727937459946,0.12700000405311584,0.3156857068272748,5,14.172514915466309,14.450236320495605,14.267891693115235,14.242396354675293,0.09487221747182223,5,0.5884820222854614,0.5973209738731384,0.5936338067054748,0.5944420099258423,0.002908083901954035,5,6.424376010894775,6.43233585357666,6.429232120513916,6.4292168617248535,0.0027091992838015094,5,0.6301209926605225,0.6404820084571838,0.6352414131164551,0.6330010294914246,0.004319225432101543,5,0.00443999981507659,0.007439999841153622,0.005183999892324209,0.004519999958574772,0.0011453139054079281,5,7168,128,1,16,8,9216,49,0,0,True,TORCH_SDPA_MLA,False,true_mixed,,8240,8192,,,,,,,576,128,64,192,512,128,8240,8192,48,8192,8192,8240,False,0,0,8192,BF16,CUDA_EVENT,generic,generic,method=fp8|act=dynamic|serialized=True|block=128x128,False,True,[8192],[0],"[2048, 2048, 2048, 2048, 2048, 2048, 2048, 2048, 2048, 2048, 2048, 2048, 2048, 2048, 2048, 2048, 2048, 2048, 2048, 2048, 2048, 2048, 2048, 2048, 2048, 2048, 2048, 2048, 2048, 2048, 2048, 2048, 2048, 2048, 2048, 2048, 2048, 2048, 2048, 2048, 2048, 2048, 2048, 2048, 2048, 2048, 2048, 2048]",1.0,48.0,48.0,49.0,48.0,2048.0,0.02040816326530612
0.0041600000113248825,0.04896000027656555,0.01332000009715557,0.004279999993741512,0.017821999978664762,5,0.038600001484155655,0.2476010024547577,0.0807762011885643,0.039080001413822174,0.08341300821235764,5,0.12443999946117401,1.2858829498291016,0.3575685888528824,0.12559999525547028,0.46415767092652377,5,14.181355476379395,14.465435028076172,14.275403213500976,14.230355262756348,0.10126482965171064,5,0.4416410028934479,0.4484409987926483,0.4434092044830322,0.44256100058555603,0.0025433017217248556,5,4.180290222167969,4.190570831298828,4.183882236480713,4.18189001083374,0.003982068118813694,5,0.33000099658966064,0.3354809880256653,0.3312887907028198,0.33028098940849304,0.0021017434261383122,5,0.0041600000113248825,0.00571999978274107,0.0046559999696910385,0.004360000137239695,0.0005843833684136591,5,7168,128,1,16,8,9216,49,0,0,True,TORCH_SDPA_MLA,False,true_mixed,,8240,8192,,,,,,,576,128,64,192,512,128,8240,8192,48,8192,8192,8240,False,0,0,8192,BF16,CUDA_EVENT,generic,generic,method=fp8|act=dynamic|serialized=True|block=128x128,False,True,[8192],[0],"[1024, 1024, 1024, 1024, 1024, 1024, 1024, 1024, 1024, 1024, 1024, 1024, 1024, 1024, 1024, 1024, 1024, 1024, 1024, 1024, 1024, 1024, 1024, 1024, 1024, 1024, 1024, 1024, 1024, 1024, 1024, 1024, 1024, 1024, 1024, 1024, 1024, 1024, 1024, 1024, 1024, 1024, 1024, 1024, 1024, 1024, 1024, 1024]",1.0,48.0,48.0,49.0,48.0,1024.0,0.02040816326530612
0.00443999981507659,0.004480000119656324,0.0044639999978244305,0.004480000119656324,1.9596067155252676e-05,5,0.03880000114440918,0.07788000255823135,0.04704800099134445,0.039480000734329224,0.015418792430204338,5,0.12620100378990173,0.98956298828125,0.29910499751567843,0.1265610009431839,0.3452290614131331,5,14.120116233825684,14.67531681060791,14.510796928405762,14.606117248535156,0.19973316049618198,5,0.41008099913597107,0.4132010042667389,0.41116900444030763,0.41088101267814636,0.0010668531942348417,5,11.438908576965332,11.465429306030273,11.449604606628418,11.44798755645752,0.008670109424155824,5,0.2439199984073639,0.2489210069179535,0.24656080305576325,0.24692100286483765,0.0017978936338620983,5,0.00443999981507659,0.004639999940991402,0.0045519999228417875,0.004559999797493219,6.881866061977869e-05,5,7168,128,1,16,8,9216,33,0,0,True,TORCH_SDPA_MLA,False,true_mixed,,8224,8192,,,,,,,576,128,64,192,512,128,8224,8192,32,8192,8192,8224,False,0,0,8192,BF16,CUDA_EVENT,generic,generic,method=fp8|act=dynamic|serialized=True|block=128x128,False,True,[8192],[0],"[6144, 6144, 6144, 6144, 6144, 6144, 6144, 6144, 6144, 6144, 6144, 6144, 6144, 6144, 6144, 6144, 6144, 6144, 6144, 6144, 6144, 6144, 6144, 6144, 6144, 6144, 6144, 6144, 6144, 6144, 6144, 6144]",1.0,32.0,32.0,33.0,32.0,6144.0,0.030303030303030304
0.004399999976158142,0.012199999764561653,0.006007999926805496,0.00443999981507659,0.0030968783486008873,5,0.03815999999642372,0.11824099719524384,0.05482480004429817,0.03932100161910057,0.03171098358404458,5,0.125560000538826,1.6162430047988892,0.42403280138969424,0.12624000012874603,0.5961052159614021,5,14.294954299926758,14.929715156555176,14.625978660583495,14.69703483581543,0.24824939349379435,5,0.4386810064315796,0.4445610046386719,0.44278499484062195,0.44356098771095276,0.0021677738800762766,5,3.654728889465332,3.6764490604400635,3.66699275970459,3.6686089038848877,0.007063702245634628,5,0.5461210012435913,0.5488409996032715,0.5476250052452087,0.5474410057067871,0.0009548489965501344,5,0.004399999976158142,0.004480000119656324,0.004431999940425158,0.00443999981507659,2.993328789585909e-05,5,7168,128,1,16,8,9216,49,0,0,True,TORCH_SDPA_MLA,False,true_mixed,,8240,8192,,,,,,,576,128,64,192,512,128,8240,8192,48,8192,8192,8240,False,0,0,8192,BF16,CUDA_EVENT,generic,generic,method=fp8|act=dynamic|serialized=True|block=128x128,False,True,[8192],[0],"[512, 512, 512, 512, 512, 512, 512, 512, 512, 512, 512, 512, 512, 512, 512, 512, 512, 512, 512, 512, 512, 512, 512, 512, 512, 512, 512, 512, 512, 512, 512, 512, 512, 512, 512, 512, 512, 512, 512, 512, 512, 512, 512, 512, 512, 512, 512, 512]",1.0,48.0,48.0,49.0,48.0,512.0,0.02040816326530612
0.00443999981507659,0.004519999958574772,0.004480000026524067,0.004480000119656324,2.529826665971379e-05,5,0.038920000195503235,0.0822800025343895,0.047863999754190444,0.039239998906850815,0.01720996315155369,5,0.12600000202655792,0.9040420055389404,0.2818644016981125,0.1263200044631958,0.3110888770115936,5,14.11623477935791,14.710116386413574,14.420347595214844,14.542555809020996,0.24206082471117815,5,0.7008820176124573,0.704721987247467,0.7025620102882385,0.7021620273590088,0.0013015586642732369,5,12.289549827575684,12.321749687194824,12.304013633728028,12.299269676208496,0.012278338281853193,5,0.3648810088634491,0.37536099553108215,0.3679930031299591,0.36688101291656494,0.003763602811089889,5,0.00443999981507659,0.004559999797493219,0.004511999897658825,0.004519999958574772,4.6647571055609506e-05,5,7168,128,1,16,8,9216,49,0,0,True,TORCH_SDPA_MLA,False,true_mixed,,8240,8192,,,,,,,576,128,64,192,512,128,8240,8192,48,8192,8192,8240,False,0,0,8192,BF16,CUDA_EVENT,generic,generic,method=fp8|act=dynamic|serialized=True|block=128x128,False,True,[8192],[0],"[4096, 4096, 4096, 4096, 4096, 4096, 4096, 4096, 4096, 4096, 4096, 4096, 4096, 4096, 4096, 4096, 4096, 4096, 4096, 4096, 4096, 4096, 4096, 4096, 4096, 4096, 4096, 4096, 4096, 4096, 4096, 4096, 4096, 4096, 4096, 4096, 4096, 4096, 4096, 4096, 4096, 4096, 4096, 4096, 4096, 4096, 4096, 4096]",1.0,48.0,48.0,49.0,48.0,4096.0,0.02040816326530612
0.004399999976158142,0.005799999926239252,0.00471199993044138,0.00443999981507659,0.0005445879176129658,5,0.03779999911785126,0.09471999853849411,0.04975999966263771,0.038759998977184296,0.02248358634736942,5,0.12352100014686584,0.9039620161056519,0.2801452040672302,0.12448100000619888,0.31190865776063487,5,14.148236274719238,14.735278129577637,14.4258207321167,14.500396728515625,0.237401465887166,5,0.504601001739502,0.5090410113334656,0.5063130021095276,0.5060009956359863,0.001533297540787868,5,14.832477569580078,14.877278327941895,14.853197860717774,14.850077629089355,0.01560368003518657,5,0.3911210000514984,0.3940809965133667,0.3932170033454895,0.3940010070800781,0.0011467100187062382,5,0.004399999976158142,0.004480000119656324,0.004447999969124794,0.00443999981507659,2.9933337677144675e-05,5,7168,128,1,16,8,9216,33,0,0,True,TORCH_SDPA_MLA,False,true_mixed,,8224,8192,,,,,,,576,128,64,192,512,128,8224,8192,32,8192,8193,8224,False,0,0,8192,BF16,CUDA_EVENT,generic,generic,method=fp8|act=dynamic|serialized=True|block=128x128,False,True,[8192],[0],"[8192, 8192, 8192, 8192, 8192, 8192, 8192, 8192, 8192, 8192, 8192, 8192, 8192, 8192, 8192, 8192, 8192, 8192, 8192, 8192, 8192, 8192, 8192, 8192, 8192, 8192, 8192, 8192, 8192, 8192, 8192, 8192]",1.0,32.0,32.0,33.0,32.0,8192.0,0.030303030303030304
0.004399999976158142,0.00824000034481287,0.005184000078588724,0.004399999976158142,0.0015283142380526564,5,0.03840000182390213,0.1451999992132187,0.060119999945163725,0.039080001413822174,0.042541740073931106,5,0.12620000541210175,2.2265260219573975,0.5464494049549102,0.12644000351428986,0.8400383338737965,5,14.211994171142578,14.493873596191406,14.307818031311035,14.244553565979004,0.10706063497548658,5,0.6500020027160645,0.6542009711265564,0.6528173923492432,0.6538010239601135,0.001627225355070497,5,9.746264457702637,9.767622947692871,9.757567405700684,9.760103225708008,0.00870967050395043,5,0.3699609935283661,0.3746809959411621,0.3723609983921051,0.3725210130214691,0.001570122872295559,5,0.00431999983265996,0.004480000119656324,0.004415999911725521,0.00443999981507659,5.425869599550217e-05,5,7168,128,1,16,8,9216,49,0,0,True,TORCH_SDPA_MLA,False,true_mixed,,8240,8192,,,,,,,576,128,64,192,512,128,8240,8192,48,8192,8192,8240,False,0,0,8192,BF16,CUDA_EVENT,generic,generic,method=fp8|act=dynamic|serialized=True|block=128x128,False,True,[8192],[0],"[3072, 3072, 3072, 3072, 3072, 3072, 3072, 3072, 3072, 3072, 3072, 3072, 3072, 3072, 3072, 3072, 3072, 3072, 3072, 3072, 3072, 3072, 3072, 3072, 3072, 3072, 3072, 3072, 3072, 3072, 3072, 3072, 3072, 3072, 3072, 3072, 3072, 3072, 3072, 3072, 3072, 3072, 3072, 3072, 3072, 3072, 3072, 3072]",1.0,48.0,48.0,49.0,48.0,3072.0,0.02040816326530612
0.004240000154823065,0.013919999822974205,0.006199999991804361,0.004279999993741512,0.0038601139026236036,5,0.03880000114440918,0.1539199948310852,0.06215999945998192,0.039400000125169754,0.045881284502902964,5,0.12456099689006805,1.0182830095291138,0.30390500128269193,0.1252399981021881,0.35718940860419074,5,14.205513954162598,14.387795448303223,14.259842872619629,14.234435081481934,0.06506158805194467,5,0.5858420133590698,0.5874810218811035,0.5865294098854065,0.5863209962844849,0.0006200171685159476,5,5.56121301651001,5.5705342292785645,5.566165447235107,5.567334175109863,0.0034073984583566203,5,0.4365209937095642,0.43960100412368774,0.43736120462417605,0.43688100576400757,0.0011298854850137002,5,0.00419999985024333,0.004279999993741512,0.004240000061690808,0.004240000154823065,2.529826665971379e-05,5,7168,128,1,16,8,9216,65,0,0,True,TORCH_SDPA_MLA,False,true_mixed,,8256,8192,,,,,,,576,128,64,192,512,128,8256,8192,64,8192,8192,8256,False,0,0,8192,BF16,CUDA_EVENT,generic,generic,method=fp8|act=dynamic|serialized=True|block=128x128,False,True,[8192],[0],"[1024, 1024, 1024, 1024, 1024, 1024, 1024, 1024, 1024, 1024, 1024, 1024, 1024, 1024, 1024, 1024, 1024, 1024, 1024, 1024, 1024, 1024, 1024, 1024, 1024, 1024, 1024, 1024, 1024, 1024, 1024, 1024, 1024, 1024, 1024, 1024, 1024, 1024, 1024, 1024, 1024, 1024, 1024, 1024, 1024, 1024, 1024, 1024, 1024, 1024, 1024, 1024, 1024, 1024, 1024, 1024, 1024, 1024, 1024, 1024, 1024, 1024, 1024, 1024]",1.0,64.0,64.0,65.0,64.0,1024.0,0.015384615384615385
0.004360000137239695,0.00443999981507659,0.004400200024247169,0.004401000216603279,3.57791806467545e-05,5,0.03880000114440918,0.0759200006723404,0.04660819992423058,0.03959999978542328,0.01466044773301801,5,0.12572099268436432,0.9594029784202576,0.2934489965438843,0.12668000161647797,0.33297921153794596,5,14.213955879211426,14.754117012023926,14.524068450927734,14.66115665435791,0.21756162382289276,5,0.48172101378440857,0.4834809899330139,0.48256100416183473,0.4825209975242615,0.0005611342819353536,5,14.692517280578613,14.705917358398438,14.699140930175782,14.698076248168945,0.00537755055869033,5,0.4697209894657135,0.4781210124492645,0.47420099973678587,0.47440099716186523,0.002797606136551555,5,0.004360000137239695,0.004480000119656324,0.004440000094473362,0.004480000119656324,5.0596459691431135e-05,5,7168,128,1,16,8,9216,49,0,0,True,TORCH_SDPA_MLA,False,true_mixed,,8240,8192,,,,,,,576,128,64,192,512,128,8240,8192,48,8192,8192,8240,False,0,0,8192,BF16,CUDA_EVENT,generic,generic,method=fp8|act=dynamic|serialized=True|block=128x128,False,True,[8192],[0],"[5120, 5120, 5120, 5120, 5120, 5120, 5120, 5120, 5120, 5120, 5120, 5120, 5120, 5120, 5120, 5120, 5120, 5120, 5120, 5120, 5120, 5120, 5120, 5120, 5120, 5120, 5120, 5120, 5120, 5120, 5120, 5120, 5120, 5120, 5120, 5120, 5120, 5120, 5120, 5120, 5120, 5120, 5120, 5120, 5120, 5120, 5120, 5120]",1.0,48.0,48.0,49.0,48.0,5120.0,0.02040816326530612
0.004399999976158142,0.010440000332891941,0.005632000043988228,0.00443999981507659,0.00240418316622303,5,0.038600001484155655,0.10512000322341919,0.05339200049638748,0.039319999516010284,0.02596553416221499,5,0.1260409951210022,1.6663650274276733,0.43542540371418,0.12668099999427795,0.6154732245133971,5,14.246315956115723,14.5341157913208,14.332780075073241,14.290916442871094,0.10257338203987071,5,0.7881219983100891,0.7924020290374756,0.7897860050201416,0.7899619936943054,0.0015722931684865017,5,8.544061660766602,8.558019638061523,8.550781440734863,8.552301406860352,0.005169489093140112,5,0.852042019367218,0.8556020259857178,0.8540420055389404,0.8543220162391663,0.001170027188785253,5,0.004399999976158142,0.005080000031739473,0.004671999998390674,0.00443999981507659,0.000317389438879167,5,7168,128,1,16,8,9216,65,0,0,True,TORCH_SDPA_MLA,False,true_mixed,,8256,8192,,,,,,,576,128,64,192,512,128,8256,8192,64,8192,8192,8256,False,0,0,8192,BF16,CUDA_EVENT,generic,generic,method=fp8|act=dynamic|serialized=True|block=128x128,False,True,[8192],[0],"[2048, 2048, 2048, 2048, 2048, 2048, 2048, 2048, 2048, 2048, 2048, 2048, 2048, 2048, 2048, 2048, 2048, 2048, 2048, 2048, 2048, 2048, 2048, 2048, 2048, 2048, 2048, 2048, 2048, 2048, 2048, 2048, 2048, 2048, 2048, 2048, 2048, 2048, 2048, 2048, 2048, 2048, 2048, 2048, 2048, 2048, 2048, 2048, 2048, 2048, 2048, 2048, 2048, 2048, 2048, 2048, 2048, 2048, 2048, 2048, 2048, 2048, 2048, 2048]",1.0,64.0,64.0,65.0,64.0,2048.0,0.015384615384615385
0.004360000137239695,0.00571999978274107,0.0046640000306069854,0.004360000137239695,0.0005316237960728438,5,0.038759998977184296,0.11852099746465683,0.055064399540424344,0.0392800010740757,0.03172925910796797,5,0.1252799928188324,1.2594029903411865,0.3529447942972183,0.12591999769210815,0.4532308883850922,5,14.370115280151367,14.937236785888672,14.585684204101563,14.431916236877441,0.23015937190008587,5,0.586001992225647,0.5913619995117188,0.5877294063568115,0.5871610045433044,0.001965554363189601,5,4.896731853485107,4.920053005218506,4.912948131561279,4.916772842407227,0.008730578388397019,5,0.7280009984970093,0.7304819822311401,0.729097592830658,0.7290419936180115,0.00097682419015492,5,0.004399999976158142,0.005080000031739473,0.004600200057029724,0.004480000119656324,0.00024524305474299,5,7168,128,1,16,8,9216,65,0,0,True,TORCH_SDPA_MLA,False,true_mixed,,8256,8192,,,,,,,576,128,64,192,512,128,8256,8192,64,8192,8192,8256,False,0,0,8192,BF16,CUDA_EVENT,generic,generic,method=fp8|act=dynamic|serialized=True|block=128x128,False,True,[8192],[0],"[512, 512, 512, 512, 512, 512, 512, 512, 512, 512, 512, 512, 512, 512, 512, 512, 512, 512, 512, 512, 512, 512, 512, 512, 512, 512, 512, 512, 512, 512, 512, 512, 512, 512, 512, 512, 512, 512, 512, 512, 512, 512, 512, 512, 512, 512, 512, 512, 512, 512, 512, 512, 512, 512, 512, 512, 512, 512, 512, 512, 512, 512, 512, 512]",1.0,64.0,64.0,65.0,64.0,512.0,0.015384615384615385
0.004519999958574772,0.005160000175237656,0.004776000045239925,0.004600000102072954,0.00026844750293310537,5,0.038520000874996185,0.11344099789857864,0.0540243998169899,0.039400000125169754,0.02971080133417938,5,0.12515999376773834,0.8749619722366333,0.34435299038887024,0.2324810028076172,0.2793886624200162,5,14.07315444946289,14.68095588684082,14.49798755645752,14.57951545715332,0.21640253067249854,5,0.6095619797706604,0.6122410297393799,0.6109133958816528,0.611320972442627,0.0009863179640627684,5,17.1461238861084,17.198883056640625,17.182331848144532,17.18764305114746,0.019362201442949253,5,0.3651210069656372,0.36956098675727844,0.3670727968215942,0.3670409917831421,0.0015522709307874154,5,0.004399999976158142,0.004600000102072954,0.004496000055223703,0.004480000119656324,6.499233210529004e-05,5,7168,128,1,16,8,9216,49,0,0,True,TORCH_SDPA_MLA,False,true_mixed,,8240,8192,,,,,,,576,128,64,192,512,128,8240,8192,48,8192,8192,8240,False,0,0,8192,BF16,CUDA_EVENT,generic,generic,method=fp8|act=dynamic|serialized=True|block=128x128,False,True,[8192],[0],"[6144, 6144, 6144, 6144, 6144, 6144, 6144, 6144, 6144, 6144, 6144, 6144, 6144, 6144, 6144, 6144, 6144, 6144, 6144, 6144, 6144, 6144, 6144, 6144, 6144, 6144, 6144, 6144, 6144, 6144, 6144, 6144, 6144, 6144, 6144, 6144, 6144, 6144, 6144, 6144, 6144, 6144, 6144, 6144, 6144, 6144, 6144, 6144]",1.0,48.0,48.0,49.0,48.0,6144.0,0.02040816326530612
0.004480999894440174,0.004600000102072954,0.004528199974447489,0.004519999958574772,3.8948239140347424e-05,5,0.039000000804662704,0.0881199985742569,0.049248000234365465,0.03956000134348869,0.019439018069395828,5,0.1254809945821762,0.8847219944000244,0.27824859917163847,0.1260800063610077,0.30323939770072433,5,14.186836242675781,14.710838317871094,14.403668975830078,14.268876075744629,0.2267435650077478,5,0.9354820251464844,0.93852299451828,0.9365702033042907,0.9361220002174377,0.0011049273589279268,5,16.413801193237305,16.445960998535156,16.428857803344727,16.426162719726562,0.010544057586759704,5,0.48636099696159363,0.4892809987068176,0.4877611994743347,0.4879609942436218,0.0012197536045645263,5,0.004480000119656324,0.004639999940991402,0.0045519999228417875,0.004559999797493219,5.306593738933737e-05,5,7168,128,1,16,8,9216,65,0,0,True,TORCH_SDPA_MLA,False,true_mixed,,8256,8192,,,,,,,576,128,64,192,512,128,8256,8192,64,8192,8192,8256,False,0,0,8192,BF16,CUDA_EVENT,generic,generic,method=fp8|act=dynamic|serialized=True|block=128x128,False,True,[8192],[0],"[4096, 4096, 4096, 4096, 4096, 4096, 4096, 4096, 4096, 4096, 4096, 4096, 4096, 4096, 4096, 4096, 4096, 4096, 4096, 4096, 4096, 4096, 4096, 4096, 4096, 4096, 4096, 4096, 4096, 4096, 4096, 4096, 4096, 4096, 4096, 4096, 4096, 4096, 4096, 4096, 4096, 4096, 4096, 4096, 4096, 4096, 4096, 4096, 4096, 4096, 4096, 4096, 4096, 4096, 4096, 4096, 4096, 4096, 4096, 4096, 4096, 4096, 4096, 4096]",1.0,64.0,64.0,65.0,64.0,4096.0,0.015384615384615385
0.004399999976158142,0.007160000037401915,0.005007999949157238,0.004519999958574772,0.0010770032944150733,5,0.03840000182390213,0.11440099775791168,0.05445619970560074,0.03943999856710434,0.029988168029592952,5,0.12411999702453613,2.4007649421691895,1.0261541962623597,0.40620100498199463,0.9970889202489797,5,14.240194320678711,14.697996139526367,14.451299095153809,14.360795021057129,0.1714738985719883,5,0.8680019974708557,0.8746020197868347,0.8701142072677612,0.8692820072174072,0.0023770053095693504,5,12.980911254882812,13.019710540771484,12.997630882263184,12.996471405029297,0.012584176771586896,5,0.48364201188087463,0.48836201429367065,0.48627360463142394,0.4864009916782379,0.0016087229617224,5,0.004399999976158142,0.004519999958574772,0.0044559999369084835,0.00443999981507659,4.079219274941178e-05,5,7168,128,1,16,8,9216,65,0,0,True,TORCH_SDPA_MLA,False,true_mixed,,8256,8192,,,,,,,576,128,64,192,512,128,8256,8192,64,8192,8192,8256,False,0,0,8192,BF16,CUDA_EVENT,generic,generic,method=fp8|act=dynamic|serialized=True|block=128x128,False,True,[8192],[0],"[3072, 3072, 3072, 3072, 3072, 3072, 3072, 3072, 3072, 3072, 3072, 3072, 3072, 3072, 3072, 3072, 3072, 3072, 3072, 3072, 3072, 3072, 3072, 3072, 3072, 3072, 3072, 3072, 3072, 3072, 3072, 3072, 3072, 3072, 3072, 3072, 3072, 3072, 3072, 3072, 3072, 3072, 3072, 3072, 3072, 3072, 3072, 3072, 3072, 3072, 3072, 3072, 3072, 3072, 3072, 3072, 3072, 3072, 3072, 3072, 3072, 3072, 3072, 3072]",1.0,64.0,64.0,65.0,64.0,3072.0,0.015384615384615385
0.0041600000113248825,0.00431999983265996,0.0042479999363422396,0.004279999993741512,7.332113940631666e-05,5,0.03807999938726425,0.08207999914884567,0.04746399894356727,0.03895999863743782,0.01731240674719573,5,0.1244800016283989,1.0957629680633545,0.44680099487304686,0.12547999620437622,0.4080482095353559,5,14.305194854736328,14.467636108398438,14.356243515014649,14.332956314086914,0.05736352302062793,5,0.8740820288658142,0.8813220262527466,0.8765782117843628,0.8756020069122314,0.0025343333942492116,5,8.255260467529297,8.309900283813477,8.290620231628418,8.29386043548584,0.01871136383805201,5,0.6472820043563843,0.6514819860458374,0.6490499973297119,0.6490820050239563,0.0013882658312598705,5,0.00419999985024333,0.00431999983265996,0.004271999932825565,0.004279999993741512,4.6647571055609506e-05,5,7168,128,1,16,8,9216,97,0,0,True,TORCH_SDPA_MLA,False,true_mixed,,8288,8192,,,,,,,576,128,64,192,512,128,8288,8192,96,8192,8192,8288,False,0,0,8192,BF16,CUDA_EVENT,generic,generic,method=fp8|act=dynamic|serialized=True|block=128x128,False,True,[8192],[0],"[1024, 1024, 1024, 1024, 1024, 1024, 1024, 1024, 1024, 1024, 1024, 1024, 1024, 1024, 1024, 1024, 1024, 1024, 1024, 1024, 1024, 1024, 1024, 1024, 1024, 1024, 1024, 1024, 1024, 1024, 1024, 1024, 1024, 1024, 1024, 1024, 1024, 1024, 1024, 1024, 1024, 1024, 1024, 1024, 1024, 1024, 1024, 1024, 1024, 1024, 1024, 1024, 1024, 1024, 1024, 1024, 1024, 1024, 1024, 1024, 1024, 1024, 1024, 1024, 1024, 1024, 1024, 1024, 1024, 1024, 1024, 1024, 1024, 1024, 1024, 1024, 1024, 1024, 1024, 1024, 1024, 1024, 1024, 1024, 1024, 1024, 1024, 1024, 1024, 1024, 1024, 1024, 1024, 1024, 1024, 1024]",1.0,96.0,96.0,97.0,96.0,1024.0,0.010309278350515464
0.0055599999614059925,0.009479999542236328,0.007599999941885471,0.007960000075399876,0.0012859858850908634,5,0.05964000150561333,0.13120000064373016,0.07420820072293281,0.059801001101732254,0.028498953136594295,5,0.7560819983482361,0.9383630156517029,0.800090205669403,0.7599220275878906,0.07001952032499961,5,14.402436256408691,14.89659595489502,14.73002815246582,14.787156105041504,0.17022555243057352,5,0.7533619999885559,0.7551220059394836,0.7544420003890991,0.7546420097351074,0.0006289003517025683,5,23.204336166381836,23.72817611694336,23.391024780273437,23.34141731262207,0.17748033042456737,5,1.0572429895401,1.0910019874572754,1.078618621826172,1.0855220556259155,0.01306115307472408,5,0.0055599999614059925,0.01119999960064888,0.008111999835819006,0.007840000092983246,0.0018076104532175857,5,7168,128,1,16,8,9216,49,0,0,True,TORCH_SDPA_MLA,False,true_mixed,,8240,8192,,,,,,,576,128,64,192,512,128,8240,8192,48,8192,8193,8240,False,0,0,8192,BF16,CUDA_EVENT,generic,generic,method=fp8|act=dynamic|serialized=True|block=128x128,False,True,[8192],[0],"[8192, 8192, 8192, 8192, 8192, 8192, 8192, 8192, 8192, 8192, 8192, 8192, 8192, 8192, 8192, 8192, 8192, 8192, 8192, 8192, 8192, 8192, 8192, 8192, 8192, 8192, 8192, 8192, 8192, 8192, 8192, 8192, 8192, 8192, 8192, 8192, 8192, 8192, 8192, 8192, 8192, 8192, 8192, 8192, 8192, 8192, 8192, 8192]",1.0,48.0,48.0,49.0,48.0,8192.0,0.02040816326530612
0.00431999983265996,0.00851999968290329,0.005223999917507172,0.00443999981507659,0.0016489704719618568,5,0.03832000121474266,0.10092099756002426,0.059192399680614474,0.05764099955558777,0.022765088060765073,5,0.1252799928188324,1.2912429571151733,0.6355133831501008,0.8012819886207581,0.45013206208113254,5,14.51291561126709,14.951836585998535,14.760748291015625,14.857596397399902,0.17298925012031652,5,0.873121976852417,0.8768020272254944,0.8752339959144593,0.87568199634552,0.0013170777010862197,5,7.313697814941406,7.378537178039551,7.344737815856933,7.348137855529785,0.023909880716464087,5,1.081083059310913,1.7327239513397217,1.2134671926498413,1.085042953491211,0.25963746817832517,5,0.004360000137239695,0.00800000037997961,0.0051600000821053985,0.004519999958574772,0.0014214360401361024,5,7168,128,1,16,8,9216,97,0,0,True,TORCH_SDPA_MLA,False,true_mixed,,8288,8192,,,,,,,576,128,64,192,512,128,8288,8192,96,8192,8192,8288,False,0,0,8192,BF16,CUDA_EVENT,generic,generic,method=fp8|act=dynamic|serialized=True|block=128x128,False,True,[8192],[0],"[512, 512, 512, 512, 512, 512, 512, 512, 512, 512, 512, 512, 512, 512, 512, 512, 512, 512, 512, 512, 512, 512, 512, 512, 512, 512, 512, 512, 512, 512, 512, 512, 512, 512, 512, 512, 512, 512, 512, 512, 512, 512, 512, 512, 512, 512, 512, 512, 512, 512, 512, 512, 512, 512, 512, 512, 512, 512, 512, 512, 512, 512, 512, 512, 512, 512, 512, 512, 512, 512, 512, 512, 512, 512, 512, 512, 512, 512, 512, 512, 512, 512, 512, 512, 512, 512, 512, 512, 512, 512, 512, 512, 512, 512, 512, 512]",1.0,96.0,96.0,97.0,96.0,512.0,0.010309278350515464
0.004399999976158142,0.007840000092983246,0.0053519999608397486,0.004399999976158142,0.0013449520763928208,5,0.0597199983894825,0.08895999938249588,0.06900819912552833,0.06483999639749527,0.010291636464003124,5,0.778361976146698,1.7270439863204956,0.9752983927726746,0.7923619747161865,0.3759101744297337,5,14.524596214294434,14.662796020507812,14.618531799316406,14.628875732421875,0.049764370255442614,5,1.1842830181121826,1.1925230026245117,1.1883710145950317,1.1881630420684814,0.0029439988991967173,5,13.608193397521973,15.104436874389648,14.410426902770997,14.431915283203125,0.4808890430774736,5,3.068727970123291,3.089246988296509,3.0809597969055176,3.084007978439331,0.00783407659897208,5,0.007679999805986881,0.008679999969899654,0.007983999978750943,0.00788000039756298,0.0003583071434769779,5,7168,128,1,16,8,9216,97,0,0,True,TORCH_SDPA_MLA,False,true_mixed,,8288,8192,,,,,,,576,128,64,192,512,128,8288,8192,96,8192,8192,8288,False,0,0,8192,BF16,CUDA_EVENT,generic,generic,method=fp8|act=dynamic|serialized=True|block=128x128,False,True,[8192],[0],"[2048, 2048, 2048, 2048, 2048, 2048, 2048, 2048, 2048, 2048, 2048, 2048, 2048, 2048, 2048, 2048, 2048, 2048, 2048, 2048, 2048, 2048, 2048, 2048, 2048, 2048, 2048, 2048, 2048, 2048, 2048, 2048, 2048, 2048, 2048, 2048, 2048, 2048, 2048, 2048, 2048, 2048, 2048, 2048, 2048, 2048, 2048, 2048, 2048, 2048, 2048, 2048, 2048, 2048, 2048, 2048, 2048, 2048, 2048, 2048, 2048, 2048, 2048, 2048, 2048, 2048, 2048, 2048, 2048, 2048, 2048, 2048, 2048, 2048, 2048, 2048, 2048, 2048, 2048, 2048, 2048, 2048, 2048, 2048, 2048, 2048, 2048, 2048, 2048, 2048, 2048, 2048, 2048, 2048, 2048, 2048]",1.0,96.0,96.0,97.0,96.0,2048.0,0.010309278350515464
0.005640000104904175,0.008441000245511532,0.007480200100690127,0.00788000039756298,0.0009658489530738133,5,0.05920000001788139,0.07311999797821045,0.06267199963331223,0.06040000170469284,0.00524390001214783,5,0.776602029800415,0.8615220189094543,0.8155220031738282,0.8104419708251953,0.030090481240974215,5,14.304675102233887,14.913557052612305,14.59729175567627,14.583795547485352,0.2417657753929759,5,0.6404020190238953,0.6438019871711731,0.6419540047645569,0.6420419812202454,0.0011218162834101082,5,19.56888771057129,21.281251907348633,19.967848587036134,19.583927154541016,0.6641116728775888,5,0.8400020003318787,1.1790430545806885,0.9887704014778137,0.9162819981575012,0.1527921716090696,5,0.0069599999114871025,0.00887999963015318,0.007671999931335449,0.007600000128149986,0.0006695191060528147,5,7168,128,1,16,8,9216,65,0,0,True,TORCH_SDPA_MLA,False,true_mixed,,8256,8192,,,,,,,576,128,64,192,512,128,8256,8192,64,8192,8192,8256,False,0,0,8192,BF16,CUDA_EVENT,generic,generic,method=fp8|act=dynamic|serialized=True|block=128x128,False,True,[8192],[0],"[5120, 5120, 5120, 5120, 5120, 5120, 5120, 5120, 5120, 5120, 5120, 5120, 5120, 5120, 5120, 5120, 5120, 5120, 5120, 5120, 5120, 5120, 5120, 5120, 5120, 5120, 5120, 5120, 5120, 5120, 5120, 5120, 5120, 5120, 5120, 5120, 5120, 5120, 5120, 5120, 5120, 5120, 5120, 5120, 5120, 5120, 5120, 5120, 5120, 5120, 5120, 5120, 5120, 5120, 5120, 5120, 5120, 5120, 5120, 5120, 5120, 5120, 5120, 5120]",1.0,64.0,64.0,65.0,64.0,5120.0,0.015384615384615385
0.004639999940991402,0.008080000057816505,0.006999999936670065,0.007319999858736992,0.0012211470170901927,5,0.060920000076293945,0.16327999532222748,0.08220799937844277,0.06168000027537346,0.04055014589517818,5,0.7448819875717163,0.9044029712677002,0.792514193058014,0.7729219794273376,0.05735948540107752,5,14.359435081481934,14.944437026977539,14.67688446044922,14.800077438354492,0.25214097126840124,5,0.8118820190429688,0.8197219967842102,0.8146260023117066,0.8129220008850098,0.0028432714935916173,5,25.068021774291992,27.314388275146484,25.92320861816406,25.62718391418457,0.8109699498034703,5,1.0874429941177368,1.145082950592041,1.1127707958221436,1.1036030054092407,0.02034052658586889,5,0.007400000002235174,0.008679999969899654,0.008056000061333179,0.008080000057816505,0.0004472851866847114,5,7168,128,1,16,8,9216,65,0,0,True,TORCH_SDPA_MLA,False,true_mixed,,8256,8192,,,,,,,576,128,64,192,512,128,8256,8192,64,8192,8192,8256,False,0,0,8192,BF16,CUDA_EVENT,generic,generic,method=fp8|act=dynamic|serialized=True|block=128x128,False,True,[8192],[0],"[6144, 6144, 6144, 6144, 6144, 6144, 6144, 6144, 6144, 6144, 6144, 6144, 6144, 6144, 6144, 6144, 6144, 6144, 6144, 6144, 6144, 6144, 6144, 6144, 6144, 6144, 6144, 6144, 6144, 6144, 6144, 6144, 6144, 6144, 6144, 6144, 6144, 6144, 6144, 6144, 6144, 6144, 6144, 6144, 6144, 6144, 6144, 6144, 6144, 6144, 6144, 6144, 6144, 6144, 6144, 6144, 6144, 6144, 6144, 6144, 6144, 6144, 6144, 6144]",1.0,64.0,64.0,65.0,64.0,6144.0,0.015384615384615385
0.004399999976158142,0.004999999888241291,0.0045599999837577345,0.004480000119656324,0.00022199095268654527,5,0.06136000156402588,0.08816000074148178,0.06793600171804429,0.063680000603199,0.010148232070574015,5,0.8400020003318787,0.869841992855072,0.861122190952301,0.8643620014190674,0.010828294799330158,5,14.495277404785156,15.019638061523438,14.815413856506348,14.987957954406738,0.23792937209486772,5,1.3994840383529663,1.4051640033721924,1.403035616874695,1.4042439460754395,0.002060391924882765,5,26.65022850036621,28.722671508789062,27.404198455810548,27.143430709838867,0.7783560036250053,5,1.7664849758148193,2.614047050476074,2.2689737558364866,2.567365884780884,0.40196082493546903,5,0.007000000216066837,0.00839999970048666,0.007488000020384788,0.007360000163316727,0.00047959965106750773,5,7168,128,1,16,8,9216,97,0,0,True,TORCH_SDPA_MLA,False,true_mixed,,8288,8192,,,,,,,576,128,64,192,512,128,8288,8192,96,8192,8192,8288,False,0,0,8192,BF16,CUDA_EVENT,generic,generic,method=fp8|act=dynamic|serialized=True|block=128x128,False,True,[8192],[0],"[4096, 4096, 4096, 4096, 4096, 4096, 4096, 4096, 4096, 4096, 4096, 4096, 4096, 4096, 4096, 4096, 4096, 4096, 4096, 4096, 4096, 4096, 4096, 4096, 4096, 4096, 4096, 4096, 4096, 4096, 4096, 4096, 4096, 4096, 4096, 4096, 4096, 4096, 4096, 4096, 4096, 4096, 4096, 4096, 4096, 4096, 4096, 4096, 4096, 4096, 4096, 4096, 4096, 4096, 4096, 4096, 4096, 4096, 4096, 4096, 4096, 4096, 4096, 4096, 4096, 4096, 4096, 4096, 4096, 4096, 4096, 4096, 4096, 4096, 4096, 4096, 4096, 4096, 4096, 4096, 4096, 4096, 4096, 4096, 4096, 4096, 4096, 4096, 4096, 4096, 4096, 4096, 4096, 4096, 4096, 4096]",1.0,96.0,96.0,97.0,96.0,4096.0,0.010309278350515464
0.004279999993741512,0.005799999926239252,0.004607999883592129,0.00431999983265996,0.0005962013279796609,5,0.06111999973654747,0.17747999727725983,0.08479199931025505,0.06191999837756157,0.04634594266799103,5,0.8006420135498047,2.1050848960876465,1.0758425831794738,0.8249220252037048,0.5147249453026812,5,14.56771469116211,14.703954696655273,14.642707443237304,14.632196426391602,0.05107682699918176,5,1.2969629764556885,1.3074840307235718,1.3010512113571167,1.2998030185699463,0.0035263218489831037,5,23.212736129760742,25.258262634277344,24.688979721069337,25.11553955078125,0.7687337372227255,5,1.9289239645004272,1.9684840440750122,1.950564408302307,1.9519250392913818,0.012731248601811894,5,0.007079999893903732,0.008559999987483025,0.007839999999850989,0.007679999805986881,0.0005141207045722185,5,7168,128,1,16,8,9216,97,0,0,True,TORCH_SDPA_MLA,False,true_mixed,,8288,8192,,,,,,,576,128,64,192,512,128,8288,8192,96,8192,8192,8288,False,0,0,8192,BF16,CUDA_EVENT,generic,generic,method=fp8|act=dynamic|serialized=True|block=128x128,False,True,[8192],[0],"[3072, 3072, 3072, 3072, 3072, 3072, 3072, 3072, 3072, 3072, 3072, 3072, 3072, 3072, 3072, 3072, 3072, 3072, 3072, 3072, 3072, 3072, 3072, 3072, 3072, 3072, 3072, 3072, 3072, 3072, 3072, 3072, 3072, 3072, 3072, 3072, 3072, 3072, 3072, 3072, 3072, 3072, 3072, 3072, 3072, 3072, 3072, 3072, 3072, 3072, 3072, 3072, 3072, 3072, 3072, 3072, 3072, 3072, 3072, 3072, 3072, 3072, 3072, 3072, 3072, 3072, 3072, 3072, 3072, 3072, 3072, 3072, 3072, 3072, 3072, 3072, 3072, 3072, 3072, 3072, 3072, 3072, 3072, 3072, 3072, 3072, 3072, 3072, 3072, 3072, 3072, 3072, 3072, 3072, 3072, 3072]",1.0,96.0,96.0,97.0,96.0,3072.0,0.010309278350515464
0.004279999993741512,0.0075599998235702515,0.005647999979555607,0.004519999958574772,0.001546795333902849,5,0.058320000767707825,0.08664099872112274,0.06488020047545433,0.05936000123620033,0.010923254306267617,5,0.7648820281028748,1.1174819469451904,0.8714339852333068,0.8473619818687439,0.12942133835034234,5,14.854557991027832,14.958039283752441,14.903534317016602,14.907597541809082,0.034713230452023514,5,1.0003230571746826,1.0080430507659912,1.0044986248016357,1.0049619674682617,0.002673389186380631,5,35.1435661315918,35.60512924194336,35.380944061279294,35.421409606933594,0.1632810896128056,5,1.480523943901062,2.0075249671936035,1.692604398727417,1.4955240488052368,0.25256992696868263,5,0.0069599999114871025,0.009920000098645687,0.00789599996060133,0.0075599998235702515,0.0010666133661761262,5,7168,128,1,16,8,9216,65,0,0,True,TORCH_SDPA_MLA,False,true_mixed,,8256,8192,,,,,,,576,128,64,192,512,128,8256,8192,64,8192,8193,8256,False,0,0,8192,BF16,CUDA_EVENT,generic,generic,method=fp8|act=dynamic|serialized=True|block=128x128,False,True,[8192],[0],"[8192, 8192, 8192, 8192, 8192, 8192, 8192, 8192, 8192, 8192, 8192, 8192, 8192, 8192, 8192, 8192, 8192, 8192, 8192, 8192, 8192, 8192, 8192, 8192, 8192, 8192, 8192, 8192, 8192, 8192, 8192, 8192, 8192, 8192, 8192, 8192, 8192, 8192, 8192, 8192, 8192, 8192, 8192, 8192, 8192, 8192, 8192, 8192, 8192, 8192, 8192, 8192, 8192, 8192, 8192, 8192, 8192, 8192, 8192, 8192, 8192, 8192, 8192, 8192]",1.0,64.0,64.0,65.0,64.0,8192.0,0.015384615384615385
0.004279999993741512,0.005760000087320805,0.004600000008940697,0.00431999983265996,0.0005807581662672604,5,0.060120001435279846,0.0780399963259697,0.06540800034999847,0.06283999979496002,0.006426662507231464,5,0.8384019732475281,0.8944820165634155,0.8643381953239441,0.8632019758224487,0.017819838933571062,5,14.5742769241333,15.022997856140137,14.763821220397949,14.617596626281738,0.20320339315446853,5,0.9559630155563354,0.9644020199775696,0.9591702103614808,0.9591619968414307,0.0029688932697162613,5,35.35232925415039,37.233333587646484,36.01884155273437,35.688846588134766,0.7087366928293966,5,1.8070050477981567,2.5728859901428223,2.252229619026184,2.4849660396575928,0.3292706973398051,5,0.0069599999114871025,0.008840000256896019,0.007808199990540743,0.007720999885350466,0.0006326303262858055,5,7168,128,1,16,8,9216,97,0,0,True,TORCH_SDPA_MLA,False,true_mixed,,8288,8192,,,,,,,576,128,64,192,512,128,8288,8192,96,8192,8192,8288,False,0,0,8192,BF16,CUDA_EVENT,generic,generic,method=fp8|act=dynamic|serialized=True|block=128x128,False,True,[8192],[0],"[5120, 5120, 5120, 5120, 5120, 5120, 5120, 5120, 5120, 5120, 5120, 5120, 5120, 5120, 5120, 5120, 5120, 5120, 5120, 5120, 5120, 5120, 5120, 5120, 5120, 5120, 5120, 5120, 5120, 5120, 5120, 5120, 5120, 5120, 5120, 5120, 5120, 5120, 5120, 5120, 5120, 5120, 5120, 5120, 5120, 5120, 5120, 5120, 5120, 5120, 5120, 5120, 5120, 5120, 5120, 5120, 5120, 5120, 5120, 5120, 5120, 5120, 5120, 5120, 5120, 5120, 5120, 5120, 5120, 5120, 5120, 5120, 5120, 5120, 5120, 5120, 5120, 5120, 5120, 5120, 5120, 5120, 5120, 5120, 5120, 5120, 5120, 5120, 5120, 5120, 5120, 5120, 5120, 5120, 5120, 5120]",1.0,96.0,96.0,97.0,96.0,5120.0,0.010309278350515464
0.004360000137239695,0.004480000119656324,0.00439200010150671,0.004360000137239695,4.6647602999600904e-05,5,0.06151999905705452,0.09948000311851501,0.07035199925303459,0.06403999775648117,0.014595198957114652,5,0.7836819887161255,0.9969630241394043,0.8476743936538697,0.8075219988822937,0.07879530901024112,5,14.473636627197266,15.033198356628418,14.847046279907227,14.925358772277832,0.19501517864555473,5,1.2119630575180054,1.2199629545211792,1.2162349939346313,1.216243028640747,0.002721545294819967,5,44.348472595214844,47.936920166015625,46.12082214355469,46.149200439453125,1.1366272926750456,5,1.723484992980957,2.590606927871704,1.9689493656158448,1.7786049842834473,0.3260527024997161,5,0.007040000054985285,0.00812000036239624,0.007616000063717365,0.0077599999494850636,0.0003858290846186691,5,7168,128,1,16,8,9216,97,0,0,True,TORCH_SDPA_MLA,False,true_mixed,,8288,8192,,,,,,,576,128,64,192,512,128,8288,8192,96,8192,8192,8288,False,0,0,8192,BF16,CUDA_EVENT,generic,generic,method=fp8|act=dynamic|serialized=True|block=128x128,False,True,[8192],[0],"[6144, 6144, 6144, 6144, 6144, 6144, 6144, 6144, 6144, 6144, 6144, 6144, 6144, 6144, 6144, 6144, 6144, 6144, 6144, 6144, 6144, 6144, 6144, 6144, 6144, 6144, 6144, 6144, 6144, 6144, 6144, 6144, 6144, 6144, 6144, 6144, 6144, 6144, 6144, 6144, 6144, 6144, 6144, 6144, 6144, 6144, 6144, 6144, 6144, 6144, 6144, 6144, 6144, 6144, 6144, 6144, 6144, 6144, 6144, 6144, 6144, 6144, 6144, 6144, 6144, 6144, 6144, 6144, 6144, 6144, 6144, 6144, 6144, 6144, 6144, 6144, 6144, 6144, 6144, 6144, 6144, 6144, 6144, 6144, 6144, 6144, 6144, 6144, 6144, 6144, 6144, 6144, 6144, 6144, 6144, 6144]",1.0,96.0,96.0,97.0,96.0,6144.0,0.010309278350515464
0.00431999983265996,0.009320000186562538,0.0053600000217556955,0.004360000137239695,0.001980383882833983,5,0.06027999892830849,0.12331999838352203,0.07620799914002419,0.06611999869346619,0.02370666560605078,5,0.7857620120048523,1.5336040258407593,0.9595463991165161,0.8094019889831543,0.28907792204581645,5,14.576757431030273,15.064038276672363,14.901261901855468,14.951997756958008,0.16813635297132382,5,1.5013240575790405,1.5088839530944824,1.5032919883728026,1.5022039413452148,0.0028224475612424484,5,60.44735336303711,111.09027862548828,71.28907623291016,61.20683670043945,19.917795604878453,5,2.371406078338623,3.7898499965667725,2.814823055267334,2.545325994491577,0.5127313877195669,5,0.006000000052154064,0.025520000606775284,0.011416000127792359,0.00791999977082014,0.0071515527819580905,5,7168,128,1,16,8,9216,97,0,0,True,TORCH_SDPA_MLA,False,true_mixed,,8288,8192,,,,,,,576,128,64,192,512,128,8288,8192,96,8192,8193,8288,False,0,0,8192,BF16,CUDA_EVENT,generic,generic,method=fp8|act=dynamic|serialized=True|block=128x128,False,True,[8192],[0],"[8192, 8192, 8192, 8192, 8192, 8192, 8192, 8192, 8192, 8192, 8192, 8192, 8192, 8192, 8192, 8192, 8192, 8192, 8192, 8192, 8192, 8192, 8192, 8192, 8192, 8192, 8192, 8192, 8192, 8192, 8192, 8192, 8192, 8192, 8192, 8192, 8192, 8192, 8192, 8192, 8192, 8192, 8192, 8192, 8192, 8192, 8192, 8192, 8192, 8192, 8192, 8192, 8192, 8192, 8192, 8192, 8192, 8192, 8192, 8192, 8192, 8192, 8192, 8192, 8192, 8192, 8192, 8192, 8192, 8192, 8192, 8192, 8192, 8192, 8192, 8192, 8192, 8192, 8192, 8192, 8192, 8192, 8192, 8192, 8192, 8192, 8192, 8192, 8192, 8192, 8192, 8192, 8192, 8192, 8192, 8192]",1.0,96.0,96.0,97.0,96.0,8192.0,0.010309278350515464
