time_stats.attn_input_reshape.min,time_stats.attn_input_reshape.max,time_stats.attn_input_reshape.mean,time_stats.attn_input_reshape.median,time_stats.attn_input_reshape.std,time_stats.attn_input_reshape.count,time_stats.attn_mla_kv_cache_save.min,time_stats.attn_mla_kv_cache_save.max,time_stats.attn_mla_kv_cache_save.mean,time_stats.attn_mla_kv_cache_save.median,time_stats.attn_mla_kv_cache_save.std,time_stats.attn_mla_kv_cache_save.count,time_stats.attn_mla_prefill_kv_up_proj.min,time_stats.attn_mla_prefill_kv_up_proj.max,time_stats.attn_mla_prefill_kv_up_proj.mean,time_stats.attn_mla_prefill_kv_up_proj.median,time_stats.attn_mla_prefill_kv_up_proj.std,time_stats.attn_mla_prefill_kv_up_proj.count,time_stats.attn_mla_prefill.min,time_stats.attn_mla_prefill.max,time_stats.attn_mla_prefill.mean,time_stats.attn_mla_prefill.median,time_stats.attn_mla_prefill.std,time_stats.attn_mla_prefill.count,time_stats.attn_mla_decode_q_latent_proj.min,time_stats.attn_mla_decode_q_latent_proj.max,time_stats.attn_mla_decode_q_latent_proj.mean,time_stats.attn_mla_decode_q_latent_proj.median,time_stats.attn_mla_decode_q_latent_proj.std,time_stats.attn_mla_decode_q_latent_proj.count,time_stats.attn_mla_decode.min,time_stats.attn_mla_decode.max,time_stats.attn_mla_decode.mean,time_stats.attn_mla_decode.median,time_stats.attn_mla_decode.std,time_stats.attn_mla_decode.count,time_stats.attn_mla_v_up_proj.min,time_stats.attn_mla_v_up_proj.max,time_stats.attn_mla_v_up_proj.mean,time_stats.attn_mla_v_up_proj.median,time_stats.attn_mla_v_up_proj.std,time_stats.attn_mla_v_up_proj.count,time_stats.attn_output_reshape.min,time_stats.attn_output_reshape.max,time_stats.attn_output_reshape.mean,time_stats.attn_output_reshape.median,time_stats.attn_output_reshape.std,time_stats.attn_output_reshape.count,n_embd,n_q_head,n_kv_head,block_size,num_tensor_parallel_workers,max_model_len,batch_size,prefill_chunk_size,kv_cache_size,is_prefill,attention_backend,is_mixed_batch,mode,seq_lens,total_tokens,max_seq_len,min_seq_len,avg_seq_len,equal_seq_len,seq_len_variance,seq_len_std,seq_len_cv,head_size,qk_nope_head_dim,qk_rope_head_dim,qk_head_dim,kv_lora_rank,v_head_dim,batch_num_tokens,batch_num_prefill_tokens,batch_num_decode_tokens,max_seqlen_q,max_seqlen_k,num_actual_tokens,is_mla_profile_import,is_chunked_prefill_sample,chunk_start_token,chunk_end_token,total_prefill_tokens,profiling_precision,measurement_type,model_arch,model_architecture_profile,quant_signature
0.004279999993741512,0.005840000230818987,0.005496000032871961,0.005799999926239252,0.0006085261096183938,5,0.032919999212026596,0.07079999893903732,0.042191998660564424,0.03571999818086624,0.014428602814977452,5,0.09047999978065491,0.12727899849414825,0.10159980058670044,0.09384000301361084,0.013928984078448482,5,0.15639999508857727,0.17652000486850739,0.1633518010377884,0.1629990041255951,0.007200962940673023,5,0.004519999958574772,0.006479999981820583,0.0050640000030398365,0.004600000102072954,0.0007524254046460633,5,0.004559999797493219,0.013198000378906727,0.006815600022673607,0.005520000122487545,0.0032533181070046155,5,0.004559999797493219,0.005679999943822622,0.005327999964356423,0.005439999978989363,0.00039630298233997934,5,0.00535999983549118,0.007639999967068434,0.005967999994754791,0.0055599999614059925,0.0008456571380102026,5,7168,128,1,16,4,4096,1,64,0,True,TORCH_SDPA_MLA,False,even,[64],64,64,64,64.0,64,0.0,0.0,0.0,576,128,64,192,512,128,64,64,0,64,64,64,False,False,0,64,64,BF16,CUDA_EVENT,generic,generic,method=fp8|act=dynamic|serialized=True|block=128x128
0.004399999976158142,0.005880000069737434,0.005552000086754561,0.005840000230818987,0.0005765553451313446,5,0.033720001578330994,0.06972000002861023,0.04278400093317032,0.036400001496076584,0.013620233813518729,5,0.09267999976873398,0.12947900593280792,0.10302380174398422,0.09736000001430511,0.01337582671093477,5,0.14803999662399292,0.17535999417304993,0.16131979823112488,0.15915900468826294,0.009706354423231315,5,0.004559999797493219,0.005760000087320805,0.00505599994212389,0.004800000227987766,0.0005194458953047111,5,0.00443999981507659,0.007120000198483467,0.005127999931573868,0.004519999958574772,0.0010280546047861478,5,0.00443999981507659,0.00535999983549118,0.004832000005990267,0.004800000227987766,0.00035181810305107326,5,0.00443999981507659,0.007439999841153622,0.005623999983072281,0.005760000087320805,0.0010800296024998652,5,7168,128,1,16,4,4096,1,64,64,True,TORCH_SDPA_MLA,False,even,[64],64,64,64,64.0,64,0.0,0.0,0.0,576,128,64,192,512,128,64,64,0,64,128,64,False,True,64,128,128,BF16,CUDA_EVENT,generic,generic,method=fp8|act=dynamic|serialized=True|block=128x128
0.004360000137239695,0.007720000110566616,0.005848000105470419,0.005679999943822622,0.0010761115162545637,5,0.0318400003015995,0.0711200013756752,0.041448000073432925,0.03359999880194664,0.01498450252845458,5,0.08219999819993973,0.11935900151729584,0.09531179964542388,0.091839998960495,0.012648716338626704,5,0.14847999811172485,0.18303999304771423,0.1628397971391678,0.15995900332927704,0.011374546488262005,5,0.00443999981507659,0.006399999838322401,0.004871999844908714,0.00443999981507659,0.0007679166637877757,5,0.004399999976158142,0.005280000157654285,0.004639999940991402,0.004519999958574772,0.0003249616375987067,5,0.00443999981507659,0.007960000075399876,0.005496000032871961,0.004800000227987766,0.0012980231566505338,5,0.005520000122487545,0.007799999788403511,0.006120000034570694,0.005760000087320805,0.000846640301350856,5,7168,128,1,16,4,4096,1,32,0,True,TORCH_SDPA_MLA,False,even,[32],32,32,32,32.0,32,0.0,0.0,0.0,576,128,64,192,512,128,32,32,0,32,32,32,False,False,0,32,32,BF16,CUDA_EVENT,generic,generic,method=fp8|act=dynamic|serialized=True|block=128x128
0.0055599999614059925,0.00863999966531992,0.006352000031620264,0.005840000230818987,0.00114971979117415,5,0.03420000150799751,0.06604000180959702,0.041568000614643094,0.03643999993801117,0.01227535863305379,5,0.08715999871492386,0.12300000339746475,0.09647980034351349,0.09119900315999985,0.01334764383080133,5,0.1526000052690506,0.1852400004863739,0.16573580205440522,0.1632400006055832,0.010739926882659989,5,0.00431999983265996,0.00547999981790781,0.004839999880641699,0.004600000102072954,0.00048332181180042727,5,0.00443999981507659,0.006719999946653843,0.005215999949723482,0.004879999905824661,0.0008528915508005672,5,0.004399999976158142,0.006839999929070473,0.005391999892890453,0.0047599999234080315,0.001018673642510873,5,0.00559999980032444,0.007720000110566616,0.006375999934971332,0.005799999926239252,0.0008262107084347529,5,7168,128,1,16,4,4096,1,64,0,True,TORCH_SDPA_MLA,False,even,[64],64,64,64,64.0,64,0.0,0.0,0.0,576,128,64,192,512,128,64,64,0,64,64,64,False,False,0,64,64,BF16,CUDA_EVENT,generic,generic,method=fp8|act=dynamic|serialized=True|block=128x128
0.00443999981507659,0.008679999969899654,0.006343999970704317,0.005840000230818987,0.0014289801033305388,5,0.033720001578330994,0.06943999975919724,0.04156000018119812,0.03443999961018562,0.013976597290378609,5,0.08675999939441681,0.13655999302864075,0.10047999918460845,0.091839998960495,0.018301245148002816,5,0.14796000719070435,0.17564000189304352,0.1606158047914505,0.1608390063047409,0.009041819499758765,5,0.00443999981507659,0.011479999870061874,0.00615199999883771,0.004840000066906214,0.0026920207472469547,5,0.004399999976158142,0.004999999888241291,0.004567999858409166,0.00443999981507659,0.00022256684810288192,5,0.004480000119656324,0.005760000087320805,0.0050720000639557835,0.005280000157654285,0.0004966447599840508,5,0.004679999779909849,0.007040000054985285,0.006047999951988459,0.005799999926239252,0.000864740528827915,5,7168,128,1,16,4,4096,1,96,0,True,TORCH_SDPA_MLA,False,even,[96],96,96,96,96.0,96,0.0,0.0,0.0,576,128,64,192,512,128,96,96,0,96,96,96,False,False,0,96,96,BF16,CUDA_EVENT,generic,generic,method=fp8|act=dynamic|serialized=True|block=128x128
0.004360000137239695,0.005880000069737434,0.005528000090271235,0.005840000230818987,0.0005864605584586282,5,0.03392000123858452,0.06904000043869019,0.04258400052785873,0.03660000115633011,0.013292008947945,5,0.004519999958574772,0.006680000107735395,0.00540799992159009,0.00559999980032444,0.0008045471501243055,5,0.00443999981507659,0.0063599999994039536,0.005207999888807535,0.004679999779909849,0.0008505622684064498,5,0.038679998368024826,0.07128000259399414,0.048240000009536745,0.04399999976158142,0.011705972472931878,5,0.12235900014638901,0.1512400060892105,0.13423180133104323,0.13075999915599823,0.00969122844796261,5,0.032280001789331436,0.03791999816894531,0.034487799555063245,0.03407999873161316,0.0018584292868018117,5,0.005319999996572733,0.005840000230818987,0.005624000076204538,0.005760000087320805,0.0002185040213970183,5,7168,128,1,16,4,4096,1,0,0,False,TORCH_SDPA_MLA,False,even,[1],1,1,1,1.0,1,0.0,0.0,0.0,576,128,64,192,512,128,1,0,1,1,1,1,False,False,0,0,0,BF16,CUDA_EVENT,generic,generic,method=fp8|act=dynamic|serialized=True|block=128x128
0.00559999980032444,0.005919999908655882,0.005800000019371509,0.005840000230818987,0.00010733135131808589,5,0.03384000062942505,0.0735199972987175,0.04329599961638451,0.03652000054717064,0.015162407102735118,5,0.004399999976158142,0.01104000024497509,0.006288000103086233,0.005319999996572733,0.0024060457951347613,5,0.004399999976158142,0.007040000054985285,0.005007999949157238,0.004519999958574772,0.001017416386221497,5,0.06583999842405319,0.09619899839162827,0.07442380040884018,0.06988000124692917,0.011078973545066177,5,0.2168000042438507,0.2629599869251251,0.239615797996521,0.2349189966917038,0.015859004355781567,5,0.055399999022483826,0.060759998857975006,0.05741579979658127,0.05592000111937523,0.0022370455434465595,5,0.0055599999614059925,0.0069599999114871025,0.005976000055670738,0.005840000230818987,0.0005031738796099047,5,7168,128,1,16,4,4096,2,0,0,False,TORCH_SDPA_MLA,False,even,"[1, 1]",2,1,1,1.0,1,0.0,0.0,0.0,576,128,64,192,512,128,2,0,2,1,1,2,False,False,0,0,0,BF16,CUDA_EVENT,generic,generic,method=fp8|act=dynamic|serialized=True|block=128x128
0.00443999981507659,0.005840000230818987,0.005528000090271235,0.005760000087320805,0.0005451753427089781,5,0.03336000069975853,0.06700000166893005,0.04145599976181984,0.03531999886035919,0.01282768596380911,5,0.004480000119656324,0.006000000052154064,0.00493599995970726,0.004559999797493219,0.0005810886577812981,5,0.004399999976158142,0.005760000087320805,0.004735999926924706,0.004519999958574772,0.0005151155974162574,5,0.0406000018119812,0.06915999948978424,0.04785600081086159,0.04252000153064728,0.010732278876501506,5,0.13231900334358215,0.15748000144958496,0.13936780393123627,0.1353600025177002,0.00938866645527804,5,0.03448000177741051,0.04019999876618385,0.036232000589370726,0.03519999980926514,0.002059498118948084,5,0.005280000157654285,0.005840000230818987,0.005632000137120485,0.005760000087320805,0.00020614558074484054,5,7168,128,1,16,4,4096,1,0,32,False,TORCH_SDPA_MLA,False,even,[1],1,1,1,1.0,1,0.0,0.0,0.0,576,128,64,192,512,128,1,0,1,1,33,1,False,False,0,0,0,BF16,CUDA_EVENT,generic,generic,method=fp8|act=dynamic|serialized=True|block=128x128
0.00443999981507659,0.005880000069737434,0.005319999996572733,0.005760000087320805,0.0006263546921961589,5,0.03303999826312065,0.05048000067472458,0.038367999345064165,0.03548000007867813,0.006269438999831267,5,0.00443999981507659,0.005520000122487545,0.005071999970823526,0.005400000140070915,0.0004701660615743701,5,0.004519999958574772,0.00571999978274107,0.004967999830842018,0.004559999797493219,0.0005217815355852022,5,0.06995999813079834,0.12759999930858612,0.0825760006904602,0.07124000042676926,0.022531720639475714,5,0.22551999986171722,0.26603999733924866,0.24168760180473328,0.23812000453472137,0.01373836062526039,5,0.055240001529455185,0.06543999910354614,0.05900800004601479,0.05843999981880188,0.003700931316829544,5,0.005239999853074551,0.007319999858736992,0.006431999895721674,0.00687999976798892,0.0007695816279425831,5,7168,128,1,16,4,4096,2,0,32,False,TORCH_SDPA_MLA,False,even,"[1, 1]",2,1,1,1.0,1,0.0,0.0,0.0,576,128,64,192,512,128,2,0,2,1,33,2,False,False,0,0,0,BF16,CUDA_EVENT,generic,generic,method=fp8|act=dynamic|serialized=True|block=128x128
0.004399999976158142,0.009560000151395798,0.0062720000743865965,0.005760000087320805,0.0017316628338874484,5,0.03232000023126602,0.06876000016927719,0.04137599989771843,0.035679999738931656,0.013753128643911932,5,0.004679999779909849,0.006440000142902136,0.005496000032871961,0.005439999978989363,0.0005705296825661923,5,0.004360000137239695,0.0061599998734891415,0.005200000014156103,0.005400000140070915,0.0006489374943869027,5,0.04123999923467636,0.06983999907970428,0.049575799703598024,0.043880000710487366,0.010654543235277496,5,0.13087999820709229,0.149399995803833,0.1378798007965088,0.13524000346660614,0.006390187982487507,5,0.03432000055909157,0.039239998906850815,0.03641600012779236,0.03612000122666359,0.0015971168719843439,5,0.005319999996572733,0.00687999976798892,0.005815999954938889,0.005640000104904175,0.0005569056456733772,5,7168,128,1,16,4,4096,1,0,64,False,TORCH_SDPA_MLA,False,even,[1],1,1,1,1.0,1,0.0,0.0,0.0,576,128,64,192,512,128,1,0,1,1,65,1,False,False,0,0,0,BF16,CUDA_EVENT,generic,generic,method=fp8|act=dynamic|serialized=True|block=128x128
0.004279999993741512,0.005880000069737434,0.005471999943256378,0.005799999926239252,0.0006031384457875282,5,0.03523999825119972,0.07680000364780426,0.04437600001692772,0.03587999939918518,0.01626297281935433,5,0.004480000119656324,0.007439999841153622,0.005800000019371509,0.005760000087320805,0.0009526383669693522,5,0.004480000119656324,0.0060800001956522465,0.0051600000821053985,0.004639999940991402,0.0007530206732435654,5,0.0629189983010292,0.1074799969792366,0.07618379890918732,0.07051999866962433,0.01590461257558074,5,0.2404399961233139,0.2779200077056885,0.2538078039884567,0.25148001313209534,0.013009540102977427,5,0.05668000131845474,0.06279999762773514,0.059256000071763994,0.058800000697374344,0.002034202349605435,5,0.0055599999614059925,0.007439999841153622,0.00602400004863739,0.005640000104904175,0.0007140195151238075,5,7168,128,1,16,4,4096,2,0,64,False,TORCH_SDPA_MLA,False,even,"[1, 1]",2,1,1,1.0,1,0.0,0.0,0.0,576,128,64,192,512,128,2,0,2,1,65,2,False,False,0,0,0,BF16,CUDA_EVENT,generic,generic,method=fp8|act=dynamic|serialized=True|block=128x128
0.004399999976158142,0.005880000069737434,0.005560000147670508,0.005840000230818987,0.0005802069437228449,5,0.03480000048875809,0.06723999977111816,0.04223999977111816,0.03612000122666359,0.012524229286172037,5,0.00443999981507659,0.007360000163316727,0.005239999946206808,0.00443999981507659,0.0011395439130361274,5,0.004519999958574772,0.0055599999614059925,0.004887999966740608,0.004559999797493219,0.00044354938069014657,5,0.03956000134348869,0.07152000069618225,0.04743980020284653,0.041280001401901245,0.012147597114844162,5,0.13395999372005463,0.14880000054836273,0.13880800008773803,0.1369200050830841,0.005292435774539753,5,0.034758999943733215,0.04295999929308891,0.03759979903697967,0.035599999129772186,0.0030841815077474297,5,0.004360000137239695,0.007639999967068434,0.005856000073254109,0.005799999926239252,0.0010460133294978092,5,7168,128,1,16,4,4096,1,0,96,False,TORCH_SDPA_MLA,False,even,[1],1,1,1,1.0,1,0.0,0.0,0.0,576,128,64,192,512,128,1,0,1,1,97,1,False,False,0,0,0,BF16,CUDA_EVENT,generic,generic,method=fp8|act=dynamic|serialized=True|block=128x128
0.00443999981507659,0.005799999926239252,0.005503999907523394,0.005760000087320805,0.000532826474011332,5,0.03480000048875809,0.07704000174999237,0.044359800219535825,0.03539999946951866,0.01642924389393077,5,0.00443999981507659,0.006279999855905771,0.005207999981939793,0.005040000192821026,0.0006336686240016108,5,0.004519999958574772,0.006479999981820583,0.005599999986588955,0.005760000087320805,0.0006484443235070554,5,0.06915999948978424,0.10471999645233154,0.07667199820280075,0.06955999881029129,0.014031606871411346,5,0.23371900618076324,0.27619999647140503,0.2525435984134674,0.25127899646759033,0.013903300590362148,5,0.055080000311136246,0.08275999873876572,0.06525600031018257,0.061239998787641525,0.009467234903071593,5,0.00431999983265996,0.007799999788403511,0.005887999944388866,0.005760000087320805,0.0011094935496799528,5,7168,128,1,16,4,4096,2,0,96,False,TORCH_SDPA_MLA,False,even,"[1, 1]",2,1,1,1.0,1,0.0,0.0,0.0,576,128,64,192,512,128,2,0,2,1,97,2,False,False,0,0,0,BF16,CUDA_EVENT,generic,generic,method=fp8|act=dynamic|serialized=True|block=128x128
0.00431999983265996,0.005880000069737434,0.005487999971956014,0.005799999926239252,0.0005918919694206274,5,0.0326399989426136,0.07400000095367432,0.04328000023961067,0.0371600016951561,0.015576125872128565,5,0.08844000101089478,0.12707999348640442,0.09880799800157547,0.09160000085830688,0.01447507740045756,5,0.15568000078201294,0.18019899725914001,0.16463959813117982,0.1592389941215515,0.008951734595120218,5,0.004480000119656324,0.007199999876320362,0.005391999986022711,0.0049600000493228436,0.0010211835588143027,5,0.004399999976158142,0.005520000122487545,0.0047520000487566,0.004519999958574772,0.00040587689396047997,5,0.00431999983265996,0.005400000140070915,0.004631999880075455,0.00443999981507659,0.00039142827970174856,5,0.004399999976158142,0.007679999805986881,0.005840000044554472,0.005640000104904175,0.0010525397161887087,5,7168,128,1,16,8,4096,1,64,0,True,TORCH_SDPA_MLA,False,even,[64],64,64,64,64.0,64,0.0,0.0,0.0,576,128,64,192,512,128,64,64,0,64,64,64,False,False,0,64,64,BF16,CUDA_EVENT,generic,generic,method=fp8|act=dynamic|serialized=True|block=128x128
0.004360000137239695,0.005880000069737434,0.005240000039339066,0.005760000087320805,0.0007033633337014382,5,0.030959999188780785,0.07711999863386154,0.04340799935162067,0.035679999738931656,0.017028529194252035,5,0.09424000233411789,0.1361600011587143,0.10395180135965347,0.09511999785900116,0.016226911836465678,5,0.15296000242233276,0.17764000594615936,0.16155979931354522,0.15775999426841736,0.008551649545006104,5,0.00431999983265996,0.0069599999114871025,0.0049519998952746395,0.00443999981507659,0.0010095226702312714,5,0.004399999976158142,0.006920000072568655,0.005023999977856875,0.004559999797493219,0.0009615321625400237,5,0.00443999981507659,0.00675999978557229,0.005127999838441611,0.004519999958574772,0.0009059447810101205,5,0.005040000192821026,0.006399999838322401,0.005703999940305948,0.00571999978274107,0.00043715432260914094,5,7168,128,1,16,8,4096,1,64,64,True,TORCH_SDPA_MLA,False,even,[64],64,64,64,64.0,64,0.0,0.0,0.0,576,128,64,192,512,128,64,64,0,64,128,64,False,True,64,128,128,BF16,CUDA_EVENT,generic,generic,method=fp8|act=dynamic|serialized=True|block=128x128
0.005520000122487545,0.007519999984651804,0.0060639999806880954,0.005760000087320805,0.0007343459617058499,5,0.032280001789331436,0.0684799998998642,0.043560000509023665,0.03748000040650368,0.013105137750343427,5,0.0825200006365776,0.11980000138282776,0.0924237996339798,0.08795999735593796,0.013950395831979346,5,0.14496000111103058,0.17768000066280365,0.15878379940986634,0.16019999980926514,0.011240385505345101,5,0.004399999976158142,0.006440000142902136,0.005408000014722347,0.00547999981790781,0.0006545350011026542,5,0.004480000119656324,0.006680000107735395,0.005327999964356423,0.005319999996572733,0.0008013588822570359,5,0.00443999981507659,0.00559999980032444,0.0047519998624920845,0.004559999797493219,0.00042738270934551383,5,0.0055599999614059925,0.007799999788403511,0.0061039999127388,0.00571999978274107,0.000851765159959643,5,7168,128,1,16,8,4096,1,32,0,True,TORCH_SDPA_MLA,False,even,[32],32,32,32,32.0,32,0.0,0.0,0.0,576,128,64,192,512,128,32,32,0,32,32,32,False,False,0,32,32,BF16,CUDA_EVENT,generic,generic,method=fp8|act=dynamic|serialized=True|block=128x128
0.005319999996572733,0.00827999971807003,0.006583799887448549,0.00583899999037385,0.0011700433801236337,5,0.03187999874353409,0.07075999677181244,0.04209599941968918,0.036240000277757645,0.014515526424016852,5,0.08807899802923203,0.1276399940252304,0.09905579835176467,0.09300000220537186,0.014793173968384667,5,0.14980000257492065,0.1767600029706955,0.15871999859809877,0.15571999549865723,0.009327191904579694,5,0.004480000119656324,0.005799999926239252,0.004863999970257282,0.004559999797493219,0.0004922438501063273,5,0.004399999976158142,0.006479999981820583,0.005087999999523163,0.004559999797493219,0.0008057394313758364,5,0.00443999981507659,0.005799999926239252,0.00494399992749095,0.004559999797493219,0.0005648929250337718,5,0.00535999983549118,0.005760000087320805,0.005583999957889318,0.00559999980032444,0.00013047613701295312,5,7168,128,1,16,8,4096,1,64,0,True,TORCH_SDPA_MLA,False,even,[64],64,64,64,64.0,64,0.0,0.0,0.0,576,128,64,192,512,128,64,64,0,64,64,64,False,False,0,64,64,BF16,CUDA_EVENT,generic,generic,method=fp8|act=dynamic|serialized=True|block=128x128
0.004279000218957663,0.008440000005066395,0.006023800000548363,0.005799999926239252,0.0013440690577090288,5,0.03167999908328056,0.06852000206708908,0.041823799908161166,0.036958999931812286,0.013515400120883926,5,0.08795999735593796,0.127920001745224,0.09992799907922745,0.0957999974489212,0.014293371031486977,5,0.14815999567508698,0.17231999337673187,0.15825579464435577,0.15439899265766144,0.00891689586238323,5,0.004480000119656324,0.005840000230818987,0.0048720001243054865,0.004639999940991402,0.0004947080537199937,5,0.004559999797493219,0.006320000160485506,0.0050640000030398365,0.004600000102072954,0.0006772178919818014,5,0.004360000137239695,0.005239999853074551,0.004671999998390674,0.004519999958574772,0.0003302362171231057,5,0.005319999996572733,0.00788000039756298,0.006008000113070011,0.0055599999614059925,0.0009517648316769226,5,7168,128,1,16,8,4096,1,96,0,True,TORCH_SDPA_MLA,False,even,[96],96,96,96,96.0,96,0.0,0.0,0.0,576,128,64,192,512,128,96,96,0,96,96,96,False,False,0,96,96,BF16,CUDA_EVENT,generic,generic,method=fp8|act=dynamic|serialized=True|block=128x128
0.004399999976158142,0.005840000230818987,0.0054639999754726885,0.00571999978274107,0.0005405774793861861,5,0.03099999949336052,0.07000000029802322,0.04171199947595596,0.033399999141693115,0.014584888894482936,5,0.004600000102072954,0.006639999803155661,0.005424000043421984,0.005640000104904175,0.0007654958230427373,5,0.004519999958574772,0.006440000142902136,0.004991999920457601,0.004559999797493219,0.0007355652009138381,5,0.04115999862551689,0.07131999731063843,0.049015799164772035,0.044759999960660934,0.011286579144578585,5,0.1260800063610077,0.144679993391037,0.13199999928474426,0.12831999361515045,0.006900106661739899,5,0.03420000150799751,0.038920000195503235,0.03535199984908104,0.03455999866127968,0.0017901777448699643,5,0.005319999996572733,0.008200000040233135,0.0061680000275373455,0.005799999926239252,0.0010324030343833695,5,7168,128,1,16,8,4096,1,0,0,False,TORCH_SDPA_MLA,False,even,[1],1,1,1,1.0,1,0.0,0.0,0.0,576,128,64,192,512,128,1,0,1,1,1,1,False,False,0,0,0,BF16,CUDA_EVENT,generic,generic,method=fp8|act=dynamic|serialized=True|block=128x128
0.00535999983549118,0.007240000180900097,0.00602400004863739,0.005840000230818987,0.0006362893345697233,5,0.034040000289678574,0.13479900360107422,0.055535800755023956,0.0371600016951561,0.03965630130162639,5,0.004519999958574772,0.006639999803155661,0.005103999935090542,0.004519999958574772,0.0008281448591843859,5,0.004399999976158142,0.006399999838322401,0.005207999888807535,0.005319999996572733,0.0007416306138915219,5,0.06592000275850296,0.09284000098705292,0.07482400089502335,0.07240000367164612,0.009329234791312722,5,0.22411899268627167,0.27327999472618103,0.24207159578800203,0.24131999909877777,0.017807398831901883,5,0.05527999997138977,0.06207999959588051,0.058184000104665755,0.0575999990105629,0.002285480906482654,5,0.005280000157654285,0.007720000110566616,0.006304000131785869,0.005840000230818987,0.0008881801360589219,5,7168,128,1,16,8,4096,2,0,0,False,TORCH_SDPA_MLA,False,even,"[1, 1]",2,1,1,1.0,1,0.0,0.0,0.0,576,128,64,192,512,128,2,0,2,1,1,2,False,False,0,0,0,BF16,CUDA_EVENT,generic,generic,method=fp8|act=dynamic|serialized=True|block=128x128
0.005200000014156103,0.005840000230818987,0.005623800028115511,0.00571999978274107,0.00023253769758965458,5,0.03407999873161316,0.06456000357866287,0.04196000024676323,0.0371600016951561,0.01135969183501499,5,0.004519999958574772,0.005880000069737434,0.0051600000821053985,0.005280000157654285,0.0004885898452007484,5,0.004399999976158142,0.005280000157654285,0.004648000001907349,0.004519999958574772,0.00032039981808427656,5,0.03840000182390213,0.07175999879837036,0.047367800027132034,0.04163900017738342,0.012310410605297662,5,0.12680000066757202,0.15112000703811646,0.13544799983501435,0.13575999438762665,0.00874471605172542,5,0.033959999680519104,0.041760001331567764,0.036872000247240064,0.03443999961018562,0.0033229770725085226,5,0.005520000122487545,0.007799999788403511,0.006111999973654747,0.005799999926239252,0.0008505620651838348,5,7168,128,1,16,8,4096,1,0,32,False,TORCH_SDPA_MLA,False,even,[1],1,1,1,1.0,1,0.0,0.0,0.0,576,128,64,192,512,128,1,0,1,1,33,1,False,False,0,0,0,BF16,CUDA_EVENT,generic,generic,method=fp8|act=dynamic|serialized=True|block=128x128
0.005799999926239252,0.0077599999494850636,0.006416000053286552,0.005840000230818987,0.0007783468845102437,5,0.03531999886035919,0.07383999973535538,0.04455999955534935,0.03815999999642372,0.014721413099071002,5,0.004399999976158142,0.006000000052154064,0.005224000010639429,0.005400000140070915,0.0006387989561789265,5,0.00443999981507659,0.005640000104904175,0.004936000052839518,0.004480000119656324,0.0005749991757561248,5,0.06599999964237213,0.1037599965929985,0.07672799825668335,0.07063999772071838,0.013757868878097384,5,0.2250789999961853,0.26872000098228455,0.24410380125045777,0.2431199997663498,0.01489138344317513,5,0.05496000126004219,0.06452000141143799,0.058591800183057784,0.05915899947285652,0.0035045155899825703,5,0.005679999943822622,0.008080000057816505,0.006687999982386827,0.00675999978557229,0.0008870265549380191,5,7168,128,1,16,8,4096,2,0,32,False,TORCH_SDPA_MLA,False,even,"[1, 1]",2,1,1,1.0,1,0.0,0.0,0.0,576,128,64,192,512,128,2,0,2,1,33,2,False,False,0,0,0,BF16,CUDA_EVENT,generic,generic,method=fp8|act=dynamic|serialized=True|block=128x128
0.00443999981507659,0.0075599998235702515,0.005879999976605177,0.005799999926239252,0.000991806423870586,5,0.03443999961018562,0.06855999678373337,0.04219179898500443,0.03503900021314621,0.013243753509606803,5,0.004480000119656324,0.006440000142902136,0.00544800003990531,0.00547999981790781,0.0006265588525577597,5,0.00443999981507659,0.007079999893903732,0.005671999882906675,0.005400000140070915,0.0011198285556746638,5,0.039480000734329224,0.07355999946594238,0.04733599945902824,0.041359998285770416,0.013130790647074836,5,0.13279999792575836,0.15403899550437927,0.14022379815578462,0.1363999992609024,0.007793245755832626,5,0.035360001027584076,0.04064000025391579,0.03653600066900253,0.035440001636743546,0.0020592190729635694,5,0.005679999943822622,0.0074800001457333565,0.006424000021070242,0.005760000087320805,0.0008464892009566278,5,7168,128,1,16,8,4096,1,0,64,False,TORCH_SDPA_MLA,False,even,[1],1,1,1,1.0,1,0.0,0.0,0.0,576,128,64,192,512,128,1,0,1,1,65,1,False,False,0,0,0,BF16,CUDA_EVENT,generic,generic,method=fp8|act=dynamic|serialized=True|block=128x128
0.00443999981507659,0.005840000230818987,0.005415999982506037,0.005760000087320805,0.0005346252167362358,5,0.03359999880194664,0.07880000025033951,0.044287999719381334,0.03587999939918518,0.017302677990649926,5,0.00443999981507659,0.004600000102072954,0.004496000055223703,0.004480000119656324,5.4258695995502165e-05,5,0.00443999981507659,0.005840000230818987,0.004767999984323978,0.004519999958574772,0.0005374905863461237,5,0.06784000247716904,0.10807999968528748,0.07746380120515824,0.07039999961853027,0.015365306463151188,5,0.23292000591754913,0.2689589858055115,0.2511757969856262,0.24772000312805176,0.012171236508094829,5,0.056359998881816864,0.06227999925613403,0.059431799501180646,0.05875900015234947,0.002180909118293493,5,0.00535999983549118,0.007519999984651804,0.0059679999016225335,0.00571999978274107,0.0007900987788319816,5,7168,128,1,16,8,4096,2,0,64,False,TORCH_SDPA_MLA,False,even,"[1, 1]",2,1,1,1.0,1,0.0,0.0,0.0,576,128,64,192,512,128,2,0,2,1,65,2,False,False,0,0,0,BF16,CUDA_EVENT,generic,generic,method=fp8|act=dynamic|serialized=True|block=128x128
0.004279999993741512,0.005880000069737434,0.005439999978989363,0.00571999978274107,0.0005889651943615081,5,0.033720001578330994,0.08160000294446945,0.04496000111103058,0.037039998918771744,0.018368060114409567,5,0.004480000119656324,0.006800000090152025,0.0051600000821053985,0.004519999958574772,0.0009114384358198622,5,0.004519999958574772,0.00851999968290329,0.005839999858289957,0.005239999853074551,0.0014962352157219339,5,0.041680000722408295,0.07568000257015228,0.049000000953674315,0.0427200011909008,0.013349601547054904,5,0.13391999900341034,0.15719999372959137,0.14067979753017426,0.1377200037240982,0.008384920842389827,5,0.034279998391866684,0.04244000092148781,0.03664000034332275,0.03519999980926514,0.0029578375041892317,5,0.0055599999614059925,0.007639999967068434,0.006135999970138073,0.005799999926239252,0.0007596209592725886,5,7168,128,1,16,8,4096,1,0,96,False,TORCH_SDPA_MLA,False,even,[1],1,1,1,1.0,1,0.0,0.0,0.0,576,128,64,192,512,128,1,0,1,1,97,1,False,False,0,0,0,BF16,CUDA_EVENT,generic,generic,method=fp8|act=dynamic|serialized=True|block=128x128
0.00431999983265996,0.005880000069737434,0.005528000090271235,0.005840000230818987,0.0006052570994160658,5,0.03323899954557419,0.07540000230073929,0.04336780086159706,0.036400001496076584,0.016081070009341104,5,0.004519999958574772,0.006680000107735395,0.005496000032871961,0.005520000122487545,0.0006995313186038838,5,0.004519999958574772,0.006120000034570694,0.005207999981939793,0.005040000192821026,0.0005809784793520401,5,0.06800000369548798,0.10592000186443329,0.07699200063943863,0.06932000070810318,0.01460361434042426,5,0.23844000697135925,0.27487999200820923,0.2553997993469238,0.25251999497413635,0.012621504170756312,5,0.05471999943256378,0.06372000277042389,0.05867200046777725,0.059039998799562454,0.003101216384257497,5,0.005520000122487545,0.007319999858736992,0.006000000052154064,0.005679999943822622,0.000667892116443688,5,7168,128,1,16,8,4096,2,0,96,False,TORCH_SDPA_MLA,False,even,"[1, 1]",2,1,1,1.0,1,0.0,0.0,0.0,576,128,64,192,512,128,2,0,2,1,97,2,False,False,0,0,0,BF16,CUDA_EVENT,generic,generic,method=fp8|act=dynamic|serialized=True|block=128x128
0.004240000154823065,0.007280000019818544,0.005384000018239021,0.004360000137239695,0.001346426296799318,5,0.019440000876784325,0.0573199987411499,0.03453599996864796,0.030640000477433205,0.012935596178706647,5,0.09260000288486481,0.17587999999523163,0.11672000139951706,0.10688000172376633,0.030169324097385306,5,0.16683900356292725,0.19855999946594238,0.1760316014289856,0.17112000286579132,0.011835855350107036,5,0.00419999985024333,0.005679999943822622,0.004535999987274409,0.004279999993741512,0.0005727686944755497,5,0.004240000154823065,0.005319999996572733,0.004496000055223703,0.004279999993741512,0.00041615378001272135,5,0.004240000154823065,0.005280000157654285,0.004472000058740377,0.004279999993741512,0.00040508768541347597,5,0.004240000154823065,0.00675999978557229,0.004791999980807304,0.004279999993741512,0.000985462228256095,5,7168,128,1,16,1,4096,1,160,0,True,TORCH_SDPA_MLA,False,even,[160],160,160,160,160.0,160,0.0,0.0,0.0,576,128,64,192,512,128,160,160,0,160,160,160,False,False,0,160,160,BF16,CUDA_EVENT,generic,generic,method=fp8|act=dynamic|serialized=True|block=128x128
0.0041600000113248825,0.006680000107735395,0.005888000037521124,0.006279999855905771,0.0009203130081247946,5,0.03443999961018562,0.06307999789714813,0.04243999943137169,0.035760000348091125,0.010773745318441821,5,0.08416000008583069,0.1186399981379509,0.09389599859714508,0.08879999816417694,0.012794088290391005,5,0.14451999962329865,0.17563900351524353,0.1549357980489731,0.15211999416351318,0.010765061603211596,5,0.004600000102072954,0.0055599999614059925,0.004912000056356192,0.004800000227987766,0.0003369509782750805,5,0.004120000172406435,0.004480000119656324,0.004288000054657459,0.004279999993741512,0.00011702987870360845,5,0.00419999985024333,0.004559999797493219,0.0043599999509751795,0.004360000137239695,0.0001213259790922805,5,0.0040799998678267,0.006440000142902136,0.004784000106155872,0.004240000154823065,0.0008989238411248282,5,7168,128,1,16,1,4096,1,32,0,True,TORCH_SDPA_MLA,False,even,[32],32,32,32,32.0,32,0.0,0.0,0.0,576,128,64,192,512,128,32,32,0,32,32,32,False,False,0,32,32,BF16,CUDA_EVENT,generic,generic,method=fp8|act=dynamic|serialized=True|block=128x128
0.004120000172406435,0.006440000142902136,0.005352000053972006,0.005799999926239252,0.0009634604181360839,5,0.03432000055909157,0.05955899879336357,0.04108779951930046,0.03743999823927879,0.009317573681599722,5,0.08584000170230865,0.11392000317573547,0.09463980048894882,0.08771900087594986,0.010759133426213614,5,0.1403989940881729,0.16740000247955322,0.1515997976064682,0.14827999472618103,0.009249919277394535,5,0.0041600000113248825,0.004879999905824661,0.00457600001245737,0.004519999958574772,0.0002636360940050556,5,0.00431999983265996,0.005880000069737434,0.004911999963223934,0.004519999958574772,0.0006296158142623989,5,0.00431999983265996,0.007400000002235174,0.005200000014156103,0.004800000227987766,0.0011191425524342648,5,0.0041600000113248825,0.006519999820739031,0.004856000002473593,0.004240000154823065,0.0009203824412588998,5,7168,128,1,16,1,4096,1,64,0,True,TORCH_SDPA_MLA,False,even,[64],64,64,64,64.0,64,0.0,0.0,0.0,576,128,64,192,512,128,64,64,0,64,64,64,False,False,0,64,64,BF16,CUDA_EVENT,generic,generic,method=fp8|act=dynamic|serialized=True|block=128x128
0.004120000172406435,0.006240000016987324,0.005576000083237886,0.005960000213235617,0.0007558200630384501,5,0.032600000500679016,0.05567999929189682,0.03986399993300438,0.03756000101566315,0.00812819653000303,5,0.08911900222301483,0.12027999758720398,0.09746380001306534,0.09200000017881393,0.0117179868423032,5,0.14027999341487885,0.16368000209331512,0.14923200011253357,0.14723999798297882,0.007880485696105487,5,0.004639999940991402,0.005840000230818987,0.00532000008970499,0.005520000122487545,0.00046095556413331394,5,0.004120000172406435,0.004999999888241291,0.004456000030040741,0.00431999983265996,0.00031455357908611947,5,0.004360000137239695,0.006719999946653843,0.005127799976617098,0.004480000119656324,0.0009152241509613414,5,0.0040799998678267,0.01056000031530857,0.006223999988287687,0.005239999853074551,0.0023778445186444135,5,7168,128,1,16,1,4096,1,96,0,True,TORCH_SDPA_MLA,False,even,[96],96,96,96,96.0,96,0.0,0.0,0.0,576,128,64,192,512,128,96,96,0,96,96,96,False,False,0,96,96,BF16,CUDA_EVENT,generic,generic,method=fp8|act=dynamic|serialized=True|block=128x128
0.004120000172406435,0.009200000204145908,0.005528000090271235,0.004279999993741512,0.001950327205752026,5,0.029839999973773956,0.05584000051021576,0.03847199976444245,0.035599999129772186,0.008977141047267033,5,0.09296000003814697,0.12216000258922577,0.10161599963903427,0.09647999703884125,0.010626747672349628,5,0.1409199982881546,0.16308000683784485,0.15006380081176757,0.14956000447273254,0.0075993388570214995,5,0.004240000154823065,0.005280000157654285,0.004552000015974045,0.00431999983265996,0.0003906098318271082,5,0.004279999993741512,0.007280000019818544,0.004992000013589859,0.00431999983265996,0.0011607997455092436,5,0.00419999985024333,0.006240000016987324,0.004767999984323978,0.004360000137239695,0.0007607995945688285,5,0.004120000172406435,0.005760000087320805,0.004760000016540289,0.00431999983265996,0.0006553167330978632,5,7168,128,1,16,1,4096,1,128,0,True,TORCH_SDPA_MLA,False,even,[128],128,128,128,128.0,128,0.0,0.0,0.0,576,128,64,192,512,128,128,128,0,128,128,128,False,False,0,128,128,BF16,CUDA_EVENT,generic,generic,method=fp8|act=dynamic|serialized=True|block=128x128
0.004240000154823065,0.00687999976798892,0.005896000005304813,0.006440000142902136,0.0009635267327311516,5,0.03036000020802021,0.052000001072883606,0.038080000504851344,0.03480000048875809,0.007534496910131676,5,0.00431999983265996,0.00559999980032444,0.0047599999234080315,0.004639999940991402,0.00046647608589778553,5,0.00419999985024333,0.004360000137239695,0.004303999897092581,0.00431999983265996,5.4258695995502165e-05,5,0.04075999930500984,0.0644799992442131,0.04661599993705749,0.041519999504089355,0.00907298738091826,5,0.11956000328063965,0.1420000046491623,0.12525580078363419,0.12003999948501587,0.008606187622195657,5,0.03139999881386757,0.03739999979734421,0.0345040000975132,0.033720001578330994,0.0022380850927713235,5,0.004120000172406435,0.006039999891072512,0.005176000017672777,0.005040000192821026,0.0006667411997947229,5,7168,128,1,16,1,4096,1,0,0,False,TORCH_SDPA_MLA,False,even,[1],1,1,1,1.0,1,0.0,0.0,0.0,576,128,64,192,512,128,1,0,1,1,1,1,False,False,0,0,0,BF16,CUDA_EVENT,generic,generic,method=fp8|act=dynamic|serialized=True|block=128x128
0.004240000154823065,0.005960000213235617,0.005504000093787908,0.005760000087320805,0.0006422958508852611,5,0.03452000021934509,0.058880001306533813,0.04012000039219856,0.035840000957250595,0.009396067748004024,5,0.004279999993741512,0.005640000104904175,0.004944000020623207,0.004840000066906214,0.0004422488170649009,5,0.00419999985024333,0.006920000072568655,0.005031999945640564,0.0047599999234080315,0.001002524894166973,5,0.06307899951934814,0.09628000110387802,0.07346380054950714,0.06787999719381332,0.011937654192422372,5,0.21940000355243683,0.24515999853610992,0.22802380323410035,0.2248000055551529,0.008961697310903847,5,0.05559900030493736,0.061159998178482056,0.05820780023932457,0.05868000164628029,0.002239004049439457,5,0.00419999985024333,0.006639999803155661,0.0053599999286234375,0.005239999853074551,0.0008228729705988469,5,7168,128,1,16,1,4096,2,0,0,False,TORCH_SDPA_MLA,False,even,"[1, 1]",2,1,1,1.0,1,0.0,0.0,0.0,576,128,64,192,512,128,2,0,2,1,1,2,False,False,0,0,0,BF16,CUDA_EVENT,generic,generic,method=fp8|act=dynamic|serialized=True|block=128x128
0.004240000154823065,0.00863999966531992,0.00614400003105402,0.006000000052154064,0.001423595282296968,5,0.03500000014901161,0.07355999946594238,0.04315200001001358,0.035760000348091125,0.015208006045411034,5,0.004240000154823065,0.00875999964773655,0.006344000063836575,0.005840000230818987,0.0017136813551779835,5,0.004360000137239695,0.005960000213235617,0.004800000134855509,0.004399999976158142,0.0006176083423554684,5,0.11339999735355377,0.14584000408649445,0.12627200037240982,0.12727999687194824,0.011442782820268801,5,0.41023901104927063,0.45579901337623596,0.42630301117897035,0.4205990135669708,0.01613177041720658,5,0.09279999881982803,0.10075999796390533,0.09673599898815155,0.09623999893665314,0.00285775893362628,5,0.005239999853074551,0.00687999976798892,0.0058639999479055405,0.0055599999614059925,0.0006011189354630254,5,7168,128,1,16,1,4096,4,0,0,False,TORCH_SDPA_MLA,False,even,"[1, 1, 1, 1]",4,1,1,1.0,2,0.0,0.0,0.0,576,128,64,192,512,128,4,0,4,1,1,4,False,False,0,0,0,BF16,CUDA_EVENT,generic,generic,method=fp8|act=dynamic|serialized=True|block=128x128
0.004279999993741512,0.006719999946653843,0.005720000062137842,0.005840000230818987,0.0007939773368654992,5,0.03564000129699707,0.052719999104738235,0.03972800001502037,0.03675999864935875,0.006514446202941714,5,0.004399999976158142,0.0055599999614059925,0.004856000002473593,0.004720000084489584,0.0003891323807718506,5,0.004279999993741512,0.005439999978989363,0.004784000013023615,0.004480000119656324,0.0005076060677529758,5,0.21583999693393707,0.2780799865722656,0.2294797956943512,0.21799999475479126,0.02431648070124321,5,0.7815189957618713,0.8552380204200745,0.8117588043212891,0.8163989782333374,0.02782063831805353,5,0.16867999732494354,0.17720000445842743,0.17375199794769286,0.17579999566078186,0.0035539652068899475,5,0.005040000192821026,0.006920000072568655,0.005920000094920397,0.006039999891072512,0.0006867895902269757,5,7168,128,1,16,1,4096,8,0,0,False,TORCH_SDPA_MLA,False,even,"[1, 1, 1, 1, 1, 1, 1, 1]",8,1,1,1.0,2,0.0,0.0,0.0,576,128,64,192,512,128,8,0,8,1,1,8,False,False,0,0,0,BF16,CUDA_EVENT,generic,generic,method=fp8|act=dynamic|serialized=True|block=128x128
0.004279999993741512,0.00875999964773655,0.006831999961286783,0.006279999855905771,0.0017091565065786808,5,0.03548000007867813,0.08060000091791153,0.045520000904798505,0.035920001566410065,0.017612995245718105,5,0.004600000102072954,0.009879999794065952,0.006048000045120716,0.005319999996572733,0.0019511472254265755,5,0.004240000154823065,0.007720000110566616,0.0056720000691711904,0.0055599999614059925,0.0013011748766606325,5,0.30908000469207764,0.7823590040206909,0.438959401845932,0.31863901019096375,0.18206043908963124,5,1.1561579704284668,1.356518030166626,1.2390543937683105,1.2205179929733276,0.06830840765671732,5,0.24935999512672424,0.26339998841285706,0.2535757958889008,0.2521199882030487,0.005142866307663562,5,0.005239999853074551,0.0069599999114871025,0.005679999943822622,0.005400000140070915,0.0006434904722888252,5,7168,128,1,16,1,4096,12,0,0,False,TORCH_SDPA_MLA,False,even,"[1, 1, 1, 1, 1, 1, 1, 1, 1, 1, 1, 1]",12,1,1,1.0,3,0.0,0.0,0.0,576,128,64,192,512,128,12,0,12,1,1,12,False,False,0,0,0,BF16,CUDA_EVENT,generic,generic,method=fp8|act=dynamic|serialized=True|block=128x128
0.004360000137239695,0.006680000107735395,0.005800000019371509,0.005880000069737434,0.0007854679709818301,5,0.0363599993288517,0.05956000089645386,0.04246399998664856,0.03807999938726425,0.008737546061720284,5,0.004360000137239695,0.00687999976798892,0.005111999996006489,0.004840000066906214,0.0009140326920402575,5,0.004240000154823065,0.00687999976798892,0.0054639999754726885,0.0055599999614059925,0.0008670316138603207,5,0.4123989939689636,0.7756789922714233,0.5382869899272918,0.4196789860725403,0.15266575172440136,5,1.57955801486969,1.868196964263916,1.6536937952041626,1.5944379568099976,0.11005794213878523,5,0.32387998700141907,0.3535589873790741,0.33649579882621766,0.3336400091648102,0.009714282777461999,5,0.00547999981790781,0.007160000037401915,0.005952000059187413,0.005640000104904175,0.0006146999397485381,5,7168,128,1,16,1,4096,16,0,0,False,TORCH_SDPA_MLA,False,even,"[1, 1, 1, 1, 1, 1, 1, 1, 1, 1, 1, 1, 1, 1, 1, 1]",16,1,1,1.0,4,0.0,0.0,0.0,576,128,64,192,512,128,16,0,16,1,1,16,False,False,0,0,0,BF16,CUDA_EVENT,generic,generic,method=fp8|act=dynamic|serialized=True|block=128x128
0.0041600000113248825,0.005760000087320805,0.005111999996006489,0.005679999943822622,0.0007455037885335638,5,0.036639999598264694,0.09635999798774719,0.0495119996368885,0.03872000053524971,0.0234400865727998,5,0.004240000154823065,0.005119999870657921,0.004704000055789947,0.004800000227987766,0.00034742470605968136,5,0.004279999993741512,0.005080000031739473,0.004695999994874,0.004800000227987766,0.0002935030279328614,5,0.5989990234375,0.7860389947891235,0.6500070095062256,0.6063590049743652,0.07118797454239094,5,2.295037031173706,2.7761969566345215,2.4738368511199953,2.371997117996216,0.1883198516879407,5,0.47387900948524475,0.49296000599861145,0.48260740041732786,0.4793199896812439,0.006865745520924268,5,0.0049600000493228436,0.006240000016987324,0.005712000001221895,0.005799999926239252,0.00041523003893651346,5,7168,128,1,16,1,4096,24,0,0,False,TORCH_SDPA_MLA,False,even,"[1, 1, 1, 1, 1, 1, 1, 1, 1, 1, 1, 1, 1, 1, 1, 1, 1, 1, 1, 1, 1, 1, 1, 1]",24,1,1,1.0,4,0.0,0.0,0.0,576,128,64,192,512,128,24,0,24,1,1,24,False,False,0,0,0,BF16,CUDA_EVENT,generic,generic,method=fp8|act=dynamic|serialized=True|block=128x128
0.0041600000113248825,0.007040000054985285,0.005736000090837479,0.005880000069737434,0.0009521680732843603,5,0.03668000176548958,0.1128000020980835,0.05472800061106682,0.04064000025391579,0.02914390734359911,5,0.004240000154823065,0.005760000087320805,0.004936000052839518,0.004920000210404396,0.0004999840084413253,5,0.00431999983265996,0.006039999891072512,0.004799999948590994,0.004519999958574772,0.0006344761491592232,5,0.7911189794540405,1.1370790004730225,0.8645189881324769,0.8014389872550964,0.13635696108310771,5,3.122875928878784,3.7151150703430176,3.439771604537964,3.5461959838867188,0.24062407303563937,5,0.6389989852905273,0.6633589863777161,0.6505909919738769,0.6507189869880676,0.008419531565588943,5,0.00559999980032444,0.006800000090152025,0.005967999994754791,0.005840000230818987,0.0004273828104571628,5,7168,128,1,16,1,4096,32,0,0,False,TORCH_SDPA_MLA,False,even,"[1, 1, 1, 1, 1, 1, 1, 1, 1, 1, 1, 1, 1, 1, 1, 1, 1, 1, 1, 1, 1, 1, 1, 1, 1, 1, 1, 1, 1, 1, 1, 1]",32,1,1,1.0,5,0.0,0.0,0.0,576,128,64,192,512,128,32,0,32,1,1,32,False,False,0,0,0,BF16,CUDA_EVENT,generic,generic,method=fp8|act=dynamic|serialized=True|block=128x128
0.005160000175237656,0.006440000142902136,0.005888000130653381,0.005880000069737434,0.0004355410406065071,5,0.03471999987959862,0.05116000026464462,0.03875180035829544,0.03564000129699707,0.006259799178071926,5,0.004240000154823065,0.005119999870657921,0.004624000005424023,0.004639999940991402,0.0003104576163036633,5,0.004279999993741512,0.005239999853074551,0.004688000027090311,0.004480000119656324,0.00039387300693973903,5,0.038440000265836716,0.055479999631643295,0.044096000492572784,0.04108000174164772,0.006031362825068271,5,0.11935999989509583,0.1412000060081482,0.12648780047893524,0.12419900298118591,0.007640602753569336,5,0.03319999948143959,0.0371600016951561,0.034391999989748,0.03376000002026558,0.0014172432211506114,5,0.004279999993741512,0.006680000107735395,0.005679999943822622,0.00559999980032444,0.000861254937999346,5,7168,128,1,16,1,4096,1,0,8,False,TORCH_SDPA_MLA,False,even,[1],1,1,1,1.0,1,0.0,0.0,0.0,576,128,64,192,512,128,1,0,1,1,9,1,False,False,0,0,0,BF16,CUDA_EVENT,generic,generic,method=fp8|act=dynamic|serialized=True|block=128x128
0.0041600000113248825,0.006120000034570694,0.005624000076204538,0.005960000213235617,0.0007378238480173193,5,0.033879999071359634,0.06332000344991684,0.040696001052856444,0.0355600006878376,0.011329470067612101,5,0.004360000137239695,0.009159999899566174,0.005608000047504902,0.004920000210404396,0.0017891047316895498,5,0.00431999983265996,0.00547999981790781,0.004719999991357327,0.004519999958574772,0.0004102681690565649,5,0.06503999978303909,0.09228000044822693,0.07210379987955093,0.06744000315666199,0.01017147372144789,5,0.2213599979877472,0.25644001364707947,0.231631800532341,0.22543999552726746,0.013027810063272317,5,0.05215999856591225,0.059039998799562454,0.055063799023628235,0.054919999092817307,0.0024634204667766707,5,0.0041600000113248825,0.006399999838322401,0.005335999932140112,0.00571999978274107,0.0009694864733877792,5,7168,128,1,16,1,4096,2,0,8,False,TORCH_SDPA_MLA,False,even,"[1, 1]",2,1,1,1.0,1,0.0,0.0,0.0,576,128,64,192,512,128,2,0,2,1,9,2,False,False,0,0,0,BF16,CUDA_EVENT,generic,generic,method=fp8|act=dynamic|serialized=True|block=128x128
0.004120000172406435,0.006240000016987324,0.005656000040471554,0.006120000034570694,0.0007962310457914085,5,0.033799998462200165,0.0706000030040741,0.04193600043654442,0.03500000014901161,0.014347675138132026,5,0.00443999981507659,0.005679999943822622,0.004871999938040971,0.004720000084489584,0.00042813083728682113,5,0.004240000154823065,0.005319999996572733,0.004767999984323978,0.004679999779909849,0.00042738270934551383,5,0.11568000167608261,0.15600000321865082,0.12515999972820283,0.11671999841928482,0.01557536672610486,5,0.42076000571250916,0.4523189961910248,0.43090360164642333,0.4251199960708618,0.011871622981675174,5,0.09095899760723114,0.10331899672746658,0.09733559936285019,0.09628000110387802,0.004297783157083096,5,0.004920000210404396,0.007120000198483467,0.005632000043988228,0.005239999853074551,0.0007827746021220525,5,7168,128,1,16,1,4096,4,0,8,False,TORCH_SDPA_MLA,False,even,"[1, 1, 1, 1]",4,1,1,1.0,2,0.0,0.0,0.0,576,128,64,192,512,128,4,0,4,1,9,4,False,False,0,0,0,BF16,CUDA_EVENT,generic,generic,method=fp8|act=dynamic|serialized=True|block=128x128
0.004279999993741512,0.006039999891072512,0.00552799990400672,0.00571999978274107,0.0006376958102356203,5,0.03336000069975853,0.05868000164628029,0.040080000460147855,0.035840000957250595,0.009410428879089695,5,0.00443999981507659,0.005160000175237656,0.004791999980807304,0.0047599999234080315,0.00023378632779596272,5,0.004399999976158142,0.007679999805986881,0.0057599999010562895,0.005319999996572733,0.0013054959904867777,5,0.20848000049591064,0.27483999729156494,0.2241917997598648,0.21243999898433685,0.0253803596037172,5,0.7965989708900452,0.8537189960479736,0.8154309988021851,0.809319019317627,0.020551870737295877,5,0.17204000055789948,0.17820000648498535,0.17476760149002074,0.17399899661540985,0.002566175462979723,5,0.00419999985024333,0.00559999980032444,0.005183999985456466,0.005400000140070915,0.0005025376022973761,5,7168,128,1,16,1,4096,8,0,8,False,TORCH_SDPA_MLA,False,even,"[1, 1, 1, 1, 1, 1, 1, 1]",8,1,1,1.0,2,0.0,0.0,0.0,576,128,64,192,512,128,8,0,8,1,9,8,False,False,0,0,0,BF16,CUDA_EVENT,generic,generic,method=fp8|act=dynamic|serialized=True|block=128x128
0.004999999888241291,0.006279999855905771,0.005791999958455562,0.005880000069737434,0.00042362248230077524,5,0.03488000109791756,0.08472000062465668,0.04728000089526176,0.0392800010740757,0.018830919143258865,5,0.00431999983265996,0.012079999782145023,0.006183999869972467,0.004840000066906214,0.002965680994222475,5,0.004240000154823065,0.00788000039756298,0.005696000065654516,0.00431999983265996,0.0017189021295189442,5,0.303039014339447,0.7614380121231079,0.44550320506095886,0.31384000182151794,0.18053376554944106,5,1.184918999671936,1.3499979972839355,1.2350303888320924,1.2024790048599243,0.06138804227420572,5,0.24636000394821167,0.2557600140571594,0.25213560461997986,0.25359898805618286,0.003256262896583446,5,0.005200000014156103,0.0063599999994039536,0.005599999893456697,0.00559999980032444,0.0004164613051786433,5,7168,128,1,16,1,4096,12,0,8,False,TORCH_SDPA_MLA,False,even,"[1, 1, 1, 1, 1, 1, 1, 1, 1, 1, 1, 1]",12,1,1,1.0,3,0.0,0.0,0.0,576,128,64,192,512,128,12,0,12,1,9,12,False,False,0,0,0,BF16,CUDA_EVENT,generic,generic,method=fp8|act=dynamic|serialized=True|block=128x128
0.0041600000113248825,0.006519999820739031,0.005719999969005585,0.006039999891072512,0.0008138795656856369,5,0.03579999879002571,0.05607999861240387,0.04191999956965446,0.039080001413822174,0.007504537116561708,5,0.0040799998678267,0.005040000192821026,0.004680000059306621,0.004720000084489584,0.00033178318520176846,5,0.00431999983265996,0.007720000110566616,0.005127999931573868,0.004519999958574772,0.0013001908479926307,5,0.40092000365257263,0.7339590191841125,0.5278714001178741,0.4094789922237396,0.14947783122275177,5,1.5733580589294434,1.889158010482788,1.6523260354995728,1.5821980237960815,0.12093997724537155,5,0.3219189941883087,0.33428001403808594,0.32888759970664977,0.32787999510765076,0.004794832221200035,5,0.00431999983265996,0.006240000016987324,0.0054559999145567415,0.005239999853074551,0.0007229274597651472,5,7168,128,1,16,1,4096,16,0,8,False,TORCH_SDPA_MLA,False,even,"[1, 1, 1, 1, 1, 1, 1, 1, 1, 1, 1, 1, 1, 1, 1, 1]",16,1,1,1.0,4,0.0,0.0,0.0,576,128,64,192,512,128,16,0,16,1,9,16,False,False,0,0,0,BF16,CUDA_EVENT,generic,generic,method=fp8|act=dynamic|serialized=True|block=128x128
0.004120000172406435,0.006279999855905771,0.005624000076204538,0.005840000230818987,0.0007750508951170998,5,0.035920001566410065,0.08867999911308289,0.048103800415992735,0.038079001009464264,0.020365332460476986,5,0.00443999981507659,0.006000000052154064,0.0051680000498890875,0.005080000031739473,0.000545761902092667,5,0.004279000218957663,0.005640000104904175,0.004759800061583519,0.00443999981507659,0.0005474597772743864,5,0.5932400226593018,0.856598973274231,0.6654873967170716,0.6126000285148621,0.09866736424824728,5,2.337717056274414,2.8972361087799072,2.5222126483917235,2.399756908416748,0.21648728610222806,5,0.4767189919948578,0.49344000220298767,0.4849515974521637,0.48636001348495483,0.005730374133182705,5,0.004240000154823065,0.006399999838322401,0.005816000048071146,0.0060800001956522465,0.0007974358151033509,5,7168,128,1,16,1,4096,24,0,8,False,TORCH_SDPA_MLA,False,even,"[1, 1, 1, 1, 1, 1, 1, 1, 1, 1, 1, 1, 1, 1, 1, 1, 1, 1, 1, 1, 1, 1, 1, 1]",24,1,1,1.0,4,0.0,0.0,0.0,576,128,64,192,512,128,24,0,24,1,9,24,False,False,0,0,0,BF16,CUDA_EVENT,generic,generic,method=fp8|act=dynamic|serialized=True|block=128x128
0.0041600000113248825,0.006560000125318766,0.005800000019371509,0.006039999891072512,0.0008704941205251276,5,0.03720000013709068,0.10012000054121017,0.05122400000691414,0.039319999516010284,0.024476033928095567,5,0.004679999779909849,0.005799999926239252,0.005151999928057194,0.004879999905824661,0.00047084611622847414,5,0.00431999983265996,0.005400000140070915,0.004863999970257282,0.004720000084489584,0.0003874842960418294,5,0.7779589891433716,1.1277990341186523,0.8589349985122681,0.7945989966392517,0.13464009522223422,5,3.138956069946289,3.7396349906921387,3.4546272277832033,3.543955087661743,0.24694762416085436,5,0.6360790133476257,0.6553189754486084,0.6463031888008117,0.6481999754905701,0.0068222043218619756,5,0.0055599999614059925,0.006719000171869993,0.006103800050914288,0.006120000034570694,0.0004033581953486966,5,7168,128,1,16,1,4096,32,0,8,False,TORCH_SDPA_MLA,False,even,"[1, 1, 1, 1, 1, 1, 1, 1, 1, 1, 1, 1, 1, 1, 1, 1, 1, 1, 1, 1, 1, 1, 1, 1, 1, 1, 1, 1, 1, 1, 1, 1]",32,1,1,1.0,5,0.0,0.0,0.0,576,128,64,192,512,128,32,0,32,1,9,32,False,False,0,0,0,BF16,CUDA_EVENT,generic,generic,method=fp8|act=dynamic|serialized=True|block=128x128
0.004120000172406435,0.0060800001956522465,0.005528000090271235,0.005760000087320805,0.0007232813675157486,5,0.033479999750852585,0.05164000019431114,0.037567999958992,0.03376000002026558,0.007069004064524538,5,0.004559999797493219,0.00559999980032444,0.0050559998489916325,0.004999999888241291,0.00042377349866117996,5,0.004279999993741512,0.009239999577403069,0.005391999892890453,0.004480000119656324,0.0019262230882031012,5,0.03880000114440918,0.052239999175071716,0.04441599994897842,0.04179999977350235,0.00536397465074528,5,0.12268000096082687,0.13928000628948212,0.12879180163145065,0.12732000648975372,0.005588539867546754,5,0.033440001308918,0.03711999952793121,0.034807799756526946,0.03439899906516075,0.0013421544248426631,5,0.00419999985024333,0.006680000107735395,0.005095999967306852,0.005040000192821026,0.0008874593856026381,5,7168,128,1,16,1,4096,1,0,16,False,TORCH_SDPA_MLA,False,even,[1],1,1,1,1.0,1,0.0,0.0,0.0,576,128,64,192,512,128,1,0,1,1,17,1,False,False,0,0,0,BF16,CUDA_EVENT,generic,generic,method=fp8|act=dynamic|serialized=True|block=128x128
0.004120000172406435,0.0061599998734891415,0.00520800007507205,0.005760000087320805,0.000882324174936561,5,0.03195999935269356,0.06443999707698822,0.04027179926633835,0.03379900008440018,0.012239017018273174,5,0.004360000137239695,0.005319999996572733,0.00474400008097291,0.004720000084489584,0.0003265332848851344,5,0.00443999981507659,0.004840000066906214,0.0046559999696910385,0.004639999940991402,0.00014880874365344547,5,0.0647599995136261,0.09171999990940094,0.07303999811410904,0.06883999705314636,0.009722156783014033,5,0.2237599939107895,0.2502390146255493,0.2324796050786972,0.23156000673770905,0.009502197026390468,5,0.05503999814391136,0.06032000109553337,0.057608000189065936,0.058320000767707825,0.0018765761279843382,5,0.005040000192821026,0.006800000090152025,0.005640000011771918,0.005239999853074551,0.0006538501405823547,5,7168,128,1,16,1,4096,2,0,16,False,TORCH_SDPA_MLA,False,even,"[1, 1]",2,1,1,1.0,1,0.0,0.0,0.0,576,128,64,192,512,128,2,0,2,1,17,2,False,False,0,0,0,BF16,CUDA_EVENT,generic,generic,method=fp8|act=dynamic|serialized=True|block=128x128
0.0041600000113248825,0.006440000142902136,0.0056640000082552435,0.005919999908655882,0.0007881523050020804,5,0.030798999592661858,0.0769599974155426,0.0417751993983984,0.03355899825692177,0.017634775415617126,5,0.0047599999234080315,0.005679999943822622,0.005135999992489815,0.005160000175237656,0.00032751181191482986,5,0.004279999993741512,0.005160000175237656,0.004656000062823296,0.004639999940991402,0.00032159605924508464,5,0.11404000222682953,0.15963900089263916,0.12575980126857758,0.11540000140666962,0.017406514756429993,5,0.41756001114845276,0.4516800045967102,0.42818400263786316,0.41967999935150146,0.013015695133048415,5,0.0923599973320961,0.09703999757766724,0.09472799897193909,0.09471999853849411,0.0015162900884058254,5,0.00535999983549118,0.0069599999114871025,0.00587199991568923,0.005640000104904175,0.0005754441868971694,5,7168,128,1,16,1,4096,4,0,16,False,TORCH_SDPA_MLA,False,even,"[1, 1, 1, 1]",4,1,1,1.0,2,0.0,0.0,0.0,576,128,64,192,512,128,4,0,4,1,17,4,False,False,0,0,0,BF16,CUDA_EVENT,generic,generic,method=fp8|act=dynamic|serialized=True|block=128x128
0.004240000154823065,0.008559999987483025,0.006231999956071377,0.0061599998734891415,0.0013778591645222076,5,0.03452000021934509,0.0618400014936924,0.040728000551462175,0.035679999738931656,0.010579116520090786,5,0.004519999958574772,0.0055599999614059925,0.00482399994507432,0.004639999940991402,0.00039077359294871164,5,0.0041600000113248825,0.0049600000493228436,0.004528000112622976,0.004360000137239695,0.0003426018283507177,5,0.21167999505996704,0.2860789895057678,0.22969559729099273,0.2176789939403534,0.028334477064084523,5,0.7971590161323547,0.8627189993858337,0.8221827983856201,0.8140389919281006,0.02252023577951846,5,0.16884000599384308,0.1775590032339096,0.1746718019247055,0.17564000189304352,0.003024441812834207,5,0.005119999870657921,0.006320000160485506,0.005496000032871961,0.005280000157654285,0.00043788589388522756,5,7168,128,1,16,1,4096,8,0,16,False,TORCH_SDPA_MLA,False,even,"[1, 1, 1, 1, 1, 1, 1, 1]",8,1,1,1.0,2,0.0,0.0,0.0,576,128,64,192,512,128,8,0,8,1,17,8,False,False,0,0,0,BF16,CUDA_EVENT,generic,generic,method=fp8|act=dynamic|serialized=True|block=128x128
0.0041600000113248825,0.006320000160485506,0.005720000062137842,0.006000000052154064,0.0007903417207105874,5,0.03516000136733055,0.08259899914264679,0.04589579999446869,0.03720000013709068,0.01838443924966145,5,0.004279999993741512,0.009159999899566174,0.005575999990105629,0.004639999940991402,0.0018162994905513053,5,0.00419999985024333,0.006719999946653843,0.0050640000030398365,0.004879999905824661,0.0008670317135414943,5,0.30875900387763977,0.7288780212402344,0.45012720227241515,0.314520001411438,0.17603571480714392,5,1.189439058303833,1.4051179885864258,1.2553744077682496,1.2130390405654907,0.07940077381133363,5,0.2451999932527542,0.26552000641822815,0.2531596004962921,0.2500790059566498,0.007980561548602173,5,0.005080000031739473,0.01092000026255846,0.006640000082552433,0.005679999943822622,0.002167099530386387,5,7168,128,1,16,1,4096,12,0,16,False,TORCH_SDPA_MLA,False,even,"[1, 1, 1, 1, 1, 1, 1, 1, 1, 1, 1, 1]",12,1,1,1.0,3,0.0,0.0,0.0,576,128,64,192,512,128,12,0,12,1,17,12,False,False,0,0,0,BF16,CUDA_EVENT,generic,generic,method=fp8|act=dynamic|serialized=True|block=128x128
0.004120000172406435,0.006440000142902136,0.005688000097870826,0.005960000213235617,0.0008156077100428151,5,0.0350399985909462,0.09387999773025513,0.04871199950575829,0.03855999931693077,0.02263010863772063,5,0.004360000137239695,0.005080000031739473,0.004704000055789947,0.004600000102072954,0.00031759091504007146,5,0.004279999993741512,0.005679999943822622,0.0046559998765587805,0.00443999981507659,0.0005212907290324403,5,0.4081200063228607,0.8611189723014832,0.5712715923786164,0.4123600125312805,0.20022010167183119,5,1.5804779529571533,1.8440779447555542,1.657493782043457,1.604598045349121,0.09796178292825912,5,0.32579898834228516,0.33092001080513,0.32817540168762205,0.3271600008010864,0.002110044112899749,5,0.004279999993741512,0.006678999867290258,0.005599800031632185,0.005799999926239252,0.0007973255989023229,5,7168,128,1,16,1,4096,16,0,16,False,TORCH_SDPA_MLA,False,even,"[1, 1, 1, 1, 1, 1, 1, 1, 1, 1, 1, 1, 1, 1, 1, 1]",16,1,1,1.0,4,0.0,0.0,0.0,576,128,64,192,512,128,16,0,16,1,17,16,False,False,0,0,0,BF16,CUDA_EVENT,generic,generic,method=fp8|act=dynamic|serialized=True|block=128x128
0.005679999943822622,0.00788000039756298,0.006352000031620264,0.006200000178068876,0.0008017582592885513,5,0.03523999825119972,0.09784000366926193,0.05042400062084198,0.04047999903559685,0.02384399583757569,5,0.00443999981507659,0.005799999926239252,0.005007999949157238,0.004920000210404396,0.00046948486791801886,5,0.004360000137239695,0.005400000140070915,0.0047680000774562355,0.004559999797493219,0.0003914282016609337,5,0.6007999777793884,0.8418790102005005,0.6617512106895447,0.6021590232849121,0.09308191118181418,5,2.34395694732666,2.935915946960449,2.562820816040039,2.4511570930480957,0.2257932293833216,5,0.48339900374412537,0.4925589859485626,0.4886389970779419,0.4891589879989624,0.0030085682683207416,5,0.0055599999614059925,0.00887999963015318,0.006471999920904636,0.005919999908655882,0.0012173149373231496,5,7168,128,1,16,1,4096,24,0,16,False,TORCH_SDPA_MLA,False,even,"[1, 1, 1, 1, 1, 1, 1, 1, 1, 1, 1, 1, 1, 1, 1, 1, 1, 1, 1, 1, 1, 1, 1, 1]",24,1,1,1.0,4,0.0,0.0,0.0,576,128,64,192,512,128,24,0,24,1,17,24,False,False,0,0,0,BF16,CUDA_EVENT,generic,generic,method=fp8|act=dynamic|serialized=True|block=128x128
0.0055599999614059925,0.006519999820739031,0.005823999922722578,0.00571999978274107,0.00035741287756231095,5,0.03771999850869179,0.11828000098466873,0.05571999996900558,0.04032000154256821,0.03131129943167226,5,0.004279999993741512,0.006800000090152025,0.005424000043421984,0.005640000104904175,0.000902121952293825,5,0.004279999993741512,0.00559999980032444,0.004791999980807304,0.0047599999234080315,0.0004660643219965466,5,0.7761989831924438,1.1291979551315308,0.8582387924194336,0.793919026851654,0.1357015784063456,5,3.143035888671875,3.7799150943756104,3.5128353595733643,3.685154914855957,0.2815095464807312,5,0.6321989893913269,0.6575189828872681,0.6436789989471435,0.64267897605896,0.008164074804928015,5,0.005520000122487545,0.0063599999994039536,0.005928000155836344,0.005840000230818987,0.000279885647279462,5,7168,128,1,16,1,4096,32,0,16,False,TORCH_SDPA_MLA,False,even,"[1, 1, 1, 1, 1, 1, 1, 1, 1, 1, 1, 1, 1, 1, 1, 1, 1, 1, 1, 1, 1, 1, 1, 1, 1, 1, 1, 1, 1, 1, 1, 1]",32,1,1,1.0,5,0.0,0.0,0.0,576,128,64,192,512,128,32,0,32,1,17,32,False,False,0,0,0,BF16,CUDA_EVENT,generic,generic,method=fp8|act=dynamic|serialized=True|block=128x128
0.005880000069737434,0.007000000216066837,0.006288000103086233,0.0060800001956522465,0.0004090183693577828,5,0.03068000078201294,0.05415999889373779,0.037936000525951384,0.03460000082850456,0.008348665205918664,5,0.00431999983265996,0.00535999983549118,0.00477599985897541,0.0047599999234080315,0.0003483446657588511,5,0.004279999993741512,0.005160000175237656,0.00451200008392334,0.004360000137239695,0.00033216868712659687,5,0.03743999823927879,0.06515999883413315,0.04474399983882904,0.041280001401901245,0.0103352009179729,5,0.12088000029325485,0.1462389975786209,0.12827979922294616,0.12404000014066696,0.009187007851486519,5,0.03232000023126602,0.03807999938726425,0.03444799929857254,0.033959999680519104,0.0019341808317148673,5,0.004120000172406435,0.006440000142902136,0.00520800007507205,0.005200000014156103,0.000760378842122278,5,7168,128,1,16,1,4096,1,0,24,False,TORCH_SDPA_MLA,False,even,[1],1,1,1,1.0,1,0.0,0.0,0.0,576,128,64,192,512,128,1,0,1,1,25,1,False,False,0,0,0,BF16,CUDA_EVENT,generic,generic,method=fp8|act=dynamic|serialized=True|block=128x128
0.00419999985024333,0.006839999929070473,0.00579200005158782,0.005960000213235617,0.0008662194323349829,5,0.03280000016093254,0.06855999678373337,0.04179999902844429,0.035999998450279236,0.013453944022591058,5,0.00431999983265996,0.006279999855905771,0.00505599994212389,0.0049600000493228436,0.0006791053116340861,5,0.004240000154823065,0.005640000104904175,0.00470399996265769,0.00443999981507659,0.0005175944832997938,5,0.06183899939060211,0.08940000087022781,0.07011180073022842,0.06656000018119812,0.009819965857541593,5,0.2237599939107895,0.25623899698257446,0.23226380050182344,0.22660000622272491,0.012119130215340048,5,0.05488000065088272,0.0594400018453598,0.05708800107240677,0.05671999976038933,0.0015234491376084898,5,0.005160000175237656,0.006479999981820583,0.0054720000363886355,0.005239999853074551,0.0005074800121914312,5,7168,128,1,16,1,4096,2,0,24,False,TORCH_SDPA_MLA,False,even,"[1, 1]",2,1,1,1.0,1,0.0,0.0,0.0,576,128,64,192,512,128,2,0,2,1,25,2,False,False,0,0,0,BF16,CUDA_EVENT,generic,generic,method=fp8|act=dynamic|serialized=True|block=128x128
0.004240000154823065,0.006279999855905771,0.005480000004172325,0.005640000104904175,0.0006755145398815803,5,0.03432000055909157,0.07199999690055847,0.042671999335289,0.03539999946951866,0.014697272524118688,5,0.004519999958574772,0.009039999917149544,0.005976000055670738,0.005439999978989363,0.0016241378722211116,5,0.004240000154823065,0.00559999980032444,0.004776000045239925,0.004800000227987766,0.00047973313042482305,5,0.11431899666786194,0.1520790010690689,0.12339940071105956,0.1167600005865097,0.01440424133214967,5,0.4169189929962158,0.45983999967575073,0.4315595984458923,0.4257589876651764,0.014903031967310399,5,0.0936800017952919,0.10208000242710114,0.09821600019931793,0.09787999838590622,0.002909361145415892,5,0.00431999983265996,0.006000000052154064,0.00528799993917346,0.00535999983549118,0.0005486857835751852,5,7168,128,1,16,1,4096,4,0,24,False,TORCH_SDPA_MLA,False,even,"[1, 1, 1, 1]",4,1,1,1.0,2,0.0,0.0,0.0,576,128,64,192,512,128,4,0,4,1,25,4,False,False,0,0,0,BF16,CUDA_EVENT,generic,generic,method=fp8|act=dynamic|serialized=True|block=128x128
0.0041600000113248825,0.006240000016987324,0.005623999983072281,0.005880000069737434,0.0007541246602591854,5,0.033479999750852585,0.05539900064468384,0.04051159992814064,0.037599001079797745,0.007803585846823753,5,0.0041600000113248825,0.006440000142902136,0.0050640000961720945,0.005040000192821026,0.0007767007715011236,5,0.00431999983265996,0.0069599999114871025,0.005159999895840883,0.004519999958574772,0.0010125610970242026,5,0.2019989937543869,0.3285599946975708,0.23441579937934875,0.21264000236988068,0.04731853302829494,5,0.8045989871025085,0.8700389862060547,0.8237589955329895,0.8123990297317505,0.02440016658225786,5,0.16940000653266907,0.18196000158786774,0.1763998031616211,0.17587900161743164,0.004479877872133922,5,0.005119999870657921,0.006920000072568655,0.005943999998271466,0.005640000104904175,0.0007220416389323954,5,7168,128,1,16,1,4096,8,0,24,False,TORCH_SDPA_MLA,False,even,"[1, 1, 1, 1, 1, 1, 1, 1]",8,1,1,1.0,2,0.0,0.0,0.0,576,128,64,192,512,128,8,0,8,1,25,8,False,False,0,0,0,BF16,CUDA_EVENT,generic,generic,method=fp8|act=dynamic|serialized=True|block=128x128
0.0040799998678267,0.0060800001956522465,0.005504000000655651,0.005799999926239252,0.0007211547072849967,5,0.03392000123858452,0.05696000158786774,0.03985600024461746,0.03596000000834465,0.008644836335809897,5,0.004639999940991402,0.009560000151395798,0.00579200005158782,0.004920000210404396,0.0018898296760723255,5,0.004240000154823065,0.006000000052154064,0.004888000059872865,0.004480000119656324,0.0006704744347115563,5,0.3059599995613098,0.7766789793968201,0.45919100642204286,0.31431901454925537,0.19267155375379305,5,1.1852389574050903,1.3807590007781982,1.2464466094970703,1.214439034461975,0.07199413479063066,5,0.24728000164031982,0.25971999764442444,0.2545116007328033,0.25543901324272156,0.004029229642012808,5,0.005119999870657921,0.006839999929070473,0.005712000001221895,0.005160000175237656,0.0007148257749281742,5,7168,128,1,16,1,4096,12,0,24,False,TORCH_SDPA_MLA,False,even,"[1, 1, 1, 1, 1, 1, 1, 1, 1, 1, 1, 1]",12,1,1,1.0,3,0.0,0.0,0.0,576,128,64,192,512,128,12,0,12,1,25,12,False,False,0,0,0,BF16,CUDA_EVENT,generic,generic,method=fp8|act=dynamic|serialized=True|block=128x128
0.004120000172406435,0.006440000142902136,0.005687800142914057,0.005960000213235617,0.0008056719793808012,5,0.03508000075817108,0.08643999695777893,0.04748799949884415,0.039239998906850815,0.019561403965266413,5,0.004240000154823065,0.007439999841153622,0.005048000067472458,0.004360000137239695,0.0012254369459232257,5,0.004240000154823065,0.004999999888241291,0.004487999994307756,0.00443999981507659,0.00027176454044212754,5,0.4034000039100647,0.8416789770126343,0.5499833881855011,0.41467899084091187,0.17967822228134006,5,1.5773580074310303,1.9059979915618896,1.6583820104598999,1.5844379663467407,0.12631029794440896,5,0.315079003572464,0.3344799876213074,0.32743960022926333,0.32896000146865845,0.006615212932123467,5,0.004999999888241291,0.0063599999994039536,0.0056640000082552435,0.005799999926239252,0.0005119999972521427,5,7168,128,1,16,1,4096,16,0,24,False,TORCH_SDPA_MLA,False,even,"[1, 1, 1, 1, 1, 1, 1, 1, 1, 1, 1, 1, 1, 1, 1, 1]",16,1,1,1.0,4,0.0,0.0,0.0,576,128,64,192,512,128,16,0,16,1,25,16,False,False,0,0,0,BF16,CUDA_EVENT,generic,generic,method=fp8|act=dynamic|serialized=True|block=128x128
0.004279999993741512,0.007960000075399876,0.006008000113070011,0.005960000213235617,0.0011684930652023765,5,0.03519999980926514,0.10047999769449234,0.04999999925494194,0.0384799987077713,0.02529388146063048,5,0.004360000137239695,0.00559999980032444,0.004896000027656555,0.004800000227987766,0.0004083918400203876,5,0.004240000154823065,0.005400000140070915,0.0046640001237392426,0.004639999940991402,0.00042902680765882236,5,0.5944790244102478,0.8040390014648438,0.6539354085922241,0.6059589982032776,0.07910186843375044,5,2.3485569953918457,2.929356098175049,2.5720842361450194,2.4283559322357178,0.23365262550111995,5,0.47775998711586,0.493598997592926,0.486407595872879,0.4909589886665344,0.006832440993892098,5,0.00419999985024333,0.0060800001956522465,0.005495999939739704,0.00571999978274107,0.0006715237057557039,5,7168,128,1,16,1,4096,24,0,24,False,TORCH_SDPA_MLA,False,even,"[1, 1, 1, 1, 1, 1, 1, 1, 1, 1, 1, 1, 1, 1, 1, 1, 1, 1, 1, 1, 1, 1, 1, 1]",24,1,1,1.0,4,0.0,0.0,0.0,576,128,64,192,512,128,24,0,24,1,25,24,False,False,0,0,0,BF16,CUDA_EVENT,generic,generic,method=fp8|act=dynamic|serialized=True|block=128x128
0.0041600000113248825,0.006599999964237213,0.005480000004172325,0.005840000230818987,0.0008579044339331733,5,0.03799999877810478,0.10936000198125839,0.05657580047845841,0.042079001665115356,0.026987626649884192,5,0.004240000154823065,0.005679999943822622,0.00493599995970726,0.005080000031739473,0.00052860567612328,5,0.004240000154823065,0.005040000192821026,0.004640000127255917,0.004600000102072954,0.0003025227764989346,5,0.7823989987373352,1.1747180223464966,0.8664388060569763,0.7921990156173706,0.15419147217449278,5,3.1697158813476562,3.817354917526245,3.528323173522949,3.6269149780273438,0.2820704517402668,5,0.624439001083374,0.6893190145492554,0.6452232122421264,0.6360390186309814,0.022875014998099946,5,0.005840000230818987,0.0069599999114871025,0.006487999949604273,0.00687999976798892,0.0005137468576465428,5,7168,128,1,16,1,4096,32,0,24,False,TORCH_SDPA_MLA,False,even,"[1, 1, 1, 1, 1, 1, 1, 1, 1, 1, 1, 1, 1, 1, 1, 1, 1, 1, 1, 1, 1, 1, 1, 1, 1, 1, 1, 1, 1, 1, 1, 1]",32,1,1,1.0,5,0.0,0.0,0.0,576,128,64,192,512,128,32,0,32,1,25,32,False,False,0,0,0,BF16,CUDA_EVENT,generic,generic,method=fp8|act=dynamic|serialized=True|block=128x128
0.004240000154823065,0.006399999838322401,0.005608000047504902,0.005880000069737434,0.0007276921605864713,5,0.029559999704360962,0.05959999933838844,0.03908799961209297,0.033479999750852585,0.01090011054233985,5,0.004240000154823065,0.005520000122487545,0.0047600001096725466,0.0047599999234080315,0.0004308131790919613,5,0.00419999985024333,0.005319999996572733,0.004575999919325113,0.004480000119656324,0.000413840585583765,5,0.03951999917626381,0.06695999950170517,0.04594400003552437,0.04115999862551689,0.010566985333145488,5,0.12216000258922577,0.14132000505924225,0.12774379998445512,0.12535999715328217,0.006966770434200826,5,0.032600000500679016,0.038679998368024826,0.03432799950242042,0.033640000969171524,0.002227737314913768,5,0.0049600000493228436,0.006240000016987324,0.005432000011205673,0.005319999996572733,0.00043406911310386035,5,7168,128,1,16,1,4096,1,0,32,False,TORCH_SDPA_MLA,False,even,[1],1,1,1,1.0,1,0.0,0.0,0.0,576,128,64,192,512,128,1,0,1,1,33,1,False,False,0,0,0,BF16,CUDA_EVENT,generic,generic,method=fp8|act=dynamic|serialized=True|block=128x128
0.004120000172406435,0.006839999929070473,0.005927999969571829,0.006399999838322401,0.0009912899428369262,5,0.0342399999499321,0.06239999830722809,0.0405519999563694,0.035599999129772186,0.010949670244677856,5,0.004360000137239695,0.0055599999614059925,0.004888000059872865,0.004800000227987766,0.0003897896329531573,5,0.0041600000113248825,0.0049600000493228436,0.004456000030040741,0.004399999976158142,0.0002812543238769548,5,0.06592000275850296,0.08432000130414963,0.07044000178575516,0.06775999814271927,0.006988538867469546,5,0.22431999444961548,0.2526000142097473,0.23245580196380616,0.22731900215148926,0.010566665520314404,5,0.05451999977231026,0.06159999966621399,0.05697579979896546,0.054999999701976776,0.0029016094819779414,5,0.004120000172406435,0.005919999908655882,0.005248000007122755,0.005319999996572733,0.0006193673284723472,5,7168,128,1,16,1,4096,2,0,32,False,TORCH_SDPA_MLA,False,even,"[1, 1]",2,1,1,1.0,1,0.0,0.0,0.0,576,128,64,192,512,128,2,0,2,1,33,2,False,False,0,0,0,BF16,CUDA_EVENT,generic,generic,method=fp8|act=dynamic|serialized=True|block=128x128
0.004120000172406435,0.006560000125318766,0.005424000043421984,0.005439999978989363,0.0008192093410070269,5,0.03307899832725525,0.07503999769687653,0.0429753988981247,0.03535899892449379,0.01609163962005053,5,0.004480000119656324,0.007679999805986881,0.005512000061571598,0.004720000084489584,0.0012285665479767009,5,0.004240000154823065,0.00535999983549118,0.004887999966740608,0.004999999888241291,0.0004281307920401342,5,0.11428000032901764,0.1441590040922165,0.12169580012559891,0.11655999720096588,0.011274626423517899,5,0.42131999135017395,0.4636799991130829,0.43516799807548523,0.4282799959182739,0.01534306293135717,5,0.09347999840974808,0.10159999877214432,0.09615199863910676,0.09467999637126923,0.0030879792837095856,5,0.0040799998678267,0.006519999820739031,0.005103999935090542,0.005080000031739473,0.000796632890693345,5,7168,128,1,16,1,4096,4,0,32,False,TORCH_SDPA_MLA,False,even,"[1, 1, 1, 1]",4,1,1,1.0,2,0.0,0.0,0.0,576,128,64,192,512,128,4,0,4,1,33,4,False,False,0,0,0,BF16,CUDA_EVENT,generic,generic,method=fp8|act=dynamic|serialized=True|block=128x128
0.0041600000113248825,0.006639000028371811,0.005383799970149994,0.00571999978274107,0.0010250667629637135,5,0.03483999893069267,0.08951999992132187,0.0467679999768734,0.03668000176548958,0.02140630785034126,5,0.00431999983265996,0.006920000072568655,0.005135999992489815,0.004800000227987766,0.0009655175452216238,5,0.004279999993741512,0.005439999978989363,0.004631999880075455,0.00443999981507659,0.0004273827616446281,5,0.21055999398231506,0.32103899121284485,0.23434359729290008,0.21264000236988068,0.043402002295259694,5,0.8082370162010193,0.8777589797973633,0.8281586050987244,0.8206390142440796,0.025444062323213112,5,0.1727599948644638,0.18172000348567963,0.17576000094413757,0.17560000717639923,0.003266020264449389,5,0.00419999985024333,0.00571999978274107,0.005103999935090542,0.005119999870657921,0.0005694066728842103,5,7168,128,1,16,1,4096,8,0,32,False,TORCH_SDPA_MLA,False,even,"[1, 1, 1, 1, 1, 1, 1, 1]",8,1,1,1.0,2,0.0,0.0,0.0,576,128,64,192,512,128,8,0,8,1,33,8,False,False,0,0,0,BF16,CUDA_EVENT,generic,generic,method=fp8|act=dynamic|serialized=True|block=128x128
0.005799999926239252,0.006800000090152025,0.006128000002354384,0.006039999891072512,0.00036869506716299906,5,0.03311999887228012,0.09520000219345093,0.04861600026488304,0.03675999864935875,0.02345233361311335,5,0.004559999797493219,0.014720000326633453,0.0068719999864697455,0.005080000031739473,0.003929002081391282,5,0.004279999993741512,0.009479999542236328,0.005775999929755926,0.005280000157654285,0.0019042015050934787,5,0.30799901485443115,0.6999589800834656,0.4394953966140747,0.3134399950504303,0.16368174104548713,5,1.2024379968643188,1.4069180488586426,1.2641662120819093,1.2243980169296265,0.07669347142928676,5,0.24775899946689606,0.2610799968242645,0.2551917999982834,0.25519999861717224,0.005151409143121472,5,0.004120000172406435,0.00803999975323677,0.005991999991238117,0.005640000104904175,0.001308287323535777,5,7168,128,1,16,1,4096,12,0,32,False,TORCH_SDPA_MLA,False,even,"[1, 1, 1, 1, 1, 1, 1, 1, 1, 1, 1, 1]",12,1,1,1.0,3,0.0,0.0,0.0,576,128,64,192,512,128,12,0,12,1,33,12,False,False,0,0,0,BF16,CUDA_EVENT,generic,generic,method=fp8|act=dynamic|serialized=True|block=128x128
0.004240000154823065,0.008320000022649765,0.0060639999806880954,0.005919999908655882,0.001331609535565076,5,0.03311999887228012,0.05467899888753891,0.04021579995751381,0.03784000128507614,0.007534350262190186,5,0.004519999958574772,0.00687999976798892,0.0051520000211894516,0.004720000084489584,0.0008819613394760398,5,0.004240000154823065,0.005080000031739473,0.004648000095039606,0.004600000102072954,0.000327316312766621,5,0.40195900201797485,0.8955590128898621,0.5608472049236297,0.40831899642944336,0.2003328344445397,5,1.6004780530929565,1.977316975593567,1.6977497816085816,1.6252779960632324,0.14171597373626846,5,0.3267199993133545,0.3402000069618225,0.3305040061473846,0.3277600109577179,0.005052720520896117,5,0.004360000137239695,0.006279999855905771,0.005471999943256378,0.005919999908655882,0.0007641569688753354,5,7168,128,1,16,1,4096,16,0,32,False,TORCH_SDPA_MLA,False,even,"[1, 1, 1, 1, 1, 1, 1, 1, 1, 1, 1, 1, 1, 1, 1, 1]",16,1,1,1.0,4,0.0,0.0,0.0,576,128,64,192,512,128,16,0,16,1,33,16,False,False,0,0,0,BF16,CUDA_EVENT,generic,generic,method=fp8|act=dynamic|serialized=True|block=128x128
0.004120000172406435,0.006000000052154064,0.005496000032871961,0.005799999926239252,0.0007022705589176449,5,0.037039998918771744,0.09972000122070312,0.05123199969530105,0.03988000005483627,0.024277930157738156,5,0.0041600000113248825,0.0061599998734891415,0.004927999991923571,0.004720000084489584,0.0007381706633507734,5,0.004240000154823065,0.005200000014156103,0.004800000041723251,0.004800000227987766,0.00032099837985479293,5,0.5974389910697937,0.8289589881896973,0.6600709915161133,0.6077190041542053,0.08829975173296718,5,2.3817570209503174,2.9809958934783936,2.608508586883545,2.4633970260620117,0.2443147273019527,5,0.47315898537635803,0.4850800037384033,0.47965559363365173,0.4790399968624115,0.004165117553853887,5,0.005319999996572733,0.006920000072568655,0.00602400004863739,0.005960000213235617,0.0005603428186221113,5,7168,128,1,16,1,4096,24,0,32,False,TORCH_SDPA_MLA,False,even,"[1, 1, 1, 1, 1, 1, 1, 1, 1, 1, 1, 1, 1, 1, 1, 1, 1, 1, 1, 1, 1, 1, 1, 1]",24,1,1,1.0,4,0.0,0.0,0.0,576,128,64,192,512,128,24,0,24,1,33,24,False,False,0,0,0,BF16,CUDA_EVENT,generic,generic,method=fp8|act=dynamic|serialized=True|block=128x128
0.0041600000113248825,0.0074800001457333565,0.006000000052154064,0.005919999908655882,0.0010925200490181292,5,0.038679998368024826,0.19607900083065033,0.0711998000741005,0.04047999903559685,0.06244581408418454,5,0.004279999993741512,0.00860000029206276,0.006208000052720308,0.005640000104904175,0.0017181200352875687,5,0.004240000154823065,0.00559999980032444,0.004719999991357327,0.004600000102072954,0.00046852952500361987,5,0.7817190289497375,1.0869189500808716,0.8530229926109314,0.7983589768409729,0.11716793468547239,5,3.1933960914611816,3.8459548950195312,3.552531385421753,3.705595016479492,0.28009765163819267,5,0.6335189938545227,0.6574389934539795,0.6455189943313598,0.6445990204811096,0.0077450977240499375,5,0.004240000154823065,0.006000000052154064,0.00532800005748868,0.005400000140070915,0.0006131361480317748,5,7168,128,1,16,1,4096,32,0,32,False,TORCH_SDPA_MLA,False,even,"[1, 1, 1, 1, 1, 1, 1, 1, 1, 1, 1, 1, 1, 1, 1, 1, 1, 1, 1, 1, 1, 1, 1, 1, 1, 1, 1, 1, 1, 1, 1, 1]",32,1,1,1.0,5,0.0,0.0,0.0,576,128,64,192,512,128,32,0,32,1,33,32,False,False,0,0,0,BF16,CUDA_EVENT,generic,generic,method=fp8|act=dynamic|serialized=True|block=128x128
0.005200000014156103,0.007319000083953142,0.006367800012230873,0.006240000016987324,0.000717687484198454,5,0.029920000582933426,0.05488000065088272,0.038464000821113585,0.0355600006878376,0.008527737299458632,5,0.00419999985024333,0.004999999888241291,0.004639999940991402,0.004679999779909849,0.00025799226308746844,5,0.00431999983265996,0.005439999978989363,0.004719999898225069,0.004519999958574772,0.0004374471834345216,5,0.03968000039458275,0.06719999760389328,0.04670379981398583,0.04292000085115433,0.010348195790494081,5,0.12176000326871872,0.14268000423908234,0.12925600111484528,0.1271599978208542,0.007369151644179681,5,0.03400000184774399,0.04320000112056732,0.03602380082011223,0.03432000055909157,0.003590272781030687,5,0.004399999976158142,0.006240000016987324,0.0053600000217556955,0.005400000140070915,0.0005862422738003453,5,7168,128,1,16,1,4096,1,0,48,False,TORCH_SDPA_MLA,False,even,[1],1,1,1,1.0,1,0.0,0.0,0.0,576,128,64,192,512,128,1,0,1,1,49,1,False,False,0,0,0,BF16,CUDA_EVENT,generic,generic,method=fp8|act=dynamic|serialized=True|block=128x128
0.004240000154823065,0.006599999964237213,0.005695999972522259,0.005880000069737434,0.0007994397326997458,5,0.03232000023126602,0.06015999987721443,0.0394239991903305,0.033799998462200165,0.01054012100462684,5,0.004720000084489584,0.006039999891072512,0.005504000000655651,0.00559999980032444,0.00043125856394186056,5,0.0041600000113248825,0.004519999958574772,0.004296000022441149,0.004240000154823065,0.00012289827960432692,5,0.06456000357866287,0.09455899894237518,0.07292780131101609,0.06728000193834305,0.01104503734281118,5,0.2231999933719635,0.2505199909210205,0.23422359824180602,0.2314790040254593,0.00935898381007999,5,0.05448000133037567,0.05984000116586685,0.05639200136065483,0.0560000017285347,0.0019468785277563562,5,0.005280000157654285,0.006839999929070473,0.005824000015854836,0.0055599999614059925,0.0005614837022061116,5,7168,128,1,16,1,4096,2,0,48,False,TORCH_SDPA_MLA,False,even,"[1, 1]",2,1,1,1.0,1,0.0,0.0,0.0,576,128,64,192,512,128,2,0,2,1,49,2,False,False,0,0,0,BF16,CUDA_EVENT,generic,generic,method=fp8|act=dynamic|serialized=True|block=128x128
0.0055599999614059925,0.006719999946653843,0.006152000091969967,0.006200000178068876,0.00038483242436920535,5,0.03420000150799751,0.0756789967417717,0.04487979933619499,0.03815999999642372,0.015671624049776574,5,0.004279999993741512,0.00571999978274107,0.005128000024706125,0.005200000014156103,0.000537490411687559,5,0.004240000154823065,0.004360000137239695,0.004304000083357096,0.004279999993741512,4.8000024010787934e-05,5,0.11296000331640244,0.1512800008058548,0.12439200133085251,0.11764000356197357,0.014006635662931215,5,0.4258800148963928,0.46055999398231506,0.43792799711227415,0.43799999356269836,0.01242949452614859,5,0.09344000369310379,0.09995900094509125,0.09595960229635239,0.09464000165462494,0.0023311143091197997,5,0.004800000227987766,0.006479999981820583,0.0053679999895393845,0.005239999853074551,0.0005787710700300878,5,7168,128,1,16,1,4096,4,0,48,False,TORCH_SDPA_MLA,False,even,"[1, 1, 1, 1]",4,1,1,1.0,2,0.0,0.0,0.0,576,128,64,192,512,128,4,0,4,1,49,4,False,False,0,0,0,BF16,CUDA_EVENT,generic,generic,method=fp8|act=dynamic|serialized=True|block=128x128
0.004360000137239695,0.006399999838322401,0.0057680000551044944,0.005960000213235617,0.0007442149540223231,5,0.033879999071359634,0.0793600007891655,0.04438399970531463,0.03551999852061272,0.01753286521940702,5,0.00431999983265996,0.005640000104904175,0.004912000056356192,0.0049600000493228436,0.0004464258821517434,5,0.004240000154823065,0.005319999996572733,0.004552000109106303,0.004360000137239695,0.0003914280969719843,5,0.2093600034713745,0.4017980098724365,0.24992740154266357,0.2125599980354309,0.07595190252523987,5,0.8333190083503723,0.8924790024757385,0.8511427998542785,0.8441579937934875,0.021399126276688406,5,0.1762000024318695,0.1786399930715561,0.17759179770946504,0.17764000594615936,0.000927374977039733,5,0.004399999976158142,0.006519999820739031,0.005704000033438206,0.006120000034570694,0.0007700804946681948,5,7168,128,1,16,1,4096,8,0,48,False,TORCH_SDPA_MLA,False,even,"[1, 1, 1, 1, 1, 1, 1, 1]",8,1,1,1.0,2,0.0,0.0,0.0,576,128,64,192,512,128,8,0,8,1,49,8,False,False,0,0,0,BF16,CUDA_EVENT,generic,generic,method=fp8|act=dynamic|serialized=True|block=128x128
0.004120000172406435,0.006320000160485506,0.005776000022888183,0.0061599998734891415,0.0008308452844016343,5,0.03516000136733055,0.06176000088453293,0.04084000065922737,0.035760000348091125,0.01046285630610201,5,0.00443999981507659,0.01095999963581562,0.005943999905139208,0.004720000084489584,0.0025217897207102176,5,0.004120000172406435,0.006920000072568655,0.0049680001102387905,0.004600000102072954,0.0010193016913131738,5,0.3071199953556061,0.7649989724159241,0.4581033945083618,0.3148399889469147,0.18885693170603282,5,1.223557949066162,1.4128379821777344,1.2841741800308228,1.2507580518722534,0.06812485432152972,5,0.24539999663829803,0.2587589919567108,0.2542636007070541,0.25683900713920593,0.005090993197548336,5,0.005280000157654285,0.006399999838322401,0.0056719999760389325,0.00559999980032444,0.0003906096754184237,5,7168,128,1,16,1,4096,12,0,48,False,TORCH_SDPA_MLA,False,even,"[1, 1, 1, 1, 1, 1, 1, 1, 1, 1, 1, 1]",12,1,1,1.0,3,0.0,0.0,0.0,576,128,64,192,512,128,12,0,12,1,49,12,False,False,0,0,0,BF16,CUDA_EVENT,generic,generic,method=fp8|act=dynamic|serialized=True|block=128x128
0.0040799998678267,0.00800000037997961,0.005936000030487776,0.005919999908655882,0.0012451764667064308,5,0.03500000014901161,0.0926389992237091,0.04786380007863045,0.03824000060558319,0.022437462757402014,5,0.004840000066906214,0.006680000107735395,0.005504000000655651,0.005520000122487545,0.0006667413662965564,5,0.004240000154823065,0.006839999929070473,0.004944000020623207,0.004600000102072954,0.0009611991883818782,5,0.4052389860153198,0.8178790211677551,0.5391993999481202,0.40887999534606934,0.17008715937209767,5,1.6221979856491089,1.9636379480361938,1.7134699821472168,1.6449979543685913,0.12814877584364806,5,0.3208790123462677,0.3370400071144104,0.330719405412674,0.3333190083503723,0.005662475881514576,5,0.005280000157654285,0.006599999964237213,0.005752000026404858,0.005640000104904175,0.00047423199256269,5,7168,128,1,16,1,4096,16,0,48,False,TORCH_SDPA_MLA,False,even,"[1, 1, 1, 1, 1, 1, 1, 1, 1, 1, 1, 1, 1, 1, 1, 1]",16,1,1,1.0,4,0.0,0.0,0.0,576,128,64,192,512,128,16,0,16,1,49,16,False,False,0,0,0,BF16,CUDA_EVENT,generic,generic,method=fp8|act=dynamic|serialized=True|block=128x128
0.00419999985024333,0.006519999820739031,0.005727999936789274,0.005799999926239252,0.0008338441547401041,5,0.036639999598264694,0.10091999918222427,0.05005579963326454,0.0371600016951561,0.02543953070707794,5,0.004720000084489584,0.005679999943822622,0.0051680000498890875,0.005080000031739473,0.00037472120397071863,5,0.004240000154823065,0.0047599999234080315,0.004528000019490719,0.004600000102072954,0.00021075103417980047,5,0.5859990119934082,0.7906389832496643,0.6487993955612182,0.6003199815750122,0.07648033626517237,5,2.4021968841552734,2.947115898132324,2.5949403762817385,2.4714770317077637,0.21654550587884258,5,0.46935901045799255,0.480320006608963,0.47591960430145264,0.4756399989128113,0.004011985096669903,5,0.00431999983265996,0.006320000160485506,0.005439999978989363,0.00535999983549118,0.0007137507992053713,5,7168,128,1,16,1,4096,24,0,48,False,TORCH_SDPA_MLA,False,even,"[1, 1, 1, 1, 1, 1, 1, 1, 1, 1, 1, 1, 1, 1, 1, 1, 1, 1, 1, 1, 1, 1, 1, 1]",24,1,1,1.0,4,0.0,0.0,0.0,576,128,64,192,512,128,24,0,24,1,49,24,False,False,0,0,0,BF16,CUDA_EVENT,generic,generic,method=fp8|act=dynamic|serialized=True|block=128x128
0.004120000172406435,0.006560000125318766,0.005848000105470419,0.006320000160485506,0.0009020509864073984,5,0.03751999884843826,0.12676000595092773,0.05703200101852417,0.04019999876618385,0.03488968369621359,5,0.004519999958574772,0.005640000104904175,0.005176000017672777,0.005319999996572733,0.0004444141784287149,5,0.004240000154823065,0.0060800001956522465,0.004928000085055828,0.004639999940991402,0.0006486417172597692,5,0.7783190011978149,1.136718988418579,0.8614709973335266,0.7983189821243286,0.13783768396156737,5,3.2813949584960938,3.944075107574463,3.639299249649048,3.7932751178741455,0.2888399864193343,5,0.6337990164756775,0.6517189741134644,0.6436710000038147,0.6474390029907227,0.006787246706839461,5,0.005640000104904175,0.007720000110566616,0.00637600002810359,0.006120000034570694,0.0007108755444242404,5,7168,128,1,16,1,4096,32,0,48,False,TORCH_SDPA_MLA,False,even,"[1, 1, 1, 1, 1, 1, 1, 1, 1, 1, 1, 1, 1, 1, 1, 1, 1, 1, 1, 1, 1, 1, 1, 1, 1, 1, 1, 1, 1, 1, 1, 1]",32,1,1,1.0,5,0.0,0.0,0.0,576,128,64,192,512,128,32,0,32,1,49,32,False,False,0,0,0,BF16,CUDA_EVENT,generic,generic,method=fp8|act=dynamic|serialized=True|block=128x128
0.004240000154823065,0.0060800001956522465,0.005536000058054924,0.005919999908655882,0.0006852035892855566,5,0.03376000002026558,0.0551999993622303,0.03911999985575676,0.03579999879002571,0.008087560549594,5,0.004279999993741512,0.005319999996572733,0.004648000001907349,0.004399999976158142,0.00040745066843992105,5,0.004279999993741512,0.005040000192821026,0.00463200006633997,0.004559999797493219,0.0003008256097620568,5,0.038040000945329666,0.06620000302791595,0.045984001457691194,0.042160000652074814,0.010227668344296751,5,0.1245189979672432,0.14711999893188477,0.1321517989039421,0.1287200003862381,0.008123768563273558,5,0.03187999874353409,0.036720000207424164,0.034703999757766724,0.03455999866127968,0.0017491668584755104,5,0.0049600000493228436,0.006599999964237213,0.005720000062137842,0.005520000122487545,0.000650415192944118,5,7168,128,1,16,1,4096,1,0,64,False,TORCH_SDPA_MLA,False,even,[1],1,1,1,1.0,1,0.0,0.0,0.0,576,128,64,192,512,128,1,0,1,1,65,1,False,False,0,0,0,BF16,CUDA_EVENT,generic,generic,method=fp8|act=dynamic|serialized=True|block=128x128
0.0041600000113248825,0.006519999820739031,0.005647999979555607,0.006000000052154064,0.0008085146348244512,5,0.03415999934077263,0.06659899652004242,0.04177579879760742,0.035599999129772186,0.012459188868559044,5,0.004279999993741512,0.0061599998734891415,0.005191999953240156,0.005119999870657921,0.0006574617776396373,5,0.004240000154823065,0.005520000122487545,0.004792000073939562,0.0047599999234080315,0.00045844958864642657,5,0.06615900248289108,0.1042800024151802,0.07487180083990097,0.0681999996304512,0.014736661899578207,5,0.2343199998140335,0.2601200044155121,0.2427678018808365,0.24084000289440155,0.009012864610325202,5,0.052719999104738235,0.06176000088453293,0.05672779977321625,0.055479999631643295,0.003092945245333077,5,0.0047599999234080315,0.006800000090152025,0.0054639999754726885,0.005119999870657921,0.0007273404400077665,5,7168,128,1,16,1,4096,2,0,64,False,TORCH_SDPA_MLA,False,even,"[1, 1]",2,1,1,1.0,1,0.0,0.0,0.0,576,128,64,192,512,128,2,0,2,1,65,2,False,False,0,0,0,BF16,CUDA_EVENT,generic,generic,method=fp8|act=dynamic|serialized=True|block=128x128
0.004240000154823065,0.006519999820739031,0.005943999998271466,0.006240000016987324,0.0008599906123300501,5,0.03500000014901161,0.09164000302553177,0.0471840001642704,0.035599999129772186,0.02226024545523599,5,0.0041600000113248825,0.006479999981820583,0.005104000028222799,0.004800000227987766,0.0007930094652059144,5,0.004279999993741512,0.005319999996572733,0.004872000031173229,0.005080000031739473,0.0004598434242084093,5,0.11079999804496765,0.15252000093460083,0.12365600019693375,0.11931999772787094,0.014828871714299165,5,0.44251900911331177,0.4803589880466461,0.4513830006122589,0.44523900747299194,0.014526033225331218,5,0.09635999798774719,0.10372000187635422,0.09967999905347824,0.10012000054121017,0.0027986295256015163,5,0.0040799998678267,0.006200000178068876,0.0053519999608397486,0.00559999980032444,0.0007062691601012791,5,7168,128,1,16,1,4096,4,0,64,False,TORCH_SDPA_MLA,False,even,"[1, 1, 1, 1]",4,1,1,1.0,2,0.0,0.0,0.0,576,128,64,192,512,128,4,0,4,1,65,4,False,False,0,0,0,BF16,CUDA_EVENT,generic,generic,method=fp8|act=dynamic|serialized=True|block=128x128
0.004279999993741512,0.0063599999994039536,0.005791999958455562,0.0061599998734891415,0.000769581693775668,5,0.033479999750852585,0.08287999778985977,0.04523199945688248,0.035599999129772186,0.018945536327241386,5,0.004360000137239695,0.007600000128149986,0.0052720000967383385,0.0047599999234080315,0.0011783106706951404,5,0.004279999993741512,0.005040000192821026,0.004640000034123659,0.004720000084489584,0.00029610819176154095,5,0.21323999762535095,0.36263900995254517,0.24387960135936737,0.21376000344753265,0.059390912428696936,5,0.8463990092277527,0.9132390022277832,0.8654307961463928,0.8488379716873169,0.0257288736615984,5,0.16919900476932526,0.18355999886989594,0.17531979978084564,0.174919992685318,0.005075104218475775,5,0.005319999996572733,0.00788000039756298,0.006024000141769648,0.005760000087320805,0.0009454227851665303,5,7168,128,1,16,1,4096,8,0,64,False,TORCH_SDPA_MLA,False,even,"[1, 1, 1, 1, 1, 1, 1, 1]",8,1,1,1.0,2,0.0,0.0,0.0,576,128,64,192,512,128,8,0,8,1,65,8,False,False,0,0,0,BF16,CUDA_EVENT,generic,generic,method=fp8|act=dynamic|serialized=True|block=128x128
0.0041600000113248825,0.006680000107735395,0.005912000127136707,0.006320000160485506,0.0009220499320460431,5,0.03443999961018562,0.08807999640703201,0.04632799923419952,0.036400001496076584,0.02092469251451177,5,0.004720000084489584,0.01083999965339899,0.006471999920904636,0.005239999853074551,0.002311072364053413,5,0.004240000154823065,0.005640000104904175,0.004879999998956918,0.004679999779909849,0.0005757776807201037,5,0.303398996591568,0.7235190272331238,0.4516712069511414,0.3152390122413635,0.17810964116012126,5,1.2404390573501587,1.4565989971160889,1.3061266183853149,1.2664790153503418,0.07976303877744732,5,0.24988000094890594,0.2606390118598938,0.25360760390758513,0.2521190047264099,0.0038501501582903002,5,0.0049600000493228436,0.006200000178068876,0.005544000118970871,0.005319999996572733,0.0005012624567448516,5,7168,128,1,16,1,4096,12,0,64,False,TORCH_SDPA_MLA,False,even,"[1, 1, 1, 1, 1, 1, 1, 1, 1, 1, 1, 1]",12,1,1,1.0,3,0.0,0.0,0.0,576,128,64,192,512,128,12,0,12,1,65,12,False,False,0,0,0,BF16,CUDA_EVENT,generic,generic,method=fp8|act=dynamic|serialized=True|block=128x128
0.004120000172406435,0.005919999908655882,0.005504000093787908,0.005840000230818987,0.0006930973543933267,5,0.03483999893069267,0.08900000154972076,0.04795999974012375,0.0384799987077713,0.020577534301879405,5,0.004240000154823065,0.004999999888241291,0.004688000027090311,0.004720000084489584,0.00025474686375019233,5,0.004279999993741512,0.007960000075399876,0.005248000007122755,0.004399999976158142,0.0013951688428715688,5,0.40731900930404663,0.8573189973831177,0.5514232039451599,0.4101189970970154,0.18454674704601146,5,1.6301180124282837,1.9628770351409912,1.7337738037109376,1.683877944946289,0.11840603878292696,5,0.32548001408576965,0.3363189995288849,0.32999160289764407,0.3293200135231018,0.0035528639084939514,5,0.004120000172406435,0.007040000054985285,0.005624000076204538,0.00559999980032444,0.0009585321816895877,5,7168,128,1,16,1,4096,16,0,64,False,TORCH_SDPA_MLA,False,even,"[1, 1, 1, 1, 1, 1, 1, 1, 1, 1, 1, 1, 1, 1, 1, 1]",16,1,1,1.0,4,0.0,0.0,0.0,576,128,64,192,512,128,16,0,16,1,65,16,False,False,0,0,0,BF16,CUDA_EVENT,generic,generic,method=fp8|act=dynamic|serialized=True|block=128x128
0.005919999908655882,0.00827999971807003,0.006775999907404184,0.006639999803155661,0.0008030341488989795,5,0.03587900102138519,0.10264000296592712,0.05070380046963692,0.03895999863743782,0.026019143325704864,5,0.0041600000113248825,0.004999999888241291,0.004623999912291765,0.004679999779909849,0.0002731739090545808,5,0.004279999993741512,0.005640000104904175,0.004784000013023615,0.00443999981507659,0.000539985223599774,5,0.5982789993286133,0.8127989768981934,0.6567829966545105,0.6091989874839783,0.08084934659752184,5,2.4662370681762695,3.0573160648345947,2.6852368354797362,2.5453970432281494,0.2427620911622885,5,0.47499901056289673,0.49831900000572205,0.4899114012718201,0.49272000789642334,0.008367759766693015,5,0.00559999980032444,0.006399999838322401,0.005911999940872192,0.005880000069737434,0.000274109491347969,5,7168,128,1,16,1,4096,24,0,64,False,TORCH_SDPA_MLA,False,even,"[1, 1, 1, 1, 1, 1, 1, 1, 1, 1, 1, 1, 1, 1, 1, 1, 1, 1, 1, 1, 1, 1, 1, 1]",24,1,1,1.0,4,0.0,0.0,0.0,576,128,64,192,512,128,24,0,24,1,65,24,False,False,0,0,0,BF16,CUDA_EVENT,generic,generic,method=fp8|act=dynamic|serialized=True|block=128x128
0.004240000154823065,0.006519999820739031,0.005816000048071146,0.0061599998734891415,0.000808197917682009,5,0.03652000054717064,0.17567899823188782,0.06685579940676689,0.041600000113248825,0.05445375862194757,5,0.004279999993741512,0.0074800001457333565,0.005191999953240156,0.0047599999234080315,0.001157763450452175,5,0.004920000210404396,0.006680000107735395,0.005552000086754561,0.00559999980032444,0.0006451790000369097,5,0.7785189747810364,1.1096789836883545,0.8531829833984375,0.7933189868927002,0.12836984011828145,5,3.2962350845336914,3.8939549922943115,3.6274670124053956,3.72503399848938,0.2565396123619773,5,0.6301590204238892,0.6589199900627136,0.6442872047424316,0.6439589858055115,0.009700024214741431,5,0.005280000157654285,0.010320000350475311,0.006824000086635351,0.006000000052154064,0.0017920001060701958,5,7168,128,1,16,1,4096,32,0,64,False,TORCH_SDPA_MLA,False,even,"[1, 1, 1, 1, 1, 1, 1, 1, 1, 1, 1, 1, 1, 1, 1, 1, 1, 1, 1, 1, 1, 1, 1, 1, 1, 1, 1, 1, 1, 1, 1, 1]",32,1,1,1.0,5,0.0,0.0,0.0,576,128,64,192,512,128,32,0,32,1,65,32,False,False,0,0,0,BF16,CUDA_EVENT,generic,generic,method=fp8|act=dynamic|serialized=True|block=128x128
0.004120000172406435,0.010520000010728836,0.006247999984771014,0.005679999943822622,0.002306082366799785,5,0.03296000137925148,0.0544000007212162,0.03898400068283081,0.03604000061750412,0.007829078082801956,5,0.004240000154823065,0.007000000216066837,0.004920000024139881,0.00443999981507659,0.0010470531028831964,5,0.004399999976158142,0.005200000014156103,0.004727999959141016,0.0047599999234080315,0.0002741094804755023,5,0.038679998368024826,0.055319998413324356,0.043487999588251114,0.04123999923467636,0.005993937815964903,5,0.1281999945640564,0.1473589986562729,0.13315179646015168,0.1305599957704544,0.007170095625052139,5,0.032958999276161194,0.03824000060558319,0.03471980020403862,0.03415999934077263,0.001960424646094933,5,0.004720000084489584,0.0069599999114871025,0.005688000004738569,0.005080000031739473,0.0009507554249895867,5,7168,128,1,16,1,4096,1,0,96,False,TORCH_SDPA_MLA,False,even,[1],1,1,1,1.0,1,0.0,0.0,0.0,576,128,64,192,512,128,1,0,1,1,97,1,False,False,0,0,0,BF16,CUDA_EVENT,generic,generic,method=fp8|act=dynamic|serialized=True|block=128x128
0.004240000154823065,0.008999999612569809,0.0065599999390542505,0.006519999820739031,0.0015195787072325424,5,0.03319999948143959,0.06379999965429306,0.040352000296115874,0.0342399999499321,0.011770917116258543,5,0.004279999993741512,0.00571999978274107,0.00493599995970726,0.004800000227987766,0.0004750409634755854,5,0.00443999981507659,0.0069599999114871025,0.005071999877691269,0.004679999779909849,0.0009490711480132043,5,0.06775999814271927,0.10096000134944916,0.07517599910497666,0.06843999773263931,0.012938195131003643,5,0.23775899410247803,0.26636001467704773,0.24641580283641815,0.2431199997663498,0.010224745422629253,5,0.055640000849962234,0.0597199983894825,0.056863799691200256,0.05623900145292282,0.001463581788575733,5,0.005400000140070915,0.006279999855905771,0.005776000022888183,0.005840000230818987,0.00032653323468727086,5,7168,128,1,16,1,4096,2,0,96,False,TORCH_SDPA_MLA,False,even,"[1, 1]",2,1,1,1.0,1,0.0,0.0,0.0,576,128,64,192,512,128,2,0,2,1,97,2,False,False,0,0,0,BF16,CUDA_EVENT,generic,generic,method=fp8|act=dynamic|serialized=True|block=128x128
0.004120000172406435,0.006479999981820583,0.005343999993056059,0.005919999908655882,0.0009858518998801438,5,0.033479999750852585,0.0684799998998642,0.04167999997735024,0.035760000348091125,0.013445403611334788,5,0.00419999985024333,0.0055599999614059925,0.004887999966740608,0.0049600000493228436,0.00044065408380608725,5,0.004399999976158142,0.004559999797493219,0.004495999962091446,0.004480000119656324,5.986642644755097e-05,5,0.11456000059843063,0.1465200036764145,0.12293599992990493,0.1178399994969368,0.011863535151554637,5,0.44523900747299194,0.49119898676872253,0.4587029993534088,0.4476790130138397,0.017285630914154613,5,0.09628000110387802,0.10304000228643417,0.09919999986886978,0.09811999648809433,0.002653903151849409,5,0.005080000031739473,0.00687999976798892,0.005695999972522259,0.00535999983549118,0.0006648187152284951,5,7168,128,1,16,1,4096,4,0,96,False,TORCH_SDPA_MLA,False,even,"[1, 1, 1, 1]",4,1,1,1.0,2,0.0,0.0,0.0,576,128,64,192,512,128,4,0,4,1,97,4,False,False,0,0,0,BF16,CUDA_EVENT,generic,generic,method=fp8|act=dynamic|serialized=True|block=128x128
0.0041600000113248825,0.007519999984651804,0.005927999969571829,0.005919999908655882,0.001067453036651705,5,0.033720001578330994,0.053360000252723694,0.038888000696897504,0.0355600006878376,0.0073601474670172895,5,0.004480000119656324,0.0060800001956522465,0.00509600006043911,0.0047599999234080315,0.0006462693634939677,5,0.004279999993741512,0.004800000227987766,0.004544000048190356,0.004600000102072954,0.00018347758827892184,5,0.20907999575138092,0.30483898520469666,0.23257559537887573,0.21583999693393707,0.03628453433263152,5,0.8572790026664734,0.9241989850997925,0.8770390033721924,0.8671990036964417,0.024117266259568393,5,0.1719599962234497,0.1887200027704239,0.17740800082683564,0.17392000555992126,0.00617076449680518,5,0.0047599999234080315,0.006440000142902136,0.0053599999286234375,0.005239999853074551,0.0005779966291091006,5,7168,128,1,16,1,4096,8,0,96,False,TORCH_SDPA_MLA,False,even,"[1, 1, 1, 1, 1, 1, 1, 1]",8,1,1,1.0,2,0.0,0.0,0.0,576,128,64,192,512,128,8,0,8,1,97,8,False,False,0,0,0,BF16,CUDA_EVENT,generic,generic,method=fp8|act=dynamic|serialized=True|block=128x128
0.004240000154823065,0.006279999855905771,0.005744000058621168,0.0060800001956522465,0.0007692489065510447,5,0.03463999927043915,0.058559998869895935,0.04026399925351143,0.03596000000834465,0.009197655170328107,5,0.00419999985024333,0.010080000385642052,0.005680000036954879,0.004720000084489584,0.002210520482416879,5,0.0041600000113248825,0.00800000037997961,0.005280000064522028,0.004399999976158142,0.0014567911060861724,5,0.31071901321411133,0.8218389749526978,0.47606319189071655,0.3158400058746338,0.20950939128359108,5,1.262598991394043,1.4431979656219482,1.3269903898239135,1.3010389804840088,0.06372724344853965,5,0.24903999269008636,0.26104000210762024,0.2563515990972519,0.2577590048313141,0.003992772928268808,5,0.00431999983265996,0.00791999977082014,0.005487999971956014,0.005040000192821026,0.0013063291193729648,5,7168,128,1,16,1,4096,12,0,96,False,TORCH_SDPA_MLA,False,even,"[1, 1, 1, 1, 1, 1, 1, 1, 1, 1, 1, 1]",12,1,1,1.0,3,0.0,0.0,0.0,576,128,64,192,512,128,12,0,12,1,97,12,False,False,0,0,0,BF16,CUDA_EVENT,generic,generic,method=fp8|act=dynamic|serialized=True|block=128x128
0.004399999976158142,0.00675999978557229,0.005632000043988228,0.005640000104904175,0.0007544640011636734,5,0.03531999886035919,0.06455899775028229,0.04285559952259064,0.038159001618623734,0.01092458343381133,5,0.004800000227987766,0.006920000072568655,0.005592000018805265,0.00559999980032444,0.0007407671659581231,5,0.004360000137239695,0.007679999805986881,0.005183999985456466,0.004679999779909849,0.00125490388319457,5,0.4027999937534332,0.8749189972877502,0.5577993988990784,0.4196000099182129,0.19090182804071512,5,1.6949169635772705,2.0226759910583496,1.7818853616714478,1.7145979404449463,0.12288936756239396,5,0.32683899998664856,0.33480000495910645,0.3303037941455841,0.33087998628616333,0.0028348451177206474,5,0.004360000137239695,0.006639999803155661,0.00556000005453825,0.005400000140070915,0.0008067712294735101,5,7168,128,1,16,1,4096,16,0,96,False,TORCH_SDPA_MLA,False,even,"[1, 1, 1, 1, 1, 1, 1, 1, 1, 1, 1, 1, 1, 1, 1, 1]",16,1,1,1.0,4,0.0,0.0,0.0,576,128,64,192,512,128,16,0,16,1,97,16,False,False,0,0,0,BF16,CUDA_EVENT,generic,generic,method=fp8|act=dynamic|serialized=True|block=128x128
0.005760000087320805,0.0063599999994039536,0.006056000106036663,0.006000000052154064,0.00020645578337506631,5,0.03571999818086624,0.11488000303506851,0.05324800014495849,0.039000000804662704,0.030861347131408194,5,0.004360000137239695,0.006200000178068876,0.005144000053405762,0.005119999870657921,0.0006095768995020895,5,0.004279999993741512,0.005640000104904175,0.005000000074505806,0.004999999888241291,0.00043817808382003387,5,0.5960400104522705,0.7997990250587463,0.6537114024162293,0.6093189716339111,0.07657617821266835,5,2.5018370151519775,3.122596025466919,2.73294882774353,2.5942370891571045,0.2412390177756857,5,0.4809190034866333,0.5055189728736877,0.49114319682121277,0.48715901374816895,0.008814269461871478,5,0.00559999980032444,0.0069599999114871025,0.006128000002354384,0.005960000213235617,0.0004875407526310361,5,7168,128,1,16,1,4096,24,0,96,False,TORCH_SDPA_MLA,False,even,"[1, 1, 1, 1, 1, 1, 1, 1, 1, 1, 1, 1, 1, 1, 1, 1, 1, 1, 1, 1, 1, 1, 1, 1]",24,1,1,1.0,4,0.0,0.0,0.0,576,128,64,192,512,128,24,0,24,1,97,24,False,False,0,0,0,BF16,CUDA_EVENT,generic,generic,method=fp8|act=dynamic|serialized=True|block=128x128
0.00419999985024333,0.006560000125318766,0.005688000004738569,0.005799999926239252,0.0008249704067956846,5,0.03832000121474266,0.15172000229358673,0.062263999879360196,0.03999999910593033,0.044738370222516054,5,0.004279999993741512,0.005679999943822622,0.004967999923974275,0.0049600000493228436,0.00047692346863421534,5,0.004360000137239695,0.00547999981790781,0.004695999994874,0.004519999958574772,0.00041845418741058945,5,0.7870789766311646,1.1586780548095703,0.8655987977981567,0.7937589883804321,0.1465755076202045,5,3.3603549003601074,4.035114765167236,3.7362669467926026,3.8825950622558594,0.3031790969416607,5,0.6234790086746216,0.6717190146446228,0.646271014213562,0.6463990211486816,0.015388794986759973,5,0.00535999983549118,0.006240000016987324,0.005728000029921532,0.005760000087320805,0.00032535521307511174,5,7168,128,1,16,1,4096,32,0,96,False,TORCH_SDPA_MLA,False,even,"[1, 1, 1, 1, 1, 1, 1, 1, 1, 1, 1, 1, 1, 1, 1, 1, 1, 1, 1, 1, 1, 1, 1, 1, 1, 1, 1, 1, 1, 1, 1, 1]",32,1,1,1.0,5,0.0,0.0,0.0,576,128,64,192,512,128,32,0,32,1,97,32,False,False,0,0,0,BF16,CUDA_EVENT,generic,generic,method=fp8|act=dynamic|serialized=True|block=128x128
0.00431999983265996,0.007519999984651804,0.005848000012338162,0.005799999926239252,0.001013950733328435,5,0.03471999987959862,0.060520000755786896,0.041991999745368956,0.03779999911785126,0.009575081537742372,5,0.0934000015258789,0.2492399960756302,0.12943199872970582,0.09811999648809433,0.06025181365153581,5,0.15131999552249908,0.20972000062465668,0.16815979778766632,0.16319899260997772,0.021442346302583286,5,0.004360000137239695,0.006599999964237213,0.004863999970257282,0.00443999981507659,0.0008696114011367258,5,0.004399999976158142,0.006399999838322401,0.005039999913424254,0.004480000119656324,0.0007907464218580393,5,0.004399999976158142,0.008799999952316284,0.005496000032871961,0.004480000119656324,0.0016860082592971173,5,0.00431999983265996,0.007960000075399876,0.005520000029355288,0.005040000192821026,0.0013336267192597918,5,7168,128,1,16,2,4096,1,160,0,True,TORCH_SDPA_MLA,False,even,[160],160,160,160,160.0,160,0.0,0.0,0.0,576,128,64,192,512,128,160,160,0,160,160,160,False,False,0,160,160,BF16,CUDA_EVENT,generic,generic,method=fp8|act=dynamic|serialized=True|block=128x128
0.00431999983265996,0.006839999929070473,0.005703999940305948,0.005799999926239252,0.0008034326709191233,5,0.03203999996185303,0.06672000139951706,0.04179999977350235,0.03303999826312065,0.013314991076908773,5,0.08780000358819962,0.12756000459194183,0.0999200016260147,0.09331999719142914,0.014448586167344929,5,0.15432000160217285,0.17751899361610413,0.16241579949855806,0.158160001039505,0.008904438546570203,5,0.004519999958574772,0.005679999943822622,0.004887999966740608,0.004639999940991402,0.0004464258087183575,5,0.004399999976158142,0.006200000178068876,0.004832000005990267,0.004519999958574772,0.0006874417257140179,5,0.004480000119656324,0.005319999996572733,0.004687999933958053,0.004559999797493219,0.0003173893708029077,5,0.005400000140070915,0.007280000019818544,0.006016000080853701,0.005799999926239252,0.0006512019323438888,5,7168,128,1,16,2,4096,1,32,0,True,TORCH_SDPA_MLA,False,even,[32],32,32,32,32.0,32,0.0,0.0,0.0,576,128,64,192,512,128,32,32,0,32,32,32,False,False,0,32,32,BF16,CUDA_EVENT,generic,generic,method=fp8|act=dynamic|serialized=True|block=128x128
0.004879999905824661,0.007120000198483467,0.005880000069737434,0.005799999926239252,0.0007155418440551152,5,0.03303999826312065,0.06255999952554703,0.0418239988386631,0.036559998989105225,0.01074417011067699,5,0.08720000088214874,0.1289989948272705,0.10030379891395569,0.09307999908924103,0.015109616490849674,5,0.14803899824619293,0.17520000040531158,0.15911159813404083,0.15627899765968323,0.00892393116476772,5,0.004399999976158142,0.006479999981820583,0.004991999920457601,0.004559999797493219,0.0007896936297336948,5,0.00443999981507659,0.006279999855905771,0.0048559999093413355,0.004519999958574772,0.0007131226824630103,5,0.004399999976158142,0.005919999908655882,0.004967999923974275,0.004519999958574772,0.0006152202436423517,5,0.00431999983265996,0.005799999926239252,0.005087999906390905,0.005319999996572733,0.0006141791235050891,5,7168,128,1,16,2,4096,1,64,0,True,TORCH_SDPA_MLA,False,even,[64],64,64,64,64.0,64,0.0,0.0,0.0,576,128,64,192,512,128,64,64,0,64,64,64,False,False,0,64,64,BF16,CUDA_EVENT,generic,generic,method=fp8|act=dynamic|serialized=True|block=128x128
0.004240000154823065,0.007319999858736992,0.0057599999941885475,0.005760000087320805,0.0009781614559192728,5,0.03200000151991844,0.0642789974808693,0.040791799873113634,0.03587999939918518,0.011874023318500659,5,0.08816000074148178,0.1271599978208542,0.10311980098485947,0.09995999932289124,0.013020960304560835,5,0.150518998503685,0.17764000594615936,0.16109580397605897,0.1608400046825409,0.009289211255811348,5,0.004399999976158142,0.00559999980032444,0.004727999866008759,0.004559999797493219,0.0004442701548269448,5,0.004399999976158142,0.005400000140070915,0.004648000001907349,0.00443999981507659,0.00038316583914722353,5,0.004519999958574772,0.009200000204145908,0.006088000070303678,0.005880000069737434,0.0016641923443318394,5,0.004679999779909849,0.007720000110566616,0.005960000026971102,0.005760000087320805,0.0009820795152746765,5,7168,128,1,16,2,4096,1,96,0,True,TORCH_SDPA_MLA,False,even,[96],96,96,96,96.0,96,0.0,0.0,0.0,576,128,64,192,512,128,96,96,0,96,96,96,False,False,0,96,96,BF16,CUDA_EVENT,generic,generic,method=fp8|act=dynamic|serialized=True|block=128x128
0.004279999993741512,0.007000000216066837,0.0056640000082552435,0.00571999978274107,0.0008629624088121491,5,0.034279998391866684,0.06251999735832214,0.04174399971961975,0.03720000013709068,0.010479803500025824,5,0.09256000071763992,0.1321599930524826,0.10538379848003387,0.09579899907112122,0.014939825159914677,5,0.1489199995994568,0.18160000443458557,0.1626560002565384,0.15851999819278717,0.011526986996278585,5,0.00443999981507659,0.005799999926239252,0.0049599999561905864,0.004800000227987766,0.0005046979194770391,5,0.00443999981507659,0.00824000034481287,0.0054720000363886355,0.004519999958574772,0.0014601699975463015,5,0.004399999976158142,0.006680000107735395,0.005143999960273505,0.0047599999234080315,0.0008362201152679078,5,0.0047599999234080315,0.005760000087320805,0.005511999968439341,0.005679999943822622,0.0003781216936663816,5,7168,128,1,16,2,4096,1,128,0,True,TORCH_SDPA_MLA,False,even,[128],128,128,128,128.0,128,0.0,0.0,0.0,576,128,64,192,512,128,128,128,0,128,128,128,False,False,0,128,128,BF16,CUDA_EVENT,generic,generic,method=fp8|act=dynamic|serialized=True|block=128x128
0.00443999981507659,0.005880000069737434,0.005576000083237886,0.005840000230818987,0.0005682817520722752,5,0.03511999920010567,0.06360000371932983,0.04359200075268745,0.03863999992609024,0.010270842623990221,5,0.004399999976158142,0.005919999908655882,0.005015999916940928,0.0047599999234080315,0.0005744423505117422,5,0.00443999981507659,0.005319999996572733,0.004775999952107668,0.004600000102072954,0.0003333226832220837,5,0.04163999855518341,0.07627999782562256,0.05022379904985428,0.04403899982571602,0.013113448171493156,5,0.12848000228405,0.149399995803833,0.13513579964637756,0.1326799988746643,0.007570140762432708,5,0.03384000062942505,0.03984000161290169,0.035464000701904294,0.03443999961018562,0.002226617608469531,5,0.005840000230818987,0.007799999788403511,0.006823999993503094,0.007319999858736992,0.0008223282067635166,5,7168,128,1,16,2,4096,1,0,0,False,TORCH_SDPA_MLA,False,even,[1],1,1,1,1.0,1,0.0,0.0,0.0,576,128,64,192,512,128,1,0,1,1,1,1,False,False,0,0,0,BF16,CUDA_EVENT,generic,generic,method=fp8|act=dynamic|serialized=True|block=128x128
0.005840000230818987,0.005840000230818987,0.005840000230818987,0.005840000230818987,0.0,5,0.03392000123858452,0.06676000356674194,0.042960000783205034,0.03895999863743782,0.012134263559073157,5,0.004519000183790922,0.012240000069141388,0.0064558000303804874,0.004999999888241291,0.002912682368841685,5,0.004399999976158142,0.006399999838322401,0.005079999845474958,0.004559999797493219,0.0007943802421060738,5,0.07091999799013138,0.1043199971318245,0.08029599785804749,0.07599999755620956,0.01230917912820739,5,0.22416000068187714,0.25883999466896057,0.23923979997634887,0.23499999940395355,0.012058274862454522,5,0.05443999916315079,0.06312000006437302,0.05784779936075211,0.05743899941444397,0.002914752332418279,5,0.00431999983265996,0.005840000230818987,0.005384000018239021,0.0055599999614059925,0.0005557554311268337,5,7168,128,1,16,2,4096,2,0,0,False,TORCH_SDPA_MLA,False,even,"[1, 1]",2,1,1,1.0,1,0.0,0.0,0.0,576,128,64,192,512,128,2,0,2,1,1,2,False,False,0,0,0,BF16,CUDA_EVENT,generic,generic,method=fp8|act=dynamic|serialized=True|block=128x128
0.004399000201374292,0.007079999893903732,0.0057355999946594235,0.00571999978274107,0.0008479415530790147,5,0.035679999738931656,0.08752000331878662,0.04767200127243996,0.03756000101566315,0.019983632732759198,5,0.00443999981507659,0.005520000122487545,0.005031999945640564,0.005319999996572733,0.00048754087794312446,5,0.00443999981507659,0.0063599999994039536,0.004856000002473593,0.004480000119656324,0.0007524254115775298,5,0.1212799996137619,0.180759996175766,0.13736800104379654,0.12984000146389008,0.021976805895739932,5,0.4212400019168854,0.4832800030708313,0.4480560064315796,0.445360004901886,0.02224920084660998,5,0.09731999784708023,0.10620000213384628,0.10211160033941269,0.10319899767637253,0.003869658620795061,5,0.005799999926239252,0.010080000385642052,0.006912000197917223,0.005840000230818987,0.0016479612650634726,5,7168,128,1,16,2,4096,4,0,0,False,TORCH_SDPA_MLA,False,even,"[1, 1, 1, 1]",4,1,1,1.0,2,0.0,0.0,0.0,576,128,64,192,512,128,4,0,4,1,1,4,False,False,0,0,0,BF16,CUDA_EVENT,generic,generic,method=fp8|act=dynamic|serialized=True|block=128x128
0.004399999976158142,0.007040000054985285,0.005727999936789274,0.005799999926239252,0.0008380549191406545,5,0.03652000054717064,0.05900000035762787,0.04206399992108345,0.03771999850869179,0.008524697563435742,5,0.00443999981507659,0.0055599999614059925,0.004983999859541654,0.004679999779909849,0.00047839740381940536,5,0.004399999976158142,0.005439999978989363,0.005031999945640564,0.00535999983549118,0.0004694848092001299,5,0.2287999987602234,0.5065199732780457,0.28947179615497587,0.23124000430107117,0.10879558871224908,5,0.8175989985466003,0.9250789880752563,0.8606709957122802,0.864238977432251,0.039495769966876294,5,0.1762399971485138,0.1916790008544922,0.18251979649066924,0.17931999266147614,0.006126939657552481,5,0.005520000122487545,0.007079999893903732,0.0059679999016225335,0.00571999978274107,0.0005720978793499955,5,7168,128,1,16,2,4096,8,0,0,False,TORCH_SDPA_MLA,False,even,"[1, 1, 1, 1, 1, 1, 1, 1]",8,1,1,1.0,2,0.0,0.0,0.0,576,128,64,192,512,128,8,0,8,1,1,8,False,False,0,0,0,BF16,CUDA_EVENT,generic,generic,method=fp8|act=dynamic|serialized=True|block=128x128
0.00443999981507659,0.006039999891072512,0.005487999971956014,0.0055599999614059925,0.0005544872259529721,5,0.03531999886035919,0.10728000104427338,0.05218399986624718,0.0392800010740757,0.02760099305088734,5,0.004480000119656324,0.010759999975562096,0.006000000052154064,0.004720000084489584,0.0024094480360586008,5,0.004399999976158142,0.009080000221729279,0.006280000042170286,0.004920000210404396,0.0020727565659128216,5,0.329039990901947,0.9264789819717407,0.5490393877029419,0.33215999603271484,0.26915997587412305,5,1.19199800491333,1.5873969793319702,1.3272380113601685,1.2658389806747437,0.13737361034713233,5,0.25231999158859253,0.273158997297287,0.2655277967453003,0.2677200138568878,0.007049297261541783,5,0.00559999980032444,0.00827999971807003,0.0066639999859035015,0.006120000034570694,0.0010377205147385645,5,7168,128,1,16,2,4096,12,0,0,False,TORCH_SDPA_MLA,False,even,"[1, 1, 1, 1, 1, 1, 1, 1, 1, 1, 1, 1]",12,1,1,1.0,3,0.0,0.0,0.0,576,128,64,192,512,128,12,0,12,1,1,12,False,False,0,0,0,BF16,CUDA_EVENT,generic,generic,method=fp8|act=dynamic|serialized=True|block=128x128
0.00443999981507659,0.006920000072568655,0.0057599999941885475,0.005799999926239252,0.000787096014687726,5,0.03579999879002571,0.05923999845981598,0.0430479995906353,0.039319999516010284,0.008389226960490583,5,0.004360000137239695,0.005840000230818987,0.0048640000633895395,0.004559999797493219,0.0005464650688123947,5,0.00443999981507659,0.009519999846816063,0.005511999875307083,0.004519999958574772,0.002004379191595322,5,0.4312390089035034,1.1175190210342407,0.650311005115509,0.4431590139865875,0.27778145660980536,5,1.6567579507827759,2.1512370109558105,1.7770218133926392,1.6758780479431152,0.1896227691045161,5,0.3426800072193146,0.3619599938392639,0.3486800014972687,0.3446800112724304,0.007272824773661643,5,0.005799999926239252,0.0075599998235702515,0.0064720000140368935,0.005840000230818987,0.0008093058522775163,5,7168,128,1,16,2,4096,16,0,0,False,TORCH_SDPA_MLA,False,even,"[1, 1, 1, 1, 1, 1, 1, 1, 1, 1, 1, 1, 1, 1, 1, 1]",16,1,1,1.0,4,0.0,0.0,0.0,576,128,64,192,512,128,16,0,16,1,1,16,False,False,0,0,0,BF16,CUDA_EVENT,generic,generic,method=fp8|act=dynamic|serialized=True|block=128x128
0.00571999978274107,0.009399999864399433,0.0068719999864697455,0.006000000052154064,0.0014015762019927063,5,0.0350399985909462,0.11392000317573547,0.053744000196456906,0.04095999896526337,0.03018361670691275,5,0.004480000119656324,0.00687999976798892,0.005303999967873096,0.004920000210404396,0.0009053086538979247,5,0.00443999981507659,0.005040000192821026,0.004607999976724386,0.004519999958574772,0.0002196725858322927,5,0.624239981174469,0.90767902135849,0.7186472058296204,0.6550390124320984,0.1085460793107485,5,2.4885170459747314,3.3997159004211426,2.814388799667358,2.561037063598633,0.37978234899857866,5,0.5081200003623962,0.5213590264320374,0.5159674048423767,0.5156800150871277,0.0047382941598929735,5,0.00571999978274107,0.007519999984651804,0.006128000002354384,0.005840000230818987,0.0006980659060481216,5,7168,128,1,16,2,4096,24,0,0,False,TORCH_SDPA_MLA,False,even,"[1, 1, 1, 1, 1, 1, 1, 1, 1, 1, 1, 1, 1, 1, 1, 1, 1, 1, 1, 1, 1, 1, 1, 1]",24,1,1,1.0,4,0.0,0.0,0.0,576,128,64,192,512,128,24,0,24,1,1,24,False,False,0,0,0,BF16,CUDA_EVENT,generic,generic,method=fp8|act=dynamic|serialized=True|block=128x128
0.004399999976158142,0.005840000230818987,0.005400000046938658,0.005799999926239252,0.0005605711460061492,5,0.03895999863743782,0.13867999613285065,0.06091199964284897,0.03996000066399574,0.038997855888096226,5,0.00443999981507659,0.005840000230818987,0.005023999977856875,0.005080000031739473,0.0005012625637630081,5,0.004519999958574772,0.008200000040233135,0.005887999944388866,0.005640000104904175,0.0013741383160815498,5,0.8229190111160278,1.4557180404663086,0.958486807346344,0.8407189846038818,0.24872395683638393,5,3.314795970916748,4.358554840087891,3.878731346130371,3.999114990234375,0.4429178853584045,5,0.6593989729881287,0.8004390001296997,0.6979269981384277,0.6779590249061584,0.05172276748080579,5,0.00559999980032444,0.005880000069737434,0.00578400008380413,0.005840000230818987,9.992010246429065e-05,5,7168,128,1,16,2,4096,32,0,0,False,TORCH_SDPA_MLA,False,even,"[1, 1, 1, 1, 1, 1, 1, 1, 1, 1, 1, 1, 1, 1, 1, 1, 1, 1, 1, 1, 1, 1, 1, 1, 1, 1, 1, 1, 1, 1, 1, 1]",32,1,1,1.0,5,0.0,0.0,0.0,576,128,64,192,512,128,32,0,32,1,1,32,False,False,0,0,0,BF16,CUDA_EVENT,generic,generic,method=fp8|act=dynamic|serialized=True|block=128x128
0.004279999993741512,0.005840000230818987,0.00521600004285574,0.005760000087320805,0.0007167036134331173,5,0.033720001578330994,0.06744000315666199,0.04269600063562393,0.038279999047517776,0.01252434792655993,5,0.004399999976158142,0.005960000213235617,0.004999999981373548,0.004559999797493219,0.00062276816261298,5,0.004399999976158142,0.0061599998734891415,0.004991999920457601,0.004559999797493219,0.0006680838187716282,5,0.04047999903559685,0.07308000326156616,0.04890400022268295,0.04343999922275543,0.01215533222182425,5,0.1278800070285797,0.15663999319076538,0.13696779906749726,0.13339899480342865,0.010217083821704772,5,0.033240001648664474,0.039879001677036285,0.03545580059289932,0.03471999987959862,0.002320253598204712,5,0.005799999926239252,0.00788000039756298,0.006608000118285417,0.005840000230818987,0.0009591329423555187,5,7168,128,1,16,2,4096,1,0,8,False,TORCH_SDPA_MLA,False,even,[1],1,1,1,1.0,1,0.0,0.0,0.0,576,128,64,192,512,128,1,0,1,1,9,1,False,False,0,0,0,BF16,CUDA_EVENT,generic,generic,method=fp8|act=dynamic|serialized=True|block=128x128
0.00431999983265996,0.005840000230818987,0.005224000010639429,0.005760000087320805,0.000706359771624458,5,0.032280001789331436,0.07100000232458115,0.04389600083231926,0.039480000734329224,0.013913139169677373,5,0.004519999958574772,0.005760000087320805,0.004975999984890222,0.004519999958574772,0.0005620534147535549,5,0.00443999981507659,0.006320000160485506,0.005231999885290861,0.005239999853074551,0.0006925432499118497,5,0.06684000045061111,0.0936800017952919,0.07519980072975159,0.07208000123500824,0.009461122519513442,5,0.2375199943780899,0.2675189971923828,0.24559179842472076,0.24004000425338745,0.011240403074170154,5,0.05339999869465828,0.06480000168085098,0.05775999948382378,0.0573199987411499,0.004041545382797585,5,0.00431999983265996,0.007519999984651804,0.005823799967765808,0.005760000087320805,0.0010152959412827144,5,7168,128,1,16,2,4096,2,0,8,False,TORCH_SDPA_MLA,False,even,"[1, 1]",2,1,1,1.0,1,0.0,0.0,0.0,576,128,64,192,512,128,2,0,2,1,9,2,False,False,0,0,0,BF16,CUDA_EVENT,generic,generic,method=fp8|act=dynamic|serialized=True|block=128x128
0.004279999993741512,0.005880000069737434,0.005536000151187182,0.005840000230818987,0.0006281911309011865,5,0.03511999920010567,0.07063999772071838,0.043247999250888826,0.03683999925851822,0.01375207597304865,5,0.004399999976158142,0.006680000107735395,0.0053599999286234375,0.00559999980032444,0.0008567847499412159,5,0.004399999976158142,0.006680000107735395,0.005016000010073185,0.004519999958574772,0.0008581282310138888,5,0.12055999785661697,0.1910790055990219,0.13603940159082412,0.12303899973630905,0.02754938082199647,5,0.4336790144443512,0.4846799969673157,0.4519838035106659,0.44675999879837036,0.017654675455830708,5,0.09831999987363815,0.1053600013256073,0.10112800151109695,0.10068000108003616,0.002625707083241071,5,0.005439999978989363,0.00788000039756298,0.0064720000140368935,0.005760000087320805,0.0010299204805619727,5,7168,128,1,16,2,4096,4,0,8,False,TORCH_SDPA_MLA,False,even,"[1, 1, 1, 1]",4,1,1,1.0,2,0.0,0.0,0.0,576,128,64,192,512,128,4,0,4,1,9,4,False,False,0,0,0,BF16,CUDA_EVENT,generic,generic,method=fp8|act=dynamic|serialized=True|block=128x128
0.004360000137239695,0.005840000230818987,0.00544800003990531,0.005760000087320805,0.0005585122869257821,5,0.03531999886035919,0.0544000007212162,0.0406640000641346,0.03807999938726425,0.006948478229308582,5,0.004519999958574772,0.006519999820739031,0.005247999913990498,0.005119999870657921,0.0007263717258552306,5,0.004399999976158142,0.00860000029206276,0.0054720000363886355,0.004480000119656324,0.0016114392339700648,5,0.2163590043783188,0.5212799906730652,0.2832157999277115,0.225600004196167,0.1191046992737601,5,0.8610389828681946,0.9303990006446838,0.8791829943656921,0.8687189817428589,0.02581030909943825,5,0.1775600016117096,0.18967999517917633,0.18099980056285858,0.17851899564266205,0.004470455498951239,5,0.00547999981790781,0.009920000098645687,0.007007999997586012,0.005799999926239252,0.0017309235231631754,5,7168,128,1,16,2,4096,8,0,8,False,TORCH_SDPA_MLA,False,even,"[1, 1, 1, 1, 1, 1, 1, 1]",8,1,1,1.0,2,0.0,0.0,0.0,576,128,64,192,512,128,8,0,8,1,9,8,False,False,0,0,0,BF16,CUDA_EVENT,generic,generic,method=fp8|act=dynamic|serialized=True|block=128x128
0.005840000230818987,0.007240000180900097,0.006368000153452158,0.005840000230818987,0.0006486415702333946,5,0.03500000014901161,0.07067999988794327,0.04423200041055679,0.038440000265836716,0.013319252622771852,5,0.004480000119656324,0.011760000139474869,0.006416000053286552,0.004679999779909849,0.0027977820281475186,5,0.00443999981507659,0.009159999899566174,0.005599999893456697,0.004519999958574772,0.0018197142764268077,5,0.3208799958229065,0.898717999458313,0.526078999042511,0.3294390141963959,0.25083284410039886,5,1.2452789545059204,1.657438039779663,1.36354238986969,1.2892789840698242,0.15118715949254072,5,0.2650800049304962,0.28360000252723694,0.273183798789978,0.27003899216651917,0.006992366766608835,5,0.00559999980032444,0.007639999967068434,0.006119999941438437,0.005799999926239252,0.0007635705781515473,5,7168,128,1,16,2,4096,12,0,8,False,TORCH_SDPA_MLA,False,even,"[1, 1, 1, 1, 1, 1, 1, 1, 1, 1, 1, 1]",12,1,1,1.0,3,0.0,0.0,0.0,576,128,64,192,512,128,12,0,12,1,9,12,False,False,0,0,0,BF16,CUDA_EVENT,generic,generic,method=fp8|act=dynamic|serialized=True|block=128x128
0.004360000137239695,0.005799999926239252,0.005471999943256378,0.005799999926239252,0.0005613696640362539,5,0.03756000101566315,0.11423899978399277,0.05443980023264885,0.04044000059366226,0.02993252788644039,5,0.00443999981507659,0.00535999983549118,0.004791999887675047,0.00443999981507659,0.00043185190923438046,5,0.00443999981507659,0.0055599999614059925,0.005104000028222799,0.005520000122487545,0.0005261787272151569,5,0.4286800026893616,1.2107189893722534,0.6551033973693847,0.43411898612976074,0.3078327287169191,5,1.678197979927063,2.264756917953491,1.8242697715759277,1.70511794090271,0.22269427504173622,5,0.34488001465797424,0.3614400029182434,0.35242339968681335,0.3511990010738373,0.005346159115079366,5,0.005679999943822622,0.007400000002235174,0.006104000005871057,0.005799999926239252,0.0006512019666677089,5,7168,128,1,16,2,4096,16,0,8,False,TORCH_SDPA_MLA,False,even,"[1, 1, 1, 1, 1, 1, 1, 1, 1, 1, 1, 1, 1, 1, 1, 1]",16,1,1,1.0,4,0.0,0.0,0.0,576,128,64,192,512,128,16,0,16,1,9,16,False,False,0,0,0,BF16,CUDA_EVENT,generic,generic,method=fp8|act=dynamic|serialized=True|block=128x128
0.005760000087320805,0.007040000054985285,0.006039999984204769,0.005799999926239252,0.0005002399758688668,5,0.0363599993288517,0.12627999484539032,0.056087999045848845,0.04044000059366226,0.035140050494581784,5,0.004399999976158142,0.005400000140070915,0.004679999966174364,0.00443999981507659,0.0003777831122057441,5,0.00443999981507659,0.006120000034570694,0.005023999977856875,0.004679999779909849,0.0006477531039429901,5,0.6281189918518066,0.9346389770507812,0.7101672053337097,0.6315600275993347,0.11814761484186988,5,2.5040369033813477,3.516036033630371,2.8759642124176024,2.597717046737671,0.42573088113557034,5,0.5055990219116211,0.5164390206336975,0.5095034122467041,0.508279025554657,0.003959427568443771,5,0.00559999980032444,0.0074800001457333565,0.006312000006437302,0.005799999926239252,0.000749357150115153,5,7168,128,1,16,2,4096,24,0,8,False,TORCH_SDPA_MLA,False,even,"[1, 1, 1, 1, 1, 1, 1, 1, 1, 1, 1, 1, 1, 1, 1, 1, 1, 1, 1, 1, 1, 1, 1, 1]",24,1,1,1.0,4,0.0,0.0,0.0,576,128,64,192,512,128,24,0,24,1,9,24,False,False,0,0,0,BF16,CUDA_EVENT,generic,generic,method=fp8|act=dynamic|serialized=True|block=128x128
0.00431999983265996,0.00791999977082014,0.006263999920338392,0.005840000230818987,0.0012883725696151177,5,0.03771999850869179,0.16999900341033936,0.0690078005194664,0.04520000144839287,0.050607082577347216,5,0.00431999983265996,0.006399999838322401,0.00505599994212389,0.004720000084489584,0.0007507222918704954,5,0.00443999981507659,0.006240000016987324,0.005031999945640564,0.004519999958574772,0.0007179526456744916,5,0.8223990201950073,1.4460389614105225,0.956919002532959,0.8374789953231812,0.24467260902402133,5,3.3885560035705566,4.4559550285339355,3.923139142990112,3.9715158939361572,0.4485850448528292,5,0.6722390055656433,0.8402379751205444,0.7097109913825989,0.6759589910507202,0.0654861113444655,5,0.0055599999614059925,0.00788000039756298,0.006152000091969967,0.005760000087320805,0.00086806466748528,5,7168,128,1,16,2,4096,32,0,8,False,TORCH_SDPA_MLA,False,even,"[1, 1, 1, 1, 1, 1, 1, 1, 1, 1, 1, 1, 1, 1, 1, 1, 1, 1, 1, 1, 1, 1, 1, 1, 1, 1, 1, 1, 1, 1, 1, 1]",32,1,1,1.0,5,0.0,0.0,0.0,576,128,64,192,512,128,32,0,32,1,9,32,False,False,0,0,0,BF16,CUDA_EVENT,generic,generic,method=fp8|act=dynamic|serialized=True|block=128x128
0.00431999983265996,0.007079999893903732,0.005743999965488911,0.005760000087320805,0.000874382096183961,5,0.034960001707077026,0.058639999479055405,0.0411920003592968,0.03668000176548958,0.00883720807620113,5,0.0047599999234080315,0.005840000230818987,0.005296000093221664,0.005319999996572733,0.00045719146709951995,5,0.004399999976158142,0.006479999981820583,0.005239999946206808,0.00535999983549118,0.0007714921023520326,5,0.04064000025391579,0.060520000755786896,0.04659200012683869,0.04328000172972679,0.007198640016084589,5,0.1260800063610077,0.15407900512218475,0.13478380143642427,0.13079999387264252,0.009976663107987116,5,0.033479999750852585,0.0392800010740757,0.03604779988527298,0.03508000075817108,0.00229532130568113,5,0.005520000122487545,0.007160000037401915,0.005960000026971102,0.005679999943822622,0.0006092618651786508,5,7168,128,1,16,2,4096,1,0,16,False,TORCH_SDPA_MLA,False,even,[1],1,1,1,1.0,1,0.0,0.0,0.0,576,128,64,192,512,128,1,0,1,1,17,1,False,False,0,0,0,BF16,CUDA_EVENT,generic,generic,method=fp8|act=dynamic|serialized=True|block=128x128
0.004279999993741512,0.005840000230818987,0.005504000093787908,0.005799999926239252,0.0006127185857444608,5,0.033799998462200165,0.07779999822378159,0.044919998943805696,0.03799999877810478,0.01653631127203036,5,0.004480000119656324,0.0060800001956522465,0.0051680001430213455,0.004920000210404396,0.0005653459348403921,5,0.004519999958574772,0.0061599998734891415,0.005047999881207943,0.004559999797493219,0.0006550236852520399,5,0.06803999841213226,0.10796000063419342,0.07742399871349334,0.07056000083684921,0.015298076134913888,5,0.2428389936685562,0.2650800049304962,0.25081559717655183,0.24672000110149384,0.008333404748317128,5,0.05615999922156334,0.06656000018119812,0.059063999354839324,0.057999998331069946,0.003819914419073971,5,0.00443999981507659,0.005799999926239252,0.0054477999918162824,0.005679999943822622,0.0005142328691858072,5,7168,128,1,16,2,4096,2,0,16,False,TORCH_SDPA_MLA,False,even,"[1, 1]",2,1,1,1.0,1,0.0,0.0,0.0,576,128,64,192,512,128,2,0,2,1,17,2,False,False,0,0,0,BF16,CUDA_EVENT,generic,generic,method=fp8|act=dynamic|serialized=True|block=128x128
0.00431999983265996,0.005840000230818987,0.005391999986022711,0.0055599999614059925,0.0005562158736349707,5,0.03452000021934509,0.08827999979257584,0.048519999533891675,0.0384799987077713,0.020122679901429304,5,0.005319999996572733,0.006399999838322401,0.005679999943822622,0.005520000122487545,0.0003777829544309306,5,0.00443999981507659,0.005840000230818987,0.00505599994212389,0.004999999888241291,0.0005273937403908905,5,0.1188800036907196,0.16459999978542328,0.13012000024318696,0.1228799968957901,0.017327840861129262,5,0.4529989957809448,0.4939590096473694,0.46260700225830076,0.4553990066051483,0.015758712700172935,5,0.09852000325918198,0.10552000254392624,0.10200000107288361,0.10171999782323837,0.0028544424943295335,5,0.005640000104904175,0.007360000163316727,0.0060640000738203526,0.005799999926239252,0.0006521840711089596,5,7168,128,1,16,2,4096,4,0,16,False,TORCH_SDPA_MLA,False,even,"[1, 1, 1, 1]",4,1,1,1.0,2,0.0,0.0,0.0,576,128,64,192,512,128,4,0,4,1,17,4,False,False,0,0,0,BF16,CUDA_EVENT,generic,generic,method=fp8|act=dynamic|serialized=True|block=128x128
0.005640000104904175,0.009719000197947025,0.006567800045013427,0.005799999926239252,0.0015775283188256492,5,0.03596000000834465,0.12191999703645706,0.05379199981689453,0.03668000176548958,0.03406914617050207,5,0.00443900004029274,0.005400000140070915,0.004743799939751625,0.00443999981507659,0.0003933774591204902,5,0.00443999981507659,0.013399999588727951,0.006343999970704317,0.004480000119656324,0.003532396167162686,5,0.21695999801158905,0.47756001353263855,0.27364000380039216,0.22271999716758728,0.10203286868562492,5,0.8597189784049988,0.9400789737701416,0.8844547986984252,0.8701990246772766,0.02958441364202716,5,0.17956000566482544,0.1916790008544922,0.18563180267810822,0.18544000387191772,0.003892113361348163,5,0.004399999976158142,0.007639999967068434,0.006152000091969967,0.005840000230818987,0.0012033021300783516,5,7168,128,1,16,2,4096,8,0,16,False,TORCH_SDPA_MLA,False,even,"[1, 1, 1, 1, 1, 1, 1, 1]",8,1,1,1.0,2,0.0,0.0,0.0,576,128,64,192,512,128,8,0,8,1,17,8,False,False,0,0,0,BF16,CUDA_EVENT,generic,generic,method=fp8|act=dynamic|serialized=True|block=128x128
0.004360000137239695,0.008200000040233135,0.0062640000134706495,0.006920000072568655,0.001491007745966058,5,0.033440001308918,0.06948000192642212,0.04280800074338913,0.03743999823927879,0.013416584875059267,5,0.004399999976158142,0.01140000019222498,0.007839999906718732,0.00863999966531992,0.0025850028617195706,5,0.004679999779909849,0.008200000040233135,0.005919999908655882,0.005520000122487545,0.001194118995614879,5,0.3266400098800659,1.0424790382385254,0.594479215145111,0.32875901460647583,0.3279765194388593,5,1.2682379484176636,1.6245980262756348,1.372214388847351,1.2959189414978027,0.13204836511975426,5,0.2513999938964844,0.27007898688316345,0.2637914001941681,0.26636001467704773,0.006448679283614256,5,0.005319999996572733,0.006719999946653843,0.005783999990671873,0.00571999978274107,0.0004987022797942388,5,7168,128,1,16,2,4096,12,0,16,False,TORCH_SDPA_MLA,False,even,"[1, 1, 1, 1, 1, 1, 1, 1, 1, 1, 1, 1]",12,1,1,1.0,3,0.0,0.0,0.0,576,128,64,192,512,128,12,0,12,1,17,12,False,False,0,0,0,BF16,CUDA_EVENT,generic,generic,method=fp8|act=dynamic|serialized=True|block=128x128
0.00431999983265996,0.005840000230818987,0.005495999939739704,0.005799999926239252,0.000589291161542796,5,0.03668000176548958,0.1273999959230423,0.055903999507427214,0.03756000101566315,0.035769621956928455,5,0.00443999981507659,0.0055599999614059925,0.004903999995440245,0.004840000066906214,0.00042828028656978744,5,0.00443999981507659,0.0061599998734891415,0.004815999884158373,0.004480000119656324,0.0006734270504424538,5,0.420758992433548,1.222998023033142,0.6514390051364899,0.42824000120162964,0.31355631967942016,5,1.6987580060958862,2.4100770950317383,1.8637578248977662,1.7185180187225342,0.27485199621554557,5,0.34404000639915466,0.3628000020980835,0.35061600208282473,0.34544000029563904,0.007488729138386119,5,0.005119999870657921,0.00824000034481287,0.006104000005871057,0.005760000087320805,0.0010950362472200424,5,7168,128,1,16,2,4096,16,0,16,False,TORCH_SDPA_MLA,False,even,"[1, 1, 1, 1, 1, 1, 1, 1, 1, 1, 1, 1, 1, 1, 1, 1]",16,1,1,1.0,4,0.0,0.0,0.0,576,128,64,192,512,128,16,0,16,1,17,16,False,False,0,0,0,BF16,CUDA_EVENT,generic,generic,method=fp8|act=dynamic|serialized=True|block=128x128
0.00535999983549118,0.007360000163316727,0.006008000019937754,0.005760000087320805,0.0006948497102070583,5,0.036079999059438705,0.12839999794960022,0.05636799931526184,0.039159998297691345,0.036069917195082374,5,0.00443999981507659,0.006279999855905771,0.005040000006556511,0.004600000102072954,0.0007119550184620207,5,0.00443999981507659,0.006519999820739031,0.005215999856591225,0.005239999853074551,0.0007494424357776246,5,0.6312789916992188,0.8961589932441711,0.7172952055931091,0.6382790207862854,0.10637828853972434,5,2.555077075958252,3.604275941848755,2.9444206237792967,2.6483170986175537,0.4317380207165917,5,0.5069590210914612,0.5260390043258667,0.5141034007072449,0.5132399797439575,0.0064021015654038066,5,0.00547999981790781,0.005799999926239252,0.005719999875873327,0.005799999926239252,0.0001239355090352331,5,7168,128,1,16,2,4096,24,0,16,False,TORCH_SDPA_MLA,False,even,"[1, 1, 1, 1, 1, 1, 1, 1, 1, 1, 1, 1, 1, 1, 1, 1, 1, 1, 1, 1, 1, 1, 1, 1]",24,1,1,1.0,4,0.0,0.0,0.0,576,128,64,192,512,128,24,0,24,1,17,24,False,False,0,0,0,BF16,CUDA_EVENT,generic,generic,method=fp8|act=dynamic|serialized=True|block=128x128
0.004279999993741512,0.005880000069737434,0.005520000029355288,0.005799999926239252,0.0006207092928004511,5,0.035280000418424606,0.12680000066757202,0.05862400010228157,0.041359998285770416,0.03447873433111666,5,0.004399999976158142,0.005840000230818987,0.004951999988406897,0.004480000119656324,0.0006321519206460659,5,0.00443999981507659,0.006680000107735395,0.005263999942690134,0.004559999797493219,0.0009317855439342393,5,0.8249989748001099,1.5332380533218384,0.9722068071365356,0.8342390060424805,0.2805389933815088,5,3.399915933609009,4.6128339767456055,4.0091869831085205,4.105315208435059,0.4986284630248447,5,0.6662790179252625,0.94479900598526,0.7321672081947327,0.6827999949455261,0.10652767417529578,5,0.005439999978989363,0.008320000022649765,0.006479999981820583,0.005840000230818987,0.001078369142225715,5,7168,128,1,16,2,4096,32,0,16,False,TORCH_SDPA_MLA,False,even,"[1, 1, 1, 1, 1, 1, 1, 1, 1, 1, 1, 1, 1, 1, 1, 1, 1, 1, 1, 1, 1, 1, 1, 1, 1, 1, 1, 1, 1, 1, 1, 1]",32,1,1,1.0,5,0.0,0.0,0.0,576,128,64,192,512,128,32,0,32,1,17,32,False,False,0,0,0,BF16,CUDA_EVENT,generic,generic,method=fp8|act=dynamic|serialized=True|block=128x128
0.00431999983265996,0.007079999893903732,0.0057519999332726005,0.005799999926239252,0.0008739428110243018,5,0.032719001173973083,0.07088000327348709,0.04287980049848557,0.0379600003361702,0.014141488649156079,5,0.004519999958574772,0.00675999978557229,0.005311999935656786,0.005119999870657921,0.0008159999178686005,5,0.004399999976158142,0.005840000230818987,0.004888000059872865,0.004399999976158142,0.0006136579915100894,5,0.04399999976158142,0.0735199972987175,0.0503760002553463,0.04472000151872635,0.011578560800012398,5,0.1286800056695938,0.15216000378131866,0.13589580357074738,0.1342799961566925,0.008463433693690736,5,0.029920000582933426,0.04044000059366226,0.035023999959230424,0.03548000007867813,0.0033892630182073206,5,0.0055599999614059925,0.005840000230818987,0.005752000026404858,0.005799999926239252,9.927743215794779e-05,5,7168,128,1,16,2,4096,1,0,24,False,TORCH_SDPA_MLA,False,even,[1],1,1,1,1.0,1,0.0,0.0,0.0,576,128,64,192,512,128,1,0,1,1,25,1,False,False,0,0,0,BF16,CUDA_EVENT,generic,generic,method=fp8|act=dynamic|serialized=True|block=128x128
0.004720000084489584,0.007360000163316727,0.005783999990671873,0.00571999978274107,0.0008758447766139703,5,0.03548000007867813,0.08912000060081482,0.047095800191164015,0.03660000115633011,0.02103318710884177,5,0.00443999981507659,0.006560000125318766,0.004992000013589859,0.004600000102072954,0.000803353059493427,5,0.00443999981507659,0.006519999820739031,0.005127999931573868,0.004720000084489584,0.00078031784853495,5,0.0676800012588501,0.0955599993467331,0.07500800043344498,0.07023999840021133,0.010354218627341469,5,0.23335899412631989,0.26895999908447266,0.24848759770393372,0.2452390044927597,0.011985000627612957,5,0.05183999985456467,0.07016000151634216,0.060048000514507295,0.05795999988913536,0.006318755321002102,5,0.00431999983265996,0.007639999967068434,0.005480000004172325,0.005400000140070915,0.0012007997592122501,5,7168,128,1,16,2,4096,2,0,24,False,TORCH_SDPA_MLA,False,even,"[1, 1]",2,1,1,1.0,1,0.0,0.0,0.0,576,128,64,192,512,128,2,0,2,1,25,2,False,False,0,0,0,BF16,CUDA_EVENT,generic,generic,method=fp8|act=dynamic|serialized=True|block=128x128
0.005200000014156103,0.005919999908655882,0.005728000029921532,0.005840000230818987,0.0002670131128829319,5,0.03643999993801117,0.06567999720573425,0.04363199919462204,0.03759999945759773,0.011141658418156031,5,0.004999999888241291,0.006479999981820583,0.00563999991863966,0.005679999943822622,0.0005414056134505074,5,0.00443999981507659,0.005880000069737434,0.005071999970823526,0.005200000014156103,0.0005481022009867786,5,0.1188800036907196,0.1850000023841858,0.13625600039958954,0.1252399981021881,0.024638333015193435,5,0.4480389952659607,0.49571898579597473,0.461966997385025,0.4548789858818054,0.017604256752479498,5,0.09623999893665314,0.1077599972486496,0.10127999931573868,0.09815999865531921,0.005231778840207515,5,0.004399999976158142,0.009359999559819698,0.006111999973654747,0.005520000122487545,0.00169448971551149,5,7168,128,1,16,2,4096,4,0,24,False,TORCH_SDPA_MLA,False,even,"[1, 1, 1, 1]",4,1,1,1.0,2,0.0,0.0,0.0,576,128,64,192,512,128,4,0,4,1,25,4,False,False,0,0,0,BF16,CUDA_EVENT,generic,generic,method=fp8|act=dynamic|serialized=True|block=128x128
0.00431999983265996,0.006920000072568655,0.005735999997705221,0.005799999926239252,0.0008277585003945611,5,0.0355600006878376,0.10756000131368637,0.05133579969406128,0.03779999911785126,0.028163064072830216,5,0.004559999797493219,0.00559999980032444,0.004871999844908714,0.0047599999234080315,0.000383999994179859,5,0.004519999958574772,0.012679999694228172,0.006183999869972467,0.004559999797493219,0.0032482954651047173,5,0.22363999485969543,0.5429990291595459,0.28840760588645936,0.22519999742507935,0.12730019599195194,5,0.8661190271377563,0.9512789845466614,0.8962069988250733,0.886559009552002,0.029009112232104818,5,0.17659999430179596,0.1907999962568283,0.18467999696731568,0.1839199960231781,0.0052973655227729274,5,0.00431999983265996,0.005840000230818987,0.005176000017672777,0.0055599999614059925,0.0006893939726085623,5,7168,128,1,16,2,4096,8,0,24,False,TORCH_SDPA_MLA,False,even,"[1, 1, 1, 1, 1, 1, 1, 1]",8,1,1,1.0,2,0.0,0.0,0.0,576,128,64,192,512,128,8,0,8,1,25,8,False,False,0,0,0,BF16,CUDA_EVENT,generic,generic,method=fp8|act=dynamic|serialized=True|block=128x128
0.004279999993741512,0.007199999876320362,0.005783999990671873,0.005840000230818987,0.0009255830309178505,5,0.03452000021934509,0.05747999995946884,0.041008000075817105,0.03756000101566315,0.008505109852816656,5,0.004519999958574772,0.012000000104308128,0.006303999945521355,0.004999999888241291,0.002867595591090215,5,0.004399999976158142,0.008999999612569809,0.005631999950855971,0.004519999958574772,0.0017573432953075729,5,0.32531899213790894,0.9156789779663086,0.5527431964874268,0.32999899983406067,0.276770360955025,5,1.2838389873504639,1.748837947845459,1.4062144041061402,1.3132790327072144,0.1751989780183198,5,0.25887998938560486,0.2730399966239929,0.26762380003929137,0.26847898960113525,0.005085202692382667,5,0.00571999978274107,0.00812000036239624,0.006280000042170286,0.005880000069737434,0.0009219112252466366,5,7168,128,1,16,2,4096,12,0,24,False,TORCH_SDPA_MLA,False,even,"[1, 1, 1, 1, 1, 1, 1, 1, 1, 1, 1, 1]",12,1,1,1.0,3,0.0,0.0,0.0,576,128,64,192,512,128,12,0,12,1,25,12,False,False,0,0,0,BF16,CUDA_EVENT,generic,generic,method=fp8|act=dynamic|serialized=True|block=128x128
0.005760000087320805,0.008999999612569809,0.006591999903321266,0.005880000069737434,0.0012353200421088481,5,0.03739900141954422,0.06880000233650208,0.04527980089187622,0.04100000113248825,0.011876132814330581,5,0.004800000227987766,0.005319999996572733,0.005104000028222799,0.005200000014156103,0.00018347745833462742,5,0.004480000119656324,0.01071999967098236,0.0057679999619722365,0.004559999797493219,0.0024764360026358063,5,0.4339199960231781,1.238556981086731,0.6716871976852417,0.44207999110221863,0.3168169551180631,5,1.7073580026626587,2.4284369945526123,1.8823498010635376,1.7330780029296875,0.2752468426521446,5,0.34439998865127563,0.3537200093269348,0.349015599489212,0.34963899850845337,0.00304958210840425,5,0.005520000122487545,0.007519999984651804,0.00603200001642108,0.005679999943822622,0.0007544640327647147,5,7168,128,1,16,2,4096,16,0,24,False,TORCH_SDPA_MLA,False,even,"[1, 1, 1, 1, 1, 1, 1, 1, 1, 1, 1, 1, 1, 1, 1, 1]",16,1,1,1.0,4,0.0,0.0,0.0,576,128,64,192,512,128,16,0,16,1,25,16,False,False,0,0,0,BF16,CUDA_EVENT,generic,generic,method=fp8|act=dynamic|serialized=True|block=128x128
0.005760000087320805,0.007079999893903732,0.006047999951988459,0.005799999926239252,0.0005162324748553768,5,0.03620000183582306,0.12724000215530396,0.05630400106310844,0.0392800010740757,0.035505038847441474,5,0.00443999981507659,0.006599999964237213,0.00505599994212389,0.004480000119656324,0.000841940639898346,5,0.004399999976158142,0.006120000034570694,0.005007999949157238,0.00443999981507659,0.0007281319466445427,5,0.6270390152931213,0.8749189972877502,0.7097354054450988,0.6430799961090088,0.09817011332472979,5,2.5284368991851807,3.4981160163879395,2.890164613723755,2.605997085571289,0.4103695435746387,5,0.5003589987754822,0.5147989988327026,0.5098629951477051,0.5129989981651306,0.005552059129244256,5,0.0047599999234080315,0.007439999841153622,0.0061680000275373455,0.005840000230818987,0.0009627958957952815,5,7168,128,1,16,2,4096,24,0,24,False,TORCH_SDPA_MLA,False,even,"[1, 1, 1, 1, 1, 1, 1, 1, 1, 1, 1, 1, 1, 1, 1, 1, 1, 1, 1, 1, 1, 1, 1, 1]",24,1,1,1.0,4,0.0,0.0,0.0,576,128,64,192,512,128,24,0,24,1,25,24,False,False,0,0,0,BF16,CUDA_EVENT,generic,generic,method=fp8|act=dynamic|serialized=True|block=128x128
0.0055599999614059925,0.005799999926239252,0.005735999904572964,0.005799999926239252,9.329522197119066e-05,5,0.03743999823927879,0.1459590047597885,0.061519800871610644,0.04100000113248825,0.042266949633356046,5,0.004399999976158142,0.005520000122487545,0.00471199993044138,0.00443999981507659,0.0004243772865413745,5,0.004399999976158142,0.006440000142902136,0.005312000028789043,0.005439999978989363,0.0007320765682113819,5,0.8217589855194092,1.4469579458236694,0.9563907861709595,0.8393189907073975,0.24536807988229337,5,3.4066359996795654,4.477553844451904,3.9791869640350344,4.090274810791016,0.46834041649517066,5,0.674718976020813,0.9139990210533142,0.7302551984786987,0.6889600157737732,0.09212282640948892,5,0.00571999978274107,0.005880000069737434,0.005800000019371509,0.005799999926239252,5.6568643963576593e-05,5,7168,128,1,16,2,4096,32,0,24,False,TORCH_SDPA_MLA,False,even,"[1, 1, 1, 1, 1, 1, 1, 1, 1, 1, 1, 1, 1, 1, 1, 1, 1, 1, 1, 1, 1, 1, 1, 1, 1, 1, 1, 1, 1, 1, 1, 1]",32,1,1,1.0,5,0.0,0.0,0.0,576,128,64,192,512,128,32,0,32,1,25,32,False,False,0,0,0,BF16,CUDA_EVENT,generic,generic,method=fp8|act=dynamic|serialized=True|block=128x128
0.00443999981507659,0.005840000230818987,0.00544800003990531,0.005760000087320805,0.000534505531902462,5,0.03480000048875809,0.07264000177383423,0.043744000047445296,0.03711999952793121,0.01449139085158158,5,0.004600000102072954,0.006719999946653843,0.00544000007212162,0.005040000192821026,0.0008774507841915289,5,0.004399999976158142,0.005840000230818987,0.004751999955624342,0.00443999981507659,0.0005504326958038088,5,0.0421999990940094,0.07283999770879745,0.049647999554872514,0.04408000037074089,0.011658510890110989,5,0.13040000200271606,0.1560799926519394,0.13901580274105071,0.13624000549316406,0.009262689519687653,5,0.0347599983215332,0.04055999964475632,0.036823999136686325,0.03579999879002571,0.002119109378387112,5,0.004360000137239695,0.007519999984651804,0.005896000005304813,0.005799999926239252,0.001004501815587055,5,7168,128,1,16,2,4096,1,0,32,False,TORCH_SDPA_MLA,False,even,[1],1,1,1,1.0,1,0.0,0.0,0.0,576,128,64,192,512,128,1,0,1,1,33,1,False,False,0,0,0,BF16,CUDA_EVENT,generic,generic,method=fp8|act=dynamic|serialized=True|block=128x128
0.005520000122487545,0.006639999803155661,0.00591200003400445,0.005799999926239252,0.0003806519602217936,5,0.035440001636743546,0.07971999794244766,0.04480799958109856,0.03571999818086624,0.017475804624179758,5,0.004480000119656324,0.005119999870657921,0.004775999952107668,0.004679999779909849,0.0002731739090545808,5,0.00443999981507659,0.005760000087320805,0.005103999935090542,0.005400000140070915,0.0005551793497078645,5,0.07047999650239944,0.10520000010728836,0.0795759990811348,0.0722000002861023,0.013158422136638289,5,0.23855899274349213,0.2687999904155731,0.24869559705257416,0.24291899800300598,0.010751461152544297,5,0.05655999854207039,0.06356000155210495,0.058791999518871305,0.05747999995946884,0.002506108641545515,5,0.005679999943822622,0.009479999542236328,0.0073519998230040075,0.007160000037401915,0.00151185168532302,5,7168,128,1,16,2,4096,2,0,32,False,TORCH_SDPA_MLA,False,even,"[1, 1]",2,1,1,1.0,1,0.0,0.0,0.0,576,128,64,192,512,128,2,0,2,1,33,2,False,False,0,0,0,BF16,CUDA_EVENT,generic,generic,method=fp8|act=dynamic|serialized=True|block=128x128
0.00431999983265996,0.005799999926239252,0.005471999943256378,0.005760000087320805,0.0005765553451313446,5,0.0347599983215332,0.07919999957084656,0.045007999241352084,0.03571999818086624,0.017205123187262524,5,0.00443999981507659,0.006719999946653843,0.00551999993622303,0.0055599999614059925,0.0007589466646714429,5,0.00443999981507659,0.006560000125318766,0.005143999867141247,0.004559999797493219,0.0008234951009237054,5,0.11940000206232071,0.1868399977684021,0.133856001496315,0.12104000151157379,0.02650753187019636,5,0.454598993062973,0.5039190053939819,0.4671030044555664,0.4583590030670166,0.018658885765102055,5,0.09775999933481216,0.10843999683856964,0.10067199915647507,0.09852000325918198,0.003994987568730809,5,0.005439999978989363,0.009080000221729279,0.006632000114768744,0.005840000230818987,0.0013248154849923059,5,7168,128,1,16,2,4096,4,0,32,False,TORCH_SDPA_MLA,False,even,"[1, 1, 1, 1]",4,1,1,1.0,2,0.0,0.0,0.0,576,128,64,192,512,128,4,0,4,1,33,4,False,False,0,0,0,BF16,CUDA_EVENT,generic,generic,method=fp8|act=dynamic|serialized=True|block=128x128
0.004279999993741512,0.00848000030964613,0.006008000019937754,0.005760000087320805,0.0013626798351068713,5,0.03531999886035919,0.09927999973297119,0.0490959994494915,0.036159999668598175,0.02512966194909675,5,0.004480000119656324,0.0055599999614059925,0.005079999938607216,0.005239999853074551,0.00047260976416127617,5,0.004399999976158142,0.005679999943822622,0.004767999891191721,0.004559999797493219,0.00046261865476263347,5,0.21831899881362915,0.5002800226211548,0.27819180190563203,0.22404000163078308,0.11106698636519258,5,0.8637189865112305,0.9568390250205994,0.8899670124053956,0.8765590190887451,0.03430649742419096,5,0.17895999550819397,0.19008000195026398,0.18493579924106598,0.18411900103092194,0.003953176866390274,5,0.004360000137239695,0.007600000128149986,0.006520000007003546,0.007439999841153622,0.0012949130824370274,5,7168,128,1,16,2,4096,8,0,32,False,TORCH_SDPA_MLA,False,even,"[1, 1, 1, 1, 1, 1, 1, 1]",8,1,1,1.0,2,0.0,0.0,0.0,576,128,64,192,512,128,8,0,8,1,33,8,False,False,0,0,0,BF16,CUDA_EVENT,generic,generic,method=fp8|act=dynamic|serialized=True|block=128x128
0.004279999993741512,0.005840000230818987,0.005488000065088272,0.005799999926239252,0.0006068410454995466,5,0.03483999893069267,0.11683999747037888,0.05263199880719185,0.03691999986767769,0.0321319911312859,5,0.004480000119656324,0.010999999940395355,0.006039999984204769,0.004679999779909849,0.0025119235377599374,5,0.00443999981507659,0.00875999964773655,0.005375999864190817,0.004559999797493219,0.0016928271149205722,5,0.31696000695228577,0.9262790083885193,0.5554792046546936,0.32979899644851685,0.2864557628965066,5,1.2700779438018799,1.71327805519104,1.395078420639038,1.3186390399932861,0.16284153063124834,5,0.2587200105190277,0.2744399905204773,0.2669998049736023,0.2678000032901764,0.005220352987274344,5,0.00571999978274107,0.007079999893903732,0.006031999923288822,0.005799999926239252,0.000524839010390672,5,7168,128,1,16,2,4096,12,0,32,False,TORCH_SDPA_MLA,False,even,"[1, 1, 1, 1, 1, 1, 1, 1, 1, 1, 1, 1]",12,1,1,1.0,3,0.0,0.0,0.0,576,128,64,192,512,128,12,0,12,1,33,12,False,False,0,0,0,BF16,CUDA_EVENT,generic,generic,method=fp8|act=dynamic|serialized=True|block=128x128
0.004399999976158142,0.009239999577403069,0.006463999859988689,0.005799999926239252,0.0016265004037724106,5,0.0350399985909462,0.1143999993801117,0.05319999977946281,0.03784000128507614,0.03069177855735877,5,0.004399999976158142,0.006240000016987324,0.005023999977856875,0.004920000210404396,0.000647258869478743,5,0.004480000119656324,0.007400000002235174,0.005296000000089407,0.004519999958574772,0.0011284254447975536,5,0.426800012588501,1.2668379545211792,0.6597351968288422,0.43751901388168335,0.32566289451746055,5,1.716878056526184,2.4561169147491455,1.8966537952423095,1.7507179975509644,0.28169486025247537,5,0.34363898634910583,0.3513990044593811,0.34634339809417725,0.3458000123500824,0.002767110484002183,5,0.00559999980032444,0.007679999805986881,0.00615199999883771,0.005840000230818987,0.0007691657027459542,5,7168,128,1,16,2,4096,16,0,32,False,TORCH_SDPA_MLA,False,even,"[1, 1, 1, 1, 1, 1, 1, 1, 1, 1, 1, 1, 1, 1, 1, 1]",16,1,1,1.0,4,0.0,0.0,0.0,576,128,64,192,512,128,16,0,16,1,33,16,False,False,0,0,0,BF16,CUDA_EVENT,generic,generic,method=fp8|act=dynamic|serialized=True|block=128x128
0.005080000031739473,0.009759999811649323,0.006415999960154295,0.00571999978274107,0.0016926381051315716,5,0.03579999879002571,0.13539999723434448,0.05799199938774109,0.03984000161290169,0.03878821489224951,5,0.004399999976158142,0.006560000125318766,0.005087999999523163,0.004639999940991402,0.0008195219071729091,5,0.004399999976158142,0.00675999978557229,0.005031999852508307,0.004559999797493219,0.0008899078274003713,5,0.6309589743614197,0.9387590289115906,0.7325989961624145,0.6322389841079712,0.12841505243237789,5,2.572556972503662,3.556473970413208,2.91758017539978,2.660996913909912,0.4003387982455719,5,0.5105999708175659,0.5236390233039856,0.5167434096336365,0.5163990259170532,0.004206363979557554,5,0.004399999976158142,0.005840000230818987,0.005512000061571598,0.005760000087320805,0.0005567908491664801,5,7168,128,1,16,2,4096,24,0,32,False,TORCH_SDPA_MLA,False,even,"[1, 1, 1, 1, 1, 1, 1, 1, 1, 1, 1, 1, 1, 1, 1, 1, 1, 1, 1, 1, 1, 1, 1, 1]",24,1,1,1.0,4,0.0,0.0,0.0,576,128,64,192,512,128,24,0,24,1,33,24,False,False,0,0,0,BF16,CUDA_EVENT,generic,generic,method=fp8|act=dynamic|serialized=True|block=128x128
0.004399999976158142,0.005840000230818987,0.005504000000655651,0.005760000087320805,0.000553447398573582,5,0.036079999059438705,0.15272000432014465,0.06327180042862893,0.04343999922275543,0.04482705110026103,5,0.004399999976158142,0.005520000122487545,0.004888000059872865,0.0049600000493228436,0.0004113587484774846,5,0.004399999976158142,0.006440000142902136,0.005128000117838383,0.004480000119656324,0.0008483018835563231,5,0.8252789974212646,1.5040780305862427,0.9651428103446961,0.8315590023994446,0.2694829008114693,5,3.403075933456421,4.712073802947998,4.027995204925537,4.1112751960754395,0.5081125552770042,5,0.6641989946365356,0.9569990038871765,0.7309991955757141,0.6795589923858643,0.11318715692712278,5,0.00559999980032444,0.005840000230818987,0.005735999997705221,0.005760000087320805,7.838382187331794e-05,5,7168,128,1,16,2,4096,32,0,32,False,TORCH_SDPA_MLA,False,even,"[1, 1, 1, 1, 1, 1, 1, 1, 1, 1, 1, 1, 1, 1, 1, 1, 1, 1, 1, 1, 1, 1, 1, 1, 1, 1, 1, 1, 1, 1, 1, 1]",32,1,1,1.0,5,0.0,0.0,0.0,576,128,64,192,512,128,32,0,32,1,33,32,False,False,0,0,0,BF16,CUDA_EVENT,generic,generic,method=fp8|act=dynamic|serialized=True|block=128x128
0.00431999983265996,0.007040000054985285,0.005984000023454427,0.005840000230818987,0.0009724525823217472,5,0.033479999750852585,0.06436000019311905,0.04113599956035614,0.03463999927043915,0.011752857970248842,5,0.00443999981507659,0.010320000350475311,0.006824000086635351,0.0055599999614059925,0.002149694141215433,5,0.004399999976158142,0.005880000069737434,0.004927999898791313,0.00443999981507659,0.0006270694248482942,5,0.040720000863075256,0.0589199997484684,0.046487800776958466,0.04475900158286095,0.006392819501136036,5,0.12984000146389008,0.15007899701595306,0.136735799908638,0.1345600038766861,0.0070957893243693134,5,0.03311999887228012,0.03951999917626381,0.035895999521017075,0.035440001636743546,0.002075934532561333,5,0.005400000140070915,0.005840000230818987,0.005608000047504902,0.0055599999614059925,0.0001813725620214093,5,7168,128,1,16,2,4096,1,0,48,False,TORCH_SDPA_MLA,False,even,[1],1,1,1,1.0,1,0.0,0.0,0.0,576,128,64,192,512,128,1,0,1,1,49,1,False,False,0,0,0,BF16,CUDA_EVENT,generic,generic,method=fp8|act=dynamic|serialized=True|block=128x128
0.004399999976158142,0.005840000230818987,0.005527800135314465,0.005799000151455402,0.0005646834980279986,5,0.03463999927043915,0.06304000318050385,0.04169600084424019,0.036959998309612274,0.010709984584362685,5,0.00431999983265996,0.0055599999614059925,0.0048639998771250244,0.004559999797493219,0.0005417601035984327,5,0.004399999976158142,0.004480000119656324,0.004447999969124794,0.00443999981507659,2.9933337677144675e-05,5,0.06883999705314636,0.08963999897241592,0.07363200038671494,0.07004000246524811,0.00801839428274871,5,0.23499900102615356,0.26851901412010193,0.24955959916114806,0.24447999894618988,0.011896362344767705,5,0.05552000179886818,0.06279999762773514,0.059111999720335005,0.058639999479055405,0.002937905854210863,5,0.005520000122487545,0.00875999964773655,0.006352000031620264,0.005840000230818987,0.001210460878682292,5,7168,128,1,16,2,4096,2,0,48,False,TORCH_SDPA_MLA,False,even,"[1, 1]",2,1,1,1.0,1,0.0,0.0,0.0,576,128,64,192,512,128,2,0,2,1,49,2,False,False,0,0,0,BF16,CUDA_EVENT,generic,generic,method=fp8|act=dynamic|serialized=True|block=128x128
0.004279999993741512,0.00675999978557229,0.005704000033438206,0.005840000230818987,0.0007986388015062214,5,0.03551999852061272,0.08275999873876572,0.0486795999109745,0.04279800131917,0.01749710518977081,5,0.004679999779909849,0.006719999946653843,0.005463999882340431,0.00535999983549118,0.0007290980799012131,5,0.004480000119656324,0.006479999981820583,0.004944000020623207,0.004519999958574772,0.0007725697205453549,5,0.11828000098466873,0.17392000555992126,0.13252799957990646,0.12275999784469604,0.02081970734427477,5,0.4652799963951111,0.5007200241088867,0.4735360085964203,0.46720001101493835,0.013632665086742098,5,0.0987199991941452,0.10439900308847427,0.10076760053634644,0.10051999986171722,0.0019368996630647933,5,0.00535999983549118,0.005840000230818987,0.005648000072687865,0.005640000104904175,0.00018137269758167036,5,7168,128,1,16,2,4096,4,0,48,False,TORCH_SDPA_MLA,False,even,"[1, 1, 1, 1]",4,1,1,1.0,2,0.0,0.0,0.0,576,128,64,192,512,128,4,0,4,1,49,4,False,False,0,0,0,BF16,CUDA_EVENT,generic,generic,method=fp8|act=dynamic|serialized=True|block=128x128
0.00571999978274107,0.010280000045895576,0.006671999953687191,0.005799999926239252,0.0018042439326680791,5,0.03531999886035919,0.1212799996137619,0.05352799966931343,0.03571999818086624,0.033913823956094644,5,0.004559999797493219,0.010080000385642052,0.006496000103652477,0.005400000140070915,0.0021660067001703378,5,0.00443999981507659,0.009600000455975533,0.005856000073254109,0.004600000102072954,0.0019725477844950872,5,0.22171999514102936,0.547918975353241,0.2882317930459976,0.2221599966287613,0.12986222239858772,5,0.879518985748291,0.9812790155410767,0.9125030040740967,0.8947190046310425,0.036340139701163836,5,0.1804399937391281,0.1884399950504303,0.1852239966392517,0.1847199946641922,0.0029929636440381643,5,0.005520000122487545,0.007400000002235174,0.006000000052154064,0.005760000087320805,0.0007069936122491089,5,7168,128,1,16,2,4096,8,0,48,False,TORCH_SDPA_MLA,False,even,"[1, 1, 1, 1, 1, 1, 1, 1]",8,1,1,1.0,2,0.0,0.0,0.0,576,128,64,192,512,128,8,0,8,1,49,8,False,False,0,0,0,BF16,CUDA_EVENT,generic,generic,method=fp8|act=dynamic|serialized=True|block=128x128
0.00431999983265996,0.005840000230818987,0.005504000093787908,0.005760000087320805,0.0005930802299686853,5,0.03460000082850456,0.11039900034666061,0.05139180049300194,0.03652000054717064,0.029560844472930985,5,0.004600000102072954,0.012000000104308128,0.006616000086069107,0.005640000104904175,0.0027308723969035266,5,0.004559999797493219,0.008919999934732914,0.00598399993032217,0.00535999983549118,0.0015239107946954974,5,0.32187899947166443,0.9498389959335327,0.5705034017562867,0.32784000039100647,0.30092732720021786,5,1.297677993774414,1.7836380004882812,1.4299904108047485,1.3416379690170288,0.18069111260856863,5,0.26368001103401184,0.2715989947319031,0.26700739860534667,0.2648389935493469,0.0035144823726048205,5,0.005520000122487545,0.00848000030964613,0.006224000174552202,0.005760000087320805,0.0011352110635380328,5,7168,128,1,16,2,4096,12,0,48,False,TORCH_SDPA_MLA,False,even,"[1, 1, 1, 1, 1, 1, 1, 1, 1, 1, 1, 1]",12,1,1,1.0,3,0.0,0.0,0.0,576,128,64,192,512,128,12,0,12,1,49,12,False,False,0,0,0,BF16,CUDA_EVENT,generic,generic,method=fp8|act=dynamic|serialized=True|block=128x128
0.004279999993741512,0.007799999788403511,0.005872000008821487,0.005799999926239252,0.0011235371957514066,5,0.03668000176548958,0.11931899935007095,0.05446380078792572,0.03815999999642372,0.03246929865184987,5,0.00443999981507659,0.005119999870657921,0.0047599999234080315,0.004639999940991402,0.000270111172804584,5,0.004559999797493219,0.00803999975323677,0.005504000000655651,0.005040000192821026,0.0012816488289613605,5,0.420199990272522,1.253919005393982,0.667783397436142,0.43435999751091003,0.32802291875276335,5,1.741197943687439,2.4061570167541504,1.8982457876205445,1.7692780494689941,0.2561337850199795,5,0.33751899003982544,0.35971900820732117,0.3467993974685669,0.3413200080394745,0.0087752604940479,5,0.00571999978274107,0.010200000368058681,0.006984000001102686,0.005799999926239252,0.001727259289613159,5,7168,128,1,16,2,4096,16,0,48,False,TORCH_SDPA_MLA,False,even,"[1, 1, 1, 1, 1, 1, 1, 1, 1, 1, 1, 1, 1, 1, 1, 1]",16,1,1,1.0,4,0.0,0.0,0.0,576,128,64,192,512,128,16,0,16,1,49,16,False,False,0,0,0,BF16,CUDA_EVENT,generic,generic,method=fp8|act=dynamic|serialized=True|block=128x128
0.005160000175237656,0.010200000368058681,0.006552000157535076,0.005760000087320805,0.001841286605997836,5,0.03564000129699707,0.1295199990272522,0.05778400003910065,0.04083999991416931,0.0359412724518207,5,0.004399999976158142,0.006639999803155661,0.0057519999332726005,0.006000000052154064,0.000800159967630401,5,0.00431999983265996,0.00547999981790781,0.005063999909907579,0.005200000014156103,0.00039403554424688296,5,0.6232789754867554,0.9063590168952942,0.7026871919631958,0.6399989724159241,0.10652124539600852,5,2.5923969745635986,3.5879149436950684,2.951988172531128,2.654995918273926,0.4223680361216052,5,0.5112389922142029,0.5217599868774414,0.5162073969841003,0.5164399743080139,0.004334119864293898,5,0.00547999981790781,0.007840000092983246,0.00615199999883771,0.005799999926239252,0.0008539415106981898,5,7168,128,1,16,2,4096,24,0,48,False,TORCH_SDPA_MLA,False,even,"[1, 1, 1, 1, 1, 1, 1, 1, 1, 1, 1, 1, 1, 1, 1, 1, 1, 1, 1, 1, 1, 1, 1, 1]",24,1,1,1.0,4,0.0,0.0,0.0,576,128,64,192,512,128,24,0,24,1,49,24,False,False,0,0,0,BF16,CUDA_EVENT,generic,generic,method=fp8|act=dynamic|serialized=True|block=128x128
0.0055599999614059925,0.010160000063478947,0.006656000018119812,0.005880000069737434,0.0017559225745614152,5,0.03691999986767769,0.1518000066280365,0.06368000134825706,0.043800000101327896,0.044133864466820445,5,0.004480000119656324,0.005919999908655882,0.004920000024139881,0.004720000084489584,0.0005221493702042278,5,0.004399999976158142,0.005919999908655882,0.00527999997138977,0.005760000087320805,0.00067266633558167,5,0.8240389823913574,1.5811179876327515,0.9836067914962768,0.8381590247154236,0.298806063947679,5,3.476155996322632,4.608593940734863,4.113066864013672,4.307074069976807,0.49381659359879937,5,0.6661990284919739,0.876999020576477,0.721159017086029,0.6804789900779724,0.07882930385193004,5,0.00547999981790781,0.007439999841153622,0.00633599990978837,0.005799999926239252,0.0008006397667853444,5,7168,128,1,16,2,4096,32,0,48,False,TORCH_SDPA_MLA,False,even,"[1, 1, 1, 1, 1, 1, 1, 1, 1, 1, 1, 1, 1, 1, 1, 1, 1, 1, 1, 1, 1, 1, 1, 1, 1, 1, 1, 1, 1, 1, 1, 1]",32,1,1,1.0,5,0.0,0.0,0.0,576,128,64,192,512,128,32,0,32,1,49,32,False,False,0,0,0,BF16,CUDA_EVENT,generic,generic,method=fp8|act=dynamic|serialized=True|block=128x128
0.00443999981507659,0.0081599997356534,0.005983999837189913,0.005799999926239252,0.0012046841569148111,5,0.033720001578330994,0.05916000157594681,0.04083200097084046,0.03660000115633011,0.009335023333349443,5,0.004399999976158142,0.006800000090152025,0.005231999978423119,0.004879999905824661,0.0008643703106135888,5,0.004360000137239695,0.006120000034570694,0.004856000002473593,0.004519999958574772,0.0006580455905655899,5,0.041120000183582306,0.06204000115394592,0.04727200046181679,0.04284000024199486,0.007694794522426895,5,0.1314390003681183,0.1520799994468689,0.13894380033016204,0.1369599997997284,0.007662242861195194,5,0.0309200007468462,0.04123900085687637,0.035111800953745845,0.03440000116825104,0.0034756820383722597,5,0.005400000140070915,0.007439999841153622,0.006143999937921763,0.005799999926239252,0.0007528504952333733,5,7168,128,1,16,2,4096,1,0,64,False,TORCH_SDPA_MLA,False,even,[1],1,1,1,1.0,1,0.0,0.0,0.0,576,128,64,192,512,128,1,0,1,1,65,1,False,False,0,0,0,BF16,CUDA_EVENT,generic,generic,method=fp8|act=dynamic|serialized=True|block=128x128
0.004360000137239695,0.005799999926239252,0.005416000075638294,0.005760000087320805,0.0005476348727341419,5,0.033799998462200165,0.06564000248908997,0.0416080005466938,0.03564000129699707,0.012096106874346145,5,0.004399000201374292,0.006479999981820583,0.005063799954950809,0.00443999981507659,0.0008333125348729206,5,0.00443999981507659,0.006560000125318766,0.005087999999523163,0.004559999797493219,0.0008163921563009571,5,0.06716000288724899,0.08947999775409698,0.07504799962043762,0.07199999690055847,0.008162642171306342,5,0.23972000181674957,0.2758390009403229,0.2527197986841202,0.24872000515460968,0.012740977407773022,5,0.05575999990105629,0.06227999925613403,0.058095799386501314,0.057558998465538025,0.00224270324769513,5,0.00443999981507659,0.008080000057816505,0.005951999966055155,0.005799999926239252,0.0011810233627297115,5,7168,128,1,16,2,4096,2,0,64,False,TORCH_SDPA_MLA,False,even,"[1, 1]",2,1,1,1.0,1,0.0,0.0,0.0,576,128,64,192,512,128,2,0,2,1,65,2,False,False,0,0,0,BF16,CUDA_EVENT,generic,generic,method=fp8|act=dynamic|serialized=True|block=128x128
0.00431999983265996,0.005880000069737434,0.005536000058054924,0.005840000230818987,0.0006085262026701354,5,0.03400000184774399,0.10307899862527847,0.04969559982419014,0.03631899878382683,0.026761184323067802,5,0.005400000140070915,0.006800000090152025,0.005856000073254109,0.00571999978274107,0.0004961290178691541,5,0.00443999981507659,0.007160000037401915,0.005504000000655651,0.004519999958574772,0.001256687754326853,5,0.11872000247240067,0.15824000537395477,0.12914400100708007,0.12108000367879868,0.014795473458037061,5,0.459960013628006,0.5120800137519836,0.4746320068836212,0.4654799997806549,0.019126585698297994,5,0.09715999662876129,0.10583899915218353,0.10075959861278534,0.09852000325918198,0.0035297774446764996,5,0.004399999976158142,0.007400000002235174,0.00602400004863739,0.005799999926239252,0.00107587363709029,5,7168,128,1,16,2,4096,4,0,64,False,TORCH_SDPA_MLA,False,even,"[1, 1, 1, 1]",4,1,1,1.0,2,0.0,0.0,0.0,576,128,64,192,512,128,4,0,4,1,65,4,False,False,0,0,0,BF16,CUDA_EVENT,generic,generic,method=fp8|act=dynamic|serialized=True|block=128x128
0.004399999976158142,0.0074800001457333565,0.006104000099003315,0.005840000230818987,0.0010826929761751111,5,0.03415999934077263,0.12191999703645706,0.053391999751329425,0.03604000061750412,0.03431156313965321,5,0.00443999981507659,0.005919999908655882,0.005063999909907579,0.005200000014156103,0.0005417601077241958,5,0.00443999981507659,0.0060800001956522465,0.005007999949157238,0.004519999958574772,0.0006837076623013289,5,0.21724000573158264,0.5223190188407898,0.28222360610961916,0.22244000434875488,0.12011461187720776,5,0.8885589838027954,0.9711989760398865,0.9130627989768982,0.8965179920196533,0.030269573921637455,5,0.18051999807357788,0.1900400072336197,0.18542400002479553,0.18403999507427216,0.0034640671245007183,5,0.00535999983549118,0.008200000040233135,0.00615199999883771,0.005799999926239252,0.0010385836874290684,5,7168,128,1,16,2,4096,8,0,64,False,TORCH_SDPA_MLA,False,even,"[1, 1, 1, 1, 1, 1, 1, 1]",8,1,1,1.0,2,0.0,0.0,0.0,576,128,64,192,512,128,8,0,8,1,65,8,False,False,0,0,0,BF16,CUDA_EVENT,generic,generic,method=fp8|act=dynamic|serialized=True|block=128x128
0.00431999983265996,0.005840000230818987,0.005512000061571598,0.005799999926239252,0.0005967379161069328,5,0.03400000184774399,0.11919999867677689,0.0528159998357296,0.037039998918771744,0.0332142864449964,5,0.004519999958574772,0.015440000221133232,0.006984000001102686,0.0049600000493228436,0.004236723374728903,5,0.00443999981507659,0.007120000198483467,0.0050560000352561476,0.004600000102072954,0.0010346323854709,5,0.3242790102958679,0.9196789860725403,0.5450153946876526,0.33375999331474304,0.2659554249431624,5,1.3145979642868042,1.8103580474853516,1.448014211654663,1.3464380502700806,0.1854125206341617,5,0.2625190019607544,0.27251899242401123,0.26584739685058595,0.2635999917984009,0.003882923905138738,5,0.004399999976158142,0.007840000092983246,0.006240000016987324,0.005760000087320805,0.0012527090513281382,5,7168,128,1,16,2,4096,12,0,64,False,TORCH_SDPA_MLA,False,even,"[1, 1, 1, 1, 1, 1, 1, 1, 1, 1, 1, 1]",12,1,1,1.0,3,0.0,0.0,0.0,576,128,64,192,512,128,12,0,12,1,65,12,False,False,0,0,0,BF16,CUDA_EVENT,generic,generic,method=fp8|act=dynamic|serialized=True|block=128x128
0.004279999993741512,0.005840000230818987,0.005496000032871961,0.005799999926239252,0.0006085261096183938,5,0.03468000143766403,0.11935999989509583,0.05451980009675026,0.04039999842643738,0.032533212655313316,5,0.004679999779909849,0.00812000036239624,0.005511999968439341,0.0047599999234080315,0.001325781485707915,5,0.004519999958574772,0.006000000052154064,0.005047999974340201,0.004600000102072954,0.0006141791611110589,5,0.42163899540901184,1.2767590284347534,0.6862790048122406,0.43723899126052856,0.339032495665325,5,1.7642379999160767,2.3902781009674072,1.9308216094970703,1.803797960281372,0.23476121969333894,5,0.34564000368118286,0.3583599925041199,0.3496078014373779,0.3476000130176544,0.004740006686140842,5,0.005400000140070915,0.007840000092983246,0.006111999973654747,0.005799999926239252,0.0008765021830290683,5,7168,128,1,16,2,4096,16,0,64,False,TORCH_SDPA_MLA,False,even,"[1, 1, 1, 1, 1, 1, 1, 1, 1, 1, 1, 1, 1, 1, 1, 1]",16,1,1,1.0,4,0.0,0.0,0.0,576,128,64,192,512,128,16,0,16,1,65,16,False,False,0,0,0,BF16,CUDA_EVENT,generic,generic,method=fp8|act=dynamic|serialized=True|block=128x128
0.00571999978274107,0.009639999829232693,0.007239999994635582,0.006920000072568655,0.0014846414142538722,5,0.033319998532533646,0.13527999818325043,0.05689599961042404,0.039080001413822174,0.039276965403185767,5,0.004519999958574772,0.006680000107735395,0.005504000000655651,0.005200000014156103,0.0007532755773796426,5,0.00443999981507659,0.006039999891072512,0.005128000024706125,0.004720000084489584,0.0007188435416106836,5,0.6307989954948425,0.9921590089797974,0.7293352007865905,0.6321589946746826,0.14056384862843654,5,2.6486759185791016,3.6842761039733887,3.036748456954956,2.751197099685669,0.43197724897821876,5,0.5010790228843689,0.5183590054512024,0.5080633997917176,0.5045999884605408,0.006331130076255004,5,0.005679999943822622,0.00687999976798892,0.005999799910932779,0.00583899999037385,0.00044621083255868936,5,7168,128,1,16,2,4096,24,0,64,False,TORCH_SDPA_MLA,False,even,"[1, 1, 1, 1, 1, 1, 1, 1, 1, 1, 1, 1, 1, 1, 1, 1, 1, 1, 1, 1, 1, 1, 1, 1]",24,1,1,1.0,4,0.0,0.0,0.0,576,128,64,192,512,128,24,0,24,1,65,24,False,False,0,0,0,BF16,CUDA_EVENT,generic,generic,method=fp8|act=dynamic|serialized=True|block=128x128
0.00443999981507659,0.005880000069737434,0.005551800038665533,0.00583899999037385,0.0005572621323662009,5,0.03799999877810478,0.13716000318527222,0.060528000444173814,0.041680000722408295,0.03838020794939042,5,0.004559999797493219,0.009800000116229057,0.006367999874055385,0.00559999980032444,0.0018262793934070958,5,0.004519999958574772,0.011959999799728394,0.006431999988853932,0.00535999983549118,0.00278779042717866,5,0.8204789757728577,1.5691180229187012,0.9790387988090515,0.8367589712142944,0.29511140936100216,5,3.5207951068878174,4.754273891448975,4.138482856750488,4.254195213317871,0.5028359118124887,5,0.6644790172576904,0.8317989706993103,0.7134552001953125,0.6851990222930908,0.06028632362787332,5,0.005439999978989363,0.0068789999932050705,0.005959799978882074,0.005799999926239252,0.0004842645651642601,5,7168,128,1,16,2,4096,32,0,64,False,TORCH_SDPA_MLA,False,even,"[1, 1, 1, 1, 1, 1, 1, 1, 1, 1, 1, 1, 1, 1, 1, 1, 1, 1, 1, 1, 1, 1, 1, 1, 1, 1, 1, 1, 1, 1, 1, 1]",32,1,1,1.0,5,0.0,0.0,0.0,576,128,64,192,512,128,32,0,32,1,65,32,False,False,0,0,0,BF16,CUDA_EVENT,generic,generic,method=fp8|act=dynamic|serialized=True|block=128x128
0.00431999983265996,0.005840000230818987,0.005504000093787908,0.005840000230818987,0.0005952345490339087,5,0.03483999893069267,0.06623999774456024,0.042951999604701994,0.03855999931693077,0.011741137695570022,5,0.004399999976158142,0.006639999803155661,0.005215999856591225,0.004999999888241291,0.0008050241854902547,5,0.00443999981507659,0.0063599999994039536,0.005071999877691269,0.004559999797493219,0.0007373032797265823,5,0.04083999991416931,0.07251899689435959,0.051271799206733706,0.044920001178979874,0.0117772684782074,5,0.13512000441551208,0.1624000072479248,0.1442638009786606,0.14056000113487244,0.009640962690372984,5,0.03351999819278717,0.03959999978542328,0.03601600006222725,0.03596000000834465,0.0020188870816996796,5,0.00547999981790781,0.006920000072568655,0.00591200003400445,0.005760000087320805,0.000525448413564484,5,7168,128,1,16,2,4096,1,0,96,False,TORCH_SDPA_MLA,False,even,[1],1,1,1,1.0,1,0.0,0.0,0.0,576,128,64,192,512,128,1,0,1,1,97,1,False,False,0,0,0,BF16,CUDA_EVENT,generic,generic,method=fp8|act=dynamic|serialized=True|block=128x128
0.004480000119656324,0.007120000198483467,0.005816000141203403,0.005840000230818987,0.0008350712810823057,5,0.036079999059438705,0.08819899708032608,0.04749579876661301,0.0376800000667572,0.02036797654707283,5,0.004559999797493219,0.00687999976798892,0.005711999908089638,0.00571999978274107,0.0007346944826794756,5,0.004559999797493219,0.006479999981820583,0.0053519999608397486,0.005319999996572733,0.0007437850262041474,5,0.06911999732255936,0.10943999886512756,0.07848779857158661,0.0719589963555336,0.01551943274986269,5,0.2529999911785126,0.2847599983215332,0.264727795124054,0.25968000292778015,0.011437661280112744,5,0.05592000111937523,0.06415999680757523,0.058751999586820605,0.05747999995946884,0.0028535886549195034,5,0.005640000104904175,0.005840000230818987,0.005744000058621168,0.00571999978274107,8.23651436394138e-05,5,7168,128,1,16,2,4096,2,0,96,False,TORCH_SDPA_MLA,False,even,"[1, 1]",2,1,1,1.0,1,0.0,0.0,0.0,576,128,64,192,512,128,2,0,2,1,97,2,False,False,0,0,0,BF16,CUDA_EVENT,generic,generic,method=fp8|act=dynamic|serialized=True|block=128x128
0.00431999983265996,0.005840000230818987,0.005536000151187182,0.005840000230818987,0.0006080001592636108,5,0.036079999059438705,0.09544000029563904,0.04936000034213066,0.03736000135540962,0.02309594594074056,5,0.004399999976158142,0.005799999926239252,0.005079999938607216,0.004999999888241291,0.00045325486985519324,5,0.00443999981507659,0.0055599999614059925,0.004911999963223934,0.004559999797493219,0.0005143695777700172,5,0.11924000084400177,0.17788000404834747,0.13443199992179872,0.12411999702453613,0.021905112321312533,5,0.4793989956378937,0.5275189876556396,0.49187899231910703,0.48191899061203003,0.0182557451215234,5,0.09799999743700027,0.10664000362157822,0.10093600153923035,0.09860000014305115,0.0034353100426389623,5,0.0055599999614059925,0.00791999977082014,0.006127999909222126,0.00571999978274107,0.0009013411648927694,5,7168,128,1,16,2,4096,4,0,96,False,TORCH_SDPA_MLA,False,even,"[1, 1, 1, 1]",4,1,1,1.0,2,0.0,0.0,0.0,576,128,64,192,512,128,4,0,4,1,97,4,False,False,0,0,0,BF16,CUDA_EVENT,generic,generic,method=fp8|act=dynamic|serialized=True|block=128x128
0.004360000137239695,0.005799999926239252,0.005400000046938658,0.005760000087320805,0.0005559855432577794,5,0.034758999943733215,0.09976000338792801,0.04930380061268806,0.03764000162482262,0.025253679967149598,5,0.004519999958574772,0.008440000005066395,0.005967999994754791,0.0055599999614059925,0.0013102427387072745,5,0.00443999981507659,0.011680000461637974,0.00597599996253848,0.004559999797493219,0.0028530519483197002,5,0.2237599939107895,0.5773190259933472,0.2962316036224365,0.22596000134944916,0.14055142836963236,5,0.9183989763259888,1.010079026222229,0.9451670050621033,0.9293590188026428,0.033597911164577735,5,0.18184000253677368,0.1881989985704422,0.18502379953861237,0.1850000023841858,0.0024169555060435735,5,0.00571999978274107,0.00803999975323677,0.006599999964237213,0.005880000069737434,0.001007174233276136,5,7168,128,1,16,2,4096,8,0,96,False,TORCH_SDPA_MLA,False,even,"[1, 1, 1, 1, 1, 1, 1, 1]",8,1,1,1.0,2,0.0,0.0,0.0,576,128,64,192,512,128,8,0,8,1,97,8,False,False,0,0,0,BF16,CUDA_EVENT,generic,generic,method=fp8|act=dynamic|serialized=True|block=128x128
0.00443999981507659,0.005840000230818987,0.005511999968439341,0.005760000087320805,0.0005374905503054735,5,0.03579999879002571,0.119159996509552,0.053311999142169955,0.03743999823927879,0.032934322666606335,5,0.004480000119656324,0.011599999852478504,0.006159999966621399,0.004639999940991402,0.00274576031960347,5,0.004399999976158142,0.005799999926239252,0.005143999960273505,0.005280000157654285,0.0006210185416205659,5,0.32284000515937805,0.8941580057144165,0.5513828098773956,0.3293600082397461,0.276303695128117,5,1.3729979991912842,1.9221179485321045,1.509166383743286,1.399638056755066,0.2095334740907282,5,0.2531999945640564,0.27667900919914246,0.2664475977420807,0.26548001170158386,0.007888012165561323,5,0.005280000157654285,0.005840000230818987,0.005704000033438206,0.005799999926239252,0.0002125652307438018,5,7168,128,1,16,2,4096,12,0,96,False,TORCH_SDPA_MLA,False,even,"[1, 1, 1, 1, 1, 1, 1, 1, 1, 1, 1, 1]",12,1,1,1.0,3,0.0,0.0,0.0,576,128,64,192,512,128,12,0,12,1,97,12,False,False,0,0,0,BF16,CUDA_EVENT,generic,generic,method=fp8|act=dynamic|serialized=True|block=128x128
0.005160000175237656,0.007120000198483467,0.006008000113070011,0.005840000230818987,0.000648641697732842,5,0.03500000014901161,0.10651999711990356,0.05233579948544502,0.04055999964475632,0.02717694504769038,5,0.00443999981507659,0.007240000180900097,0.005128000024706125,0.004480000119656324,0.0010802667341004524,5,0.004519999958574772,0.006920000072568655,0.005312000028789043,0.005280000157654285,0.0008765021796289198,5,0.4209589958190918,1.2635990381240845,0.6788872003555297,0.459879994392395,0.32608190004634435,5,1.812358021736145,2.5242369174957275,1.9791016101837158,1.8335180282592773,0.27431182851914243,5,0.34463998675346375,0.3549189865589142,0.3506637990474701,0.3505200147628784,0.0038226206059808333,5,0.004360000137239695,0.007040000054985285,0.005735999997705221,0.005760000087320805,0.0008483772471513336,5,7168,128,1,16,2,4096,16,0,96,False,TORCH_SDPA_MLA,False,even,"[1, 1, 1, 1, 1, 1, 1, 1, 1, 1, 1, 1, 1, 1, 1, 1]",16,1,1,1.0,4,0.0,0.0,0.0,576,128,64,192,512,128,16,0,16,1,97,16,False,False,0,0,0,BF16,CUDA_EVENT,generic,generic,method=fp8|act=dynamic|serialized=True|block=128x128
0.005520000122487545,0.0069599999114871025,0.005991999991238117,0.005799999926239252,0.0004992153351085873,5,0.03675999864935875,0.15508000552654266,0.06197600066661835,0.038279999047517776,0.046581623559288785,5,0.004399999976158142,0.006440000142902136,0.005400000046938658,0.005640000104904175,0.0007431823761849797,5,0.00443999981507659,0.006399999838322401,0.004879999905824661,0.004519999958574772,0.0007610518687892722,5,0.6250789761543274,0.8935989737510681,0.7033191800117493,0.637158989906311,0.10359838026610854,5,2.7153170108795166,3.9108760356903076,3.1142285823822022,2.772676944732666,0.4870967403066317,5,0.5029990077018738,0.5207989811897278,0.5119593977928162,0.5136799812316895,0.006141328838742104,5,0.00443999981507659,0.007040000054985285,0.005543999932706356,0.0055599999614059925,0.000857382122483787,5,7168,128,1,16,2,4096,24,0,96,False,TORCH_SDPA_MLA,False,even,"[1, 1, 1, 1, 1, 1, 1, 1, 1, 1, 1, 1, 1, 1, 1, 1, 1, 1, 1, 1, 1, 1, 1, 1]",24,1,1,1.0,4,0.0,0.0,0.0,576,128,64,192,512,128,24,0,24,1,97,24,False,False,0,0,0,BF16,CUDA_EVENT,generic,generic,method=fp8|act=dynamic|serialized=True|block=128x128
0.00571999978274107,0.005799999926239252,0.0057519999332726005,0.005760000087320805,2.9933337677144675e-05,5,0.03791999816894531,0.15471899509429932,0.06316779851913452,0.04047999903559685,0.045797313027041674,5,0.00443999981507659,0.005280000157654285,0.004824000038206577,0.004600000102072954,0.0003757447029674643,5,0.004480000119656324,0.0063599999994039536,0.005080000031739473,0.004840000066906214,0.0006621177810360444,5,0.8217189908027649,1.6307179927825928,0.9917267918586731,0.837598979473114,0.31957776001456517,5,3.628916025161743,4.916314125061035,4.260858821868896,4.286593914031982,0.5324974050436563,5,0.6679589748382568,0.9771190285682678,0.7377272009849548,0.6855589747428894,0.12002106032214664,5,0.0055599999614059925,0.007400000002235174,0.006392000056803226,0.005840000230818987,0.0008124629489910733,5,7168,128,1,16,2,4096,32,0,96,False,TORCH_SDPA_MLA,False,even,"[1, 1, 1, 1, 1, 1, 1, 1, 1, 1, 1, 1, 1, 1, 1, 1, 1, 1, 1, 1, 1, 1, 1, 1, 1, 1, 1, 1, 1, 1, 1, 1]",32,1,1,1.0,5,0.0,0.0,0.0,576,128,64,192,512,128,32,0,32,1,97,32,False,False,0,0,0,BF16,CUDA_EVENT,generic,generic,method=fp8|act=dynamic|serialized=True|block=128x128
