time_stats.attn_input_reshape.min,time_stats.attn_input_reshape.max,time_stats.attn_input_reshape.mean,time_stats.attn_input_reshape.median,time_stats.attn_input_reshape.std,time_stats.attn_input_reshape.count,time_stats.attn_mla_kv_cache_save.min,time_stats.attn_mla_kv_cache_save.max,time_stats.attn_mla_kv_cache_save.mean,time_stats.attn_mla_kv_cache_save.median,time_stats.attn_mla_kv_cache_save.std,time_stats.attn_mla_kv_cache_save.count,time_stats.attn_mla_prefill_kv_up_proj.min,time_stats.attn_mla_prefill_kv_up_proj.max,time_stats.attn_mla_prefill_kv_up_proj.mean,time_stats.attn_mla_prefill_kv_up_proj.median,time_stats.attn_mla_prefill_kv_up_proj.std,time_stats.attn_mla_prefill_kv_up_proj.count,time_stats.attn_mla_prefill.min,time_stats.attn_mla_prefill.max,time_stats.attn_mla_prefill.mean,time_stats.attn_mla_prefill.median,time_stats.attn_mla_prefill.std,time_stats.attn_mla_prefill.count,time_stats.attn_mla_decode_q_latent_proj.min,time_stats.attn_mla_decode_q_latent_proj.max,time_stats.attn_mla_decode_q_latent_proj.mean,time_stats.attn_mla_decode_q_latent_proj.median,time_stats.attn_mla_decode_q_latent_proj.std,time_stats.attn_mla_decode_q_latent_proj.count,time_stats.attn_mla_decode.min,time_stats.attn_mla_decode.max,time_stats.attn_mla_decode.mean,time_stats.attn_mla_decode.median,time_stats.attn_mla_decode.std,time_stats.attn_mla_decode.count,time_stats.attn_mla_v_up_proj.min,time_stats.attn_mla_v_up_proj.max,time_stats.attn_mla_v_up_proj.mean,time_stats.attn_mla_v_up_proj.median,time_stats.attn_mla_v_up_proj.std,time_stats.attn_mla_v_up_proj.count,time_stats.attn_output_reshape.min,time_stats.attn_output_reshape.max,time_stats.attn_output_reshape.mean,time_stats.attn_output_reshape.median,time_stats.attn_output_reshape.std,time_stats.attn_output_reshape.count,n_embd,n_q_head,n_kv_head,block_size,num_tensor_parallel_workers,max_model_len,batch_size,prefill_chunk_size,kv_cache_size,is_prefill,attention_backend,is_mixed_batch,mode,seq_lens,total_tokens,max_seq_len,min_seq_len,avg_seq_len,equal_seq_len,seq_len_variance,seq_len_std,seq_len_cv,head_size,qk_nope_head_dim,qk_rope_head_dim,qk_head_dim,kv_lora_rank,v_head_dim,batch_num_tokens,batch_num_prefill_tokens,batch_num_decode_tokens,max_seqlen_q,max_seqlen_k,num_actual_tokens,is_mla_profile_import,is_chunked_prefill_sample,chunk_start_token,chunk_end_token,total_prefill_tokens,profiling_precision,measurement_type,model_arch,model_architecture_profile,quant_signature
0.0,0.0,0.0,0.0,0.0,1,0.013516,0.013516,0.013516,0.013516,0.0,1,0.0,0.0,0.0,0.0,0.0,1,0.0,0.0,0.0,0.0,0.0,1,0.017398,0.017398,0.017398,0.017398,0.0,1,0.04354600000000001,0.04354600000000001,0.04354600000000001,0.04354600000000001,0.0,1,0.010639,0.010639,0.010639,0.010639,0.0,1,0.0,0.0,0.0,0.0,0.0,1,7168,128,1,16,1,4096,1,0,0,False,TORCH_SDPA_MLA,False,even,[1],1,1,1,1.0,1,0.0,0.0,0.0,576,128,64,192,512,128,1,0,1,1,1,1,False,False,0,0,0,BF16,KERNEL_ONLY,generic,generic,method=fp8|act=dynamic|serialized=True|block=128x128
0.0,0.0,0.0,0.0,0.0,1,0.010796,0.010796,0.010796,0.010796,0.0,1,0.0,0.0,0.0,0.0,0.0,1,0.0,0.0,0.0,0.0,0.0,1,0.023875999999999998,0.023875999999999998,0.023875999999999998,0.023875999999999998,0.0,1,0.08533199999999996,0.08533199999999996,0.08533199999999996,0.08533199999999996,0.0,1,0.021758,0.021758,0.021758,0.021758,0.0,1,0.0,0.0,0.0,0.0,0.0,1,7168,128,1,16,1,4096,2,0,0,False,TORCH_SDPA_MLA,False,even,"[1, 1]",2,1,1,1.0,1,0.0,0.0,0.0,576,128,64,192,512,128,2,0,2,1,1,2,False,False,0,0,0,BF16,KERNEL_ONLY,generic,generic,method=fp8|act=dynamic|serialized=True|block=128x128
0.0,0.0,0.0,0.0,0.0,1,0.012796,0.012796,0.012796,0.012796,0.0,1,0.0,0.0,0.0,0.0,0.0,1,0.0,0.0,0.0,0.0,0.0,1,0.043272,0.043272,0.043272,0.043272,0.0,1,0.163304,0.163304,0.163304,0.163304,0.0,1,0.041796,0.041796,0.041796,0.041796,0.0,1,0.0,0.0,0.0,0.0,0.0,1,7168,128,1,16,1,4096,4,0,0,False,TORCH_SDPA_MLA,False,even,"[1, 1, 1, 1]",4,1,1,1.0,2,0.0,0.0,0.0,576,128,64,192,512,128,4,0,4,1,1,4,False,False,0,0,0,BF16,KERNEL_ONLY,generic,generic,method=fp8|act=dynamic|serialized=True|block=128x128
0.0,0.0,0.0,0.0,0.0,1,0.013515999999999999,0.013515999999999999,0.013515999999999999,0.013515999999999999,0.0,1,0.0,0.0,0.0,0.0,0.0,1,0.0,0.0,0.0,0.0,0.0,1,0.086904,0.086904,0.086904,0.086904,0.0,1,0.33528800000000003,0.33528800000000003,0.33528800000000003,0.33528800000000003,0.0,1,0.082112,0.082112,0.082112,0.082112,0.0,1,0.0,0.0,0.0,0.0,0.0,1,7168,128,1,16,1,4096,8,0,0,False,TORCH_SDPA_MLA,False,even,"[1, 1, 1, 1, 1, 1, 1, 1]",8,1,1,1.0,2,0.0,0.0,0.0,576,128,64,192,512,128,8,0,8,1,1,8,False,False,0,0,0,BF16,KERNEL_ONLY,generic,generic,method=fp8|act=dynamic|serialized=True|block=128x128
0.0,0.0,0.0,0.0,0.0,1,0.014756,0.014756,0.014756,0.014756,0.0,1,0.0,0.0,0.0,0.0,0.0,1,0.0,0.0,0.0,0.0,0.0,1,0.128376,0.128376,0.128376,0.128376,0.0,1,0.5052719999999999,0.5052719999999999,0.5052719999999999,0.5052719999999999,0.0,1,0.12230800000000001,0.12230800000000001,0.12230800000000001,0.12230800000000001,0.0,1,0.0,0.0,0.0,0.0,0.0,1,7168,128,1,16,1,4096,12,0,0,False,TORCH_SDPA_MLA,False,even,"[1, 1, 1, 1, 1, 1, 1, 1, 1, 1, 1, 1]",12,1,1,1.0,3,0.0,0.0,0.0,576,128,64,192,512,128,12,0,12,1,1,12,False,False,0,0,0,BF16,KERNEL_ONLY,generic,generic,method=fp8|act=dynamic|serialized=True|block=128x128
0.0,0.0,0.0,0.0,0.0,1,0.014116,0.014116,0.014116,0.014116,0.0,1,0.0,0.0,0.0,0.0,0.0,1,0.0,0.0,0.0,0.0,0.0,1,0.163368,0.163368,0.163368,0.163368,0.0,1,0.6718149999999999,0.6718149999999999,0.6718149999999999,0.6718149999999999,0.0,1,0.161184,0.161184,0.161184,0.161184,0.0,1,0.0,0.0,0.0,0.0,0.0,1,7168,128,1,16,1,4096,16,0,0,False,TORCH_SDPA_MLA,False,even,"[1, 1, 1, 1, 1, 1, 1, 1, 1, 1, 1, 1, 1, 1, 1, 1]",16,1,1,1.0,4,0.0,0.0,0.0,576,128,64,192,512,128,16,0,16,1,1,16,False,False,0,0,0,BF16,KERNEL_ONLY,generic,generic,method=fp8|act=dynamic|serialized=True|block=128x128
0.0,0.0,0.0,0.0,0.0,1,0.014436000000000001,0.014436000000000001,0.014436000000000001,0.014436000000000001,0.0,1,0.0,0.0,0.0,0.0,0.0,1,0.0,0.0,0.0,0.0,0.0,1,0.24011199999999996,0.24011199999999996,0.24011199999999996,0.24011199999999996,0.0,1,0.9965429999999995,0.9965429999999995,0.9965429999999995,0.9965429999999995,0.0,1,0.24137600000000003,0.24137600000000003,0.24137600000000003,0.24137600000000003,0.0,1,0.0,0.0,0.0,0.0,0.0,1,7168,128,1,16,1,4096,24,0,0,False,TORCH_SDPA_MLA,False,even,"[1, 1, 1, 1, 1, 1, 1, 1, 1, 1, 1, 1, 1, 1, 1, 1, 1, 1, 1, 1, 1, 1, 1, 1]",24,1,1,1.0,4,0.0,0.0,0.0,576,128,64,192,512,128,24,0,24,1,1,24,False,False,0,0,0,BF16,KERNEL_ONLY,generic,generic,method=fp8|act=dynamic|serialized=True|block=128x128
0.0,0.0,0.0,0.0,0.0,1,0.014276,0.014276,0.014276,0.014276,0.0,1,0.0,0.0,0.0,0.0,0.0,1,0.0,0.0,0.0,0.0,0.0,1,0.326216,0.326216,0.326216,0.326216,0.0,1,1.3297109999999985,1.3297109999999985,1.3297109999999985,1.3297109999999985,0.0,1,0.319888,0.319888,0.319888,0.319888,0.0,1,0.0,0.0,0.0,0.0,0.0,1,7168,128,1,16,1,4096,32,0,0,False,TORCH_SDPA_MLA,False,even,"[1, 1, 1, 1, 1, 1, 1, 1, 1, 1, 1, 1, 1, 1, 1, 1, 1, 1, 1, 1, 1, 1, 1, 1, 1, 1, 1, 1, 1, 1, 1, 1]",32,1,1,1.0,5,0.0,0.0,0.0,576,128,64,192,512,128,32,0,32,1,1,32,False,False,0,0,0,BF16,KERNEL_ONLY,generic,generic,method=fp8|act=dynamic|serialized=True|block=128x128
0.0,0.0,0.0,0.0,0.0,1,0.009836000000000001,0.009836000000000001,0.009836000000000001,0.009836000000000001,0.0,1,0.0,0.0,0.0,0.0,0.0,1,0.0,0.0,0.0,0.0,0.0,1,0.012638,0.012638,0.012638,0.012638,0.0,1,0.049266000000000004,0.049266000000000004,0.049266000000000004,0.049266000000000004,0.0,1,0.011719,0.011719,0.011719,0.011719,0.0,1,0.0,0.0,0.0,0.0,0.0,1,7168,128,1,16,1,4096,1,0,8,False,TORCH_SDPA_MLA,False,even,[1],1,1,1,1.0,1,0.0,0.0,0.0,576,128,64,192,512,128,1,0,1,1,9,1,False,False,0,0,0,BF16,KERNEL_ONLY,generic,generic,method=fp8|act=dynamic|serialized=True|block=128x128
0.0,0.0,0.0,0.0,0.0,1,0.010236,0.010236,0.010236,0.010236,0.0,1,0.0,0.0,0.0,0.0,0.0,1,0.0,0.0,0.0,0.0,0.0,1,0.024436,0.024436,0.024436,0.024436,0.0,1,0.109292,0.109292,0.109292,0.109292,0.0,1,0.021637999999999998,0.021637999999999998,0.021637999999999998,0.021637999999999998,0.0,1,0.0,0.0,0.0,0.0,0.0,1,7168,128,1,16,1,4096,2,0,8,False,TORCH_SDPA_MLA,False,even,"[1, 1]",2,1,1,1.0,1,0.0,0.0,0.0,576,128,64,192,512,128,2,0,2,1,9,2,False,False,0,0,0,BF16,KERNEL_ONLY,generic,generic,method=fp8|act=dynamic|serialized=True|block=128x128
0.0,0.0,0.0,0.0,0.0,1,0.011356000000000002,0.011356000000000002,0.011356000000000002,0.011356000000000002,0.0,1,0.0,0.0,0.0,0.0,0.0,1,0.0,0.0,0.0,0.0,0.0,1,0.043472000000000004,0.043472000000000004,0.043472000000000004,0.043472000000000004,0.0,1,0.19218400000000002,0.19218400000000002,0.19218400000000002,0.19218400000000002,0.0,1,0.040676000000000004,0.040676000000000004,0.040676000000000004,0.040676000000000004,0.0,1,0.0,0.0,0.0,0.0,0.0,1,7168,128,1,16,1,4096,4,0,8,False,TORCH_SDPA_MLA,False,even,"[1, 1, 1, 1]",4,1,1,1.0,2,0.0,0.0,0.0,576,128,64,192,512,128,4,0,4,1,9,4,False,False,0,0,0,BF16,KERNEL_ONLY,generic,generic,method=fp8|act=dynamic|serialized=True|block=128x128
0.0,0.0,0.0,0.0,0.0,1,0.014476000000000001,0.014476000000000001,0.014476000000000001,0.014476000000000001,0.0,1,0.0,0.0,0.0,0.0,0.0,1,0.0,0.0,0.0,0.0,0.0,1,0.08610399999999999,0.08610399999999999,0.08610399999999999,0.08610399999999999,0.0,1,0.39580799999999994,0.39580799999999994,0.39580799999999994,0.39580799999999994,0.0,1,0.080432,0.080432,0.080432,0.080432,0.0,1,0.0,0.0,0.0,0.0,0.0,1,7168,128,1,16,1,4096,8,0,8,False,TORCH_SDPA_MLA,False,even,"[1, 1, 1, 1, 1, 1, 1, 1]",8,1,1,1.0,2,0.0,0.0,0.0,576,128,64,192,512,128,8,0,8,1,9,8,False,False,0,0,0,BF16,KERNEL_ONLY,generic,generic,method=fp8|act=dynamic|serialized=True|block=128x128
0.0,0.0,0.0,0.0,0.0,1,0.014156,0.014156,0.014156,0.014156,0.0,1,0.0,0.0,0.0,0.0,0.0,1,0.0,0.0,0.0,0.0,0.0,1,0.127056,0.127056,0.127056,0.127056,0.0,1,0.6127500000000002,0.6127500000000002,0.6127500000000002,0.6127500000000002,0.0,1,0.118588,0.118588,0.118588,0.118588,0.0,1,0.0,0.0,0.0,0.0,0.0,1,7168,128,1,16,1,4096,12,0,8,False,TORCH_SDPA_MLA,False,even,"[1, 1, 1, 1, 1, 1, 1, 1, 1, 1, 1, 1]",12,1,1,1.0,3,0.0,0.0,0.0,576,128,64,192,512,128,12,0,12,1,9,12,False,False,0,0,0,BF16,KERNEL_ONLY,generic,generic,method=fp8|act=dynamic|serialized=True|block=128x128
0.0,0.0,0.0,0.0,0.0,1,0.013596,0.013596,0.013596,0.013596,0.0,1,0.0,0.0,0.0,0.0,0.0,1,0.0,0.0,0.0,0.0,0.0,1,0.161727,0.161727,0.161727,0.161727,0.0,1,0.8118139999999993,0.8118139999999993,0.8118139999999993,0.8118139999999993,0.0,1,0.159984,0.159984,0.159984,0.159984,0.0,1,0.0,0.0,0.0,0.0,0.0,1,7168,128,1,16,1,4096,16,0,8,False,TORCH_SDPA_MLA,False,even,"[1, 1, 1, 1, 1, 1, 1, 1, 1, 1, 1, 1, 1, 1, 1, 1]",16,1,1,1.0,4,0.0,0.0,0.0,576,128,64,192,512,128,16,0,16,1,9,16,False,False,0,0,0,BF16,KERNEL_ONLY,generic,generic,method=fp8|act=dynamic|serialized=True|block=128x128
0.0,0.0,0.0,0.0,0.0,1,0.014476,0.014476,0.014476,0.014476,0.0,1,0.0,0.0,0.0,0.0,0.0,1,0.0,0.0,0.0,0.0,0.0,1,0.23407200000000009,0.23407200000000009,0.23407200000000009,0.23407200000000009,0.0,1,1.2293799999999997,1.2293799999999997,1.2293799999999997,1.2293799999999997,0.0,1,0.23929499999999998,0.23929499999999998,0.23929499999999998,0.23929499999999998,0.0,1,0.0,0.0,0.0,0.0,0.0,1,7168,128,1,16,1,4096,24,0,8,False,TORCH_SDPA_MLA,False,even,"[1, 1, 1, 1, 1, 1, 1, 1, 1, 1, 1, 1, 1, 1, 1, 1, 1, 1, 1, 1, 1, 1, 1, 1]",24,1,1,1.0,4,0.0,0.0,0.0,576,128,64,192,512,128,24,0,24,1,9,24,False,False,0,0,0,BF16,KERNEL_ONLY,generic,generic,method=fp8|act=dynamic|serialized=True|block=128x128
0.0,0.0,0.0,0.0,0.0,1,0.014036,0.014036,0.014036,0.014036,0.0,1,0.0,0.0,0.0,0.0,0.0,1,0.0,0.0,0.0,0.0,0.0,1,0.319216,0.319216,0.319216,0.319216,0.0,1,1.6718319999999984,1.6718319999999984,1.6718319999999984,1.6718319999999984,0.0,1,0.314008,0.314008,0.314008,0.314008,0.0,1,0.0,0.0,0.0,0.0,0.0,1,7168,128,1,16,1,4096,32,0,8,False,TORCH_SDPA_MLA,False,even,"[1, 1, 1, 1, 1, 1, 1, 1, 1, 1, 1, 1, 1, 1, 1, 1, 1, 1, 1, 1, 1, 1, 1, 1, 1, 1, 1, 1, 1, 1, 1, 1]",32,1,1,1.0,5,0.0,0.0,0.0,576,128,64,192,512,128,32,0,32,1,9,32,False,False,0,0,0,BF16,KERNEL_ONLY,generic,generic,method=fp8|act=dynamic|serialized=True|block=128x128
0.0,0.0,0.0,0.0,0.0,1,0.009996000000000001,0.009996000000000001,0.009996000000000001,0.009996000000000001,0.0,1,0.0,0.0,0.0,0.0,0.0,1,0.0,0.0,0.0,0.0,0.0,1,0.012358000000000001,0.012358000000000001,0.012358000000000001,0.012358000000000001,0.0,1,0.059144999999999996,0.059144999999999996,0.059144999999999996,0.059144999999999996,0.0,1,0.009879,0.009879,0.009879,0.009879,0.0,1,0.0,0.0,0.0,0.0,0.0,1,7168,128,1,16,1,4096,1,0,16,False,TORCH_SDPA_MLA,False,even,[1],1,1,1,1.0,1,0.0,0.0,0.0,576,128,64,192,512,128,1,0,1,1,17,1,False,False,0,0,0,BF16,KERNEL_ONLY,generic,generic,method=fp8|act=dynamic|serialized=True|block=128x128
0.0,0.0,0.0,0.0,0.0,1,0.010676,0.010676,0.010676,0.010676,0.0,1,0.0,0.0,0.0,0.0,0.0,1,0.0,0.0,0.0,0.0,0.0,1,0.025156,0.025156,0.025156,0.025156,0.0,1,0.12100999999999999,0.12100999999999999,0.12100999999999999,0.12100999999999999,0.0,1,0.021998,0.021998,0.021998,0.021998,0.0,1,0.0,0.0,0.0,0.0,0.0,1,7168,128,1,16,1,4096,2,0,16,False,TORCH_SDPA_MLA,False,even,"[1, 1]",2,1,1,1.0,1,0.0,0.0,0.0,576,128,64,192,512,128,2,0,2,1,17,2,False,False,0,0,0,BF16,KERNEL_ONLY,generic,generic,method=fp8|act=dynamic|serialized=True|block=128x128
0.0,0.0,0.0,0.0,0.0,1,0.011796,0.011796,0.011796,0.011796,0.0,1,0.0,0.0,0.0,0.0,0.0,1,0.0,0.0,0.0,0.0,0.0,1,0.043991999999999996,0.043991999999999996,0.043991999999999996,0.043991999999999996,0.0,1,0.25794,0.25794,0.25794,0.25794,0.0,1,0.04059600000000001,0.04059600000000001,0.04059600000000001,0.04059600000000001,0.0,1,0.0,0.0,0.0,0.0,0.0,1,7168,128,1,16,1,4096,4,0,16,False,TORCH_SDPA_MLA,False,even,"[1, 1, 1, 1]",4,1,1,1.0,2,0.0,0.0,0.0,576,128,64,192,512,128,4,0,4,1,17,4,False,False,0,0,0,BF16,KERNEL_ONLY,generic,generic,method=fp8|act=dynamic|serialized=True|block=128x128
0.0,0.0,0.0,0.0,0.0,1,0.014316,0.014316,0.014316,0.014316,0.0,1,0.0,0.0,0.0,0.0,0.0,1,0.0,0.0,0.0,0.0,0.0,1,0.087264,0.087264,0.087264,0.087264,0.0,1,0.47699899999999973,0.47699899999999973,0.47699899999999973,0.47699899999999973,0.0,1,0.07987199999999998,0.07987199999999998,0.07987199999999998,0.07987199999999998,0.0,1,0.0,0.0,0.0,0.0,0.0,1,7168,128,1,16,1,4096,8,0,16,False,TORCH_SDPA_MLA,False,even,"[1, 1, 1, 1, 1, 1, 1, 1]",8,1,1,1.0,2,0.0,0.0,0.0,576,128,64,192,512,128,8,0,8,1,17,8,False,False,0,0,0,BF16,KERNEL_ONLY,generic,generic,method=fp8|act=dynamic|serialized=True|block=128x128
0.0,0.0,0.0,0.0,0.0,1,0.014476,0.014476,0.014476,0.014476,0.0,1,0.0,0.0,0.0,0.0,0.0,1,0.0,0.0,0.0,0.0,0.0,1,0.125856,0.125856,0.125856,0.125856,0.0,1,0.7116990000000003,0.7116990000000003,0.7116990000000003,0.7116990000000003,0.0,1,0.117628,0.117628,0.117628,0.117628,0.0,1,0.0,0.0,0.0,0.0,0.0,1,7168,128,1,16,1,4096,12,0,16,False,TORCH_SDPA_MLA,False,even,"[1, 1, 1, 1, 1, 1, 1, 1, 1, 1, 1, 1]",12,1,1,1.0,3,0.0,0.0,0.0,576,128,64,192,512,128,12,0,12,1,17,12,False,False,0,0,0,BF16,KERNEL_ONLY,generic,generic,method=fp8|act=dynamic|serialized=True|block=128x128
0.0,0.0,0.0,0.0,0.0,1,0.014036,0.014036,0.014036,0.014036,0.0,1,0.0,0.0,0.0,0.0,0.0,1,0.0,0.0,0.0,0.0,0.0,1,0.16432799999999995,0.16432799999999995,0.16432799999999995,0.16432799999999995,0.0,1,1.017,1.017,1.017,1.017,0.0,1,0.15766300000000003,0.15766300000000003,0.15766300000000003,0.15766300000000003,0.0,1,0.0,0.0,0.0,0.0,0.0,1,7168,128,1,16,1,4096,16,0,16,False,TORCH_SDPA_MLA,False,even,"[1, 1, 1, 1, 1, 1, 1, 1, 1, 1, 1, 1, 1, 1, 1, 1]",16,1,1,1.0,4,0.0,0.0,0.0,576,128,64,192,512,128,16,0,16,1,17,16,False,False,0,0,0,BF16,KERNEL_ONLY,generic,generic,method=fp8|act=dynamic|serialized=True|block=128x128
0.0,0.0,0.0,0.0,0.0,1,0.014235999999999999,0.014235999999999999,0.014235999999999999,0.014235999999999999,0.0,1,0.0,0.0,0.0,0.0,0.0,1,0.0,0.0,0.0,0.0,0.0,1,0.23847200000000005,0.23847200000000005,0.23847200000000005,0.23847200000000005,0.0,1,1.5053569999999992,1.5053569999999992,1.5053569999999992,1.5053569999999992,0.0,1,0.23797600000000002,0.23797600000000002,0.23797600000000002,0.23797600000000002,0.0,1,0.0,0.0,0.0,0.0,0.0,1,7168,128,1,16,1,4096,24,0,16,False,TORCH_SDPA_MLA,False,even,"[1, 1, 1, 1, 1, 1, 1, 1, 1, 1, 1, 1, 1, 1, 1, 1, 1, 1, 1, 1, 1, 1, 1, 1]",24,1,1,1.0,4,0.0,0.0,0.0,576,128,64,192,512,128,24,0,24,1,17,24,False,False,0,0,0,BF16,KERNEL_ONLY,generic,generic,method=fp8|act=dynamic|serialized=True|block=128x128
0.0,0.0,0.0,0.0,0.0,1,0.013996,0.013996,0.013996,0.013996,0.0,1,0.0,0.0,0.0,0.0,0.0,1,0.0,0.0,0.0,0.0,0.0,1,0.3140550000000001,0.3140550000000001,0.3140550000000001,0.3140550000000001,0.0,1,2.0652379999999964,2.0652379999999964,2.0652379999999964,2.0652379999999964,0.0,1,0.31548800000000005,0.31548800000000005,0.31548800000000005,0.31548800000000005,0.0,1,0.0,0.0,0.0,0.0,0.0,1,7168,128,1,16,1,4096,32,0,16,False,TORCH_SDPA_MLA,False,even,"[1, 1, 1, 1, 1, 1, 1, 1, 1, 1, 1, 1, 1, 1, 1, 1, 1, 1, 1, 1, 1, 1, 1, 1, 1, 1, 1, 1, 1, 1, 1, 1]",32,1,1,1.0,5,0.0,0.0,0.0,576,128,64,192,512,128,32,0,32,1,17,32,False,False,0,0,0,BF16,KERNEL_ONLY,generic,generic,method=fp8|act=dynamic|serialized=True|block=128x128
0.0,0.0,0.0,0.0,0.0,1,0.009676,0.009676,0.009676,0.009676,0.0,1,0.0,0.0,0.0,0.0,0.0,1,0.0,0.0,0.0,0.0,0.0,1,0.012798,0.012798,0.012798,0.012798,0.0,1,0.06058499999999999,0.06058499999999999,0.06058499999999999,0.06058499999999999,0.0,1,0.012079000000000001,0.012079000000000001,0.012079000000000001,0.012079000000000001,0.0,1,0.0,0.0,0.0,0.0,0.0,1,7168,128,1,16,1,4096,1,0,24,False,TORCH_SDPA_MLA,False,even,[1],1,1,1,1.0,1,0.0,0.0,0.0,576,128,64,192,512,128,1,0,1,1,25,1,False,False,0,0,0,BF16,KERNEL_ONLY,generic,generic,method=fp8|act=dynamic|serialized=True|block=128x128
0.0,0.0,0.0,0.0,0.0,1,0.010796,0.010796,0.010796,0.010796,0.0,1,0.0,0.0,0.0,0.0,0.0,1,0.0,0.0,0.0,0.0,0.0,1,0.024156,0.024156,0.024156,0.024156,0.0,1,0.12961,0.12961,0.12961,0.12961,0.0,1,0.021637999999999998,0.021637999999999998,0.021637999999999998,0.021637999999999998,0.0,1,0.0,0.0,0.0,0.0,0.0,1,7168,128,1,16,1,4096,2,0,24,False,TORCH_SDPA_MLA,False,even,"[1, 1]",2,1,1,1.0,1,0.0,0.0,0.0,576,128,64,192,512,128,2,0,2,1,25,2,False,False,0,0,0,BF16,KERNEL_ONLY,generic,generic,method=fp8|act=dynamic|serialized=True|block=128x128
0.0,0.0,0.0,0.0,0.0,1,0.011116,0.011116,0.011116,0.011116,0.0,1,0.0,0.0,0.0,0.0,0.0,1,0.0,0.0,0.0,0.0,0.0,1,0.044190999999999994,0.044190999999999994,0.044190999999999994,0.044190999999999994,0.0,1,0.2786200000000001,0.2786200000000001,0.2786200000000001,0.2786200000000001,0.0,1,0.038916,0.038916,0.038916,0.038916,0.0,1,0.0,0.0,0.0,0.0,0.0,1,7168,128,1,16,1,4096,4,0,24,False,TORCH_SDPA_MLA,False,even,"[1, 1, 1, 1]",4,1,1,1.0,2,0.0,0.0,0.0,576,128,64,192,512,128,4,0,4,1,25,4,False,False,0,0,0,BF16,KERNEL_ONLY,generic,generic,method=fp8|act=dynamic|serialized=True|block=128x128
0.0,0.0,0.0,0.0,0.0,1,0.014556,0.014556,0.014556,0.014556,0.0,1,0.0,0.0,0.0,0.0,0.0,1,0.0,0.0,0.0,0.0,0.0,1,0.08650400000000003,0.08650400000000003,0.08650400000000003,0.08650400000000003,0.0,1,0.5626799999999998,0.5626799999999998,0.5626799999999998,0.5626799999999998,0.0,1,0.080712,0.080712,0.080712,0.080712,0.0,1,0.0,0.0,0.0,0.0,0.0,1,7168,128,1,16,1,4096,8,0,24,False,TORCH_SDPA_MLA,False,even,"[1, 1, 1, 1, 1, 1, 1, 1]",8,1,1,1.0,2,0.0,0.0,0.0,576,128,64,192,512,128,8,0,8,1,25,8,False,False,0,0,0,BF16,KERNEL_ONLY,generic,generic,method=fp8|act=dynamic|serialized=True|block=128x128
0.0,0.0,0.0,0.0,0.0,1,0.014116,0.014116,0.014116,0.014116,0.0,1,0.0,0.0,0.0,0.0,0.0,1,0.0,0.0,0.0,0.0,0.0,1,0.126176,0.126176,0.126176,0.126176,0.0,1,0.8409800000000006,0.8409800000000006,0.8409800000000006,0.8409800000000006,0.0,1,0.11638799999999999,0.11638799999999999,0.11638799999999999,0.11638799999999999,0.0,1,0.0,0.0,0.0,0.0,0.0,1,7168,128,1,16,1,4096,12,0,24,False,TORCH_SDPA_MLA,False,even,"[1, 1, 1, 1, 1, 1, 1, 1, 1, 1, 1, 1]",12,1,1,1.0,3,0.0,0.0,0.0,576,128,64,192,512,128,12,0,12,1,25,12,False,False,0,0,0,BF16,KERNEL_ONLY,generic,generic,method=fp8|act=dynamic|serialized=True|block=128x128
0.0,0.0,0.0,0.0,0.0,1,0.013996,0.013996,0.013996,0.013996,0.0,1,0.0,0.0,0.0,0.0,0.0,1,0.0,0.0,0.0,0.0,0.0,1,0.160488,0.160488,0.160488,0.160488,0.0,1,1.1489600000000002,1.1489600000000002,1.1489600000000002,1.1489600000000002,0.0,1,0.159583,0.159583,0.159583,0.159583,0.0,1,0.0,0.0,0.0,0.0,0.0,1,7168,128,1,16,1,4096,16,0,24,False,TORCH_SDPA_MLA,False,even,"[1, 1, 1, 1, 1, 1, 1, 1, 1, 1, 1, 1, 1, 1, 1, 1]",16,1,1,1.0,4,0.0,0.0,0.0,576,128,64,192,512,128,16,0,16,1,25,16,False,False,0,0,0,BF16,KERNEL_ONLY,generic,generic,method=fp8|act=dynamic|serialized=True|block=128x128
0.0,0.0,0.0,0.0,0.0,1,0.014116000000000002,0.014116000000000002,0.014116000000000002,0.014116000000000002,0.0,1,0.0,0.0,0.0,0.0,0.0,1,0.0,0.0,0.0,0.0,0.0,1,0.23383199999999996,0.23383199999999996,0.23383199999999996,0.23383199999999996,0.0,1,1.700517999999999,1.700517999999999,1.700517999999999,1.700517999999999,0.0,1,0.233615,0.233615,0.233615,0.233615,0.0,1,0.0,0.0,0.0,0.0,0.0,1,7168,128,1,16,1,4096,24,0,24,False,TORCH_SDPA_MLA,False,even,"[1, 1, 1, 1, 1, 1, 1, 1, 1, 1, 1, 1, 1, 1, 1, 1, 1, 1, 1, 1, 1, 1, 1, 1]",24,1,1,1.0,4,0.0,0.0,0.0,576,128,64,192,512,128,24,0,24,1,25,24,False,False,0,0,0,BF16,KERNEL_ONLY,generic,generic,method=fp8|act=dynamic|serialized=True|block=128x128
0.0,0.0,0.0,0.0,0.0,1,0.013796,0.013796,0.013796,0.013796,0.0,1,0.0,0.0,0.0,0.0,0.0,1,0.0,0.0,0.0,0.0,0.0,1,0.323855,0.323855,0.323855,0.323855,0.0,1,2.2051170000000004,2.2051170000000004,2.2051170000000004,2.2051170000000004,0.0,1,0.31236699999999995,0.31236699999999995,0.31236699999999995,0.31236699999999995,0.0,1,0.0,0.0,0.0,0.0,0.0,1,7168,128,1,16,1,4096,32,0,24,False,TORCH_SDPA_MLA,False,even,"[1, 1, 1, 1, 1, 1, 1, 1, 1, 1, 1, 1, 1, 1, 1, 1, 1, 1, 1, 1, 1, 1, 1, 1, 1, 1, 1, 1, 1, 1, 1, 1]",32,1,1,1.0,5,0.0,0.0,0.0,576,128,64,192,512,128,32,0,32,1,25,32,False,False,0,0,0,BF16,KERNEL_ONLY,generic,generic,method=fp8|act=dynamic|serialized=True|block=128x128
0.0,0.0,0.0,0.0,0.0,1,0.009676,0.009676,0.009676,0.009676,0.0,1,0.0,0.0,0.0,0.0,0.0,1,0.0,0.0,0.0,0.0,0.0,1,0.013078,0.013078,0.013078,0.013078,0.0,1,0.06238500000000002,0.06238500000000002,0.06238500000000002,0.06238500000000002,0.0,1,0.009879,0.009879,0.009879,0.009879,0.0,1,0.0,0.0,0.0,0.0,0.0,1,7168,128,1,16,1,4096,1,0,32,False,TORCH_SDPA_MLA,False,even,[1],1,1,1,1.0,1,0.0,0.0,0.0,576,128,64,192,512,128,1,0,1,1,33,1,False,False,0,0,0,BF16,KERNEL_ONLY,generic,generic,method=fp8|act=dynamic|serialized=True|block=128x128
0.0,0.0,0.0,0.0,0.0,1,0.010196,0.010196,0.010196,0.010196,0.0,1,0.0,0.0,0.0,0.0,0.0,1,0.0,0.0,0.0,0.0,0.0,1,0.024516000000000003,0.024516000000000003,0.024516000000000003,0.024516000000000003,0.0,1,0.13865,0.13865,0.13865,0.13865,0.0,1,0.021637999999999998,0.021637999999999998,0.021637999999999998,0.021637999999999998,0.0,1,0.0,0.0,0.0,0.0,0.0,1,7168,128,1,16,1,4096,2,0,32,False,TORCH_SDPA_MLA,False,even,"[1, 1]",2,1,1,1.0,1,0.0,0.0,0.0,576,128,64,192,512,128,2,0,2,1,33,2,False,False,0,0,0,BF16,KERNEL_ONLY,generic,generic,method=fp8|act=dynamic|serialized=True|block=128x128
0.0,0.0,0.0,0.0,0.0,1,0.011355999999999998,0.011355999999999998,0.011355999999999998,0.011355999999999998,0.0,1,0.0,0.0,0.0,0.0,0.0,1,0.0,0.0,0.0,0.0,0.0,1,0.043991999999999996,0.043991999999999996,0.043991999999999996,0.043991999999999996,0.0,1,0.29165900000000006,0.29165900000000006,0.29165900000000006,0.29165900000000006,0.0,1,0.039355999999999995,0.039355999999999995,0.039355999999999995,0.039355999999999995,0.0,1,0.0,0.0,0.0,0.0,0.0,1,7168,128,1,16,1,4096,4,0,32,False,TORCH_SDPA_MLA,False,even,"[1, 1, 1, 1]",4,1,1,1.0,2,0.0,0.0,0.0,576,128,64,192,512,128,4,0,4,1,33,4,False,False,0,0,0,BF16,KERNEL_ONLY,generic,generic,method=fp8|act=dynamic|serialized=True|block=128x128
0.0,0.0,0.0,0.0,0.0,1,0.014436000000000001,0.014436000000000001,0.014436000000000001,0.014436000000000001,0.0,1,0.0,0.0,0.0,0.0,0.0,1,0.0,0.0,0.0,0.0,0.0,1,0.08538399999999999,0.08538399999999999,0.08538399999999999,0.08538399999999999,0.0,1,0.583959,0.583959,0.583959,0.583959,0.0,1,0.07803200000000002,0.07803200000000002,0.07803200000000002,0.07803200000000002,0.0,1,0.0,0.0,0.0,0.0,0.0,1,7168,128,1,16,1,4096,8,0,32,False,TORCH_SDPA_MLA,False,even,"[1, 1, 1, 1, 1, 1, 1, 1]",8,1,1,1.0,2,0.0,0.0,0.0,576,128,64,192,512,128,8,0,8,1,33,8,False,False,0,0,0,BF16,KERNEL_ONLY,generic,generic,method=fp8|act=dynamic|serialized=True|block=128x128
0.0,0.0,0.0,0.0,0.0,1,0.014196000000000002,0.014196000000000002,0.014196000000000002,0.014196000000000002,0.0,1,0.0,0.0,0.0,0.0,0.0,1,0.0,0.0,0.0,0.0,0.0,1,0.126616,0.126616,0.126616,0.126616,0.0,1,0.8884190000000002,0.8884190000000002,0.8884190000000002,0.8884190000000002,0.0,1,0.12110800000000001,0.12110800000000001,0.12110800000000001,0.12110800000000001,0.0,1,0.0,0.0,0.0,0.0,0.0,1,7168,128,1,16,1,4096,12,0,32,False,TORCH_SDPA_MLA,False,even,"[1, 1, 1, 1, 1, 1, 1, 1, 1, 1, 1, 1]",12,1,1,1.0,3,0.0,0.0,0.0,576,128,64,192,512,128,12,0,12,1,33,12,False,False,0,0,0,BF16,KERNEL_ONLY,generic,generic,method=fp8|act=dynamic|serialized=True|block=128x128
0.0,0.0,0.0,0.0,0.0,1,0.013956000000000001,0.013956000000000001,0.013956000000000001,0.013956000000000001,0.0,1,0.0,0.0,0.0,0.0,0.0,1,0.0,0.0,0.0,0.0,0.0,1,0.161888,0.161888,0.161888,0.161888,0.0,1,1.185199999999999,1.185199999999999,1.185199999999999,1.185199999999999,0.0,1,0.16026400000000002,0.16026400000000002,0.16026400000000002,0.16026400000000002,0.0,1,0.0,0.0,0.0,0.0,0.0,1,7168,128,1,16,1,4096,16,0,32,False,TORCH_SDPA_MLA,False,even,"[1, 1, 1, 1, 1, 1, 1, 1, 1, 1, 1, 1, 1, 1, 1, 1]",16,1,1,1.0,4,0.0,0.0,0.0,576,128,64,192,512,128,16,0,16,1,33,16,False,False,0,0,0,BF16,KERNEL_ONLY,generic,generic,method=fp8|act=dynamic|serialized=True|block=128x128
0.0,0.0,0.0,0.0,0.0,1,0.014476,0.014476,0.014476,0.014476,0.0,1,0.0,0.0,0.0,0.0,0.0,1,0.0,0.0,0.0,0.0,0.0,1,0.24295200000000008,0.24295200000000008,0.24295200000000008,0.24295200000000008,0.0,1,1.7817979999999993,1.7817979999999993,1.7817979999999993,1.7817979999999993,0.0,1,0.23797599999999997,0.23797599999999997,0.23797599999999997,0.23797599999999997,0.0,1,0.0,0.0,0.0,0.0,0.0,1,7168,128,1,16,1,4096,24,0,32,False,TORCH_SDPA_MLA,False,even,"[1, 1, 1, 1, 1, 1, 1, 1, 1, 1, 1, 1, 1, 1, 1, 1, 1, 1, 1, 1, 1, 1, 1, 1]",24,1,1,1.0,4,0.0,0.0,0.0,576,128,64,192,512,128,24,0,24,1,33,24,False,False,0,0,0,BF16,KERNEL_ONLY,generic,generic,method=fp8|act=dynamic|serialized=True|block=128x128
0.0,0.0,0.0,0.0,0.0,1,0.013756,0.013756,0.013756,0.013756,0.0,1,0.0,0.0,0.0,0.0,0.0,1,0.0,0.0,0.0,0.0,0.0,1,0.31721599999999994,0.31721599999999994,0.31721599999999994,0.31721599999999994,0.0,1,2.380716,2.380716,2.380716,2.380716,0.0,1,0.314408,0.314408,0.314408,0.314408,0.0,1,0.0,0.0,0.0,0.0,0.0,1,7168,128,1,16,1,4096,32,0,32,False,TORCH_SDPA_MLA,False,even,"[1, 1, 1, 1, 1, 1, 1, 1, 1, 1, 1, 1, 1, 1, 1, 1, 1, 1, 1, 1, 1, 1, 1, 1, 1, 1, 1, 1, 1, 1, 1, 1]",32,1,1,1.0,5,0.0,0.0,0.0,576,128,64,192,512,128,32,0,32,1,33,32,False,False,0,0,0,BF16,KERNEL_ONLY,generic,generic,method=fp8|act=dynamic|serialized=True|block=128x128
0.0,0.0,0.0,0.0,0.0,1,0.009956,0.009956,0.009956,0.009956,0.0,1,0.0,0.0,0.0,0.0,0.0,1,0.0,0.0,0.0,0.0,0.0,1,0.012838,0.012838,0.012838,0.012838,0.0,1,0.068105,0.068105,0.068105,0.068105,0.0,1,0.009799,0.009799,0.009799,0.009799,0.0,1,0.0,0.0,0.0,0.0,0.0,1,7168,128,1,16,1,4096,1,0,48,False,TORCH_SDPA_MLA,False,even,[1],1,1,1,1.0,1,0.0,0.0,0.0,576,128,64,192,512,128,1,0,1,1,49,1,False,False,0,0,0,BF16,KERNEL_ONLY,generic,generic,method=fp8|act=dynamic|serialized=True|block=128x128
0.0,0.0,0.0,0.0,0.0,1,0.010356,0.010356,0.010356,0.010356,0.0,1,0.0,0.0,0.0,0.0,0.0,1,0.0,0.0,0.0,0.0,0.0,1,0.024396,0.024396,0.024396,0.024396,0.0,1,0.14769,0.14769,0.14769,0.14769,0.0,1,0.021758,0.021758,0.021758,0.021758,0.0,1,0.0,0.0,0.0,0.0,0.0,1,7168,128,1,16,1,4096,2,0,48,False,TORCH_SDPA_MLA,False,even,"[1, 1]",2,1,1,1.0,1,0.0,0.0,0.0,576,128,64,192,512,128,2,0,2,1,49,2,False,False,0,0,0,BF16,KERNEL_ONLY,generic,generic,method=fp8|act=dynamic|serialized=True|block=128x128
0.0,0.0,0.0,0.0,0.0,1,0.011316,0.011316,0.011316,0.011316,0.0,1,0.0,0.0,0.0,0.0,0.0,1,0.0,0.0,0.0,0.0,0.0,1,0.044552,0.044552,0.044552,0.044552,0.0,1,0.3128600000000001,0.3128600000000001,0.3128600000000001,0.3128600000000001,0.0,1,0.041116,0.041116,0.041116,0.041116,0.0,1,0.0,0.0,0.0,0.0,0.0,1,7168,128,1,16,1,4096,4,0,48,False,TORCH_SDPA_MLA,False,even,"[1, 1, 1, 1]",4,1,1,1.0,2,0.0,0.0,0.0,576,128,64,192,512,128,4,0,4,1,49,4,False,False,0,0,0,BF16,KERNEL_ONLY,generic,generic,method=fp8|act=dynamic|serialized=True|block=128x128
0.0,0.0,0.0,0.0,0.0,1,0.014476,0.014476,0.014476,0.014476,0.0,1,0.0,0.0,0.0,0.0,0.0,1,0.0,0.0,0.0,0.0,0.0,1,0.086944,0.086944,0.086944,0.086944,0.0,1,0.6267989999999998,0.6267989999999998,0.6267989999999998,0.6267989999999998,0.0,1,0.07751199999999998,0.07751199999999998,0.07751199999999998,0.07751199999999998,0.0,1,0.0,0.0,0.0,0.0,0.0,1,7168,128,1,16,1,4096,8,0,48,False,TORCH_SDPA_MLA,False,even,"[1, 1, 1, 1, 1, 1, 1, 1]",8,1,1,1.0,2,0.0,0.0,0.0,576,128,64,192,512,128,8,0,8,1,49,8,False,False,0,0,0,BF16,KERNEL_ONLY,generic,generic,method=fp8|act=dynamic|serialized=True|block=128x128
0.0,0.0,0.0,0.0,0.0,1,0.014196,0.014196,0.014196,0.014196,0.0,1,0.0,0.0,0.0,0.0,0.0,1,0.0,0.0,0.0,0.0,0.0,1,0.129976,0.129976,0.129976,0.129976,0.0,1,0.9476999999999997,0.9476999999999997,0.9476999999999997,0.9476999999999997,0.0,1,0.12046799999999999,0.12046799999999999,0.12046799999999999,0.12046799999999999,0.0,1,0.0,0.0,0.0,0.0,0.0,1,7168,128,1,16,1,4096,12,0,48,False,TORCH_SDPA_MLA,False,even,"[1, 1, 1, 1, 1, 1, 1, 1, 1, 1, 1, 1]",12,1,1,1.0,3,0.0,0.0,0.0,576,128,64,192,512,128,12,0,12,1,49,12,False,False,0,0,0,BF16,KERNEL_ONLY,generic,generic,method=fp8|act=dynamic|serialized=True|block=128x128
0.0,0.0,0.0,0.0,0.0,1,0.014155999999999998,0.014155999999999998,0.014155999999999998,0.014155999999999998,0.0,1,0.0,0.0,0.0,0.0,0.0,1,0.0,0.0,0.0,0.0,0.0,1,0.16544700000000004,0.16544700000000004,0.16544700000000004,0.16544700000000004,0.0,1,1.258799,1.258799,1.258799,1.258799,0.0,1,0.157864,0.157864,0.157864,0.157864,0.0,1,0.0,0.0,0.0,0.0,0.0,1,7168,128,1,16,1,4096,16,0,48,False,TORCH_SDPA_MLA,False,even,"[1, 1, 1, 1, 1, 1, 1, 1, 1, 1, 1, 1, 1, 1, 1, 1]",16,1,1,1.0,4,0.0,0.0,0.0,576,128,64,192,512,128,16,0,16,1,49,16,False,False,0,0,0,BF16,KERNEL_ONLY,generic,generic,method=fp8|act=dynamic|serialized=True|block=128x128
0.0,0.0,0.0,0.0,0.0,1,0.014315999999999999,0.014315999999999999,0.014315999999999999,0.014315999999999999,0.0,1,0.0,0.0,0.0,0.0,0.0,1,0.0,0.0,0.0,0.0,0.0,1,0.2390720000000001,0.2390720000000001,0.2390720000000001,0.2390720000000001,0.0,1,1.8988760000000005,1.8988760000000005,1.8988760000000005,1.8988760000000005,0.0,1,0.23505600000000001,0.23505600000000001,0.23505600000000001,0.23505600000000001,0.0,1,0.0,0.0,0.0,0.0,0.0,1,7168,128,1,16,1,4096,24,0,48,False,TORCH_SDPA_MLA,False,even,"[1, 1, 1, 1, 1, 1, 1, 1, 1, 1, 1, 1, 1, 1, 1, 1, 1, 1, 1, 1, 1, 1, 1, 1]",24,1,1,1.0,4,0.0,0.0,0.0,576,128,64,192,512,128,24,0,24,1,49,24,False,False,0,0,0,BF16,KERNEL_ONLY,generic,generic,method=fp8|act=dynamic|serialized=True|block=128x128
0.0,0.0,0.0,0.0,0.0,1,0.013956,0.013956,0.013956,0.013956,0.0,1,0.0,0.0,0.0,0.0,0.0,1,0.0,0.0,0.0,0.0,0.0,1,0.31429599999999996,0.31429599999999996,0.31429599999999996,0.31429599999999996,0.0,1,2.5335979999999996,2.5335979999999996,2.5335979999999996,2.5335979999999996,0.0,1,0.31088799999999994,0.31088799999999994,0.31088799999999994,0.31088799999999994,0.0,1,0.0,0.0,0.0,0.0,0.0,1,7168,128,1,16,1,4096,32,0,48,False,TORCH_SDPA_MLA,False,even,"[1, 1, 1, 1, 1, 1, 1, 1, 1, 1, 1, 1, 1, 1, 1, 1, 1, 1, 1, 1, 1, 1, 1, 1, 1, 1, 1, 1, 1, 1, 1, 1]",32,1,1,1.0,5,0.0,0.0,0.0,576,128,64,192,512,128,32,0,32,1,49,32,False,False,0,0,0,BF16,KERNEL_ONLY,generic,generic,method=fp8|act=dynamic|serialized=True|block=128x128
0.0,0.0,0.0,0.0,0.0,1,0.009555999999999999,0.009555999999999999,0.009555999999999999,0.009555999999999999,0.0,1,0.0,0.0,0.0,0.0,0.0,1,0.0,0.0,0.0,0.0,0.0,1,0.017878,0.017878,0.017878,0.017878,0.0,1,0.077465,0.077465,0.077465,0.077465,0.0,1,0.010199,0.010199,0.010199,0.010199,0.0,1,0.0,0.0,0.0,0.0,0.0,1,7168,128,1,16,1,4096,1,0,64,False,TORCH_SDPA_MLA,False,even,[1],1,1,1,1.0,1,0.0,0.0,0.0,576,128,64,192,512,128,1,0,1,1,65,1,False,False,0,0,0,BF16,KERNEL_ONLY,generic,generic,method=fp8|act=dynamic|serialized=True|block=128x128
0.0,0.0,0.0,0.0,0.0,1,0.010636,0.010636,0.010636,0.010636,0.0,1,0.0,0.0,0.0,0.0,0.0,1,0.0,0.0,0.0,0.0,0.0,1,0.025236,0.025236,0.025236,0.025236,0.0,1,0.16284999999999997,0.16284999999999997,0.16284999999999997,0.16284999999999997,0.0,1,0.021598,0.021598,0.021598,0.021598,0.0,1,0.0,0.0,0.0,0.0,0.0,1,7168,128,1,16,1,4096,2,0,64,False,TORCH_SDPA_MLA,False,even,"[1, 1]",2,1,1,1.0,1,0.0,0.0,0.0,576,128,64,192,512,128,2,0,2,1,65,2,False,False,0,0,0,BF16,KERNEL_ONLY,generic,generic,method=fp8|act=dynamic|serialized=True|block=128x128
0.0,0.0,0.0,0.0,0.0,1,0.011716,0.011716,0.011716,0.011716,0.0,1,0.0,0.0,0.0,0.0,0.0,1,0.0,0.0,0.0,0.0,0.0,1,0.043871999999999994,0.043871999999999994,0.043871999999999994,0.043871999999999994,0.0,1,0.3369400000000001,0.3369400000000001,0.3369400000000001,0.3369400000000001,0.0,1,0.041436,0.041436,0.041436,0.041436,0.0,1,0.0,0.0,0.0,0.0,0.0,1,7168,128,1,16,1,4096,4,0,64,False,TORCH_SDPA_MLA,False,even,"[1, 1, 1, 1]",4,1,1,1.0,2,0.0,0.0,0.0,576,128,64,192,512,128,4,0,4,1,65,4,False,False,0,0,0,BF16,KERNEL_ONLY,generic,generic,method=fp8|act=dynamic|serialized=True|block=128x128
0.0,0.0,0.0,0.0,0.0,1,0.015116,0.015116,0.015116,0.015116,0.0,1,0.0,0.0,0.0,0.0,0.0,1,0.0,0.0,0.0,0.0,0.0,1,0.08570400000000002,0.08570400000000002,0.08570400000000002,0.08570400000000002,0.0,1,0.6783599999999999,0.6783599999999999,0.6783599999999999,0.6783599999999999,0.0,1,0.08023200000000001,0.08023200000000001,0.08023200000000001,0.08023200000000001,0.0,1,0.0,0.0,0.0,0.0,0.0,1,7168,128,1,16,1,4096,8,0,64,False,TORCH_SDPA_MLA,False,even,"[1, 1, 1, 1, 1, 1, 1, 1]",8,1,1,1.0,2,0.0,0.0,0.0,576,128,64,192,512,128,8,0,8,1,65,8,False,False,0,0,0,BF16,KERNEL_ONLY,generic,generic,method=fp8|act=dynamic|serialized=True|block=128x128
0.0,0.0,0.0,0.0,0.0,1,0.014995999999999999,0.014995999999999999,0.014995999999999999,0.014995999999999999,0.0,1,0.0,0.0,0.0,0.0,0.0,1,0.0,0.0,0.0,0.0,0.0,1,0.12489600000000002,0.12489600000000002,0.12489600000000002,0.12489600000000002,0.0,1,1.0354189999999996,1.0354189999999996,1.0354189999999996,1.0354189999999996,0.0,1,0.11826800000000001,0.11826800000000001,0.11826800000000001,0.11826800000000001,0.0,1,0.0,0.0,0.0,0.0,0.0,1,7168,128,1,16,1,4096,12,0,64,False,TORCH_SDPA_MLA,False,even,"[1, 1, 1, 1, 1, 1, 1, 1, 1, 1, 1, 1]",12,1,1,1.0,3,0.0,0.0,0.0,576,128,64,192,512,128,12,0,12,1,65,12,False,False,0,0,0,BF16,KERNEL_ONLY,generic,generic,method=fp8|act=dynamic|serialized=True|block=128x128
0.0,0.0,0.0,0.0,0.0,1,0.013916000000000001,0.013916000000000001,0.013916000000000001,0.013916000000000001,0.0,1,0.0,0.0,0.0,0.0,0.0,1,0.0,0.0,0.0,0.0,0.0,1,0.160287,0.160287,0.160287,0.160287,0.0,1,1.3656789999999996,1.3656789999999996,1.3656789999999996,1.3656789999999996,0.0,1,0.157984,0.157984,0.157984,0.157984,0.0,1,0.0,0.0,0.0,0.0,0.0,1,7168,128,1,16,1,4096,16,0,64,False,TORCH_SDPA_MLA,False,even,"[1, 1, 1, 1, 1, 1, 1, 1, 1, 1, 1, 1, 1, 1, 1, 1]",16,1,1,1.0,4,0.0,0.0,0.0,576,128,64,192,512,128,16,0,16,1,65,16,False,False,0,0,0,BF16,KERNEL_ONLY,generic,generic,method=fp8|act=dynamic|serialized=True|block=128x128
0.0,0.0,0.0,0.0,0.0,1,0.014355999999999999,0.014355999999999999,0.014355999999999999,0.014355999999999999,0.0,1,0.0,0.0,0.0,0.0,0.0,1,0.0,0.0,0.0,0.0,0.0,1,0.23751199999999995,0.23751199999999995,0.23751199999999995,0.23751199999999995,0.0,1,2.0807569999999984,2.0807569999999984,2.0807569999999984,2.0807569999999984,0.0,1,0.231616,0.231616,0.231616,0.231616,0.0,1,0.0,0.0,0.0,0.0,0.0,1,7168,128,1,16,1,4096,24,0,64,False,TORCH_SDPA_MLA,False,even,"[1, 1, 1, 1, 1, 1, 1, 1, 1, 1, 1, 1, 1, 1, 1, 1, 1, 1, 1, 1, 1, 1, 1, 1]",24,1,1,1.0,4,0.0,0.0,0.0,576,128,64,192,512,128,24,0,24,1,65,24,False,False,0,0,0,BF16,KERNEL_ONLY,generic,generic,method=fp8|act=dynamic|serialized=True|block=128x128
0.0,0.0,0.0,0.0,0.0,1,0.014395999999999999,0.014395999999999999,0.014395999999999999,0.014395999999999999,0.0,1,0.0,0.0,0.0,0.0,0.0,1,0.0,0.0,0.0,0.0,0.0,1,0.3208949999999999,0.3208949999999999,0.3208949999999999,0.3208949999999999,0.0,1,2.7841949999999986,2.7841949999999986,2.7841949999999986,2.7841949999999986,0.0,1,0.30932699999999996,0.30932699999999996,0.30932699999999996,0.30932699999999996,0.0,1,0.0,0.0,0.0,0.0,0.0,1,7168,128,1,16,1,4096,32,0,64,False,TORCH_SDPA_MLA,False,even,"[1, 1, 1, 1, 1, 1, 1, 1, 1, 1, 1, 1, 1, 1, 1, 1, 1, 1, 1, 1, 1, 1, 1, 1, 1, 1, 1, 1, 1, 1, 1, 1]",32,1,1,1.0,5,0.0,0.0,0.0,576,128,64,192,512,128,32,0,32,1,65,32,False,False,0,0,0,BF16,KERNEL_ONLY,generic,generic,method=fp8|act=dynamic|serialized=True|block=128x128
0.0,0.0,0.0,0.0,0.0,1,0.009596,0.009596,0.009596,0.009596,0.0,1,0.0,0.0,0.0,0.0,0.0,1,0.0,0.0,0.0,0.0,0.0,1,0.018518,0.018518,0.018518,0.018518,0.0,1,0.087585,0.087585,0.087585,0.087585,0.0,1,0.010119,0.010119,0.010119,0.010119,0.0,1,0.0,0.0,0.0,0.0,0.0,1,7168,128,1,16,1,4096,1,0,96,False,TORCH_SDPA_MLA,False,even,[1],1,1,1,1.0,1,0.0,0.0,0.0,576,128,64,192,512,128,1,0,1,1,97,1,False,False,0,0,0,BF16,KERNEL_ONLY,generic,generic,method=fp8|act=dynamic|serialized=True|block=128x128
0.0,0.0,0.0,0.0,0.0,1,0.010636,0.010636,0.010636,0.010636,0.0,1,0.0,0.0,0.0,0.0,0.0,1,0.0,0.0,0.0,0.0,0.0,1,0.024716000000000002,0.024716000000000002,0.024716000000000002,0.024716000000000002,0.0,1,0.179409,0.179409,0.179409,0.179409,0.0,1,0.021918,0.021918,0.021918,0.021918,0.0,1,0.0,0.0,0.0,0.0,0.0,1,7168,128,1,16,1,4096,2,0,96,False,TORCH_SDPA_MLA,False,even,"[1, 1]",2,1,1,1.0,1,0.0,0.0,0.0,576,128,64,192,512,128,2,0,2,1,97,2,False,False,0,0,0,BF16,KERNEL_ONLY,generic,generic,method=fp8|act=dynamic|serialized=True|block=128x128
0.0,0.0,0.0,0.0,0.0,1,0.011516,0.011516,0.011516,0.011516,0.0,1,0.0,0.0,0.0,0.0,0.0,1,0.0,0.0,0.0,0.0,0.0,1,0.043871999999999994,0.043871999999999994,0.043871999999999994,0.043871999999999994,0.0,1,0.37282000000000004,0.37282000000000004,0.37282000000000004,0.37282000000000004,0.0,1,0.039155999999999996,0.039155999999999996,0.039155999999999996,0.039155999999999996,0.0,1,0.0,0.0,0.0,0.0,0.0,1,7168,128,1,16,1,4096,4,0,96,False,TORCH_SDPA_MLA,False,even,"[1, 1, 1, 1]",4,1,1,1.0,2,0.0,0.0,0.0,576,128,64,192,512,128,4,0,4,1,97,4,False,False,0,0,0,BF16,KERNEL_ONLY,generic,generic,method=fp8|act=dynamic|serialized=True|block=128x128
0.0,0.0,0.0,0.0,0.0,1,0.014556000000000001,0.014556000000000001,0.014556000000000001,0.014556000000000001,0.0,1,0.0,0.0,0.0,0.0,0.0,1,0.0,0.0,0.0,0.0,0.0,1,0.085264,0.085264,0.085264,0.085264,0.0,1,0.7535189999999998,0.7535189999999998,0.7535189999999998,0.7535189999999998,0.0,1,0.077392,0.077392,0.077392,0.077392,0.0,1,0.0,0.0,0.0,0.0,0.0,1,7168,128,1,16,1,4096,8,0,96,False,TORCH_SDPA_MLA,False,even,"[1, 1, 1, 1, 1, 1, 1, 1]",8,1,1,1.0,2,0.0,0.0,0.0,576,128,64,192,512,128,8,0,8,1,97,8,False,False,0,0,0,BF16,KERNEL_ONLY,generic,generic,method=fp8|act=dynamic|serialized=True|block=128x128
0.0,0.0,0.0,0.0,0.0,1,0.014356000000000002,0.014356000000000002,0.014356000000000002,0.014356000000000002,0.0,1,0.0,0.0,0.0,0.0,0.0,1,0.0,0.0,0.0,0.0,0.0,1,0.12665500000000002,0.12665500000000002,0.12665500000000002,0.12665500000000002,0.0,1,1.1297790000000003,1.1297790000000003,1.1297790000000003,1.1297790000000003,0.0,1,0.12082800000000002,0.12082800000000002,0.12082800000000002,0.12082800000000002,0.0,1,0.0,0.0,0.0,0.0,0.0,1,7168,128,1,16,1,4096,12,0,96,False,TORCH_SDPA_MLA,False,even,"[1, 1, 1, 1, 1, 1, 1, 1, 1, 1, 1, 1]",12,1,1,1.0,3,0.0,0.0,0.0,576,128,64,192,512,128,12,0,12,1,97,12,False,False,0,0,0,BF16,KERNEL_ONLY,generic,generic,method=fp8|act=dynamic|serialized=True|block=128x128
0.0,0.0,0.0,0.0,0.0,1,0.014235999999999999,0.014235999999999999,0.014235999999999999,0.014235999999999999,0.0,1,0.0,0.0,0.0,0.0,0.0,1,0.0,0.0,0.0,0.0,0.0,1,0.165328,0.165328,0.165328,0.165328,0.0,1,1.514918999999999,1.514918999999999,1.514918999999999,1.514918999999999,0.0,1,0.156344,0.156344,0.156344,0.156344,0.0,1,0.0,0.0,0.0,0.0,0.0,1,7168,128,1,16,1,4096,16,0,96,False,TORCH_SDPA_MLA,False,even,"[1, 1, 1, 1, 1, 1, 1, 1, 1, 1, 1, 1, 1, 1, 1, 1]",16,1,1,1.0,4,0.0,0.0,0.0,576,128,64,192,512,128,16,0,16,1,97,16,False,False,0,0,0,BF16,KERNEL_ONLY,generic,generic,method=fp8|act=dynamic|serialized=True|block=128x128
0.0,0.0,0.0,0.0,0.0,1,0.014676000000000002,0.014676000000000002,0.014676000000000002,0.014676000000000002,0.0,1,0.0,0.0,0.0,0.0,0.0,1,0.0,0.0,0.0,0.0,0.0,1,0.23803100000000005,0.23803100000000005,0.23803100000000005,0.23803100000000005,0.0,1,2.2786369999999994,2.2786369999999994,2.2786369999999994,2.2786369999999994,0.0,1,0.23269600000000001,0.23269600000000001,0.23269600000000001,0.23269600000000001,0.0,1,0.0,0.0,0.0,0.0,0.0,1,7168,128,1,16,1,4096,24,0,96,False,TORCH_SDPA_MLA,False,even,"[1, 1, 1, 1, 1, 1, 1, 1, 1, 1, 1, 1, 1, 1, 1, 1, 1, 1, 1, 1, 1, 1, 1, 1]",24,1,1,1.0,4,0.0,0.0,0.0,576,128,64,192,512,128,24,0,24,1,97,24,False,False,0,0,0,BF16,KERNEL_ONLY,generic,generic,method=fp8|act=dynamic|serialized=True|block=128x128
0.0,0.0,0.0,0.0,0.0,1,0.014035999999999998,0.014035999999999998,0.014035999999999998,0.014035999999999998,0.0,1,0.0,0.0,0.0,0.0,0.0,1,0.0,0.0,0.0,0.0,0.0,1,0.31005599999999994,0.31005599999999994,0.31005599999999994,0.31005599999999994,0.0,1,3.031435999999999,3.031435999999999,3.031435999999999,3.031435999999999,0.0,1,0.3052080000000001,0.3052080000000001,0.3052080000000001,0.3052080000000001,0.0,1,0.0,0.0,0.0,0.0,0.0,1,7168,128,1,16,1,4096,32,0,96,False,TORCH_SDPA_MLA,False,even,"[1, 1, 1, 1, 1, 1, 1, 1, 1, 1, 1, 1, 1, 1, 1, 1, 1, 1, 1, 1, 1, 1, 1, 1, 1, 1, 1, 1, 1, 1, 1, 1]",32,1,1,1.0,5,0.0,0.0,0.0,576,128,64,192,512,128,32,0,32,1,97,32,False,False,0,0,0,BF16,KERNEL_ONLY,generic,generic,method=fp8|act=dynamic|serialized=True|block=128x128
0.0,0.0,0.0,0.0,0.0,1,0.015476,0.015476,0.015476,0.015476,0.0,1,0.0,0.0,0.0,0.0,0.0,1,0.0,0.0,0.0,0.0,0.0,1,0.014957999999999999,0.014957999999999999,0.014957999999999999,0.014957999999999999,0.0,1,0.043786000000000005,0.043786000000000005,0.043786000000000005,0.043786000000000005,0.0,1,0.012239000000000002,0.012239000000000002,0.012239000000000002,0.012239000000000002,0.0,1,0.0,0.0,0.0,0.0,0.0,1,7168,128,1,16,2,4096,1,0,0,False,TORCH_SDPA_MLA,False,even,[1],1,1,1,1.0,1,0.0,0.0,0.0,576,128,64,192,512,128,1,0,1,1,1,1,False,False,0,0,0,BF16,KERNEL_ONLY,generic,generic,method=fp8|act=dynamic|serialized=True|block=128x128
0.0,0.0,0.0,0.0,0.0,1,0.011956,0.011956,0.011956,0.011956,0.0,1,0.0,0.0,0.0,0.0,0.0,1,0.0,0.0,0.0,0.0,0.0,1,0.022836000000000002,0.022836000000000002,0.022836000000000002,0.022836000000000002,0.0,1,0.08129199999999999,0.08129199999999999,0.08129199999999999,0.08129199999999999,0.0,1,0.020758,0.020758,0.020758,0.020758,0.0,1,0.0,0.0,0.0,0.0,0.0,1,7168,128,1,16,2,4096,2,0,0,False,TORCH_SDPA_MLA,False,even,"[1, 1]",2,1,1,1.0,1,0.0,0.0,0.0,576,128,64,192,512,128,2,0,2,1,1,2,False,False,0,0,0,BF16,KERNEL_ONLY,generic,generic,method=fp8|act=dynamic|serialized=True|block=128x128
0.0,0.0,0.0,0.0,0.0,1,0.011796000000000001,0.011796000000000001,0.011796000000000001,0.011796000000000001,0.0,1,0.0,0.0,0.0,0.0,0.0,1,0.0,0.0,0.0,0.0,0.0,1,0.040232,0.040232,0.040232,0.040232,0.0,1,0.15662400000000007,0.15662400000000007,0.15662400000000007,0.15662400000000007,0.0,1,0.040396,0.040396,0.040396,0.040396,0.0,1,0.0,0.0,0.0,0.0,0.0,1,7168,128,1,16,2,4096,4,0,0,False,TORCH_SDPA_MLA,False,even,"[1, 1, 1, 1]",4,1,1,1.0,2,0.0,0.0,0.0,576,128,64,192,512,128,4,0,4,1,1,4,False,False,0,0,0,BF16,KERNEL_ONLY,generic,generic,method=fp8|act=dynamic|serialized=True|block=128x128
0.0,0.0,0.0,0.0,0.0,1,0.013236,0.013236,0.013236,0.013236,0.0,1,0.0,0.0,0.0,0.0,0.0,1,0.0,0.0,0.0,0.0,0.0,1,0.07554400000000001,0.07554400000000001,0.07554400000000001,0.07554400000000001,0.0,1,0.3258880000000001,0.3258880000000001,0.3258880000000001,0.3258880000000001,0.0,1,0.079272,0.079272,0.079272,0.079272,0.0,1,0.0,0.0,0.0,0.0,0.0,1,7168,128,1,16,2,4096,8,0,0,False,TORCH_SDPA_MLA,False,even,"[1, 1, 1, 1, 1, 1, 1, 1]",8,1,1,1.0,2,0.0,0.0,0.0,576,128,64,192,512,128,8,0,8,1,1,8,False,False,0,0,0,BF16,KERNEL_ONLY,generic,generic,method=fp8|act=dynamic|serialized=True|block=128x128
0.0,0.0,0.0,0.0,0.0,1,0.013156,0.013156,0.013156,0.013156,0.0,1,0.0,0.0,0.0,0.0,0.0,1,0.0,0.0,0.0,0.0,0.0,1,0.11005600000000001,0.11005600000000001,0.11005600000000001,0.11005600000000001,0.0,1,0.47919100000000026,0.47919100000000026,0.47919100000000026,0.47919100000000026,0.0,1,0.11758800000000001,0.11758800000000001,0.11758800000000001,0.11758800000000001,0.0,1,0.0,0.0,0.0,0.0,0.0,1,7168,128,1,16,2,4096,12,0,0,False,TORCH_SDPA_MLA,False,even,"[1, 1, 1, 1, 1, 1, 1, 1, 1, 1, 1, 1]",12,1,1,1.0,3,0.0,0.0,0.0,576,128,64,192,512,128,12,0,12,1,1,12,False,False,0,0,0,BF16,KERNEL_ONLY,generic,generic,method=fp8|act=dynamic|serialized=True|block=128x128
0.0,0.0,0.0,0.0,0.0,1,0.014155999999999998,0.014155999999999998,0.014155999999999998,0.014155999999999998,0.0,1,0.0,0.0,0.0,0.0,0.0,1,0.0,0.0,0.0,0.0,0.0,1,0.14504799999999998,0.14504799999999998,0.14504799999999998,0.14504799999999998,0.0,1,0.6542949999999998,0.6542949999999998,0.6542949999999998,0.6542949999999998,0.0,1,0.15314399999999997,0.15314399999999997,0.15314399999999997,0.15314399999999997,0.0,1,0.0,0.0,0.0,0.0,0.0,1,7168,128,1,16,2,4096,16,0,0,False,TORCH_SDPA_MLA,False,even,"[1, 1, 1, 1, 1, 1, 1, 1, 1, 1, 1, 1, 1, 1, 1, 1]",16,1,1,1.0,4,0.0,0.0,0.0,576,128,64,192,512,128,16,0,16,1,1,16,False,False,0,0,0,BF16,KERNEL_ONLY,generic,generic,method=fp8|act=dynamic|serialized=True|block=128x128
0.0,0.0,0.0,0.0,0.0,1,0.014796,0.014796,0.014796,0.014796,0.0,1,0.0,0.0,0.0,0.0,0.0,1,0.0,0.0,0.0,0.0,0.0,1,0.21535200000000004,0.21535200000000004,0.21535200000000004,0.21535200000000004,0.0,1,0.9790629999999994,0.9790629999999994,0.9790629999999994,0.9790629999999994,0.0,1,0.23305599999999999,0.23305599999999999,0.23305599999999999,0.23305599999999999,0.0,1,0.0,0.0,0.0,0.0,0.0,1,7168,128,1,16,2,4096,24,0,0,False,TORCH_SDPA_MLA,False,even,"[1, 1, 1, 1, 1, 1, 1, 1, 1, 1, 1, 1, 1, 1, 1, 1, 1, 1, 1, 1, 1, 1, 1, 1]",24,1,1,1.0,4,0.0,0.0,0.0,576,128,64,192,512,128,24,0,24,1,1,24,False,False,0,0,0,BF16,KERNEL_ONLY,generic,generic,method=fp8|act=dynamic|serialized=True|block=128x128
0.0,0.0,0.0,0.0,0.0,1,0.014596,0.014596,0.014596,0.014596,0.0,1,0.0,0.0,0.0,0.0,0.0,1,0.0,0.0,0.0,0.0,0.0,1,0.29377499999999995,0.29377499999999995,0.29377499999999995,0.29377499999999995,0.0,1,1.2972709999999992,1.2972709999999992,1.2972709999999992,1.2972709999999992,0.0,1,0.315367,0.315367,0.315367,0.315367,0.0,1,0.0,0.0,0.0,0.0,0.0,1,7168,128,1,16,2,4096,32,0,0,False,TORCH_SDPA_MLA,False,even,"[1, 1, 1, 1, 1, 1, 1, 1, 1, 1, 1, 1, 1, 1, 1, 1, 1, 1, 1, 1, 1, 1, 1, 1, 1, 1, 1, 1, 1, 1, 1, 1]",32,1,1,1.0,5,0.0,0.0,0.0,576,128,64,192,512,128,32,0,32,1,1,32,False,False,0,0,0,BF16,KERNEL_ONLY,generic,generic,method=fp8|act=dynamic|serialized=True|block=128x128
0.0,0.0,0.0,0.0,0.0,1,0.012276,0.012276,0.012276,0.012276,0.0,1,0.0,0.0,0.0,0.0,0.0,1,0.0,0.0,0.0,0.0,0.0,1,0.011437999999999999,0.011437999999999999,0.011437999999999999,0.011437999999999999,0.0,1,0.044586,0.044586,0.044586,0.044586,0.0,1,0.010999,0.010999,0.010999,0.010999,0.0,1,0.0,0.0,0.0,0.0,0.0,1,7168,128,1,16,2,4096,1,0,8,False,TORCH_SDPA_MLA,False,even,[1],1,1,1,1.0,1,0.0,0.0,0.0,576,128,64,192,512,128,1,0,1,1,9,1,False,False,0,0,0,BF16,KERNEL_ONLY,generic,generic,method=fp8|act=dynamic|serialized=True|block=128x128
0.0,0.0,0.0,0.0,0.0,1,0.011516,0.011516,0.011516,0.011516,0.0,1,0.0,0.0,0.0,0.0,0.0,1,0.0,0.0,0.0,0.0,0.0,1,0.021835999999999998,0.021835999999999998,0.021835999999999998,0.021835999999999998,0.0,1,0.09565200000000003,0.09565200000000003,0.09565200000000003,0.09565200000000003,0.0,1,0.021438,0.021438,0.021438,0.021438,0.0,1,0.0,0.0,0.0,0.0,0.0,1,7168,128,1,16,2,4096,2,0,8,False,TORCH_SDPA_MLA,False,even,"[1, 1]",2,1,1,1.0,1,0.0,0.0,0.0,576,128,64,192,512,128,2,0,2,1,9,2,False,False,0,0,0,BF16,KERNEL_ONLY,generic,generic,method=fp8|act=dynamic|serialized=True|block=128x128
0.0,0.0,0.0,0.0,0.0,1,0.012236,0.012236,0.012236,0.012236,0.0,1,0.0,0.0,0.0,0.0,0.0,1,0.0,0.0,0.0,0.0,0.0,1,0.040352000000000006,0.040352000000000006,0.040352000000000006,0.040352000000000006,0.0,1,0.18546300000000002,0.18546300000000002,0.18546300000000002,0.18546300000000002,0.0,1,0.040555999999999995,0.040555999999999995,0.040555999999999995,0.040555999999999995,0.0,1,0.0,0.0,0.0,0.0,0.0,1,7168,128,1,16,2,4096,4,0,8,False,TORCH_SDPA_MLA,False,even,"[1, 1, 1, 1]",4,1,1,1.0,2,0.0,0.0,0.0,576,128,64,192,512,128,4,0,4,1,9,4,False,False,0,0,0,BF16,KERNEL_ONLY,generic,generic,method=fp8|act=dynamic|serialized=True|block=128x128
0.0,0.0,0.0,0.0,0.0,1,0.015236,0.015236,0.015236,0.015236,0.0,1,0.0,0.0,0.0,0.0,0.0,1,0.0,0.0,0.0,0.0,0.0,1,0.076864,0.076864,0.076864,0.076864,0.0,1,0.38916800000000007,0.38916800000000007,0.38916800000000007,0.38916800000000007,0.0,1,0.078152,0.078152,0.078152,0.078152,0.0,1,0.0,0.0,0.0,0.0,0.0,1,7168,128,1,16,2,4096,8,0,8,False,TORCH_SDPA_MLA,False,even,"[1, 1, 1, 1, 1, 1, 1, 1]",8,1,1,1.0,2,0.0,0.0,0.0,576,128,64,192,512,128,8,0,8,1,9,8,False,False,0,0,0,BF16,KERNEL_ONLY,generic,generic,method=fp8|act=dynamic|serialized=True|block=128x128
0.0,0.0,0.0,0.0,0.0,1,0.014716000000000002,0.014716000000000002,0.014716000000000002,0.014716000000000002,0.0,1,0.0,0.0,0.0,0.0,0.0,1,0.0,0.0,0.0,0.0,0.0,1,0.11033600000000002,0.11033600000000002,0.11033600000000002,0.11033600000000002,0.0,1,0.5635920000000002,0.5635920000000002,0.5635920000000002,0.5635920000000002,0.0,1,0.11854700000000001,0.11854700000000001,0.11854700000000001,0.11854700000000001,0.0,1,0.0,0.0,0.0,0.0,0.0,1,7168,128,1,16,2,4096,12,0,8,False,TORCH_SDPA_MLA,False,even,"[1, 1, 1, 1, 1, 1, 1, 1, 1, 1, 1, 1]",12,1,1,1.0,3,0.0,0.0,0.0,576,128,64,192,512,128,12,0,12,1,9,12,False,False,0,0,0,BF16,KERNEL_ONLY,generic,generic,method=fp8|act=dynamic|serialized=True|block=128x128
0.0,0.0,0.0,0.0,0.0,1,0.014036000000000002,0.014036000000000002,0.014036000000000002,0.014036000000000002,0.0,1,0.0,0.0,0.0,0.0,0.0,1,0.0,0.0,0.0,0.0,0.0,1,0.14612799999999995,0.14612799999999995,0.14612799999999995,0.14612799999999995,0.0,1,0.776016,0.776016,0.776016,0.776016,0.0,1,0.155104,0.155104,0.155104,0.155104,0.0,1,0.0,0.0,0.0,0.0,0.0,1,7168,128,1,16,2,4096,16,0,8,False,TORCH_SDPA_MLA,False,even,"[1, 1, 1, 1, 1, 1, 1, 1, 1, 1, 1, 1, 1, 1, 1, 1]",16,1,1,1.0,4,0.0,0.0,0.0,576,128,64,192,512,128,16,0,16,1,9,16,False,False,0,0,0,BF16,KERNEL_ONLY,generic,generic,method=fp8|act=dynamic|serialized=True|block=128x128
0.0,0.0,0.0,0.0,0.0,1,0.015436,0.015436,0.015436,0.015436,0.0,1,0.0,0.0,0.0,0.0,0.0,1,0.0,0.0,0.0,0.0,0.0,1,0.21363200000000002,0.21363200000000002,0.21363200000000002,0.21363200000000002,0.0,1,1.1674629999999995,1.1674629999999995,1.1674629999999995,1.1674629999999995,0.0,1,0.234216,0.234216,0.234216,0.234216,0.0,1,0.0,0.0,0.0,0.0,0.0,1,7168,128,1,16,2,4096,24,0,8,False,TORCH_SDPA_MLA,False,even,"[1, 1, 1, 1, 1, 1, 1, 1, 1, 1, 1, 1, 1, 1, 1, 1, 1, 1, 1, 1, 1, 1, 1, 1]",24,1,1,1.0,4,0.0,0.0,0.0,576,128,64,192,512,128,24,0,24,1,9,24,False,False,0,0,0,BF16,KERNEL_ONLY,generic,generic,method=fp8|act=dynamic|serialized=True|block=128x128
0.0,0.0,0.0,0.0,0.0,1,0.014316,0.014316,0.014316,0.014316,0.0,1,0.0,0.0,0.0,0.0,0.0,1,0.0,0.0,0.0,0.0,0.0,1,0.28085599999999994,0.28085599999999994,0.28085599999999994,0.28085599999999994,0.0,1,1.5453899999999992,1.5453899999999992,1.5453899999999992,1.5453899999999992,0.0,1,0.31256800000000007,0.31256800000000007,0.31256800000000007,0.31256800000000007,0.0,1,0.0,0.0,0.0,0.0,0.0,1,7168,128,1,16,2,4096,32,0,8,False,TORCH_SDPA_MLA,False,even,"[1, 1, 1, 1, 1, 1, 1, 1, 1, 1, 1, 1, 1, 1, 1, 1, 1, 1, 1, 1, 1, 1, 1, 1, 1, 1, 1, 1, 1, 1, 1, 1]",32,1,1,1.0,5,0.0,0.0,0.0,576,128,64,192,512,128,32,0,32,1,9,32,False,False,0,0,0,BF16,KERNEL_ONLY,generic,generic,method=fp8|act=dynamic|serialized=True|block=128x128
0.0,0.0,0.0,0.0,0.0,1,0.009476,0.009476,0.009476,0.009476,0.0,1,0.0,0.0,0.0,0.0,0.0,1,0.0,0.0,0.0,0.0,0.0,1,0.011838000000000001,0.011838000000000001,0.011838000000000001,0.011838000000000001,0.0,1,0.053305000000000005,0.053305000000000005,0.053305000000000005,0.053305000000000005,0.0,1,0.009919,0.009919,0.009919,0.009919,0.0,1,0.0,0.0,0.0,0.0,0.0,1,7168,128,1,16,2,4096,1,0,16,False,TORCH_SDPA_MLA,False,even,[1],1,1,1,1.0,1,0.0,0.0,0.0,576,128,64,192,512,128,1,0,1,1,17,1,False,False,0,0,0,BF16,KERNEL_ONLY,generic,generic,method=fp8|act=dynamic|serialized=True|block=128x128
0.0,0.0,0.0,0.0,0.0,1,0.010876000000000002,0.010876000000000002,0.010876000000000002,0.010876000000000002,0.0,1,0.0,0.0,0.0,0.0,0.0,1,0.0,0.0,0.0,0.0,0.0,1,0.021756,0.021756,0.021756,0.021756,0.0,1,0.11001,0.11001,0.11001,0.11001,0.0,1,0.021158000000000003,0.021158000000000003,0.021158000000000003,0.021158000000000003,0.0,1,0.0,0.0,0.0,0.0,0.0,1,7168,128,1,16,2,4096,2,0,16,False,TORCH_SDPA_MLA,False,even,"[1, 1]",2,1,1,1.0,1,0.0,0.0,0.0,576,128,64,192,512,128,2,0,2,1,17,2,False,False,0,0,0,BF16,KERNEL_ONLY,generic,generic,method=fp8|act=dynamic|serialized=True|block=128x128
0.0,0.0,0.0,0.0,0.0,1,0.012596,0.012596,0.012596,0.012596,0.0,1,0.0,0.0,0.0,0.0,0.0,1,0.0,0.0,0.0,0.0,0.0,1,0.039952,0.039952,0.039952,0.039952,0.0,1,0.22533900000000007,0.22533900000000007,0.22533900000000007,0.22533900000000007,0.0,1,0.03923600000000001,0.03923600000000001,0.03923600000000001,0.03923600000000001,0.0,1,0.0,0.0,0.0,0.0,0.0,1,7168,128,1,16,2,4096,4,0,16,False,TORCH_SDPA_MLA,False,even,"[1, 1, 1, 1]",4,1,1,1.0,2,0.0,0.0,0.0,576,128,64,192,512,128,4,0,4,1,17,4,False,False,0,0,0,BF16,KERNEL_ONLY,generic,generic,method=fp8|act=dynamic|serialized=True|block=128x128
0.0,0.0,0.0,0.0,0.0,1,0.015195999999999998,0.015195999999999998,0.015195999999999998,0.015195999999999998,0.0,1,0.0,0.0,0.0,0.0,0.0,1,0.0,0.0,0.0,0.0,0.0,1,0.07842400000000001,0.07842400000000001,0.07842400000000001,0.07842400000000001,0.0,1,0.4290799999999999,0.4290799999999999,0.4290799999999999,0.4290799999999999,0.0,1,0.07935199999999999,0.07935199999999999,0.07935199999999999,0.07935199999999999,0.0,1,0.0,0.0,0.0,0.0,0.0,1,7168,128,1,16,2,4096,8,0,16,False,TORCH_SDPA_MLA,False,even,"[1, 1, 1, 1, 1, 1, 1, 1]",8,1,1,1.0,2,0.0,0.0,0.0,576,128,64,192,512,128,8,0,8,1,17,8,False,False,0,0,0,BF16,KERNEL_ONLY,generic,generic,method=fp8|act=dynamic|serialized=True|block=128x128
0.0,0.0,0.0,0.0,0.0,1,0.015036000000000002,0.015036000000000002,0.015036000000000002,0.015036000000000002,0.0,1,0.0,0.0,0.0,0.0,0.0,1,0.0,0.0,0.0,0.0,0.0,1,0.10977500000000001,0.10977500000000001,0.10977500000000001,0.10977500000000001,0.0,1,0.643179,0.643179,0.643179,0.643179,0.0,1,0.117828,0.117828,0.117828,0.117828,0.0,1,0.0,0.0,0.0,0.0,0.0,1,7168,128,1,16,2,4096,12,0,16,False,TORCH_SDPA_MLA,False,even,"[1, 1, 1, 1, 1, 1, 1, 1, 1, 1, 1, 1]",12,1,1,1.0,3,0.0,0.0,0.0,576,128,64,192,512,128,12,0,12,1,17,12,False,False,0,0,0,BF16,KERNEL_ONLY,generic,generic,method=fp8|act=dynamic|serialized=True|block=128x128
0.0,0.0,0.0,0.0,0.0,1,0.013675000000000001,0.013675000000000001,0.013675000000000001,0.013675000000000001,0.0,1,0.0,0.0,0.0,0.0,0.0,1,0.0,0.0,0.0,0.0,0.0,1,0.14984799999999998,0.14984799999999998,0.14984799999999998,0.14984799999999998,0.0,1,0.8850400000000002,0.8850400000000002,0.8850400000000002,0.8850400000000002,0.0,1,0.154064,0.154064,0.154064,0.154064,0.0,1,0.0,0.0,0.0,0.0,0.0,1,7168,128,1,16,2,4096,16,0,16,False,TORCH_SDPA_MLA,False,even,"[1, 1, 1, 1, 1, 1, 1, 1, 1, 1, 1, 1, 1, 1, 1, 1]",16,1,1,1.0,4,0.0,0.0,0.0,576,128,64,192,512,128,16,0,16,1,17,16,False,False,0,0,0,BF16,KERNEL_ONLY,generic,generic,method=fp8|act=dynamic|serialized=True|block=128x128
0.0,0.0,0.0,0.0,0.0,1,0.014836,0.014836,0.014836,0.014836,0.0,1,0.0,0.0,0.0,0.0,0.0,1,0.0,0.0,0.0,0.0,0.0,1,0.21467199999999997,0.21467199999999997,0.21467199999999997,0.21467199999999997,0.0,1,1.3315990000000006,1.3315990000000006,1.3315990000000006,1.3315990000000006,0.0,1,0.233455,0.233455,0.233455,0.233455,0.0,1,0.0,0.0,0.0,0.0,0.0,1,7168,128,1,16,2,4096,24,0,16,False,TORCH_SDPA_MLA,False,even,"[1, 1, 1, 1, 1, 1, 1, 1, 1, 1, 1, 1, 1, 1, 1, 1, 1, 1, 1, 1, 1, 1, 1, 1]",24,1,1,1.0,4,0.0,0.0,0.0,576,128,64,192,512,128,24,0,24,1,17,24,False,False,0,0,0,BF16,KERNEL_ONLY,generic,generic,method=fp8|act=dynamic|serialized=True|block=128x128
0.0,0.0,0.0,0.0,0.0,1,0.014716000000000002,0.014716000000000002,0.014716000000000002,0.014716000000000002,0.0,1,0.0,0.0,0.0,0.0,0.0,1,0.0,0.0,0.0,0.0,0.0,1,0.28313600000000005,0.28313600000000005,0.28313600000000005,0.28313600000000005,0.0,1,1.782837999999999,1.782837999999999,1.782837999999999,1.782837999999999,0.0,1,0.30828799999999995,0.30828799999999995,0.30828799999999995,0.30828799999999995,0.0,1,0.0,0.0,0.0,0.0,0.0,1,7168,128,1,16,2,4096,32,0,16,False,TORCH_SDPA_MLA,False,even,"[1, 1, 1, 1, 1, 1, 1, 1, 1, 1, 1, 1, 1, 1, 1, 1, 1, 1, 1, 1, 1, 1, 1, 1, 1, 1, 1, 1, 1, 1, 1, 1]",32,1,1,1.0,5,0.0,0.0,0.0,576,128,64,192,512,128,32,0,32,1,17,32,False,False,0,0,0,BF16,KERNEL_ONLY,generic,generic,method=fp8|act=dynamic|serialized=True|block=128x128
0.0,0.0,0.0,0.0,0.0,1,0.010796,0.010796,0.010796,0.010796,0.0,1,0.0,0.0,0.0,0.0,0.0,1,0.0,0.0,0.0,0.0,0.0,1,0.011597999999999999,0.011597999999999999,0.011597999999999999,0.011597999999999999,0.0,1,0.055305,0.055305,0.055305,0.055305,0.0,1,0.009879,0.009879,0.009879,0.009879,0.0,1,0.0,0.0,0.0,0.0,0.0,1,7168,128,1,16,2,4096,1,0,24,False,TORCH_SDPA_MLA,False,even,[1],1,1,1,1.0,1,0.0,0.0,0.0,576,128,64,192,512,128,1,0,1,1,25,1,False,False,0,0,0,BF16,KERNEL_ONLY,generic,generic,method=fp8|act=dynamic|serialized=True|block=128x128
0.0,0.0,0.0,0.0,0.0,1,0.011076,0.011076,0.011076,0.011076,0.0,1,0.0,0.0,0.0,0.0,0.0,1,0.0,0.0,0.0,0.0,0.0,1,0.021356,0.021356,0.021356,0.021356,0.0,1,0.10640999999999999,0.10640999999999999,0.10640999999999999,0.10640999999999999,0.0,1,0.021558,0.021558,0.021558,0.021558,0.0,1,0.0,0.0,0.0,0.0,0.0,1,7168,128,1,16,2,4096,2,0,24,False,TORCH_SDPA_MLA,False,even,"[1, 1]",2,1,1,1.0,1,0.0,0.0,0.0,576,128,64,192,512,128,2,0,2,1,25,2,False,False,0,0,0,BF16,KERNEL_ONLY,generic,generic,method=fp8|act=dynamic|serialized=True|block=128x128
0.0,0.0,0.0,0.0,0.0,1,0.012156,0.012156,0.012156,0.012156,0.0,1,0.0,0.0,0.0,0.0,0.0,1,0.0,0.0,0.0,0.0,0.0,1,0.040712,0.040712,0.040712,0.040712,0.0,1,0.22893999999999995,0.22893999999999995,0.22893999999999995,0.22893999999999995,0.0,1,0.040355999999999996,0.040355999999999996,0.040355999999999996,0.040355999999999996,0.0,1,0.0,0.0,0.0,0.0,0.0,1,7168,128,1,16,2,4096,4,0,24,False,TORCH_SDPA_MLA,False,even,"[1, 1, 1, 1]",4,1,1,1.0,2,0.0,0.0,0.0,576,128,64,192,512,128,4,0,4,1,25,4,False,False,0,0,0,BF16,KERNEL_ONLY,generic,generic,method=fp8|act=dynamic|serialized=True|block=128x128
0.0,0.0,0.0,0.0,0.0,1,0.015356000000000002,0.015356000000000002,0.015356000000000002,0.015356000000000002,0.0,1,0.0,0.0,0.0,0.0,0.0,1,0.0,0.0,0.0,0.0,0.0,1,0.076504,0.076504,0.076504,0.076504,0.0,1,0.465919,0.465919,0.465919,0.465919,0.0,1,0.078712,0.078712,0.078712,0.078712,0.0,1,0.0,0.0,0.0,0.0,0.0,1,7168,128,1,16,2,4096,8,0,24,False,TORCH_SDPA_MLA,False,even,"[1, 1, 1, 1, 1, 1, 1, 1]",8,1,1,1.0,2,0.0,0.0,0.0,576,128,64,192,512,128,8,0,8,1,25,8,False,False,0,0,0,BF16,KERNEL_ONLY,generic,generic,method=fp8|act=dynamic|serialized=True|block=128x128
0.0,0.0,0.0,0.0,0.0,1,0.014556000000000001,0.014556000000000001,0.014556000000000001,0.014556000000000001,0.0,1,0.0,0.0,0.0,0.0,0.0,1,0.0,0.0,0.0,0.0,0.0,1,0.10837599999999999,0.10837599999999999,0.10837599999999999,0.10837599999999999,0.0,1,0.699539,0.699539,0.699539,0.699539,0.0,1,0.11782799999999999,0.11782799999999999,0.11782799999999999,0.11782799999999999,0.0,1,0.0,0.0,0.0,0.0,0.0,1,7168,128,1,16,2,4096,12,0,24,False,TORCH_SDPA_MLA,False,even,"[1, 1, 1, 1, 1, 1, 1, 1, 1, 1, 1, 1]",12,1,1,1.0,3,0.0,0.0,0.0,576,128,64,192,512,128,12,0,12,1,25,12,False,False,0,0,0,BF16,KERNEL_ONLY,generic,generic,method=fp8|act=dynamic|serialized=True|block=128x128
0.0,0.0,0.0,0.0,0.0,1,0.013676,0.013676,0.013676,0.013676,0.0,1,0.0,0.0,0.0,0.0,0.0,1,0.0,0.0,0.0,0.0,0.0,1,0.14424800000000002,0.14424800000000002,0.14424800000000002,0.14424800000000002,0.0,1,0.9597589999999999,0.9597589999999999,0.9597589999999999,0.9597589999999999,0.0,1,0.154703,0.154703,0.154703,0.154703,0.0,1,0.0,0.0,0.0,0.0,0.0,1,7168,128,1,16,2,4096,16,0,24,False,TORCH_SDPA_MLA,False,even,"[1, 1, 1, 1, 1, 1, 1, 1, 1, 1, 1, 1, 1, 1, 1, 1]",16,1,1,1.0,4,0.0,0.0,0.0,576,128,64,192,512,128,16,0,16,1,25,16,False,False,0,0,0,BF16,KERNEL_ONLY,generic,generic,method=fp8|act=dynamic|serialized=True|block=128x128
0.0,0.0,0.0,0.0,0.0,1,0.015196,0.015196,0.015196,0.015196,0.0,1,0.0,0.0,0.0,0.0,0.0,1,0.0,0.0,0.0,0.0,0.0,1,0.212711,0.212711,0.212711,0.212711,0.0,1,1.4301970000000008,1.4301970000000008,1.4301970000000008,1.4301970000000008,0.0,1,0.23505500000000004,0.23505500000000004,0.23505500000000004,0.23505500000000004,0.0,1,0.0,0.0,0.0,0.0,0.0,1,7168,128,1,16,2,4096,24,0,24,False,TORCH_SDPA_MLA,False,even,"[1, 1, 1, 1, 1, 1, 1, 1, 1, 1, 1, 1, 1, 1, 1, 1, 1, 1, 1, 1, 1, 1, 1, 1]",24,1,1,1.0,4,0.0,0.0,0.0,576,128,64,192,512,128,24,0,24,1,25,24,False,False,0,0,0,BF16,KERNEL_ONLY,generic,generic,method=fp8|act=dynamic|serialized=True|block=128x128
0.0,0.0,0.0,0.0,0.0,1,0.014636,0.014636,0.014636,0.014636,0.0,1,0.0,0.0,0.0,0.0,0.0,1,0.0,0.0,0.0,0.0,0.0,1,0.29649599999999987,0.29649599999999987,0.29649599999999987,0.29649599999999987,0.0,1,1.744398999999998,1.744398999999998,1.744398999999998,1.744398999999998,0.0,1,0.307088,0.307088,0.307088,0.307088,0.0,1,0.0,0.0,0.0,0.0,0.0,1,7168,128,1,16,2,4096,32,0,24,False,TORCH_SDPA_MLA,False,even,"[1, 1, 1, 1, 1, 1, 1, 1, 1, 1, 1, 1, 1, 1, 1, 1, 1, 1, 1, 1, 1, 1, 1, 1, 1, 1, 1, 1, 1, 1, 1, 1]",32,1,1,1.0,5,0.0,0.0,0.0,576,128,64,192,512,128,32,0,32,1,25,32,False,False,0,0,0,BF16,KERNEL_ONLY,generic,generic,method=fp8|act=dynamic|serialized=True|block=128x128
0.0,0.0,0.0,0.0,0.0,1,0.011236000000000001,0.011236000000000001,0.011236000000000001,0.011236000000000001,0.0,1,0.0,0.0,0.0,0.0,0.0,1,0.0,0.0,0.0,0.0,0.0,1,0.011798,0.011798,0.011798,0.011798,0.0,1,0.05810400000000001,0.05810400000000001,0.05810400000000001,0.05810400000000001,0.0,1,0.009999000000000001,0.009999000000000001,0.009999000000000001,0.009999000000000001,0.0,1,0.0,0.0,0.0,0.0,0.0,1,7168,128,1,16,2,4096,1,0,32,False,TORCH_SDPA_MLA,False,even,[1],1,1,1,1.0,1,0.0,0.0,0.0,576,128,64,192,512,128,1,0,1,1,33,1,False,False,0,0,0,BF16,KERNEL_ONLY,generic,generic,method=fp8|act=dynamic|serialized=True|block=128x128
0.0,0.0,0.0,0.0,0.0,1,0.011116,0.011116,0.011116,0.011116,0.0,1,0.0,0.0,0.0,0.0,0.0,1,0.0,0.0,0.0,0.0,0.0,1,0.021756,0.021756,0.021756,0.021756,0.0,1,0.12268999999999997,0.12268999999999997,0.12268999999999997,0.12268999999999997,0.0,1,0.021598,0.021598,0.021598,0.021598,0.0,1,0.0,0.0,0.0,0.0,0.0,1,7168,128,1,16,2,4096,2,0,32,False,TORCH_SDPA_MLA,False,even,"[1, 1]",2,1,1,1.0,1,0.0,0.0,0.0,576,128,64,192,512,128,2,0,2,1,33,2,False,False,0,0,0,BF16,KERNEL_ONLY,generic,generic,method=fp8|act=dynamic|serialized=True|block=128x128
0.0,0.0,0.0,0.0,0.0,1,0.012116,0.012116,0.012116,0.012116,0.0,1,0.0,0.0,0.0,0.0,0.0,1,0.0,0.0,0.0,0.0,0.0,1,0.040672,0.040672,0.040672,0.040672,0.0,1,0.25102,0.25102,0.25102,0.25102,0.0,1,0.041235999999999995,0.041235999999999995,0.041235999999999995,0.041235999999999995,0.0,1,0.0,0.0,0.0,0.0,0.0,1,7168,128,1,16,2,4096,4,0,32,False,TORCH_SDPA_MLA,False,even,"[1, 1, 1, 1]",4,1,1,1.0,2,0.0,0.0,0.0,576,128,64,192,512,128,4,0,4,1,33,4,False,False,0,0,0,BF16,KERNEL_ONLY,generic,generic,method=fp8|act=dynamic|serialized=True|block=128x128
0.0,0.0,0.0,0.0,0.0,1,0.014756,0.014756,0.014756,0.014756,0.0,1,0.0,0.0,0.0,0.0,0.0,1,0.0,0.0,0.0,0.0,0.0,1,0.07534300000000001,0.07534300000000001,0.07534300000000001,0.07534300000000001,0.0,1,0.5056399999999999,0.5056399999999999,0.5056399999999999,0.5056399999999999,0.0,1,0.07747200000000001,0.07747200000000001,0.07747200000000001,0.07747200000000001,0.0,1,0.0,0.0,0.0,0.0,0.0,1,7168,128,1,16,2,4096,8,0,32,False,TORCH_SDPA_MLA,False,even,"[1, 1, 1, 1, 1, 1, 1, 1]",8,1,1,1.0,2,0.0,0.0,0.0,576,128,64,192,512,128,8,0,8,1,33,8,False,False,0,0,0,BF16,KERNEL_ONLY,generic,generic,method=fp8|act=dynamic|serialized=True|block=128x128
0.0,0.0,0.0,0.0,0.0,1,0.021236,0.021236,0.021236,0.021236,0.0,1,0.0,0.0,0.0,0.0,0.0,1,0.0,0.0,0.0,0.0,0.0,1,0.109616,0.109616,0.109616,0.109616,0.0,1,0.7610180000000001,0.7610180000000001,0.7610180000000001,0.7610180000000001,0.0,1,0.11806800000000003,0.11806800000000003,0.11806800000000003,0.11806800000000003,0.0,1,0.0,0.0,0.0,0.0,0.0,1,7168,128,1,16,2,4096,12,0,32,False,TORCH_SDPA_MLA,False,even,"[1, 1, 1, 1, 1, 1, 1, 1, 1, 1, 1, 1]",12,1,1,1.0,3,0.0,0.0,0.0,576,128,64,192,512,128,12,0,12,1,33,12,False,False,0,0,0,BF16,KERNEL_ONLY,generic,generic,method=fp8|act=dynamic|serialized=True|block=128x128
0.0,0.0,0.0,0.0,0.0,1,0.013635999999999999,0.013635999999999999,0.013635999999999999,0.013635999999999999,0.0,1,0.0,0.0,0.0,0.0,0.0,1,0.0,0.0,0.0,0.0,0.0,1,0.145928,0.145928,0.145928,0.145928,0.0,1,1.0015580000000006,1.0015580000000006,1.0015580000000006,1.0015580000000006,0.0,1,0.155104,0.155104,0.155104,0.155104,0.0,1,0.0,0.0,0.0,0.0,0.0,1,7168,128,1,16,2,4096,16,0,32,False,TORCH_SDPA_MLA,False,even,"[1, 1, 1, 1, 1, 1, 1, 1, 1, 1, 1, 1, 1, 1, 1, 1]",16,1,1,1.0,4,0.0,0.0,0.0,576,128,64,192,512,128,16,0,16,1,33,16,False,False,0,0,0,BF16,KERNEL_ONLY,generic,generic,method=fp8|act=dynamic|serialized=True|block=128x128
0.0,0.0,0.0,0.0,0.0,1,0.014956,0.014956,0.014956,0.014956,0.0,1,0.0,0.0,0.0,0.0,0.0,1,0.0,0.0,0.0,0.0,0.0,1,0.21215199999999995,0.21215199999999995,0.21215199999999995,0.21215199999999995,0.0,1,1.5318759999999996,1.5318759999999996,1.5318759999999996,1.5318759999999996,0.0,1,0.233376,0.233376,0.233376,0.233376,0.0,1,0.0,0.0,0.0,0.0,0.0,1,7168,128,1,16,2,4096,24,0,32,False,TORCH_SDPA_MLA,False,even,"[1, 1, 1, 1, 1, 1, 1, 1, 1, 1, 1, 1, 1, 1, 1, 1, 1, 1, 1, 1, 1, 1, 1, 1]",24,1,1,1.0,4,0.0,0.0,0.0,576,128,64,192,512,128,24,0,24,1,33,24,False,False,0,0,0,BF16,KERNEL_ONLY,generic,generic,method=fp8|act=dynamic|serialized=True|block=128x128
0.0,0.0,0.0,0.0,0.0,1,0.014396,0.014396,0.014396,0.014396,0.0,1,0.0,0.0,0.0,0.0,0.0,1,0.0,0.0,0.0,0.0,0.0,1,0.28357600000000005,0.28357600000000005,0.28357600000000005,0.28357600000000005,0.0,1,2.038435999999997,2.038435999999997,2.038435999999997,2.038435999999997,0.0,1,0.308008,0.308008,0.308008,0.308008,0.0,1,0.0,0.0,0.0,0.0,0.0,1,7168,128,1,16,2,4096,32,0,32,False,TORCH_SDPA_MLA,False,even,"[1, 1, 1, 1, 1, 1, 1, 1, 1, 1, 1, 1, 1, 1, 1, 1, 1, 1, 1, 1, 1, 1, 1, 1, 1, 1, 1, 1, 1, 1, 1, 1]",32,1,1,1.0,5,0.0,0.0,0.0,576,128,64,192,512,128,32,0,32,1,33,32,False,False,0,0,0,BF16,KERNEL_ONLY,generic,generic,method=fp8|act=dynamic|serialized=True|block=128x128
0.0,0.0,0.0,0.0,0.0,1,0.011036,0.011036,0.011036,0.011036,0.0,1,0.0,0.0,0.0,0.0,0.0,1,0.0,0.0,0.0,0.0,0.0,1,0.011597999999999999,0.011597999999999999,0.011597999999999999,0.011597999999999999,0.0,1,0.065505,0.065505,0.065505,0.065505,0.0,1,0.010159000000000001,0.010159000000000001,0.010159000000000001,0.010159000000000001,0.0,1,0.0,0.0,0.0,0.0,0.0,1,7168,128,1,16,2,4096,1,0,48,False,TORCH_SDPA_MLA,False,even,[1],1,1,1,1.0,1,0.0,0.0,0.0,576,128,64,192,512,128,1,0,1,1,49,1,False,False,0,0,0,BF16,KERNEL_ONLY,generic,generic,method=fp8|act=dynamic|serialized=True|block=128x128
0.0,0.0,0.0,0.0,0.0,1,0.010915,0.010915,0.010915,0.010915,0.0,1,0.0,0.0,0.0,0.0,0.0,1,0.0,0.0,0.0,0.0,0.0,1,0.021996,0.021996,0.021996,0.021996,0.0,1,0.13609,0.13609,0.13609,0.13609,0.0,1,0.021558,0.021558,0.021558,0.021558,0.0,1,0.0,0.0,0.0,0.0,0.0,1,7168,128,1,16,2,4096,2,0,48,False,TORCH_SDPA_MLA,False,even,"[1, 1]",2,1,1,1.0,1,0.0,0.0,0.0,576,128,64,192,512,128,2,0,2,1,49,2,False,False,0,0,0,BF16,KERNEL_ONLY,generic,generic,method=fp8|act=dynamic|serialized=True|block=128x128
0.0,0.0,0.0,0.0,0.0,1,0.012276,0.012276,0.012276,0.012276,0.0,1,0.0,0.0,0.0,0.0,0.0,1,0.0,0.0,0.0,0.0,0.0,1,0.040552,0.040552,0.040552,0.040552,0.0,1,0.27241899999999997,0.27241899999999997,0.27241899999999997,0.27241899999999997,0.0,1,0.039436000000000006,0.039436000000000006,0.039436000000000006,0.039436000000000006,0.0,1,0.0,0.0,0.0,0.0,0.0,1,7168,128,1,16,2,4096,4,0,48,False,TORCH_SDPA_MLA,False,even,"[1, 1, 1, 1]",4,1,1,1.0,2,0.0,0.0,0.0,576,128,64,192,512,128,4,0,4,1,49,4,False,False,0,0,0,BF16,KERNEL_ONLY,generic,generic,method=fp8|act=dynamic|serialized=True|block=128x128
0.0,0.0,0.0,0.0,0.0,1,0.014796,0.014796,0.014796,0.014796,0.0,1,0.0,0.0,0.0,0.0,0.0,1,0.0,0.0,0.0,0.0,0.0,1,0.078384,0.078384,0.078384,0.078384,0.0,1,0.5474800000000002,0.5474800000000002,0.5474800000000002,0.5474800000000002,0.0,1,0.07987200000000001,0.07987200000000001,0.07987200000000001,0.07987200000000001,0.0,1,0.0,0.0,0.0,0.0,0.0,1,7168,128,1,16,2,4096,8,0,48,False,TORCH_SDPA_MLA,False,even,"[1, 1, 1, 1, 1, 1, 1, 1]",8,1,1,1.0,2,0.0,0.0,0.0,576,128,64,192,512,128,8,0,8,1,49,8,False,False,0,0,0,BF16,KERNEL_ONLY,generic,generic,method=fp8|act=dynamic|serialized=True|block=128x128
0.0,0.0,0.0,0.0,0.0,1,0.014396,0.014396,0.014396,0.014396,0.0,1,0.0,0.0,0.0,0.0,0.0,1,0.0,0.0,0.0,0.0,0.0,1,0.11153600000000002,0.11153600000000002,0.11153600000000002,0.11153600000000002,0.0,1,0.8189800000000002,0.8189800000000002,0.8189800000000002,0.8189800000000002,0.0,1,0.119548,0.119548,0.119548,0.119548,0.0,1,0.0,0.0,0.0,0.0,0.0,1,7168,128,1,16,2,4096,12,0,48,False,TORCH_SDPA_MLA,False,even,"[1, 1, 1, 1, 1, 1, 1, 1, 1, 1, 1, 1]",12,1,1,1.0,3,0.0,0.0,0.0,576,128,64,192,512,128,12,0,12,1,49,12,False,False,0,0,0,BF16,KERNEL_ONLY,generic,generic,method=fp8|act=dynamic|serialized=True|block=128x128
0.0,0.0,0.0,0.0,0.0,1,0.014235999999999999,0.014235999999999999,0.014235999999999999,0.014235999999999999,0.0,1,0.0,0.0,0.0,0.0,0.0,1,0.0,0.0,0.0,0.0,0.0,1,0.15172799999999997,0.15172799999999997,0.15172799999999997,0.15172799999999997,0.0,1,1.1255189999999997,1.1255189999999997,1.1255189999999997,1.1255189999999997,0.0,1,0.153704,0.153704,0.153704,0.153704,0.0,1,0.0,0.0,0.0,0.0,0.0,1,7168,128,1,16,2,4096,16,0,48,False,TORCH_SDPA_MLA,False,even,"[1, 1, 1, 1, 1, 1, 1, 1, 1, 1, 1, 1, 1, 1, 1, 1]",16,1,1,1.0,4,0.0,0.0,0.0,576,128,64,192,512,128,16,0,16,1,49,16,False,False,0,0,0,BF16,KERNEL_ONLY,generic,generic,method=fp8|act=dynamic|serialized=True|block=128x128
0.0,0.0,0.0,0.0,0.0,1,0.014716,0.014716,0.014716,0.014716,0.0,1,0.0,0.0,0.0,0.0,0.0,1,0.0,0.0,0.0,0.0,0.0,1,0.21475199999999997,0.21475199999999997,0.21475199999999997,0.21475199999999997,0.0,1,1.691397,1.691397,1.691397,1.691397,0.0,1,0.231496,0.231496,0.231496,0.231496,0.0,1,0.0,0.0,0.0,0.0,0.0,1,7168,128,1,16,2,4096,24,0,48,False,TORCH_SDPA_MLA,False,even,"[1, 1, 1, 1, 1, 1, 1, 1, 1, 1, 1, 1, 1, 1, 1, 1, 1, 1, 1, 1, 1, 1, 1, 1]",24,1,1,1.0,4,0.0,0.0,0.0,576,128,64,192,512,128,24,0,24,1,49,24,False,False,0,0,0,BF16,KERNEL_ONLY,generic,generic,method=fp8|act=dynamic|serialized=True|block=128x128
0.0,0.0,0.0,0.0,0.0,1,0.014396,0.014396,0.014396,0.014396,0.0,1,0.0,0.0,0.0,0.0,0.0,1,0.0,0.0,0.0,0.0,0.0,1,0.29221600000000025,0.29221600000000025,0.29221600000000025,0.29221600000000025,0.0,1,2.2894369999999986,2.2894369999999986,2.2894369999999986,2.2894369999999986,0.0,1,0.30752799999999997,0.30752799999999997,0.30752799999999997,0.30752799999999997,0.0,1,0.0,0.0,0.0,0.0,0.0,1,7168,128,1,16,2,4096,32,0,48,False,TORCH_SDPA_MLA,False,even,"[1, 1, 1, 1, 1, 1, 1, 1, 1, 1, 1, 1, 1, 1, 1, 1, 1, 1, 1, 1, 1, 1, 1, 1, 1, 1, 1, 1, 1, 1, 1, 1]",32,1,1,1.0,5,0.0,0.0,0.0,576,128,64,192,512,128,32,0,32,1,49,32,False,False,0,0,0,BF16,KERNEL_ONLY,generic,generic,method=fp8|act=dynamic|serialized=True|block=128x128
0.0,0.0,0.0,0.0,0.0,1,0.011796,0.011796,0.011796,0.011796,0.0,1,0.0,0.0,0.0,0.0,0.0,1,0.0,0.0,0.0,0.0,0.0,1,0.011718000000000001,0.011718000000000001,0.011718000000000001,0.011718000000000001,0.0,1,0.066665,0.066665,0.066665,0.066665,0.0,1,0.009759,0.009759,0.009759,0.009759,0.0,1,0.0,0.0,0.0,0.0,0.0,1,7168,128,1,16,2,4096,1,0,64,False,TORCH_SDPA_MLA,False,even,[1],1,1,1,1.0,1,0.0,0.0,0.0,576,128,64,192,512,128,1,0,1,1,65,1,False,False,0,0,0,BF16,KERNEL_ONLY,generic,generic,method=fp8|act=dynamic|serialized=True|block=128x128
0.0,0.0,0.0,0.0,0.0,1,0.011436,0.011436,0.011436,0.011436,0.0,1,0.0,0.0,0.0,0.0,0.0,1,0.0,0.0,0.0,0.0,0.0,1,0.022035999999999997,0.022035999999999997,0.022035999999999997,0.022035999999999997,0.0,1,0.15205000000000002,0.15205000000000002,0.15205000000000002,0.15205000000000002,0.0,1,0.021078,0.021078,0.021078,0.021078,0.0,1,0.0,0.0,0.0,0.0,0.0,1,7168,128,1,16,2,4096,2,0,64,False,TORCH_SDPA_MLA,False,even,"[1, 1]",2,1,1,1.0,1,0.0,0.0,0.0,576,128,64,192,512,128,2,0,2,1,65,2,False,False,0,0,0,BF16,KERNEL_ONLY,generic,generic,method=fp8|act=dynamic|serialized=True|block=128x128
0.0,0.0,0.0,0.0,0.0,1,0.013156000000000001,0.013156000000000001,0.013156000000000001,0.013156000000000001,0.0,1,0.0,0.0,0.0,0.0,0.0,1,0.0,0.0,0.0,0.0,0.0,1,0.039472,0.039472,0.039472,0.039472,0.0,1,0.304939,0.304939,0.304939,0.304939,0.0,1,0.041555999999999996,0.041555999999999996,0.041555999999999996,0.041555999999999996,0.0,1,0.0,0.0,0.0,0.0,0.0,1,7168,128,1,16,2,4096,4,0,64,False,TORCH_SDPA_MLA,False,even,"[1, 1, 1, 1]",4,1,1,1.0,2,0.0,0.0,0.0,576,128,64,192,512,128,4,0,4,1,65,4,False,False,0,0,0,BF16,KERNEL_ONLY,generic,generic,method=fp8|act=dynamic|serialized=True|block=128x128
0.0,0.0,0.0,0.0,0.0,1,0.015674999999999998,0.015674999999999998,0.015674999999999998,0.015674999999999998,0.0,1,0.0,0.0,0.0,0.0,0.0,1,0.0,0.0,0.0,0.0,0.0,1,0.07802399999999998,0.07802399999999998,0.07802399999999998,0.07802399999999998,0.0,1,0.6109599999999998,0.6109599999999998,0.6109599999999998,0.6109599999999998,0.0,1,0.079511,0.079511,0.079511,0.079511,0.0,1,0.0,0.0,0.0,0.0,0.0,1,7168,128,1,16,2,4096,8,0,64,False,TORCH_SDPA_MLA,False,even,"[1, 1, 1, 1, 1, 1, 1, 1]",8,1,1,1.0,2,0.0,0.0,0.0,576,128,64,192,512,128,8,0,8,1,65,8,False,False,0,0,0,BF16,KERNEL_ONLY,generic,generic,method=fp8|act=dynamic|serialized=True|block=128x128
0.0,0.0,0.0,0.0,0.0,1,0.015156,0.015156,0.015156,0.015156,0.0,1,0.0,0.0,0.0,0.0,0.0,1,0.0,0.0,0.0,0.0,0.0,1,0.10945600000000004,0.10945600000000004,0.10945600000000004,0.10945600000000004,0.0,1,0.9301389999999997,0.9301389999999997,0.9301389999999997,0.9301389999999997,0.0,1,0.11606800000000002,0.11606800000000002,0.11606800000000002,0.11606800000000002,0.0,1,0.0,0.0,0.0,0.0,0.0,1,7168,128,1,16,2,4096,12,0,64,False,TORCH_SDPA_MLA,False,even,"[1, 1, 1, 1, 1, 1, 1, 1, 1, 1, 1, 1]",12,1,1,1.0,3,0.0,0.0,0.0,576,128,64,192,512,128,12,0,12,1,65,12,False,False,0,0,0,BF16,KERNEL_ONLY,generic,generic,method=fp8|act=dynamic|serialized=True|block=128x128
0.0,0.0,0.0,0.0,0.0,1,0.014235999999999999,0.014235999999999999,0.014235999999999999,0.014235999999999999,0.0,1,0.0,0.0,0.0,0.0,0.0,1,0.0,0.0,0.0,0.0,0.0,1,0.14088799999999999,0.14088799999999999,0.14088799999999999,0.14088799999999999,0.0,1,1.2161199999999994,1.2161199999999994,1.2161199999999994,1.2161199999999994,0.0,1,0.15370300000000003,0.15370300000000003,0.15370300000000003,0.15370300000000003,0.0,1,0.0,0.0,0.0,0.0,0.0,1,7168,128,1,16,2,4096,16,0,64,False,TORCH_SDPA_MLA,False,even,"[1, 1, 1, 1, 1, 1, 1, 1, 1, 1, 1, 1, 1, 1, 1, 1]",16,1,1,1.0,4,0.0,0.0,0.0,576,128,64,192,512,128,16,0,16,1,65,16,False,False,0,0,0,BF16,KERNEL_ONLY,generic,generic,method=fp8|act=dynamic|serialized=True|block=128x128
0.0,0.0,0.0,0.0,0.0,1,0.014916,0.014916,0.014916,0.014916,0.0,1,0.0,0.0,0.0,0.0,0.0,1,0.0,0.0,0.0,0.0,0.0,1,0.209751,0.209751,0.209751,0.209751,0.0,1,1.8572379999999986,1.8572379999999986,1.8572379999999986,1.8572379999999986,0.0,1,0.23885499999999998,0.23885499999999998,0.23885499999999998,0.23885499999999998,0.0,1,0.0,0.0,0.0,0.0,0.0,1,7168,128,1,16,2,4096,24,0,64,False,TORCH_SDPA_MLA,False,even,"[1, 1, 1, 1, 1, 1, 1, 1, 1, 1, 1, 1, 1, 1, 1, 1, 1, 1, 1, 1, 1, 1, 1, 1]",24,1,1,1.0,4,0.0,0.0,0.0,576,128,64,192,512,128,24,0,24,1,65,24,False,False,0,0,0,BF16,KERNEL_ONLY,generic,generic,method=fp8|act=dynamic|serialized=True|block=128x128
0.0,0.0,0.0,0.0,0.0,1,0.014436000000000001,0.014436000000000001,0.014436000000000001,0.014436000000000001,0.0,1,0.0,0.0,0.0,0.0,0.0,1,0.0,0.0,0.0,0.0,0.0,1,0.29361600000000004,0.29361600000000004,0.29361600000000004,0.29361600000000004,0.0,1,2.5227169999999974,2.5227169999999974,2.5227169999999974,2.5227169999999974,0.0,1,0.314847,0.314847,0.314847,0.314847,0.0,1,0.0,0.0,0.0,0.0,0.0,1,7168,128,1,16,2,4096,32,0,64,False,TORCH_SDPA_MLA,False,even,"[1, 1, 1, 1, 1, 1, 1, 1, 1, 1, 1, 1, 1, 1, 1, 1, 1, 1, 1, 1, 1, 1, 1, 1, 1, 1, 1, 1, 1, 1, 1, 1]",32,1,1,1.0,5,0.0,0.0,0.0,576,128,64,192,512,128,32,0,32,1,65,32,False,False,0,0,0,BF16,KERNEL_ONLY,generic,generic,method=fp8|act=dynamic|serialized=True|block=128x128
0.0,0.0,0.0,0.0,0.0,1,0.010716,0.010716,0.010716,0.010716,0.0,1,0.0,0.0,0.0,0.0,0.0,1,0.0,0.0,0.0,0.0,0.0,1,0.012038,0.012038,0.012038,0.012038,0.0,1,0.07430500000000001,0.07430500000000001,0.07430500000000001,0.07430500000000001,0.0,1,0.009879,0.009879,0.009879,0.009879,0.0,1,0.0,0.0,0.0,0.0,0.0,1,7168,128,1,16,2,4096,1,0,96,False,TORCH_SDPA_MLA,False,even,[1],1,1,1,1.0,1,0.0,0.0,0.0,576,128,64,192,512,128,1,0,1,1,97,1,False,False,0,0,0,BF16,KERNEL_ONLY,generic,generic,method=fp8|act=dynamic|serialized=True|block=128x128
0.0,0.0,0.0,0.0,0.0,1,0.011756,0.011756,0.011756,0.011756,0.0,1,0.0,0.0,0.0,0.0,0.0,1,0.0,0.0,0.0,0.0,0.0,1,0.021916,0.021916,0.021916,0.021916,0.0,1,0.159449,0.159449,0.159449,0.159449,0.0,1,0.021038,0.021038,0.021038,0.021038,0.0,1,0.0,0.0,0.0,0.0,0.0,1,7168,128,1,16,2,4096,2,0,96,False,TORCH_SDPA_MLA,False,even,"[1, 1]",2,1,1,1.0,1,0.0,0.0,0.0,576,128,64,192,512,128,2,0,2,1,97,2,False,False,0,0,0,BF16,KERNEL_ONLY,generic,generic,method=fp8|act=dynamic|serialized=True|block=128x128
0.0,0.0,0.0,0.0,0.0,1,0.012876000000000002,0.012876000000000002,0.012876000000000002,0.012876000000000002,0.0,1,0.0,0.0,0.0,0.0,0.0,1,0.0,0.0,0.0,0.0,0.0,1,0.039071999999999996,0.039071999999999996,0.039071999999999996,0.039071999999999996,0.0,1,0.3251800000000001,0.3251800000000001,0.3251800000000001,0.3251800000000001,0.0,1,0.041915999999999995,0.041915999999999995,0.041915999999999995,0.041915999999999995,0.0,1,0.0,0.0,0.0,0.0,0.0,1,7168,128,1,16,2,4096,4,0,96,False,TORCH_SDPA_MLA,False,even,"[1, 1, 1, 1]",4,1,1,1.0,2,0.0,0.0,0.0,576,128,64,192,512,128,4,0,4,1,97,4,False,False,0,0,0,BF16,KERNEL_ONLY,generic,generic,method=fp8|act=dynamic|serialized=True|block=128x128
0.0,0.0,0.0,0.0,0.0,1,0.015236000000000001,0.015236000000000001,0.015236000000000001,0.015236000000000001,0.0,1,0.0,0.0,0.0,0.0,0.0,1,0.0,0.0,0.0,0.0,0.0,1,0.075824,0.075824,0.075824,0.075824,0.0,1,0.6501990000000005,0.6501990000000005,0.6501990000000005,0.6501990000000005,0.0,1,0.079992,0.079992,0.079992,0.079992,0.0,1,0.0,0.0,0.0,0.0,0.0,1,7168,128,1,16,2,4096,8,0,96,False,TORCH_SDPA_MLA,False,even,"[1, 1, 1, 1, 1, 1, 1, 1]",8,1,1,1.0,2,0.0,0.0,0.0,576,128,64,192,512,128,8,0,8,1,97,8,False,False,0,0,0,BF16,KERNEL_ONLY,generic,generic,method=fp8|act=dynamic|serialized=True|block=128x128
0.0,0.0,0.0,0.0,0.0,1,0.014996,0.014996,0.014996,0.014996,0.0,1,0.0,0.0,0.0,0.0,0.0,1,0.0,0.0,0.0,0.0,0.0,1,0.10873599999999999,0.10873599999999999,0.10873599999999999,0.10873599999999999,0.0,1,0.9740599999999999,0.9740599999999999,0.9740599999999999,0.9740599999999999,0.0,1,0.11782700000000002,0.11782700000000002,0.11782700000000002,0.11782700000000002,0.0,1,0.0,0.0,0.0,0.0,0.0,1,7168,128,1,16,2,4096,12,0,96,False,TORCH_SDPA_MLA,False,even,"[1, 1, 1, 1, 1, 1, 1, 1, 1, 1, 1, 1]",12,1,1,1.0,3,0.0,0.0,0.0,576,128,64,192,512,128,12,0,12,1,97,12,False,False,0,0,0,BF16,KERNEL_ONLY,generic,generic,method=fp8|act=dynamic|serialized=True|block=128x128
0.0,0.0,0.0,0.0,0.0,1,0.014476,0.014476,0.014476,0.014476,0.0,1,0.0,0.0,0.0,0.0,0.0,1,0.0,0.0,0.0,0.0,0.0,1,0.14424800000000002,0.14424800000000002,0.14424800000000002,0.14424800000000002,0.0,1,1.3136780000000001,1.3136780000000001,1.3136780000000001,1.3136780000000001,0.0,1,0.156104,0.156104,0.156104,0.156104,0.0,1,0.0,0.0,0.0,0.0,0.0,1,7168,128,1,16,2,4096,16,0,96,False,TORCH_SDPA_MLA,False,even,"[1, 1, 1, 1, 1, 1, 1, 1, 1, 1, 1, 1, 1, 1, 1, 1]",16,1,1,1.0,4,0.0,0.0,0.0,576,128,64,192,512,128,16,0,16,1,97,16,False,False,0,0,0,BF16,KERNEL_ONLY,generic,generic,method=fp8|act=dynamic|serialized=True|block=128x128
0.0,0.0,0.0,0.0,0.0,1,0.015236000000000001,0.015236000000000001,0.015236000000000001,0.015236000000000001,0.0,1,0.0,0.0,0.0,0.0,0.0,1,0.0,0.0,0.0,0.0,0.0,1,0.211152,0.211152,0.211152,0.211152,0.0,1,1.9524380000000001,1.9524380000000001,1.9524380000000001,1.9524380000000001,0.0,1,0.23237500000000005,0.23237500000000005,0.23237500000000005,0.23237500000000005,0.0,1,0.0,0.0,0.0,0.0,0.0,1,7168,128,1,16,2,4096,24,0,96,False,TORCH_SDPA_MLA,False,even,"[1, 1, 1, 1, 1, 1, 1, 1, 1, 1, 1, 1, 1, 1, 1, 1, 1, 1, 1, 1, 1, 1, 1, 1]",24,1,1,1.0,4,0.0,0.0,0.0,576,128,64,192,512,128,24,0,24,1,97,24,False,False,0,0,0,BF16,KERNEL_ONLY,generic,generic,method=fp8|act=dynamic|serialized=True|block=128x128
0.0,0.0,0.0,0.0,0.0,1,0.014876000000000002,0.014876000000000002,0.014876000000000002,0.014876000000000002,0.0,1,0.0,0.0,0.0,0.0,0.0,1,0.0,0.0,0.0,0.0,0.0,1,0.285776,0.285776,0.285776,0.285776,0.0,1,2.6300770000000018,2.6300770000000018,2.6300770000000018,2.6300770000000018,0.0,1,0.305008,0.305008,0.305008,0.305008,0.0,1,0.0,0.0,0.0,0.0,0.0,1,7168,128,1,16,2,4096,32,0,96,False,TORCH_SDPA_MLA,False,even,"[1, 1, 1, 1, 1, 1, 1, 1, 1, 1, 1, 1, 1, 1, 1, 1, 1, 1, 1, 1, 1, 1, 1, 1, 1, 1, 1, 1, 1, 1, 1, 1]",32,1,1,1.0,5,0.0,0.0,0.0,576,128,64,192,512,128,32,0,32,1,97,32,False,False,0,0,0,BF16,KERNEL_ONLY,generic,generic,method=fp8|act=dynamic|serialized=True|block=128x128
0.0,0.0,0.0,0.0,0.0,1,0.021596,0.021596,0.021596,0.021596,0.0,1,0.062595,0.062595,0.062595,0.062595,0.0,1,0.16157800000000003,0.16157800000000003,0.16157800000000003,0.16157800000000003,0.0,1,0.0,0.0,0.0,0.0,0.0,1,0.0,0.0,0.0,0.0,0.0,1,0.0,0.0,0.0,0.0,0.0,1,0.0,0.0,0.0,0.0,0.0,1,7168,128,1,16,1,4096,1,160,0,True,TORCH_SDPA_MLA,False,even,[160],160,160,160,160.0,160,0.0,0.0,0.0,576,128,64,192,512,128,160,160,0,160,160,160,False,False,0,160,160,BF16,KERNEL_ONLY,generic,generic,method=fp8|act=dynamic|serialized=True|block=128x128
0.0,0.0,0.0,0.0,0.0,1,0.015716,0.015716,0.015716,0.015716,0.0,1,0.045875,0.045875,0.045875,0.045875,0.0,1,0.085779,0.085779,0.085779,0.085779,0.0,1,0.0,0.0,0.0,0.0,0.0,1,0.0,0.0,0.0,0.0,0.0,1,0.0,0.0,0.0,0.0,0.0,1,0.0,0.0,0.0,0.0,0.0,1,7168,128,1,16,1,4096,1,32,0,True,TORCH_SDPA_MLA,False,even,[32],32,32,32,32.0,32,0.0,0.0,0.0,576,128,64,192,512,128,32,32,0,32,32,32,False,False,0,32,32,BF16,KERNEL_ONLY,generic,generic,method=fp8|act=dynamic|serialized=True|block=128x128
0.0,0.0,0.0,0.0,0.0,1,0.016595000000000002,0.016595000000000002,0.016595000000000002,0.016595000000000002,0.0,1,0.045235,0.045235,0.045235,0.045235,0.0,1,0.09269899999999999,0.09269899999999999,0.09269899999999999,0.09269899999999999,0.0,1,0.0,0.0,0.0,0.0,0.0,1,0.0,0.0,0.0,0.0,0.0,1,0.0,0.0,0.0,0.0,0.0,1,0.0,0.0,0.0,0.0,0.0,1,7168,128,1,16,1,4096,1,64,0,True,TORCH_SDPA_MLA,False,even,[64],64,64,64,64.0,64,0.0,0.0,0.0,576,128,64,192,512,128,64,64,0,64,64,64,False,False,0,64,64,BF16,KERNEL_ONLY,generic,generic,method=fp8|act=dynamic|serialized=True|block=128x128
0.0,0.0,0.0,0.0,0.0,1,0.016716,0.016716,0.016716,0.016716,0.0,1,0.049235,0.049235,0.049235,0.049235,0.0,1,0.11621900000000002,0.11621900000000002,0.11621900000000002,0.11621900000000002,0.0,1,0.0,0.0,0.0,0.0,0.0,1,0.0,0.0,0.0,0.0,0.0,1,0.0,0.0,0.0,0.0,0.0,1,0.0,0.0,0.0,0.0,0.0,1,7168,128,1,16,1,4096,1,96,0,True,TORCH_SDPA_MLA,False,even,[96],96,96,96,96.0,96,0.0,0.0,0.0,576,128,64,192,512,128,96,96,0,96,96,96,False,False,0,96,96,BF16,KERNEL_ONLY,generic,generic,method=fp8|act=dynamic|serialized=True|block=128x128
0.0,0.0,0.0,0.0,0.0,1,0.016996000000000004,0.016996000000000004,0.016996000000000004,0.016996000000000004,0.0,1,0.052754999999999996,0.052754999999999996,0.052754999999999996,0.052754999999999996,0.0,1,0.128939,0.128939,0.128939,0.128939,0.0,1,0.0,0.0,0.0,0.0,0.0,1,0.0,0.0,0.0,0.0,0.0,1,0.0,0.0,0.0,0.0,0.0,1,0.0,0.0,0.0,0.0,0.0,1,7168,128,1,16,1,4096,1,128,0,True,TORCH_SDPA_MLA,False,even,[128],128,128,128,128.0,128,0.0,0.0,0.0,576,128,64,192,512,128,128,128,0,128,128,128,False,False,0,128,128,BF16,KERNEL_ONLY,generic,generic,method=fp8|act=dynamic|serialized=True|block=128x128
0.0,0.0,0.0,0.0,0.0,1,0.019516,0.019516,0.019516,0.019516,0.0,1,0.04635500000000001,0.04635500000000001,0.04635500000000001,0.04635500000000001,0.0,1,0.129539,0.129539,0.129539,0.129539,0.0,1,0.0,0.0,0.0,0.0,0.0,1,0.0,0.0,0.0,0.0,0.0,1,0.0,0.0,0.0,0.0,0.0,1,0.0,0.0,0.0,0.0,0.0,1,7168,128,1,16,2,4096,1,160,0,True,TORCH_SDPA_MLA,False,even,[160],160,160,160,160.0,160,0.0,0.0,0.0,576,128,64,192,512,128,160,160,0,160,160,160,False,False,0,160,160,BF16,KERNEL_ONLY,generic,generic,method=fp8|act=dynamic|serialized=True|block=128x128
0.0,0.0,0.0,0.0,0.0,1,0.013796,0.013796,0.013796,0.013796,0.0,1,0.033915,0.033915,0.033915,0.033915,0.0,1,0.06905899999999998,0.06905899999999998,0.06905899999999998,0.06905899999999998,0.0,1,0.0,0.0,0.0,0.0,0.0,1,0.0,0.0,0.0,0.0,0.0,1,0.0,0.0,0.0,0.0,0.0,1,0.0,0.0,0.0,0.0,0.0,1,7168,128,1,16,2,4096,1,32,0,True,TORCH_SDPA_MLA,False,even,[32],32,32,32,32.0,32,0.0,0.0,0.0,576,128,64,192,512,128,32,32,0,32,32,32,False,False,0,32,32,BF16,KERNEL_ONLY,generic,generic,method=fp8|act=dynamic|serialized=True|block=128x128
0.0,0.0,0.0,0.0,0.0,1,0.014556,0.014556,0.014556,0.014556,0.0,1,0.037194000000000005,0.037194000000000005,0.037194000000000005,0.037194000000000005,0.0,1,0.076659,0.076659,0.076659,0.076659,0.0,1,0.0,0.0,0.0,0.0,0.0,1,0.0,0.0,0.0,0.0,0.0,1,0.0,0.0,0.0,0.0,0.0,1,0.0,0.0,0.0,0.0,0.0,1,7168,128,1,16,2,4096,1,64,0,True,TORCH_SDPA_MLA,False,even,[64],64,64,64,64.0,64,0.0,0.0,0.0,576,128,64,192,512,128,64,64,0,64,64,64,False,False,0,64,64,BF16,KERNEL_ONLY,generic,generic,method=fp8|act=dynamic|serialized=True|block=128x128
0.0,0.0,0.0,0.0,0.0,1,0.015596,0.015596,0.015596,0.015596,0.0,1,0.039075000000000006,0.039075000000000006,0.039075000000000006,0.039075000000000006,0.0,1,0.08873900000000001,0.08873900000000001,0.08873900000000001,0.08873900000000001,0.0,1,0.0,0.0,0.0,0.0,0.0,1,0.0,0.0,0.0,0.0,0.0,1,0.0,0.0,0.0,0.0,0.0,1,0.0,0.0,0.0,0.0,0.0,1,7168,128,1,16,2,4096,1,96,0,True,TORCH_SDPA_MLA,False,even,[96],96,96,96,96.0,96,0.0,0.0,0.0,576,128,64,192,512,128,96,96,0,96,96,96,False,False,0,96,96,BF16,KERNEL_ONLY,generic,generic,method=fp8|act=dynamic|serialized=True|block=128x128
0.0,0.0,0.0,0.0,0.0,1,0.020596,0.020596,0.020596,0.020596,0.0,1,0.038195,0.038195,0.038195,0.038195,0.0,1,0.10701899999999998,0.10701899999999998,0.10701899999999998,0.10701899999999998,0.0,1,0.0,0.0,0.0,0.0,0.0,1,0.0,0.0,0.0,0.0,0.0,1,0.0,0.0,0.0,0.0,0.0,1,0.0,0.0,0.0,0.0,0.0,1,7168,128,1,16,2,4096,1,128,0,True,TORCH_SDPA_MLA,False,even,[128],128,128,128,128.0,128,0.0,0.0,0.0,576,128,64,192,512,128,128,128,0,128,128,128,False,False,0,128,128,BF16,KERNEL_ONLY,generic,generic,method=fp8|act=dynamic|serialized=True|block=128x128
0.0,0.0,0.0,0.0,0.0,1,0.015396000000000002,0.015396000000000002,0.015396000000000002,0.015396000000000002,0.0,1,0.0,0.0,0.0,0.0,0.0,1,0.0,0.0,0.0,0.0,0.0,1,0.014318,0.014318,0.014318,0.014318,0.0,1,0.053106,0.053106,0.053106,0.053106,0.0,1,0.010439,0.010439,0.010439,0.010439,0.0,1,0.0,0.0,0.0,0.0,0.0,1,7168,128,1,16,4,4096,1,0,0,False,TORCH_SDPA_MLA,False,even,[1],1,1,1,1.0,1,0.0,0.0,0.0,576,128,64,192,512,128,1,0,1,1,1,1,False,False,0,0,0,BF16,KERNEL_ONLY,generic,generic,method=fp8|act=dynamic|serialized=True|block=128x128
0.0,0.0,0.0,0.0,0.0,1,0.019436000000000002,0.019436000000000002,0.019436000000000002,0.019436000000000002,0.0,1,0.0,0.0,0.0,0.0,0.0,1,0.0,0.0,0.0,0.0,0.0,1,0.08698399999999999,0.08698399999999999,0.08698399999999999,0.08698399999999999,0.0,1,0.39100799999999986,0.39100799999999986,0.39100799999999986,0.39100799999999986,0.0,1,0.079792,0.079792,0.079792,0.079792,0.0,1,0.0,0.0,0.0,0.0,0.0,1,7168,128,1,16,4,4096,8,0,0,False,TORCH_SDPA_MLA,False,even,"[1, 1, 1, 1, 1, 1, 1, 1]",8,1,1,1.0,2,0.0,0.0,0.0,576,128,64,192,512,128,8,0,8,1,1,8,False,False,0,0,0,BF16,KERNEL_ONLY,generic,generic,method=fp8|act=dynamic|serialized=True|block=128x128
0.0,0.0,0.0,0.0,0.0,1,0.013276000000000001,0.013276000000000001,0.013276000000000001,0.013276000000000001,0.0,1,0.0,0.0,0.0,0.0,0.0,1,0.0,0.0,0.0,0.0,0.0,1,0.12337600000000001,0.12337600000000001,0.12337600000000001,0.12337600000000001,0.0,1,0.576272,0.576272,0.576272,0.576272,0.0,1,0.11546799999999999,0.11546799999999999,0.11546799999999999,0.11546799999999999,0.0,1,0.0,0.0,0.0,0.0,0.0,1,7168,128,1,16,4,4096,12,0,0,False,TORCH_SDPA_MLA,False,even,"[1, 1, 1, 1, 1, 1, 1, 1, 1, 1, 1, 1]",12,1,1,1.0,3,0.0,0.0,0.0,576,128,64,192,512,128,12,0,12,1,1,12,False,False,0,0,0,BF16,KERNEL_ONLY,generic,generic,method=fp8|act=dynamic|serialized=True|block=128x128
0.0,0.0,0.0,0.0,0.0,1,0.012396,0.012396,0.012396,0.012396,0.0,1,0.0,0.0,0.0,0.0,0.0,1,0.0,0.0,0.0,0.0,0.0,1,0.010837999999999999,0.010837999999999999,0.010837999999999999,0.010837999999999999,0.0,1,0.045426,0.045426,0.045426,0.045426,0.0,1,0.011279,0.011279,0.011279,0.011279,0.0,1,0.0,0.0,0.0,0.0,0.0,1,7168,128,1,16,4,4096,1,0,8,False,TORCH_SDPA_MLA,False,even,[1],1,1,1,1.0,1,0.0,0.0,0.0,576,128,64,192,512,128,1,0,1,1,9,1,False,False,0,0,0,BF16,KERNEL_ONLY,generic,generic,method=fp8|act=dynamic|serialized=True|block=128x128
0.0,0.0,0.0,0.0,0.0,1,0.017876000000000003,0.017876000000000003,0.017876000000000003,0.017876000000000003,0.0,1,0.0,0.0,0.0,0.0,0.0,1,0.0,0.0,0.0,0.0,0.0,1,0.047472,0.047472,0.047472,0.047472,0.0,1,0.19546399999999997,0.19546399999999997,0.19546399999999997,0.19546399999999997,0.0,1,0.040555999999999995,0.040555999999999995,0.040555999999999995,0.040555999999999995,0.0,1,0.0,0.0,0.0,0.0,0.0,1,7168,128,1,16,4,4096,4,0,0,False,TORCH_SDPA_MLA,False,even,"[1, 1, 1, 1]",4,1,1,1.0,2,0.0,0.0,0.0,576,128,64,192,512,128,4,0,4,1,1,4,False,False,0,0,0,BF16,KERNEL_ONLY,generic,generic,method=fp8|act=dynamic|serialized=True|block=128x128
0.0,0.0,0.0,0.0,0.0,1,0.017236,0.017236,0.017236,0.017236,0.0,1,0.0,0.0,0.0,0.0,0.0,1,0.0,0.0,0.0,0.0,0.0,1,0.022436,0.022436,0.022436,0.022436,0.0,1,0.08701200000000003,0.08701200000000003,0.08701200000000003,0.08701200000000003,0.0,1,0.022357999999999996,0.022357999999999996,0.022357999999999996,0.022357999999999996,0.0,1,0.0,0.0,0.0,0.0,0.0,1,7168,128,1,16,4,4096,2,0,0,False,TORCH_SDPA_MLA,False,even,"[1, 1]",2,1,1,1.0,1,0.0,0.0,0.0,576,128,64,192,512,128,2,0,2,1,1,2,False,False,0,0,0,BF16,KERNEL_ONLY,generic,generic,method=fp8|act=dynamic|serialized=True|block=128x128
0.0,0.0,0.0,0.0,0.0,1,0.013836,0.013836,0.013836,0.013836,0.0,1,0.0,0.0,0.0,0.0,0.0,1,0.0,0.0,0.0,0.0,0.0,1,0.125576,0.125576,0.125576,0.125576,0.0,1,0.6133120000000004,0.6133120000000004,0.6133120000000004,0.6133120000000004,0.0,1,0.116028,0.116028,0.116028,0.116028,0.0,1,0.0,0.0,0.0,0.0,0.0,1,7168,128,1,16,4,4096,12,0,8,False,TORCH_SDPA_MLA,False,even,"[1, 1, 1, 1, 1, 1, 1, 1, 1, 1, 1, 1]",12,1,1,1.0,3,0.0,0.0,0.0,576,128,64,192,512,128,12,0,12,1,9,12,False,False,0,0,0,BF16,KERNEL_ONLY,generic,generic,method=fp8|act=dynamic|serialized=True|block=128x128
0.0,0.0,0.0,0.0,0.0,1,0.010076,0.010076,0.010076,0.010076,0.0,1,0.0,0.0,0.0,0.0,0.0,1,0.0,0.0,0.0,0.0,0.0,1,0.011038000000000001,0.011038000000000001,0.011038000000000001,0.011038000000000001,0.0,1,0.05358499999999999,0.05358499999999999,0.05358499999999999,0.05358499999999999,0.0,1,0.011759,0.011759,0.011759,0.011759,0.0,1,0.0,0.0,0.0,0.0,0.0,1,7168,128,1,16,4,4096,1,0,16,False,TORCH_SDPA_MLA,False,even,[1],1,1,1,1.0,1,0.0,0.0,0.0,576,128,64,192,512,128,1,0,1,1,17,1,False,False,0,0,0,BF16,KERNEL_ONLY,generic,generic,method=fp8|act=dynamic|serialized=True|block=128x128
0.0,0.0,0.0,0.0,0.0,1,0.012556,0.012556,0.012556,0.012556,0.0,1,0.0,0.0,0.0,0.0,0.0,1,0.0,0.0,0.0,0.0,0.0,1,0.153208,0.153208,0.153208,0.153208,0.0,1,0.6513759999999997,0.6513759999999997,0.6513759999999997,0.6513759999999997,0.0,1,0.151224,0.151224,0.151224,0.151224,0.0,1,0.0,0.0,0.0,0.0,0.0,1,7168,128,1,16,4,4096,16,0,0,False,TORCH_SDPA_MLA,False,even,"[1, 1, 1, 1, 1, 1, 1, 1, 1, 1, 1, 1, 1, 1, 1, 1]",16,1,1,1.0,4,0.0,0.0,0.0,576,128,64,192,512,128,16,0,16,1,1,16,False,False,0,0,0,BF16,KERNEL_ONLY,generic,generic,method=fp8|act=dynamic|serialized=True|block=128x128
0.0,0.0,0.0,0.0,0.0,1,0.012396,0.012396,0.012396,0.012396,0.0,1,0.0,0.0,0.0,0.0,0.0,1,0.0,0.0,0.0,0.0,0.0,1,0.018875999999999997,0.018875999999999997,0.018875999999999997,0.018875999999999997,0.0,1,0.097292,0.097292,0.097292,0.097292,0.0,1,0.020038,0.020038,0.020038,0.020038,0.0,1,0.0,0.0,0.0,0.0,0.0,1,7168,128,1,16,4,4096,2,0,8,False,TORCH_SDPA_MLA,False,even,"[1, 1]",2,1,1,1.0,1,0.0,0.0,0.0,576,128,64,192,512,128,2,0,2,1,9,2,False,False,0,0,0,BF16,KERNEL_ONLY,generic,generic,method=fp8|act=dynamic|serialized=True|block=128x128
0.0,0.0,0.0,0.0,0.0,1,0.014196,0.014196,0.014196,0.014196,0.0,1,0.0,0.0,0.0,0.0,0.0,1,0.0,0.0,0.0,0.0,0.0,1,0.12385599999999998,0.12385599999999998,0.12385599999999998,0.12385599999999998,0.0,1,0.6849400000000005,0.6849400000000005,0.6849400000000005,0.6849400000000005,0.0,1,0.115788,0.115788,0.115788,0.115788,0.0,1,0.0,0.0,0.0,0.0,0.0,1,7168,128,1,16,4,4096,12,0,16,False,TORCH_SDPA_MLA,False,even,"[1, 1, 1, 1, 1, 1, 1, 1, 1, 1, 1, 1]",12,1,1,1.0,3,0.0,0.0,0.0,576,128,64,192,512,128,12,0,12,1,17,12,False,False,0,0,0,BF16,KERNEL_ONLY,generic,generic,method=fp8|act=dynamic|serialized=True|block=128x128
0.0,0.0,0.0,0.0,0.0,1,0.010716,0.010716,0.010716,0.010716,0.0,1,0.0,0.0,0.0,0.0,0.0,1,0.0,0.0,0.0,0.0,0.0,1,0.010997999999999999,0.010997999999999999,0.010997999999999999,0.010997999999999999,0.0,1,0.05602500000000001,0.05602500000000001,0.05602500000000001,0.05602500000000001,0.0,1,0.011879,0.011879,0.011879,0.011879,0.0,1,0.0,0.0,0.0,0.0,0.0,1,7168,128,1,16,4,4096,1,0,24,False,TORCH_SDPA_MLA,False,even,[1],1,1,1,1.0,1,0.0,0.0,0.0,576,128,64,192,512,128,1,0,1,1,25,1,False,False,0,0,0,BF16,KERNEL_ONLY,generic,generic,method=fp8|act=dynamic|serialized=True|block=128x128
0.0,0.0,0.0,0.0,0.0,1,0.012836,0.012836,0.012836,0.012836,0.0,1,0.0,0.0,0.0,0.0,0.0,1,0.0,0.0,0.0,0.0,0.0,1,0.12501600000000002,0.12501600000000002,0.12501600000000002,0.12501600000000002,0.0,1,0.7129800000000003,0.7129800000000003,0.7129800000000003,0.7129800000000003,0.0,1,0.11458800000000001,0.11458800000000001,0.11458800000000001,0.11458800000000001,0.0,1,0.0,0.0,0.0,0.0,0.0,1,7168,128,1,16,4,4096,12,0,24,False,TORCH_SDPA_MLA,False,even,"[1, 1, 1, 1, 1, 1, 1, 1, 1, 1, 1, 1]",12,1,1,1.0,3,0.0,0.0,0.0,576,128,64,192,512,128,12,0,12,1,25,12,False,False,0,0,0,BF16,KERNEL_ONLY,generic,generic,method=fp8|act=dynamic|serialized=True|block=128x128
0.0,0.0,0.0,0.0,0.0,1,0.014076,0.014076,0.014076,0.014076,0.0,1,0.0,0.0,0.0,0.0,0.0,1,0.0,0.0,0.0,0.0,0.0,1,0.25011199999999995,0.25011199999999995,0.25011199999999995,0.25011199999999995,0.0,1,1.1289039999999997,1.1289039999999997,1.1289039999999997,1.1289039999999997,0.0,1,0.23149599999999998,0.23149599999999998,0.23149599999999998,0.23149599999999998,0.0,1,0.0,0.0,0.0,0.0,0.0,1,7168,128,1,16,4,4096,24,0,0,False,TORCH_SDPA_MLA,False,even,"[1, 1, 1, 1, 1, 1, 1, 1, 1, 1, 1, 1, 1, 1, 1, 1, 1, 1, 1, 1, 1, 1, 1, 1]",24,1,1,1.0,4,0.0,0.0,0.0,576,128,64,192,512,128,24,0,24,1,1,24,False,False,0,0,0,BF16,KERNEL_ONLY,generic,generic,method=fp8|act=dynamic|serialized=True|block=128x128
0.0,0.0,0.0,0.0,0.0,1,0.010276,0.010276,0.010276,0.010276,0.0,1,0.0,0.0,0.0,0.0,0.0,1,0.0,0.0,0.0,0.0,0.0,1,0.011318,0.011318,0.011318,0.011318,0.0,1,0.06370500000000001,0.06370500000000001,0.06370500000000001,0.06370500000000001,0.0,1,0.009719,0.009719,0.009719,0.009719,0.0,1,0.0,0.0,0.0,0.0,0.0,1,7168,128,1,16,4,4096,1,0,32,False,TORCH_SDPA_MLA,False,even,[1],1,1,1,1.0,1,0.0,0.0,0.0,576,128,64,192,512,128,1,0,1,1,33,1,False,False,0,0,0,BF16,KERNEL_ONLY,generic,generic,method=fp8|act=dynamic|serialized=True|block=128x128
0.0,0.0,0.0,0.0,0.0,1,0.012836,0.012836,0.012836,0.012836,0.0,1,0.0,0.0,0.0,0.0,0.0,1,0.0,0.0,0.0,0.0,0.0,1,0.15408800000000003,0.15408800000000003,0.15408800000000003,0.15408800000000003,0.0,1,0.7555359999999995,0.7555359999999995,0.7555359999999995,0.7555359999999995,0.0,1,0.15230400000000002,0.15230400000000002,0.15230400000000002,0.15230400000000002,0.0,1,0.0,0.0,0.0,0.0,0.0,1,7168,128,1,16,4,4096,16,0,8,False,TORCH_SDPA_MLA,False,even,"[1, 1, 1, 1, 1, 1, 1, 1, 1, 1, 1, 1, 1, 1, 1, 1]",16,1,1,1.0,4,0.0,0.0,0.0,576,128,64,192,512,128,16,0,16,1,9,16,False,False,0,0,0,BF16,KERNEL_ONLY,generic,generic,method=fp8|act=dynamic|serialized=True|block=128x128
0.0,0.0,0.0,0.0,0.0,1,0.009796,0.009796,0.009796,0.009796,0.0,1,0.0,0.0,0.0,0.0,0.0,1,0.0,0.0,0.0,0.0,0.0,1,0.019316,0.019316,0.019316,0.019316,0.0,1,0.09925,0.09925,0.09925,0.09925,0.0,1,0.019078000000000005,0.019078000000000005,0.019078000000000005,0.019078000000000005,0.0,1,0.0,0.0,0.0,0.0,0.0,1,7168,128,1,16,4,4096,2,0,16,False,TORCH_SDPA_MLA,False,even,"[1, 1]",2,1,1,1.0,1,0.0,0.0,0.0,576,128,64,192,512,128,2,0,2,1,17,2,False,False,0,0,0,BF16,KERNEL_ONLY,generic,generic,method=fp8|act=dynamic|serialized=True|block=128x128
0.0,0.0,0.0,0.0,0.0,1,0.013796,0.013796,0.013796,0.013796,0.0,1,0.0,0.0,0.0,0.0,0.0,1,0.0,0.0,0.0,0.0,0.0,1,0.042912,0.042912,0.042912,0.042912,0.0,1,0.194184,0.194184,0.194184,0.194184,0.0,1,0.03851600000000001,0.03851600000000001,0.03851600000000001,0.03851600000000001,0.0,1,0.0,0.0,0.0,0.0,0.0,1,7168,128,1,16,4,4096,4,0,8,False,TORCH_SDPA_MLA,False,even,"[1, 1, 1, 1]",4,1,1,1.0,2,0.0,0.0,0.0,576,128,64,192,512,128,4,0,4,1,9,4,False,False,0,0,0,BF16,KERNEL_ONLY,generic,generic,method=fp8|act=dynamic|serialized=True|block=128x128
0.0,0.0,0.0,0.0,0.0,1,0.013596,0.013596,0.013596,0.013596,0.0,1,0.0,0.0,0.0,0.0,0.0,1,0.0,0.0,0.0,0.0,0.0,1,0.125456,0.125456,0.125456,0.125456,0.0,1,0.7373400000000004,0.7373400000000004,0.7373400000000004,0.7373400000000004,0.0,1,0.113788,0.113788,0.113788,0.113788,0.0,1,0.0,0.0,0.0,0.0,0.0,1,7168,128,1,16,4,4096,12,0,32,False,TORCH_SDPA_MLA,False,even,"[1, 1, 1, 1, 1, 1, 1, 1, 1, 1, 1, 1]",12,1,1,1.0,3,0.0,0.0,0.0,576,128,64,192,512,128,12,0,12,1,33,12,False,False,0,0,0,BF16,KERNEL_ONLY,generic,generic,method=fp8|act=dynamic|serialized=True|block=128x128
0.0,0.0,0.0,0.0,0.0,1,0.009796,0.009796,0.009796,0.009796,0.0,1,0.0,0.0,0.0,0.0,0.0,1,0.0,0.0,0.0,0.0,0.0,1,0.010838,0.010838,0.010838,0.010838,0.0,1,0.067225,0.067225,0.067225,0.067225,0.0,1,0.011559,0.011559,0.011559,0.011559,0.0,1,0.0,0.0,0.0,0.0,0.0,1,7168,128,1,16,4,4096,1,0,48,False,TORCH_SDPA_MLA,False,even,[1],1,1,1,1.0,1,0.0,0.0,0.0,576,128,64,192,512,128,1,0,1,1,49,1,False,False,0,0,0,BF16,KERNEL_ONLY,generic,generic,method=fp8|act=dynamic|serialized=True|block=128x128
0.0,0.0,0.0,0.0,0.0,1,0.014436000000000001,0.014436000000000001,0.014436000000000001,0.014436000000000001,0.0,1,0.0,0.0,0.0,0.0,0.0,1,0.0,0.0,0.0,0.0,0.0,1,0.3303760000000002,0.3303760000000002,0.3303760000000002,0.3303760000000002,0.0,1,1.5111519999999998,1.5111519999999998,1.5111519999999998,1.5111519999999998,0.0,1,0.30792800000000004,0.30792800000000004,0.30792800000000004,0.30792800000000004,0.0,1,0.0,0.0,0.0,0.0,0.0,1,7168,128,1,16,4,4096,32,0,0,False,TORCH_SDPA_MLA,False,even,"[1, 1, 1, 1, 1, 1, 1, 1, 1, 1, 1, 1, 1, 1, 1, 1, 1, 1, 1, 1, 1, 1, 1, 1, 1, 1, 1, 1, 1, 1, 1, 1]",32,1,1,1.0,5,0.0,0.0,0.0,576,128,64,192,512,128,32,0,32,1,1,32,False,False,0,0,0,BF16,KERNEL_ONLY,generic,generic,method=fp8|act=dynamic|serialized=True|block=128x128
0.0,0.0,0.0,0.0,0.0,1,0.012315999999999999,0.012315999999999999,0.012315999999999999,0.012315999999999999,0.0,1,0.0,0.0,0.0,0.0,0.0,1,0.0,0.0,0.0,0.0,0.0,1,0.152808,0.152808,0.152808,0.152808,0.0,1,0.8373999999999995,0.8373999999999995,0.8373999999999995,0.8373999999999995,0.0,1,0.14862400000000003,0.14862400000000003,0.14862400000000003,0.14862400000000003,0.0,1,0.0,0.0,0.0,0.0,0.0,1,7168,128,1,16,4,4096,16,0,16,False,TORCH_SDPA_MLA,False,even,"[1, 1, 1, 1, 1, 1, 1, 1, 1, 1, 1, 1, 1, 1, 1, 1]",16,1,1,1.0,4,0.0,0.0,0.0,576,128,64,192,512,128,16,0,16,1,17,16,False,False,0,0,0,BF16,KERNEL_ONLY,generic,generic,method=fp8|act=dynamic|serialized=True|block=128x128
0.0,0.0,0.0,0.0,0.0,1,0.010716000000000002,0.010716000000000002,0.010716000000000002,0.010716000000000002,0.0,1,0.0,0.0,0.0,0.0,0.0,1,0.0,0.0,0.0,0.0,0.0,1,0.018836,0.018836,0.018836,0.018836,0.0,1,0.10253000000000001,0.10253000000000001,0.10253000000000001,0.10253000000000001,0.0,1,0.018558,0.018558,0.018558,0.018558,0.0,1,0.0,0.0,0.0,0.0,0.0,1,7168,128,1,16,4,4096,2,0,24,False,TORCH_SDPA_MLA,False,even,"[1, 1]",2,1,1,1.0,1,0.0,0.0,0.0,576,128,64,192,512,128,2,0,2,1,25,2,False,False,0,0,0,BF16,KERNEL_ONLY,generic,generic,method=fp8|act=dynamic|serialized=True|block=128x128
0.0,0.0,0.0,0.0,0.0,1,0.013836000000000001,0.013836000000000001,0.013836000000000001,0.013836000000000001,0.0,1,0.0,0.0,0.0,0.0,0.0,1,0.0,0.0,0.0,0.0,0.0,1,0.12293599999999999,0.12293599999999999,0.12293599999999999,0.12293599999999999,0.0,1,0.8182990000000002,0.8182990000000002,0.8182990000000002,0.8182990000000002,0.0,1,0.11574800000000002,0.11574800000000002,0.11574800000000002,0.11574800000000002,0.0,1,0.0,0.0,0.0,0.0,0.0,1,7168,128,1,16,4,4096,12,0,48,False,TORCH_SDPA_MLA,False,even,"[1, 1, 1, 1, 1, 1, 1, 1, 1, 1, 1, 1]",12,1,1,1.0,3,0.0,0.0,0.0,576,128,64,192,512,128,12,0,12,1,49,12,False,False,0,0,0,BF16,KERNEL_ONLY,generic,generic,method=fp8|act=dynamic|serialized=True|block=128x128
0.0,0.0,0.0,0.0,0.0,1,0.010716,0.010716,0.010716,0.010716,0.0,1,0.0,0.0,0.0,0.0,0.0,1,0.0,0.0,0.0,0.0,0.0,1,0.010997999999999999,0.010997999999999999,0.010997999999999999,0.010997999999999999,0.0,1,0.068705,0.068705,0.068705,0.068705,0.0,1,0.009839,0.009839,0.009839,0.009839,0.0,1,0.0,0.0,0.0,0.0,0.0,1,7168,128,1,16,4,4096,1,0,64,False,TORCH_SDPA_MLA,False,even,[1],1,1,1,1.0,1,0.0,0.0,0.0,576,128,64,192,512,128,1,0,1,1,65,1,False,False,0,0,0,BF16,KERNEL_ONLY,generic,generic,method=fp8|act=dynamic|serialized=True|block=128x128
0.0,0.0,0.0,0.0,0.0,1,0.014116,0.014116,0.014116,0.014116,0.0,1,0.0,0.0,0.0,0.0,0.0,1,0.0,0.0,0.0,0.0,0.0,1,0.08478400000000001,0.08478400000000001,0.08478400000000001,0.08478400000000001,0.0,1,0.41100799999999993,0.41100799999999993,0.41100799999999993,0.41100799999999993,0.0,1,0.07835199999999999,0.07835199999999999,0.07835199999999999,0.07835199999999999,0.0,1,0.0,0.0,0.0,0.0,0.0,1,7168,128,1,16,4,4096,8,0,8,False,TORCH_SDPA_MLA,False,even,"[1, 1, 1, 1, 1, 1, 1, 1]",8,1,1,1.0,2,0.0,0.0,0.0,576,128,64,192,512,128,8,0,8,1,9,8,False,False,0,0,0,BF16,KERNEL_ONLY,generic,generic,method=fp8|act=dynamic|serialized=True|block=128x128
0.0,0.0,0.0,0.0,0.0,1,0.014396,0.014396,0.014396,0.014396,0.0,1,0.0,0.0,0.0,0.0,0.0,1,0.0,0.0,0.0,0.0,0.0,1,0.123496,0.123496,0.123496,0.123496,0.0,1,0.8830189999999999,0.8830189999999999,0.8830189999999999,0.8830189999999999,0.0,1,0.11550800000000001,0.11550800000000001,0.11550800000000001,0.11550800000000001,0.0,1,0.0,0.0,0.0,0.0,0.0,1,7168,128,1,16,4,4096,12,0,64,False,TORCH_SDPA_MLA,False,even,"[1, 1, 1, 1, 1, 1, 1, 1, 1, 1, 1, 1]",12,1,1,1.0,3,0.0,0.0,0.0,576,128,64,192,512,128,12,0,12,1,65,12,False,False,0,0,0,BF16,KERNEL_ONLY,generic,generic,method=fp8|act=dynamic|serialized=True|block=128x128
0.0,0.0,0.0,0.0,0.0,1,0.011676,0.011676,0.011676,0.011676,0.0,1,0.0,0.0,0.0,0.0,0.0,1,0.0,0.0,0.0,0.0,0.0,1,0.011358,0.011358,0.011358,0.011358,0.0,1,0.075665,0.075665,0.075665,0.075665,0.0,1,0.009599,0.009599,0.009599,0.009599,0.0,1,0.0,0.0,0.0,0.0,0.0,1,7168,128,1,16,4,4096,1,0,96,False,TORCH_SDPA_MLA,False,even,[1],1,1,1,1.0,1,0.0,0.0,0.0,576,128,64,192,512,128,1,0,1,1,97,1,False,False,0,0,0,BF16,KERNEL_ONLY,generic,generic,method=fp8|act=dynamic|serialized=True|block=128x128
0.0,0.0,0.0,0.0,0.0,1,0.014036000000000002,0.014036000000000002,0.014036000000000002,0.014036000000000002,0.0,1,0.0,0.0,0.0,0.0,0.0,1,0.0,0.0,0.0,0.0,0.0,1,0.25227200000000005,0.25227200000000005,0.25227200000000005,0.25227200000000005,0.0,1,1.2410240000000012,1.2410240000000012,1.2410240000000012,1.2410240000000012,0.0,1,0.23469600000000004,0.23469600000000004,0.23469600000000004,0.23469600000000004,0.0,1,0.0,0.0,0.0,0.0,0.0,1,7168,128,1,16,4,4096,24,0,8,False,TORCH_SDPA_MLA,False,even,"[1, 1, 1, 1, 1, 1, 1, 1, 1, 1, 1, 1, 1, 1, 1, 1, 1, 1, 1, 1, 1, 1, 1, 1]",24,1,1,1.0,4,0.0,0.0,0.0,576,128,64,192,512,128,24,0,24,1,9,24,False,False,0,0,0,BF16,KERNEL_ONLY,generic,generic,method=fp8|act=dynamic|serialized=True|block=128x128
0.0,0.0,0.0,0.0,0.0,1,0.013516,0.013516,0.013516,0.013516,0.0,1,0.0,0.0,0.0,0.0,0.0,1,0.0,0.0,0.0,0.0,0.0,1,0.15316799999999997,0.15316799999999997,0.15316799999999997,0.15316799999999997,0.0,1,0.884280000000001,0.884280000000001,0.884280000000001,0.884280000000001,0.0,1,0.151024,0.151024,0.151024,0.151024,0.0,1,0.0,0.0,0.0,0.0,0.0,1,7168,128,1,16,4,4096,16,0,24,False,TORCH_SDPA_MLA,False,even,"[1, 1, 1, 1, 1, 1, 1, 1, 1, 1, 1, 1, 1, 1, 1, 1]",16,1,1,1.0,4,0.0,0.0,0.0,576,128,64,192,512,128,16,0,16,1,25,16,False,False,0,0,0,BF16,KERNEL_ONLY,generic,generic,method=fp8|act=dynamic|serialized=True|block=128x128
0.0,0.0,0.0,0.0,0.0,1,0.010716000000000002,0.010716000000000002,0.010716000000000002,0.010716000000000002,0.0,1,0.0,0.0,0.0,0.0,0.0,1,0.0,0.0,0.0,0.0,0.0,1,0.020156,0.020156,0.020156,0.020156,0.0,1,0.11785,0.11785,0.11785,0.11785,0.0,1,0.018758,0.018758,0.018758,0.018758,0.0,1,0.0,0.0,0.0,0.0,0.0,1,7168,128,1,16,4,4096,2,0,32,False,TORCH_SDPA_MLA,False,even,"[1, 1]",2,1,1,1.0,1,0.0,0.0,0.0,576,128,64,192,512,128,2,0,2,1,33,2,False,False,0,0,0,BF16,KERNEL_ONLY,generic,generic,method=fp8|act=dynamic|serialized=True|block=128x128
0.0,0.0,0.0,0.0,0.0,1,0.011635999999999999,0.011635999999999999,0.011635999999999999,0.011635999999999999,0.0,1,0.0,0.0,0.0,0.0,0.0,1,0.0,0.0,0.0,0.0,0.0,1,0.044112,0.044112,0.044112,0.044112,0.0,1,0.22798000000000004,0.22798000000000004,0.22798000000000004,0.22798000000000004,0.0,1,0.038596000000000005,0.038596000000000005,0.038596000000000005,0.038596000000000005,0.0,1,0.0,0.0,0.0,0.0,0.0,1,7168,128,1,16,4,4096,4,0,16,False,TORCH_SDPA_MLA,False,even,"[1, 1, 1, 1]",4,1,1,1.0,2,0.0,0.0,0.0,576,128,64,192,512,128,4,0,4,1,17,4,False,False,0,0,0,BF16,KERNEL_ONLY,generic,generic,method=fp8|act=dynamic|serialized=True|block=128x128
0.0,0.0,0.0,0.0,0.0,1,0.015035999999999997,0.015035999999999997,0.015035999999999997,0.015035999999999997,0.0,1,0.0,0.0,0.0,0.0,0.0,1,0.0,0.0,0.0,0.0,0.0,1,0.12321599999999999,0.12321599999999999,0.12321599999999999,0.12321599999999999,0.0,1,0.9407799999999993,0.9407799999999993,0.9407799999999993,0.9407799999999993,0.0,1,0.11510800000000002,0.11510800000000002,0.11510800000000002,0.11510800000000002,0.0,1,0.0,0.0,0.0,0.0,0.0,1,7168,128,1,16,4,4096,12,0,96,False,TORCH_SDPA_MLA,False,even,"[1, 1, 1, 1, 1, 1, 1, 1, 1, 1, 1, 1]",12,1,1,1.0,3,0.0,0.0,0.0,576,128,64,192,512,128,12,0,12,1,97,12,False,False,0,0,0,BF16,KERNEL_ONLY,generic,generic,method=fp8|act=dynamic|serialized=True|block=128x128
0.0,0.0,0.0,0.0,0.0,1,0.013436,0.013436,0.013436,0.013436,0.0,1,0.0,0.0,0.0,0.0,0.0,1,0.0,0.0,0.0,0.0,0.0,1,0.15468800000000005,0.15468800000000005,0.15468800000000005,0.15468800000000005,0.0,1,0.9234399999999995,0.9234399999999995,0.9234399999999995,0.9234399999999995,0.0,1,0.151864,0.151864,0.151864,0.151864,0.0,1,0.0,0.0,0.0,0.0,0.0,1,7168,128,1,16,4,4096,16,0,32,False,TORCH_SDPA_MLA,False,even,"[1, 1, 1, 1, 1, 1, 1, 1, 1, 1, 1, 1, 1, 1, 1, 1]",16,1,1,1.0,4,0.0,0.0,0.0,576,128,64,192,512,128,16,0,16,1,33,16,False,False,0,0,0,BF16,KERNEL_ONLY,generic,generic,method=fp8|act=dynamic|serialized=True|block=128x128
0.0,0.0,0.0,0.0,0.0,1,0.011076,0.011076,0.011076,0.011076,0.0,1,0.0,0.0,0.0,0.0,0.0,1,0.0,0.0,0.0,0.0,0.0,1,0.019596,0.019596,0.019596,0.019596,0.0,1,0.12221000000000001,0.12221000000000001,0.12221000000000001,0.12221000000000001,0.0,1,0.018478,0.018478,0.018478,0.018478,0.0,1,0.0,0.0,0.0,0.0,0.0,1,7168,128,1,16,4,4096,2,0,48,False,TORCH_SDPA_MLA,False,even,"[1, 1]",2,1,1,1.0,1,0.0,0.0,0.0,576,128,64,192,512,128,2,0,2,1,49,2,False,False,0,0,0,BF16,KERNEL_ONLY,generic,generic,method=fp8|act=dynamic|serialized=True|block=128x128
0.0,0.0,0.0,0.0,0.0,1,0.013436,0.013436,0.013436,0.013436,0.0,1,0.0,0.0,0.0,0.0,0.0,1,0.0,0.0,0.0,0.0,0.0,1,0.25167199999999995,0.25167199999999995,0.25167199999999995,0.25167199999999995,0.0,1,1.4015999999999995,1.4015999999999995,1.4015999999999995,1.4015999999999995,0.0,1,0.23265599999999997,0.23265599999999997,0.23265599999999997,0.23265599999999997,0.0,1,0.0,0.0,0.0,0.0,0.0,1,7168,128,1,16,4,4096,24,0,16,False,TORCH_SDPA_MLA,False,even,"[1, 1, 1, 1, 1, 1, 1, 1, 1, 1, 1, 1, 1, 1, 1, 1, 1, 1, 1, 1, 1, 1, 1, 1]",24,1,1,1.0,4,0.0,0.0,0.0,576,128,64,192,512,128,24,0,24,1,17,24,False,False,0,0,0,BF16,KERNEL_ONLY,generic,generic,method=fp8|act=dynamic|serialized=True|block=128x128
0.0,0.0,0.0,0.0,0.0,1,0.012876,0.012876,0.012876,0.012876,0.0,1,0.0,0.0,0.0,0.0,0.0,1,0.0,0.0,0.0,0.0,0.0,1,0.155928,0.155928,0.155928,0.155928,0.0,1,1.0004389999999994,1.0004389999999994,1.0004389999999994,1.0004389999999994,0.0,1,0.15130399999999997,0.15130399999999997,0.15130399999999997,0.15130399999999997,0.0,1,0.0,0.0,0.0,0.0,0.0,1,7168,128,1,16,4,4096,16,0,48,False,TORCH_SDPA_MLA,False,even,"[1, 1, 1, 1, 1, 1, 1, 1, 1, 1, 1, 1, 1, 1, 1, 1]",16,1,1,1.0,4,0.0,0.0,0.0,576,128,64,192,512,128,16,0,16,1,49,16,False,False,0,0,0,BF16,KERNEL_ONLY,generic,generic,method=fp8|act=dynamic|serialized=True|block=128x128
0.0,0.0,0.0,0.0,0.0,1,0.010756,0.010756,0.010756,0.010756,0.0,1,0.0,0.0,0.0,0.0,0.0,1,0.0,0.0,0.0,0.0,0.0,1,0.020316,0.020316,0.020316,0.020316,0.0,1,0.12465000000000004,0.12465000000000004,0.12465000000000004,0.12465000000000004,0.0,1,0.018998,0.018998,0.018998,0.018998,0.0,1,0.0,0.0,0.0,0.0,0.0,1,7168,128,1,16,4,4096,2,0,64,False,TORCH_SDPA_MLA,False,even,"[1, 1]",2,1,1,1.0,1,0.0,0.0,0.0,576,128,64,192,512,128,2,0,2,1,65,2,False,False,0,0,0,BF16,KERNEL_ONLY,generic,generic,method=fp8|act=dynamic|serialized=True|block=128x128
0.0,0.0,0.0,0.0,0.0,1,0.012036,0.012036,0.012036,0.012036,0.0,1,0.0,0.0,0.0,0.0,0.0,1,0.0,0.0,0.0,0.0,0.0,1,0.043592,0.043592,0.043592,0.043592,0.0,1,0.22941999999999999,0.22941999999999999,0.22941999999999999,0.22941999999999999,0.0,1,0.038876,0.038876,0.038876,0.038876,0.0,1,0.0,0.0,0.0,0.0,0.0,1,7168,128,1,16,4,4096,4,0,24,False,TORCH_SDPA_MLA,False,even,"[1, 1, 1, 1]",4,1,1,1.0,2,0.0,0.0,0.0,576,128,64,192,512,128,4,0,4,1,25,4,False,False,0,0,0,BF16,KERNEL_ONLY,generic,generic,method=fp8|act=dynamic|serialized=True|block=128x128
0.0,0.0,0.0,0.0,0.0,1,0.014436000000000001,0.014436000000000001,0.014436000000000001,0.014436000000000001,0.0,1,0.0,0.0,0.0,0.0,0.0,1,0.0,0.0,0.0,0.0,0.0,1,0.331136,0.331136,0.331136,0.331136,0.0,1,1.6517919999999988,1.6517919999999988,1.6517919999999988,1.6517919999999988,0.0,1,0.308568,0.308568,0.308568,0.308568,0.0,1,0.0,0.0,0.0,0.0,0.0,1,7168,128,1,16,4,4096,32,0,8,False,TORCH_SDPA_MLA,False,even,"[1, 1, 1, 1, 1, 1, 1, 1, 1, 1, 1, 1, 1, 1, 1, 1, 1, 1, 1, 1, 1, 1, 1, 1, 1, 1, 1, 1, 1, 1, 1, 1]",32,1,1,1.0,5,0.0,0.0,0.0,576,128,64,192,512,128,32,0,32,1,9,32,False,False,0,0,0,BF16,KERNEL_ONLY,generic,generic,method=fp8|act=dynamic|serialized=True|block=128x128
0.0,0.0,0.0,0.0,0.0,1,0.013116,0.013116,0.013116,0.013116,0.0,1,0.0,0.0,0.0,0.0,0.0,1,0.0,0.0,0.0,0.0,0.0,1,0.08554399999999998,0.08554399999999998,0.08554399999999998,0.08554399999999998,0.0,1,0.4530399999999997,0.4530399999999997,0.4530399999999997,0.4530399999999997,0.0,1,0.079352,0.079352,0.079352,0.079352,0.0,1,0.0,0.0,0.0,0.0,0.0,1,7168,128,1,16,4,4096,8,0,16,False,TORCH_SDPA_MLA,False,even,"[1, 1, 1, 1, 1, 1, 1, 1]",8,1,1,1.0,2,0.0,0.0,0.0,576,128,64,192,512,128,8,0,8,1,17,8,False,False,0,0,0,BF16,KERNEL_ONLY,generic,generic,method=fp8|act=dynamic|serialized=True|block=128x128
0.0,0.0,0.0,0.0,0.0,1,0.013276000000000001,0.013276000000000001,0.013276000000000001,0.013276000000000001,0.0,1,0.0,0.0,0.0,0.0,0.0,1,0.0,0.0,0.0,0.0,0.0,1,0.15544799999999998,0.15544799999999998,0.15544799999999998,0.15544799999999998,0.0,1,1.11964,1.11964,1.11964,1.11964,0.0,1,0.148864,0.148864,0.148864,0.148864,0.0,1,0.0,0.0,0.0,0.0,0.0,1,7168,128,1,16,4,4096,16,0,64,False,TORCH_SDPA_MLA,False,even,"[1, 1, 1, 1, 1, 1, 1, 1, 1, 1, 1, 1, 1, 1, 1, 1]",16,1,1,1.0,4,0.0,0.0,0.0,576,128,64,192,512,128,16,0,16,1,65,16,False,False,0,0,0,BF16,KERNEL_ONLY,generic,generic,method=fp8|act=dynamic|serialized=True|block=128x128
0.0,0.0,0.0,0.0,0.0,1,0.012476000000000001,0.012476000000000001,0.012476000000000001,0.012476000000000001,0.0,1,0.0,0.0,0.0,0.0,0.0,1,0.0,0.0,0.0,0.0,0.0,1,0.020876,0.020876,0.020876,0.020876,0.0,1,0.14157000000000003,0.14157000000000003,0.14157000000000003,0.14157000000000003,0.0,1,0.018718000000000002,0.018718000000000002,0.018718000000000002,0.018718000000000002,0.0,1,0.0,0.0,0.0,0.0,0.0,1,7168,128,1,16,4,4096,2,0,96,False,TORCH_SDPA_MLA,False,even,"[1, 1]",2,1,1,1.0,1,0.0,0.0,0.0,576,128,64,192,512,128,2,0,2,1,97,2,False,False,0,0,0,BF16,KERNEL_ONLY,generic,generic,method=fp8|act=dynamic|serialized=True|block=128x128
0.0,0.0,0.0,0.0,0.0,1,0.013716,0.013716,0.013716,0.013716,0.0,1,0.0,0.0,0.0,0.0,0.0,1,0.0,0.0,0.0,0.0,0.0,1,0.24923199999999995,0.24923199999999995,0.24923199999999995,0.24923199999999995,0.0,1,1.4423599999999994,1.4423599999999994,1.4423599999999994,1.4423599999999994,0.0,1,0.23465599999999998,0.23465599999999998,0.23465599999999998,0.23465599999999998,0.0,1,0.0,0.0,0.0,0.0,0.0,1,7168,128,1,16,4,4096,24,0,24,False,TORCH_SDPA_MLA,False,even,"[1, 1, 1, 1, 1, 1, 1, 1, 1, 1, 1, 1, 1, 1, 1, 1, 1, 1, 1, 1, 1, 1, 1, 1]",24,1,1,1.0,4,0.0,0.0,0.0,576,128,64,192,512,128,24,0,24,1,25,24,False,False,0,0,0,BF16,KERNEL_ONLY,generic,generic,method=fp8|act=dynamic|serialized=True|block=128x128
0.0,0.0,0.0,0.0,0.0,1,0.015356,0.015356,0.015356,0.015356,0.0,1,0.0,0.0,0.0,0.0,0.0,1,0.0,0.0,0.0,0.0,0.0,1,0.15476800000000004,0.15476800000000004,0.15476800000000004,0.15476800000000004,0.0,1,1.2153200000000002,1.2153200000000002,1.2153200000000002,1.2153200000000002,0.0,1,0.153744,0.153744,0.153744,0.153744,0.0,1,0.0,0.0,0.0,0.0,0.0,1,7168,128,1,16,4,4096,16,0,96,False,TORCH_SDPA_MLA,False,even,"[1, 1, 1, 1, 1, 1, 1, 1, 1, 1, 1, 1, 1, 1, 1, 1]",16,1,1,1.0,4,0.0,0.0,0.0,576,128,64,192,512,128,16,0,16,1,97,16,False,False,0,0,0,BF16,KERNEL_ONLY,generic,generic,method=fp8|act=dynamic|serialized=True|block=128x128
0.0,0.0,0.0,0.0,0.0,1,0.011996000000000001,0.011996000000000001,0.011996000000000001,0.011996000000000001,0.0,1,0.0,0.0,0.0,0.0,0.0,1,0.0,0.0,0.0,0.0,0.0,1,0.043592,0.043592,0.043592,0.043592,0.0,1,0.25322000000000006,0.25322000000000006,0.25322000000000006,0.25322000000000006,0.0,1,0.037756,0.037756,0.037756,0.037756,0.0,1,0.0,0.0,0.0,0.0,0.0,1,7168,128,1,16,4,4096,4,0,32,False,TORCH_SDPA_MLA,False,even,"[1, 1, 1, 1]",4,1,1,1.0,2,0.0,0.0,0.0,576,128,64,192,512,128,4,0,4,1,33,4,False,False,0,0,0,BF16,KERNEL_ONLY,generic,generic,method=fp8|act=dynamic|serialized=True|block=128x128
0.0,0.0,0.0,0.0,0.0,1,0.013916000000000001,0.013916000000000001,0.013916000000000001,0.013916000000000001,0.0,1,0.0,0.0,0.0,0.0,0.0,1,0.0,0.0,0.0,0.0,0.0,1,0.25879199999999997,0.25879199999999997,0.25879199999999997,0.25879199999999997,0.0,1,1.4874399999999997,1.4874399999999997,1.4874399999999997,1.4874399999999997,0.0,1,0.23293599999999998,0.23293599999999998,0.23293599999999998,0.23293599999999998,0.0,1,0.0,0.0,0.0,0.0,0.0,1,7168,128,1,16,4,4096,24,0,32,False,TORCH_SDPA_MLA,False,even,"[1, 1, 1, 1, 1, 1, 1, 1, 1, 1, 1, 1, 1, 1, 1, 1, 1, 1, 1, 1, 1, 1, 1, 1]",24,1,1,1.0,4,0.0,0.0,0.0,576,128,64,192,512,128,24,0,24,1,33,24,False,False,0,0,0,BF16,KERNEL_ONLY,generic,generic,method=fp8|act=dynamic|serialized=True|block=128x128
0.0,0.0,0.0,0.0,0.0,1,0.014196000000000002,0.014196000000000002,0.014196000000000002,0.014196000000000002,0.0,1,0.0,0.0,0.0,0.0,0.0,1,0.0,0.0,0.0,0.0,0.0,1,0.33073600000000003,0.33073600000000003,0.33073600000000003,0.33073600000000003,0.0,1,1.8921990000000006,1.8921990000000006,1.8921990000000006,1.8921990000000006,0.0,1,0.30528800000000006,0.30528800000000006,0.30528800000000006,0.30528800000000006,0.0,1,0.0,0.0,0.0,0.0,0.0,1,7168,128,1,16,4,4096,32,0,16,False,TORCH_SDPA_MLA,False,even,"[1, 1, 1, 1, 1, 1, 1, 1, 1, 1, 1, 1, 1, 1, 1, 1, 1, 1, 1, 1, 1, 1, 1, 1, 1, 1, 1, 1, 1, 1, 1, 1]",32,1,1,1.0,5,0.0,0.0,0.0,576,128,64,192,512,128,32,0,32,1,17,32,False,False,0,0,0,BF16,KERNEL_ONLY,generic,generic,method=fp8|act=dynamic|serialized=True|block=128x128
0.0,0.0,0.0,0.0,0.0,1,0.012476000000000001,0.012476000000000001,0.012476000000000001,0.012476000000000001,0.0,1,0.0,0.0,0.0,0.0,0.0,1,0.0,0.0,0.0,0.0,0.0,1,0.044232,0.044232,0.044232,0.044232,0.0,1,0.2687800000000001,0.2687800000000001,0.2687800000000001,0.2687800000000001,0.0,1,0.038596000000000005,0.038596000000000005,0.038596000000000005,0.038596000000000005,0.0,1,0.0,0.0,0.0,0.0,0.0,1,7168,128,1,16,4,4096,4,0,48,False,TORCH_SDPA_MLA,False,even,"[1, 1, 1, 1]",4,1,1,1.0,2,0.0,0.0,0.0,576,128,64,192,512,128,4,0,4,1,49,4,False,False,0,0,0,BF16,KERNEL_ONLY,generic,generic,method=fp8|act=dynamic|serialized=True|block=128x128
0.0,0.0,0.0,0.0,0.0,1,0.013236000000000001,0.013236000000000001,0.013236000000000001,0.013236000000000001,0.0,1,0.0,0.0,0.0,0.0,0.0,1,0.0,0.0,0.0,0.0,0.0,1,0.08598399999999999,0.08598399999999999,0.08598399999999999,0.08598399999999999,0.0,1,0.4629600000000001,0.4629600000000001,0.4629600000000001,0.4629600000000001,0.0,1,0.078992,0.078992,0.078992,0.078992,0.0,1,0.0,0.0,0.0,0.0,0.0,1,7168,128,1,16,4,4096,8,0,24,False,TORCH_SDPA_MLA,False,even,"[1, 1, 1, 1, 1, 1, 1, 1]",8,1,1,1.0,2,0.0,0.0,0.0,576,128,64,192,512,128,8,0,8,1,25,8,False,False,0,0,0,BF16,KERNEL_ONLY,generic,generic,method=fp8|act=dynamic|serialized=True|block=128x128
0.0,0.0,0.0,0.0,0.0,1,0.014836,0.014836,0.014836,0.014836,0.0,1,0.0,0.0,0.0,0.0,0.0,1,0.0,0.0,0.0,0.0,0.0,1,0.24863200000000005,0.24863200000000005,0.24863200000000005,0.24863200000000005,0.0,1,1.6151200000000001,1.6151200000000001,1.6151200000000001,1.6151200000000001,0.0,1,0.232936,0.232936,0.232936,0.232936,0.0,1,0.0,0.0,0.0,0.0,0.0,1,7168,128,1,16,4,4096,24,0,48,False,TORCH_SDPA_MLA,False,even,"[1, 1, 1, 1, 1, 1, 1, 1, 1, 1, 1, 1, 1, 1, 1, 1, 1, 1, 1, 1, 1, 1, 1, 1]",24,1,1,1.0,4,0.0,0.0,0.0,576,128,64,192,512,128,24,0,24,1,49,24,False,False,0,0,0,BF16,KERNEL_ONLY,generic,generic,method=fp8|act=dynamic|serialized=True|block=128x128
0.0,0.0,0.0,0.0,0.0,1,0.012155999999999998,0.012155999999999998,0.012155999999999998,0.012155999999999998,0.0,1,0.0,0.0,0.0,0.0,0.0,1,0.0,0.0,0.0,0.0,0.0,1,0.043592,0.043592,0.043592,0.043592,0.0,1,0.29829999999999995,0.29829999999999995,0.29829999999999995,0.29829999999999995,0.0,1,0.038596000000000005,0.038596000000000005,0.038596000000000005,0.038596000000000005,0.0,1,0.0,0.0,0.0,0.0,0.0,1,7168,128,1,16,4,4096,4,0,64,False,TORCH_SDPA_MLA,False,even,"[1, 1, 1, 1]",4,1,1,1.0,2,0.0,0.0,0.0,576,128,64,192,512,128,4,0,4,1,65,4,False,False,0,0,0,BF16,KERNEL_ONLY,generic,generic,method=fp8|act=dynamic|serialized=True|block=128x128
0.0,0.0,0.0,0.0,0.0,1,0.014916,0.014916,0.014916,0.014916,0.0,1,0.0,0.0,0.0,0.0,0.0,1,0.0,0.0,0.0,0.0,0.0,1,0.32677600000000007,0.32677600000000007,0.32677600000000007,0.32677600000000007,0.0,1,1.8752789999999981,1.8752789999999981,1.8752789999999981,1.8752789999999981,0.0,1,0.30288800000000005,0.30288800000000005,0.30288800000000005,0.30288800000000005,0.0,1,0.0,0.0,0.0,0.0,0.0,1,7168,128,1,16,4,4096,32,0,24,False,TORCH_SDPA_MLA,False,even,"[1, 1, 1, 1, 1, 1, 1, 1, 1, 1, 1, 1, 1, 1, 1, 1, 1, 1, 1, 1, 1, 1, 1, 1, 1, 1, 1, 1, 1, 1, 1, 1]",32,1,1,1.0,5,0.0,0.0,0.0,576,128,64,192,512,128,32,0,32,1,25,32,False,False,0,0,0,BF16,KERNEL_ONLY,generic,generic,method=fp8|act=dynamic|serialized=True|block=128x128
0.0,0.0,0.0,0.0,0.0,1,0.013476,0.013476,0.013476,0.013476,0.0,1,0.0,0.0,0.0,0.0,0.0,1,0.0,0.0,0.0,0.0,0.0,1,0.086184,0.086184,0.086184,0.086184,0.0,1,0.51032,0.51032,0.51032,0.51032,0.0,1,0.08115199999999999,0.08115199999999999,0.08115199999999999,0.08115199999999999,0.0,1,0.0,0.0,0.0,0.0,0.0,1,7168,128,1,16,4,4096,8,0,32,False,TORCH_SDPA_MLA,False,even,"[1, 1, 1, 1, 1, 1, 1, 1]",8,1,1,1.0,2,0.0,0.0,0.0,576,128,64,192,512,128,8,0,8,1,33,8,False,False,0,0,0,BF16,KERNEL_ONLY,generic,generic,method=fp8|act=dynamic|serialized=True|block=128x128
0.0,0.0,0.0,0.0,0.0,1,0.015036000000000002,0.015036000000000002,0.015036000000000002,0.015036000000000002,0.0,1,0.0,0.0,0.0,0.0,0.0,1,0.0,0.0,0.0,0.0,0.0,1,0.24935200000000002,0.24935200000000002,0.24935200000000002,0.24935200000000002,0.0,1,1.765239999999999,1.765239999999999,1.765239999999999,1.765239999999999,0.0,1,0.23421599999999998,0.23421599999999998,0.23421599999999998,0.23421599999999998,0.0,1,0.0,0.0,0.0,0.0,0.0,1,7168,128,1,16,4,4096,24,0,64,False,TORCH_SDPA_MLA,False,even,"[1, 1, 1, 1, 1, 1, 1, 1, 1, 1, 1, 1, 1, 1, 1, 1, 1, 1, 1, 1, 1, 1, 1, 1]",24,1,1,1.0,4,0.0,0.0,0.0,576,128,64,192,512,128,24,0,24,1,65,24,False,False,0,0,0,BF16,KERNEL_ONLY,generic,generic,method=fp8|act=dynamic|serialized=True|block=128x128
0.0,0.0,0.0,0.0,0.0,1,0.012596,0.012596,0.012596,0.012596,0.0,1,0.0,0.0,0.0,0.0,0.0,1,0.0,0.0,0.0,0.0,0.0,1,0.044632,0.044632,0.044632,0.044632,0.0,1,0.31286000000000014,0.31286000000000014,0.31286000000000014,0.31286000000000014,0.0,1,0.039036,0.039036,0.039036,0.039036,0.0,1,0.0,0.0,0.0,0.0,0.0,1,7168,128,1,16,4,4096,4,0,96,False,TORCH_SDPA_MLA,False,even,"[1, 1, 1, 1]",4,1,1,1.0,2,0.0,0.0,0.0,576,128,64,192,512,128,4,0,4,1,97,4,False,False,0,0,0,BF16,KERNEL_ONLY,generic,generic,method=fp8|act=dynamic|serialized=True|block=128x128
0.0,0.0,0.0,0.0,0.0,1,0.015516,0.015516,0.015516,0.015516,0.0,1,0.0,0.0,0.0,0.0,0.0,1,0.0,0.0,0.0,0.0,0.0,1,0.251151,0.251151,0.251151,0.251151,0.0,1,1.9060800000000007,1.9060800000000007,1.9060800000000007,1.9060800000000007,0.0,1,0.23429600000000003,0.23429600000000003,0.23429600000000003,0.23429600000000003,0.0,1,0.0,0.0,0.0,0.0,0.0,1,7168,128,1,16,4,4096,24,0,96,False,TORCH_SDPA_MLA,False,even,"[1, 1, 1, 1, 1, 1, 1, 1, 1, 1, 1, 1, 1, 1, 1, 1, 1, 1, 1, 1, 1, 1, 1, 1]",24,1,1,1.0,4,0.0,0.0,0.0,576,128,64,192,512,128,24,0,24,1,97,24,False,False,0,0,0,BF16,KERNEL_ONLY,generic,generic,method=fp8|act=dynamic|serialized=True|block=128x128
0.0,0.0,0.0,0.0,0.0,1,0.015276,0.015276,0.015276,0.015276,0.0,1,0.0,0.0,0.0,0.0,0.0,1,0.0,0.0,0.0,0.0,0.0,1,0.3432160000000001,0.3432160000000001,0.3432160000000001,0.3432160000000001,0.0,1,1.9751590000000012,1.9751590000000012,1.9751590000000012,1.9751590000000012,0.0,1,0.317608,0.317608,0.317608,0.317608,0.0,1,0.0,0.0,0.0,0.0,0.0,1,7168,128,1,16,4,4096,32,0,32,False,TORCH_SDPA_MLA,False,even,"[1, 1, 1, 1, 1, 1, 1, 1, 1, 1, 1, 1, 1, 1, 1, 1, 1, 1, 1, 1, 1, 1, 1, 1, 1, 1, 1, 1, 1, 1, 1, 1]",32,1,1,1.0,5,0.0,0.0,0.0,576,128,64,192,512,128,32,0,32,1,33,32,False,False,0,0,0,BF16,KERNEL_ONLY,generic,generic,method=fp8|act=dynamic|serialized=True|block=128x128
0.0,0.0,0.0,0.0,0.0,1,0.013715999999999999,0.013715999999999999,0.013715999999999999,0.013715999999999999,0.0,1,0.0,0.0,0.0,0.0,0.0,1,0.0,0.0,0.0,0.0,0.0,1,0.086144,0.086144,0.086144,0.086144,0.0,1,0.5226799999999999,0.5226799999999999,0.5226799999999999,0.5226799999999999,0.0,1,0.07771200000000002,0.07771200000000002,0.07771200000000002,0.07771200000000002,0.0,1,0.0,0.0,0.0,0.0,0.0,1,7168,128,1,16,4,4096,8,0,48,False,TORCH_SDPA_MLA,False,even,"[1, 1, 1, 1, 1, 1, 1, 1]",8,1,1,1.0,2,0.0,0.0,0.0,576,128,64,192,512,128,8,0,8,1,49,8,False,False,0,0,0,BF16,KERNEL_ONLY,generic,generic,method=fp8|act=dynamic|serialized=True|block=128x128
0.0,0.0,0.0,0.0,0.0,1,0.016076,0.016076,0.016076,0.016076,0.0,1,0.0,0.0,0.0,0.0,0.0,1,0.0,0.0,0.0,0.0,0.0,1,0.32765599999999995,0.32765599999999995,0.32765599999999995,0.32765599999999995,0.0,1,2.173479999999999,2.173479999999999,2.173479999999999,2.173479999999999,0.0,1,0.30624800000000013,0.30624800000000013,0.30624800000000013,0.30624800000000013,0.0,1,0.0,0.0,0.0,0.0,0.0,1,7168,128,1,16,4,4096,32,0,48,False,TORCH_SDPA_MLA,False,even,"[1, 1, 1, 1, 1, 1, 1, 1, 1, 1, 1, 1, 1, 1, 1, 1, 1, 1, 1, 1, 1, 1, 1, 1, 1, 1, 1, 1, 1, 1, 1, 1]",32,1,1,1.0,5,0.0,0.0,0.0,576,128,64,192,512,128,32,0,32,1,49,32,False,False,0,0,0,BF16,KERNEL_ONLY,generic,generic,method=fp8|act=dynamic|serialized=True|block=128x128
0.0,0.0,0.0,0.0,0.0,1,0.014636,0.014636,0.014636,0.014636,0.0,1,0.0,0.0,0.0,0.0,0.0,1,0.0,0.0,0.0,0.0,0.0,1,0.084584,0.084584,0.084584,0.084584,0.0,1,0.5798799999999998,0.5798799999999998,0.5798799999999998,0.5798799999999998,0.0,1,0.077512,0.077512,0.077512,0.077512,0.0,1,0.0,0.0,0.0,0.0,0.0,1,7168,128,1,16,4,4096,8,0,64,False,TORCH_SDPA_MLA,False,even,"[1, 1, 1, 1, 1, 1, 1, 1]",8,1,1,1.0,2,0.0,0.0,0.0,576,128,64,192,512,128,8,0,8,1,65,8,False,False,0,0,0,BF16,KERNEL_ONLY,generic,generic,method=fp8|act=dynamic|serialized=True|block=128x128
0.0,0.0,0.0,0.0,0.0,1,0.014996,0.014996,0.014996,0.014996,0.0,1,0.0,0.0,0.0,0.0,0.0,1,0.0,0.0,0.0,0.0,0.0,1,0.3323360000000001,0.3323360000000001,0.3323360000000001,0.3323360000000001,0.0,1,2.358439999999998,2.358439999999998,2.358439999999998,2.358439999999998,0.0,1,0.311568,0.311568,0.311568,0.311568,0.0,1,0.0,0.0,0.0,0.0,0.0,1,7168,128,1,16,4,4096,32,0,64,False,TORCH_SDPA_MLA,False,even,"[1, 1, 1, 1, 1, 1, 1, 1, 1, 1, 1, 1, 1, 1, 1, 1, 1, 1, 1, 1, 1, 1, 1, 1, 1, 1, 1, 1, 1, 1, 1, 1]",32,1,1,1.0,5,0.0,0.0,0.0,576,128,64,192,512,128,32,0,32,1,65,32,False,False,0,0,0,BF16,KERNEL_ONLY,generic,generic,method=fp8|act=dynamic|serialized=True|block=128x128
0.0,0.0,0.0,0.0,0.0,1,0.014995999999999999,0.014995999999999999,0.014995999999999999,0.014995999999999999,0.0,1,0.0,0.0,0.0,0.0,0.0,1,0.0,0.0,0.0,0.0,0.0,1,0.08694400000000001,0.08694400000000001,0.08694400000000001,0.08694400000000001,0.0,1,0.6263200000000002,0.6263200000000002,0.6263200000000002,0.6263200000000002,0.0,1,0.08047200000000002,0.08047200000000002,0.08047200000000002,0.08047200000000002,0.0,1,0.0,0.0,0.0,0.0,0.0,1,7168,128,1,16,4,4096,8,0,96,False,TORCH_SDPA_MLA,False,even,"[1, 1, 1, 1, 1, 1, 1, 1]",8,1,1,1.0,2,0.0,0.0,0.0,576,128,64,192,512,128,8,0,8,1,97,8,False,False,0,0,0,BF16,KERNEL_ONLY,generic,generic,method=fp8|act=dynamic|serialized=True|block=128x128
0.0,0.0,0.0,0.0,0.0,1,0.015356,0.015356,0.015356,0.015356,0.0,1,0.0,0.0,0.0,0.0,0.0,1,0.0,0.0,0.0,0.0,0.0,1,0.32721599999999995,0.32721599999999995,0.32721599999999995,0.32721599999999995,0.0,1,2.5454400000000024,2.5454400000000024,2.5454400000000024,2.5454400000000024,0.0,1,0.30664800000000003,0.30664800000000003,0.30664800000000003,0.30664800000000003,0.0,1,0.0,0.0,0.0,0.0,0.0,1,7168,128,1,16,4,4096,32,0,96,False,TORCH_SDPA_MLA,False,even,"[1, 1, 1, 1, 1, 1, 1, 1, 1, 1, 1, 1, 1, 1, 1, 1, 1, 1, 1, 1, 1, 1, 1, 1, 1, 1, 1, 1, 1, 1, 1, 1]",32,1,1,1.0,5,0.0,0.0,0.0,576,128,64,192,512,128,32,0,32,1,97,32,False,False,0,0,0,BF16,KERNEL_ONLY,generic,generic,method=fp8|act=dynamic|serialized=True|block=128x128
0.0,0.0,0.0,0.0,0.0,1,0.015355999999999998,0.015355999999999998,0.015355999999999998,0.015355999999999998,0.0,1,0.0,0.0,0.0,0.0,0.0,1,0.0,0.0,0.0,0.0,0.0,1,0.022316000000000003,0.022316000000000003,0.022316000000000003,0.022316000000000003,0.0,1,0.091292,0.091292,0.091292,0.091292,0.0,1,0.022558,0.022558,0.022558,0.022558,0.0,1,0.0,0.0,0.0,0.0,0.0,1,7168,128,1,16,8,4096,2,0,0,False,TORCH_SDPA_MLA,False,even,"[1, 1]",2,1,1,1.0,1,0.0,0.0,0.0,576,128,64,192,512,128,2,0,2,1,1,2,False,False,0,0,0,BF16,KERNEL_ONLY,generic,generic,method=fp8|act=dynamic|serialized=True|block=128x128
0.0,0.0,0.0,0.0,0.0,1,0.009916000000000001,0.009916000000000001,0.009916000000000001,0.009916000000000001,0.0,1,0.0,0.0,0.0,0.0,0.0,1,0.0,0.0,0.0,0.0,0.0,1,0.018516,0.018516,0.018516,0.018516,0.0,1,0.079972,0.079972,0.079972,0.079972,0.0,1,0.021918,0.021918,0.021918,0.021918,0.0,1,0.0,0.0,0.0,0.0,0.0,1,7168,128,1,16,8,4096,2,0,8,False,TORCH_SDPA_MLA,False,even,"[1, 1]",2,1,1,1.0,1,0.0,0.0,0.0,576,128,64,192,512,128,2,0,2,1,9,2,False,False,0,0,0,BF16,KERNEL_ONLY,generic,generic,method=fp8|act=dynamic|serialized=True|block=128x128
0.0,0.0,0.0,0.0,0.0,1,0.011316000000000001,0.011316000000000001,0.011316000000000001,0.011316000000000001,0.0,1,0.0,0.0,0.0,0.0,0.0,1,0.0,0.0,0.0,0.0,0.0,1,0.018556000000000003,0.018556000000000003,0.018556000000000003,0.018556000000000003,0.0,1,0.10709000000000003,0.10709000000000003,0.10709000000000003,0.10709000000000003,0.0,1,0.019118,0.019118,0.019118,0.019118,0.0,1,0.0,0.0,0.0,0.0,0.0,1,7168,128,1,16,8,4096,2,0,16,False,TORCH_SDPA_MLA,False,even,"[1, 1]",2,1,1,1.0,1,0.0,0.0,0.0,576,128,64,192,512,128,2,0,2,1,17,2,False,False,0,0,0,BF16,KERNEL_ONLY,generic,generic,method=fp8|act=dynamic|serialized=True|block=128x128
0.0,0.0,0.0,0.0,0.0,1,0.009316000000000001,0.009316000000000001,0.009316000000000001,0.009316000000000001,0.0,1,0.0,0.0,0.0,0.0,0.0,1,0.0,0.0,0.0,0.0,0.0,1,0.018556000000000003,0.018556000000000003,0.018556000000000003,0.018556000000000003,0.0,1,0.09853,0.09853,0.09853,0.09853,0.0,1,0.018997999999999998,0.018997999999999998,0.018997999999999998,0.018997999999999998,0.0,1,0.0,0.0,0.0,0.0,0.0,1,7168,128,1,16,8,4096,2,0,24,False,TORCH_SDPA_MLA,False,even,"[1, 1]",2,1,1,1.0,1,0.0,0.0,0.0,576,128,64,192,512,128,2,0,2,1,25,2,False,False,0,0,0,BF16,KERNEL_ONLY,generic,generic,method=fp8|act=dynamic|serialized=True|block=128x128
0.0,0.0,0.0,0.0,0.0,1,0.015716,0.015716,0.015716,0.015716,0.0,1,0.0,0.0,0.0,0.0,0.0,1,0.0,0.0,0.0,0.0,0.0,1,0.013198000000000001,0.013198000000000001,0.013198000000000001,0.013198000000000001,0.0,1,0.043586,0.043586,0.043586,0.043586,0.0,1,0.012919,0.012919,0.012919,0.012919,0.0,1,0.0,0.0,0.0,0.0,0.0,1,7168,128,1,16,8,4096,1,0,0,False,TORCH_SDPA_MLA,False,even,[1],1,1,1,1.0,1,0.0,0.0,0.0,576,128,64,192,512,128,1,0,1,1,1,1,False,False,0,0,0,BF16,KERNEL_ONLY,generic,generic,method=fp8|act=dynamic|serialized=True|block=128x128
0.0,0.0,0.0,0.0,0.0,1,0.009956,0.009956,0.009956,0.009956,0.0,1,0.0,0.0,0.0,0.0,0.0,1,0.0,0.0,0.0,0.0,0.0,1,0.019276,0.019276,0.019276,0.019276,0.0,1,0.10821000000000003,0.10821000000000003,0.10821000000000003,0.10821000000000003,0.0,1,0.018997999999999998,0.018997999999999998,0.018997999999999998,0.018997999999999998,0.0,1,0.0,0.0,0.0,0.0,0.0,1,7168,128,1,16,8,4096,2,0,32,False,TORCH_SDPA_MLA,False,even,"[1, 1]",2,1,1,1.0,1,0.0,0.0,0.0,576,128,64,192,512,128,2,0,2,1,33,2,False,False,0,0,0,BF16,KERNEL_ONLY,generic,generic,method=fp8|act=dynamic|serialized=True|block=128x128
0.0,0.0,0.0,0.0,0.0,1,0.010876000000000002,0.010876000000000002,0.010876000000000002,0.010876000000000002,0.0,1,0.0,0.0,0.0,0.0,0.0,1,0.0,0.0,0.0,0.0,0.0,1,0.009718000000000001,0.009718000000000001,0.009718000000000001,0.009718000000000001,0.0,1,0.04046600000000001,0.04046600000000001,0.04046600000000001,0.04046600000000001,0.0,1,0.010919,0.010919,0.010919,0.010919,0.0,1,0.0,0.0,0.0,0.0,0.0,1,7168,128,1,16,8,4096,1,0,8,False,TORCH_SDPA_MLA,False,even,[1],1,1,1,1.0,1,0.0,0.0,0.0,576,128,64,192,512,128,1,0,1,1,9,1,False,False,0,0,0,BF16,KERNEL_ONLY,generic,generic,method=fp8|act=dynamic|serialized=True|block=128x128
0.0,0.0,0.0,0.0,0.0,1,0.009756,0.009756,0.009756,0.009756,0.0,1,0.0,0.0,0.0,0.0,0.0,1,0.0,0.0,0.0,0.0,0.0,1,0.019036,0.019036,0.019036,0.019036,0.0,1,0.11229000000000001,0.11229000000000001,0.11229000000000001,0.11229000000000001,0.0,1,0.018838,0.018838,0.018838,0.018838,0.0,1,0.0,0.0,0.0,0.0,0.0,1,7168,128,1,16,8,4096,2,0,48,False,TORCH_SDPA_MLA,False,even,"[1, 1]",2,1,1,1.0,1,0.0,0.0,0.0,576,128,64,192,512,128,2,0,2,1,49,2,False,False,0,0,0,BF16,KERNEL_ONLY,generic,generic,method=fp8|act=dynamic|serialized=True|block=128x128
0.0,0.0,0.0,0.0,0.0,1,0.013396,0.013396,0.013396,0.013396,0.0,1,0.0,0.0,0.0,0.0,0.0,1,0.0,0.0,0.0,0.0,0.0,1,0.009958,0.009958,0.009958,0.009958,0.0,1,0.04762500000000001,0.04762500000000001,0.04762500000000001,0.04762500000000001,0.0,1,0.011439,0.011439,0.011439,0.011439,0.0,1,0.0,0.0,0.0,0.0,0.0,1,7168,128,1,16,8,4096,1,0,16,False,TORCH_SDPA_MLA,False,even,[1],1,1,1,1.0,1,0.0,0.0,0.0,576,128,64,192,512,128,1,0,1,1,17,1,False,False,0,0,0,BF16,KERNEL_ONLY,generic,generic,method=fp8|act=dynamic|serialized=True|block=128x128
0.0,0.0,0.0,0.0,0.0,1,0.009156,0.009156,0.009156,0.009156,0.0,1,0.0,0.0,0.0,0.0,0.0,1,0.0,0.0,0.0,0.0,0.0,1,0.009958,0.009958,0.009958,0.009958,0.0,1,0.045145000000000005,0.045145000000000005,0.045145000000000005,0.045145000000000005,0.0,1,0.009519,0.009519,0.009519,0.009519,0.0,1,0.0,0.0,0.0,0.0,0.0,1,7168,128,1,16,8,4096,1,0,24,False,TORCH_SDPA_MLA,False,even,[1],1,1,1,1.0,1,0.0,0.0,0.0,576,128,64,192,512,128,1,0,1,1,25,1,False,False,0,0,0,BF16,KERNEL_ONLY,generic,generic,method=fp8|act=dynamic|serialized=True|block=128x128
0.0,0.0,0.0,0.0,0.0,1,0.009396000000000002,0.009396000000000002,0.009396000000000002,0.009396000000000002,0.0,1,0.0,0.0,0.0,0.0,0.0,1,0.0,0.0,0.0,0.0,0.0,1,0.018756000000000002,0.018756000000000002,0.018756000000000002,0.018756000000000002,0.0,1,0.11353,0.11353,0.11353,0.11353,0.0,1,0.018878,0.018878,0.018878,0.018878,0.0,1,0.0,0.0,0.0,0.0,0.0,1,7168,128,1,16,8,4096,2,0,64,False,TORCH_SDPA_MLA,False,even,"[1, 1]",2,1,1,1.0,1,0.0,0.0,0.0,576,128,64,192,512,128,2,0,2,1,65,2,False,False,0,0,0,BF16,KERNEL_ONLY,generic,generic,method=fp8|act=dynamic|serialized=True|block=128x128
0.0,0.0,0.0,0.0,0.0,1,0.009635999999999999,0.009635999999999999,0.009635999999999999,0.009635999999999999,0.0,1,0.0,0.0,0.0,0.0,0.0,1,0.0,0.0,0.0,0.0,0.0,1,0.009918,0.009918,0.009918,0.009918,0.0,1,0.05442500000000001,0.05442500000000001,0.05442500000000001,0.05442500000000001,0.0,1,0.009359000000000001,0.009359000000000001,0.009359000000000001,0.009359000000000001,0.0,1,0.0,0.0,0.0,0.0,0.0,1,7168,128,1,16,8,4096,1,0,32,False,TORCH_SDPA_MLA,False,even,[1],1,1,1,1.0,1,0.0,0.0,0.0,576,128,64,192,512,128,1,0,1,1,33,1,False,False,0,0,0,BF16,KERNEL_ONLY,generic,generic,method=fp8|act=dynamic|serialized=True|block=128x128
0.0,0.0,0.0,0.0,0.0,1,0.010516000000000003,0.010516000000000003,0.010516000000000003,0.010516000000000003,0.0,1,0.0,0.0,0.0,0.0,0.0,1,0.0,0.0,0.0,0.0,0.0,1,0.019516,0.019516,0.019516,0.019516,0.0,1,0.12969,0.12969,0.12969,0.12969,0.0,1,0.019238,0.019238,0.019238,0.019238,0.0,1,0.0,0.0,0.0,0.0,0.0,1,7168,128,1,16,8,4096,2,0,96,False,TORCH_SDPA_MLA,False,even,"[1, 1]",2,1,1,1.0,1,0.0,0.0,0.0,576,128,64,192,512,128,2,0,2,1,97,2,False,False,0,0,0,BF16,KERNEL_ONLY,generic,generic,method=fp8|act=dynamic|serialized=True|block=128x128
0.0,0.0,0.0,0.0,0.0,1,0.009476,0.009476,0.009476,0.009476,0.0,1,0.0,0.0,0.0,0.0,0.0,1,0.0,0.0,0.0,0.0,0.0,1,0.010038,0.010038,0.010038,0.010038,0.0,1,0.055865,0.055865,0.055865,0.055865,0.0,1,0.009399,0.009399,0.009399,0.009399,0.0,1,0.0,0.0,0.0,0.0,0.0,1,7168,128,1,16,8,4096,1,0,48,False,TORCH_SDPA_MLA,False,even,[1],1,1,1,1.0,1,0.0,0.0,0.0,576,128,64,192,512,128,1,0,1,1,49,1,False,False,0,0,0,BF16,KERNEL_ONLY,generic,generic,method=fp8|act=dynamic|serialized=True|block=128x128
0.0,0.0,0.0,0.0,0.0,1,0.009115999999999999,0.009115999999999999,0.009115999999999999,0.009115999999999999,0.0,1,0.0,0.0,0.0,0.0,0.0,1,0.0,0.0,0.0,0.0,0.0,1,0.010278,0.010278,0.010278,0.010278,0.0,1,0.056345,0.056345,0.056345,0.056345,0.0,1,0.009439,0.009439,0.009439,0.009439,0.0,1,0.0,0.0,0.0,0.0,0.0,1,7168,128,1,16,8,4096,1,0,64,False,TORCH_SDPA_MLA,False,even,[1],1,1,1,1.0,1,0.0,0.0,0.0,576,128,64,192,512,128,1,0,1,1,65,1,False,False,0,0,0,BF16,KERNEL_ONLY,generic,generic,method=fp8|act=dynamic|serialized=True|block=128x128
0.0,0.0,0.0,0.0,0.0,1,0.009236000000000001,0.009236000000000001,0.009236000000000001,0.009236000000000001,0.0,1,0.0,0.0,0.0,0.0,0.0,1,0.0,0.0,0.0,0.0,0.0,1,0.010038,0.010038,0.010038,0.010038,0.0,1,0.058864999999999994,0.058864999999999994,0.058864999999999994,0.058864999999999994,0.0,1,0.009359000000000001,0.009359000000000001,0.009359000000000001,0.009359000000000001,0.0,1,0.0,0.0,0.0,0.0,0.0,1,7168,128,1,16,8,4096,1,0,96,False,TORCH_SDPA_MLA,False,even,[1],1,1,1,1.0,1,0.0,0.0,0.0,576,128,64,192,512,128,1,0,1,1,97,1,False,False,0,0,0,BF16,KERNEL_ONLY,generic,generic,method=fp8|act=dynamic|serialized=True|block=128x128
0.0,0.0,0.0,0.0,0.0,1,0.019596,0.019596,0.019596,0.019596,0.0,1,0.0,0.0,0.0,0.0,0.0,1,0.0,0.0,0.0,0.0,0.0,1,0.081024,0.081024,0.081024,0.081024,0.0,1,0.3767679999999998,0.3767679999999998,0.3767679999999998,0.3767679999999998,0.0,1,0.079871,0.079871,0.079871,0.079871,0.0,1,0.0,0.0,0.0,0.0,0.0,1,7168,128,1,16,8,4096,8,0,0,False,TORCH_SDPA_MLA,False,even,"[1, 1, 1, 1, 1, 1, 1, 1]",8,1,1,1.0,2,0.0,0.0,0.0,576,128,64,192,512,128,8,0,8,1,1,8,False,False,0,0,0,BF16,KERNEL_ONLY,generic,generic,method=fp8|act=dynamic|serialized=True|block=128x128
0.0,0.0,0.0,0.0,0.0,1,0.015516,0.015516,0.015516,0.015516,0.0,1,0.0,0.0,0.0,0.0,0.0,1,0.0,0.0,0.0,0.0,0.0,1,0.040992,0.040992,0.040992,0.040992,0.0,1,0.163704,0.163704,0.163704,0.163704,0.0,1,0.041876,0.041876,0.041876,0.041876,0.0,1,0.0,0.0,0.0,0.0,0.0,1,7168,128,1,16,8,4096,4,0,0,False,TORCH_SDPA_MLA,False,even,"[1, 1, 1, 1]",4,1,1,1.0,2,0.0,0.0,0.0,576,128,64,192,512,128,4,0,4,1,1,4,False,False,0,0,0,BF16,KERNEL_ONLY,generic,generic,method=fp8|act=dynamic|serialized=True|block=128x128
0.0,0.0,0.0,0.0,0.0,1,0.011316,0.011316,0.011316,0.011316,0.0,1,0.0,0.0,0.0,0.0,0.0,1,0.0,0.0,0.0,0.0,0.0,1,0.036952,0.036952,0.036952,0.036952,0.0,1,0.16806399999999996,0.16806399999999996,0.16806399999999996,0.16806399999999996,0.0,1,0.039596000000000006,0.039596000000000006,0.039596000000000006,0.039596000000000006,0.0,1,0.0,0.0,0.0,0.0,0.0,1,7168,128,1,16,8,4096,4,0,8,False,TORCH_SDPA_MLA,False,even,"[1, 1, 1, 1]",4,1,1,1.0,2,0.0,0.0,0.0,576,128,64,192,512,128,4,0,4,1,9,4,False,False,0,0,0,BF16,KERNEL_ONLY,generic,generic,method=fp8|act=dynamic|serialized=True|block=128x128
0.0,0.0,0.0,0.0,0.0,1,0.014196000000000002,0.014196000000000002,0.014196000000000002,0.014196000000000002,0.0,1,0.0,0.0,0.0,0.0,0.0,1,0.0,0.0,0.0,0.0,0.0,1,0.078264,0.078264,0.078264,0.078264,0.0,1,0.39408800000000016,0.39408800000000016,0.39408800000000016,0.39408800000000016,0.0,1,0.076872,0.076872,0.076872,0.076872,0.0,1,0.0,0.0,0.0,0.0,0.0,1,7168,128,1,16,8,4096,8,0,8,False,TORCH_SDPA_MLA,False,even,"[1, 1, 1, 1, 1, 1, 1, 1]",8,1,1,1.0,2,0.0,0.0,0.0,576,128,64,192,512,128,8,0,8,1,9,8,False,False,0,0,0,BF16,KERNEL_ONLY,generic,generic,method=fp8|act=dynamic|serialized=True|block=128x128
0.0,0.0,0.0,0.0,0.0,1,0.010796,0.010796,0.010796,0.010796,0.0,1,0.0,0.0,0.0,0.0,0.0,1,0.0,0.0,0.0,0.0,0.0,1,0.036992,0.036992,0.036992,0.036992,0.0,1,0.18526,0.18526,0.18526,0.18526,0.0,1,0.03811600000000001,0.03811600000000001,0.03811600000000001,0.03811600000000001,0.0,1,0.0,0.0,0.0,0.0,0.0,1,7168,128,1,16,8,4096,4,0,16,False,TORCH_SDPA_MLA,False,even,"[1, 1, 1, 1]",4,1,1,1.0,2,0.0,0.0,0.0,576,128,64,192,512,128,4,0,4,1,17,4,False,False,0,0,0,BF16,KERNEL_ONLY,generic,generic,method=fp8|act=dynamic|serialized=True|block=128x128
0.0,0.0,0.0,0.0,0.0,1,0.010556,0.010556,0.010556,0.010556,0.0,1,0.0,0.0,0.0,0.0,0.0,1,0.0,0.0,0.0,0.0,0.0,1,0.036711999999999995,0.036711999999999995,0.036711999999999995,0.036711999999999995,0.0,1,0.19482,0.19482,0.19482,0.19482,0.0,1,0.037956000000000004,0.037956000000000004,0.037956000000000004,0.037956000000000004,0.0,1,0.0,0.0,0.0,0.0,0.0,1,7168,128,1,16,8,4096,4,0,24,False,TORCH_SDPA_MLA,False,even,"[1, 1, 1, 1]",4,1,1,1.0,2,0.0,0.0,0.0,576,128,64,192,512,128,4,0,4,1,25,4,False,False,0,0,0,BF16,KERNEL_ONLY,generic,generic,method=fp8|act=dynamic|serialized=True|block=128x128
0.0,0.0,0.0,0.0,0.0,1,0.011076,0.011076,0.011076,0.011076,0.0,1,0.0,0.0,0.0,0.0,0.0,1,0.0,0.0,0.0,0.0,0.0,1,0.037192,0.037192,0.037192,0.037192,0.0,1,0.22018000000000004,0.22018000000000004,0.22018000000000004,0.22018000000000004,0.0,1,0.037315999999999995,0.037315999999999995,0.037315999999999995,0.037315999999999995,0.0,1,0.0,0.0,0.0,0.0,0.0,1,7168,128,1,16,8,4096,4,0,32,False,TORCH_SDPA_MLA,False,even,"[1, 1, 1, 1]",4,1,1,1.0,2,0.0,0.0,0.0,576,128,64,192,512,128,4,0,4,1,33,4,False,False,0,0,0,BF16,KERNEL_ONLY,generic,generic,method=fp8|act=dynamic|serialized=True|block=128x128
0.0,0.0,0.0,0.0,0.0,1,0.013156000000000001,0.013156000000000001,0.013156000000000001,0.013156000000000001,0.0,1,0.0,0.0,0.0,0.0,0.0,1,0.0,0.0,0.0,0.0,0.0,1,0.07662399999999998,0.07662399999999998,0.07662399999999998,0.07662399999999998,0.0,1,0.4524780000000003,0.4524780000000003,0.4524780000000003,0.4524780000000003,0.0,1,0.080432,0.080432,0.080432,0.080432,0.0,1,0.0,0.0,0.0,0.0,0.0,1,7168,128,1,16,8,4096,8,0,16,False,TORCH_SDPA_MLA,False,even,"[1, 1, 1, 1, 1, 1, 1, 1]",8,1,1,1.0,2,0.0,0.0,0.0,576,128,64,192,512,128,8,0,8,1,17,8,False,False,0,0,0,BF16,KERNEL_ONLY,generic,generic,method=fp8|act=dynamic|serialized=True|block=128x128
0.0,0.0,0.0,0.0,0.0,1,0.010356,0.010356,0.010356,0.010356,0.0,1,0.0,0.0,0.0,0.0,0.0,1,0.0,0.0,0.0,0.0,0.0,1,0.037512000000000004,0.037512000000000004,0.037512000000000004,0.037512000000000004,0.0,1,0.23082000000000008,0.23082000000000008,0.23082000000000008,0.23082000000000008,0.0,1,0.037356,0.037356,0.037356,0.037356,0.0,1,0.0,0.0,0.0,0.0,0.0,1,7168,128,1,16,8,4096,4,0,48,False,TORCH_SDPA_MLA,False,even,"[1, 1, 1, 1]",4,1,1,1.0,2,0.0,0.0,0.0,576,128,64,192,512,128,4,0,4,1,49,4,False,False,0,0,0,BF16,KERNEL_ONLY,generic,generic,method=fp8|act=dynamic|serialized=True|block=128x128
0.0,0.0,0.0,0.0,0.0,1,0.010276,0.010276,0.010276,0.010276,0.0,1,0.0,0.0,0.0,0.0,0.0,1,0.0,0.0,0.0,0.0,0.0,1,0.037071999999999994,0.037071999999999994,0.037071999999999994,0.037071999999999994,0.0,1,0.2396590000000001,0.2396590000000001,0.2396590000000001,0.2396590000000001,0.0,1,0.037596,0.037596,0.037596,0.037596,0.0,1,0.0,0.0,0.0,0.0,0.0,1,7168,128,1,16,8,4096,4,0,64,False,TORCH_SDPA_MLA,False,even,"[1, 1, 1, 1]",4,1,1,1.0,2,0.0,0.0,0.0,576,128,64,192,512,128,4,0,4,1,65,4,False,False,0,0,0,BF16,KERNEL_ONLY,generic,generic,method=fp8|act=dynamic|serialized=True|block=128x128
0.0,0.0,0.0,0.0,0.0,1,0.013356,0.013356,0.013356,0.013356,0.0,1,0.0,0.0,0.0,0.0,0.0,1,0.0,0.0,0.0,0.0,0.0,1,0.076624,0.076624,0.076624,0.076624,0.0,1,0.46615900000000016,0.46615900000000016,0.46615900000000016,0.46615900000000016,0.0,1,0.07895199999999998,0.07895199999999998,0.07895199999999998,0.07895199999999998,0.0,1,0.0,0.0,0.0,0.0,0.0,1,7168,128,1,16,8,4096,8,0,24,False,TORCH_SDPA_MLA,False,even,"[1, 1, 1, 1, 1, 1, 1, 1]",8,1,1,1.0,2,0.0,0.0,0.0,576,128,64,192,512,128,8,0,8,1,25,8,False,False,0,0,0,BF16,KERNEL_ONLY,generic,generic,method=fp8|act=dynamic|serialized=True|block=128x128
0.0,0.0,0.0,0.0,0.0,1,0.010155999999999998,0.010155999999999998,0.010155999999999998,0.010155999999999998,0.0,1,0.0,0.0,0.0,0.0,0.0,1,0.0,0.0,0.0,0.0,0.0,1,0.036832000000000004,0.036832000000000004,0.036832000000000004,0.036832000000000004,0.0,1,0.24366000000000002,0.24366000000000002,0.24366000000000002,0.24366000000000002,0.0,1,0.038156,0.038156,0.038156,0.038156,0.0,1,0.0,0.0,0.0,0.0,0.0,1,7168,128,1,16,8,4096,4,0,96,False,TORCH_SDPA_MLA,False,even,"[1, 1, 1, 1]",4,1,1,1.0,2,0.0,0.0,0.0,576,128,64,192,512,128,4,0,4,1,97,4,False,False,0,0,0,BF16,KERNEL_ONLY,generic,generic,method=fp8|act=dynamic|serialized=True|block=128x128
0.0,0.0,0.0,0.0,0.0,1,0.017995999999999998,0.017995999999999998,0.017995999999999998,0.017995999999999998,0.0,1,0.0,0.0,0.0,0.0,0.0,1,0.0,0.0,0.0,0.0,0.0,1,0.111736,0.111736,0.111736,0.111736,0.0,1,0.5221919999999998,0.5221919999999998,0.5221919999999998,0.5221919999999998,0.0,1,0.115148,0.115148,0.115148,0.115148,0.0,1,0.0,0.0,0.0,0.0,0.0,1,7168,128,1,16,8,4096,12,0,0,False,TORCH_SDPA_MLA,False,even,"[1, 1, 1, 1, 1, 1, 1, 1, 1, 1, 1, 1]",12,1,1,1.0,3,0.0,0.0,0.0,576,128,64,192,512,128,12,0,12,1,1,12,False,False,0,0,0,BF16,KERNEL_ONLY,generic,generic,method=fp8|act=dynamic|serialized=True|block=128x128
0.0,0.0,0.0,0.0,0.0,1,0.019996000000000003,0.019996000000000003,0.019996000000000003,0.019996000000000003,0.0,1,0.0,0.0,0.0,0.0,0.0,1,0.0,0.0,0.0,0.0,0.0,1,0.23219200000000004,0.23219200000000004,0.23219200000000004,0.23219200000000004,0.0,1,1.1011040000000005,1.1011040000000005,1.1011040000000005,1.1011040000000005,0.0,1,0.23289599999999994,0.23289599999999994,0.23289599999999994,0.23289599999999994,0.0,1,0.0,0.0,0.0,0.0,0.0,1,7168,128,1,16,8,4096,24,0,0,False,TORCH_SDPA_MLA,False,even,"[1, 1, 1, 1, 1, 1, 1, 1, 1, 1, 1, 1, 1, 1, 1, 1, 1, 1, 1, 1, 1, 1, 1, 1]",24,1,1,1.0,4,0.0,0.0,0.0,576,128,64,192,512,128,24,0,24,1,1,24,False,False,0,0,0,BF16,KERNEL_ONLY,generic,generic,method=fp8|act=dynamic|serialized=True|block=128x128
0.0,0.0,0.0,0.0,0.0,1,0.013595999999999999,0.013595999999999999,0.013595999999999999,0.013595999999999999,0.0,1,0.0,0.0,0.0,0.0,0.0,1,0.0,0.0,0.0,0.0,0.0,1,0.07702400000000001,0.07702400000000001,0.07702400000000001,0.07702400000000001,0.0,1,0.48887800000000003,0.48887800000000003,0.48887800000000003,0.48887800000000003,0.0,1,0.078032,0.078032,0.078032,0.078032,0.0,1,0.0,0.0,0.0,0.0,0.0,1,7168,128,1,16,8,4096,8,0,32,False,TORCH_SDPA_MLA,False,even,"[1, 1, 1, 1, 1, 1, 1, 1]",8,1,1,1.0,2,0.0,0.0,0.0,576,128,64,192,512,128,8,0,8,1,33,8,False,False,0,0,0,BF16,KERNEL_ONLY,generic,generic,method=fp8|act=dynamic|serialized=True|block=128x128
0.0,0.0,0.0,0.0,0.0,1,0.013316000000000001,0.013316000000000001,0.013316000000000001,0.013316000000000001,0.0,1,0.0,0.0,0.0,0.0,0.0,1,0.0,0.0,0.0,0.0,0.0,1,0.077784,0.077784,0.077784,0.077784,0.0,1,0.496039,0.496039,0.496039,0.496039,0.0,1,0.079552,0.079552,0.079552,0.079552,0.0,1,0.0,0.0,0.0,0.0,0.0,1,7168,128,1,16,8,4096,8,0,48,False,TORCH_SDPA_MLA,False,even,"[1, 1, 1, 1, 1, 1, 1, 1]",8,1,1,1.0,2,0.0,0.0,0.0,576,128,64,192,512,128,8,0,8,1,49,8,False,False,0,0,0,BF16,KERNEL_ONLY,generic,generic,method=fp8|act=dynamic|serialized=True|block=128x128
0.0,0.0,0.0,0.0,0.0,1,0.013556000000000002,0.013556000000000002,0.013556000000000002,0.013556000000000002,0.0,1,0.0,0.0,0.0,0.0,0.0,1,0.0,0.0,0.0,0.0,0.0,1,0.10817600000000001,0.10817600000000001,0.10817600000000001,0.10817600000000001,0.0,1,0.5633520000000001,0.5633520000000001,0.5633520000000001,0.5633520000000001,0.0,1,0.11366799999999999,0.11366799999999999,0.11366799999999999,0.11366799999999999,0.0,1,0.0,0.0,0.0,0.0,0.0,1,7168,128,1,16,8,4096,12,0,8,False,TORCH_SDPA_MLA,False,even,"[1, 1, 1, 1, 1, 1, 1, 1, 1, 1, 1, 1]",12,1,1,1.0,3,0.0,0.0,0.0,576,128,64,192,512,128,12,0,12,1,9,12,False,False,0,0,0,BF16,KERNEL_ONLY,generic,generic,method=fp8|act=dynamic|serialized=True|block=128x128
0.0,0.0,0.0,0.0,0.0,1,0.013436,0.013436,0.013436,0.013436,0.0,1,0.0,0.0,0.0,0.0,0.0,1,0.0,0.0,0.0,0.0,0.0,1,0.077103,0.077103,0.077103,0.077103,0.0,1,0.520239,0.520239,0.520239,0.520239,0.0,1,0.07667199999999999,0.07667199999999999,0.07667199999999999,0.07667199999999999,0.0,1,0.0,0.0,0.0,0.0,0.0,1,7168,128,1,16,8,4096,8,0,64,False,TORCH_SDPA_MLA,False,even,"[1, 1, 1, 1, 1, 1, 1, 1]",8,1,1,1.0,2,0.0,0.0,0.0,576,128,64,192,512,128,8,0,8,1,65,8,False,False,0,0,0,BF16,KERNEL_ONLY,generic,generic,method=fp8|act=dynamic|serialized=True|block=128x128
0.0,0.0,0.0,0.0,0.0,1,0.012116,0.012116,0.012116,0.012116,0.0,1,0.0,0.0,0.0,0.0,0.0,1,0.0,0.0,0.0,0.0,0.0,1,0.10977500000000001,0.10977500000000001,0.10977500000000001,0.10977500000000001,0.0,1,0.5733400000000002,0.5733400000000002,0.5733400000000002,0.5733400000000002,0.0,1,0.113468,0.113468,0.113468,0.113468,0.0,1,0.0,0.0,0.0,0.0,0.0,1,7168,128,1,16,8,4096,12,0,16,False,TORCH_SDPA_MLA,False,even,"[1, 1, 1, 1, 1, 1, 1, 1, 1, 1, 1, 1]",12,1,1,1.0,3,0.0,0.0,0.0,576,128,64,192,512,128,12,0,12,1,17,12,False,False,0,0,0,BF16,KERNEL_ONLY,generic,generic,method=fp8|act=dynamic|serialized=True|block=128x128
0.0,0.0,0.0,0.0,0.0,1,0.013396000000000002,0.013396000000000002,0.013396000000000002,0.013396000000000002,0.0,1,0.0,0.0,0.0,0.0,0.0,1,0.0,0.0,0.0,0.0,0.0,1,0.07666399999999998,0.07666399999999998,0.07666399999999998,0.07666399999999998,0.0,1,0.5556389999999999,0.5556389999999999,0.5556389999999999,0.5556389999999999,0.0,1,0.076872,0.076872,0.076872,0.076872,0.0,1,0.0,0.0,0.0,0.0,0.0,1,7168,128,1,16,8,4096,8,0,96,False,TORCH_SDPA_MLA,False,even,"[1, 1, 1, 1, 1, 1, 1, 1]",8,1,1,1.0,2,0.0,0.0,0.0,576,128,64,192,512,128,8,0,8,1,97,8,False,False,0,0,0,BF16,KERNEL_ONLY,generic,generic,method=fp8|act=dynamic|serialized=True|block=128x128
0.0,0.0,0.0,0.0,0.0,1,0.018756000000000002,0.018756000000000002,0.018756000000000002,0.018756000000000002,0.0,1,0.0,0.0,0.0,0.0,0.0,1,0.0,0.0,0.0,0.0,0.0,1,0.15828799999999998,0.15828799999999998,0.15828799999999998,0.15828799999999998,0.0,1,0.7229349999999996,0.7229349999999996,0.7229349999999996,0.7229349999999996,0.0,1,0.158864,0.158864,0.158864,0.158864,0.0,1,0.0,0.0,0.0,0.0,0.0,1,7168,128,1,16,8,4096,16,0,0,False,TORCH_SDPA_MLA,False,even,"[1, 1, 1, 1, 1, 1, 1, 1, 1, 1, 1, 1, 1, 1, 1, 1]",16,1,1,1.0,4,0.0,0.0,0.0,576,128,64,192,512,128,16,0,16,1,1,16,False,False,0,0,0,BF16,KERNEL_ONLY,generic,generic,method=fp8|act=dynamic|serialized=True|block=128x128
0.0,0.0,0.0,0.0,0.0,1,0.012036,0.012036,0.012036,0.012036,0.0,1,0.0,0.0,0.0,0.0,0.0,1,0.0,0.0,0.0,0.0,0.0,1,0.10777600000000001,0.10777600000000001,0.10777600000000001,0.10777600000000001,0.0,1,0.64002,0.64002,0.64002,0.64002,0.0,1,0.113188,0.113188,0.113188,0.113188,0.0,1,0.0,0.0,0.0,0.0,0.0,1,7168,128,1,16,8,4096,12,0,24,False,TORCH_SDPA_MLA,False,even,"[1, 1, 1, 1, 1, 1, 1, 1, 1, 1, 1, 1]",12,1,1,1.0,3,0.0,0.0,0.0,576,128,64,192,512,128,12,0,12,1,25,12,False,False,0,0,0,BF16,KERNEL_ONLY,generic,generic,method=fp8|act=dynamic|serialized=True|block=128x128
0.0,0.0,0.0,0.0,0.0,1,0.014116,0.014116,0.014116,0.014116,0.0,1,0.0,0.0,0.0,0.0,0.0,1,0.0,0.0,0.0,0.0,0.0,1,0.22375199999999998,0.22375199999999998,0.22375199999999998,0.22375199999999998,0.0,1,1.1957439999999993,1.1957439999999993,1.1957439999999993,1.1957439999999993,0.0,1,0.23153599999999994,0.23153599999999994,0.23153599999999994,0.23153599999999994,0.0,1,0.0,0.0,0.0,0.0,0.0,1,7168,128,1,16,8,4096,24,0,8,False,TORCH_SDPA_MLA,False,even,"[1, 1, 1, 1, 1, 1, 1, 1, 1, 1, 1, 1, 1, 1, 1, 1, 1, 1, 1, 1, 1, 1, 1, 1]",24,1,1,1.0,4,0.0,0.0,0.0,576,128,64,192,512,128,24,0,24,1,9,24,False,False,0,0,0,BF16,KERNEL_ONLY,generic,generic,method=fp8|act=dynamic|serialized=True|block=128x128
0.0,0.0,0.0,0.0,0.0,1,0.019276000000000005,0.019276000000000005,0.019276000000000005,0.019276000000000005,0.0,1,0.0,0.0,0.0,0.0,0.0,1,0.0,0.0,0.0,0.0,0.0,1,0.291576,0.291576,0.291576,0.291576,0.0,1,1.3516720000000004,1.3516720000000004,1.3516720000000004,1.3516720000000004,0.0,1,0.302768,0.302768,0.302768,0.302768,0.0,1,0.0,0.0,0.0,0.0,0.0,1,7168,128,1,16,8,4096,32,0,0,False,TORCH_SDPA_MLA,False,even,"[1, 1, 1, 1, 1, 1, 1, 1, 1, 1, 1, 1, 1, 1, 1, 1, 1, 1, 1, 1, 1, 1, 1, 1, 1, 1, 1, 1, 1, 1, 1, 1]",32,1,1,1.0,5,0.0,0.0,0.0,576,128,64,192,512,128,32,0,32,1,1,32,False,False,0,0,0,BF16,KERNEL_ONLY,generic,generic,method=fp8|act=dynamic|serialized=True|block=128x128
0.0,0.0,0.0,0.0,0.0,1,0.014316,0.014316,0.014316,0.014316,0.0,1,0.0,0.0,0.0,0.0,0.0,1,0.0,0.0,0.0,0.0,0.0,1,0.17020799999999994,0.17020799999999994,0.17020799999999994,0.17020799999999994,0.0,1,0.741536,0.741536,0.741536,0.741536,0.0,1,0.15310400000000002,0.15310400000000002,0.15310400000000002,0.15310400000000002,0.0,1,0.0,0.0,0.0,0.0,0.0,1,7168,128,1,16,8,4096,16,0,8,False,TORCH_SDPA_MLA,False,even,"[1, 1, 1, 1, 1, 1, 1, 1, 1, 1, 1, 1, 1, 1, 1, 1]",16,1,1,1.0,4,0.0,0.0,0.0,576,128,64,192,512,128,16,0,16,1,9,16,False,False,0,0,0,BF16,KERNEL_ONLY,generic,generic,method=fp8|act=dynamic|serialized=True|block=128x128
0.0,0.0,0.0,0.0,0.0,1,0.012556,0.012556,0.012556,0.012556,0.0,1,0.0,0.0,0.0,0.0,0.0,1,0.0,0.0,0.0,0.0,0.0,1,0.10761600000000002,0.10761600000000002,0.10761600000000002,0.10761600000000002,0.0,1,0.6856199999999997,0.6856199999999997,0.6856199999999997,0.6856199999999997,0.0,1,0.11298799999999999,0.11298799999999999,0.11298799999999999,0.11298799999999999,0.0,1,0.0,0.0,0.0,0.0,0.0,1,7168,128,1,16,8,4096,12,0,32,False,TORCH_SDPA_MLA,False,even,"[1, 1, 1, 1, 1, 1, 1, 1, 1, 1, 1, 1]",12,1,1,1.0,3,0.0,0.0,0.0,576,128,64,192,512,128,12,0,12,1,33,12,False,False,0,0,0,BF16,KERNEL_ONLY,generic,generic,method=fp8|act=dynamic|serialized=True|block=128x128
0.0,0.0,0.0,0.0,0.0,1,0.012676,0.012676,0.012676,0.012676,0.0,1,0.0,0.0,0.0,0.0,0.0,1,0.0,0.0,0.0,0.0,0.0,1,0.10761599999999998,0.10761599999999998,0.10761599999999998,0.10761599999999998,0.0,1,0.7265800000000003,0.7265800000000003,0.7265800000000003,0.7265800000000003,0.0,1,0.11390800000000001,0.11390800000000001,0.11390800000000001,0.11390800000000001,0.0,1,0.0,0.0,0.0,0.0,0.0,1,7168,128,1,16,8,4096,12,0,48,False,TORCH_SDPA_MLA,False,even,"[1, 1, 1, 1, 1, 1, 1, 1, 1, 1, 1, 1]",12,1,1,1.0,3,0.0,0.0,0.0,576,128,64,192,512,128,12,0,12,1,49,12,False,False,0,0,0,BF16,KERNEL_ONLY,generic,generic,method=fp8|act=dynamic|serialized=True|block=128x128
0.0,0.0,0.0,0.0,0.0,1,0.013515999999999999,0.013515999999999999,0.013515999999999999,0.013515999999999999,0.0,1,0.0,0.0,0.0,0.0,0.0,1,0.0,0.0,0.0,0.0,0.0,1,0.15704800000000002,0.15704800000000002,0.15704800000000002,0.15704800000000002,0.0,1,0.8772399999999996,0.8772399999999996,0.8772399999999996,0.8772399999999996,0.0,1,0.152584,0.152584,0.152584,0.152584,0.0,1,0.0,0.0,0.0,0.0,0.0,1,7168,128,1,16,8,4096,16,0,16,False,TORCH_SDPA_MLA,False,even,"[1, 1, 1, 1, 1, 1, 1, 1, 1, 1, 1, 1, 1, 1, 1, 1]",16,1,1,1.0,4,0.0,0.0,0.0,576,128,64,192,512,128,16,0,16,1,17,16,False,False,0,0,0,BF16,KERNEL_ONLY,generic,generic,method=fp8|act=dynamic|serialized=True|block=128x128
0.0,0.0,0.0,0.0,0.0,1,0.012196,0.012196,0.012196,0.012196,0.0,1,0.0,0.0,0.0,0.0,0.0,1,0.0,0.0,0.0,0.0,0.0,1,0.107256,0.107256,0.107256,0.107256,0.0,1,0.7514199999999999,0.7514199999999999,0.7514199999999999,0.7514199999999999,0.0,1,0.11402800000000002,0.11402800000000002,0.11402800000000002,0.11402800000000002,0.0,1,0.0,0.0,0.0,0.0,0.0,1,7168,128,1,16,8,4096,12,0,64,False,TORCH_SDPA_MLA,False,even,"[1, 1, 1, 1, 1, 1, 1, 1, 1, 1, 1, 1]",12,1,1,1.0,3,0.0,0.0,0.0,576,128,64,192,512,128,12,0,12,1,65,12,False,False,0,0,0,BF16,KERNEL_ONLY,generic,generic,method=fp8|act=dynamic|serialized=True|block=128x128
0.0,0.0,0.0,0.0,0.0,1,0.013196000000000001,0.013196000000000001,0.013196000000000001,0.013196000000000001,0.0,1,0.0,0.0,0.0,0.0,0.0,1,0.0,0.0,0.0,0.0,0.0,1,0.22519200000000003,0.22519200000000003,0.22519200000000003,0.22519200000000003,0.0,1,1.354600000000001,1.354600000000001,1.354600000000001,1.354600000000001,0.0,1,0.229736,0.229736,0.229736,0.229736,0.0,1,0.0,0.0,0.0,0.0,0.0,1,7168,128,1,16,8,4096,24,0,16,False,TORCH_SDPA_MLA,False,even,"[1, 1, 1, 1, 1, 1, 1, 1, 1, 1, 1, 1, 1, 1, 1, 1, 1, 1, 1, 1, 1, 1, 1, 1]",24,1,1,1.0,4,0.0,0.0,0.0,576,128,64,192,512,128,24,0,24,1,17,24,False,False,0,0,0,BF16,KERNEL_ONLY,generic,generic,method=fp8|act=dynamic|serialized=True|block=128x128
0.0,0.0,0.0,0.0,0.0,1,0.012676,0.012676,0.012676,0.012676,0.0,1,0.0,0.0,0.0,0.0,0.0,1,0.0,0.0,0.0,0.0,0.0,1,0.10853599999999998,0.10853599999999998,0.10853599999999998,0.10853599999999998,0.0,1,0.8246600000000002,0.8246600000000002,0.8246600000000002,0.8246600000000002,0.0,1,0.11146800000000001,0.11146800000000001,0.11146800000000001,0.11146800000000001,0.0,1,0.0,0.0,0.0,0.0,0.0,1,7168,128,1,16,8,4096,12,0,96,False,TORCH_SDPA_MLA,False,even,"[1, 1, 1, 1, 1, 1, 1, 1, 1, 1, 1, 1]",12,1,1,1.0,3,0.0,0.0,0.0,576,128,64,192,512,128,12,0,12,1,97,12,False,False,0,0,0,BF16,KERNEL_ONLY,generic,generic,method=fp8|act=dynamic|serialized=True|block=128x128
0.0,0.0,0.0,0.0,0.0,1,0.013476000000000002,0.013476000000000002,0.013476000000000002,0.013476000000000002,0.0,1,0.0,0.0,0.0,0.0,0.0,1,0.0,0.0,0.0,0.0,0.0,1,0.15820799999999996,0.15820799999999996,0.15820799999999996,0.15820799999999996,0.0,1,0.9114790000000003,0.9114790000000003,0.9114790000000003,0.9114790000000003,0.0,1,0.153384,0.153384,0.153384,0.153384,0.0,1,0.0,0.0,0.0,0.0,0.0,1,7168,128,1,16,8,4096,16,0,24,False,TORCH_SDPA_MLA,False,even,"[1, 1, 1, 1, 1, 1, 1, 1, 1, 1, 1, 1, 1, 1, 1, 1]",16,1,1,1.0,4,0.0,0.0,0.0,576,128,64,192,512,128,16,0,16,1,25,16,False,False,0,0,0,BF16,KERNEL_ONLY,generic,generic,method=fp8|act=dynamic|serialized=True|block=128x128
0.0,0.0,0.0,0.0,0.0,1,0.013516000000000002,0.013516000000000002,0.013516000000000002,0.013516000000000002,0.0,1,0.0,0.0,0.0,0.0,0.0,1,0.0,0.0,0.0,0.0,0.0,1,0.15664800000000004,0.15664800000000004,0.15664800000000004,0.15664800000000004,0.0,1,0.9866,0.9866,0.9866,0.9866,0.0,1,0.153224,0.153224,0.153224,0.153224,0.0,1,0.0,0.0,0.0,0.0,0.0,1,7168,128,1,16,8,4096,16,0,32,False,TORCH_SDPA_MLA,False,even,"[1, 1, 1, 1, 1, 1, 1, 1, 1, 1, 1, 1, 1, 1, 1, 1]",16,1,1,1.0,4,0.0,0.0,0.0,576,128,64,192,512,128,16,0,16,1,33,16,False,False,0,0,0,BF16,KERNEL_ONLY,generic,generic,method=fp8|act=dynamic|serialized=True|block=128x128
0.0,0.0,0.0,0.0,0.0,1,0.013515999999999999,0.013515999999999999,0.013515999999999999,0.013515999999999999,0.0,1,0.0,0.0,0.0,0.0,0.0,1,0.0,0.0,0.0,0.0,0.0,1,0.28753600000000007,0.28753600000000007,0.28753600000000007,0.28753600000000007,0.0,1,1.459831999999999,1.459831999999999,1.459831999999999,1.459831999999999,0.0,1,0.30072799999999994,0.30072799999999994,0.30072799999999994,0.30072799999999994,0.0,1,0.0,0.0,0.0,0.0,0.0,1,7168,128,1,16,8,4096,32,0,8,False,TORCH_SDPA_MLA,False,even,"[1, 1, 1, 1, 1, 1, 1, 1, 1, 1, 1, 1, 1, 1, 1, 1, 1, 1, 1, 1, 1, 1, 1, 1, 1, 1, 1, 1, 1, 1, 1, 1]",32,1,1,1.0,5,0.0,0.0,0.0,576,128,64,192,512,128,32,0,32,1,9,32,False,False,0,0,0,BF16,KERNEL_ONLY,generic,generic,method=fp8|act=dynamic|serialized=True|block=128x128
0.0,0.0,0.0,0.0,0.0,1,0.013796,0.013796,0.013796,0.013796,0.0,1,0.0,0.0,0.0,0.0,0.0,1,0.0,0.0,0.0,0.0,0.0,1,0.223872,0.223872,0.223872,0.223872,0.0,1,1.4368399999999995,1.4368399999999995,1.4368399999999995,1.4368399999999995,0.0,1,0.23029500000000003,0.23029500000000003,0.23029500000000003,0.23029500000000003,0.0,1,0.0,0.0,0.0,0.0,0.0,1,7168,128,1,16,8,4096,24,0,24,False,TORCH_SDPA_MLA,False,even,"[1, 1, 1, 1, 1, 1, 1, 1, 1, 1, 1, 1, 1, 1, 1, 1, 1, 1, 1, 1, 1, 1, 1, 1]",24,1,1,1.0,4,0.0,0.0,0.0,576,128,64,192,512,128,24,0,24,1,25,24,False,False,0,0,0,BF16,KERNEL_ONLY,generic,generic,method=fp8|act=dynamic|serialized=True|block=128x128
0.0,0.0,0.0,0.0,0.0,1,0.013556000000000002,0.013556000000000002,0.013556000000000002,0.013556000000000002,0.0,1,0.0,0.0,0.0,0.0,0.0,1,0.0,0.0,0.0,0.0,0.0,1,0.156968,0.156968,0.156968,0.156968,0.0,1,0.9990400000000002,0.9990400000000002,0.9990400000000002,0.9990400000000002,0.0,1,0.154944,0.154944,0.154944,0.154944,0.0,1,0.0,0.0,0.0,0.0,0.0,1,7168,128,1,16,8,4096,16,0,48,False,TORCH_SDPA_MLA,False,even,"[1, 1, 1, 1, 1, 1, 1, 1, 1, 1, 1, 1, 1, 1, 1, 1]",16,1,1,1.0,4,0.0,0.0,0.0,576,128,64,192,512,128,16,0,16,1,49,16,False,False,0,0,0,BF16,KERNEL_ONLY,generic,generic,method=fp8|act=dynamic|serialized=True|block=128x128
0.0,0.0,0.0,0.0,0.0,1,0.013476,0.013476,0.013476,0.013476,0.0,1,0.0,0.0,0.0,0.0,0.0,1,0.0,0.0,0.0,0.0,0.0,1,0.15640800000000002,0.15640800000000002,0.15640800000000002,0.15640800000000002,0.0,1,1.03568,1.03568,1.03568,1.03568,0.0,1,0.15250400000000003,0.15250400000000003,0.15250400000000003,0.15250400000000003,0.0,1,0.0,0.0,0.0,0.0,0.0,1,7168,128,1,16,8,4096,16,0,64,False,TORCH_SDPA_MLA,False,even,"[1, 1, 1, 1, 1, 1, 1, 1, 1, 1, 1, 1, 1, 1, 1, 1]",16,1,1,1.0,4,0.0,0.0,0.0,576,128,64,192,512,128,16,0,16,1,65,16,False,False,0,0,0,BF16,KERNEL_ONLY,generic,generic,method=fp8|act=dynamic|serialized=True|block=128x128
0.0,0.0,0.0,0.0,0.0,1,0.013636,0.013636,0.013636,0.013636,0.0,1,0.0,0.0,0.0,0.0,0.0,1,0.0,0.0,0.0,0.0,0.0,1,0.223752,0.223752,0.223752,0.223752,0.0,1,1.511798999999999,1.511798999999999,1.511798999999999,1.511798999999999,0.0,1,0.22717600000000002,0.22717600000000002,0.22717600000000002,0.22717600000000002,0.0,1,0.0,0.0,0.0,0.0,0.0,1,7168,128,1,16,8,4096,24,0,32,False,TORCH_SDPA_MLA,False,even,"[1, 1, 1, 1, 1, 1, 1, 1, 1, 1, 1, 1, 1, 1, 1, 1, 1, 1, 1, 1, 1, 1, 1, 1]",24,1,1,1.0,4,0.0,0.0,0.0,576,128,64,192,512,128,24,0,24,1,33,24,False,False,0,0,0,BF16,KERNEL_ONLY,generic,generic,method=fp8|act=dynamic|serialized=True|block=128x128
0.0,0.0,0.0,0.0,0.0,1,0.013556000000000002,0.013556000000000002,0.013556000000000002,0.013556000000000002,0.0,1,0.0,0.0,0.0,0.0,0.0,1,0.0,0.0,0.0,0.0,0.0,1,0.15672799999999998,0.15672799999999998,0.15672799999999998,0.15672799999999998,0.0,1,1.1039190000000005,1.1039190000000005,1.1039190000000005,1.1039190000000005,0.0,1,0.15274399999999996,0.15274399999999996,0.15274399999999996,0.15274399999999996,0.0,1,0.0,0.0,0.0,0.0,0.0,1,7168,128,1,16,8,4096,16,0,96,False,TORCH_SDPA_MLA,False,even,"[1, 1, 1, 1, 1, 1, 1, 1, 1, 1, 1, 1, 1, 1, 1, 1]",16,1,1,1.0,4,0.0,0.0,0.0,576,128,64,192,512,128,16,0,16,1,97,16,False,False,0,0,0,BF16,KERNEL_ONLY,generic,generic,method=fp8|act=dynamic|serialized=True|block=128x128
0.0,0.0,0.0,0.0,0.0,1,0.012196,0.012196,0.012196,0.012196,0.0,1,0.0,0.0,0.0,0.0,0.0,1,0.0,0.0,0.0,0.0,0.0,1,0.28289600000000004,0.28289600000000004,0.28289600000000004,0.28289600000000004,0.0,1,1.670758999999999,1.670758999999999,1.670758999999999,1.670758999999999,0.0,1,0.299488,0.299488,0.299488,0.299488,0.0,1,0.0,0.0,0.0,0.0,0.0,1,7168,128,1,16,8,4096,32,0,16,False,TORCH_SDPA_MLA,False,even,"[1, 1, 1, 1, 1, 1, 1, 1, 1, 1, 1, 1, 1, 1, 1, 1, 1, 1, 1, 1, 1, 1, 1, 1, 1, 1, 1, 1, 1, 1, 1, 1]",32,1,1,1.0,5,0.0,0.0,0.0,576,128,64,192,512,128,32,0,32,1,17,32,False,False,0,0,0,BF16,KERNEL_ONLY,generic,generic,method=fp8|act=dynamic|serialized=True|block=128x128
0.0,0.0,0.0,0.0,0.0,1,0.013716,0.013716,0.013716,0.013716,0.0,1,0.0,0.0,0.0,0.0,0.0,1,0.0,0.0,0.0,0.0,0.0,1,0.22439200000000004,0.22439200000000004,0.22439200000000004,0.22439200000000004,0.0,1,1.556040000000001,1.556040000000001,1.556040000000001,1.556040000000001,0.0,1,0.227776,0.227776,0.227776,0.227776,0.0,1,0.0,0.0,0.0,0.0,0.0,1,7168,128,1,16,8,4096,24,0,48,False,TORCH_SDPA_MLA,False,even,"[1, 1, 1, 1, 1, 1, 1, 1, 1, 1, 1, 1, 1, 1, 1, 1, 1, 1, 1, 1, 1, 1, 1, 1]",24,1,1,1.0,4,0.0,0.0,0.0,576,128,64,192,512,128,24,0,24,1,49,24,False,False,0,0,0,BF16,KERNEL_ONLY,generic,generic,method=fp8|act=dynamic|serialized=True|block=128x128
0.0,0.0,0.0,0.0,0.0,1,0.012036,0.012036,0.012036,0.012036,0.0,1,0.0,0.0,0.0,0.0,0.0,1,0.0,0.0,0.0,0.0,0.0,1,0.28509599999999996,0.28509599999999996,0.28509599999999996,0.28509599999999996,0.0,1,1.7131989999999975,1.7131989999999975,1.7131989999999975,1.7131989999999975,0.0,1,0.3014880000000001,0.3014880000000001,0.3014880000000001,0.3014880000000001,0.0,1,0.0,0.0,0.0,0.0,0.0,1,7168,128,1,16,8,4096,32,0,24,False,TORCH_SDPA_MLA,False,even,"[1, 1, 1, 1, 1, 1, 1, 1, 1, 1, 1, 1, 1, 1, 1, 1, 1, 1, 1, 1, 1, 1, 1, 1, 1, 1, 1, 1, 1, 1, 1, 1]",32,1,1,1.0,5,0.0,0.0,0.0,576,128,64,192,512,128,32,0,32,1,25,32,False,False,0,0,0,BF16,KERNEL_ONLY,generic,generic,method=fp8|act=dynamic|serialized=True|block=128x128
0.0,0.0,0.0,0.0,0.0,1,0.013996000000000003,0.013996000000000003,0.013996000000000003,0.013996000000000003,0.0,1,0.0,0.0,0.0,0.0,0.0,1,0.0,0.0,0.0,0.0,0.0,1,0.22463199999999994,0.22463199999999994,0.22463199999999994,0.22463199999999994,0.0,1,1.5968799999999996,1.5968799999999996,1.5968799999999996,1.5968799999999996,0.0,1,0.22545599999999996,0.22545599999999996,0.22545599999999996,0.22545599999999996,0.0,1,0.0,0.0,0.0,0.0,0.0,1,7168,128,1,16,8,4096,24,0,64,False,TORCH_SDPA_MLA,False,even,"[1, 1, 1, 1, 1, 1, 1, 1, 1, 1, 1, 1, 1, 1, 1, 1, 1, 1, 1, 1, 1, 1, 1, 1]",24,1,1,1.0,4,0.0,0.0,0.0,576,128,64,192,512,128,24,0,24,1,65,24,False,False,0,0,0,BF16,KERNEL_ONLY,generic,generic,method=fp8|act=dynamic|serialized=True|block=128x128
0.0,0.0,0.0,0.0,0.0,1,0.013916000000000001,0.013916000000000001,0.013916000000000001,0.013916000000000001,0.0,1,0.0,0.0,0.0,0.0,0.0,1,0.0,0.0,0.0,0.0,0.0,1,0.22555200000000006,0.22555200000000006,0.22555200000000006,0.22555200000000006,0.0,1,1.7715989999999997,1.7715989999999997,1.7715989999999997,1.7715989999999997,0.0,1,0.22781599999999996,0.22781599999999996,0.22781599999999996,0.22781599999999996,0.0,1,0.0,0.0,0.0,0.0,0.0,1,7168,128,1,16,8,4096,24,0,96,False,TORCH_SDPA_MLA,False,even,"[1, 1, 1, 1, 1, 1, 1, 1, 1, 1, 1, 1, 1, 1, 1, 1, 1, 1, 1, 1, 1, 1, 1, 1]",24,1,1,1.0,4,0.0,0.0,0.0,576,128,64,192,512,128,24,0,24,1,97,24,False,False,0,0,0,BF16,KERNEL_ONLY,generic,generic,method=fp8|act=dynamic|serialized=True|block=128x128
0.0,0.0,0.0,0.0,0.0,1,0.012195999999999999,0.012195999999999999,0.012195999999999999,0.012195999999999999,0.0,1,0.0,0.0,0.0,0.0,0.0,1,0.0,0.0,0.0,0.0,0.0,1,0.283936,0.283936,0.283936,0.283936,0.0,1,1.8470799999999992,1.8470799999999992,1.8470799999999992,1.8470799999999992,0.0,1,0.29932800000000004,0.29932800000000004,0.29932800000000004,0.29932800000000004,0.0,1,0.0,0.0,0.0,0.0,0.0,1,7168,128,1,16,8,4096,32,0,32,False,TORCH_SDPA_MLA,False,even,"[1, 1, 1, 1, 1, 1, 1, 1, 1, 1, 1, 1, 1, 1, 1, 1, 1, 1, 1, 1, 1, 1, 1, 1, 1, 1, 1, 1, 1, 1, 1, 1]",32,1,1,1.0,5,0.0,0.0,0.0,576,128,64,192,512,128,32,0,32,1,33,32,False,False,0,0,0,BF16,KERNEL_ONLY,generic,generic,method=fp8|act=dynamic|serialized=True|block=128x128
0.0,0.0,0.0,0.0,0.0,1,0.012116,0.012116,0.012116,0.012116,0.0,1,0.0,0.0,0.0,0.0,0.0,1,0.0,0.0,0.0,0.0,0.0,1,0.287336,0.287336,0.287336,0.287336,0.0,1,1.9629200000000002,1.9629200000000002,1.9629200000000002,1.9629200000000002,0.0,1,0.299728,0.299728,0.299728,0.299728,0.0,1,0.0,0.0,0.0,0.0,0.0,1,7168,128,1,16,8,4096,32,0,48,False,TORCH_SDPA_MLA,False,even,"[1, 1, 1, 1, 1, 1, 1, 1, 1, 1, 1, 1, 1, 1, 1, 1, 1, 1, 1, 1, 1, 1, 1, 1, 1, 1, 1, 1, 1, 1, 1, 1]",32,1,1,1.0,5,0.0,0.0,0.0,576,128,64,192,512,128,32,0,32,1,49,32,False,False,0,0,0,BF16,KERNEL_ONLY,generic,generic,method=fp8|act=dynamic|serialized=True|block=128x128
0.0,0.0,0.0,0.0,0.0,1,0.012836,0.012836,0.012836,0.012836,0.0,1,0.0,0.0,0.0,0.0,0.0,1,0.0,0.0,0.0,0.0,0.0,1,0.286736,0.286736,0.286736,0.286736,0.0,1,1.986438999999998,1.986438999999998,1.986438999999998,1.986438999999998,0.0,1,0.30212799999999995,0.30212799999999995,0.30212799999999995,0.30212799999999995,0.0,1,0.0,0.0,0.0,0.0,0.0,1,7168,128,1,16,8,4096,32,0,64,False,TORCH_SDPA_MLA,False,even,"[1, 1, 1, 1, 1, 1, 1, 1, 1, 1, 1, 1, 1, 1, 1, 1, 1, 1, 1, 1, 1, 1, 1, 1, 1, 1, 1, 1, 1, 1, 1, 1]",32,1,1,1.0,5,0.0,0.0,0.0,576,128,64,192,512,128,32,0,32,1,65,32,False,False,0,0,0,BF16,KERNEL_ONLY,generic,generic,method=fp8|act=dynamic|serialized=True|block=128x128
0.0,0.0,0.0,0.0,0.0,1,0.013515999999999999,0.013515999999999999,0.013515999999999999,0.013515999999999999,0.0,1,0.0,0.0,0.0,0.0,0.0,1,0.0,0.0,0.0,0.0,0.0,1,0.2898160000000001,0.2898160000000001,0.2898160000000001,0.2898160000000001,0.0,1,2.2041599999999995,2.2041599999999995,2.2041599999999995,2.2041599999999995,0.0,1,0.30052799999999996,0.30052799999999996,0.30052799999999996,0.30052799999999996,0.0,1,0.0,0.0,0.0,0.0,0.0,1,7168,128,1,16,8,4096,32,0,96,False,TORCH_SDPA_MLA,False,even,"[1, 1, 1, 1, 1, 1, 1, 1, 1, 1, 1, 1, 1, 1, 1, 1, 1, 1, 1, 1, 1, 1, 1, 1, 1, 1, 1, 1, 1, 1, 1, 1]",32,1,1,1.0,5,0.0,0.0,0.0,576,128,64,192,512,128,32,0,32,1,97,32,False,False,0,0,0,BF16,KERNEL_ONLY,generic,generic,method=fp8|act=dynamic|serialized=True|block=128x128
0.0,0.0,0.0,0.0,0.0,1,0.019196,0.019196,0.019196,0.019196,0.0,1,0.037635,0.037635,0.037635,0.037635,0.0,1,0.08781900000000001,0.08781900000000001,0.08781900000000001,0.08781900000000001,0.0,1,0.0,0.0,0.0,0.0,0.0,1,0.0,0.0,0.0,0.0,0.0,1,0.0,0.0,0.0,0.0,0.0,1,0.0,0.0,0.0,0.0,0.0,1,7168,128,1,16,4,4096,1,64,0,True,TORCH_SDPA_MLA,False,even,[64],64,64,64,64.0,64,0.0,0.0,0.0,576,128,64,192,512,128,64,64,0,64,64,64,False,False,0,64,64,BF16,KERNEL_ONLY,generic,generic,method=fp8|act=dynamic|serialized=True|block=128x128
0.0,0.0,0.0,0.0,0.0,1,0.018675999999999998,0.018675999999999998,0.018675999999999998,0.018675999999999998,0.0,1,0.037035,0.037035,0.037035,0.037035,0.0,1,0.111979,0.111979,0.111979,0.111979,0.0,1,0.0,0.0,0.0,0.0,0.0,1,0.0,0.0,0.0,0.0,0.0,1,0.0,0.0,0.0,0.0,0.0,1,0.0,0.0,0.0,0.0,0.0,1,7168,128,1,16,4,4096,1,160,0,True,TORCH_SDPA_MLA,False,even,[160],160,160,160,160.0,160,0.0,0.0,0.0,576,128,64,192,512,128,160,160,0,160,160,160,False,False,0,160,160,BF16,KERNEL_ONLY,generic,generic,method=fp8|act=dynamic|serialized=True|block=128x128
0.0,0.0,0.0,0.0,0.0,1,0.015196000000000001,0.015196000000000001,0.015196000000000001,0.015196000000000001,0.0,1,0.032714999999999994,0.032714999999999994,0.032714999999999994,0.032714999999999994,0.0,1,0.096499,0.096499,0.096499,0.096499,0.0,1,0.0,0.0,0.0,0.0,0.0,1,0.0,0.0,0.0,0.0,0.0,1,0.0,0.0,0.0,0.0,0.0,1,0.0,0.0,0.0,0.0,0.0,1,7168,128,1,16,4,4096,1,128,0,True,TORCH_SDPA_MLA,False,even,[128],128,128,128,128.0,128,0.0,0.0,0.0,576,128,64,192,512,128,128,128,0,128,128,128,False,False,0,128,128,BF16,KERNEL_ONLY,generic,generic,method=fp8|act=dynamic|serialized=True|block=128x128
0.0,0.0,0.0,0.0,0.0,1,0.019956000000000005,0.019956000000000005,0.019956000000000005,0.019956000000000005,0.0,1,0.038155,0.038155,0.038155,0.038155,0.0,1,0.09805900000000001,0.09805900000000001,0.09805900000000001,0.09805900000000001,0.0,1,0.0,0.0,0.0,0.0,0.0,1,0.0,0.0,0.0,0.0,0.0,1,0.0,0.0,0.0,0.0,0.0,1,0.0,0.0,0.0,0.0,0.0,1,7168,128,1,16,4,4096,1,96,0,True,TORCH_SDPA_MLA,False,even,[96],96,96,96,96.0,96,0.0,0.0,0.0,576,128,64,192,512,128,96,96,0,96,96,96,False,False,0,96,96,BF16,KERNEL_ONLY,generic,generic,method=fp8|act=dynamic|serialized=True|block=128x128
0.0,0.0,0.0,0.0,0.0,1,0.022236000000000002,0.022236000000000002,0.022236000000000002,0.022236000000000002,0.0,1,0.032314999999999997,0.032314999999999997,0.032314999999999997,0.032314999999999997,0.0,1,0.069059,0.069059,0.069059,0.069059,0.0,1,0.0,0.0,0.0,0.0,0.0,1,0.0,0.0,0.0,0.0,0.0,1,0.0,0.0,0.0,0.0,0.0,1,0.0,0.0,0.0,0.0,0.0,1,7168,128,1,16,4,4096,1,32,0,True,TORCH_SDPA_MLA,False,even,[32],32,32,32,32.0,32,0.0,0.0,0.0,576,128,64,192,512,128,32,32,0,32,32,32,False,False,0,32,32,BF16,KERNEL_ONLY,generic,generic,method=fp8|act=dynamic|serialized=True|block=128x128
0.0,0.0,0.0,0.0,0.0,1,0.020116,0.020116,0.020116,0.020116,0.0,1,0.036195,0.036195,0.036195,0.036195,0.0,1,0.09737899999999998,0.09737899999999998,0.09737899999999998,0.09737899999999998,0.0,1,0.0,0.0,0.0,0.0,0.0,1,0.0,0.0,0.0,0.0,0.0,1,0.0,0.0,0.0,0.0,0.0,1,0.0,0.0,0.0,0.0,0.0,1,7168,128,1,16,8,4096,1,128,0,True,TORCH_SDPA_MLA,False,even,[128],128,128,128,128.0,128,0.0,0.0,0.0,576,128,64,192,512,128,128,128,0,128,128,128,False,False,0,128,128,BF16,KERNEL_ONLY,generic,generic,method=fp8|act=dynamic|serialized=True|block=128x128
0.0,0.0,0.0,0.0,0.0,1,0.018916000000000002,0.018916000000000002,0.018916000000000002,0.018916000000000002,0.0,1,0.032075000000000006,0.032075000000000006,0.032075000000000006,0.032075000000000006,0.0,1,0.071179,0.071179,0.071179,0.071179,0.0,1,0.0,0.0,0.0,0.0,0.0,1,0.0,0.0,0.0,0.0,0.0,1,0.0,0.0,0.0,0.0,0.0,1,0.0,0.0,0.0,0.0,0.0,1,7168,128,1,16,8,4096,1,64,0,True,TORCH_SDPA_MLA,False,even,[64],64,64,64,64.0,64,0.0,0.0,0.0,576,128,64,192,512,128,64,64,0,64,64,64,False,False,0,64,64,BF16,KERNEL_ONLY,generic,generic,method=fp8|act=dynamic|serialized=True|block=128x128
0.0,0.0,0.0,0.0,0.0,1,0.020796,0.020796,0.020796,0.020796,0.0,1,0.039314999999999996,0.039314999999999996,0.039314999999999996,0.039314999999999996,0.0,1,0.094699,0.094699,0.094699,0.094699,0.0,1,0.0,0.0,0.0,0.0,0.0,1,0.0,0.0,0.0,0.0,0.0,1,0.0,0.0,0.0,0.0,0.0,1,0.0,0.0,0.0,0.0,0.0,1,7168,128,1,16,8,4096,1,96,0,True,TORCH_SDPA_MLA,False,even,[96],96,96,96,96.0,96,0.0,0.0,0.0,576,128,64,192,512,128,96,96,0,96,96,96,False,False,0,96,96,BF16,KERNEL_ONLY,generic,generic,method=fp8|act=dynamic|serialized=True|block=128x128
0.0,0.0,0.0,0.0,0.0,1,0.020916,0.020916,0.020916,0.020916,0.0,1,0.037075000000000004,0.037075000000000004,0.037075000000000004,0.037075000000000004,0.0,1,0.11157900000000001,0.11157900000000001,0.11157900000000001,0.11157900000000001,0.0,1,0.0,0.0,0.0,0.0,0.0,1,0.0,0.0,0.0,0.0,0.0,1,0.0,0.0,0.0,0.0,0.0,1,0.0,0.0,0.0,0.0,0.0,1,7168,128,1,16,8,4096,1,160,0,True,TORCH_SDPA_MLA,False,even,[160],160,160,160,160.0,160,0.0,0.0,0.0,576,128,64,192,512,128,160,160,0,160,160,160,False,False,0,160,160,BF16,KERNEL_ONLY,generic,generic,method=fp8|act=dynamic|serialized=True|block=128x128
0.0,0.0,0.0,0.0,0.0,1,0.019195999999999998,0.019195999999999998,0.019195999999999998,0.019195999999999998,0.0,1,0.033835000000000004,0.033835000000000004,0.033835000000000004,0.033835000000000004,0.0,1,0.075499,0.075499,0.075499,0.075499,0.0,1,0.0,0.0,0.0,0.0,0.0,1,0.0,0.0,0.0,0.0,0.0,1,0.0,0.0,0.0,0.0,0.0,1,0.0,0.0,0.0,0.0,0.0,1,7168,128,1,16,8,4096,1,32,0,True,TORCH_SDPA_MLA,False,even,[32],32,32,32,32.0,32,0.0,0.0,0.0,576,128,64,192,512,128,32,32,0,32,32,32,False,False,0,32,32,BF16,KERNEL_ONLY,generic,generic,method=fp8|act=dynamic|serialized=True|block=128x128
