time_stats.moe_gating_linear.min,time_stats.moe_gating_linear.max,time_stats.moe_gating_linear.mean,time_stats.moe_gating_linear.median,time_stats.moe_gating_linear.std,time_stats.moe_gating_linear.count,time_stats.moe_gating_routing_topk.min,time_stats.moe_gating_routing_topk.max,time_stats.moe_gating_routing_topk.mean,time_stats.moe_gating_routing_topk.median,time_stats.moe_gating_routing_topk.std,time_stats.moe_gating_routing_topk.count,time_stats.moe_shuffling.min,time_stats.moe_shuffling.max,time_stats.moe_shuffling.mean,time_stats.moe_shuffling.median,time_stats.moe_shuffling.std,time_stats.moe_shuffling.count,time_stats.moe_grouped_gemm.min,time_stats.moe_grouped_gemm.max,time_stats.moe_grouped_gemm.mean,time_stats.moe_grouped_gemm.median,time_stats.moe_grouped_gemm.std,time_stats.moe_grouped_gemm.count,num_tokens,num_experts,num_experts_per_device,expert_parallel_size,routing_runtime_path,routing_assignment_policy,routing_weight_policy,routing_uses_router_logits,gating_runtime_context,gating_runtime_context_impl,router_topk,hidden_dim,expert_hidden_dim,use_gated,num_tensor_parallel_workers,total_routed_tokens,model_expansion_ratio,tokens_per_expert_avg,tokens_to_experts_ratio,expert_utilization,min_load_ratio,load_imbalance_cv,max_load_ratio,load_entropy,load_gini_coefficient,load_distribution,seed,moe_grouped_gemm_backend,measurement_type,profiling_precision,model_arch,model_architecture_profile,quant_signature
0.008439,0.008439,0.008439,0.008439,0.0,1,0.009119,0.009119,0.009119,0.009119,0.0,1,0.010038,0.010038,0.010038,0.010038,0.0,1,1.172714,1.194835,1.1824963000000002,1.182474,0.00642930439550032,20,32,256,256,1,standard_fused_topk,logit_topk,softmax_renorm,True,standalone_legacy,none,8,7168,2048,True,1,256,0.2857142857142857,1.0,1.0,0.63671875,0.0,0.9802741963348827,4.0,7.188075638954823,0.519195556640625,uniform,0,vllm_fused,KERNEL_ONLY,BF16,generic,generic,method=fp8|act=dynamic|serialized=True|block=128x128
0.006799,0.006799,0.006799,0.006799,0.0,1,0.008959,0.008959,0.008959,0.008959,0.0,1,0.008518000000000001,0.008518000000000001,0.008518000000000001,0.008518000000000001,0.0,1,1.170235,1.181194,1.17560845,1.1748145,0.0030050137516324303,20,32,256,256,1,standard_fused_topk,logit_topk,softmax_renorm,True,standalone_legacy,none,8,7168,2048,True,1,256,0.2857142857142857,1.0,1.0,0.63671875,0.0,0.9560661587986472,4.0,7.205768314784288,0.510406494140625,uniform,1,vllm_fused,KERNEL_ONLY,BF16,generic,generic,method=fp8|act=dynamic|serialized=True|block=128x128
0.0068390000000000005,0.0068390000000000005,0.0068390000000000005,0.0068390000000000005,0.0,1,0.008839000000000001,0.008839000000000001,0.008839000000000001,0.008839000000000001,0.0,1,0.008317999999999999,0.008317999999999999,0.008317999999999999,0.008317999999999999,0.0,1,1.175515,1.1881140000000001,1.1822124000000003,1.1825545000000002,0.003768423787208701,20,32,256,256,1,standard_fused_topk,logit_topk,softmax_renorm,True,standalone_legacy,none,8,7168,2048,True,1,256,0.2857142857142857,1.0,1.0,0.640625,0.0,0.9762812094883317,5.0,7.198446818734217,0.51422119140625,uniform,2,vllm_fused,KERNEL_ONLY,BF16,generic,generic,method=fp8|act=dynamic|serialized=True|block=128x128
0.006919,0.006919,0.006919,0.006919,0.0,1,0.008999,0.008999,0.008999,0.008999,0.0,1,0.008398,0.008398,0.008398,0.008398,0.0,1,1.142594,1.165755,1.1543844499999998,1.1541745,0.006435526493419144,20,31,256,256,1,standard_fused_topk,logit_topk,softmax_renorm,True,standalone_legacy,none,8,7168,2048,True,1,248,0.2857142857142857,0.96875,0.96875,0.62109375,0.0,0.9947834803296306,4.129032258064516,7.159447322773883,0.5275642641129032,uniform,0,vllm_fused,KERNEL_ONLY,BF16,generic,generic,method=fp8|act=dynamic|serialized=True|block=128x128
0.006799,0.006799,0.006799,0.006799,0.0,1,0.008919,0.008919,0.008919,0.008919,0.0,1,0.008558,0.008558,0.008558,0.008558,0.0,1,1.148595,1.161194,1.1545624499999998,1.1547145,0.0035153163509846525,20,31,256,256,1,standard_fused_topk,logit_topk,softmax_renorm,True,standalone_legacy,none,8,7168,2048,True,1,248,0.2857142857142857,0.96875,0.96875,0.625,0.0,0.9693534968591432,4.129032258064516,7.182731344960052,0.5171685987903225,uniform,1,vllm_fused,KERNEL_ONLY,BF16,generic,generic,method=fp8|act=dynamic|serialized=True|block=128x128
0.006879,0.006879,0.006879,0.006879,0.0,1,0.008919,0.008919,0.008919,0.008919,0.0,1,0.008438,0.008438,0.008438,0.008438,0.0,1,1.168595,1.181834,1.17290235,1.172634,0.0032693021621593927,20,31,256,256,1,standard_fused_topk,logit_topk,softmax_renorm,True,standalone_legacy,none,8,7168,2048,True,1,248,0.2857142857142857,0.96875,0.96875,0.6328125,0.0,0.9736379530830045,5.161290322580645,7.19130270384326,0.5143649193548387,uniform,2,vllm_fused,KERNEL_ONLY,BF16,generic,generic,method=fp8|act=dynamic|serialized=True|block=128x128
0.006919,0.006919,0.006919,0.006919,0.0,1,0.009199,0.009199,0.009199,0.009199,0.0,1,0.008838,0.008838,0.008838,0.008838,0.0,1,1.1191950000000002,1.130554,1.12473045,1.124234,0.0030011760773902773,20,30,256,256,1,standard_fused_topk,logit_topk,softmax_renorm,True,standalone_legacy,none,8,7168,2048,True,1,240,0.2857142857142857,0.9375,0.9375,0.609375,0.0,1.0044346115546243,4.266666666666667,7.138795339615131,0.5327799479166666,uniform,0,vllm_fused,KERNEL_ONLY,BF16,generic,generic,method=fp8|act=dynamic|serialized=True|block=128x128
0.006919,0.006919,0.006919,0.006919,0.0,1,0.009159,0.009159,0.009159,0.009159,0.0,1,0.008518000000000001,0.008518000000000001,0.008518000000000001,0.008518000000000001,0.0,1,1.1439940000000002,1.155395,1.14929445,1.1489145,0.0032775951927441864,20,30,256,256,1,standard_fused_topk,logit_topk,softmax_renorm,True,standalone_legacy,none,8,7168,2048,True,1,240,0.2857142857142857,0.9375,0.9375,0.62109375,0.0,0.9865765724632495,4.266666666666667,7.168043464552004,0.52119140625,uniform,1,vllm_fused,KERNEL_ONLY,BF16,generic,generic,method=fp8|act=dynamic|serialized=True|block=128x128
0.006639000000000001,0.006639000000000001,0.006639000000000001,0.006639000000000001,0.0,1,0.009199,0.009199,0.009199,0.009199,0.0,1,0.008838,0.008838,0.008838,0.008838,0.0,1,1.140874,1.156515,1.14709445,1.1471749999999998,0.003928448834782013,20,30,256,256,1,standard_fused_topk,logit_topk,softmax_renorm,True,standalone_legacy,none,8,7168,2048,True,1,240,0.2857142857142857,0.9375,0.9375,0.62109375,0.0,0.9820613241770823,4.266666666666667,7.170086068700472,0.5206705729166667,uniform,2,vllm_fused,KERNEL_ONLY,BF16,generic,generic,method=fp8|act=dynamic|serialized=True|block=128x128
0.0068390000000000005,0.0068390000000000005,0.0068390000000000005,0.0068390000000000005,0.0,1,0.008919,0.008919,0.008919,0.008919,0.0,1,0.008438,0.008438,0.008438,0.008438,0.0,1,1.101674,1.113715,1.10844255,1.1090740000000001,0.0030209812060818823,20,29,256,256,1,standard_fused_topk,logit_topk,softmax_renorm,True,standalone_legacy,none,8,7168,2048,True,1,232,0.2857142857142857,0.90625,0.90625,0.59765625,0.0,1.0223425572671443,4.413793103448276,7.113010794920427,0.5397696659482758,uniform,0,vllm_fused,KERNEL_ONLY,BF16,generic,generic,method=fp8|act=dynamic|serialized=True|block=128x128
0.006959,0.006959,0.006959,0.006959,0.0,1,0.009039,0.009039,0.009039,0.009039,0.0,1,0.008558,0.008558,0.008558,0.008558,0.0,1,1.127674,1.1473550000000001,1.1360284999999997,1.135354,0.004773991019053187,20,29,256,256,1,standard_fused_topk,logit_topk,softmax_renorm,True,standalone_legacy,none,8,7168,2048,True,1,232,0.2857142857142857,0.90625,0.90625,0.61328125,0.0,0.989240571571107,4.413793103448276,7.158395816395052,0.5214507004310345,uniform,1,vllm_fused,KERNEL_ONLY,BF16,generic,generic,method=fp8|act=dynamic|serialized=True|block=128x128
0.006879,0.006879,0.006879,0.006879,0.0,1,0.008959,0.008959,0.008959,0.008959,0.0,1,0.008638,0.008638,0.008638,0.008638,0.0,1,1.108754,1.122194,1.11416855,1.113954,0.0038815652574058514,20,29,256,256,1,standard_fused_topk,logit_topk,softmax_renorm,True,standalone_legacy,none,8,7168,2048,True,1,232,0.2857142857142857,0.90625,0.90625,0.6015625,0.0,1.0082890701526515,4.413793103448276,7.1281391354225985,0.5337082435344827,uniform,2,vllm_fused,KERNEL_ONLY,BF16,generic,generic,method=fp8|act=dynamic|serialized=True|block=128x128
0.006919,0.006919,0.006919,0.006919,0.0,1,0.008999,0.008999,0.008999,0.008999,0.0,1,0.008598,0.008598,0.008598,0.008598,0.0,1,1.062914,1.074275,1.0679505500000002,1.0682145,0.002896751395529178,20,28,256,256,1,standard_fused_topk,logit_topk,softmax_renorm,True,standalone_legacy,none,8,7168,2048,True,1,224,0.2857142857142857,0.875,0.875,0.578125,0.0,1.0546302185881,4.571428571428571,7.065934391046095,0.5543038504464286,uniform,0,vllm_fused,KERNEL_ONLY,BF16,generic,generic,method=fp8|act=dynamic|serialized=True|block=128x128
0.006879,0.006879,0.006879,0.006879,0.0,1,0.009159,0.009159,0.009159,0.009159,0.0,1,0.008558,0.008558,0.008558,0.008558,0.0,1,1.1099550000000002,1.131035,1.1183465,1.118374,0.005166285730580511,20,28,256,256,1,standard_fused_topk,logit_topk,softmax_renorm,True,standalone_legacy,none,8,7168,2048,True,1,224,0.2857142857142857,0.875,0.875,0.60546875,0.0,1.0,4.571428571428571,7.143096053827638,0.524169921875,uniform,1,vllm_fused,KERNEL_ONLY,BF16,generic,generic,method=fp8|act=dynamic|serialized=True|block=128x128
0.006759,0.006759,0.006759,0.006759,0.0,1,0.008919,0.008919,0.008919,0.008919,0.0,1,0.006558,0.006558,0.006558,0.006558,0.0,1,1.083435,1.096914,1.0914985500000003,1.091395,0.00365171875251917,20,28,256,256,1,standard_fused_topk,logit_topk,softmax_renorm,True,standalone_legacy,none,8,7168,2048,True,1,224,0.2857142857142857,0.875,0.875,0.58984375,0.0,1.0202040612204073,4.571428571428571,7.10620023919853,0.5387137276785714,uniform,2,vllm_fused,KERNEL_ONLY,BF16,generic,generic,method=fp8|act=dynamic|serialized=True|block=128x128
0.006679,0.006679,0.006679,0.006679,0.0,1,0.009079,0.009079,0.009079,0.009079,0.0,1,0.008398,0.008398,0.008398,0.008398,0.0,1,1.027914,1.038395,1.0330926000000002,1.033535,0.0028668279753065414,20,27,256,256,1,standard_fused_topk,logit_topk,softmax_renorm,True,standalone_legacy,none,8,7168,2048,True,1,216,0.2857142857142857,0.84375,0.84375,0.55859375,0.0,1.088031912708769,4.7407407407407405,7.017279578794585,0.5688295717592593,uniform,0,vllm_fused,KERNEL_ONLY,BF16,generic,generic,method=fp8|act=dynamic|serialized=True|block=128x128
0.006879,0.006879,0.006879,0.006879,0.0,1,0.008919,0.008919,0.008919,0.008919,0.0,1,0.008438,0.008438,0.008438,0.008438,0.0,1,1.078354,1.0924749999999999,1.0845585500000001,1.083754,0.0036743298501223246,20,27,256,256,1,standard_fused_topk,logit_topk,softmax_renorm,True,standalone_legacy,none,8,7168,2048,True,1,216,0.2857142857142857,0.84375,0.84375,0.5859375,0.0,1.031067474598152,4.7407407407407405,7.097299080946651,0.5384837962962963,uniform,1,vllm_fused,KERNEL_ONLY,BF16,generic,generic,method=fp8|act=dynamic|serialized=True|block=128x128
0.0068390000000000005,0.0068390000000000005,0.0068390000000000005,0.0068390000000000005,0.0,1,0.008919,0.008919,0.008919,0.008919,0.0,1,0.008598,0.008598,0.008598,0.008598,0.0,1,1.053035,1.068355,1.0591126000000002,1.0595745,0.004498025193348721,20,27,256,256,1,standard_fused_topk,logit_topk,softmax_renorm,True,standalone_legacy,none,8,7168,2048,True,1,216,0.2857142857142857,0.84375,0.84375,0.5703125,0.0,1.0573409202681627,4.7407407407407405,7.055541905113296,0.5547236689814814,uniform,2,vllm_fused,KERNEL_ONLY,BF16,generic,generic,method=fp8|act=dynamic|serialized=True|block=128x128
0.006639000000000001,0.006639000000000001,0.006639000000000001,0.006639000000000001,0.0,1,0.009079,0.009079,0.009079,0.009079,0.0,1,0.008438,0.008438,0.008438,0.008438,0.0,1,0.999034,1.014275,1.0047846500000002,1.003795,0.0038680596204686774,20,26,256,256,1,standard_fused_topk,logit_topk,softmax_renorm,True,standalone_legacy,none,8,7168,2048,True,1,208,0.2857142857142857,0.8125,0.8125,0.54296875,0.0,1.1067303515337046,4.923076923076923,6.983811598169538,0.5771484375,uniform,0,vllm_fused,KERNEL_ONLY,BF16,generic,generic,method=fp8|act=dynamic|serialized=True|block=128x128
0.006999,0.006999,0.006999,0.006999,0.0,1,0.009079,0.009079,0.009079,0.009079,0.0,1,0.008518000000000001,0.008518000000000001,0.008518000000000001,0.008518000000000001,0.0,1,1.0482749999999998,1.0592739999999998,1.0530726000000001,1.0529745,0.002641961892230846,20,26,256,256,1,standard_fused_topk,logit_topk,softmax_renorm,True,standalone_legacy,none,8,7168,2048,True,1,208,0.2857142857142857,0.8125,0.8125,0.56640625,0.0,1.063098073929635,4.923076923076923,7.050034855233719,0.5527719350961537,uniform,1,vllm_fused,KERNEL_ONLY,BF16,generic,generic,method=fp8|act=dynamic|serialized=True|block=128x128
0.006759,0.006759,0.006759,0.006759,0.0,1,0.009079,0.009079,0.009079,0.009079,0.0,1,0.008678000000000002,0.008678000000000002,0.008678000000000002,0.008678000000000002,0.0,1,1.030114,1.0415949999999998,1.0359406000000002,1.035975,0.0033412568054550927,20,26,256,256,1,standard_fused_topk,logit_topk,softmax_renorm,True,standalone_legacy,none,8,7168,2048,True,1,208,0.2857142857142857,0.8125,0.8125,0.55859375,0.0,1.0796668344321692,4.923076923076923,7.0259024033357935,0.5624624399038463,uniform,2,vllm_fused,KERNEL_ONLY,BF16,generic,generic,method=fp8|act=dynamic|serialized=True|block=128x128
0.006879,0.006879,0.006879,0.006879,0.0,1,0.009759,0.009759,0.009759,0.009759,0.0,1,0.008638,0.008638,0.008638,0.008638,0.0,1,0.9705139999999999,0.980315,0.9756626500000001,0.9761945000000001,0.002653916318857868,20,25,256,256,1,standard_fused_topk,logit_topk,softmax_renorm,True,standalone_legacy,none,8,7168,2048,True,1,200,0.2857142857142857,0.78125,0.78125,0.52734375,0.0,1.1419281938896158,5.12,6.9385629449307284,0.5899218749999999,uniform,0,vllm_fused,KERNEL_ONLY,BF16,generic,generic,method=fp8|act=dynamic|serialized=True|block=128x128
0.007039,0.007039,0.007039,0.007039,0.0,1,0.009039,0.009039,0.009039,0.009039,0.0,1,0.008518000000000001,0.008518000000000001,0.008518000000000001,0.008518000000000001,0.0,1,0.999835,1.0113150000000002,1.0051446,1.005635,0.0029444918475010715,20,25,256,256,1,standard_fused_topk,logit_topk,softmax_renorm,True,standalone_legacy,none,8,7168,2048,True,1,200,0.2857142857142857,0.78125,0.78125,0.54296875,0.0,1.1077905939300983,5.12,6.9874351323513215,0.5721484375000001,uniform,1,vllm_fused,KERNEL_ONLY,BF16,generic,generic,method=fp8|act=dynamic|serialized=True|block=128x128
0.006679,0.006679,0.006679,0.006679,0.0,1,0.009359000000000001,0.009359000000000001,0.009359000000000001,0.009359000000000001,0.0,1,0.008518000000000001,0.008518000000000001,0.008518000000000001,0.008518000000000001,0.0,1,0.9996750000000001,1.013035,1.00655865,1.0069945,0.003548416974863549,20,25,256,256,1,standard_fused_topk,logit_topk,softmax_renorm,True,standalone_legacy,none,8,7168,2048,True,1,200,0.2857142857142857,0.78125,0.78125,0.54296875,0.0,1.1077905939300983,5.12,6.986111819819115,0.5733593749999999,uniform,2,vllm_fused,KERNEL_ONLY,BF16,generic,generic,method=fp8|act=dynamic|serialized=True|block=128x128
0.0068390000000000005,0.0068390000000000005,0.0068390000000000005,0.0068390000000000005,0.0,1,0.009159,0.009159,0.009159,0.009159,0.0,1,0.008558,0.008558,0.008558,0.008558,0.0,1,0.9598340000000001,0.978835,0.9681487000000001,0.967435,0.00409966054814296,20,24,256,256,1,standard_fused_topk,logit_topk,softmax_renorm,True,standalone_legacy,none,8,7168,2048,True,1,192,0.2857142857142857,0.75,0.75,0.51953125,0.0,1.1486707293408518,4.0,6.923198703853796,0.5922444661458333,uniform,0,vllm_fused,KERNEL_ONLY,BF16,generic,generic,method=fp8|act=dynamic|serialized=True|block=128x128
0.0068390000000000005,0.0068390000000000005,0.0068390000000000005,0.0068390000000000005,0.0,1,0.009279,0.009279,0.009279,0.009279,0.0,1,0.008598,0.008598,0.008598,0.008598,0.0,1,0.989275,1.0042350000000002,0.9956927,0.9950545000000001,0.003828507151619291,20,24,256,256,1,standard_fused_topk,logit_topk,softmax_renorm,True,standalone_legacy,none,8,7168,2048,True,1,192,0.2857142857142857,0.75,0.75,0.53515625,0.0,1.118033988749895,5.333333333333333,6.971553977236612,0.5740152994791667,uniform,1,vllm_fused,KERNEL_ONLY,BF16,generic,generic,method=fp8|act=dynamic|serialized=True|block=128x128
0.006759,0.006759,0.006759,0.006759,0.0,1,0.009239,0.009239,0.009239,0.009239,0.0,1,0.008678000000000002,0.008678000000000002,0.008678000000000002,0.008678000000000002,0.0,1,1.0001149999999999,1.010794,1.00494265,1.0046145000000002,0.003045621090598767,20,24,256,256,1,standard_fused_topk,logit_topk,softmax_renorm,True,standalone_legacy,none,8,7168,2048,True,1,192,0.2857142857142857,0.75,0.75,0.54296875,0.0,1.092906420717,4.0,6.997493820874873,0.5658772786458333,uniform,2,vllm_fused,KERNEL_ONLY,BF16,generic,generic,method=fp8|act=dynamic|serialized=True|block=128x128
0.006759,0.006759,0.006759,0.006759,0.0,1,0.009079,0.009079,0.009079,0.009079,0.0,1,0.008558,0.008558,0.008558,0.008558,0.0,1,0.9343150000000001,0.9440750000000001,0.9387167500000002,0.9378345000000001,0.0029544971124541705,20,23,256,256,1,standard_fused_topk,logit_topk,softmax_renorm,True,standalone_legacy,none,8,7168,2048,True,1,184,0.2857142857142857,0.71875,0.71875,0.50390625,0.0,1.1723016315402404,4.173913043478261,6.884709379900788,0.6016049592391304,uniform,0,vllm_fused,KERNEL_ONLY,BF16,generic,generic,method=fp8|act=dynamic|serialized=True|block=128x128
0.006879,0.006879,0.006879,0.006879,0.0,1,0.008919,0.008919,0.008919,0.008919,0.0,1,0.008558,0.008558,0.008558,0.008558,0.0,1,0.971435,0.9830350000000001,0.9769846999999998,0.9766945,0.003007427174513156,20,23,256,256,1,standard_fused_topk,logit_topk,softmax_renorm,True,standalone_legacy,none,8,7168,2048,True,1,184,0.2857142857142857,0.71875,0.71875,0.52734375,0.0,1.1395949932244485,5.565217391304348,6.948700887912326,0.5779976222826086,uniform,1,vllm_fused,KERNEL_ONLY,BF16,generic,generic,method=fp8|act=dynamic|serialized=True|block=128x128
0.006879,0.006879,0.006879,0.006879,0.0,1,0.009079,0.009079,0.009079,0.009079,0.0,1,0.008638,0.008638,0.008638,0.008638,0.0,1,0.978195,0.9894750000000001,0.9834487000000001,0.9836940000000001,0.0031149293105943816,20,23,256,256,1,standard_fused_topk,logit_topk,softmax_renorm,True,standalone_legacy,none,8,7168,2048,True,1,184,0.2857142857142857,0.71875,0.71875,0.53125,0.0,1.1059215079979916,4.173913043478261,6.973104284593546,0.5706097146739131,uniform,2,vllm_fused,KERNEL_ONLY,BF16,generic,generic,method=fp8|act=dynamic|serialized=True|block=128x128
0.006959,0.006959,0.006959,0.006959,0.0,1,0.009039,0.009039,0.009039,0.009039,0.0,1,0.008398,0.008398,0.008398,0.008398,0.0,1,0.9162340000000001,0.929395,0.9220627499999999,0.9216345,0.003487427445481818,20,22,256,256,1,standard_fused_topk,logit_topk,softmax_renorm,True,standalone_legacy,none,8,7168,2048,True,1,176,0.2857142857142857,0.6875,0.6875,0.49609375,0.0,1.1748043621200077,4.363636363636363,6.872589507622131,0.6017844460227273,uniform,0,vllm_fused,KERNEL_ONLY,BF16,generic,generic,method=fp8|act=dynamic|serialized=True|block=128x128
0.0068390000000000005,0.0068390000000000005,0.0068390000000000005,0.0068390000000000005,0.0,1,0.008999,0.008999,0.008999,0.008999,0.0,1,0.008478,0.008478,0.008478,0.008478,0.0,1,0.950875,0.9612350000000002,0.9548307500000002,0.9545350000000001,0.002752501805176549,20,22,256,256,1,standard_fused_topk,logit_topk,softmax_renorm,True,standalone_legacy,none,8,7168,2048,True,1,176,0.2857142857142857,0.6875,0.6875,0.515625,0.0,1.139087644194697,4.363636363636363,6.929407689273868,0.5818093039772727,uniform,1,vllm_fused,KERNEL_ONLY,BF16,generic,generic,method=fp8|act=dynamic|serialized=True|block=128x128
0.006719,0.006719,0.006719,0.006719,0.0,1,0.008959,0.008959,0.008959,0.008959,0.0,1,0.008558,0.008558,0.008558,0.008558,0.0,1,0.961714,0.9727150000000002,0.9667366999999999,0.9671345,0.002854621763036249,20,22,256,256,1,standard_fused_topk,logit_topk,softmax_renorm,True,standalone_legacy,none,8,7168,2048,True,1,176,0.2857142857142857,0.6875,0.6875,0.51953125,0.0,1.1171096115858643,4.363636363636363,6.949349592673423,0.5747958096590908,uniform,2,vllm_fused,KERNEL_ONLY,BF16,generic,generic,method=fp8|act=dynamic|serialized=True|block=128x128
0.006879,0.006879,0.006879,0.006879,0.0,1,0.008999,0.008999,0.008999,0.008999,0.0,1,0.008398,0.008398,0.008398,0.008398,0.0,1,0.875355,0.8937950000000001,0.88304285,0.8824945,0.003714580801046081,20,21,256,256,1,standard_fused_topk,logit_topk,softmax_renorm,True,standalone_legacy,none,8,7168,2048,True,1,168,0.2857142857142857,0.65625,0.65625,0.47265625,0.0,1.2261326847222602,4.571428571428571,6.801339973079239,0.6212332589285714,uniform,0,vllm_fused,KERNEL_ONLY,BF16,generic,generic,method=fp8|act=dynamic|serialized=True|block=128x128
0.006799,0.006799,0.006799,0.006799,0.0,1,0.008959,0.008959,0.008959,0.008959,0.0,1,0.008638,0.008638,0.008638,0.008638,0.0,1,0.920115,0.9315950000000001,0.9252928,0.9249545000000001,0.003331071203081651,20,21,256,256,1,standard_fused_topk,logit_topk,softmax_renorm,True,standalone_legacy,none,8,7168,2048,True,1,168,0.2857142857142857,0.65625,0.65625,0.5,0.0,1.1497806159666322,4.571428571428571,6.898153440145038,0.5885416666666667,uniform,1,vllm_fused,KERNEL_ONLY,BF16,generic,generic,method=fp8|act=dynamic|serialized=True|block=128x128
0.006879,0.006879,0.006879,0.006879,0.0,1,0.008879,0.008879,0.008879,0.008879,0.0,1,0.008438,0.008438,0.008438,0.008438,0.0,1,0.9308740000000001,0.942155,0.9371948,0.9371149999999999,0.003500882197389658,20,21,256,256,1,standard_fused_topk,logit_topk,softmax_renorm,True,standalone_legacy,none,8,7168,2048,True,1,168,0.2857142857142857,0.65625,0.65625,0.50390625,0.0,1.1418646484077903,4.571428571428571,6.910058202016444,0.5842168898809523,uniform,2,vllm_fused,KERNEL_ONLY,BF16,generic,generic,method=fp8|act=dynamic|serialized=True|block=128x128
0.006919,0.006919,0.006919,0.006919,0.0,1,0.008719,0.008719,0.008719,0.008719,0.0,1,0.008358,0.008358,0.008358,0.008358,0.0,1,0.8496750000000001,0.8642750000000001,0.8565528499999999,0.8566744999999999,0.0036000249342886172,20,20,256,256,1,standard_fused_topk,logit_topk,softmax_renorm,True,standalone_legacy,none,8,7168,2048,True,1,160,0.2857142857142857,0.625,0.625,0.45703125,0.0,1.2569805089976536,4.8,6.756119819436774,0.6314941406250001,uniform,0,vllm_fused,KERNEL_ONLY,BF16,generic,generic,method=fp8|act=dynamic|serialized=True|block=128x128
0.006799,0.006799,0.006799,0.006799,0.0,1,0.008959,0.008959,0.008959,0.008959,0.0,1,0.008478,0.008478,0.008478,0.008478,0.0,1,0.8811149999999999,0.895915,0.8872648499999999,0.8874949999999999,0.0033971018718166124,20,20,256,256,1,standard_fused_topk,logit_topk,softmax_renorm,True,standalone_legacy,none,8,7168,2048,True,1,160,0.2857142857142857,0.625,0.625,0.4765625,0.0,1.2,4.8,6.828055913045854,0.6080078124999999,uniform,1,vllm_fused,KERNEL_ONLY,BF16,generic,generic,method=fp8|act=dynamic|serialized=True|block=128x128
0.006799,0.006799,0.006799,0.006799,0.0,1,0.008879,0.008879,0.008879,0.008879,0.0,1,0.008478,0.008478,0.008478,0.008478,0.0,1,0.9061950000000001,0.918795,0.9117748000000001,0.910995,0.0029449659013305947,20,20,256,256,1,standard_fused_topk,logit_topk,softmax_renorm,True,standalone_legacy,none,8,7168,2048,True,1,160,0.2857142857142857,0.625,0.625,0.48828125,0.0,1.1661903789690602,4.8,6.870273959833681,0.593310546875,uniform,2,vllm_fused,KERNEL_ONLY,BF16,generic,generic,method=fp8|act=dynamic|serialized=True|block=128x128
0.0068390000000000005,0.0068390000000000005,0.0068390000000000005,0.0068390000000000005,0.0,1,0.008999,0.008999,0.008999,0.008999,0.0,1,0.008558,0.008558,0.008558,0.008558,0.0,1,0.830795,0.841075,0.8360569,0.835855,0.003305879079760787,20,19,256,256,1,standard_fused_topk,logit_topk,softmax_renorm,True,standalone_legacy,none,8,7168,2048,True,1,152,0.2857142857142857,0.59375,0.59375,0.44921875,0.0,1.2708101544894355,5.052631578947368,6.736253588397835,0.6331722861842106,uniform,0,vllm_fused,KERNEL_ONLY,BF16,generic,generic,method=fp8|act=dynamic|serialized=True|block=128x128
0.0068390000000000005,0.0068390000000000005,0.0068390000000000005,0.0068390000000000005,0.0,1,0.009079,0.009079,0.009079,0.009079,0.0,1,0.008598,0.008598,0.008598,0.008598,0.0,1,0.836715,0.8464349999999999,0.8409949000000001,0.840395,0.0027929189193386717,20,19,256,256,1,standard_fused_topk,logit_topk,softmax_renorm,True,standalone_legacy,none,8,7168,2048,True,1,152,0.2857142857142857,0.59375,0.59375,0.453125,0.0,1.2532506210305956,5.052631578947368,6.754377848246573,0.627467105263158,uniform,1,vllm_fused,KERNEL_ONLY,BF16,generic,generic,method=fp8|act=dynamic|serialized=True|block=128x128
0.006759,0.006759,0.006759,0.006759,0.0,1,0.008959,0.008959,0.008959,0.008959,0.0,1,0.008358,0.008358,0.008358,0.008358,0.0,1,0.8652349999999999,0.873675,0.86917285,0.869595,0.0022478464199095056,20,19,256,256,1,standard_fused_topk,logit_topk,softmax_renorm,True,standalone_legacy,none,8,7168,2048,True,1,152,0.2857142857142857,0.59375,0.59375,0.46875,0.0,1.208235819289368,5.052631578947368,6.811975792205336,0.6080900493421053,uniform,2,vllm_fused,KERNEL_ONLY,BF16,generic,generic,method=fp8|act=dynamic|serialized=True|block=128x128
0.006719,0.006719,0.006719,0.006719,0.0,1,0.008839000000000001,0.008839000000000001,0.008839000000000001,0.008839000000000001,0.0,1,0.008558,0.008558,0.008558,0.008558,0.0,1,0.792115,0.805795,0.7977869500000001,0.797455,0.0030418749559276833,20,18,256,256,1,standard_fused_topk,logit_topk,softmax_renorm,True,standalone_legacy,none,8,7168,2048,True,1,144,0.2857142857142857,0.5625,0.5625,0.42578125,0.0,1.3286956381223776,5.333333333333333,6.657602524875275,0.6526150173611112,uniform,0,vllm_fused,KERNEL_ONLY,BF16,generic,generic,method=fp8|act=dynamic|serialized=True|block=128x128
0.006639000000000001,0.006639000000000001,0.006639000000000001,0.006639000000000001,0.0,1,0.008919,0.008919,0.008919,0.008919,0.0,1,0.008638,0.008638,0.008638,0.008638,0.0,1,0.805715,0.818355,0.8130969,0.8134750000000001,0.0033611695122382677,20,18,256,256,1,standard_fused_topk,logit_topk,softmax_renorm,True,standalone_legacy,none,8,7168,2048,True,1,144,0.2857142857142857,0.5625,0.5625,0.4375,0.0,1.2813958438523108,5.333333333333333,6.709753740081533,0.6366644965277777,uniform,1,vllm_fused,KERNEL_ONLY,BF16,generic,generic,method=fp8|act=dynamic|serialized=True|block=128x128
0.006799,0.006799,0.006799,0.006799,0.0,1,0.009039,0.009039,0.009039,0.009039,0.0,1,0.008398,0.008398,0.008398,0.008398,0.0,1,0.8330749999999999,0.845875,0.8406408500000001,0.841075,0.003148958228922698,20,18,256,256,1,standard_fused_topk,logit_topk,softmax_renorm,True,standalone_legacy,none,8,7168,2048,True,1,144,0.2857142857142857,0.5625,0.5625,0.453125,0.0,1.2322818340454909,5.333333333333333,6.77055156982294,0.6165364583333333,uniform,2,vllm_fused,KERNEL_ONLY,BF16,generic,generic,method=fp8|act=dynamic|serialized=True|block=128x128
0.006759,0.006759,0.006759,0.006759,0.0,1,0.009199,0.009199,0.009199,0.009199,0.0,1,0.008398,0.008398,0.008398,0.008398,0.0,1,0.7663549999999999,0.7743150000000001,0.77031095,0.770875,0.0024238250034810996,20,17,256,256,1,standard_fused_topk,logit_topk,softmax_renorm,True,standalone_legacy,none,8,7168,2048,True,1,136,0.2857142857142857,0.53125,0.53125,0.41015625,0.0,1.3707270820860051,5.647058823529412,6.603827277598485,0.6632008272058822,uniform,0,vllm_fused,KERNEL_ONLY,BF16,generic,generic,method=fp8|act=dynamic|serialized=True|block=128x128
0.006799,0.006799,0.006799,0.006799,0.0,1,0.009479,0.009479,0.009479,0.009479,0.0,1,0.008518000000000001,0.008518000000000001,0.008518000000000001,0.008518000000000001,0.0,1,0.774195,0.784115,0.7798010000000002,0.779595,0.002789531143400281,20,17,256,256,1,standard_fused_topk,logit_topk,softmax_renorm,True,standalone_legacy,none,8,7168,2048,True,1,136,0.2857142857142857,0.53125,0.53125,0.41796875,0.0,1.319274205412106,5.647058823529412,6.649890972430582,0.6501034007352942,uniform,1,vllm_fused,KERNEL_ONLY,BF16,generic,generic,method=fp8|act=dynamic|serialized=True|block=128x128
0.0068390000000000005,0.0068390000000000005,0.0068390000000000005,0.0068390000000000005,0.0,1,0.009159,0.009159,0.009159,0.009159,0.0,1,0.008478,0.008478,0.008478,0.008478,0.0,1,0.8073940000000001,0.817834,0.8127629000000001,0.812355,0.0032920215202820106,20,17,256,256,1,standard_fused_topk,logit_topk,softmax_renorm,True,standalone_legacy,none,8,7168,2048,True,1,136,0.2857142857142857,0.53125,0.53125,0.4375,0.0,1.2657314583147066,5.647058823529412,6.723420384026983,0.6256893382352942,uniform,2,vllm_fused,KERNEL_ONLY,BF16,generic,generic,method=fp8|act=dynamic|serialized=True|block=128x128
0.006919,0.006919,0.006919,0.006919,0.0,1,0.008638999999999999,0.008638999999999999,0.008638999999999999,0.008638999999999999,0.0,1,0.008478,0.008478,0.008478,0.008478,0.0,1,0.7233550000000001,0.7385560000000001,0.72838305,0.7276549999999999,0.0039053083421799017,20,16,256,256,1,standard_fused_topk,logit_topk,softmax_renorm,True,standalone_legacy,none,8,7168,2048,True,1,128,0.2857142857142857,0.5,0.5,0.390625,0.0,1.4252192813739224,6.0,6.533012213394924,0.67791748046875,uniform,0,vllm_fused,KERNEL_ONLY,BF16,generic,generic,method=fp8|act=dynamic|serialized=True|block=128x128
0.007039,0.007039,0.007039,0.007039,0.0,1,0.008719,0.008719,0.008719,0.008719,0.0,1,0.008478,0.008478,0.008478,0.008478,0.0,1,0.740195,0.7501950000000001,0.7453290499999999,0.745235,0.0025831861426347065,20,16,256,256,1,standard_fused_topk,logit_topk,softmax_renorm,True,standalone_legacy,none,8,7168,2048,True,1,128,0.2857142857142857,0.5,0.5,0.3984375,0.0,1.357847561400027,6.0,6.587852447768375,0.66339111328125,uniform,1,vllm_fused,KERNEL_ONLY,BF16,generic,generic,method=fp8|act=dynamic|serialized=True|block=128x128
0.007079,0.007079,0.007079,0.007079,0.0,1,0.008638999999999999,0.008638999999999999,0.008638999999999999,0.008638999999999999,0.0,1,0.008398,0.008398,0.008398,0.008398,0.0,1,0.792475,0.803195,0.7979209500000002,0.798115,0.002462821278026487,20,16,256,256,1,standard_fused_topk,logit_topk,softmax_renorm,True,standalone_legacy,none,8,7168,2048,True,1,128,0.2857142857142857,0.5,0.5,0.42578125,0.0,1.2747548783981961,6.0,6.697227447532136,0.62750244140625,uniform,2,vllm_fused,KERNEL_ONLY,BF16,generic,generic,method=fp8|act=dynamic|serialized=True|block=128x128
0.0071589999999999996,0.0071589999999999996,0.0071589999999999996,0.0071589999999999996,0.0,1,0.008879,0.008879,0.008879,0.008879,0.0,1,0.008277999999999999,0.008277999999999999,0.008277999999999999,0.008277999999999999,0.0,1,0.6842349999999999,0.6964750000000001,0.6916851,0.691715,0.0030647763523624417,20,15,256,256,1,standard_fused_topk,logit_topk,softmax_renorm,True,standalone_legacy,none,8,7168,2048,True,1,120,0.2857142857142857,0.46875,0.46875,0.3671875,0.0,1.4832396974191326,6.4,6.448394352185912,0.69609375,uniform,0,vllm_fused,KERNEL_ONLY,BF16,generic,generic,method=fp8|act=dynamic|serialized=True|block=128x128
0.007079,0.007079,0.007079,0.007079,0.0,1,0.008478999999999999,0.008478999999999999,0.008478999999999999,0.008478999999999999,0.0,1,0.008437,0.008437,0.008437,0.008437,0.0,1,0.7184349999999999,0.7291949999999999,0.7241410500000001,0.723455,0.0031619034532224316,20,15,256,256,1,standard_fused_topk,logit_topk,softmax_renorm,True,standalone_legacy,none,8,7168,2048,True,1,120,0.2857142857142857,0.46875,0.46875,0.38671875,0.0,1.384035966135113,6.4,6.550599872902879,0.6679036458333334,uniform,1,vllm_fused,KERNEL_ONLY,BF16,generic,generic,method=fp8|act=dynamic|serialized=True|block=128x128
0.007119,0.007119,0.007119,0.007119,0.0,1,0.008999,0.008999,0.008999,0.008999,0.0,1,0.008438,0.008438,0.008438,0.008438,0.0,1,0.7478750000000001,0.758155,0.752193,0.751255,0.002614068859077736,20,15,256,256,1,standard_fused_topk,logit_topk,softmax_renorm,True,standalone_legacy,none,8,7168,2048,True,1,120,0.2857142857142857,0.46875,0.46875,0.40234375,0.0,1.3316656236958786,6.4,6.617266539434178,0.6462890625,uniform,2,vllm_fused,KERNEL_ONLY,BF16,generic,generic,method=fp8|act=dynamic|serialized=True|block=128x128
0.007119,0.007119,0.007119,0.007119,0.0,1,0.008759000000000001,0.008759000000000001,0.008759000000000001,0.008759000000000001,0.0,1,0.008438,0.008438,0.008438,0.008438,0.0,1,0.638755,0.6495550000000001,0.6455051500000001,0.6458550000000001,0.0028753008759954423,20,14,256,256,1,standard_fused_topk,logit_topk,softmax_renorm,True,standalone_legacy,none,8,7168,2048,True,1,112,0.2857142857142857,0.4375,0.4375,0.34375,0.0,1.558387444947959,6.857142857142857,6.351823232403565,0.7154017857142858,uniform,0,vllm_fused,KERNEL_ONLY,BF16,generic,generic,method=fp8|act=dynamic|serialized=True|block=128x128
0.006959,0.006959,0.006959,0.006959,0.0,1,0.008719,0.008719,0.008719,0.008719,0.0,1,0.008358,0.008358,0.008358,0.008358,0.0,1,0.680155,0.690715,0.6859811,0.6860155,0.002449507479065938,20,14,256,256,1,standard_fused_topk,logit_topk,softmax_renorm,True,standalone_legacy,none,8,7168,2048,True,1,112,0.2857142857142857,0.4375,0.4375,0.36328125,0.0,1.4498416521560313,6.857142857142857,6.461329147469136,0.68701171875,uniform,1,vllm_fused,KERNEL_ONLY,BF16,generic,generic,method=fp8|act=dynamic|serialized=True|block=128x128
0.007279,0.007279,0.007279,0.007279,0.0,1,0.008919,0.008919,0.008919,0.008919,0.0,1,0.008317999999999999,0.008317999999999999,0.008317999999999999,0.008317999999999999,0.0,1,0.7069150000000001,0.721075,0.7145170999999999,0.715295,0.0038198476003631376,20,14,256,256,1,standard_fused_topk,logit_topk,softmax_renorm,True,standalone_legacy,none,8,7168,2048,True,1,112,0.2857142857142857,0.4375,0.4375,0.37890625,0.0,1.392399192115566,6.857142857142857,6.5327577187619426,0.6649693080357142,uniform,2,vllm_fused,KERNEL_ONLY,BF16,generic,generic,method=fp8|act=dynamic|serialized=True|block=128x128
0.007079,0.007079,0.007079,0.007079,0.0,1,0.008879,0.008879,0.008879,0.008879,0.0,1,0.008398,0.008398,0.008398,0.008398,0.0,1,0.6002350000000001,0.612075,0.6061872000000001,0.6059955,0.0027219535925507602,20,13,256,256,1,standard_fused_topk,logit_topk,softmax_renorm,True,standalone_legacy,none,8,7168,2048,True,1,104,0.2857142857142857,0.40625,0.40625,0.3203125,0.0,1.640825308284734,7.384615384615385,6.248328667420255,0.7346754807692308,uniform,0,vllm_fused,KERNEL_ONLY,BF16,generic,generic,method=fp8|act=dynamic|serialized=True|block=128x128
0.007079,0.007079,0.007079,0.007079,0.0,1,0.008959,0.008959,0.008959,0.008959,0.0,1,0.008518000000000001,0.008518000000000001,0.008518000000000001,0.008518000000000001,0.0,1,0.655955,0.665235,0.6608411500000001,0.6601349999999999,0.002668250049658035,20,13,256,256,1,standard_fused_topk,logit_topk,softmax_renorm,True,standalone_legacy,none,8,7168,2048,True,1,104,0.2857142857142857,0.40625,0.40625,0.3515625,0.0,1.4574842554997243,4.923076923076923,6.431208955690959,0.6884014423076923,uniform,1,vllm_fused,KERNEL_ONLY,BF16,generic,generic,method=fp8|act=dynamic|serialized=True|block=128x128
0.007079,0.007079,0.007079,0.007079,0.0,1,0.008679000000000001,0.008679000000000001,0.008679000000000001,0.008679000000000001,0.0,1,0.008358,0.008358,0.008358,0.008358,0.0,1,0.6669149999999999,0.680755,0.67218715,0.6721550000000001,0.0034452155995670307,20,13,256,256,1,standard_fused_topk,logit_topk,softmax_renorm,True,standalone_legacy,none,8,7168,2048,True,1,104,0.2857142857142857,0.40625,0.40625,0.359375,0.0,1.441153384245784,7.384615384615385,6.462411960410168,0.6775090144230769,uniform,2,vllm_fused,KERNEL_ONLY,BF16,generic,generic,method=fp8|act=dynamic|serialized=True|block=128x128
0.007119,0.007119,0.007119,0.007119,0.0,1,0.008599,0.008599,0.008599,0.008599,0.0,1,0.008317999999999999,0.008317999999999999,0.008317999999999999,0.008317999999999999,0.0,1,0.568795,0.577875,0.5729552499999999,0.572435,0.0026922823379987412,20,12,256,256,1,standard_fused_topk,logit_topk,softmax_renorm,True,standalone_legacy,none,8,7168,2048,True,1,96,0.2857142857142857,0.375,0.375,0.30078125,0.0,1.6996731711975948,8.0,6.165538940168827,0.7479654947916667,uniform,0,vllm_fused,KERNEL_ONLY,BF16,generic,generic,method=fp8|act=dynamic|serialized=True|block=128x128
0.007079,0.007079,0.007079,0.007079,0.0,1,0.008519,0.008519,0.008519,0.008519,0.0,1,0.008398,0.008398,0.008398,0.008398,0.0,1,0.623355,0.6340350000000001,0.6289111999999999,0.6288155,0.0026464840373597747,20,12,256,256,1,standard_fused_topk,logit_topk,softmax_renorm,True,standalone_legacy,none,8,7168,2048,True,1,96,0.2857142857142857,0.375,0.375,0.33203125,0.0,1.5092308563562362,5.333333333333333,6.355795841003548,0.7010904947916667,uniform,1,vllm_fused,KERNEL_ONLY,BF16,generic,generic,method=fp8|act=dynamic|serialized=True|block=128x128
0.007079,0.007079,0.007079,0.007079,0.0,1,0.008558999999999999,0.008558999999999999,0.008558999999999999,0.008558999999999999,0.0,1,0.008518000000000001,0.008518000000000001,0.008518000000000001,0.008518000000000001,0.0,1,0.610916,0.6191949999999999,0.6147731999999999,0.6142954999999999,0.0020712974098375967,20,12,256,256,1,standard_fused_topk,logit_topk,softmax_renorm,True,standalone_legacy,none,8,7168,2048,True,1,96,0.2857142857142857,0.375,0.375,0.328125,0.0,1.5456030825826172,8.0,6.327099096223924,0.7079264322916667,uniform,2,vllm_fused,KERNEL_ONLY,BF16,generic,generic,method=fp8|act=dynamic|serialized=True|block=128x128
0.007079,0.007079,0.007079,0.007079,0.0,1,0.008719,0.008719,0.008719,0.008719,0.0,1,0.008438,0.008438,0.008438,0.008438,0.0,1,0.516915,0.527035,0.5213452999999999,0.5202955,0.0027329482633229756,20,11,256,256,1,standard_fused_topk,logit_topk,softmax_renorm,True,standalone_legacy,none,8,7168,2048,True,1,88,0.2857142857142857,0.34375,0.34375,0.2734375,0.0,1.7976109030259264,8.727272727272727,6.033184182867866,0.7709517045454546,uniform,0,vllm_fused,KERNEL_ONLY,BF16,generic,generic,method=fp8|act=dynamic|serialized=True|block=128x128
0.0071589999999999996,0.0071589999999999996,0.0071589999999999996,0.0071589999999999996,0.0,1,0.008558999999999999,0.008558999999999999,0.008558999999999999,0.008558999999999999,0.0,1,0.008277999999999999,0.008277999999999999,0.008277999999999999,0.008277999999999999,0.0,1,0.5755950000000001,0.585395,0.5810072,0.580395,0.002726726124861082,20,11,256,256,1,standard_fused_topk,logit_topk,softmax_renorm,True,standalone_legacy,none,8,7168,2048,True,1,88,0.2857142857142857,0.34375,0.34375,0.30859375,0.0,1.582445016866292,5.818181818181818,6.254886171243967,0.7193714488636365,uniform,1,vllm_fused,KERNEL_ONLY,BF16,generic,generic,method=fp8|act=dynamic|serialized=True|block=128x128
0.007079,0.007079,0.007079,0.007079,0.0,1,0.008919,0.008919,0.008919,0.008919,0.0,1,0.008478,0.008478,0.008478,0.008478,0.0,1,0.6021150000000001,0.608635,0.6047872,0.6045155,0.002007115183540808,20,11,256,256,1,standard_fused_topk,logit_topk,softmax_renorm,True,standalone_legacy,none,8,7168,2048,True,1,88,0.2857142857142857,0.34375,0.34375,0.3203125,0.0,1.5184811898627333,5.818181818181818,6.323067989322919,0.6999289772727273,uniform,2,vllm_fused,KERNEL_ONLY,BF16,generic,generic,method=fp8|act=dynamic|serialized=True|block=128x128
0.006919,0.006919,0.006919,0.006919,0.0,1,0.008599,0.008599,0.008599,0.008599,0.0,1,0.008478,0.008478,0.008478,0.008478,0.0,1,0.4700750000000001,0.480555,0.47455140000000007,0.4746355,0.0027999563282308498,20,10,256,256,1,standard_fused_topk,logit_topk,softmax_renorm,True,standalone_legacy,none,8,7168,2048,True,1,80,0.2857142857142857,0.3125,0.3125,0.25,0.0,1.9078784028338913,9.6,5.903055914999766,0.790234375,uniform,0,vllm_fused,KERNEL_ONLY,BF16,generic,generic,method=fp8|act=dynamic|serialized=True|block=128x128
0.007079,0.007079,0.007079,0.007079,0.0,1,0.008398999999999998,0.008398999999999998,0.008398999999999998,0.008398999999999998,0.0,1,0.008558,0.008558,0.008558,0.008558,0.0,1,0.546195,0.5541159999999999,0.5492253,0.5489550000000001,0.002170412451586087,20,10,256,256,1,standard_fused_topk,logit_topk,softmax_renorm,True,standalone_legacy,none,8,7168,2048,True,1,80,0.2857142857142857,0.3125,0.3125,0.2890625,0.0,1.6370705543744901,6.4,6.171928102208757,0.7308593750000001,uniform,1,vllm_fused,KERNEL_ONLY,BF16,generic,generic,method=fp8|act=dynamic|serialized=True|block=128x128
0.007039,0.007039,0.007039,0.007039,0.0,1,0.008519,0.008519,0.008519,0.008519,0.0,1,0.008478,0.008478,0.008478,0.008478,0.0,1,0.5458350000000001,0.554715,0.5494353000000001,0.5491550000000001,0.002391310981449312,20,10,256,256,1,standard_fused_topk,logit_topk,softmax_renorm,True,standalone_legacy,none,8,7168,2048,True,1,80,0.2857142857142857,0.3125,0.3125,0.2890625,0.0,1.6370705543744901,6.4,6.171928102208756,0.7308593750000001,uniform,2,vllm_fused,KERNEL_ONLY,BF16,generic,generic,method=fp8|act=dynamic|serialized=True|block=128x128
0.010638,0.010638,0.010638,0.010638,0.0,1,0.008558999999999999,0.008558999999999999,0.008558999999999999,0.008558999999999999,0.0,1,0.008317999999999999,0.008317999999999999,0.008317999999999999,0.008317999999999999,0.0,1,0.433795,0.44191499999999995,0.43740145,0.437056,0.002337240862106427,20,9,256,256,1,standard_fused_topk,logit_topk,softmax_renorm,True,standalone_legacy,none,8,7168,2048,True,1,72,0.2857142857142857,0.28125,0.28125,0.2265625,0.0,2.0336672464136805,10.666666666666666,5.760067023143339,0.8094618055555556,uniform,0,vllm_fused,KERNEL_ONLY,BF16,generic,generic,method=fp8|act=dynamic|serialized=True|block=128x128
0.010917999999999999,0.010917999999999999,0.010917999999999999,0.010917999999999999,0.0,1,0.008799,0.008799,0.008799,0.008799,0.0,1,0.008558,0.008558,0.008558,0.008558,0.0,1,0.49395500000000003,0.501276,0.49718134999999997,0.4967355,0.002248307369444851,20,9,256,256,1,standard_fused_topk,logit_topk,softmax_renorm,True,standalone_legacy,none,8,7168,2048,True,1,72,0.2857142857142857,0.28125,0.28125,0.26171875,0.0,1.7462481828335235,7.111111111111111,6.031036120113621,0.7550998263888888,uniform,1,vllm_fused,KERNEL_ONLY,BF16,generic,generic,method=fp8|act=dynamic|serialized=True|block=128x128
0.015198000000000001,0.015198000000000001,0.015198000000000001,0.015198000000000001,0.0,1,0.008439,0.008439,0.008439,0.008439,0.0,1,0.008398,0.008398,0.008398,0.008398,0.0,1,0.48867499999999997,0.5001960000000001,0.49334734999999996,0.49275550000000007,0.002724787299496987,20,9,256,256,1,standard_fused_topk,logit_topk,softmax_renorm,True,standalone_legacy,none,8,7168,2048,True,1,72,0.2857142857142857,0.28125,0.28125,0.2578125,0.0,1.7743021580745901,7.111111111111111,6.003258342370421,0.76171875,uniform,2,vllm_fused,KERNEL_ONLY,BF16,generic,generic,method=fp8|act=dynamic|serialized=True|block=128x128
0.009838000000000001,0.009838000000000001,0.009838000000000001,0.009838000000000001,0.0,1,0.008999,0.008999,0.008999,0.008999,0.0,1,0.008277999999999999,0.008277999999999999,0.008277999999999999,0.008277999999999999,0.0,1,0.405036,0.41507499999999997,0.4095375,0.40935550000000004,0.0027288617132423536,20,8,256,256,1,standard_fused_topk,logit_topk,softmax_renorm,True,standalone_legacy,none,8,7168,2048,True,1,64,0.2857142857142857,0.25,0.25,0.2109375,0.0,2.0615528128088303,8.0,5.687500008008542,0.81591796875,uniform,0,vllm_fused,KERNEL_ONLY,BF16,generic,generic,method=fp8|act=dynamic|serialized=True|block=128x128
0.015437999999999999,0.015437999999999999,0.015437999999999999,0.015437999999999999,0.0,1,0.008359,0.008359,0.008359,0.008359,0.0,1,0.008277999999999999,0.008277999999999999,0.008277999999999999,0.008277999999999999,0.0,1,0.443475,0.453716,0.44843345,0.44803550000000003,0.002583987238261821,20,8,256,256,1,standard_fused_topk,logit_topk,softmax_renorm,True,standalone_legacy,none,8,7168,2048,True,1,64,0.2857142857142857,0.25,0.25,0.234375,0.0,1.8708286933869707,8.0,5.875000007800051,0.779296875,uniform,1,vllm_fused,KERNEL_ONLY,BF16,generic,generic,method=fp8|act=dynamic|serialized=True|block=128x128
0.009998000000000002,0.009998000000000002,0.009998000000000002,0.009998000000000002,0.0,1,0.008638999999999999,0.008638999999999999,0.008638999999999999,0.008638999999999999,0.0,1,0.008398,0.008398,0.008398,0.008398,0.0,1,0.434396,0.442875,0.43750945,0.4366955,0.0025535594074742036,20,8,256,256,1,standard_fused_topk,logit_topk,softmax_renorm,True,standalone_legacy,none,8,7168,2048,True,1,64,0.2857142857142857,0.25,0.25,0.2265625,0.0,1.9364916731037085,8.0,5.812500007869548,0.79248046875,uniform,2,vllm_fused,KERNEL_ONLY,BF16,generic,generic,method=fp8|act=dynamic|serialized=True|block=128x128
0.014558,0.014558,0.014558,0.014558,0.0,1,0.008439,0.008439,0.008439,0.008439,0.0,1,0.008238,0.008238,0.008238,0.008238,0.0,1,0.37263599999999997,0.37931600000000004,0.37576350000000003,0.375515,0.001902902060012562,20,7,256,256,1,standard_fused_topk,logit_topk,softmax_renorm,True,standalone_legacy,none,8,7168,2048,True,1,56,0.2857142857142857,0.21875,0.21875,0.19140625,0.0,2.1712405933672376,9.142857142857142,5.557354930238448,0.8291015625,uniform,0,vllm_fused,KERNEL_ONLY,BF16,generic,generic,method=fp8|act=dynamic|serialized=True|block=128x128
0.015238,0.015238,0.015238,0.015238,0.0,1,0.008478999999999999,0.008478999999999999,0.008478999999999999,0.008478999999999999,0.0,1,0.008317999999999999,0.008317999999999999,0.008317999999999999,0.008317999999999999,0.0,1,0.387915,0.395275,0.39072745000000003,0.390635,0.00198014682473295,20,7,256,256,1,standard_fused_topk,logit_topk,softmax_renorm,True,standalone_legacy,none,8,7168,2048,True,1,56,0.2857142857142857,0.21875,0.21875,0.203125,0.0,2.055356367134023,9.142857142857142,5.664497787276483,0.8102678571428572,uniform,1,vllm_fused,KERNEL_ONLY,BF16,generic,generic,method=fp8|act=dynamic|serialized=True|block=128x128
0.015118000000000001,0.015118000000000001,0.015118000000000001,0.015118000000000001,0.0,1,0.008519,0.008519,0.008519,0.008519,0.0,1,0.008238,0.008238,0.008238,0.008238,0.0,1,0.40075600000000006,0.40883500000000006,0.40507545,0.40453549999999994,0.002384081426356908,20,7,256,256,1,standard_fused_topk,logit_topk,softmax_renorm,True,standalone_legacy,none,8,7168,2048,True,1,56,0.2857142857142857,0.21875,0.21875,0.20703125,0.0,2.0152479970951265,9.142857142857142,5.700212072955827,0.8034319196428572,uniform,2,vllm_fused,KERNEL_ONLY,BF16,generic,generic,method=fp8|act=dynamic|serialized=True|block=128x128
0.014518000000000001,0.014518000000000001,0.014518000000000001,0.014518000000000001,0.0,1,0.008439,0.008439,0.008439,0.008439,0.0,1,0.008277999999999999,0.008277999999999999,0.008277999999999999,0.008277999999999999,0.0,1,0.320955,0.33043600000000006,0.32471360000000005,0.32373550000000006,0.0028647098701264752,20,6,256,256,1,standard_fused_topk,logit_topk,softmax_renorm,True,standalone_legacy,none,8,7168,2048,True,1,48,0.2857142857142857,0.1875,0.1875,0.1640625,0.0,2.3804761428476167,10.666666666666666,5.3349625091452495,0.853515625,uniform,0,vllm_fused,KERNEL_ONLY,BF16,generic,generic,method=fp8|act=dynamic|serialized=True|block=128x128
0.014957999999999999,0.014957999999999999,0.014957999999999999,0.014957999999999999,0.0,1,0.008279,0.008279,0.008279,0.008279,0.0,1,0.008358,0.008358,0.008358,0.008358,0.0,1,0.330515,0.33947499999999997,0.33375155,0.3335955,0.002265982490554591,20,6,256,256,1,standard_fused_topk,logit_topk,softmax_renorm,True,standalone_legacy,none,8,7168,2048,True,1,48,0.2857142857142857,0.1875,0.1875,0.171875,0.0,2.285218200133681,10.666666666666666,5.418295842408256,0.8411458333333333,uniform,1,vllm_fused,KERNEL_ONLY,BF16,generic,generic,method=fp8|act=dynamic|serialized=True|block=128x128
0.014878,0.014878,0.014878,0.014878,0.0,1,0.008439,0.008439,0.008439,0.008439,0.0,1,0.008358,0.008358,0.008358,0.008358,0.0,1,0.34851600000000005,0.359675,0.35170155,0.3509155,0.0026882484348549353,20,6,256,256,1,standard_fused_topk,logit_topk,softmax_renorm,True,standalone_legacy,none,8,7168,2048,True,1,48,0.2857142857142857,0.1875,0.1875,0.1796875,0.0,2.185812841434,10.666666666666666,5.501629175671262,0.8274739583333333,uniform,2,vllm_fused,KERNEL_ONLY,BF16,generic,generic,method=fp8|act=dynamic|serialized=True|block=128x128
0.006399,0.006399,0.006399,0.006399,0.0,1,0.008478999999999999,0.008478999999999999,0.008478999999999999,0.008478999999999999,0.0,1,0.008198,0.008198,0.008198,0.008198,0.0,1,0.26987500000000003,0.278796,0.27383565,0.27367600000000003,0.0022547514779904265,20,5,256,256,1,standard_fused_topk,logit_topk,softmax_renorm,True,standalone_legacy,none,8,7168,2048,True,1,40,0.2857142857142857,0.15625,0.15625,0.13671875,0.0,2.6457513110645907,12.8,5.071928103556394,0.8779296875,uniform,0,vllm_fused,KERNEL_ONLY,BF16,generic,generic,method=fp8|act=dynamic|serialized=True|block=128x128
0.006399,0.006399,0.006399,0.006399,0.0,1,0.008558999999999999,0.008558999999999999,0.008558999999999999,0.008558999999999999,0.0,1,0.008358,0.008358,0.008358,0.008358,0.0,1,0.28855600000000003,0.297796,0.29176165000000004,0.2916755,0.002241262239788112,20,5,256,256,1,standard_fused_topk,logit_topk,softmax_renorm,True,standalone_legacy,none,8,7168,2048,True,1,40,0.2857142857142857,0.15625,0.15625,0.14453125,0.0,2.5219040425836985,12.8,5.17192810348554,0.8654296875,uniform,1,vllm_fused,KERNEL_ONLY,BF16,generic,generic,method=fp8|act=dynamic|serialized=True|block=128x128
0.006399,0.006399,0.006399,0.006399,0.0,1,0.008279,0.008279,0.008279,0.008279,0.0,1,0.008398,0.008398,0.008398,0.008398,0.0,1,0.296876,0.30395599999999995,0.2996876,0.299196,0.0018123382245044603,20,5,256,256,1,standard_fused_topk,logit_topk,softmax_renorm,True,standalone_legacy,none,8,7168,2048,True,1,40,0.2857142857142857,0.15625,0.15625,0.15234375,0.0,2.3916521486202797,12.8,5.271928103414687,0.8513671875,uniform,2,vllm_fused,KERNEL_ONLY,BF16,generic,generic,method=fp8|act=dynamic|serialized=True|block=128x128
0.005759,0.005759,0.005759,0.005759,0.0,1,0.008199,0.008199,0.008199,0.008199,0.0,1,0.008198,0.008198,0.008198,0.008198,0.0,1,0.237556,0.24627500000000002,0.2409817,0.240196,0.0026580624164981538,20,4,256,256,1,standard_fused_topk,logit_topk,softmax_renorm,True,standalone_legacy,none,8,7168,2048,True,1,32,0.2857142857142857,0.125,0.125,0.11328125,0.0,2.9154759474226504,16.0,4.812500008880255,0.896240234375,uniform,0,vllm_fused,KERNEL_ONLY,BF16,generic,generic,method=fp8|act=dynamic|serialized=True|block=128x128
0.005639000000000001,0.005639000000000001,0.005639000000000001,0.005639000000000001,0.0,1,0.008319000000000002,0.008319000000000002,0.008319000000000002,0.008319000000000002,0.0,1,0.008158,0.008158,0.008158,0.008158,0.0,1,0.25315499999999996,0.258876,0.2551397,0.2547755,0.0016337596549064384,20,4,256,256,1,standard_fused_topk,logit_topk,softmax_renorm,True,standalone_legacy,none,8,7168,2048,True,1,32,0.2857142857142857,0.125,0.125,0.12109375,0.0,2.7386127875258306,16.0,4.937500008808758,0.882568359375,uniform,1,vllm_fused,KERNEL_ONLY,BF16,generic,generic,method=fp8|act=dynamic|serialized=True|block=128x128
0.005759,0.005759,0.005759,0.005759,0.0,1,0.008319000000000002,0.008319000000000002,0.008319000000000002,0.008319000000000002,0.0,1,0.008398,0.008398,0.008398,0.008398,0.0,1,0.250836,0.25839599999999996,0.25411170000000005,0.254036,0.0019651192864556513,20,4,256,256,1,standard_fused_topk,logit_topk,softmax_renorm,True,standalone_legacy,none,8,7168,2048,True,1,32,0.2857142857142857,0.125,0.125,0.12109375,0.0,2.7386127875258306,16.0,4.937500008808759,0.882568359375,uniform,2,vllm_fused,KERNEL_ONLY,BF16,generic,generic,method=fp8|act=dynamic|serialized=True|block=128x128
0.005559000000000001,0.005559000000000001,0.005559000000000001,0.005559000000000001,0.0,1,0.008398999999999998,0.008398999999999998,0.008398999999999998,0.008398999999999998,0.0,1,0.008198,0.008198,0.008198,0.008198,0.0,1,0.189795,0.195275,0.19161375,0.191376,0.0015654332267778192,20,3,256,256,1,standard_fused_topk,logit_topk,softmax_renorm,True,standalone_legacy,none,8,7168,2048,True,1,24,0.2857142857142857,0.09375,0.09375,0.09375,0.0,3.109126351029605,10.666666666666666,4.584962509778192,0.90625,uniform,0,vllm_fused,KERNEL_ONLY,BF16,generic,generic,method=fp8|act=dynamic|serialized=True|block=128x128
0.005319,0.005319,0.005319,0.005319,0.0,1,0.008558999999999999,0.008558999999999999,0.008558999999999999,0.008558999999999999,0.0,1,0.008358,0.008358,0.008358,0.008358,0.0,1,0.18623499999999998,0.19263599999999997,0.18774575,0.1872755,0.0014583865014117443,20,3,256,256,1,standard_fused_topk,logit_topk,softmax_renorm,True,standalone_legacy,none,8,7168,2048,True,1,24,0.2857142857142857,0.09375,0.09375,0.08984375,0.0,3.2489314482696545,21.333333333333332,4.501629176481023,0.9137369791666667,uniform,1,vllm_fused,KERNEL_ONLY,BF16,generic,generic,method=fp8|act=dynamic|serialized=True|block=128x128
0.005399,0.005399,0.005399,0.005399,0.0,1,0.008239000000000002,0.008239000000000002,0.008239000000000002,0.008239000000000002,0.0,1,0.008358,0.008358,0.008358,0.008358,0.0,1,0.18903599999999998,0.193756,0.19059775,0.1903155,0.0013313381191493085,20,3,256,256,1,standard_fused_topk,logit_topk,softmax_renorm,True,standalone_legacy,none,8,7168,2048,True,1,24,0.2857142857142857,0.09375,0.09375,0.09375,0.0,3.109126351029605,10.666666666666666,4.584962509778192,0.90625,uniform,2,vllm_fused,KERNEL_ONLY,BF16,generic,generic,method=fp8|act=dynamic|serialized=True|block=128x128
0.005279,0.005279,0.005279,0.005279,0.0,1,0.007958999999999999,0.007958999999999999,0.007958999999999999,0.007958999999999999,0.0,1,0.008158,0.008158,0.008158,0.008158,0.0,1,0.129196,0.13355599999999998,0.13062384999999999,0.130396,0.001123336337656712,20,2,256,256,1,standard_fused_topk,logit_topk,softmax_renorm,True,standalone_legacy,none,8,7168,2048,True,1,16,0.2857142857142857,0.0625,0.0625,0.0625,0.0,3.872983346207417,16.0,4.000000009344987,0.9375,uniform,0,vllm_fused,KERNEL_ONLY,BF16,generic,generic,method=fp8|act=dynamic|serialized=True|block=128x128
0.005239,0.005239,0.005239,0.005239,0.0,1,0.007958999999999999,0.007958999999999999,0.007958999999999999,0.007958999999999999,0.0,1,0.008277999999999999,0.008277999999999999,0.008277999999999999,0.008277999999999999,0.0,1,0.125515,0.13059600000000002,0.12686184999999997,0.1264555,0.001162301134603249,20,2,256,256,1,standard_fused_topk,logit_topk,softmax_renorm,True,standalone_legacy,none,8,7168,2048,True,1,16,0.2857142857142857,0.0625,0.0625,0.05859375,0.0,4.123105625617661,32.0,3.8750000093817345,0.94482421875,uniform,1,vllm_fused,KERNEL_ONLY,BF16,generic,generic,method=fp8|act=dynamic|serialized=True|block=128x128
0.005199,0.005199,0.005199,0.005199,0.0,1,0.007999,0.007999,0.007999,0.007999,0.0,1,0.008118,0.008118,0.008118,0.008118,0.0,1,0.12839599999999998,0.133196,0.12979985,0.129476,0.0012064167304459965,20,2,256,256,1,standard_fused_topk,logit_topk,softmax_renorm,True,standalone_legacy,none,8,7168,2048,True,1,16,0.2857142857142857,0.0625,0.0625,0.0625,0.0,3.872983346207417,16.0,4.000000009344987,0.9375,uniform,2,vllm_fused,KERNEL_ONLY,BF16,generic,generic,method=fp8|act=dynamic|serialized=True|block=128x128
0.004879,0.004879,0.004879,0.004879,0.0,1,0.008079000000000001,0.008079000000000001,0.008079000000000001,0.008079000000000001,0.0,1,0.008198,0.008198,0.008198,0.008198,0.0,1,0.080115,0.084676,0.08210795,0.081816,0.0010521479209217686,20,1,256,256,1,standard_fused_topk,logit_topk,softmax_renorm,True,standalone_legacy,none,8,7168,2048,True,1,8,0.2857142857142857,0.03125,0.03125,0.03125,0.0,5.5677643628300215,32.0,3.0000000096389745,0.96875,uniform,0,vllm_fused,KERNEL_ONLY,BF16,generic,generic,method=fp8|act=dynamic|serialized=True|block=128x128
0.004879,0.004879,0.004879,0.004879,0.0,1,0.008239000000000002,0.008239000000000002,0.008239000000000002,0.008239000000000002,0.0,1,0.008317999999999999,0.008317999999999999,0.008317999999999999,0.008317999999999999,0.0,1,0.08327600000000002,0.086556,0.08445794999999999,0.084396,0.0008128039416119954,20,1,256,256,1,standard_fused_topk,logit_topk,softmax_renorm,True,standalone_legacy,none,8,7168,2048,True,1,8,0.2857142857142857,0.03125,0.03125,0.03125,0.0,5.5677643628300215,32.0,3.0000000096389745,0.96875,uniform,1,vllm_fused,KERNEL_ONLY,BF16,generic,generic,method=fp8|act=dynamic|serialized=True|block=128x128
0.004679,0.004679,0.004679,0.004679,0.0,1,0.008079000000000001,0.008079000000000001,0.008079000000000001,0.008079000000000001,0.0,1,0.008317999999999999,0.008317999999999999,0.008317999999999999,0.008317999999999999,0.0,1,0.080996,0.086916,0.08352390000000001,0.083316,0.0013201006363152779,20,1,256,256,1,standard_fused_topk,logit_topk,softmax_renorm,True,standalone_legacy,none,8,7168,2048,True,1,8,0.2857142857142857,0.03125,0.03125,0.03125,0.0,5.5677643628300215,32.0,3.000000009638974,0.96875,uniform,2,vllm_fused,KERNEL_ONLY,BF16,generic,generic,method=fp8|act=dynamic|serialized=True|block=128x128
0.006959,0.006959,0.006959,0.006959,0.0,1,0.009159,0.009159,0.009159,0.009159,0.0,1,0.014076,0.014076,0.014076,0.014076,0.0,1,0.6177950000000001,0.631235,0.6254852000000002,0.6261950000000001,0.0035807496645255637,20,32,256,128,2,standard_fused_topk,logit_topk,softmax_renorm,True,standalone_legacy,none,8,7168,2048,True,1,120,0.2857142857142857,0.9375,0.9375,0.6484375,0.0,0.9498537899183338,4.266666666666667,6.229522160031847,0.49622395833333344,uniform,0,vllm_fused,KERNEL_ONLY,BF16,generic,generic,method=fp8|act=dynamic|serialized=True|block=128x128
0.007559000000000001,0.007559000000000001,0.007559000000000001,0.007559000000000001,0.0,1,0.009079,0.009079,0.009079,0.009079,0.0,1,0.014195999999999999,0.014195999999999999,0.014195999999999999,0.014195999999999999,0.0,1,0.611235,0.618675,0.61488325,0.614475,0.002289344051797356,20,32,256,128,2,standard_fused_topk,logit_topk,softmax_renorm,True,standalone_legacy,none,8,7168,2048,True,1,125,0.2857142857142857,0.9765625,0.9765625,0.640625,0.0,0.9703112902568949,4.096,6.203510586625136,0.5104375000000001,uniform,1,vllm_fused,KERNEL_ONLY,BF16,generic,generic,method=fp8|act=dynamic|serialized=True|block=128x128
0.007479,0.007479,0.007479,0.007479,0.0,1,0.009199,0.009199,0.009199,0.009199,0.0,1,0.013396000000000002,0.013396000000000002,0.013396000000000002,0.013396000000000002,0.0,1,0.5877950000000001,0.6003160000000001,0.59225925,0.5922955000000001,0.0028615877039678524,20,32,256,128,2,standard_fused_topk,logit_topk,softmax_renorm,True,standalone_legacy,none,8,7168,2048,True,1,130,0.2857142857142857,1.015625,1.015625,0.6171875,0.0,1.0148016974794143,4.923076923076923,6.14030404213524,0.5367788461538461,uniform,2,vllm_fused,KERNEL_ONLY,BF16,generic,generic,method=fp8|act=dynamic|serialized=True|block=128x128
0.007279,0.007279,0.007279,0.007279,0.0,1,0.009279,0.009279,0.009279,0.009279,0.0,1,0.014476,0.014476,0.014476,0.014476,0.0,1,0.609116,0.628195,0.6173652000000002,0.6183155,0.004849044870899824,20,31,256,128,2,standard_fused_topk,logit_topk,softmax_renorm,True,standalone_legacy,none,8,7168,2048,True,1,118,0.2857142857142857,0.921875,0.921875,0.6328125,0.0,0.9740971556271872,4.338983050847458,6.193793792876174,0.5094014830508475,uniform,0,vllm_fused,KERNEL_ONLY,BF16,generic,generic,method=fp8|act=dynamic|serialized=True|block=128x128
0.007479,0.007479,0.007479,0.007479,0.0,1,0.009079,0.009079,0.009079,0.009079,0.0,1,0.014036,0.014036,0.014036,0.014036,0.0,1,0.5884750000000001,0.5952350000000001,0.5913172500000001,0.5908355000000001,0.001984626712381972,20,31,256,128,2,standard_fused_topk,logit_topk,softmax_renorm,True,standalone_legacy,none,8,7168,2048,True,1,118,0.2857142857142857,0.921875,0.921875,0.6171875,0.0,1.002008898566607,4.338983050847458,6.153498136146325,0.525688559322034,uniform,1,vllm_fused,KERNEL_ONLY,BF16,generic,generic,method=fp8|act=dynamic|serialized=True|block=128x128
0.007399,0.007399,0.007399,0.007399,0.0,1,0.009119,0.009119,0.009119,0.009119,0.0,1,0.013756,0.013756,0.013756,0.013756,0.0,1,0.5825549999999999,0.592795,0.5872792500000001,0.5877355,0.002732865563378489,20,31,256,128,2,standard_fused_topk,logit_topk,softmax_renorm,True,standalone_legacy,none,8,7168,2048,True,1,128,0.2857142857142857,1.0,1.0,0.609375,0.0,1.0307764064044151,5.0,6.119778982686392,0.54345703125,uniform,2,vllm_fused,KERNEL_ONLY,BF16,generic,generic,method=fp8|act=dynamic|serialized=True|block=128x128
0.007399,0.007399,0.007399,0.007399,0.0,1,0.009279,0.009279,0.009279,0.009279,0.0,1,0.014395999999999999,0.014395999999999999,0.014395999999999999,0.014395999999999999,0.0,1,0.588115,0.595755,0.5909152500000001,0.5906750000000001,0.0019647035876945765,20,30,256,128,2,standard_fused_topk,logit_topk,softmax_renorm,True,standalone_legacy,none,8,7168,2048,True,1,114,0.2857142857142857,0.890625,0.890625,0.6171875,0.0,0.9747504830237965,3.3684210526315788,6.172502187268579,0.5152138157894737,uniform,0,vllm_fused,KERNEL_ONLY,BF16,generic,generic,method=fp8|act=dynamic|serialized=True|block=128x128
0.007279,0.007279,0.007279,0.007279,0.0,1,0.009319000000000001,0.009319000000000001,0.009319000000000001,0.009319000000000001,0.0,1,0.013836000000000001,0.013836000000000001,0.013836000000000001,0.013836000000000001,0.0,1,0.5867150000000001,0.5961150000000001,0.59023525,0.5903750000000001,0.002546326017520134,20,30,256,128,2,standard_fused_topk,logit_topk,softmax_renorm,True,standalone_legacy,none,8,7168,2048,True,1,115,0.2857142857142857,0.8984375,0.8984375,0.6171875,0.0,1.0113533204337457,4.452173913043478,6.149497879066292,0.5245244565217391,uniform,1,vllm_fused,KERNEL_ONLY,BF16,generic,generic,method=fp8|act=dynamic|serialized=True|block=128x128
0.0071589999999999996,0.0071589999999999996,0.0071589999999999996,0.0071589999999999996,0.0,1,0.009319000000000001,0.009319000000000001,0.009319000000000001,0.009319000000000001,0.0,1,0.014195999999999999,0.014195999999999999,0.014195999999999999,0.014195999999999999,0.0,1,0.5634349999999999,0.5750360000000001,0.5688133000000001,0.569835,0.002977835020614845,20,30,256,128,2,standard_fused_topk,logit_topk,softmax_renorm,True,standalone_legacy,none,8,7168,2048,True,1,122,0.2857142857142857,0.953125,0.953125,0.59375,0.0,1.04802703006063,4.19672131147541,6.085994306851511,0.5536629098360655,uniform,2,vllm_fused,KERNEL_ONLY,BF16,generic,generic,method=fp8|act=dynamic|serialized=True|block=128x128
0.0075190000000000005,0.0075190000000000005,0.0075190000000000005,0.0075190000000000005,0.0,1,0.009599,0.009599,0.009599,0.009599,0.0,1,0.013275999999999998,0.013275999999999998,0.013275999999999998,0.013275999999999998,0.0,1,0.574356,0.585115,0.5797293,0.5802155,0.002834530615463519,20,29,256,128,2,standard_fused_topk,logit_topk,softmax_renorm,True,standalone_legacy,none,8,7168,2048,True,1,109,0.2857142857142857,0.8515625,0.8515625,0.6015625,0.0,0.9965431370769728,3.522935779816514,6.139474923239597,0.5240108944954129,uniform,0,vllm_fused,KERNEL_ONLY,BF16,generic,generic,method=fp8|act=dynamic|serialized=True|block=128x128
0.007399,0.007399,0.007399,0.007399,0.0,1,0.010679000000000001,0.010679000000000001,0.010679000000000001,0.010679000000000001,0.0,1,0.013355999999999998,0.013355999999999998,0.013355999999999998,0.013355999999999998,0.0,1,0.5763550000000001,0.586155,0.58021525,0.5802754999999999,0.0025613594412928426,20,29,256,128,2,standard_fused_topk,logit_topk,softmax_renorm,True,standalone_legacy,none,8,7168,2048,True,1,108,0.2857142857142857,0.84375,0.84375,0.6015625,0.0,1.0095565311436305,4.7407407407407405,6.134336115446081,0.5240162037037037,uniform,1,vllm_fused,KERNEL_ONLY,BF16,generic,generic,method=fp8|act=dynamic|serialized=True|block=128x128
0.007439,0.007439,0.007439,0.007439,0.0,1,0.009279,0.009279,0.009279,0.009279,0.0,1,0.013236000000000001,0.013236000000000001,0.013236000000000001,0.013236000000000001,0.0,1,0.562115,0.574395,0.5681172999999999,0.568416,0.0031337796683876744,20,29,256,128,2,standard_fused_topk,logit_topk,softmax_renorm,True,standalone_legacy,none,8,7168,2048,True,1,120,0.2857142857142857,0.9375,0.9375,0.59375,0.0,1.0392304845413265,4.266666666666667,6.09398330604923,0.5493489583333333,uniform,2,vllm_fused,KERNEL_ONLY,BF16,generic,generic,method=fp8|act=dynamic|serialized=True|block=128x128
0.007239,0.007239,0.007239,0.007239,0.0,1,0.009279,0.009279,0.009279,0.009279,0.0,1,0.013396000000000002,0.013396000000000002,0.013396000000000002,0.013396000000000002,0.0,1,0.5566749999999999,0.566156,0.5607773,0.560595,0.002132055114203185,20,28,256,128,2,standard_fused_topk,logit_topk,softmax_renorm,True,standalone_legacy,none,8,7168,2048,True,1,105,0.2857142857142857,0.8203125,0.8203125,0.5859375,0.0,1.01574900036674,3.657142857142857,6.106869924643991,0.5331101190476191,uniform,0,vllm_fused,KERNEL_ONLY,BF16,generic,generic,method=fp8|act=dynamic|serialized=True|block=128x128
0.007279,0.007279,0.007279,0.007279,0.0,1,0.009239,0.009239,0.009239,0.009239,0.0,1,0.013876000000000001,0.013876000000000001,0.013876000000000001,0.013876000000000001,0.0,1,0.561236,0.568875,0.5654653000000002,0.565775,0.0021050696449286463,20,28,256,128,2,standard_fused_topk,logit_topk,softmax_renorm,True,standalone_legacy,none,8,7168,2048,True,1,104,0.2857142857142857,0.8125,0.8125,0.59375,0.0,1.029160627712281,4.923076923076923,6.113713278035677,0.5277944711538463,uniform,1,vllm_fused,KERNEL_ONLY,BF16,generic,generic,method=fp8|act=dynamic|serialized=True|block=128x128
0.007359,0.007359,0.007359,0.007359,0.0,1,0.009279,0.009279,0.009279,0.009279,0.0,1,0.013676,0.013676,0.013676,0.013676,0.0,1,0.561155,0.5756359999999999,0.5670493000000001,0.567395,0.0033371214856519663,20,28,256,128,2,standard_fused_topk,logit_topk,softmax_renorm,True,standalone_legacy,none,8,7168,2048,True,1,116,0.2857142857142857,0.90625,0.90625,0.59375,0.0,1.026984318057616,4.413793103448276,6.105530889525102,0.5418911637931034,uniform,2,vllm_fused,KERNEL_ONLY,BF16,generic,generic,method=fp8|act=dynamic|serialized=True|block=128x128
0.007359,0.007359,0.007359,0.007359,0.0,1,0.009279,0.009279,0.009279,0.009279,0.0,1,0.014035999999999998,0.014035999999999998,0.014035999999999998,0.014035999999999998,0.0,1,0.531796,0.544515,0.53709935,0.537455,0.0029269437007738842,20,27,256,128,2,standard_fused_topk,logit_topk,softmax_renorm,True,standalone_legacy,none,8,7168,2048,True,1,101,0.2857142857142857,0.7890625,0.7890625,0.5625,0.0,1.0585728194493997,3.801980198019802,6.04658339100634,0.5525216584158417,uniform,0,vllm_fused,KERNEL_ONLY,BF16,generic,generic,method=fp8|act=dynamic|serialized=True|block=128x128
0.007399,0.007399,0.007399,0.007399,0.0,1,0.009839,0.009839,0.009839,0.009839,0.0,1,0.014516000000000001,0.014516000000000001,0.014516000000000001,0.014516000000000001,0.0,1,0.551395,0.558475,0.5557073,0.5559350000000001,0.0018505450575438673,20,27,256,128,2,standard_fused_topk,logit_topk,softmax_renorm,True,standalone_legacy,none,8,7168,2048,True,1,101,0.2857142857142857,0.7890625,0.7890625,0.578125,0.0,1.0466522035577215,5.069306930693069,6.081333638505923,0.5376701732673268,uniform,1,vllm_fused,KERNEL_ONLY,BF16,generic,generic,method=fp8|act=dynamic|serialized=True|block=128x128
0.007479,0.007479,0.007479,0.007479,0.0,1,0.009319000000000001,0.009319000000000001,0.009319000000000001,0.009319000000000001,0.0,1,0.014356000000000002,0.014356000000000002,0.014356000000000002,0.014356000000000002,0.0,1,0.547755,0.555556,0.5511613000000001,0.5505355000000001,0.002359821308913031,20,27,256,128,2,standard_fused_topk,logit_topk,softmax_renorm,True,standalone_legacy,none,8,7168,2048,True,1,110,0.2857142857142857,0.859375,0.859375,0.5703125,0.0,1.0761117641423774,4.654545454545454,6.042412329412132,0.561221590909091,uniform,2,vllm_fused,KERNEL_ONLY,BF16,generic,generic,method=fp8|act=dynamic|serialized=True|block=128x128
0.007439,0.007439,0.007439,0.007439,0.0,1,0.009199,0.009199,0.009199,0.009199,0.0,1,0.014116,0.014116,0.014116,0.014116,0.0,1,0.516755,0.526995,0.52108135,0.5210155000000001,0.0021883985074706933,20,26,256,128,2,standard_fused_topk,logit_topk,softmax_renorm,True,standalone_legacy,none,8,7168,2048,True,1,97,0.2857142857142857,0.7578125,0.7578125,0.5390625,0.0,1.0909827606310047,3.9587628865979383,5.991463875548636,0.5688627577319587,uniform,0,vllm_fused,KERNEL_ONLY,BF16,generic,generic,method=fp8|act=dynamic|serialized=True|block=128x128
0.007439,0.007439,0.007439,0.007439,0.0,1,0.009159,0.009159,0.009159,0.009159,0.0,1,0.014076,0.014076,0.014076,0.014076,0.0,1,0.520835,0.531275,0.5255693499999999,0.525355,0.002597025688648439,20,26,256,128,2,standard_fused_topk,logit_topk,softmax_renorm,True,standalone_legacy,none,8,7168,2048,True,1,95,0.2857142857142857,0.7421875,0.7421875,0.546875,0.0,1.0946862336480276,5.389473684210526,6.0065948213005225,0.5599506578947369,uniform,1,vllm_fused,KERNEL_ONLY,BF16,generic,generic,method=fp8|act=dynamic|serialized=True|block=128x128
0.007239,0.007239,0.007239,0.007239,0.0,1,0.009199,0.009199,0.009199,0.009199,0.0,1,0.013796,0.013796,0.013796,0.013796,0.0,1,0.546355,0.554515,0.5509253,0.551276,0.0024049578395473024,20,26,256,128,2,standard_fused_topk,logit_topk,softmax_renorm,True,standalone_legacy,none,8,7168,2048,True,1,106,0.2857142857142857,0.828125,0.828125,0.5703125,0.0,1.079106733421042,4.830188679245283,6.043681541734866,0.5574882075471699,uniform,2,vllm_fused,KERNEL_ONLY,BF16,generic,generic,method=fp8|act=dynamic|serialized=True|block=128x128
0.007359,0.007359,0.007359,0.007359,0.0,1,0.009919,0.009919,0.009919,0.009919,0.0,1,0.013836,0.013836,0.013836,0.013836,0.0,1,0.496435,0.505795,0.50170735,0.5026155000000001,0.0028139107710622477,20,25,256,128,2,standard_fused_topk,logit_topk,softmax_renorm,True,standalone_legacy,none,8,7168,2048,True,1,93,0.2857142857142857,0.7265625,0.7265625,0.5234375,0.0,1.1244145198666695,4.129032258064516,5.947550749089965,0.5808971774193548,uniform,0,vllm_fused,KERNEL_ONLY,BF16,generic,generic,method=fp8|act=dynamic|serialized=True|block=128x128
0.007439,0.007439,0.007439,0.007439,0.0,1,0.009319000000000001,0.009319000000000001,0.009319000000000001,0.009319000000000001,0.0,1,0.013836,0.013836,0.013836,0.013836,0.0,1,0.49819499999999994,0.504875,0.5016593500000001,0.501935,0.00206340384498528,20,25,256,128,2,standard_fused_topk,logit_topk,softmax_renorm,True,standalone_legacy,none,8,7168,2048,True,1,92,0.2857142857142857,0.71875,0.71875,0.5234375,0.0,1.1395949932244485,5.565217391304348,5.941933969470785,0.5805027173913044,uniform,1,vllm_fused,KERNEL_ONLY,BF16,generic,generic,method=fp8|act=dynamic|serialized=True|block=128x128
0.007359,0.007359,0.007359,0.007359,0.0,1,0.009199,0.009199,0.009199,0.009199,0.0,1,0.013676000000000002,0.013676000000000002,0.013676000000000002,0.013676000000000002,0.0,1,0.5304350000000001,0.540635,0.5351553499999999,0.5351955,0.00308357847759708,20,25,256,128,2,standard_fused_topk,logit_topk,softmax_renorm,True,standalone_legacy,none,8,7168,2048,True,1,104,0.2857142857142857,0.8125,0.8125,0.5625,0.0,1.095985142213462,4.923076923076923,6.022273133900325,0.5635516826923077,uniform,2,vllm_fused,KERNEL_ONLY,BF16,generic,generic,method=fp8|act=dynamic|serialized=True|block=128x128
0.007239,0.007239,0.007239,0.007239,0.0,1,0.009319000000000001,0.009319000000000001,0.009319000000000001,0.009319000000000001,0.0,1,0.014676000000000002,0.014676000000000002,0.014676000000000002,0.014676000000000002,0.0,1,0.49619500000000005,0.506475,0.5011354,0.5012355,0.002427691133567033,20,24,256,128,2,standard_fused_topk,logit_topk,softmax_renorm,True,standalone_legacy,none,8,7168,2048,True,1,90,0.2857142857142857,0.703125,0.703125,0.5234375,0.0,1.1294049564064943,4.266666666666667,5.9471914321577986,0.5776041666666667,uniform,0,vllm_fused,KERNEL_ONLY,BF16,generic,generic,method=fp8|act=dynamic|serialized=True|block=128x128
0.007399,0.007399,0.007399,0.007399,0.0,1,0.009359000000000001,0.009359000000000001,0.009359000000000001,0.009359000000000001,0.0,1,0.014794999999999999,0.014794999999999999,0.014794999999999999,0.014794999999999999,0.0,1,0.494636,0.501155,0.49752740000000006,0.4969355,0.001959726164544423,20,24,256,128,2,standard_fused_topk,logit_topk,softmax_renorm,True,standalone_legacy,none,8,7168,2048,True,1,88,0.2857142857142857,0.6875,0.6875,0.515625,0.0,1.1606495758912458,5.818181818181818,5.919547814395177,0.5836292613636365,uniform,1,vllm_fused,KERNEL_ONLY,BF16,generic,generic,method=fp8|act=dynamic|serialized=True|block=128x128
0.007279,0.007279,0.007279,0.007279,0.0,1,0.009119,0.009119,0.009119,0.009119,0.0,1,0.013876000000000001,0.013876000000000001,0.013876000000000001,0.013876000000000001,0.0,1,0.530395,0.538396,0.53449535,0.5350550000000001,0.002369299100472539,20,24,256,128,2,standard_fused_topk,logit_topk,softmax_renorm,True,standalone_legacy,none,8,7168,2048,True,1,101,0.2857142857142857,0.7890625,0.7890625,0.5625,0.0,1.0820201346586327,3.801980198019802,6.031635123637597,0.5577815594059405,uniform,2,vllm_fused,KERNEL_ONLY,BF16,generic,generic,method=fp8|act=dynamic|serialized=True|block=128x128
0.007439,0.007439,0.007439,0.007439,0.0,1,0.009319000000000001,0.009319000000000001,0.009319000000000001,0.009319000000000001,0.0,1,0.014796000000000002,0.014796000000000002,0.014796000000000002,0.014796000000000002,0.0,1,0.492435,0.501356,0.49624539999999995,0.49649499999999996,0.002609994681986927,20,23,256,128,2,standard_fused_topk,logit_topk,softmax_renorm,True,standalone_legacy,none,8,7168,2048,True,1,89,0.2857142857142857,0.6953125,0.6953125,0.515625,0.0,1.1449101890507827,4.314606741573034,5.924951972820143,0.5845330056179776,uniform,0,vllm_fused,KERNEL_ONLY,BF16,generic,generic,method=fp8|act=dynamic|serialized=True|block=128x128
0.007359,0.007359,0.007359,0.007359,0.0,1,0.009279,0.009279,0.009279,0.009279,0.0,1,0.014796,0.014796,0.014796,0.014796,0.0,1,0.49179500000000004,0.501796,0.49610339999999997,0.4952755,0.002504884396534104,20,23,256,128,2,standard_fused_topk,logit_topk,softmax_renorm,True,standalone_legacy,none,8,7168,2048,True,1,88,0.2857142857142857,0.6875,0.6875,0.515625,0.0,1.1606495758912458,5.818181818181818,5.919547814395177,0.5836292613636365,uniform,1,vllm_fused,KERNEL_ONLY,BF16,generic,generic,method=fp8|act=dynamic|serialized=True|block=128x128
0.0071589999999999996,0.0071589999999999996,0.0071589999999999996,0.0071589999999999996,0.0,1,0.009239,0.009239,0.009239,0.009239,0.0,1,0.013836,0.013836,0.013836,0.013836,0.0,1,0.519675,0.5288349999999999,0.52488135,0.5245355,0.0021605943690336583,20,23,256,128,2,standard_fused_topk,logit_topk,softmax_renorm,True,standalone_legacy,none,8,7168,2048,True,1,96,0.2857142857142857,0.75,0.75,0.546875,0.0,1.092906420717,4.0,6.003978779139247,0.5633138020833333,uniform,2,vllm_fused,KERNEL_ONLY,BF16,generic,generic,method=fp8|act=dynamic|serialized=True|block=128x128
0.007439,0.007439,0.007439,0.007439,0.0,1,0.009239,0.009239,0.009239,0.009239,0.0,1,0.013755000000000003,0.013755000000000003,0.013755000000000003,0.013755000000000003,0.0,1,0.476635,0.48687499999999995,0.4830093999999999,0.4828755,0.0026545984705789393,20,22,256,128,2,standard_fused_topk,logit_topk,softmax_renorm,True,standalone_legacy,none,8,7168,2048,True,1,85,0.2857142857142857,0.6640625,0.6640625,0.5,0.0,1.164587040876957,4.517647058823529,5.888630203460249,0.5929227941176471,uniform,0,vllm_fused,KERNEL_ONLY,BF16,generic,generic,method=fp8|act=dynamic|serialized=True|block=128x128
0.007279,0.007279,0.007279,0.007279,0.0,1,0.009239,0.009239,0.009239,0.009239,0.0,1,0.014956,0.014956,0.014956,0.014956,0.0,1,0.490116,0.500035,0.4938594,0.49355550000000004,0.0027016433961572386,20,22,256,128,2,standard_fused_topk,logit_topk,softmax_renorm,True,standalone_legacy,none,8,7168,2048,True,1,85,0.2857142857142857,0.6640625,0.6640625,0.5078125,0.0,1.1492738793807984,4.517647058823529,5.912159615190616,0.5842830882352941,uniform,1,vllm_fused,KERNEL_ONLY,BF16,generic,generic,method=fp8|act=dynamic|serialized=True|block=128x128
0.007359,0.007359,0.007359,0.007359,0.0,1,0.009159,0.009159,0.009159,0.009159,0.0,1,0.014276,0.014276,0.014276,0.014276,0.0,1,0.498875,0.506155,0.5026494,0.5025355,0.0021169886726196624,20,22,256,128,2,standard_fused_topk,logit_topk,softmax_renorm,True,standalone_legacy,none,8,7168,2048,True,1,89,0.2857142857142857,0.6953125,0.6953125,0.5234375,0.0,1.1163247904385887,4.314606741573034,5.955905764944594,0.5734726123595506,uniform,2,vllm_fused,KERNEL_ONLY,BF16,generic,generic,method=fp8|act=dynamic|serialized=True|block=128x128
0.007199,0.007199,0.007199,0.007199,0.0,1,0.009119,0.009119,0.009119,0.009119,0.0,1,0.013675999999999999,0.013675999999999999,0.013675999999999999,0.013675999999999999,0.0,1,0.46783600000000003,0.476276,0.4708654,0.4704955,0.0020519396287415332,20,21,256,128,2,standard_fused_topk,logit_topk,softmax_renorm,True,standalone_legacy,none,8,7168,2048,True,1,82,0.2857142857142857,0.640625,0.640625,0.484375,0.0,1.1986012073468892,4.682926829268292,5.842129293885784,0.6053734756097562,uniform,0,vllm_fused,KERNEL_ONLY,BF16,generic,generic,method=fp8|act=dynamic|serialized=True|block=128x128
0.007439,0.007439,0.007439,0.007439,0.0,1,0.009079,0.009079,0.009079,0.009079,0.0,1,0.014076,0.014076,0.014076,0.014076,0.0,1,0.46739600000000003,0.47467499999999996,0.47108539999999993,0.4706155,0.0020298532557798316,20,21,256,128,2,standard_fused_topk,logit_topk,softmax_renorm,True,standalone_legacy,none,8,7168,2048,True,1,80,0.2857142857142857,0.625,0.625,0.484375,0.0,1.1832159566199232,4.8,5.853055910094138,0.5992187499999999,uniform,1,vllm_fused,KERNEL_ONLY,BF16,generic,generic,method=fp8|act=dynamic|serialized=True|block=128x128
0.007279,0.007279,0.007279,0.007279,0.0,1,0.009159,0.009159,0.009159,0.009159,0.0,1,0.014836,0.014836,0.014836,0.014836,0.0,1,0.48931500000000006,0.4997960000000001,0.4944834,0.494015,0.0027209611978122787,20,21,256,128,2,standard_fused_topk,logit_topk,softmax_renorm,True,standalone_legacy,none,8,7168,2048,True,1,85,0.2857142857142857,0.6640625,0.6640625,0.5078125,0.0,1.1492738793807984,4.517647058823529,5.912159615190616,0.5842830882352941,uniform,2,vllm_fused,KERNEL_ONLY,BF16,generic,generic,method=fp8|act=dynamic|serialized=True|block=128x128
0.007079,0.007079,0.007079,0.007079,0.0,1,0.009039,0.009039,0.009039,0.009039,0.0,1,0.013836000000000001,0.013836000000000001,0.013836000000000001,0.013836000000000001,0.0,1,0.44303499999999996,0.45719600000000005,0.44828345,0.44847499999999996,0.0031401702258794916,20,20,256,128,2,standard_fused_topk,logit_topk,softmax_renorm,True,standalone_legacy,none,8,7168,2048,True,1,77,0.2857142857142857,0.6015625,0.6015625,0.4609375,0.0,1.2526241640412434,4.987012987012987,5.7698428746437465,0.6230722402597402,uniform,0,vllm_fused,KERNEL_ONLY,BF16,generic,generic,method=fp8|act=dynamic|serialized=True|block=128x128
0.007479,0.007479,0.007479,0.007479,0.0,1,0.008959,0.008959,0.008959,0.008959,0.0,1,0.013916000000000003,0.013916000000000003,0.013916000000000003,0.013916000000000003,0.0,1,0.435836,0.443835,0.44005345,0.4399355,0.002005703878318019,20,20,256,128,2,standard_fused_topk,logit_topk,softmax_renorm,True,standalone_legacy,none,8,7168,2048,True,1,74,0.2857142857142857,0.578125,0.578125,0.4453125,0.0,1.2719942298108209,5.1891891891891895,5.729591544178739,0.6328125,uniform,1,vllm_fused,KERNEL_ONLY,BF16,generic,generic,method=fp8|act=dynamic|serialized=True|block=128x128
0.007399,0.007399,0.007399,0.007399,0.0,1,0.008919,0.008919,0.008919,0.008919,0.0,1,0.013916000000000001,0.013916000000000001,0.013916000000000001,0.013916000000000001,0.0,1,0.49147499999999994,0.503435,0.49733135000000006,0.49729600000000007,0.0033051319228587393,20,20,256,128,2,standard_fused_topk,logit_topk,softmax_renorm,True,standalone_legacy,none,8,7168,2048,True,1,84,0.2857142857142857,0.65625,0.65625,0.5078125,0.0,1.1338934190276817,4.571428571428571,5.921962961099693,0.5797991071428572,uniform,2,vllm_fused,KERNEL_ONLY,BF16,generic,generic,method=fp8|act=dynamic|serialized=True|block=128x128
0.007079,0.007079,0.007079,0.007079,0.0,1,0.008919,0.008919,0.008919,0.008919,0.0,1,0.013876,0.013876,0.013876,0.013876,0.0,1,0.43499500000000013,0.444075,0.43988544999999996,0.439575,0.002403448199462583,20,19,256,128,2,standard_fused_topk,logit_topk,softmax_renorm,True,standalone_legacy,none,8,7168,2048,True,1,72,0.2857142857142857,0.5625,0.5625,0.4453125,0.0,1.2717247935843998,5.333333333333333,5.732289240425658,0.6286892361111112,uniform,0,vllm_fused,KERNEL_ONLY,BF16,generic,generic,method=fp8|act=dynamic|serialized=True|block=128x128
0.007399,0.007399,0.007399,0.007399,0.0,1,0.008959,0.008959,0.008959,0.008959,0.0,1,0.013635999999999999,0.013635999999999999,0.013635999999999999,0.013635999999999999,0.0,1,0.4111560000000001,0.419556,0.41556750000000003,0.4152355,0.0022540151397007044,20,19,256,128,2,standard_fused_topk,logit_topk,softmax_renorm,True,standalone_legacy,none,8,7168,2048,True,1,71,0.2857142857142857,0.5546875,0.5546875,0.421875,0.0,1.3295506084659314,5.408450704225352,5.649609446423379,0.6539392605633803,uniform,1,vllm_fused,KERNEL_ONLY,BF16,generic,generic,method=fp8|act=dynamic|serialized=True|block=128x128
0.0071589999999999996,0.0071589999999999996,0.0071589999999999996,0.0071589999999999996,0.0,1,0.009239,0.009239,0.009239,0.009239,0.0,1,0.013916000000000001,0.013916000000000001,0.013916000000000001,0.013916000000000001,0.0,1,0.472635,0.480356,0.4761534,0.475615,0.0021609289298817704,20,19,256,128,2,standard_fused_topk,logit_topk,softmax_renorm,True,standalone_legacy,none,8,7168,2048,True,1,80,0.2857142857142857,0.625,0.625,0.4921875,0.0,1.1661903789690602,4.8,5.878055910059711,0.5900390625,uniform,2,vllm_fused,KERNEL_ONLY,BF16,generic,generic,method=fp8|act=dynamic|serialized=True|block=128x128
0.007439,0.007439,0.007439,0.007439,0.0,1,0.008919,0.008919,0.008919,0.008919,0.0,1,0.013876,0.013876,0.013876,0.013876,0.0,1,0.411476,0.419076,0.4149395000000001,0.414656,0.002314201428138868,20,18,256,128,2,standard_fused_topk,logit_topk,softmax_renorm,True,standalone_legacy,none,8,7168,2048,True,1,68,0.2857142857142857,0.53125,0.53125,0.421875,0.0,1.3297240653479194,5.647058823529412,5.653495564810557,0.6479779411764706,uniform,0,vllm_fused,KERNEL_ONLY,BF16,generic,generic,method=fp8|act=dynamic|serialized=True|block=128x128
0.007279,0.007279,0.007279,0.007279,0.0,1,0.009118000000000001,0.009118000000000001,0.009118000000000001,0.009118000000000001,0.0,1,0.013916000000000001,0.013916000000000001,0.013916000000000001,0.013916000000000001,0.0,1,0.4086360000000001,0.41523499999999997,0.41140550000000004,0.41147500000000004,0.0020623225378199046,20,18,256,128,2,standard_fused_topk,logit_topk,softmax_renorm,True,standalone_legacy,none,8,7168,2048,True,1,68,0.2857142857142857,0.53125,0.53125,0.4140625,0.0,1.3503812097939996,5.647058823529412,5.624083800139335,0.6573988970588236,uniform,1,vllm_fused,KERNEL_ONLY,BF16,generic,generic,method=fp8|act=dynamic|serialized=True|block=128x128
0.007359,0.007359,0.007359,0.007359,0.0,1,0.009279,0.009279,0.009279,0.009279,0.0,1,0.013996,0.013996,0.013996,0.013996,0.0,1,0.466395,0.4750749999999999,0.47145539999999997,0.4714955,0.002184077892383869,20,18,256,128,2,standard_fused_topk,logit_topk,softmax_renorm,True,standalone_legacy,none,8,7168,2048,True,1,77,0.2857142857142857,0.6015625,0.6015625,0.484375,0.0,1.1632623471273464,4.987012987012987,5.867372420050211,0.5899959415584415,uniform,2,vllm_fused,KERNEL_ONLY,BF16,generic,generic,method=fp8|act=dynamic|serialized=True|block=128x128
0.007239,0.007239,0.007239,0.007239,0.0,1,0.009159,0.009159,0.009159,0.009159,0.0,1,0.013756,0.013756,0.013756,0.013756,0.0,1,0.38271499999999997,0.39095499999999994,0.3864055,0.3862555,0.0019712489061506086,20,17,256,128,2,standard_fused_topk,logit_topk,softmax_renorm,True,standalone_legacy,none,8,7168,2048,True,1,63,0.2857142857142857,0.4921875,0.4921875,0.390625,0.0,1.4139463009963584,6.095238095238095,5.540616831366887,0.6744791666666667,uniform,0,vllm_fused,KERNEL_ONLY,BF16,generic,generic,method=fp8|act=dynamic|serialized=True|block=128x128
0.007359,0.007359,0.007359,0.007359,0.0,1,0.008999,0.008999,0.008999,0.008999,0.0,1,0.013316000000000003,0.013316000000000003,0.013316000000000003,0.013316000000000003,0.0,1,0.388236,0.3945560000000001,0.39114350000000003,0.391435,0.001962829653841617,20,17,256,128,2,standard_fused_topk,logit_topk,softmax_renorm,True,standalone_legacy,none,8,7168,2048,True,1,64,0.2857142857142857,0.5,0.5,0.3984375,0.0,1.3693063937629153,6.0,5.581954885917417,0.664794921875,uniform,1,vllm_fused,KERNEL_ONLY,BF16,generic,generic,method=fp8|act=dynamic|serialized=True|block=128x128
0.007439,0.007439,0.007439,0.007439,0.0,1,0.009239,0.009239,0.009239,0.009239,0.0,1,0.013635999999999999,0.013635999999999999,0.013635999999999999,0.013635999999999999,0.0,1,0.461836,0.47255600000000003,0.4655514,0.464635,0.0028670004255318847,20,17,256,128,2,standard_fused_topk,logit_topk,softmax_renorm,True,standalone_legacy,none,8,7168,2048,True,1,74,0.2857142857142857,0.578125,0.578125,0.4765625,0.0,1.1765296680907522,5.1891891891891895,5.847900834609943,0.5918496621621621,uniform,2,vllm_fused,KERNEL_ONLY,BF16,generic,generic,method=fp8|act=dynamic|serialized=True|block=128x128
0.007599000000000001,0.007599000000000001,0.007599000000000001,0.007599000000000001,0.0,1,0.008799,0.008799,0.008799,0.008799,0.0,1,0.013196000000000001,0.013196000000000001,0.013196000000000001,0.013196000000000001,0.0,1,0.36047500000000005,0.368916,0.36382955,0.363376,0.0024421332575230255,20,16,256,128,2,standard_fused_topk,logit_topk,softmax_renorm,True,standalone_legacy,none,8,7168,2048,True,1,59,0.2857142857142857,0.4609375,0.4609375,0.3671875,0.0,1.4829297771404772,6.508474576271187,5.450273984769508,0.6937235169491525,uniform,0,vllm_fused,KERNEL_ONLY,BF16,generic,generic,method=fp8|act=dynamic|serialized=True|block=128x128
0.007639000000000001,0.007639000000000001,0.007639000000000001,0.007639000000000001,0.0,1,0.008679000000000001,0.008679000000000001,0.008679000000000001,0.008679000000000001,0.0,1,0.013236000000000001,0.013236000000000001,0.013236000000000001,0.013236000000000001,0.0,1,0.377955,0.387876,0.38233955000000003,0.38157549999999996,0.002666885420767078,20,16,256,128,2,standard_fused_topk,logit_topk,softmax_renorm,True,standalone_legacy,none,8,7168,2048,True,1,61,0.2857142857142857,0.4765625,0.4765625,0.3828125,0.0,1.3870635082893463,4.19672131147541,5.537294717819476,0.6740522540983607,uniform,1,vllm_fused,KERNEL_ONLY,BF16,generic,generic,method=fp8|act=dynamic|serialized=True|block=128x128
0.007679,0.007679,0.007679,0.007679,0.0,1,0.008638999999999999,0.008638999999999999,0.008638999999999999,0.008638999999999999,0.0,1,0.013036000000000002,0.013036000000000002,0.013036000000000002,0.013036000000000002,0.0,1,0.444076,0.450235,0.4469154500000001,0.4467355,0.0018917622069118468,20,16,256,128,2,standard_fused_topk,logit_topk,softmax_renorm,True,standalone_legacy,none,8,7168,2048,True,1,70,0.2857142857142857,0.546875,0.546875,0.4609375,0.0,1.206445276040995,5.485714285714286,5.804213198347849,0.6002232142857142,uniform,2,vllm_fused,KERNEL_ONLY,BF16,generic,generic,method=fp8|act=dynamic|serialized=True|block=128x128
0.007559000000000001,0.007559000000000001,0.007559000000000001,0.007559000000000001,0.0,1,0.008839000000000001,0.008839000000000001,0.008839000000000001,0.008839000000000001,0.0,1,0.012996,0.012996,0.012996,0.012996,0.0,1,0.33019600000000005,0.33811599999999997,0.3335576,0.333156,0.0020367321473379763,20,15,256,128,2,standard_fused_topk,logit_topk,softmax_renorm,True,standalone_legacy,none,8,7168,2048,True,1,55,0.2857142857142857,0.4296875,0.4296875,0.3359375,0.0,1.5849498779780007,6.9818181818181815,5.3175456259536205,0.7225852272727273,uniform,0,vllm_fused,KERNEL_ONLY,BF16,generic,generic,method=fp8|act=dynamic|serialized=True|block=128x128
0.007599000000000001,0.007599000000000001,0.007599000000000001,0.007599000000000001,0.0,1,0.008799,0.008799,0.008799,0.008799,0.0,1,0.013276000000000001,0.013276000000000001,0.013276000000000001,0.013276000000000001,0.0,1,0.363676,0.36943600000000004,0.36594954999999996,0.36571600000000004,0.0013024265228795114,20,15,256,128,2,standard_fused_topk,logit_topk,softmax_renorm,True,standalone_legacy,none,8,7168,2048,True,1,57,0.2857142857142857,0.4453125,0.4453125,0.375,0.0,1.3981256414664407,4.491228070175438,5.517100543722062,0.673108552631579,uniform,1,vllm_fused,KERNEL_ONLY,BF16,generic,generic,method=fp8|act=dynamic|serialized=True|block=128x128
0.007679,0.007679,0.007679,0.007679,0.0,1,0.008679000000000001,0.008679000000000001,0.008679000000000001,0.008679000000000001,0.0,1,0.013156,0.013156,0.013156,0.013156,0.0,1,0.414836,0.42391500000000004,0.41950950000000004,0.4191155,0.002671172448570106,20,15,256,128,2,standard_fused_topk,logit_topk,softmax_renorm,True,standalone_legacy,none,8,7168,2048,True,1,65,0.2857142857142857,0.5078125,0.5078125,0.4296875,0.0,1.2789603766225184,5.907692307692308,5.703061854456667,0.6265624999999999,uniform,2,vllm_fused,KERNEL_ONLY,BF16,generic,generic,method=fp8|act=dynamic|serialized=True|block=128x128
0.007639000000000001,0.007639000000000001,0.007639000000000001,0.007639000000000001,0.0,1,0.008879,0.008879,0.008879,0.008879,0.0,1,0.012835999999999998,0.012835999999999998,0.012835999999999998,0.012835999999999998,0.0,1,0.320036,0.32827500000000004,0.3234956,0.3232155,0.0021790576495357024,20,14,256,128,2,standard_fused_topk,logit_topk,softmax_renorm,True,standalone_legacy,none,8,7168,2048,True,1,52,0.2857142857142857,0.40625,0.40625,0.3203125,0.0,1.640825308284734,7.384615384615385,5.248328663851914,0.7346754807692308,uniform,0,vllm_fused,KERNEL_ONLY,BF16,generic,generic,method=fp8|act=dynamic|serialized=True|block=128x128
0.007719,0.007719,0.007719,0.007719,0.0,1,0.008999,0.008999,0.008999,0.008999,0.0,1,0.012995999999999999,0.012995999999999999,0.012995999999999999,0.012995999999999999,0.0,1,0.348555,0.356995,0.35200155,0.35107600000000005,0.002711115203656974,20,14,256,128,2,standard_fused_topk,logit_topk,softmax_renorm,True,standalone_legacy,none,8,7168,2048,True,1,54,0.2857142857142857,0.421875,0.421875,0.3515625,0.0,1.469861839480328,4.7407407407407405,5.421554172175902,0.6953125,uniform,1,vllm_fused,KERNEL_ONLY,BF16,generic,generic,method=fp8|act=dynamic|serialized=True|block=128x128
0.007679,0.007679,0.007679,0.007679,0.0,1,0.009079,0.009079,0.009079,0.009079,0.0,1,0.013116,0.013116,0.013116,0.013116,0.0,1,0.40987599999999996,0.41935500000000003,0.41396750000000004,0.41311549999999997,0.0023867199772910175,20,14,256,128,2,standard_fused_topk,logit_topk,softmax_renorm,True,standalone_legacy,none,8,7168,2048,True,1,62,0.2857142857142857,0.484375,0.484375,0.421875,0.0,1.289919291814981,6.193548387096774,5.683956192418242,0.6262600806451613,uniform,2,vllm_fused,KERNEL_ONLY,BF16,generic,generic,method=fp8|act=dynamic|serialized=True|block=128x128
0.007719,0.007719,0.007719,0.007719,0.0,1,0.008799,0.008799,0.008799,0.008799,0.0,1,0.013035999999999997,0.013035999999999997,0.013035999999999997,0.013035999999999997,0.0,1,0.307516,0.321356,0.31082560000000004,0.31021600000000005,0.0031703161104217913,20,13,256,128,2,standard_fused_topk,logit_topk,softmax_renorm,True,standalone_legacy,none,8,7168,2048,True,1,50,0.2857142857142857,0.390625,0.390625,0.3125,0.0,1.669970059611848,7.68,5.21366069320931,0.7393749999999999,uniform,0,vllm_fused,KERNEL_ONLY,BF16,generic,generic,method=fp8|act=dynamic|serialized=True|block=128x128
0.007559000000000001,0.007559000000000001,0.007559000000000001,0.007559000000000001,0.0,1,0.008959,0.008959,0.008959,0.008959,0.0,1,0.013036000000000002,0.013036000000000002,0.013036000000000002,0.013036000000000002,0.0,1,0.328796,0.335635,0.3320116,0.331876,0.0018323146672992625,20,13,256,128,2,standard_fused_topk,logit_topk,softmax_renorm,True,standalone_legacy,none,8,7168,2048,True,1,50,0.2857142857142857,0.390625,0.390625,0.3359375,0.0,1.5089068891088013,5.12,5.363856193189705,0.7034374999999999,uniform,1,vllm_fused,KERNEL_ONLY,BF16,generic,generic,method=fp8|act=dynamic|serialized=True|block=128x128
0.007639000000000001,0.007639000000000001,0.007639000000000001,0.007639000000000001,0.0,1,0.008919,0.008919,0.008919,0.008919,0.0,1,0.013676000000000002,0.013676000000000002,0.013676000000000002,0.013676000000000002,0.0,1,0.38655600000000007,0.39579499999999995,0.3911555,0.3913955,0.002230591905750559,20,13,256,128,2,standard_fused_topk,logit_topk,softmax_renorm,True,standalone_legacy,none,8,7168,2048,True,1,56,0.2857142857142857,0.4375,0.4375,0.3984375,0.0,1.3324827218698307,6.857142857142857,5.615303362655866,0.634765625,uniform,2,vllm_fused,KERNEL_ONLY,BF16,generic,generic,method=fp8|act=dynamic|serialized=True|block=128x128
0.007759,0.007759,0.007759,0.007759,0.0,1,0.008839000000000001,0.008839000000000001,0.008839000000000001,0.008839000000000001,0.0,1,0.012796000000000002,0.012796000000000002,0.012796000000000002,0.012796000000000002,0.0,1,0.297956,0.30667500000000003,0.30139164999999996,0.301496,0.0020940500059692976,20,12,256,128,2,standard_fused_topk,logit_topk,softmax_renorm,True,standalone_legacy,none,8,7168,2048,True,1,47,0.2857142857142857,0.3671875,0.3671875,0.296875,0.0,1.731528003208169,8.170212765957446,5.139487259431836,0.7511635638297873,uniform,0,vllm_fused,KERNEL_ONLY,BF16,generic,generic,method=fp8|act=dynamic|serialized=True|block=128x128
0.007399,0.007399,0.007399,0.007399,0.0,1,0.008719,0.008719,0.008719,0.008719,0.0,1,0.012716,0.012716,0.012716,0.012716,0.0,1,0.30627499999999996,0.315995,0.3097476,0.30905600000000005,0.0025973020309544327,20,12,256,128,2,standard_fused_topk,logit_topk,softmax_renorm,True,standalone_legacy,none,8,7168,2048,True,1,46,0.2857142857142857,0.359375,0.359375,0.3125,0.0,1.5838265739206074,5.565217391304348,5.262692394359105,0.7221467391304348,uniform,1,vllm_fused,KERNEL_ONLY,BF16,generic,generic,method=fp8|act=dynamic|serialized=True|block=128x128
0.007719,0.007719,0.007719,0.007719,0.0,1,0.008759000000000001,0.008759000000000001,0.008759000000000001,0.008759000000000001,0.0,1,0.012556000000000001,0.012556000000000001,0.012556000000000001,0.012556000000000001,0.0,1,0.35851599999999995,0.366316,0.36206755000000007,0.361935,0.002185138221600635,20,12,256,128,2,standard_fused_topk,logit_topk,softmax_renorm,True,standalone_legacy,none,8,7168,2048,True,1,52,0.2857142857142857,0.40625,0.40625,0.3671875,0.0,1.424635321342472,7.384615384615385,5.4936149617597385,0.6655649038461537,uniform,2,vllm_fused,KERNEL_ONLY,BF16,generic,generic,method=fp8|act=dynamic|serialized=True|block=128x128
0.007559000000000001,0.007559000000000001,0.007559000000000001,0.007559000000000001,0.0,1,0.008919,0.008919,0.008919,0.008919,0.0,1,0.012796,0.012796,0.012796,0.012796,0.0,1,0.271156,0.276236,0.27310765000000004,0.272175,0.0018486369647662006,20,11,256,128,2,standard_fused_topk,logit_topk,softmax_renorm,True,standalone_legacy,none,8,7168,2048,True,1,42,0.2857142857142857,0.328125,0.328125,0.265625,0.0,1.8313223355266106,9.142857142857142,4.993391533600891,0.7756696428571428,uniform,0,vllm_fused,KERNEL_ONLY,BF16,generic,generic,method=fp8|act=dynamic|serialized=True|block=128x128
0.007719,0.007719,0.007719,0.007719,0.0,1,0.009039,0.009039,0.009039,0.009039,0.0,1,0.013076,0.013076,0.013076,0.013076,0.0,1,0.291996,0.299955,0.29564565,0.294996,0.002229999826793719,20,11,256,128,2,standard_fused_topk,logit_topk,softmax_renorm,True,standalone_legacy,none,8,7168,2048,True,1,42,0.2857142857142857,0.328125,0.328125,0.2890625,0.0,1.66530556667102,6.095238095238095,5.154222188307824,0.7406994047619047,uniform,1,vllm_fused,KERNEL_ONLY,BF16,generic,generic,method=fp8|act=dynamic|serialized=True|block=128x128
0.007679,0.007679,0.007679,0.007679,0.0,1,0.008959,0.008959,0.008959,0.008959,0.0,1,0.013396,0.013396,0.013396,0.013396,0.0,1,0.349156,0.356875,0.35244955000000006,0.352336,0.0020904719198066245,20,11,256,128,2,standard_fused_topk,logit_topk,softmax_renorm,True,standalone_legacy,none,8,7168,2048,True,1,47,0.2857142857142857,0.3671875,0.3671875,0.3515625,0.0,1.3982787064381068,5.446808510638298,5.469482472042667,0.6627327127659575,uniform,2,vllm_fused,KERNEL_ONLY,BF16,generic,generic,method=fp8|act=dynamic|serialized=True|block=128x128
0.007719,0.007719,0.007719,0.007719,0.0,1,0.008558999999999999,0.008558999999999999,0.008558999999999999,0.008558999999999999,0.0,1,0.013635999999999999,0.013635999999999999,0.013635999999999999,0.013635999999999999,0.0,1,0.248315,0.258395,0.2542057,0.25541499999999995,0.0029079893758402822,20,10,256,128,2,standard_fused_topk,logit_topk,softmax_renorm,True,standalone_legacy,none,8,7168,2048,True,1,37,0.2857142857142857,0.2890625,0.2890625,0.234375,0.0,1.988829285890295,10.378378378378379,4.810672626198958,0.8021537162162162,uniform,0,vllm_fused,KERNEL_ONLY,BF16,generic,generic,method=fp8|act=dynamic|serialized=True|block=128x128
0.007599000000000001,0.007599000000000001,0.007599000000000001,0.007599000000000001,0.0,1,0.008638999999999999,0.008638999999999999,0.008638999999999999,0.008638999999999999,0.0,1,0.012395999999999999,0.012395999999999999,0.012395999999999999,0.012395999999999999,0.0,1,0.29203599999999996,0.302876,0.29594565000000006,0.29521600000000003,0.00275717268728312,20,10,256,128,2,standard_fused_topk,logit_topk,softmax_renorm,True,standalone_legacy,none,8,7168,2048,True,1,40,0.2857142857142857,0.3125,0.3125,0.2890625,0.0,1.6370705543744901,6.4,5.171928098511058,0.7308593750000001,uniform,1,vllm_fused,KERNEL_ONLY,BF16,generic,generic,method=fp8|act=dynamic|serialized=True|block=128x128
0.007599000000000001,0.007599000000000001,0.007599000000000001,0.007599000000000001,0.0,1,0.008599,0.008599,0.008599,0.008599,0.0,1,0.013195999999999998,0.013195999999999998,0.013195999999999998,0.013195999999999998,0.0,1,0.300315,0.309116,0.3038336,0.303535,0.002176484927583935,20,10,256,128,2,standard_fused_topk,logit_topk,softmax_renorm,True,standalone_legacy,none,8,7168,2048,True,1,41,0.2857142857142857,0.3203125,0.3203125,0.3046875,0.0,1.557732912374221,6.2439024390243905,5.25999103256156,0.7094131097560976,uniform,2,vllm_fused,KERNEL_ONLY,BF16,generic,generic,method=fp8|act=dynamic|serialized=True|block=128x128
0.011398,0.011398,0.011398,0.011398,0.0,1,0.008679000000000001,0.008679000000000001,0.008679000000000001,0.008679000000000001,0.0,1,0.012796,0.012796,0.012796,0.012796,0.0,1,0.21443600000000002,0.223995,0.21732775000000001,0.21723599999999998,0.002171108976421951,20,9,256,128,2,standard_fused_topk,logit_topk,softmax_renorm,True,standalone_legacy,none,8,7168,2048,True,1,33,0.2857142857142857,0.2578125,0.2578125,0.203125,0.0,2.1816077339583417,11.636363636363637,4.59727632027618,0.8312026515151516,uniform,0,vllm_fused,KERNEL_ONLY,BF16,generic,generic,method=fp8|act=dynamic|serialized=True|block=128x128
0.011318,0.011318,0.011318,0.011318,0.0,1,0.008679000000000001,0.008679000000000001,0.008679000000000001,0.008679000000000001,0.0,1,0.012556000000000001,0.012556000000000001,0.012556000000000001,0.012556000000000001,0.0,1,0.269316,0.279476,0.27323365,0.27241499999999996,0.0026935765865295095,20,9,256,128,2,standard_fused_topk,logit_topk,softmax_renorm,True,standalone_legacy,none,8,7168,2048,True,1,37,0.2857142857142857,0.2890625,0.2890625,0.265625,0.0,1.7379450179213811,6.918918918918919,5.04729120719594,0.7540118243243243,uniform,1,vllm_fused,KERNEL_ONLY,BF16,generic,generic,method=fp8|act=dynamic|serialized=True|block=128x128
0.009918,0.009918,0.009918,0.009918,0.0,1,0.009199,0.009199,0.009199,0.009199,0.0,1,0.012836,0.012836,0.012836,0.012836,0.0,1,0.27011599999999997,0.278795,0.27252365,0.27209550000000005,0.0021674108580285426,20,9,256,128,2,standard_fused_topk,logit_topk,softmax_renorm,True,standalone_legacy,none,8,7168,2048,True,1,36,0.2857142857142857,0.28125,0.28125,0.265625,0.0,1.7177360926378118,7.111111111111111,5.058813894060011,0.7482638888888888,uniform,2,vllm_fused,KERNEL_ONLY,BF16,generic,generic,method=fp8|act=dynamic|serialized=True|block=128x128
0.015358,0.015358,0.015358,0.015358,0.0,1,0.008398999999999998,0.008398999999999998,0.008398999999999998,0.008398999999999998,0.0,1,0.012636000000000001,0.012636000000000001,0.012636000000000001,0.012636000000000001,0.0,1,0.209916,0.216875,0.21224175,0.2117155,0.0017976882898600615,20,8,256,128,2,standard_fused_topk,logit_topk,softmax_renorm,True,standalone_legacy,none,8,7168,2048,True,1,31,0.2857142857142857,0.2421875,0.2421875,0.1953125,0.0,2.17425098038437,8.258064516129032,4.56709954024195,0.8334173387096775,uniform,0,vllm_fused,KERNEL_ONLY,BF16,generic,generic,method=fp8|act=dynamic|serialized=True|block=128x128
0.015718,0.015718,0.015718,0.015718,0.0,1,0.008679000000000001,0.008679000000000001,0.008679000000000001,0.008679000000000001,0.0,1,0.012395999999999999,0.012395999999999999,0.012395999999999999,0.012395999999999999,0.0,1,0.255836,0.262636,0.25845969999999996,0.25823549999999995,0.001979594556973725,20,8,256,128,2,standard_fused_topk,logit_topk,softmax_renorm,True,standalone_legacy,none,8,7168,2048,True,1,33,0.2857142857142857,0.2578125,0.2578125,0.2421875,0.0,1.8300120178041515,7.757575757575758,4.923182001980985,0.7715435606060606,uniform,1,vllm_fused,KERNEL_ONLY,BF16,generic,generic,method=fp8|act=dynamic|serialized=True|block=128x128
0.015518,0.015518,0.015518,0.015518,0.0,1,0.008279,0.008279,0.008279,0.008279,0.0,1,0.012636,0.012636,0.012636,0.012636,0.0,1,0.248316,0.25743600000000005,0.2521597000000001,0.252216,0.0026810070141646413,20,8,256,128,2,standard_fused_topk,logit_topk,softmax_renorm,True,standalone_legacy,none,8,7168,2048,True,1,32,0.2857142857142857,0.25,0.25,0.234375,0.0,1.8708286933869707,8.0,4.875000003870026,0.779296875,uniform,2,vllm_fused,KERNEL_ONLY,BF16,generic,generic,method=fp8|act=dynamic|serialized=True|block=128x128
0.009758,0.009758,0.009758,0.009758,0.0,1,0.008398999999999998,0.008398999999999998,0.008398999999999998,0.008398999999999998,0.0,1,0.013836,0.013836,0.013836,0.013836,0.0,1,0.18967499999999998,0.19667500000000002,0.19163975,0.191156,0.0014756849892507591,20,7,256,128,2,standard_fused_topk,logit_topk,softmax_renorm,True,standalone_legacy,none,8,7168,2048,True,1,27,0.2857142857142857,0.2109375,0.2109375,0.1796875,0.0,2.2683484441159347,9.481481481481481,4.4585912099868,0.8423032407407407,uniform,0,vllm_fused,KERNEL_ONLY,BF16,generic,generic,method=fp8|act=dynamic|serialized=True|block=128x128
0.011078,0.011078,0.011078,0.011078,0.0,1,0.008638999999999999,0.008638999999999999,0.008638999999999999,0.008638999999999999,0.0,1,0.012436000000000001,0.012436000000000001,0.012436000000000001,0.012436000000000001,0.0,1,0.213316,0.22347599999999998,0.21644775,0.2162155,0.0020910653235850785,20,7,256,128,2,standard_fused_topk,logit_topk,softmax_renorm,True,standalone_legacy,none,8,7168,2048,True,1,28,0.2857142857142857,0.21875,0.21875,0.203125,0.0,2.055356367134023,9.142857142857142,4.664497783212472,0.8102678571428572,uniform,1,vllm_fused,KERNEL_ONLY,BF16,generic,generic,method=fp8|act=dynamic|serialized=True|block=128x128
0.015878,0.015878,0.015878,0.015878,0.0,1,0.008599,0.008599,0.008599,0.008599,0.0,1,0.012315999999999999,0.012315999999999999,0.012315999999999999,0.012315999999999999,0.0,1,0.22243600000000002,0.232836,0.22519374999999994,0.22479550000000004,0.002275734428157201,20,7,256,128,2,standard_fused_topk,logit_topk,softmax_renorm,True,standalone_legacy,none,8,7168,2048,True,1,28,0.2857142857142857,0.21875,0.21875,0.21875,0.0,1.889822365046136,4.571428571428571,4.807354925997732,0.78125,uniform,2,vllm_fused,KERNEL_ONLY,BF16,generic,generic,method=fp8|act=dynamic|serialized=True|block=128x128
0.015478000000000002,0.015478000000000002,0.015478000000000002,0.015478000000000002,0.0,1,0.008439,0.008439,0.008439,0.008439,0.0,1,0.012476000000000001,0.012476000000000001,0.012476000000000001,0.012476000000000001,0.0,1,0.164436,0.172796,0.16783379999999998,0.16771599999999998,0.0020077797090318453,20,6,256,128,2,standard_fused_topk,logit_topk,softmax_renorm,True,standalone_legacy,none,8,7168,2048,True,1,24,0.2857142857142857,0.1875,0.1875,0.15625,0.0,2.472066162365221,10.666666666666666,4.251629171615033,0.8645833333333333,uniform,0,vllm_fused,KERNEL_ONLY,BF16,generic,generic,method=fp8|act=dynamic|serialized=True|block=128x128
0.011118000000000001,0.011118000000000001,0.011118000000000001,0.011118000000000001,0.0,1,0.008359,0.008359,0.008359,0.008359,0.0,1,0.012675999999999998,0.012675999999999998,0.012675999999999998,0.012675999999999998,0.0,1,0.18179599999999999,0.18755600000000003,0.1837438,0.182996,0.0016098830268066106,20,6,256,128,2,standard_fused_topk,logit_topk,softmax_renorm,True,standalone_legacy,none,8,7168,2048,True,1,23,0.2857142857142857,0.1796875,0.1796875,0.1640625,0.0,2.3522502599519965,11.130434782608695,4.349648916769509,0.8488451086956521,uniform,1,vllm_fused,KERNEL_ONLY,BF16,generic,generic,method=fp8|act=dynamic|serialized=True|block=128x128
0.015718,0.015718,0.015718,0.015718,0.0,1,0.008319000000000002,0.008319000000000002,0.008319000000000002,0.008319000000000002,0.0,1,0.012476,0.012476,0.012476,0.012476,0.0,1,0.21295600000000003,0.221236,0.21669975,0.216236,0.001974239141416254,20,6,256,128,2,standard_fused_topk,logit_topk,softmax_renorm,True,standalone_legacy,none,8,7168,2048,True,1,26,0.2857142857142857,0.203125,0.203125,0.203125,0.0,1.9806758753205744,4.923076923076923,4.700439722152323,0.796875,uniform,2,vllm_fused,KERNEL_ONLY,BF16,generic,generic,method=fp8|act=dynamic|serialized=True|block=128x128
0.0071589999999999996,0.0071589999999999996,0.0071589999999999996,0.0071589999999999996,0.0,1,0.008359,0.008359,0.008359,0.008359,0.0,1,0.012516000000000001,0.012516000000000001,0.012516000000000001,0.012516000000000001,0.0,1,0.157356,0.165356,0.15940179999999998,0.15905550000000002,0.0018343136482074187,20,5,256,128,2,standard_fused_topk,logit_topk,softmax_renorm,True,standalone_legacy,none,8,7168,2048,True,1,21,0.2857142857142857,0.1640625,0.1640625,0.140625,0.0,2.614715031103304,12.19047619047619,4.106603141363544,0.8761160714285714,uniform,0,vllm_fused,KERNEL_ONLY,BF16,generic,generic,method=fp8|act=dynamic|serialized=True|block=128x128
0.007119,0.007119,0.007119,0.007119,0.0,1,0.008439,0.008439,0.008439,0.008439,0.0,1,0.012636,0.012636,0.012636,0.012636,0.0,1,0.132115,0.13983600000000002,0.13429385,0.133776,0.0017625429150803754,20,5,256,128,2,standard_fused_topk,logit_topk,softmax_renorm,True,standalone_legacy,none,8,7168,2048,True,1,17,0.2857142857142857,0.1328125,0.1328125,0.125,0.0,2.7230910586124013,15.058823529411764,3.9698157867977146,0.8818933823529411,uniform,1,vllm_fused,KERNEL_ONLY,BF16,generic,generic,method=fp8|act=dynamic|serialized=True|block=128x128
0.007039,0.007039,0.007039,0.007039,0.0,1,0.008319000000000002,0.008319000000000002,0.008319000000000002,0.008319000000000002,0.0,1,0.012516,0.012516,0.012516,0.012516,0.0,1,0.165236,0.170716,0.16699780000000003,0.1668555,0.0013598121046674056,20,5,256,128,2,standard_fused_topk,logit_topk,softmax_renorm,True,standalone_legacy,none,8,7168,2048,True,1,20,0.2857142857142857,0.15625,0.15625,0.15625,0.0,2.32379000772445,6.4,4.321928099113311,0.84375,uniform,2,vllm_fused,KERNEL_ONLY,BF16,generic,generic,method=fp8|act=dynamic|serialized=True|block=128x128
0.006359,0.006359,0.006359,0.006359,0.0,1,0.008159000000000001,0.008159000000000001,0.008159000000000001,0.008159000000000001,0.0,1,0.012356,0.012356,0.012356,0.012356,0.0,1,0.13187600000000002,0.137876,0.13365585000000002,0.133316,0.0013746192663788724,20,4,256,128,2,standard_fused_topk,logit_topk,softmax_renorm,True,standalone_legacy,none,8,7168,2048,True,1,18,0.2857142857142857,0.140625,0.140625,0.125,0.0,2.7733297720774854,14.222222222222221,3.947702783591314,0.8871527777777777,uniform,0,vllm_fused,KERNEL_ONLY,BF16,generic,generic,method=fp8|act=dynamic|serialized=True|block=128x128
0.006399,0.006399,0.006399,0.006399,0.0,1,0.008239000000000002,0.008239000000000002,0.008239000000000002,0.008239000000000002,0.0,1,0.012436000000000003,0.012436000000000003,0.012436000000000003,0.012436000000000003,0.0,1,0.123196,0.128276,0.12526785000000001,0.12503599999999998,0.0011303246115607689,20,4,256,128,2,standard_fused_topk,logit_topk,softmax_renorm,True,standalone_legacy,none,8,7168,2048,True,1,15,0.2857142857142857,0.1171875,0.1171875,0.109375,0.0,2.944675043381037,17.066666666666666,3.7735572667188833,0.8973958333333334,uniform,1,vllm_fused,KERNEL_ONLY,BF16,generic,generic,method=fp8|act=dynamic|serialized=True|block=128x128
0.006279,0.006279,0.006279,0.006279,0.0,1,0.008159000000000001,0.008159000000000001,0.008159000000000001,0.008159000000000001,0.0,1,0.012396,0.012396,0.012396,0.012396,0.0,1,0.12715600000000002,0.13219599999999998,0.12865785,0.1283955,0.0011278859550060839,20,4,256,128,2,standard_fused_topk,logit_topk,softmax_renorm,True,standalone_legacy,none,8,7168,2048,True,1,15,0.2857142857142857,0.1171875,0.1171875,0.1171875,0.0,2.74469184669852,8.533333333333333,3.906890600015375,0.8828125,uniform,2,vllm_fused,KERNEL_ONLY,BF16,generic,generic,method=fp8|act=dynamic|serialized=True|block=128x128
0.005959,0.005959,0.005959,0.005959,0.0,1,0.008199,0.008199,0.008199,0.008199,0.0,1,0.012556,0.012556,0.012556,0.012556,0.0,1,0.11843600000000001,0.12403600000000001,0.12029185,0.12003599999999999,0.0013908245495029223,20,3,256,128,2,standard_fused_topk,logit_topk,softmax_renorm,True,standalone_legacy,none,8,7168,2048,True,1,13,0.2857142857142857,0.1015625,0.1015625,0.1015625,0.0,2.974248450643262,9.846153846153847,3.7004397226209482,0.8984375,uniform,0,vllm_fused,KERNEL_ONLY,BF16,generic,generic,method=fp8|act=dynamic|serialized=True|block=128x128
0.005999,0.005999,0.005999,0.005999,0.0,1,0.008199,0.008199,0.008199,0.008199,0.0,1,0.012796,0.012796,0.012796,0.012796,0.0,1,0.080236,0.082916,0.08135790000000001,0.08149600000000001,0.0007092139945037743,20,3,256,128,2,standard_fused_topk,logit_topk,softmax_renorm,True,standalone_legacy,none,8,7168,2048,True,1,8,0.2857142857142857,0.0625,0.0625,0.0546875,0.0,4.358898943540674,32.0,2.7500000047022417,0.951171875,uniform,1,vllm_fused,KERNEL_ONLY,BF16,generic,generic,method=fp8|act=dynamic|serialized=True|block=128x128
0.0058390000000000004,0.0058390000000000004,0.0058390000000000004,0.0058390000000000004,0.0,1,0.008239000000000002,0.008239000000000002,0.008239000000000002,0.008239000000000002,0.0,1,0.012675999999999998,0.012675999999999998,0.012675999999999998,0.012675999999999998,0.0,1,0.099875,0.10459600000000001,0.1010619,0.10083600000000001,0.001002501516208331,20,3,256,128,2,standard_fused_topk,logit_topk,softmax_renorm,True,standalone_legacy,none,8,7168,2048,True,1,11,0.2857142857142857,0.0859375,0.0859375,0.0859375,0.0,3.261343839027654,11.636363636363637,3.4594316231905986,0.9140625,uniform,2,vllm_fused,KERNEL_ONLY,BF16,generic,generic,method=fp8|act=dynamic|serialized=True|block=128x128
0.005559000000000001,0.005559000000000001,0.005559000000000001,0.005559000000000001,0.0,1,0.007918999999999999,0.007918999999999999,0.007918999999999999,0.007918999999999999,0.0,1,0.012355999999999999,0.012355999999999999,0.012355999999999999,0.012355999999999999,0.0,1,0.08915600000000001,0.09423599999999999,0.0905999,0.09013600000000001,0.0013215660747764326,20,2,256,128,2,standard_fused_topk,logit_topk,softmax_renorm,True,standalone_legacy,none,8,7168,2048,True,1,9,0.2857142857142857,0.0703125,0.0703125,0.0703125,0.0,3.636237371545238,14.222222222222221,3.169925006069586,0.9296875,uniform,0,vllm_fused,KERNEL_ONLY,BF16,generic,generic,method=fp8|act=dynamic|serialized=True|block=128x128
0.005719,0.005719,0.005719,0.005719,0.0,1,0.008039,0.008039,0.008039,0.008039,0.0,1,0.012756,0.012756,0.012756,0.012756,0.0,1,0.052036000000000006,0.053516,0.052521950000000005,0.052376000000000006,0.00034527184579690297,20,2,256,128,2,standard_fused_topk,logit_topk,softmax_renorm,True,standalone_legacy,none,8,7168,2048,True,1,5,0.2857142857142857,0.0390625,0.0390625,0.03125,0.0,5.902541825349482,51.2,1.9219280997031374,0.9734375,uniform,1,vllm_fused,KERNEL_ONLY,BF16,generic,generic,method=fp8|act=dynamic|serialized=True|block=128x128
0.005799,0.005799,0.005799,0.005799,0.0,1,0.008279,0.008279,0.008279,0.008279,0.0,1,0.012556000000000001,0.012556000000000001,0.012556000000000001,0.012556000000000001,0.0,1,0.082875,0.08887600000000001,0.08452590000000001,0.083916,0.0016223865414875702,20,2,256,128,2,standard_fused_topk,logit_topk,softmax_renorm,True,standalone_legacy,none,8,7168,2048,True,1,8,0.2857142857142857,0.0625,0.0625,0.0625,0.0,3.872983346207417,16.0,3.000000004664493,0.9375,uniform,2,vllm_fused,KERNEL_ONLY,BF16,generic,generic,method=fp8|act=dynamic|serialized=True|block=128x128
0.005559000000000001,0.005559000000000001,0.005559000000000001,0.005559000000000001,0.0,1,0.008159000000000001,0.008159000000000001,0.008159000000000001,0.008159000000000001,0.0,1,0.012796,0.012796,0.012796,0.012796,0.0,1,0.051916,0.053316,0.052445900000000004,0.05247600000000001,0.0003306328628554643,20,1,256,128,2,standard_fused_topk,logit_topk,softmax_renorm,True,standalone_legacy,none,8,7168,2048,True,1,4,0.2857142857142857,0.03125,0.03125,0.03125,0.0,5.5677643628300215,32.0,2.0000000048154876,0.96875,uniform,0,vllm_fused,KERNEL_ONLY,BF16,generic,generic,method=fp8|act=dynamic|serialized=True|block=128x128
0.005639000000000001,0.005639000000000001,0.005639000000000001,0.005639000000000001,0.0,1,0.008279,0.008279,0.008279,0.008279,0.0,1,0.012755999999999998,0.012755999999999998,0.012755999999999998,0.012755999999999998,0.0,1,0.048716,0.051156,0.05045195,0.050496,0.000517719661110142,20,1,256,128,2,standard_fused_topk,logit_topk,softmax_renorm,True,standalone_legacy,none,8,7168,2048,True,1,2,0.2857142857142857,0.015625,0.015625,0.015625,0.0,7.937253933193772,64.0,1.0000000048929847,0.984375,uniform,1,vllm_fused,KERNEL_ONLY,BF16,generic,generic,method=fp8|act=dynamic|serialized=True|block=128x128
0.005559000000000001,0.005559000000000001,0.005559000000000001,0.005559000000000001,0.0,1,0.008638999999999999,0.008638999999999999,0.008638999999999999,0.008638999999999999,0.0,1,0.012516000000000001,0.012516000000000001,0.012516000000000001,0.012516000000000001,0.0,1,0.069636,0.07495600000000001,0.0713039,0.0712755,0.001056903822492852,20,1,256,128,2,standard_fused_topk,logit_topk,softmax_renorm,True,standalone_legacy,none,8,7168,2048,True,1,5,0.2857142857142857,0.0390625,0.0390625,0.0390625,0.0,4.959838707054898,25.6,2.321928099664711,0.9609375,uniform,2,vllm_fused,KERNEL_ONLY,BF16,generic,generic,method=fp8|act=dynamic|serialized=True|block=128x128
0.008638999999999999,0.008638999999999999,0.008638999999999999,0.008638999999999999,0.0,1,0.009199,0.009199,0.009199,0.009199,0.0,1,0.015996,0.015996,0.015996,0.015996,0.0,1,0.30515600000000004,0.32775600000000005,0.31475555000000005,0.31511500000000003,0.006857803456464764,20,32,256,64,4,standard_fused_topk,logit_topk,softmax_renorm,True,standalone_legacy,none,8,7168,2048,True,1,55,0.2857142857142857,0.859375,0.859375,0.578125,0.0,1.0462052640593311,3.4909090909090907,5.071913350871069,0.5508522727272727,uniform,0,vllm_fused,KERNEL_ONLY,BF16,generic,generic,method=fp8|act=dynamic|serialized=True|block=128x128
0.006759,0.006759,0.006759,0.006759,0.0,1,0.008959,0.008959,0.008959,0.008959,0.0,1,0.013676000000000002,0.013676000000000002,0.013676000000000002,0.013676000000000002,0.0,1,0.31063599999999997,0.32415499999999997,0.31426555,0.313696,0.003144691916150127,20,32,256,64,4,standard_fused_topk,logit_topk,softmax_renorm,True,standalone_legacy,none,8,7168,2048,True,1,55,0.2857142857142857,0.859375,0.859375,0.609375,0.0,1.0257833128681113,4.654545454545454,5.135727441789067,0.5241477272727273,uniform,1,vllm_fused,KERNEL_ONLY,BF16,generic,generic,method=fp8|act=dynamic|serialized=True|block=128x128
0.006799,0.006799,0.006799,0.006799,0.0,1,0.008999,0.008999,0.008999,0.008999,0.0,1,0.013876,0.013876,0.013876,0.013876,0.0,1,0.358755,0.36915499999999996,0.36347945000000004,0.3632555,0.0028917096409390684,20,32,256,64,4,standard_fused_topk,logit_topk,softmax_renorm,True,standalone_legacy,none,8,7168,2048,True,1,66,0.2857142857142857,1.03125,1.03125,0.703125,0.0,0.8392352984318927,2.909090909090909,5.362279726149155,0.4483901515151516,uniform,2,vllm_fused,KERNEL_ONLY,BF16,generic,generic,method=fp8|act=dynamic|serialized=True|block=128x128
0.0068390000000000005,0.0068390000000000005,0.0068390000000000005,0.0068390000000000005,0.0,1,0.008759000000000001,0.008759000000000001,0.008759000000000001,0.008759000000000001,0.0,1,0.013555999999999999,0.013555999999999999,0.013555999999999999,0.013555999999999999,0.0,1,0.28739600000000004,0.30803600000000003,0.2969916,0.297116,0.005186369928958022,20,31,256,64,4,standard_fused_topk,logit_topk,softmax_renorm,True,standalone_legacy,none,8,7168,2048,True,1,53,0.2857142857142857,0.828125,0.828125,0.546875,0.0,1.1000177997847855,3.6226415094339623,4.9917025310817955,0.5763561320754718,uniform,0,vllm_fused,KERNEL_ONLY,BF16,generic,generic,method=fp8|act=dynamic|serialized=True|block=128x128
0.006679,0.006679,0.006679,0.006679,0.0,1,0.008679000000000001,0.008679000000000001,0.008679000000000001,0.008679000000000001,0.0,1,0.013596000000000002,0.013596000000000002,0.013596000000000002,0.013596000000000002,0.0,1,0.307795,0.31511500000000003,0.30976555,0.3091155,0.0019336114520502761,20,31,256,64,4,standard_fused_topk,logit_topk,softmax_renorm,True,standalone_legacy,none,8,7168,2048,True,1,54,0.2857142857142857,0.84375,0.84375,0.59375,0.0,1.052138719358651,4.7407407407407405,5.097299077262726,0.5376157407407407,uniform,1,vllm_fused,KERNEL_ONLY,BF16,generic,generic,method=fp8|act=dynamic|serialized=True|block=128x128
0.006879,0.006879,0.006879,0.006879,0.0,1,0.009039,0.009039,0.009039,0.009039,0.0,1,0.013676,0.013676,0.013676,0.013676,0.0,1,0.343715,0.354476,0.34764550000000005,0.34747550000000005,0.0026868372205997157,20,31,256,64,4,standard_fused_topk,logit_topk,softmax_renorm,True,standalone_legacy,none,8,7168,2048,True,1,65,0.2857142857142857,1.015625,1.015625,0.6875,0.0,0.8614010879488874,2.953846153846154,5.329759352252807,0.461298076923077,uniform,2,vllm_fused,KERNEL_ONLY,BF16,generic,generic,method=fp8|act=dynamic|serialized=True|block=128x128
0.006799,0.006799,0.006799,0.006799,0.0,1,0.009199,0.009199,0.009199,0.009199,0.0,1,0.014276,0.014276,0.014276,0.014276,0.0,1,0.28479499999999996,0.298476,0.29047755,0.28995550000000003,0.003960604252825577,20,30,256,64,4,standard_fused_topk,logit_topk,softmax_renorm,True,standalone_legacy,none,8,7168,2048,True,1,52,0.2857142857142857,0.8125,0.8125,0.546875,0.0,1.0851335368973758,3.6923076923076925,5.003042363456848,0.5703125,uniform,0,vllm_fused,KERNEL_ONLY,BF16,generic,generic,method=fp8|act=dynamic|serialized=True|block=128x128
0.006759,0.006759,0.006759,0.006759,0.0,1,0.009039,0.009039,0.009039,0.009039,0.0,1,0.013635999999999999,0.013635999999999999,0.013635999999999999,0.013635999999999999,0.0,1,0.30647500000000005,0.31719600000000003,0.30918155,0.308235,0.002810809073469769,20,30,256,64,4,standard_fused_topk,logit_topk,softmax_renorm,True,standalone_legacy,none,8,7168,2048,True,1,51,0.2857142857142857,0.796875,0.796875,0.59375,0.0,1.0680426534428489,5.019607843137255,5.093802303776146,0.529718137254902,uniform,1,vllm_fused,KERNEL_ONLY,BF16,generic,generic,method=fp8|act=dynamic|serialized=True|block=128x128
0.006879,0.006879,0.006879,0.006879,0.0,1,0.008999,0.008999,0.008999,0.008999,0.0,1,0.013836000000000001,0.013836000000000001,0.013836000000000001,0.013836000000000001,0.0,1,0.342555,0.352835,0.34632549999999995,0.345916,0.0028204478810997377,20,30,256,64,4,standard_fused_topk,logit_topk,softmax_renorm,True,standalone_legacy,none,8,7168,2048,True,1,64,0.2857142857142857,1.0,1.0,0.6875,0.0,0.8660254037844386,3.0,5.327819532010749,0.4609375,uniform,2,vllm_fused,KERNEL_ONLY,BF16,generic,generic,method=fp8|act=dynamic|serialized=True|block=128x128
0.006719,0.006719,0.006719,0.006719,0.0,1,0.009199,0.009199,0.009199,0.009199,0.0,1,0.013156,0.013156,0.013156,0.013156,0.0,1,0.27807600000000005,0.290116,0.28167760000000003,0.280555,0.0034082684518681877,20,29,256,64,4,standard_fused_topk,logit_topk,softmax_renorm,True,standalone_legacy,none,8,7168,2048,True,1,49,0.2857142857142857,0.765625,0.765625,0.53125,0.0,1.1010955885890783,3.9183673469387754,4.971653212618362,0.5762117346938775,uniform,0,vllm_fused,KERNEL_ONLY,BF16,generic,generic,method=fp8|act=dynamic|serialized=True|block=128x128
0.0068390000000000005,0.0068390000000000005,0.0068390000000000005,0.0068390000000000005,0.0,1,0.009319000000000001,0.009319000000000001,0.009319000000000001,0.009319000000000001,0.0,1,0.013116,0.013116,0.013116,0.013116,0.0,1,0.300555,0.311075,0.30379754999999997,0.302756,0.0028606520318801495,20,29,256,64,4,standard_fused_topk,logit_topk,softmax_renorm,True,standalone_legacy,none,8,7168,2048,True,1,49,0.2857142857142857,0.765625,0.765625,0.578125,0.0,1.0766152399273452,5.224489795918367,5.068691732965862,0.5360331632653061,uniform,1,vllm_fused,KERNEL_ONLY,BF16,generic,generic,method=fp8|act=dynamic|serialized=True|block=128x128
0.006879,0.006879,0.006879,0.006879,0.0,1,0.009279,0.009279,0.009279,0.009279,0.0,1,0.013156,0.013156,0.013156,0.013156,0.0,1,0.342596,0.351356,0.34688150000000006,0.3466755,0.002480558455267688,20,29,256,64,4,standard_fused_topk,logit_topk,softmax_renorm,True,standalone_legacy,none,8,7168,2048,True,1,63,0.2857142857142857,0.984375,0.984375,0.6875,0.0,0.8516875190664325,3.0476190476190474,5.3381582973083175,0.4541170634920635,uniform,2,vllm_fused,KERNEL_ONLY,BF16,generic,generic,method=fp8|act=dynamic|serialized=True|block=128x128
0.006759,0.006759,0.006759,0.006759,0.0,1,0.009239,0.009239,0.009239,0.009239,0.0,1,0.013756,0.013756,0.013756,0.013756,0.0,1,0.271915,0.28019499999999997,0.27516559999999995,0.274516,0.002220980017920012,20,28,256,64,4,standard_fused_topk,logit_topk,softmax_renorm,True,standalone_legacy,none,8,7168,2048,True,1,48,0.2857142857142857,0.75,0.75,0.515625,0.0,1.130388330520878,4.0,4.92850885607735,0.5891927083333333,uniform,0,vllm_fused,KERNEL_ONLY,BF16,generic,generic,method=fp8|act=dynamic|serialized=True|block=128x128
0.006639000000000001,0.006639000000000001,0.006639000000000001,0.006639000000000001,0.0,1,0.009199,0.009199,0.009199,0.009199,0.0,1,0.014196000000000002,0.014196000000000002,0.014196000000000002,0.014196000000000002,0.0,1,0.30019599999999996,0.310596,0.30315755,0.30249550000000003,0.0023857053563883287,20,28,256,64,4,standard_fused_topk,logit_topk,softmax_renorm,True,standalone_legacy,none,8,7168,2048,True,1,49,0.2857142857142857,0.765625,0.765625,0.578125,0.0,1.0766152399273452,5.224489795918367,5.068691732965862,0.5360331632653061,uniform,1,vllm_fused,KERNEL_ONLY,BF16,generic,generic,method=fp8|act=dynamic|serialized=True|block=128x128
0.006759,0.006759,0.006759,0.006759,0.0,1,0.009199,0.009199,0.009199,0.009199,0.0,1,0.015236,0.015236,0.015236,0.015236,0.0,1,0.34147500000000003,0.357996,0.3470075,0.346336,0.0037803068989170656,20,28,256,64,4,standard_fused_topk,logit_topk,softmax_renorm,True,standalone_legacy,none,8,7168,2048,True,1,63,0.2857142857142857,0.984375,0.984375,0.6875,0.0,0.8516875190664325,3.0476190476190474,5.3381582973083175,0.4541170634920635,uniform,2,vllm_fused,KERNEL_ONLY,BF16,generic,generic,method=fp8|act=dynamic|serialized=True|block=128x128
0.006639000000000001,0.006639000000000001,0.006639000000000001,0.006639000000000001,0.0,1,0.009039,0.009039,0.009039,0.009039,0.0,1,0.014236,0.014236,0.014236,0.014236,0.0,1,0.257715,0.26771500000000004,0.26124165,0.26071550000000004,0.0026079579037055047,20,27,256,64,4,standard_fused_topk,logit_topk,softmax_renorm,True,standalone_legacy,none,8,7168,2048,True,1,45,0.2857142857142857,0.703125,0.703125,0.46875,0.0,1.2234337429778492,4.266666666666667,4.791635875396668,0.6274305555555555,uniform,0,vllm_fused,KERNEL_ONLY,BF16,generic,generic,method=fp8|act=dynamic|serialized=True|block=128x128
0.006919,0.006919,0.006919,0.006919,0.0,1,0.009279,0.009279,0.009279,0.009279,0.0,1,0.014036000000000002,0.014036000000000002,0.014036000000000002,0.014036000000000002,0.0,1,0.29883600000000005,0.308796,0.30344754999999995,0.303016,0.0024141837228139834,20,27,256,64,4,standard_fused_topk,logit_topk,softmax_renorm,True,standalone_legacy,none,8,7168,2048,True,1,49,0.2857142857142857,0.765625,0.765625,0.578125,0.0,1.0766152399273452,5.224489795918367,5.068691732965862,0.5360331632653061,uniform,1,vllm_fused,KERNEL_ONLY,BF16,generic,generic,method=fp8|act=dynamic|serialized=True|block=128x128
0.0068390000000000005,0.0068390000000000005,0.0068390000000000005,0.0068390000000000005,0.0,1,0.009159,0.009159,0.009159,0.009159,0.0,1,0.013836,0.013836,0.013836,0.013836,0.0,1,0.33503499999999997,0.34439600000000004,0.33969950000000004,0.3394355,0.002508376417127229,20,27,256,64,4,standard_fused_topk,logit_topk,softmax_renorm,True,standalone_legacy,none,8,7168,2048,True,1,60,0.2857142857142857,0.9375,0.9375,0.671875,0.0,0.8819171036881969,3.2,5.302479554763973,0.46510416666666665,uniform,2,vllm_fused,KERNEL_ONLY,BF16,generic,generic,method=fp8|act=dynamic|serialized=True|block=128x128
0.006759,0.006759,0.006759,0.006759,0.0,1,0.009399,0.009399,0.009399,0.009399,0.0,1,0.014836,0.014836,0.014836,0.014836,0.0,1,0.245356,0.262035,0.25393565,0.2543955,0.004779953370849973,20,26,256,64,4,standard_fused_topk,logit_topk,softmax_renorm,True,standalone_legacy,none,8,7168,2048,True,1,43,0.2857142857142857,0.671875,0.671875,0.453125,0.0,1.2356258445381612,4.465116279069767,4.757546442118606,0.6326308139534884,uniform,0,vllm_fused,KERNEL_ONLY,BF16,generic,generic,method=fp8|act=dynamic|serialized=True|block=128x128
0.006879,0.006879,0.006879,0.006879,0.0,1,0.009199,0.009199,0.009199,0.009199,0.0,1,0.013996,0.013996,0.013996,0.013996,0.0,1,0.27575600000000006,0.29183600000000004,0.28091160000000004,0.27929550000000003,0.00428291921941098,20,26,256,64,4,standard_fused_topk,logit_topk,softmax_renorm,True,standalone_legacy,none,8,7168,2048,True,1,44,0.2857142857142857,0.6875,0.6875,0.53125,0.0,1.1463200193562264,5.818181818181818,4.959431619881708,0.5660511363636365,uniform,1,vllm_fused,KERNEL_ONLY,BF16,generic,generic,method=fp8|act=dynamic|serialized=True|block=128x128
0.0068390000000000005,0.0068390000000000005,0.0068390000000000005,0.0068390000000000005,0.0,1,0.009319000000000001,0.009319000000000001,0.009319000000000001,0.009319000000000001,0.0,1,0.014116,0.014116,0.014116,0.014116,0.0,1,0.335915,0.343236,0.3392015,0.3393355,0.0019988252174714984,20,26,256,64,4,standard_fused_topk,logit_topk,softmax_renorm,True,standalone_legacy,none,8,7168,2048,True,1,59,0.2857142857142857,0.921875,0.921875,0.671875,0.0,0.8850963653658921,3.2542372881355934,5.301886058656663,0.46318855932203395,uniform,2,vllm_fused,KERNEL_ONLY,BF16,generic,generic,method=fp8|act=dynamic|serialized=True|block=128x128
0.006679,0.006679,0.006679,0.006679,0.0,1,0.009119,0.009119,0.009119,0.009119,0.0,1,0.013836,0.013836,0.013836,0.013836,0.0,1,0.22843599999999997,0.235315,0.23222365000000003,0.232736,0.002076645330214097,20,25,256,64,4,standard_fused_topk,logit_topk,softmax_renorm,True,standalone_legacy,none,8,7168,2048,True,1,41,0.2857142857142857,0.640625,0.640625,0.4375,0.0,1.2755421331700374,4.682926829268292,4.704993774313707,0.6459603658536586,uniform,0,vllm_fused,KERNEL_ONLY,BF16,generic,generic,method=fp8|act=dynamic|serialized=True|block=128x128
0.006879,0.006879,0.006879,0.006879,0.0,1,0.010398999999999999,0.010398999999999999,0.010398999999999999,0.010398999999999999,0.0,1,0.014076,0.014076,0.014076,0.014076,0.0,1,0.265796,0.274875,0.26870959999999994,0.26813549999999997,0.002083432609901265,20,25,256,64,4,standard_fused_topk,logit_topk,softmax_renorm,True,standalone_legacy,none,8,7168,2048,True,1,42,0.2857142857142857,0.65625,0.65625,0.5,0.0,1.2112473659025622,6.095238095238095,4.8685079002840785,0.5944940476190477,uniform,1,vllm_fused,KERNEL_ONLY,BF16,generic,generic,method=fp8|act=dynamic|serialized=True|block=128x128
0.006959,0.006959,0.006959,0.006959,0.0,1,0.010919,0.010919,0.010919,0.010919,0.0,1,0.013796,0.013796,0.013796,0.013796,0.0,1,0.331315,0.341796,0.33397155000000006,0.33281550000000004,0.0028904793110313,20,25,256,64,4,standard_fused_topk,logit_topk,softmax_renorm,True,standalone_legacy,none,8,7168,2048,True,1,58,0.2857142857142857,0.90625,0.90625,0.65625,0.0,0.9090638845837289,3.310344827586207,5.267210952877303,0.4768318965517242,uniform,2,vllm_fused,KERNEL_ONLY,BF16,generic,generic,method=fp8|act=dynamic|serialized=True|block=128x128
0.006919,0.006919,0.006919,0.006919,0.0,1,0.008919,0.008919,0.008919,0.008919,0.0,1,0.015236,0.015236,0.015236,0.015236,0.0,1,0.22783599999999998,0.23519600000000002,0.23100370000000003,0.2304755,0.0020135205511739953,20,24,256,64,4,standard_fused_topk,logit_topk,softmax_renorm,True,standalone_legacy,none,8,7168,2048,True,1,40,0.2857142857142857,0.625,0.625,0.4375,0.0,1.2806248474865698,4.8,4.703055908788986,0.6460937499999999,uniform,0,vllm_fused,KERNEL_ONLY,BF16,generic,generic,method=fp8|act=dynamic|serialized=True|block=128x128
0.006799,0.006799,0.006799,0.006799,0.0,1,0.010279,0.010279,0.010279,0.010279,0.0,1,0.013556000000000002,0.013556000000000002,0.013556000000000002,0.013556000000000002,0.0,1,0.26519600000000004,0.274155,0.26810560000000005,0.2674755,0.0023728245278570484,20,24,256,64,4,standard_fused_topk,logit_topk,softmax_renorm,True,standalone_legacy,none,8,7168,2048,True,1,42,0.2857142857142857,0.65625,0.65625,0.5,0.0,1.2112473659025622,6.095238095238095,4.8685079002840785,0.5944940476190477,uniform,1,vllm_fused,KERNEL_ONLY,BF16,generic,generic,method=fp8|act=dynamic|serialized=True|block=128x128
0.006879,0.006879,0.006879,0.006879,0.0,1,0.008999,0.008999,0.008999,0.008999,0.0,1,0.014436000000000001,0.014436000000000001,0.014436000000000001,0.014436000000000001,0.0,1,0.33019600000000005,0.34259500000000004,0.33334555000000005,0.33213550000000003,0.003275527323577078,20,24,256,64,4,standard_fused_topk,logit_topk,softmax_renorm,True,standalone_legacy,none,8,7168,2048,True,1,56,0.2857142857142857,0.875,0.875,0.65625,0.0,0.9147320339189784,3.4285714285714284,5.266914521120945,0.4715401785714286,uniform,2,vllm_fused,KERNEL_ONLY,BF16,generic,generic,method=fp8|act=dynamic|serialized=True|block=128x128
0.006959,0.006959,0.006959,0.006959,0.0,1,0.009079,0.009079,0.009079,0.009079,0.0,1,0.013476,0.013476,0.013476,0.013476,0.0,1,0.226955,0.23603499999999997,0.23016370000000003,0.2298555,0.0022970896826201583,20,23,256,64,4,standard_fused_topk,logit_topk,softmax_renorm,True,standalone_legacy,none,8,7168,2048,True,1,40,0.2857142857142857,0.625,0.625,0.4375,0.0,1.2806248474865698,4.8,4.703055908788986,0.6460937499999999,uniform,0,vllm_fused,KERNEL_ONLY,BF16,generic,generic,method=fp8|act=dynamic|serialized=True|block=128x128
0.006799,0.006799,0.006799,0.006799,0.0,1,0.009119,0.009119,0.009119,0.009119,0.0,1,0.013796,0.013796,0.013796,0.013796,0.0,1,0.26527599999999996,0.274996,0.26820360000000004,0.26819550000000003,0.002152898195456539,20,23,256,64,4,standard_fused_topk,logit_topk,softmax_renorm,True,standalone_legacy,none,8,7168,2048,True,1,42,0.2857142857142857,0.65625,0.65625,0.5,0.0,1.2112473659025622,6.095238095238095,4.8685079002840785,0.5944940476190477,uniform,1,vllm_fused,KERNEL_ONLY,BF16,generic,generic,method=fp8|act=dynamic|serialized=True|block=128x128
0.006639000000000001,0.006639000000000001,0.006639000000000001,0.006639000000000001,0.0,1,0.008999,0.008999,0.008999,0.008999,0.0,1,0.014235999999999999,0.014235999999999999,0.014235999999999999,0.014235999999999999,0.0,1,0.30919599999999997,0.317835,0.31242559999999997,0.31205550000000004,0.0022162635763825537,20,23,256,64,4,standard_fused_topk,logit_topk,softmax_renorm,True,standalone_legacy,none,8,7168,2048,True,1,52,0.2857142857142857,0.8125,0.8125,0.625,0.0,0.9452465944188083,3.6923076923076925,5.209867122938183,0.48798076923076916,uniform,2,vllm_fused,KERNEL_ONLY,BF16,generic,generic,method=fp8|act=dynamic|serialized=True|block=128x128
0.006719,0.006719,0.006719,0.006719,0.0,1,0.009159,0.009159,0.009159,0.009159,0.0,1,0.014435000000000002,0.014435000000000002,0.014435000000000002,0.014435000000000002,0.0,1,0.226316,0.23583600000000002,0.22943570000000002,0.228996,0.002474162526997779,20,22,256,64,4,standard_fused_topk,logit_topk,softmax_renorm,True,standalone_legacy,none,8,7168,2048,True,1,39,0.2857142857142857,0.609375,0.609375,0.4375,0.0,1.2516918202521974,3.282051282051282,4.721299656214957,0.6374198717948718,uniform,0,vllm_fused,KERNEL_ONLY,BF16,generic,generic,method=fp8|act=dynamic|serialized=True|block=128x128
0.0068390000000000005,0.0068390000000000005,0.0068390000000000005,0.0068390000000000005,0.0,1,0.009119,0.009119,0.009119,0.009119,0.0,1,0.014396,0.014396,0.014396,0.014396,0.0,1,0.25999500000000003,0.26895600000000003,0.2622156,0.261636,0.0019975465551520973,20,22,256,64,4,standard_fused_topk,logit_topk,softmax_renorm,True,standalone_legacy,none,8,7168,2048,True,1,40,0.2857142857142857,0.625,0.625,0.484375,0.0,1.1832159566199232,4.8,4.853055908682706,0.5992187499999999,uniform,1,vllm_fused,KERNEL_ONLY,BF16,generic,generic,method=fp8|act=dynamic|serialized=True|block=128x128
0.006879,0.006879,0.006879,0.006879,0.0,1,0.009119,0.009119,0.009119,0.009119,0.0,1,0.013996000000000001,0.013996000000000001,0.013996000000000001,0.013996000000000001,0.0,1,0.29627600000000004,0.307796,0.30018559999999994,0.29919549999999995,0.002877400952248393,20,22,256,64,4,standard_fused_topk,logit_topk,softmax_renorm,True,standalone_legacy,none,8,7168,2048,True,1,46,0.2857142857142857,0.71875,0.71875,0.578125,0.0,0.9981078507173041,4.173913043478261,5.115847011496139,0.5129076086956521,uniform,2,vllm_fused,KERNEL_ONLY,BF16,generic,generic,method=fp8|act=dynamic|serialized=True|block=128x128
0.006919,0.006919,0.006919,0.006919,0.0,1,0.009279,0.009279,0.009279,0.009279,0.0,1,0.014196,0.014196,0.014196,0.014196,0.0,1,0.22635500000000003,0.233116,0.22896564999999997,0.22831600000000002,0.0021258427099623348,20,21,256,64,4,standard_fused_topk,logit_topk,softmax_renorm,True,standalone_legacy,none,8,7168,2048,True,1,38,0.2857142857142857,0.59375,0.59375,0.4375,0.0,1.2532506210305956,3.3684210526315788,4.721611725425125,0.636513157894737,uniform,0,vllm_fused,KERNEL_ONLY,BF16,generic,generic,method=fp8|act=dynamic|serialized=True|block=128x128
0.006719,0.006719,0.006719,0.006719,0.0,1,0.009039,0.009039,0.009039,0.009039,0.0,1,0.014236,0.014236,0.014236,0.014236,0.0,1,0.24159500000000003,0.258076,0.24700765000000008,0.245736,0.004819128617032334,20,21,256,64,4,standard_fused_topk,logit_topk,softmax_renorm,True,standalone_legacy,none,8,7168,2048,True,1,37,0.2857142857142857,0.578125,0.578125,0.453125,0.0,1.2534830946275926,5.1891891891891895,4.756618569693202,0.6237331081081081,uniform,1,vllm_fused,KERNEL_ONLY,BF16,generic,generic,method=fp8|act=dynamic|serialized=True|block=128x128
0.0068390000000000005,0.0068390000000000005,0.0068390000000000005,0.0068390000000000005,0.0,1,0.009279,0.009279,0.009279,0.009279,0.0,1,0.013595999999999999,0.013595999999999999,0.013595999999999999,0.013595999999999999,0.0,1,0.28907599999999994,0.296115,0.2926376,0.292676,0.0018660251445251248,20,21,256,64,4,standard_fused_topk,logit_topk,softmax_renorm,True,standalone_legacy,none,8,7168,2048,True,1,44,0.2857142857142857,0.6875,0.6875,0.5625,0.0,1.0244934245076949,4.363636363636363,5.0786387220341025,0.5220170454545454,uniform,2,vllm_fused,KERNEL_ONLY,BF16,generic,generic,method=fp8|act=dynamic|serialized=True|block=128x128
0.0068390000000000005,0.0068390000000000005,0.0068390000000000005,0.0068390000000000005,0.0,1,0.008999,0.008999,0.008999,0.008999,0.0,1,0.013875,0.013875,0.013875,0.013875,0.0,1,0.221675,0.23103500000000002,0.22533369999999997,0.22547599999999998,0.0021664521711775683,20,20,256,64,4,standard_fused_topk,logit_topk,softmax_renorm,True,standalone_legacy,none,8,7168,2048,True,1,36,0.2857142857142857,0.5625,0.5625,0.421875,0.0,1.2909944487358056,3.5555555555555554,4.669925002932931,0.6484375,uniform,0,vllm_fused,KERNEL_ONLY,BF16,generic,generic,method=fp8|act=dynamic|serialized=True|block=128x128
0.006959,0.006959,0.006959,0.006959,0.0,1,0.008879,0.008879,0.008879,0.008879,0.0,1,0.013675999999999999,0.013675999999999999,0.013675999999999999,0.013675999999999999,0.0,1,0.21279599999999999,0.21919500000000006,0.2153657,0.2148155,0.0017139738066843466,20,20,256,64,4,standard_fused_topk,logit_topk,softmax_renorm,True,standalone_legacy,none,8,7168,2048,True,1,32,0.2857142857142857,0.5,0.5,0.390625,0.0,1.4142135623730951,6.0,4.538909767119334,0.6767578125,uniform,1,vllm_fused,KERNEL_ONLY,BF16,generic,generic,method=fp8|act=dynamic|serialized=True|block=128x128
0.006759,0.006759,0.006759,0.006759,0.0,1,0.008999,0.008999,0.008999,0.008999,0.0,1,0.013996000000000001,0.013996000000000001,0.013996000000000001,0.013996000000000001,0.0,1,0.289395,0.300875,0.2922416,0.29191599999999995,0.00283244506389798,20,20,256,64,4,standard_fused_topk,logit_topk,softmax_renorm,True,standalone_legacy,none,8,7168,2048,True,1,44,0.2857142857142857,0.6875,0.6875,0.5625,0.0,1.0244934245076949,4.363636363636363,5.0786387220341025,0.5220170454545454,uniform,2,vllm_fused,KERNEL_ONLY,BF16,generic,generic,method=fp8|act=dynamic|serialized=True|block=128x128
0.006719,0.006719,0.006719,0.006719,0.0,1,0.009039,0.009039,0.009039,0.009039,0.0,1,0.013555999999999999,0.013555999999999999,0.013555999999999999,0.013555999999999999,0.0,1,0.217796,0.22763500000000003,0.22050969999999998,0.2202155,0.0024029208497160304,20,19,256,64,4,standard_fused_topk,logit_topk,softmax_renorm,True,standalone_legacy,none,8,7168,2048,True,1,34,0.2857142857142857,0.53125,0.53125,0.40625,0.0,1.3297240653479194,3.764705882352941,4.616874607482274,0.6599264705882353,uniform,0,vllm_fused,KERNEL_ONLY,BF16,generic,generic,method=fp8|act=dynamic|serialized=True|block=128x128
0.006759,0.006759,0.006759,0.006759,0.0,1,0.009079,0.009079,0.009079,0.009079,0.0,1,0.013596,0.013596,0.013596,0.013596,0.0,1,0.211595,0.21827600000000003,0.2137697,0.21335550000000003,0.0015809353592098618,20,19,256,64,4,standard_fused_topk,logit_topk,softmax_renorm,True,standalone_legacy,none,8,7168,2048,True,1,32,0.2857142857142857,0.5,0.5,0.390625,0.0,1.4142135623730951,6.0,4.538909767119334,0.6767578125,uniform,1,vllm_fused,KERNEL_ONLY,BF16,generic,generic,method=fp8|act=dynamic|serialized=True|block=128x128
0.006679,0.006679,0.006679,0.006679,0.0,1,0.008959,0.008959,0.008959,0.008959,0.0,1,0.013715999999999999,0.013715999999999999,0.013715999999999999,0.013715999999999999,0.0,1,0.26955599999999996,0.28551600000000005,0.2758376,0.274216,0.004274320746036736,20,19,256,64,4,standard_fused_topk,logit_topk,softmax_renorm,True,standalone_legacy,none,8,7168,2048,True,1,42,0.2857142857142857,0.65625,0.65625,0.53125,0.0,1.0848367380851922,4.571428571428571,4.993391531113652,0.5513392857142858,uniform,2,vllm_fused,KERNEL_ONLY,BF16,generic,generic,method=fp8|act=dynamic|serialized=True|block=128x128
0.0068390000000000005,0.0068390000000000005,0.0068390000000000005,0.0068390000000000005,0.0,1,0.008879,0.008879,0.008879,0.008879,0.0,1,0.013716,0.013716,0.013716,0.013716,0.0,1,0.198636,0.207915,0.20074175,0.200036,0.0022436276846883444,20,18,256,64,4,standard_fused_topk,logit_topk,softmax_renorm,True,standalone_legacy,none,8,7168,2048,True,1,31,0.2857142857142857,0.484375,0.484375,0.375,0.0,1.4131094266973878,4.129032258064516,4.5025834087582455,0.6849798387096775,uniform,0,vllm_fused,KERNEL_ONLY,BF16,generic,generic,method=fp8|act=dynamic|serialized=True|block=128x128
0.006719,0.006719,0.006719,0.006719,0.0,1,0.008879,0.008879,0.008879,0.008879,0.0,1,0.013996,0.013996,0.013996,0.013996,0.0,1,0.197876,0.20483500000000002,0.19998975000000002,0.19991600000000004,0.0016742500373301457,20,18,256,64,4,standard_fused_topk,logit_topk,softmax_renorm,True,standalone_legacy,none,8,7168,2048,True,1,29,0.2857142857142857,0.453125,0.453125,0.375,0.0,1.4560546434977526,6.620689655172414,4.48712280699508,0.6804956896551724,uniform,1,vllm_fused,KERNEL_ONLY,BF16,generic,generic,method=fp8|act=dynamic|serialized=True|block=128x128
0.006719,0.006719,0.006719,0.006719,0.0,1,0.008959,0.008959,0.008959,0.008959,0.0,1,0.013516000000000002,0.013516000000000002,0.013516000000000002,0.013516000000000002,0.0,1,0.26611599999999996,0.27939600000000003,0.2697256,0.2689555,0.002934803611828235,20,18,256,64,4,standard_fused_topk,logit_topk,softmax_renorm,True,standalone_legacy,none,8,7168,2048,True,1,40,0.2857142857142857,0.625,0.625,0.515625,0.0,1.0770329614269007,3.2,4.9719280961655254,0.55546875,uniform,2,vllm_fused,KERNEL_ONLY,BF16,generic,generic,method=fp8|act=dynamic|serialized=True|block=128x128
0.006679,0.006679,0.006679,0.006679,0.0,1,0.009079,0.009079,0.009079,0.009079,0.0,1,0.014436000000000001,0.014436000000000001,0.014436000000000001,0.014436000000000001,0.0,1,0.19831599999999996,0.20471599999999998,0.20103175,0.20085550000000002,0.0017246548024169974,20,17,256,64,4,standard_fused_topk,logit_topk,softmax_renorm,True,standalone_legacy,none,8,7168,2048,True,1,30,0.2857142857142857,0.46875,0.46875,0.375,0.0,1.4094916341243982,4.266666666666667,4.50689059720556,0.6812499999999999,uniform,0,vllm_fused,KERNEL_ONLY,BF16,generic,generic,method=fp8|act=dynamic|serialized=True|block=128x128
0.006799,0.006799,0.006799,0.006799,0.0,1,0.009359000000000001,0.009359000000000001,0.009359000000000001,0.009359000000000001,0.0,1,0.014276,0.014276,0.014276,0.014276,0.0,1,0.194075,0.20287599999999997,0.19606375,0.19563550000000002,0.0019093575326533223,20,17,256,64,4,standard_fused_topk,logit_topk,softmax_renorm,True,standalone_legacy,none,8,7168,2048,True,1,26,0.2857142857142857,0.40625,0.40625,0.359375,0.0,1.424635321342472,4.923076923076923,4.469670489003995,0.6766826923076923,uniform,1,vllm_fused,KERNEL_ONLY,BF16,generic,generic,method=fp8|act=dynamic|serialized=True|block=128x128
0.0068390000000000005,0.0068390000000000005,0.0068390000000000005,0.0068390000000000005,0.0,1,0.009439,0.009439,0.009439,0.009439,0.0,1,0.014036,0.014036,0.014036,0.014036,0.0,1,0.265716,0.276195,0.2692956000000001,0.2683155,0.002989417374673535,20,17,256,64,4,standard_fused_topk,logit_topk,softmax_renorm,True,standalone_legacy,none,8,7168,2048,True,1,39,0.2857142857142857,0.609375,0.609375,0.515625,0.0,1.0704936279563129,3.282051282051282,4.977709912447898,0.5492788461538463,uniform,2,vllm_fused,KERNEL_ONLY,BF16,generic,generic,method=fp8|act=dynamic|serialized=True|block=128x128
0.007119,0.007119,0.007119,0.007119,0.0,1,0.008759000000000001,0.008759000000000001,0.008759000000000001,0.008759000000000001,0.0,1,0.013436,0.013436,0.013436,0.013436,0.0,1,0.194195,0.202716,0.19629175000000001,0.196096,0.0017872616449473744,20,16,256,64,4,standard_fused_topk,logit_topk,softmax_renorm,True,standalone_legacy,none,8,7168,2048,True,1,28,0.2857142857142857,0.4375,0.4375,0.359375,0.0,1.4498416521560313,4.571428571428571,4.450212066547341,0.6908482142857142,uniform,0,vllm_fused,KERNEL_ONLY,BF16,generic,generic,method=fp8|act=dynamic|serialized=True|block=128x128
0.0071589999999999996,0.0071589999999999996,0.0071589999999999996,0.0071589999999999996,0.0,1,0.008919,0.008919,0.008919,0.008919,0.0,1,0.012556000000000001,0.012556000000000001,0.012556000000000001,0.012556000000000001,0.0,1,0.18515500000000001,0.193676,0.18695975,0.186436,0.0018930658170016143,20,16,256,64,4,standard_fused_topk,logit_topk,softmax_renorm,True,standalone_legacy,none,8,7168,2048,True,1,24,0.2857142857142857,0.375,0.375,0.328125,0.0,1.5275252316519465,5.333333333333333,4.334962502424961,0.70703125,uniform,1,vllm_fused,KERNEL_ONLY,BF16,generic,generic,method=fp8|act=dynamic|serialized=True|block=128x128
0.007199,0.007199,0.007199,0.007199,0.0,1,0.008839000000000001,0.008839000000000001,0.008839000000000001,0.008839000000000001,0.0,1,0.012715999999999998,0.012715999999999998,0.012715999999999998,0.012715999999999998,0.0,1,0.255795,0.264116,0.25916965,0.25913549999999996,0.001839778798524434,20,16,256,64,4,standard_fused_topk,logit_topk,softmax_renorm,True,standalone_legacy,none,8,7168,2048,True,1,36,0.2857142857142857,0.5625,0.5625,0.484375,0.0,1.1276546183435798,3.5555555555555554,4.892147225012839,0.5720486111111112,uniform,2,vllm_fused,KERNEL_ONLY,BF16,generic,generic,method=fp8|act=dynamic|serialized=True|block=128x128
0.007199,0.007199,0.007199,0.007199,0.0,1,0.008799,0.008799,0.008799,0.008799,0.0,1,0.012756,0.012756,0.012756,0.012756,0.0,1,0.18451599999999999,0.19055599999999998,0.18719175,0.18719550000000001,0.0016606559509723807,20,15,256,64,4,standard_fused_topk,logit_topk,softmax_renorm,True,standalone_legacy,none,8,7168,2048,True,1,26,0.2857142857142857,0.40625,0.40625,0.328125,0.0,1.5518646924486166,4.923076923076923,4.315824335229938,0.7199519230769231,uniform,0,vllm_fused,KERNEL_ONLY,BF16,generic,generic,method=fp8|act=dynamic|serialized=True|block=128x128
0.007039,0.007039,0.007039,0.007039,0.0,1,0.008759000000000001,0.008759000000000001,0.008759000000000001,0.008759000000000001,0.0,1,0.013356,0.013356,0.013356,0.013356,0.0,1,0.170316,0.17707599999999998,0.17261174999999998,0.172576,0.0017006175900242766,20,15,256,64,4,standard_fused_topk,logit_topk,softmax_renorm,True,standalone_legacy,none,8,7168,2048,True,1,21,0.2857142857142857,0.328125,0.328125,0.3125,0.0,1.5290089864764116,6.095238095238095,4.297079329279782,0.7016369047619047,uniform,1,vllm_fused,KERNEL_ONLY,BF16,generic,generic,method=fp8|act=dynamic|serialized=True|block=128x128
0.007279,0.007279,0.007279,0.007279,0.0,1,0.008999,0.008999,0.008999,0.008999,0.0,1,0.013436,0.013436,0.013436,0.013436,0.0,1,0.23891599999999996,0.253156,0.24606965,0.2468555,0.004361547893523595,20,15,256,64,4,standard_fused_topk,logit_topk,softmax_renorm,True,standalone_legacy,none,8,7168,2048,True,1,34,0.2857142857142857,0.53125,0.53125,0.453125,0.0,1.1983263992625506,3.764705882352941,4.793345195610586,0.6020220588235294,uniform,2,vllm_fused,KERNEL_ONLY,BF16,generic,generic,method=fp8|act=dynamic|serialized=True|block=128x128
0.006959,0.006959,0.006959,0.006959,0.0,1,0.008599,0.008599,0.008599,0.008599,0.0,1,0.012956,0.012956,0.012956,0.012956,0.0,1,0.169196,0.17635599999999998,0.17111574999999998,0.170636,0.0018128905613687774,20,14,256,64,4,standard_fused_topk,logit_topk,softmax_renorm,True,standalone_legacy,none,8,7168,2048,True,1,24,0.2857142857142857,0.375,0.375,0.3125,0.0,1.5986105077709063,5.333333333333333,4.251629169127791,0.7291666666666667,uniform,0,vllm_fused,KERNEL_ONLY,BF16,generic,generic,method=fp8|act=dynamic|serialized=True|block=128x128
0.006919,0.006919,0.006919,0.006919,0.0,1,0.008879,0.008879,0.008879,0.008879,0.0,1,0.013036000000000002,0.013036000000000002,0.013036000000000002,0.013036000000000002,0.0,1,0.165436,0.171676,0.1673478,0.16675600000000002,0.0017595070218671999,20,14,256,64,4,standard_fused_topk,logit_topk,softmax_renorm,True,standalone_legacy,none,8,7168,2048,True,1,20,0.2857142857142857,0.3125,0.3125,0.296875,0.0,1.5874507866387544,6.4,4.221928096662498,0.7171875000000001,uniform,1,vllm_fused,KERNEL_ONLY,BF16,generic,generic,method=fp8|act=dynamic|serialized=True|block=128x128
0.006999,0.006999,0.006999,0.006999,0.0,1,0.008839000000000001,0.008839000000000001,0.008839000000000001,0.008839000000000001,0.0,1,0.014156,0.014156,0.014156,0.014156,0.0,1,0.22235500000000002,0.23007599999999997,0.22482169999999999,0.224236,0.0020979437099216945,20,14,256,64,4,standard_fused_topk,logit_topk,softmax_renorm,True,standalone_legacy,none,8,7168,2048,True,1,32,0.2857142857142857,0.5,0.5,0.4375,0.0,1.224744871391589,4.0,4.750000001454282,0.609375,uniform,2,vllm_fused,KERNEL_ONLY,BF16,generic,generic,method=fp8|act=dynamic|serialized=True|block=128x128
0.006999,0.006999,0.006999,0.006999,0.0,1,0.008799,0.008799,0.008799,0.008799,0.0,1,0.013076,0.013076,0.013076,0.013076,0.0,1,0.168196,0.175076,0.17068975000000003,0.170416,0.0015502461699678535,20,13,256,64,4,standard_fused_topk,logit_topk,softmax_renorm,True,standalone_legacy,none,8,7168,2048,True,1,23,0.2857142857142857,0.359375,0.359375,0.3125,0.0,1.5838265739206074,5.565217391304348,4.262692392579362,0.7221467391304348,uniform,0,vllm_fused,KERNEL_ONLY,BF16,generic,generic,method=fp8|act=dynamic|serialized=True|block=128x128
0.006999,0.006999,0.006999,0.006999,0.0,1,0.008919,0.008919,0.008919,0.008919,0.0,1,0.013076,0.013076,0.013076,0.013076,0.0,1,0.161716,0.16859499999999997,0.16353774999999998,0.16281600000000002,0.001790396377202538,20,13,256,64,4,standard_fused_topk,logit_topk,softmax_renorm,True,standalone_legacy,none,8,7168,2048,True,1,19,0.2857142857142857,0.296875,0.296875,0.28125,0.0,1.6501489901674613,6.7368421052631575,4.142664357360078,0.7327302631578947,uniform,1,vllm_fused,KERNEL_ONLY,BF16,generic,generic,method=fp8|act=dynamic|serialized=True|block=128x128
0.006999,0.006999,0.006999,0.006999,0.0,1,0.008558999999999999,0.008558999999999999,0.008558999999999999,0.008558999999999999,0.0,1,0.012796,0.012796,0.012796,0.012796,0.0,1,0.21327600000000002,0.222796,0.21547770000000002,0.21433600000000003,0.002607639816002197,20,13,256,64,4,standard_fused_topk,logit_topk,softmax_renorm,True,standalone_legacy,none,8,7168,2048,True,1,28,0.2857142857142857,0.4375,0.4375,0.40625,0.0,1.2697420596165128,4.571428571428571,4.664497780725231,0.6205357142857142,uniform,2,vllm_fused,KERNEL_ONLY,BF16,generic,generic,method=fp8|act=dynamic|serialized=True|block=128x128
0.007039,0.007039,0.007039,0.007039,0.0,1,0.008519,0.008519,0.008519,0.008519,0.0,1,0.012196000000000002,0.012196000000000002,0.012196000000000002,0.012196000000000002,0.0,1,0.16083599999999998,0.168916,0.16337379999999999,0.163176,0.0018666856618081192,20,12,256,64,4,standard_fused_topk,logit_topk,softmax_renorm,True,standalone_legacy,none,8,7168,2048,True,1,20,0.2857142857142857,0.3125,0.3125,0.28125,0.0,1.6852299546352718,6.4,4.121928096698924,0.7437499999999999,uniform,0,vllm_fused,KERNEL_ONLY,BF16,generic,generic,method=fp8|act=dynamic|serialized=True|block=128x128
0.006999,0.006999,0.006999,0.006999,0.0,1,0.008719,0.008719,0.008719,0.008719,0.0,1,0.012716000000000002,0.012716000000000002,0.012716000000000002,0.012716000000000002,0.0,1,0.157755,0.16403600000000002,0.15962379999999998,0.1590355,0.0016404911947340698,20,12,256,64,4,standard_fused_topk,logit_topk,softmax_renorm,True,standalone_legacy,none,8,7168,2048,True,1,18,0.2857142857142857,0.28125,0.28125,0.265625,0.0,1.7177360926378118,7.111111111111111,4.058813892178606,0.7482638888888888,uniform,1,vllm_fused,KERNEL_ONLY,BF16,generic,generic,method=fp8|act=dynamic|serialized=True|block=128x128
0.006919,0.006919,0.006919,0.006919,0.0,1,0.008799,0.008799,0.008799,0.008799,0.0,1,0.012196,0.012196,0.012196,0.012196,0.0,1,0.20667500000000003,0.216956,0.20990570000000003,0.2095555,0.0024017673097117497,20,12,256,64,4,standard_fused_topk,logit_topk,softmax_renorm,True,standalone_legacy,none,8,7168,2048,True,1,27,0.2857142857142857,0.421875,0.421875,0.390625,0.0,1.3120733025124705,4.7407407407407405,4.60673935557572,0.6359953703703705,uniform,2,vllm_fused,KERNEL_ONLY,BF16,generic,generic,method=fp8|act=dynamic|serialized=True|block=128x128
0.007199,0.007199,0.007199,0.007199,0.0,1,0.008799,0.008799,0.008799,0.008799,0.0,1,0.012235999999999999,0.012235999999999999,0.012235999999999999,0.012235999999999999,0.0,1,0.15767599999999998,0.162076,0.15899780000000002,0.15867600000000004,0.001281262252624345,20,11,256,64,4,standard_fused_topk,logit_topk,softmax_renorm,True,standalone_legacy,none,8,7168,2048,True,1,19,0.2857142857142857,0.296875,0.296875,0.265625,0.0,1.7542982434209429,6.7368421052631575,4.037401199501842,0.759046052631579,uniform,0,vllm_fused,KERNEL_ONLY,BF16,generic,generic,method=fp8|act=dynamic|serialized=True|block=128x128
0.007119,0.007119,0.007119,0.007119,0.0,1,0.008439,0.008439,0.008439,0.008439,0.0,1,0.012516000000000001,0.012516000000000001,0.012516000000000001,0.012516000000000001,0.0,1,0.13331600000000002,0.138356,0.1353278,0.135316,0.0014171100733535156,20,11,256,64,4,standard_fused_topk,logit_topk,softmax_renorm,True,standalone_legacy,none,8,7168,2048,True,1,17,0.2857142857142857,0.265625,0.265625,0.25,0.0,1.7909808644280387,7.529411764705882,3.969815784310474,0.7637867647058822,uniform,1,vllm_fused,KERNEL_ONLY,BF16,generic,generic,method=fp8|act=dynamic|serialized=True|block=128x128
0.007199,0.007199,0.007199,0.007199,0.0,1,0.008558999999999999,0.008558999999999999,0.008558999999999999,0.008558999999999999,0.0,1,0.012636,0.012636,0.012636,0.012636,0.0,1,0.19363500000000003,0.20319600000000002,0.19632575000000002,0.19601600000000002,0.0021379291820591254,20,11,256,64,4,standard_fused_topk,logit_topk,softmax_renorm,True,standalone_legacy,none,8,7168,2048,True,1,25,0.2857142857142857,0.390625,0.390625,0.375,0.0,1.328457752433249,5.12,4.563856191370453,0.639375,uniform,2,vllm_fused,KERNEL_ONLY,BF16,generic,generic,method=fp8|act=dynamic|serialized=True|block=128x128
0.006999,0.006999,0.006999,0.006999,0.0,1,0.008558999999999999,0.008558999999999999,0.008558999999999999,0.008558999999999999,0.0,1,0.013076,0.013076,0.013076,0.013076,0.0,1,0.12515600000000002,0.130796,0.12701780000000001,0.1266355,0.001267162562578296,20,10,256,64,4,standard_fused_topk,logit_topk,softmax_renorm,True,standalone_legacy,none,8,7168,2048,True,1,15,0.2857142857142857,0.234375,0.234375,0.21875,0.0,1.9584574428757842,8.533333333333333,3.7735572642316426,0.7947916666666666,uniform,0,vllm_fused,KERNEL_ONLY,BF16,generic,generic,method=fp8|act=dynamic|serialized=True|block=128x128
0.006959,0.006959,0.006959,0.006959,0.0,1,0.008558999999999999,0.008558999999999999,0.008558999999999999,0.008558999999999999,0.0,1,0.012915999999999999,0.012915999999999999,0.012915999999999999,0.012915999999999999,0.0,1,0.132956,0.138956,0.13450380000000003,0.1342355,0.0012177271287115191,20,10,256,64,4,standard_fused_topk,logit_topk,softmax_renorm,True,standalone_legacy,none,8,7168,2048,True,1,17,0.2857142857142857,0.265625,0.265625,0.25,0.0,1.7909808644280387,7.529411764705882,3.969815784310474,0.7637867647058822,uniform,1,vllm_fused,KERNEL_ONLY,BF16,generic,generic,method=fp8|act=dynamic|serialized=True|block=128x128
0.007119,0.007119,0.007119,0.007119,0.0,1,0.008558999999999999,0.008558999999999999,0.008558999999999999,0.008558999999999999,0.0,1,0.013236,0.013236,0.013236,0.013236,0.0,1,0.18527600000000002,0.191235,0.18688575000000002,0.186596,0.0013452305332172553,20,10,256,64,4,standard_fused_topk,logit_topk,softmax_renorm,True,standalone_legacy,none,8,7168,2048,True,1,23,0.2857142857142857,0.359375,0.359375,0.34375,0.0,1.422875493213354,5.565217391304348,4.436605435985173,0.6705163043478262,uniform,2,vllm_fused,KERNEL_ONLY,BF16,generic,generic,method=fp8|act=dynamic|serialized=True|block=128x128
0.010518000000000001,0.010518000000000001,0.010518000000000001,0.010518000000000001,0.0,1,0.009319000000000001,0.009319000000000001,0.009319000000000001,0.009319000000000001,0.0,1,0.012195999999999999,0.012195999999999999,0.012195999999999999,0.012195999999999999,0.0,1,0.097876,0.106956,0.10008985000000001,0.09929550000000001,0.0022365724507603124,20,9,256,64,4,standard_fused_topk,logit_topk,softmax_renorm,True,standalone_legacy,none,8,7168,2048,True,1,12,0.2857142857142857,0.1875,0.1875,0.171875,0.0,2.285218200133681,10.666666666666666,3.418295836120931,0.8411458333333333,uniform,0,vllm_fused,KERNEL_ONLY,BF16,generic,generic,method=fp8|act=dynamic|serialized=True|block=128x128
0.010958,0.010958,0.010958,0.010958,0.0,1,0.008599,0.008599,0.008599,0.008599,0.0,1,0.012756,0.012756,0.012756,0.012756,0.0,1,0.133236,0.140355,0.1352118,0.13451600000000002,0.0017645811287668252,20,9,256,64,4,standard_fused_topk,logit_topk,softmax_renorm,True,standalone_legacy,none,8,7168,2048,True,1,17,0.2857142857142857,0.265625,0.265625,0.25,0.0,1.7909808644280387,7.529411764705882,3.969815784310474,0.7637867647058822,uniform,1,vllm_fused,KERNEL_ONLY,BF16,generic,generic,method=fp8|act=dynamic|serialized=True|block=128x128
0.015198000000000001,0.015198000000000001,0.015198000000000001,0.015198000000000001,0.0,1,0.008759000000000001,0.008759000000000001,0.008759000000000001,0.008759000000000001,0.0,1,0.012916,0.012916,0.012916,0.012916,0.0,1,0.164355,0.169355,0.16585975000000003,0.1658155,0.0011969996606098125,20,9,256,64,4,standard_fused_topk,logit_topk,softmax_renorm,True,standalone_legacy,none,8,7168,2048,True,1,20,0.2857142857142857,0.3125,0.3125,0.296875,0.0,1.5874507866387544,6.4,4.221928096662497,0.7171875000000001,uniform,2,vllm_fused,KERNEL_ONLY,BF16,generic,generic,method=fp8|act=dynamic|serialized=True|block=128x128
0.014678,0.014678,0.014678,0.014678,0.0,1,0.008239000000000002,0.008239000000000002,0.008239000000000002,0.008239000000000002,0.0,1,0.011836,0.011836,0.011836,0.011836,0.0,1,0.096476,0.103756,0.09912385000000001,0.098635,0.001637986119446682,20,8,256,64,4,standard_fused_topk,logit_topk,softmax_renorm,True,standalone_legacy,none,8,7168,2048,True,1,12,0.2857142857142857,0.1875,0.1875,0.171875,0.0,2.285218200133681,10.666666666666666,3.418295836120931,0.8411458333333333,uniform,0,vllm_fused,KERNEL_ONLY,BF16,generic,generic,method=fp8|act=dynamic|serialized=True|block=128x128
0.014958,0.014958,0.014958,0.014958,0.0,1,0.008519,0.008519,0.008519,0.008519,0.0,1,0.011676,0.011676,0.011676,0.011676,0.0,1,0.13331600000000002,0.137716,0.13449580000000003,0.13435550000000002,0.0009662733360700818,20,8,256,64,4,standard_fused_topk,logit_topk,softmax_renorm,True,standalone_legacy,none,8,7168,2048,True,1,16,0.2857142857142857,0.25,0.25,0.25,0.0,1.7320508075688772,4.0,4.000000001883263,0.75,uniform,1,vllm_fused,KERNEL_ONLY,BF16,generic,generic,method=fp8|act=dynamic|serialized=True|block=128x128
0.014598,0.014598,0.014598,0.014598,0.0,1,0.008279,0.008279,0.008279,0.008279,0.0,1,0.011756,0.011756,0.011756,0.011756,0.0,1,0.133276,0.13635500000000003,0.13480779999999998,0.13475600000000004,0.0008574945830732698,20,8,256,64,4,standard_fused_topk,logit_topk,softmax_renorm,True,standalone_legacy,none,8,7168,2048,True,1,17,0.2857142857142857,0.265625,0.265625,0.25,0.0,1.7909808644280387,7.529411764705882,3.9698157843104735,0.7637867647058822,uniform,2,vllm_fused,KERNEL_ONLY,BF16,generic,generic,method=fp8|act=dynamic|serialized=True|block=128x128
0.014518000000000001,0.014518000000000001,0.014518000000000001,0.014518000000000001,0.0,1,0.008599,0.008599,0.008599,0.008599,0.0,1,0.011635999999999999,0.011635999999999999,0.011635999999999999,0.011635999999999999,0.0,1,0.095356,0.09747600000000001,0.09607985,0.0959555,0.000649098858033197,20,7,256,64,4,standard_fused_topk,logit_topk,softmax_renorm,True,standalone_legacy,none,8,7168,2048,True,1,11,0.2857142857142857,0.171875,0.171875,0.15625,0.0,2.4240530229042516,11.636363636363637,3.277613438922465,0.8565340909090908,uniform,0,vllm_fused,KERNEL_ONLY,BF16,generic,generic,method=fp8|act=dynamic|serialized=True|block=128x128
0.014358000000000001,0.014358000000000001,0.014358000000000001,0.014358000000000001,0.0,1,0.008519,0.008519,0.008519,0.008519,0.0,1,0.011756,0.011756,0.011756,0.011756,0.0,1,0.119796,0.12407599999999999,0.12090385000000001,0.120616,0.0010482635773029596,20,7,256,64,4,standard_fused_topk,logit_topk,softmax_renorm,True,standalone_legacy,none,8,7168,2048,True,1,13,0.2857142857142857,0.203125,0.203125,0.203125,0.0,1.9806758753205744,4.923076923076923,3.7004397201337076,0.796875,uniform,1,vllm_fused,KERNEL_ONLY,BF16,generic,generic,method=fp8|act=dynamic|serialized=True|block=128x128
0.014758,0.014758,0.014758,0.014758,0.0,1,0.008319000000000002,0.008319000000000002,0.008319000000000002,0.008319000000000002,0.0,1,0.011756,0.011756,0.011756,0.011756,0.0,1,0.128395,0.134156,0.12997185,0.129496,0.0013723763796786954,20,7,256,64,4,standard_fused_topk,logit_topk,softmax_renorm,True,standalone_legacy,none,8,7168,2048,True,1,15,0.2857142857142857,0.234375,0.234375,0.234375,0.0,1.8073922282301278,4.266666666666667,3.9068905975281347,0.765625,uniform,2,vllm_fused,KERNEL_ONLY,BF16,generic,generic,method=fp8|act=dynamic|serialized=True|block=128x128
0.014558,0.014558,0.014558,0.014558,0.0,1,0.008239000000000002,0.008239000000000002,0.008239000000000002,0.008239000000000002,0.0,1,0.011796,0.011796,0.011796,0.011796,0.0,1,0.08727599999999999,0.09603600000000001,0.0893119,0.0890155,0.0016615532763050375,20,6,256,64,4,standard_fused_topk,logit_topk,softmax_renorm,True,standalone_legacy,none,8,7168,2048,True,1,10,0.2857142857142857,0.15625,0.15625,0.140625,0.0,2.584569596664017,12.8,3.121928097027764,0.871875,uniform,0,vllm_fused,KERNEL_ONLY,BF16,generic,generic,method=fp8|act=dynamic|serialized=True|block=128x128
0.015078,0.015078,0.015078,0.015078,0.0,1,0.008239000000000002,0.008239000000000002,0.008239000000000002,0.008239000000000002,0.0,1,0.011996000000000001,0.011996000000000001,0.011996000000000001,0.011996000000000001,0.0,1,0.094556,0.10087600000000001,0.09613185,0.095516,0.0016459686897082853,20,6,256,64,4,standard_fused_topk,logit_topk,softmax_renorm,True,standalone_legacy,none,8,7168,2048,True,1,10,0.2857142857142857,0.15625,0.15625,0.15625,0.0,2.32379000772445,6.4,3.3219280969903373,0.84375,uniform,1,vllm_fused,KERNEL_ONLY,BF16,generic,generic,method=fp8|act=dynamic|serialized=True|block=128x128
0.013798,0.013798,0.013798,0.013798,0.0,1,0.008239000000000002,0.008239000000000002,0.008239000000000002,0.008239000000000002,0.0,1,0.011756,0.011756,0.011756,0.011756,0.0,1,0.124676,0.131116,0.12658185,0.12641600000000003,0.0014188206114586859,20,6,256,64,4,standard_fused_topk,logit_topk,softmax_renorm,True,standalone_legacy,none,8,7168,2048,True,1,14,0.2857142857142857,0.21875,0.21875,0.21875,0.0,1.889822365046136,4.571428571428571,3.8073549240136684,0.78125,uniform,2,vllm_fused,KERNEL_ONLY,BF16,generic,generic,method=fp8|act=dynamic|serialized=True|block=128x128
0.006439,0.006439,0.006439,0.006439,0.0,1,0.008239000000000002,0.008239000000000002,0.008239000000000002,0.008239000000000002,0.0,1,0.011876,0.011876,0.011876,0.011876,0.0,1,0.086116,0.09107599999999999,0.08774784999999999,0.08727599999999999,0.0012776751259612092,20,5,256,64,4,standard_fused_topk,logit_topk,softmax_renorm,True,standalone_legacy,none,8,7168,2048,True,1,10,0.2857142857142857,0.15625,0.15625,0.140625,0.0,2.584569596664017,12.8,3.121928097027764,0.871875,uniform,0,vllm_fused,KERNEL_ONLY,BF16,generic,generic,method=fp8|act=dynamic|serialized=True|block=128x128
0.006559000000000001,0.006559000000000001,0.006559000000000001,0.006559000000000001,0.0,1,0.008478999999999999,0.008478999999999999,0.008478999999999999,0.008478999999999999,0.0,1,0.012516000000000001,0.012516000000000001,0.012516000000000001,0.012516000000000001,0.0,1,0.079516,0.083316,0.08150985000000001,0.0812755,0.0010439455577279885,20,5,256,64,4,standard_fused_topk,logit_topk,softmax_renorm,True,standalone_legacy,none,8,7168,2048,True,1,8,0.2857142857142857,0.125,0.125,0.125,0.0,2.6457513110645907,8.0,3.000000002177252,0.875,uniform,1,vllm_fused,KERNEL_ONLY,BF16,generic,generic,method=fp8|act=dynamic|serialized=True|block=128x128
0.006479,0.006479,0.006479,0.006479,0.0,1,0.008279,0.008279,0.008279,0.008279,0.0,1,0.011876,0.011876,0.011876,0.011876,0.0,1,0.103715,0.10907599999999999,0.10533984999999998,0.10513600000000001,0.0014213104261560855,20,5,256,64,4,standard_fused_topk,logit_topk,softmax_renorm,True,standalone_legacy,none,8,7168,2048,True,1,12,0.2857142857142857,0.1875,0.1875,0.1875,0.0,2.0816659994661326,5.333333333333333,3.5849625027504337,0.8125,uniform,2,vllm_fused,KERNEL_ONLY,BF16,generic,generic,method=fp8|act=dynamic|serialized=True|block=128x128
0.005759,0.005759,0.005759,0.005759,0.0,1,0.008199,0.008199,0.008199,0.008199,0.0,1,0.011876,0.011876,0.011876,0.011876,0.0,1,0.081356,0.085116,0.08323785,0.08307600000000001,0.0010009958678735887,20,4,256,64,4,standard_fused_topk,logit_topk,softmax_renorm,True,standalone_legacy,none,8,7168,2048,True,1,9,0.2857142857142857,0.140625,0.140625,0.125,0.0,2.7733297720774854,14.222222222222221,2.9477027813977017,0.8871527777777777,uniform,0,vllm_fused,KERNEL_ONLY,BF16,generic,generic,method=fp8|act=dynamic|serialized=True|block=128x128
0.005719,0.005719,0.005719,0.005719,0.0,1,0.008159000000000001,0.008159000000000001,0.008159000000000001,0.008159000000000001,0.0,1,0.011756,0.011756,0.011756,0.011756,0.0,1,0.070716,0.073556,0.07144595000000001,0.071396,0.0005466635596964535,20,4,256,64,4,standard_fused_topk,logit_topk,softmax_renorm,True,standalone_legacy,none,8,7168,2048,True,1,6,0.2857142857142857,0.09375,0.09375,0.09375,0.0,3.109126351029605,10.666666666666666,2.5849625029734153,0.90625,uniform,1,vllm_fused,KERNEL_ONLY,BF16,generic,generic,method=fp8|act=dynamic|serialized=True|block=128x128
0.005679,0.005679,0.005679,0.005679,0.0,1,0.008159000000000001,0.008159000000000001,0.008159000000000001,0.008159000000000001,0.0,1,0.011956000000000001,0.011956000000000001,0.011956000000000001,0.011956000000000001,0.0,1,0.086516,0.09223600000000001,0.08774984999999999,0.087356,0.0013310470793702269,20,4,256,64,4,standard_fused_topk,logit_topk,softmax_renorm,True,standalone_legacy,none,8,7168,2048,True,1,9,0.2857142857142857,0.140625,0.140625,0.140625,0.0,2.472066162365221,7.111111111111111,3.1699250035823447,0.859375,uniform,2,vllm_fused,KERNEL_ONLY,BF16,generic,generic,method=fp8|act=dynamic|serialized=True|block=128x128
0.005279,0.005279,0.005279,0.005279,0.0,1,0.008319000000000002,0.008319000000000002,0.008319000000000002,0.008319000000000002,0.0,1,0.012235999999999999,0.012235999999999999,0.012235999999999999,0.012235999999999999,0.0,1,0.077236,0.08247600000000001,0.07934995,0.07927599999999999,0.001116927682305352,20,3,256,64,4,standard_fused_topk,logit_topk,softmax_renorm,True,standalone_legacy,none,8,7168,2048,True,1,7,0.2857142857142857,0.109375,0.109375,0.109375,0.0,2.8535691936340255,9.142857142857142,2.8073549242722566,0.890625,uniform,0,vllm_fused,KERNEL_ONLY,BF16,generic,generic,method=fp8|act=dynamic|serialized=True|block=128x128
0.005439,0.005439,0.005439,0.005439,0.0,1,0.008319000000000002,0.008319000000000002,0.008319000000000002,0.008319000000000002,0.0,1,0.012356,0.012356,0.012356,0.012356,0.0,1,0.04859600000000001,0.049755,0.04915789999999999,0.049036,0.000351528789717143,20,3,256,64,4,standard_fused_topk,logit_topk,softmax_renorm,True,standalone_legacy,none,8,7168,2048,True,1,4,0.2857142857142857,0.0625,0.0625,0.0625,0.0,3.872983346207417,16.0,2.000000002328247,0.9375,uniform,1,vllm_fused,KERNEL_ONLY,BF16,generic,generic,method=fp8|act=dynamic|serialized=True|block=128x128
0.005319,0.005319,0.005319,0.005319,0.0,1,0.008239000000000002,0.008239000000000002,0.008239000000000002,0.008239000000000002,0.0,1,0.012315999999999999,0.012315999999999999,0.012315999999999999,0.012315999999999999,0.0,1,0.07431600000000001,0.077916,0.075122,0.074896,0.0008203682100130382,20,3,256,64,4,standard_fused_topk,logit_topk,softmax_renorm,True,standalone_legacy,none,8,7168,2048,True,1,7,0.2857142857142857,0.109375,0.109375,0.109375,0.0,2.8535691936340255,9.142857142857142,2.8073549242722566,0.890625,uniform,2,vllm_fused,KERNEL_ONLY,BF16,generic,generic,method=fp8|act=dynamic|serialized=True|block=128x128
0.005039,0.005039,0.005039,0.005039,0.0,1,0.008079000000000001,0.008079000000000001,0.008079000000000001,0.008079000000000001,0.0,1,0.011516,0.011516,0.011516,0.011516,0.0,1,0.050876,0.052275999999999996,0.051543950000000005,0.051516,0.00039657388655835613,20,2,256,64,4,standard_fused_topk,logit_topk,softmax_renorm,True,standalone_legacy,none,8,7168,2048,True,1,5,0.2857142857142857,0.078125,0.078125,0.078125,0.0,3.4351128074635335,12.8,2.3219280971774703,0.921875,uniform,0,vllm_fused,KERNEL_ONLY,BF16,generic,generic,method=fp8|act=dynamic|serialized=True|block=128x128
0.005039,0.005039,0.005039,0.005039,0.0,1,0.008199,0.008199,0.008199,0.008199,0.0,1,0.011956,0.011956,0.011956,0.011956,0.0,1,0.046676,0.052516,0.04740200000000001,0.047176,0.0012093155088726845,20,2,256,64,4,standard_fused_topk,logit_topk,softmax_renorm,True,standalone_legacy,none,8,7168,2048,True,1,2,0.2857142857142857,0.03125,0.03125,0.03125,0.0,5.5677643628300215,32.0,1.0000000024057438,0.96875,uniform,1,vllm_fused,KERNEL_ONLY,BF16,generic,generic,method=fp8|act=dynamic|serialized=True|block=128x128
0.007319,0.007319,0.007319,0.007319,0.0,1,0.007958999999999999,0.007958999999999999,0.007958999999999999,0.007958999999999999,0.0,1,0.011755999999999999,0.011755999999999999,0.011755999999999999,0.011755999999999999,0.0,1,0.068276,0.072595,0.0693199,0.069076,0.0009723337338589057,20,2,256,64,4,standard_fused_topk,logit_topk,softmax_renorm,True,standalone_legacy,none,8,7168,2048,True,1,6,0.2857142857142857,0.09375,0.09375,0.09375,0.0,3.109126351029605,10.666666666666666,2.5849625029734153,0.90625,uniform,2,vllm_fused,KERNEL_ONLY,BF16,generic,generic,method=fp8|act=dynamic|serialized=True|block=128x128
0.005079,0.005079,0.005079,0.005079,0.0,1,0.008519,0.008519,0.008519,0.008519,0.0,1,0.011836,0.011836,0.011836,0.011836,0.0,1,0.048196,0.049276,0.0486439,0.0486155,0.00030536157256603265,20,1,256,64,4,standard_fused_topk,logit_topk,softmax_renorm,True,standalone_legacy,none,8,7168,2048,True,1,3,0.2857142857142857,0.046875,0.046875,0.046875,0.0,4.509249752822894,21.333333333333332,1.5849625030879062,0.953125,uniform,0,vllm_fused,KERNEL_ONLY,BF16,generic,generic,method=fp8|act=dynamic|serialized=True|block=128x128
0.005039,0.005039,0.005039,0.005039,0.0,1,0.008638999999999999,0.008638999999999999,0.008638999999999999,0.008638999999999999,0.0,1,0.011596,0.011596,0.011596,0.011596,0.0,1,0.011156,0.012276,0.011658000000000002,0.011556,0.000441356998358472,20,1,256,64,4,standard_fused_topk,logit_topk,softmax_renorm,True,standalone_legacy,none,8,7168,2048,True,1,0,0.2857142857142857,0.0,0.0,0.0,0.0,0.0,0.0,0.0,0.0,uniform,1,vllm_fused,KERNEL_ONLY,BF16,generic,generic,method=fp8|act=dynamic|serialized=True|block=128x128
0.003359,0.003359,0.003359,0.003359,0.0,1,0.008599,0.008599,0.008599,0.008599,0.0,1,0.012075999999999998,0.012075999999999998,0.012075999999999998,0.012075999999999998,0.0,1,0.048996,0.053396,0.049567900000000005,0.049276,0.0009256578687614555,20,1,256,64,4,standard_fused_topk,logit_topk,softmax_renorm,True,standalone_legacy,none,8,7168,2048,True,1,4,0.2857142857142857,0.0625,0.0625,0.0625,0.0,3.872983346207417,16.0,2.000000002328247,0.9375,uniform,2,vllm_fused,KERNEL_ONLY,BF16,generic,generic,method=fp8|act=dynamic|serialized=True|block=128x128
