time_stats.emb.min,time_stats.emb.max,time_stats.emb.mean,time_stats.emb.median,time_stats.emb.std,time_stats.emb.count,time_stats.emb.warmup_count,time_stats.emb.samples,time_stats.input_layernorm.min,time_stats.input_layernorm.max,time_stats.input_layernorm.mean,time_stats.input_layernorm.median,time_stats.input_layernorm.std,time_stats.input_layernorm.count,time_stats.input_layernorm.warmup_count,time_stats.input_layernorm.samples,time_stats.attn_pre_proj.min,time_stats.attn_pre_proj.max,time_stats.attn_pre_proj.mean,time_stats.attn_pre_proj.median,time_stats.attn_pre_proj.std,time_stats.attn_pre_proj.count,time_stats.attn_pre_proj.warmup_count,time_stats.attn_pre_proj.samples,time_stats.attn_rope.min,time_stats.attn_rope.max,time_stats.attn_rope.mean,time_stats.attn_rope.median,time_stats.attn_rope.std,time_stats.attn_rope.count,time_stats.attn_rope.warmup_count,time_stats.attn_rope.samples,time_stats.attn_post_proj.min,time_stats.attn_post_proj.max,time_stats.attn_post_proj.mean,time_stats.attn_post_proj.median,time_stats.attn_post_proj.std,time_stats.attn_post_proj.count,time_stats.attn_post_proj.warmup_count,time_stats.attn_post_proj.samples,time_stats.post_attention_layernorm.min,time_stats.post_attention_layernorm.max,time_stats.post_attention_layernorm.mean,time_stats.post_attention_layernorm.median,time_stats.post_attention_layernorm.std,time_stats.post_attention_layernorm.count,time_stats.post_attention_layernorm.warmup_count,time_stats.post_attention_layernorm.samples,n_head,n_kv_head,n_embd,n_expanded_embd,vocab_size,use_gated_mlp,use_qk_norm,attn_output_gate,num_tokens,warmup_steps,active_steps,num_tensor_parallel_workers,padded_n_embd,padded_n_expanded_embd,model_arch,model_architecture_profile,share_expert_dim,share_q_dim,measurement_type,profiling_precision,quant_signature
0.009440000168979168,0.030519999563694,0.01490314002148807,0.015519999898970127,0.0041716488834704826,100.0,6.0,"[1.882154,0.03696,0.0938,0.0136,0.018839,0.01204,0.02524,0.02496,0.0186,0.01372,0.0166,0.01728,0.01732,0.01208,0.0156,0.01068,0.01556,0.0106,0.01632,0.01424,0.01572,0.01024,0.01836,0.010479,0.01624,0.01072,0.019,0.01044,0.01588,0.01076,0.01584,0.01028,0.01584,0.01044,0.016119,0.0106,0.0158,0.01068,0.015879,0.01032,0.015,0.0104,0.016759,0.01048,0.01828,0.01068,0.0158,0.01048,0.01532,0.01056,0.02848,0.03052,0.01728,0.01124,0.02816,0.00944,0.01704,0.0116,0.01748,0.01304,0.01752,0.0108,0.01696,0.0134,0.01748,0.01096,0.016,0.01112,0.01704,0.01064,0.01664,0.01312,0.01624,0.01116,0.01568,0.0104,0.01672,0.01364,0.01592,0.013719,0.017,0.01032,0.01808,0.01244,0.01688,0.01116,0.01672,0.01132,0.01484,0.01152,0.0156,0.01024,0.024,0.014,0.018439,0.01548,0.01792,0.01324,0.0182,0.01432,0.0164,0.01108,0.01976,0.01276,0.01616,0.0108]",0.014480000361800194,0.04027999937534332,0.018793579898774625,0.018039499409496784,0.0035768929466074824,50.0,3.0,"[36.980518,0.02888,0.01916,0.02868,0.01876,0.01876,0.018,0.01808,0.0182,0.01924,0.01796,0.01824,0.01812,0.01448,0.01776,0.0178,0.01784,0.01784,0.01844,0.01748,0.01852,0.01712,0.01824,0.01864,0.01936,0.04028,0.01828,0.01752,0.0182,0.02344,0.01852,0.01868,0.01796,0.01812,0.01732,0.018,0.01768,0.01728,0.0174,0.01728,0.01784,0.01788,0.01788,0.018,0.01756,0.0172,0.02048,0.0188,0.01788,0.01748,0.018079,0.01896,0.01812]",0.1273999959230423,0.2069990038871765,0.1358019804954529,0.13211999833583832,0.013943300390100073,50,3,"[195.130325,0.184839,0.1414,0.19744,0.139,0.137999,0.13564,0.145399,0.1346,0.13476,0.133079,0.1326,0.133199,0.13004,0.131879,0.13212,0.132479,0.13492,0.134199,0.13184,0.133119,0.13172,0.131159,0.13176,0.134119,0.206999,0.133719,0.13164,0.131999,0.13124,0.13104,0.134839,0.13236,0.131919,0.12964,0.13012,0.13444,0.1274,0.131199,0.1314,0.131639,0.13764,0.130439,0.13048,0.130079,0.1294,0.14236,0.1348,0.131679,0.13212,0.13064,0.133679,0.13212]",0.0745600014925003,0.11355999857187271,0.07700934037566184,0.07546000182628632,0.005895962944802207,50,3,"[33.9319,0.171839,0.07664,0.078239,0.076559,0.07608,0.082239,0.07656,0.075759,0.07608,0.07584,0.0756,0.07568,0.07552,0.07556,0.07536,0.07584,0.07592,0.0754,0.07512,0.0754,0.07492,0.07816,0.0752,0.09148,0.11356,0.07576,0.074599,0.0752,0.083039,0.07464,0.07552,0.075279,0.07848,0.074799,0.07496,0.074999,0.07456,0.07456,0.07704,0.075,0.0746,0.07556,0.075039,0.0772,0.077919,0.075039,0.07528,0.07484,0.074999,0.0752,0.07492,0.07536]",0.03731999918818474,0.1085600033402443,0.048027000054717064,0.042820001021027565,0.014138872148266757,50,3,"[0.467718,0.0826,0.0638,0.06868,0.04508,0.04604,0.0396,0.03904,0.03988,0.03896,0.03908,0.038839,0.0386,0.039439,0.03864,0.038599,0.042,0.038239,0.03828,0.038519,0.0384,0.039239,0.04636,0.05192,0.093639,0.068359,0.05412,0.06236,0.04264,0.06612,0.055199,0.05064,0.0378,0.04732,0.04168,0.04232,0.04932,0.03776,0.043,0.037839,0.03792,0.04336,0.04464,0.03732,0.03736,0.10856,0.06448,0.0616,0.04828,0.05024,0.04604,0.06168,0.04632]",0.012799999676644802,0.026920000091195107,0.013828739933669567,0.013259999919682741,0.0025343706901840993,50.0,3.0,"[0.06184,0.01352,0.01364,0.01344,0.01372,0.01372,0.01356,0.01348,0.01664,0.013479,0.01348,0.0136,0.01328,0.01332,0.01356,0.0134,0.01328,0.01324,0.01336,0.0142,0.01312,0.0134,0.01304,0.01348,0.02488,0.01316,0.0132,0.01304,0.01312,0.0132,0.01308,0.01304,0.01296,0.01328,0.01292,0.0136,0.01292,0.013079,0.01296,0.01296,0.01308,0.01284,0.01292,0.01396,0.013,0.02692,0.01296,0.0128,0.01284,0.01312,0.013519,0.01328,0.013]",32,4,2048,768,151936,True,True,False,1983,3,50,1,2048,768,generic,generic,,,CUDA_EVENT,BF16,none
0.009759999811649323,0.03708000108599663,0.014651580033823847,0.014280000235885382,0.005086933727463137,100.0,6.0,"[0.02868,0.01396,0.0204,0.01048,0.02156,0.01024,0.03708,0.0282,0.01776,0.01456,0.01656,0.01112,0.01812,0.01156,0.01708,0.01036,0.01032,0.0104,0.01552,0.01016,0.0156,0.01004,0.0166,0.01056,0.01508,0.01056,0.01752,0.01056,0.01656,0.01024,0.01624,0.01524,0.01572,0.01064,0.01604,0.01344,0.01568,0.0106,0.01648,0.01044,0.01532,0.0102,0.01496,0.01252,0.01612,0.01104,0.01648,0.01248,0.013639,0.01024,0.03536,0.025839,0.01756,0.01308,0.016,0.01112,0.0166,0.01144,0.01648,0.01064,0.01572,0.01064,0.01548,0.01196,0.01504,0.0104,0.01632,0.00976,0.01344,0.01056,0.01368,0.01056,0.01568,0.00988,0.01716,0.0126,0.01612,0.01044,0.01632,0.01028,0.01516,0.0102,0.0156,0.0108,0.02376,0.0106,0.01512,0.01064,0.01656,0.01044,0.01632,0.01016,0.02892,0.02888,0.0214,0.01028,0.0168,0.014,0.01696,0.01276,0.01644,0.01064,0.01348,0.01004,0.01636,0.01104]",0.017240000888705254,0.03139999881386757,0.0185368000715971,0.017920000478625298,0.002328317188870385,50.0,3.0,"[0.02588,0.01872,0.0178,0.0314,0.01772,0.01816,0.01784,0.018,0.01816,0.01764,0.01752,0.01796,0.01792,0.01808,0.01764,0.0188,0.0176,0.01788,0.01816,0.01812,0.01748,0.02036,0.01792,0.01776,0.01832,0.02396,0.01752,0.01792,0.01804,0.01816,0.01768,0.02356,0.0174,0.01724,0.0178,0.01728,0.01804,0.01916,0.018,0.01724,0.01772,0.01748,0.01824,0.01748,0.01788,0.018,0.02312,0.01776,0.0174,0.01884,0.01768,0.01784,0.01796]",0.12775899469852448,0.19312000274658203,0.13328353941440582,0.13049949705600739,0.011207570530288705,50,3,"[0.259279,0.136839,0.13048,0.15108,0.13416,0.132359,0.13236,0.130119,0.13,0.130359,0.129,0.129679,0.12904,0.129639,0.13484,0.131999,0.12976,0.131159,0.12948,0.128359,0.1304,0.127759,0.12804,0.128479,0.13216,0.17696,0.13236,0.131079,0.13552,0.130479,0.13084,0.131799,0.13096,0.130599,0.12852,0.128759,0.13128,0.130079,0.13016,0.130239,0.12856,0.134399,0.13104,0.128919,0.13404,0.128599,0.19312,0.133719,0.13092,0.131319,0.13052,0.129879,0.12928]",0.06592000275850296,0.2165990024805069,0.07181978017091752,0.06672000139951706,0.022788498894622467,50,3,"[0.095079,0.06672,0.069799,0.070879,0.0666,0.06652,0.06672,0.06632,0.06676,0.06672,0.06672,0.06644,0.0664,0.06712,0.06684,0.06604,0.06628,0.06636,0.067839,0.06604,0.06652,0.06644,0.06612,0.06748,0.114999,0.115959,0.06624,0.06652,0.06692,0.06592,0.06892,0.0668,0.066239,0.06616,0.066639,0.06684,0.068959,0.06676,0.065999,0.06688,0.06684,0.06608,0.0668,0.06676,0.06692,0.06892,0.216599,0.06956,0.06652,0.06632,0.066599,0.06684,0.066319]",0.03739999979734421,0.11975999921560287,0.052055839970707896,0.04851999878883362,0.015365304761481067,50,3,"[0.14956,0.06272,0.05508,0.06484,0.063919,0.0512,0.059639,0.05232,0.05168,0.0446,0.043839,0.0414,0.045839,0.0428,0.04232,0.04908,0.04492,0.05228,0.04072,0.04796,0.04524,0.04556,0.045199,0.04048,0.11976,0.06556,0.049999,0.0548,0.04272,0.05172,0.04628,0.05028,0.0516,0.05476,0.04164,0.04632,0.04372,0.0504,0.04104,0.04264,0.04496,0.0382,0.04524,0.0374,0.046919,0.115,0.072919,0.06412,0.05196,0.0608,0.0496,0.05648,0.05012]",0.012919999659061432,0.038279999047517776,0.013939199913293123,0.013159999623894691,0.003760546525702794,50.0,3.0,"[0.01304,0.01412,0.01304,0.0132,0.013,0.01368,0.01316,0.013,0.01324,0.013,0.0132,0.01316,0.01304,0.01304,0.01348,0.01312,0.013,0.01308,0.0132,0.01308,0.01312,0.01296,0.01316,0.01304,0.02312,0.01308,0.013,0.01328,0.01456,0.01308,0.01312,0.01292,0.01352,0.01296,0.01308,0.0132,0.01296,0.01324,0.01304,0.01316,0.013,0.01504,0.01332,0.01304,0.0132,0.03828,0.0136,0.01344,0.01352,0.01308,0.0132,0.01324,0.01372]",32,4,2048,768,151936,True,True,False,1975,3,50,1,2048,768,generic,generic,,,CUDA_EVENT,BF16,none
0.009879999794065952,0.03511999920010567,0.015148339997977019,0.014919999986886978,0.004853212530885788,100.0,6.0,"[1.602915,0.047919,0.07684,0.01364,0.018959,0.00996,0.03104,0.01752,0.01968,0.01444,0.01748,0.01104,0.01696,0.011879,0.01772,0.01008,0.01556,0.0104,0.01892,0.0106,0.01528,0.01004,0.01628,0.010399,0.01572,0.01048,0.01664,0.01092,0.01664,0.01056,0.01596,0.01028,0.0152,0.01032,0.0132,0.013,0.01564,0.010719,0.01684,0.01152,0.01648,0.01064,0.01636,0.01036,0.01592,0.01048,0.01892,0.011,0.01724,0.01008,0.03272,0.03512,0.020359,0.01356,0.0348,0.01636,0.01836,0.01336,0.0184,0.01352,0.01656,0.01292,0.01532,0.01336,0.01568,0.0114,0.01632,0.01316,0.01592,0.01052,0.01432,0.01072,0.01556,0.01428,0.01548,0.01316,0.0174,0.0104,0.01856,0.00988,0.01604,0.01044,0.01656,0.0104,0.0144,0.011,0.01756,0.0104,0.01712,0.01076,0.01548,0.010719,0.02484,0.01464,0.01944,0.01404,0.0176,0.01184,0.017279,0.01364,0.01688,0.01408,0.01968,0.01356,0.01876,0.01376]",0.016599999740719795,0.04456000030040741,0.019543180018663408,0.018799999728798866,0.003923584739482881,50.0,3.0,"[41.187344,0.02672,0.01888,0.04456,0.01904,0.01916,0.01876,0.01868,0.0188,0.0194,0.01928,0.019,0.01912,0.0188,0.0182,0.01964,0.01872,0.01888,0.01848,0.0166,0.01868,0.01776,0.0188,0.01944,0.01868,0.02924,0.02008,0.019159,0.01896,0.01932,0.01868,0.01984,0.0196,0.01912,0.01824,0.01796,0.01796,0.01856,0.01852,0.01836,0.01816,0.01816,0.01808,0.01864,0.01876,0.018,0.02136,0.01988,0.01828,0.019,0.01856,0.01928,0.01892]",0.13439899682998657,0.2513589859008789,0.14279469966888428,0.13804000616073608,0.021524080099675758,50,3,"[168.600739,0.173399,0.1416,0.251359,0.145919,0.14064,0.13892,0.139079,0.13744,0.138519,0.13564,0.13724,0.136479,0.1388,0.135119,0.13816,0.138359,0.140839,0.13728,0.135079,0.1362,0.137239,0.1356,0.141559,0.141159,0.243159,0.14276,0.13824,0.137159,0.1376,0.13704,0.139639,0.13792,0.13828,0.136119,0.1376,0.140039,0.13772,0.13716,0.134399,0.13548,0.135919,0.13604,0.136479,0.137679,0.1392,0.151119,0.141879,0.13956,0.13932,0.139279,0.139839,0.13648]",0.06272000074386597,0.20655900239944458,0.069378180205822,0.06351999938488007,0.021522660930489695,50,3,"[26.920719,0.149399,0.064,0.10128,0.06456,0.063879,0.0636,0.06364,0.065119,0.06336,0.063479,0.06292,0.06316,0.06348,0.0664,0.063479,0.0634,0.06364,0.06324,0.06324,0.06352,0.06312,0.066279,0.08984,0.10748,0.206559,0.0706,0.0706,0.06304,0.065399,0.06272,0.06328,0.063599,0.06604,0.06288,0.06336,0.06392,0.062919,0.06284,0.06468,0.06292,0.06316,0.063399,0.06372,0.06604,0.06664,0.07816,0.06388,0.063399,0.06304,0.06344,0.06304,0.06352]",0.04115999862551689,0.14079900085926056,0.06082615956664086,0.05811999924480915,0.019844230426894614,50,3,"[0.417879,0.0714,0.066759,0.07216,0.06572,0.0612,0.045399,0.04544,0.0532,0.0508,0.047,0.048279,0.04116,0.052,0.04588,0.04548,0.05396,0.048,0.045759,0.06072,0.04352,0.04872,0.04924,0.072439,0.140799,0.13588,0.06636,0.066319,0.06384,0.06472,0.065439,0.06296,0.0508,0.062599,0.05432,0.05684,0.06424,0.06168,0.050959,0.0594,0.0444,0.05,0.05168,0.04936,0.04504,0.115719,0.06792,0.06612,0.06588,0.065279,0.06444,0.06424,0.067999]",0.013559999875724316,0.05239899829030037,0.015579959973692895,0.013880000449717045,0.006390994480468416,50.0,3.0,"[0.05496,0.01396,0.01392,0.01388,0.01392,0.01372,0.01396,0.01412,0.01468,0.01372,0.014,0.01376,0.01552,0.01376,0.01364,0.01388,0.0176,0.01388,0.01904,0.01376,0.01396,0.01408,0.01364,0.01432,0.02488,0.052399,0.01404,0.01364,0.01364,0.014,0.01396,0.01388,0.01492,0.014,0.0138,0.01384,0.01372,0.01372,0.01364,0.01368,0.0138,0.01464,0.01372,0.01388,0.01384,0.037,0.014039,0.01484,0.01384,0.01384,0.01356,0.0136,0.0138]",32,4,2048,768,151936,True,True,False,1984,3,50,1,2048,768,generic,generic,,,CUDA_EVENT,BF16,none
0.009200000204145908,0.03968000039458275,0.014515970023348928,0.014800000004470348,0.004901761046792351,100.0,6.0,"[0.02776,0.01504,0.02036,0.011,0.01684,0.01044,0.0228,0.02432,0.01744,0.0112,0.01708,0.01116,0.0148,0.01144,0.01688,0.0102,0.015,0.01064,0.01632,0.01032,0.016999,0.00972,0.01352,0.00968,0.0148,0.01016,0.01584,0.0102,0.01548,0.0098,0.01336,0.01284,0.01528,0.0106,0.01508,0.01044,0.01608,0.010359,0.01644,0.01068,0.01768,0.01056,0.01668,0.0116,0.0176,0.01024,0.0156,0.01028,0.01704,0.01,0.0334,0.02756,0.01736,0.01176,0.01836,0.01108,0.01716,0.01192,0.01772,0.0168,0.01648,0.01072,0.01664,0.01212,0.01668,0.01056,0.01548,0.012,0.016,0.01252,0.01492,0.0098,0.01452,0.01044,0.01732,0.01016,0.016,0.01104,0.01496,0.01072,0.01596,0.0122,0.01704,0.01036,0.01608,0.0092,0.01652,0.01072,0.01584,0.00992,0.01704,0.01036,0.03968,0.02848,0.01696,0.015,0.01708,0.011,0.01404,0.00972,0.01648,0.0106,0.01708,0.00992,0.01716,0.010719]",0.01432000007480383,0.03743999823927879,0.01869588004425168,0.01781999971717596,0.0035539405989677654,50.0,3.0,"[0.024079,0.01868,0.01916,0.03744,0.01808,0.01768,0.01432,0.0178,0.01732,0.01768,0.018,0.01748,0.01672,0.0174,0.016959,0.01768,0.01744,0.01772,0.01756,0.0184,0.01796,0.01788,0.017799,0.01724,0.0172,0.02932,0.0182,0.0182,0.01764,0.01816,0.01828,0.01788,0.01832,0.02152,0.017999,0.01784,0.01776,0.019,0.017719,0.01776,0.01776,0.0178,0.01848,0.01788,0.01728,0.01772,0.028519,0.01784,0.018,0.01984,0.018799,0.01748,0.01804]",0.12451999634504318,0.19767899811267853,0.13473719909787177,0.13081999868154526,0.014541824302028997,50,3,"[0.25504,0.1372,0.128839,0.1698,0.14016,0.133279,0.13132,0.131359,0.1316,0.129879,0.12452,0.133359,0.13284,0.128839,0.15856,0.131919,0.13112,0.134399,0.1288,0.128199,0.12944,0.1288,0.12828,0.12864,0.131439,0.197679,0.132119,0.1332,0.129839,0.13092,0.129439,0.13512,0.131279,0.1284,0.13156,0.13084,0.130759,0.12748,0.12948,0.1298,0.128999,0.12904,0.130359,0.13008,0.131039,0.12944,0.19652,0.1336,0.132759,0.13036,0.1308,0.129519,0.12988]",0.06827999651432037,0.17955900728702545,0.07301409989595413,0.06899899989366531,0.01732767009471357,50,3,"[0.088479,0.06944,0.06904,0.068679,0.06924,0.06888,0.06904,0.06852,0.06888,0.0692,0.06896,0.06932,0.06896,0.06924,0.06928,0.06896,0.06868,0.07188,0.06924,0.06848,0.06924,0.068999,0.06836,0.069159,0.08548,0.12572,0.06916,0.06864,0.07716,0.068879,0.06828,0.068759,0.06916,0.068719,0.06888,0.069279,0.06896,0.068999,0.06876,0.072279,0.06872,0.068959,0.06908,0.068599,0.06828,0.071319,0.179559,0.069479,0.06924,0.069039,0.07236,0.06892,0.06884]",0.03739999979734421,0.1170400008559227,0.04909265995025635,0.04481999948620796,0.014948278476869834,50,3,"[0.1496,0.06324,0.05424,0.06456,0.057399,0.04236,0.052279,0.04412,0.042,0.0378,0.037999,0.03768,0.03756,0.03808,0.045759,0.04424,0.037999,0.04164,0.03852,0.04816,0.0384,0.04736,0.03772,0.03744,0.103679,0.066399,0.0556,0.05692,0.04284,0.04952,0.04544,0.05152,0.04476,0.057,0.04212,0.04872,0.04368,0.04108,0.03788,0.0374,0.04156,0.04064,0.0424,0.0458,0.04708,0.11704,0.06692,0.06308,0.05148,0.05676,0.04488,0.05664,0.04672]",0.012799999676644802,0.033720001578330994,0.013819959983229636,0.013039999641478062,0.0030771344707239477,50.0,3.0,"[0.01336,0.013279,0.01328,0.01804,0.0132,0.01528,0.01308,0.01316,0.01308,0.01336,0.01308,0.01316,0.01356,0.01288,0.01452,0.01312,0.01592,0.01304,0.013039,0.01308,0.01288,0.01308,0.01296,0.01324,0.03372,0.01296,0.01352,0.013,0.0128,0.01296,0.01304,0.01304,0.01292,0.0132,0.01304,0.01296,0.01292,0.013,0.01292,0.01292,0.01304,0.01292,0.013,0.0136,0.01292,0.01888,0.01296,0.01348,0.013,0.01284,0.012919,0.01288,0.01288]",32,4,2048,768,151936,True,True,False,1967,3,50,1,2048,768,generic,generic,,,CUDA_EVENT,BF16,none
0.009600000455975533,0.03699899837374687,0.015036779986694455,0.015060000121593475,0.004895185461392412,100.0,6.0,"[1.701194,0.03584,0.06488,0.01172,0.01812,0.01108,0.02928,0.0256,0.01884,0.0128,0.01764,0.01108,0.01724,0.01172,0.01596,0.0106,0.01608,0.01052,0.01604,0.01376,0.01648,0.01044,0.01652,0.01008,0.02236,0.01056,0.01592,0.01056,0.01532,0.01,0.01616,0.01212,0.01364,0.0096,0.01628,0.01072,0.01624,0.01068,0.01616,0.01304,0.01804,0.01036,0.017,0.01,0.0166,0.011,0.01692,0.0106,0.0162,0.01064,0.03544,0.036999,0.01872,0.01128,0.02936,0.0142,0.01712,0.01124,0.01632,0.01108,0.01676,0.01116,0.01712,0.01276,0.01612,0.01088,0.01624,0.01072,0.01752,0.01188,0.01664,0.01248,0.01668,0.01288,0.016,0.01064,0.01536,0.01264,0.01624,0.01052,0.01716,0.01112,0.01608,0.01076,0.0172,0.010519,0.01624,0.01036,0.0148,0.01312,0.01644,0.01064,0.02368,0.01428,0.01912,0.01352,0.01736,0.0118,0.01792,0.01308,0.01628,0.011,0.0186,0.01432,0.0168,0.01108]",0.015080000273883343,0.026159999892115593,0.019245500024408103,0.018719999119639397,0.0018721522172447356,50.0,3.0,"[39.835983,0.02604,0.01928,0.02616,0.01912,0.01896,0.01888,0.01872,0.018279,0.01936,0.01932,0.018599,0.01876,0.01868,0.01952,0.01808,0.01796,0.01848,0.01868,0.018679,0.01868,0.019,0.01888,0.01856,0.01836,0.02524,0.01952,0.02472,0.0192,0.02376,0.01872,0.01804,0.0186,0.01848,0.018719,0.01888,0.01816,0.01928,0.01872,0.01792,0.01944,0.01852,0.0188,0.0184,0.01508,0.0184,0.021,0.0208,0.01892,0.018919,0.01848,0.0192,0.01864]",0.12763899564743042,0.18024000525474548,0.1367636001110077,0.1344195008277893,0.008988861072919827,50,3,"[170.366623,0.165519,0.150399,0.17656,0.143,0.13736,0.136639,0.13896,0.1344,0.136799,0.13396,0.13896,0.135759,0.1344,0.140039,0.134399,0.13308,0.133799,0.13488,0.13344,0.133639,0.13252,0.132479,0.137239,0.13728,0.18024,0.137,0.13432,0.133879,0.127639,0.13312,0.135799,0.134519,0.13524,0.13424,0.134439,0.13652,0.1368,0.133599,0.13116,0.132599,0.1312,0.13192,0.131759,0.13192,0.13324,0.145079,0.136319,0.134,0.1352,0.134159,0.13468,0.138]",0.06907899677753448,0.1019589975476265,0.07126926004886627,0.0697999969124794,0.005840320912786892,50,3,"[26.166121,0.13308,0.09412,0.073879,0.070639,0.07072,0.07,0.070519,0.07,0.07008,0.069239,0.06988,0.07024,0.069279,0.06976,0.06996,0.0694,0.06968,0.069799,0.06984,0.06932,0.069399,0.07212,0.0698,0.096599,0.101959,0.070159,0.0698,0.06952,0.06936,0.06976,0.07016,0.06916,0.073039,0.06956,0.06936,0.069359,0.06948,0.07008,0.069079,0.06988,0.069319,0.06964,0.06932,0.072359,0.07176,0.0732,0.06984,0.069279,0.06968,0.06972,0.069559,0.06992]",0.03819999843835831,0.10831999778747559,0.051854999959468843,0.05025999993085861,0.012758612073432478,50,3,"[0.375119,0.074999,0.069439,0.06724,0.05612,0.052799,0.03976,0.039,0.049199,0.03888,0.04492,0.03964,0.03876,0.04664,0.04196,0.03856,0.058759,0.03848,0.05712,0.050879,0.04784,0.0382,0.05112,0.0622,0.10832,0.06768,0.05584,0.060879,0.0508,0.04692,0.05444,0.0466,0.04972,0.0448,0.053639,0.03836,0.05644,0.04568,0.0442,0.04452,0.04212,0.04508,0.058759,0.04148,0.04296,0.087479,0.06616,0.06348,0.0526,0.059279,0.05108,0.06244,0.052919]",0.013159000314772129,0.03220000118017197,0.014255959950387477,0.013439999893307686,0.003120960242086903,50.0,3.0,"[0.04896,0.01432,0.01384,0.01368,0.01432,0.01368,0.0138,0.01364,0.01336,0.01344,0.0134,0.014359,0.01472,0.01356,0.01352,0.0136,0.0136,0.01356,0.01336,0.01356,0.01336,0.0134,0.01328,0.0134,0.02548,0.01336,0.01344,0.01332,0.01356,0.01352,0.0134,0.01332,0.01324,0.01356,0.01328,0.01336,0.01324,0.013159,0.0134,0.01328,0.01328,0.01704,0.01416,0.01576,0.01324,0.0322,0.01356,0.0134,0.01412,0.01336,0.01344,0.0134,0.01332]",32,4,2048,768,151936,True,True,False,1980,3,50,1,2048,768,generic,generic,,,CUDA_EVENT,BF16,none
0.009159999899566174,0.041839998215436935,0.015093189980834722,0.013699999544769526,0.005342073634188118,100.0,6.0,"[0.025719,0.0162,0.02032,0.0104,0.01712,0.00992,0.0272,0.02472,0.0182,0.013999,0.01652,0.01104,0.01188,0.01156,0.01724,0.01128,0.01388,0.01108,0.01624,0.01168,0.01348,0.0098,0.01352,0.01288,0.0136,0.00916,0.01764,0.01168,0.01612,0.01348,0.01688,0.01116,0.01564,0.011,0.01356,0.0128,0.0156,0.01052,0.017,0.01056,0.01464,0.00988,0.0152,0.01208,0.01376,0.0104,0.01304,0.01048,0.0136,0.01072,0.02776,0.02344,0.02248,0.0138,0.0168,0.01632,0.01748,0.0124,0.02092,0.01004,0.01636,0.01364,0.01616,0.01332,0.01588,0.01176,0.01632,0.01192,0.01604,0.0128,0.01708,0.01536,0.0162,0.01052,0.01656,0.01036,0.01596,0.01324,0.01348,0.01244,0.01616,0.01072,0.015,0.0106,0.01692,0.01032,0.01508,0.01004,0.01312,0.01028,0.01568,0.01016,0.0396,0.02564,0.04184,0.02616,0.01644,0.01088,0.01652,0.01364,0.01956,0.01188,0.01648,0.01288,0.01544,0.01504]",0.014720000326633453,0.04360000044107437,0.020231119953095913,0.01862000022083521,0.00502541988945704,50.0,3.0,"[0.02592,0.01996,0.019199,0.03508,0.02052,0.01932,0.01752,0.0192,0.01492,0.01824,0.01816,0.01808,0.01848,0.01912,0.02048,0.01828,0.01836,0.01836,0.01816,0.02496,0.01832,0.018559,0.01796,0.0188,0.01856,0.0328,0.02016,0.01472,0.01928,0.022519,0.01868,0.01896,0.01904,0.02044,0.01872,0.01788,0.01868,0.01988,0.01796,0.01864,0.01808,0.01844,0.01884,0.01832,0.0238,0.018,0.031439,0.0436,0.019,0.01848,0.018559,0.0186,0.0186]",0.13312000036239624,0.2414799928665161,0.14247871965169906,0.13683950155973434,0.01901246766443665,50,3,"[0.272479,0.1452,0.1408,0.24148,0.1418,0.139079,0.1374,0.136199,0.136399,0.1374,0.136159,0.13564,0.139999,0.13716,0.14888,0.137919,0.1432,0.136519,0.13512,0.135399,0.1344,0.13552,0.133239,0.13476,0.140759,0.188479,0.141919,0.138319,0.13628,0.13312,0.136639,0.13816,0.13848,0.136879,0.13956,0.137399,0.136119,0.13492,0.136639,0.13572,0.136999,0.13688,0.135719,0.1378,0.136359,0.13484,0.18288,0.196679,0.138359,0.13572,0.13644,0.135399,0.1368]",0.06676000356674194,0.22159899771213531,0.07558053985238075,0.06761949881911278,0.029742108511617602,50,3,"[0.08732,0.068359,0.07132,0.076479,0.06756,0.06768,0.067799,0.06748,0.06776,0.06764,0.06748,0.06756,0.0686,0.067639,0.06872,0.06732,0.06732,0.0678,0.067879,0.0672,0.067559,0.0678,0.06684,0.06752,0.11164,0.21204,0.06732,0.06728,0.067599,0.06696,0.06732,0.089319,0.06688,0.06676,0.067159,0.0678,0.0696,0.06808,0.06724,0.06828,0.06828,0.067359,0.06756,0.070479,0.0676,0.070439,0.221599,0.08532,0.0696,0.067279,0.06752,0.06772,0.06736]",0.03988000005483627,0.12272000312805176,0.05627342008054256,0.05115950107574463,0.01772140533099413,50,3,"[0.150919,0.06612,0.0414,0.06856,0.065839,0.04968,0.05548,0.04956,0.05532,0.042799,0.04496,0.043,0.03988,0.05032,0.040279,0.04676,0.04068,0.04524,0.0402,0.04652,0.04636,0.05112,0.04256,0.051199,0.119519,0.12272,0.06644,0.06636,0.06448,0.064279,0.05616,0.0658,0.053359,0.06096,0.05284,0.05664,0.04624,0.040999,0.04424,0.04556,0.04004,0.0408,0.0448,0.04004,0.03992,0.07968,0.094639,0.06932,0.0652,0.06672,0.06428,0.06468,0.06064]",0.013438999652862549,0.040800001472234726,0.015176739878952503,0.01372000016272068,0.00495399962276561,50.0,3.0,"[0.01436,0.01392,0.014639,0.01392,0.01372,0.01372,0.0138,0.01364,0.01364,0.0136,0.01476,0.01356,0.01364,0.01396,0.01352,0.01384,0.01364,0.01352,0.014,0.01348,0.01364,0.013679,0.01364,0.0138,0.02708,0.02624,0.013439,0.01376,0.01392,0.01364,0.0136,0.01364,0.01364,0.01372,0.0136,0.01376,0.01372,0.01376,0.01376,0.01352,0.01376,0.0136,0.01356,0.01344,0.01408,0.0408,0.0294,0.017799,0.01376,0.01396,0.01356,0.014,0.0136]",32,4,2048,768,151936,True,True,False,1976,3,50,1,2048,768,generic,generic,,,CUDA_EVENT,BF16,none
0.009680000133812428,0.05939999967813492,0.014771960033103824,0.014479999896138906,0.006066148595041,100.0,6.0,"[0.03444,0.01376,0.01928,0.01068,0.01724,0.01032,0.0266,0.02736,0.01864,0.01352,0.01544,0.01068,0.01632,0.0116,0.02208,0.0106,0.016,0.01044,0.01708,0.00992,0.01564,0.01044,0.01484,0.011879,0.01356,0.0098,0.00968,0.01008,0.01452,0.01024,0.01608,0.01064,0.01624,0.010199,0.01576,0.00996,0.01608,0.01064,0.01688,0.01064,0.02056,0.00988,0.01552,0.01116,0.01508,0.01064,0.01512,0.01048,0.01604,0.01004,0.0326,0.02192,0.0182,0.0132,0.01812,0.01068,0.0166,0.01112,0.01616,0.01296,0.01688,0.0124,0.01668,0.01152,0.01612,0.01004,0.01764,0.01112,0.01716,0.01036,0.01676,0.00984,0.01412,0.01044,0.01604,0.01256,0.0152,0.01772,0.0158,0.010559,0.01444,0.01044,0.01604,0.01104,0.0166,0.01052,0.0594,0.01464,0.01772,0.01176,0.0196,0.00968,0.02056,0.01436,0.0176,0.01032,0.016879,0.0108,0.01628,0.01044,0.01508,0.01348,0.01592,0.00984,0.01492,0.01372]",0.014879999682307243,0.02783999964594841,0.01904319994151592,0.018360000103712082,0.0024907102360939293,50.0,3.0,"[0.026479,0.01944,0.01832,0.0274,0.01936,0.01888,0.01864,0.01872,0.01812,0.01824,0.01784,0.0186,0.01812,0.01816,0.01812,0.0158,0.01836,0.01812,0.0182,0.01812,0.01832,0.01812,0.01816,0.01836,0.01488,0.02784,0.01868,0.01836,0.01852,0.01856,0.01832,0.01972,0.018,0.01876,0.01812,0.01832,0.01864,0.01784,0.02016,0.01852,0.0178,0.01792,0.01808,0.02052,0.01804,0.01868,0.0256,0.01848,0.02708,0.01868,0.0186,0.01836,0.01932]",0.12996000051498413,0.180758997797966,0.13608424007892608,0.13325999677181244,0.009411336574059488,50,3,"[0.26076,0.14624,0.134599,0.169399,0.135919,0.13412,0.13368,0.137199,0.13316,0.138199,0.131119,0.12996,0.132239,0.13136,0.135639,0.13132,0.13236,0.132919,0.13124,0.135359,0.1324,0.1316,0.137199,0.13072,0.135119,0.180759,0.136319,0.132159,0.13336,0.131719,0.132,0.13148,0.134319,0.13372,0.13224,0.131279,0.13316,0.132239,0.134599,0.1318,0.132559,0.13048,0.132079,0.156399,0.136919,0.137439,0.155839,0.134119,0.13472,0.134559,0.13872,0.13308,0.133919]",0.06471999734640121,0.39211899042129517,0.07629505962133408,0.06557999923825264,0.04727510942871754,50,3,"[0.089919,0.066,0.06824,0.06936,0.0658,0.064959,0.06816,0.06536,0.072759,0.06484,0.06548,0.0658,0.06472,0.06568,0.06492,0.06568,0.06532,0.06664,0.065559,0.06508,0.06564,0.07096,0.06524,0.06548,0.10632,0.1304,0.06504,0.06516,0.06516,0.06532,0.06572,0.06492,0.06564,0.065359,0.0654,0.06548,0.068119,0.06808,0.06528,0.06576,0.0648,0.0656,0.392119,0.13452,0.0654,0.06788,0.07492,0.07128,0.06592,0.06584,0.064999,0.06556,0.06532]",0.038279999047517776,0.26875901222229004,0.05512614041566849,0.04677950032055378,0.03241934762318097,50,3,"[0.15232,0.0652,0.04468,0.06496,0.05624,0.05424,0.046119,0.04672,0.03828,0.04516,0.04196,0.047879,0.04396,0.04692,0.04364,0.04524,0.044399,0.04296,0.04384,0.043,0.04328,0.038799,0.04556,0.04256,0.095639,0.066839,0.0588,0.0626,0.05468,0.05744,0.04988,0.048479,0.0498,0.04492,0.047399,0.04676,0.0456,0.0412,0.04128,0.043599,0.04932,0.03832,0.268759,0.06748,0.065359,0.07808,0.06604,0.0436,0.049479,0.04496,0.06408,0.046799,0.0534]",0.013039999641478062,0.047240000218153,0.014582399874925614,0.01336000021547079,0.005322502658352639,50.0,3.0,"[0.01356,0.01356,0.0134,0.01328,0.01324,0.01336,0.01412,0.01328,0.0134,0.0134,0.01308,0.0134,0.01332,0.0132,0.01372,0.01328,0.01336,0.01304,0.0134,0.01316,0.01312,0.0132,0.01312,0.01328,0.03076,0.01308,0.01328,0.01352,0.01328,0.01316,0.0134,0.01336,0.01336,0.01324,0.01364,0.0134,0.01352,0.01352,0.01312,0.01328,0.01344,0.01336,0.04724,0.01856,0.01424,0.01328,0.01344,0.0134,0.01332,0.01388,0.01328,0.01644,0.01456]",32,4,2048,768,151936,True,True,False,1972,3,50,1,2048,768,generic,generic,,,CUDA_EVENT,BF16,none
0.009239999577403069,0.027799999341368675,0.014491969952359796,0.015119999647140503,0.003897585404672885,100.0,6.0,"[1.429755,0.03608,0.0858,0.014,0.018799,0.01068,0.02516,0.02068,0.01864,0.01352,0.01336,0.01108,0.01676,0.01256,0.01612,0.01152,0.01604,0.00988,0.01656,0.01088,0.01624,0.01056,0.0158,0.01032,0.01572,0.01056,0.01584,0.01372,0.01752,0.01056,0.0158,0.01072,0.01596,0.01104,0.0166,0.00932,0.01692,0.01436,0.01676,0.01032,0.01856,0.01052,0.01692,0.0104,0.01524,0.01048,0.01624,0.010319,0.01596,0.01112,0.02716,0.02736,0.01752,0.01144,0.0278,0.00956,0.01804,0.01104,0.0168,0.0144,0.01712,0.01108,0.01584,0.01004,0.0154,0.01116,0.01628,0.01168,0.01704,0.01028,0.01608,0.013,0.015519,0.01268,0.01576,0.01056,0.01644,0.01228,0.015,0.01044,0.01616,0.01052,0.016599,0.00984,0.01684,0.01028,0.01528,0.0106,0.0142,0.00924,0.01624,0.01052,0.0226,0.01432,0.01696,0.0162,0.01756,0.01196,0.0166,0.0138,0.016,0.01068,0.01876,0.01212,0.01644,0.01092]",0.017000000923871994,0.024720000103116035,0.018443139977753164,0.018079999834299088,0.0014949702092037695,50.0,3.0,"[35.623798,0.02836,0.01928,0.02472,0.01824,0.01876,0.0186,0.01804,0.018079,0.0206,0.01836,0.01796,0.01772,0.0182,0.01808,0.0178,0.01808,0.01732,0.01796,0.0176,0.01836,0.01776,0.018,0.0178,0.01776,0.02472,0.01808,0.01832,0.0188,0.01828,0.01868,0.018919,0.018,0.01796,0.01752,0.01812,0.01708,0.0178,0.01792,0.01764,0.01844,0.01736,0.01724,0.01768,0.017,0.0178,0.02176,0.01868,0.018279,0.01832,0.01852,0.0192,0.01824]",0.13172000646591187,0.186039000749588,0.13699716031551362,0.13481950014829636,0.009050613063990506,50,3,"[170.181137,0.179079,0.14196,0.17168,0.1412,0.138519,0.136879,0.13728,0.13652,0.134879,0.13504,0.135079,0.13388,0.13568,0.137879,0.13428,0.137039,0.13368,0.13528,0.133759,0.13416,0.132639,0.14004,0.13476,0.136519,0.186039,0.135359,0.13352,0.1334,0.132999,0.1336,0.13388,0.133079,0.13408,0.136799,0.132159,0.13452,0.133639,0.134,0.13236,0.134359,0.13248,0.140599,0.13172,0.132159,0.13576,0.146079,0.13696,0.135,0.134999,0.13444,0.1366,0.132599]",0.06983999907970428,0.14215999841690063,0.07318847984075547,0.07099999859929085,0.010132823016114829,50,3,"[26.464527,0.153599,0.0724,0.075759,0.071759,0.0722,0.07128,0.079999,0.07192,0.07112,0.070679,0.07144,0.071279,0.07132,0.07096,0.070919,0.07068,0.07116,0.07084,0.07328,0.070799,0.07104,0.072799,0.0706,0.14216,0.08368,0.07056,0.070839,0.06984,0.07104,0.070479,0.07116,0.0706,0.073559,0.07092,0.07068,0.07076,0.07052,0.070879,0.07052,0.07068,0.07368,0.07036,0.070919,0.07404,0.073279,0.07112,0.071719,0.07032,0.07092,0.071119,0.07036,0.07088]",0.03779900074005127,0.092399001121521,0.04769179992377758,0.04430000111460686,0.011324899362674194,50,3,"[0.435998,0.07092,0.057,0.0678,0.0558,0.059919,0.03952,0.06612,0.04644,0.04716,0.03916,0.03896,0.03896,0.047559,0.0388,0.03836,0.04316,0.03828,0.038599,0.03848,0.03828,0.03856,0.04524,0.064719,0.092399,0.06684,0.04952,0.06272,0.050479,0.05224,0.05432,0.052239,0.04136,0.0502,0.03872,0.03996,0.047559,0.0384,0.03824,0.03976,0.03848,0.037799,0.04124,0.0386,0.03808,0.06152,0.06492,0.04676,0.04388,0.04472,0.05932,0.046039,0.0384]",0.012839999981224537,0.02435999922454357,0.013787979912012815,0.013120000250637531,0.0022572437738933725,50.0,3.0,"[0.05776,0.01344,0.01356,0.01352,0.01416,0.01336,0.01716,0.01324,0.0134,0.01336,0.01332,0.01312,0.01316,0.01316,0.01304,0.01308,0.01308,0.01304,0.01312,0.013,0.01304,0.01296,0.01312,0.01372,0.02312,0.013039,0.01292,0.01416,0.01296,0.01284,0.01296,0.01304,0.01312,0.01292,0.013,0.01312,0.01308,0.01292,0.01284,0.01304,0.01292,0.01376,0.01308,0.01864,0.01312,0.02436,0.01328,0.01324,0.0132,0.013,0.01304,0.01336,0.01316]",32,4,2048,768,151936,True,True,False,1982,3,50,1,2048,768,generic,generic,,,CUDA_EVENT,BF16,none
0.009800000116229057,0.038600001484155655,0.01508950999006629,0.013579999562352896,0.005206001369838669,100.0,6.0,"[0.02936,0.01476,0.01964,0.0124,0.01644,0.01096,0.023158,0.02388,0.01972,0.01452,0.01604,0.01144,0.01688,0.012359,0.01556,0.0124,0.01596,0.01316,0.01684,0.01004,0.01428,0.01056,0.01324,0.01316,0.01384,0.01028,0.0156,0.01064,0.01324,0.0098,0.0166,0.01296,0.01584,0.0134,0.01548,0.013,0.01976,0.01232,0.01364,0.0098,0.01568,0.010599,0.0154,0.01292,0.01288,0.0112,0.01632,0.01056,0.01488,0.01252,0.03764,0.02528,0.01944,0.01492,0.01744,0.01208,0.01704,0.01336,0.01696,0.01328,0.015799,0.01304,0.01656,0.01308,0.0156,0.01056,0.016439,0.01292,0.0164,0.01116,0.01604,0.01024,0.016239,0.01024,0.01544,0.01224,0.01728,0.01056,0.01524,0.010599,0.01388,0.01096,0.01352,0.01104,0.01584,0.01212,0.01616,0.0112,0.01336,0.011,0.01652,0.00988,0.03232,0.03204,0.0386,0.02436,0.01836,0.01204,0.017,0.01112,0.016399,0.0118,0.01184,0.01348,0.01644,0.0122]",0.014919999986886978,0.04303999990224838,0.019854359850287436,0.018579999916255474,0.004912183006937987,50.0,3.0,"[0.02568,0.01984,0.019,0.03576,0.01912,0.0188,0.01848,0.01892,0.01844,0.018559,0.01948,0.01836,0.01824,0.01868,0.0184,0.01884,0.01876,0.01836,0.02052,0.01848,0.0186,0.01824,0.0186,0.01904,0.01756,0.02636,0.01988,0.019039,0.01844,0.01856,0.0188,0.01804,0.01808,0.01872,0.0186,0.01956,0.01804,0.01856,0.01836,0.018,0.01816,0.0188,0.01796,0.01848,0.018,0.01684,0.03604,0.04304,0.01896,0.01832,0.01904,0.01492,0.01888]",0.12939900159835815,0.21415899693965912,0.14268106013536452,0.13703900575637817,0.017720810407970477,50,3,"[0.267559,0.144639,0.1412,0.205599,0.141559,0.13956,0.13824,0.137719,0.13584,0.13852,0.135719,0.1408,0.136519,0.135319,0.17124,0.137119,0.146439,0.13676,0.137199,0.13596,0.13588,0.136879,0.1332,0.135439,0.138919,0.199559,0.14128,0.13616,0.137039,0.1366,0.13604,0.137519,0.137519,0.1392,0.137079,0.137039,0.1356,0.138319,0.1334,0.14172,0.135679,0.13556,0.13684,0.136199,0.13392,0.129399,0.214159,0.172599,0.137319,0.13812,0.1368,0.136599,0.136359]",0.06483999639749527,0.22379900515079498,0.07401821985840798,0.0655600018799305,0.030146543996736403,50,3,"[0.0906,0.06672,0.065879,0.10876,0.0662,0.066039,0.06596,0.06608,0.065359,0.06576,0.0654,0.065679,0.0652,0.07144,0.065039,0.06512,0.0654,0.06828,0.06524,0.06572,0.0656,0.06504,0.064879,0.06516,0.12156,0.223799,0.0658,0.06552,0.06876,0.06564,0.06492,0.065,0.06548,0.06544,0.0672,0.06504,0.07196,0.06496,0.06508,0.06808,0.06548,0.064999,0.06528,0.06516,0.06496,0.06792,0.202719,0.07188,0.06484,0.065919,0.0686,0.06612,0.06544]",0.03991999849677086,0.121799997985363,0.05721819974482059,0.050519999116659164,0.019672782270778236,50,3,"[0.161399,0.06512,0.0536,0.0722,0.06104,0.04872,0.055239,0.04972,0.04976,0.040719,0.05012,0.04016,0.0476,0.03992,0.04712,0.04764,0.04864,0.0442,0.05188,0.04348,0.053199,0.04428,0.04336,0.04384,0.115919,0.1202,0.06508,0.064319,0.0576,0.05824,0.053519,0.05368,0.05032,0.05484,0.04604,0.049,0.039999,0.05236,0.04792,0.047719,0.04344,0.05072,0.046,0.0542,0.04576,0.115159,0.1218,0.06948,0.06588,0.06548,0.060479,0.0664,0.05652]",0.01348000019788742,0.030959000810980797,0.015031120032072067,0.013799999840557575,0.004019858518337042,50.0,3.0,"[0.01412,0.01472,0.01436,0.0144,0.01404,0.01384,0.0136,0.01388,0.01368,0.01388,0.01372,0.01372,0.01372,0.01368,0.01376,0.0146,0.01388,0.01424,0.01372,0.014,0.01368,0.01368,0.01396,0.01364,0.0288,0.030959,0.0138,0.01376,0.01376,0.0136,0.01392,0.01348,0.01348,0.01396,0.01456,0.01412,0.01368,0.01368,0.0138,0.0138,0.014,0.0136,0.013839,0.01364,0.01396,0.02768,0.026719,0.01376,0.0152,0.01372,0.01356,0.013919,0.01348]",32,4,2048,768,151936,True,True,False,1968,3,50,1,2048,768,generic,generic,,,CUDA_EVENT,BF16,none
0.008200000040233135,0.0200399998575449,0.013167549949139356,0.012899999972432852,0.003182702676810507,100.0,6.0,"[0.02792,0.01428,0.01964,0.00996,0.01504,0.00988,0.02004,0.00992,0.0138,0.0088,0.0162,0.00996,0.01372,0.0106,0.01668,0.0098,0.01364,0.01032,0.0168,0.01224,0.01504,0.01028,0.01972,0.01276,0.01604,0.00988,0.013639,0.01036,0.01492,0.01044,0.01488,0.00924,0.01528,0.01304,0.01544,0.0082,0.017359,0.00992,0.01584,0.01012,0.01568,0.00992,0.01512,0.0098,0.01528,0.00976,0.01612,0.01024,0.01644,0.00988,0.017,0.00988,0.01868,0.00984,0.01636,0.0098,0.01592,0.01028,0.01632,0.01052,0.01584,0.009839,0.01736,0.0102,0.01748,0.00972,0.01676,0.01004,0.01612,0.01048,0.0156,0.01212,0.01584,0.00988,0.0156,0.01104,0.016,0.00988,0.016319,0.012,0.0158,0.01012,0.01608,0.01076,0.0168,0.00972,0.0172,0.01,0.01652,0.01028,0.01692,0.00988,0.01924,0.01048,0.01696,0.00952,0.01588,0.01028,0.01616,0.00996,0.00924,0.00996,0.014759,0.00988,0.01664,0.01184]",0.017319999635219574,0.025839999318122864,0.018651959970593452,0.018200000748038292,0.0015058045633893527,50.0,3.0,"[0.02528,0.01984,0.01804,0.01948,0.01892,0.01828,0.020999,0.01836,0.01804,0.01864,0.0182,0.018519,0.01848,0.018,0.01804,0.01892,0.018,0.01808,0.01796,0.02032,0.01792,0.01808,0.01844,0.01844,0.01784,0.01812,0.01788,0.0182,0.01812,0.0186,0.01732,0.01796,0.01832,0.01836,0.01816,0.02584,0.018,0.0196,0.01784,0.018,0.01824,0.0248,0.0186,0.01904,0.01804,0.01784,0.01888,0.0186,0.01812,0.01808,0.01856,0.01808,0.01744]",0.12895900011062622,0.1640390008687973,0.13309556037187575,0.13189949840307236,0.004966951942574903,50,3,"[0.288279,0.138159,0.134199,0.13788,0.133319,0.13336,0.13028,0.132199,0.13496,0.133319,0.13836,0.133,0.131919,0.13752,0.164039,0.13352,0.13176,0.130519,0.13204,0.128959,0.13164,0.131079,0.13116,0.131599,0.140839,0.13156,0.131519,0.1318,0.13228,0.131439,0.13108,0.132719,0.13584,0.133279,0.13212,0.132999,0.13152,0.13252,0.132439,0.1316,0.132519,0.12932,0.131119,0.13188,0.134239,0.132679,0.13168,0.131599,0.12988,0.13116,0.13032,0.1296,0.130799]",0.06583999842405319,0.07816000282764435,0.06716611981391907,0.06650000065565109,0.002158126607748157,50,3,"[0.081999,0.06688,0.06724,0.066599,0.06644,0.066319,0.06636,0.06636,0.07088,0.0664,0.066279,0.0668,0.06656,0.06656,0.06668,0.065999,0.0662,0.06952,0.06684,0.06584,0.066599,0.06652,0.066279,0.06732,0.06624,0.067039,0.06652,0.066399,0.07016,0.06632,0.06636,0.0666,0.06628,0.06652,0.066879,0.06644,0.066439,0.06756,0.06612,0.06972,0.06644,0.066719,0.06632,0.065919,0.06648,0.0744,0.066119,0.06636,0.066799,0.06624,0.07816,0.06676,0.06664]",0.03791999816894531,0.07599999755620956,0.04173827990889549,0.03890000097453594,0.006700575554439272,50,3,"[0.15388,0.0594,0.05144,0.0486,0.04704,0.03896,0.03876,0.04496,0.03896,0.0438,0.0408,0.0386,0.03816,0.041999,0.04516,0.0488,0.03792,0.04568,0.038199,0.03876,0.03828,0.03844,0.0382,0.04136,0.076,0.03828,0.04368,0.03876,0.03916,0.0388,0.038639,0.03848,0.03908,0.03904,0.03888,0.03836,0.0438,0.042719,0.03868,0.038599,0.03864,0.03888,0.03828,0.03852,0.03812,0.056,0.03892,0.03936,0.04164,0.03828,0.0608,0.038159,0.03892]",0.013199999928474426,0.018959999084472656,0.013671959843486547,0.013439999893307686,0.0008396709135234651,50.0,3.0,"[0.01376,0.01356,0.01372,0.01348,0.01336,0.0136,0.01328,0.0134,0.01352,0.01356,0.0142,0.013319,0.01488,0.01328,0.01896,0.01324,0.013439,0.01332,0.01332,0.01448,0.01332,0.0134,0.01332,0.01328,0.01324,0.01404,0.01356,0.01352,0.01336,0.01344,0.01348,0.01348,0.01344,0.01344,0.0134,0.01368,0.01416,0.01344,0.01372,0.01352,0.0136,0.0134,0.01352,0.01344,0.01352,0.01488,0.0132,0.0134,0.01328,0.01356,0.01344,0.0138,0.01368]",32,4,2048,768,151936,True,True,False,1964,3,50,1,2048,768,generic,generic,,,CUDA_EVENT,BF16,none
0.0075599998235702515,0.030959999188780785,0.013939559981226922,0.01396000012755394,0.004130930308034122,100.0,6.0,"[0.02916,0.01356,0.0196,0.0116,0.02188,0.00992,0.0248,0.01648,0.01684,0.01104,0.01584,0.0106,0.02304,0.01356,0.01528,0.01032,0.01536,0.0106,0.01496,0.01004,0.01608,0.00988,0.013279,0.0102,0.01408,0.00756,0.01588,0.01036,0.01496,0.00972,0.01612,0.00992,0.01484,0.01012,0.01688,0.01032,0.0152,0.01052,0.01384,0.01716,0.01544,0.01108,0.01808,0.01076,0.0152,0.01072,0.01468,0.01,0.0168,0.01012,0.02744,0.027479,0.01676,0.01092,0.01756,0.01112,0.01552,0.01084,0.016359,0.0096,0.01356,0.01112,0.01556,0.01108,0.01552,0.01064,0.01588,0.01044,0.01532,0.010159,0.01616,0.01068,0.01584,0.01068,0.00844,0.0112,0.01568,0.01068,0.01552,0.01056,0.01496,0.01004,0.0152,0.01048,0.01708,0.01032,0.01836,0.0106,0.01532,0.01024,0.01648,0.01032,0.03096,0.0202,0.01848,0.01008,0.01636,0.01092,0.0168,0.01048,0.01548,0.01052,0.01484,0.01368,0.0164,0.01248]",0.01727999933063984,0.03175999969244003,0.019142380096018315,0.018200000748038292,0.00283791419575027,50.0,3.0,"[0.02632,0.019,0.01884,0.03176,0.01868,0.0184,0.01804,0.0178,0.0178,0.01776,0.01996,0.01776,0.01936,0.01784,0.02332,0.01772,0.01808,0.01828,0.01796,0.0182,0.01812,0.01744,0.0182,0.017879,0.01808,0.0302,0.0182,0.01792,0.01856,0.0182,0.01836,0.0238,0.01816,0.0174,0.01836,0.01768,0.0184,0.01868,0.01816,0.02128,0.01848,0.0178,0.01728,0.018,0.01876,0.01808,0.0242,0.02072,0.0184,0.0182,0.01832,0.01868,0.0184]",0.1257999986410141,0.20047900080680847,0.13556593984365464,0.13298000395298004,0.012180336421479055,50,3,"[0.266879,0.140199,0.13516,0.15344,0.13612,0.133919,0.1356,0.134119,0.141639,0.13272,0.132599,0.13136,0.129319,0.13296,0.1288,0.136759,0.13228,0.133119,0.13184,0.133759,0.13204,0.131239,0.13212,0.13144,0.134479,0.18304,0.13436,0.133479,0.131839,0.13216,0.130679,0.13372,0.134679,0.13336,0.13224,0.133199,0.13416,0.132679,0.1336,0.1258,0.132399,0.133,0.131919,0.13304,0.131079,0.12992,0.200479,0.12848,0.133159,0.131999,0.13228,0.136839,0.13304]",0.06543999910354614,0.15063899755477905,0.06914449989795685,0.06616000086069107,0.01364362826924328,50,3,"[0.089919,0.06672,0.06848,0.066519,0.06624,0.0662,0.065919,0.06624,0.06628,0.06552,0.06608,0.06604,0.06624,0.066079,0.0656,0.066,0.06848,0.06616,0.066079,0.06656,0.066319,0.06544,0.065879,0.06616,0.07472,0.116279,0.06596,0.06588,0.06548,0.06624,0.06684,0.065839,0.06572,0.065799,0.06616,0.06568,0.068999,0.06672,0.066399,0.066,0.06576,0.06688,0.06596,0.065679,0.06596,0.068919,0.150639,0.06832,0.0662,0.06604,0.06628,0.06564,0.066199]",0.03787999972701073,0.10119999945163727,0.04711667992174626,0.044479500502347946,0.012046972691297534,50,3,"[0.14896,0.05776,0.04648,0.06356,0.051839,0.03904,0.04488,0.03916,0.0392,0.03848,0.04852,0.039119,0.04588,0.03876,0.03864,0.04424,0.037999,0.04204,0.0384,0.03848,0.04124,0.044,0.03788,0.04624,0.1012,0.0646,0.0522,0.0512,0.0474,0.045279,0.04496,0.04708,0.04484,0.05344,0.039039,0.04724,0.04164,0.05096,0.042,0.03852,0.03844,0.03848,0.03872,0.03808,0.038,0.08496,0.0686,0.06132,0.04712,0.05028,0.044719,0.05376,0.04416]",0.012839999981224537,0.028759000822901726,0.013930359967052936,0.013039999641478062,0.0032909783538547853,50.0,3.0,"[0.01332,0.01412,0.01328,0.01312,0.01328,0.01396,0.0132,0.01616,0.01304,0.0134,0.01304,0.01312,0.01316,0.01304,0.01312,0.013,0.01312,0.0134,0.013,0.01316,0.01296,0.01304,0.013,0.012959,0.02544,0.01284,0.01292,0.01284,0.013,0.01304,0.01304,0.01288,0.01292,0.013,0.01288,0.01292,0.01308,0.01292,0.013,0.028759,0.01304,0.01292,0.01284,0.01292,0.01288,0.02604,0.01288,0.01304,0.01304,0.01308,0.013,0.013,0.01308]",32,4,2048,768,151936,True,True,False,1974,3,50,1,2048,768,generic,generic,,,CUDA_EVENT,BF16,none
0.009840000420808792,0.029519999399781227,0.01452114999294281,0.014579999726265669,0.004348946740912737,100.0,6.0,"[1.735914,0.03476,0.06084,0.01324,0.018039,0.00872,0.024558,0.02764,0.024079,0.01112,0.01692,0.011,0.0178,0.01184,0.0154,0.01032,0.01592,0.01164,0.01648,0.01,0.01548,0.01064,0.01588,0.01068,0.0154,0.01208,0.01716,0.01032,0.01716,0.01076,0.01648,0.01044,0.016,0.01408,0.015799,0.0102,0.01708,0.01,0.01656,0.0104,0.0158,0.01064,0.02176,0.01016,0.01552,0.01036,0.01564,0.01048,0.01676,0.01048,0.02768,0.02712,0.01564,0.0114,0.02952,0.0126,0.01544,0.01064,0.01724,0.0104,0.01428,0.0106,0.01752,0.01188,0.01556,0.01224,0.01672,0.01068,0.01948,0.01108,0.01492,0.0106,0.01524,0.01044,0.0174,0.01028,0.015,0.00988,0.0158,0.01024,0.01664,0.01004,0.01476,0.00984,0.016639,0.00996,0.01596,0.01028,0.01664,0.01032,0.01416,0.0144,0.0222,0.01308,0.01812,0.01112,0.01792,0.01112,0.01668,0.01104,0.01644,0.01296,0.01828,0.0122,0.01852,0.01036]",0.017319999635219574,0.026399999856948853,0.018643120042979716,0.018200000748038292,0.0015032976143886938,50.0,3.0,"[34.178246,0.02724,0.01876,0.0264,0.01908,0.01908,0.01856,0.01828,0.0192,0.01796,0.01848,0.01808,0.02076,0.01796,0.01824,0.018119,0.02012,0.01828,0.01788,0.01772,0.018,0.01732,0.018319,0.01796,0.01832,0.02372,0.0182,0.019,0.01836,0.017959,0.0182,0.01804,0.01748,0.0186,0.0182,0.018319,0.01824,0.01856,0.01804,0.01816,0.01748,0.01816,0.01812,0.01764,0.01764,0.0196,0.02048,0.01884,0.01788,0.01804,0.01816,0.01872,0.0182]",0.13120000064373016,0.17859899997711182,0.13705393940210342,0.1347394958138466,0.007754486508574471,50,3,"[165.898544,0.1622,0.14064,0.16296,0.14336,0.145159,0.138439,0.13704,0.138479,0.1362,0.14056,0.135639,0.1312,0.135999,0.13808,0.1346,0.134759,0.1336,0.135079,0.1378,0.138559,0.13432,0.13256,0.138479,0.14024,0.178599,0.13628,0.134479,0.1336,0.13292,0.133559,0.13424,0.132599,0.131799,0.13436,0.13604,0.133719,0.13316,0.135359,0.1326,0.13208,0.133759,0.13236,0.141159,0.1318,0.132519,0.144599,0.135079,0.136,0.13332,0.134279,0.13472,0.134599]",0.07311999797821045,0.11819999665021896,0.07555327981710434,0.07435949891805649,0.006260105293288954,50,3,"[25.969292,0.123239,0.07508,0.075039,0.074999,0.07468,0.07552,0.075159,0.07444,0.074959,0.07504,0.07392,0.073719,0.07476,0.074359,0.075,0.07404,0.07504,0.07432,0.075119,0.07476,0.073639,0.08196,0.07356,0.073559,0.1182,0.07448,0.0732,0.073799,0.07368,0.07416,0.073759,0.07424,0.07728,0.073759,0.07392,0.07428,0.07348,0.07688,0.074439,0.0736,0.07312,0.07636,0.07416,0.076559,0.07772,0.075,0.07404,0.073679,0.07364,0.07448,0.073799,0.07436]",0.03776000067591667,0.09907899796962738,0.04713023997843266,0.04145999997854233,0.01423942982988046,50,3,"[0.345519,0.07048,0.06564,0.06712,0.04348,0.04172,0.03944,0.03948,0.04356,0.03912,0.038919,0.039,0.03952,0.03904,0.03864,0.038959,0.03888,0.03864,0.03896,0.03904,0.03908,0.03832,0.03864,0.05668,0.0864,0.06632,0.056879,0.0548,0.04908,0.043679,0.05604,0.04248,0.099079,0.04592,0.0412,0.03776,0.046,0.03824,0.03816,0.03836,0.039,0.04368,0.038559,0.03796,0.03808,0.098639,0.06432,0.05032,0.04592,0.046159,0.04524,0.04532,0.04668]",0.012839999981224537,0.0258799996227026,0.014097519945353269,0.013279999606311321,0.002396003455841272,50.0,3.0,"[0.04232,0.01352,0.01364,0.01676,0.01368,0.013759,0.01352,0.0136,0.01328,0.01708,0.01324,0.01768,0.0134,0.01344,0.01356,0.01344,0.01352,0.01336,0.01308,0.01324,0.0132,0.01328,0.01316,0.01312,0.02284,0.01308,0.01416,0.013,0.01304,0.01328,0.01364,0.01308,0.01304,0.013,0.01296,0.013079,0.013,0.01316,0.01308,0.01296,0.014,0.01284,0.0134,0.01328,0.01748,0.02588,0.014279,0.01312,0.0148,0.01336,0.01356,0.01296,0.013119]",32,4,2048,768,151936,True,True,False,1981,3,50,1,2048,768,generic,generic,,,CUDA_EVENT,BF16,none
0.009720000438392162,0.035760000348091125,0.015375149985775351,0.014940000139176846,0.0049649385365341915,100.0,6.0,"[0.02744,0.01364,0.0204,0.01172,0.01508,0.01052,0.025799,0.03576,0.01876,0.0136,0.019,0.01108,0.01624,0.01456,0.0166,0.01116,0.01616,0.00972,0.01296,0.01312,0.01588,0.011,0.01544,0.01356,0.01592,0.01036,0.0152,0.01064,0.01376,0.00972,0.01584,0.01028,0.01676,0.01096,0.01552,0.01064,0.0178,0.013,0.01448,0.01132,0.022159,0.0132,0.01556,0.01348,0.01632,0.0102,0.01688,0.01068,0.01652,0.0114,0.0316,0.02432,0.02064,0.0136,0.01804,0.01424,0.01736,0.01344,0.01716,0.01352,0.01624,0.0098,0.016839,0.01112,0.01612,0.01,0.01596,0.01324,0.01612,0.01332,0.01572,0.01152,0.01148,0.011,0.01472,0.01312,0.01516,0.01676,0.01564,0.01344,0.01552,0.010439,0.01732,0.0104,0.01536,0.01048,0.01608,0.01392,0.01632,0.01104,0.01636,0.01,0.03144,0.024159,0.03088,0.02908,0.01784,0.012,0.01744,0.01308,0.01632,0.01396,0.01724,0.01328,0.01668,0.01064]",0.014999999664723873,0.03412000089883804,0.01963508000597358,0.018640000373125076,0.0033792564441259563,50.0,3.0,"[0.02948,0.01952,0.01864,0.03412,0.0192,0.0184,0.018599,0.01828,0.01868,0.019119,0.01832,0.01836,0.01844,0.02368,0.01872,0.01852,0.01968,0.01792,0.01824,0.01916,0.01888,0.01776,0.01828,0.017919,0.01856,0.02708,0.01944,0.01884,0.020279,0.01848,0.01816,0.01928,0.02104,0.01884,0.0196,0.018,0.01888,0.01872,0.015,0.01772,0.01796,0.01836,0.01852,0.018159,0.01852,0.0182,0.02824,0.03132,0.018799,0.01904,0.01916,0.0186,0.01868]",0.12879900634288788,0.22908000648021698,0.14327074021100997,0.1372789964079857,0.01978876091946003,50,3,"[0.259239,0.145199,0.13748,0.212239,0.140639,0.138,0.13752,0.136239,0.13804,0.13552,0.135359,0.13508,0.13508,0.128799,0.16524,0.13704,0.137239,0.13588,0.135519,0.136159,0.13732,0.137159,0.1442,0.13496,0.139479,0.22908,0.14316,0.1382,0.13632,0.137999,0.13588,0.13804,0.139919,0.138319,0.13668,0.137079,0.135679,0.1384,0.136559,0.135159,0.1348,0.135239,0.13504,0.13732,0.136679,0.1356,0.19876,0.187359,0.14004,0.140159,0.138159,0.13788,0.137319]",0.06351999938488007,0.22283899784088135,0.07227254003286361,0.064240001142025,0.029509982515795716,50,3,"[0.09252,0.0656,0.064319,0.08936,0.0638,0.063959,0.06448,0.0638,0.063759,0.06412,0.06408,0.063759,0.0638,0.06424,0.063639,0.06352,0.0642,0.064439,0.06352,0.0638,0.06632,0.06432,0.064519,0.0636,0.12524,0.194799,0.074319,0.064439,0.06656,0.06448,0.064439,0.06676,0.0642,0.06364,0.06368,0.0642,0.06436,0.06408,0.06444,0.06424,0.0638,0.06412,0.066679,0.06396,0.06392,0.066999,0.222839,0.07296,0.06452,0.06392,0.0664,0.06432,0.06428]",0.040119998157024384,0.11931899935007095,0.059783799722790715,0.055739499628543854,0.018271212261949662,50,3,"[0.152759,0.06148,0.05332,0.07008,0.06488,0.0662,0.056559,0.0616,0.05256,0.057599,0.05452,0.0836,0.050639,0.04624,0.0536,0.050039,0.04484,0.0432,0.04432,0.04644,0.04012,0.04036,0.04512,0.04648,0.112639,0.119319,0.06728,0.06308,0.065119,0.0598,0.06464,0.057,0.05976,0.05492,0.0592,0.05156,0.05348,0.04748,0.05464,0.0432,0.046039,0.0484,0.04576,0.0484,0.04564,0.11476,0.107839,0.06908,0.066199,0.06248,0.06388,0.06064,0.05796]",0.013439999893307686,0.03652000054717064,0.015118359830230474,0.01372000016272068,0.004525087603055588,50.0,3.0,"[0.01408,0.01376,0.01368,0.01376,0.01356,0.01384,0.01372,0.01364,0.01372,0.01352,0.01368,0.01344,0.01396,0.01348,0.01364,0.01388,0.01364,0.01372,0.0138,0.01372,0.0138,0.01364,0.01368,0.015639,0.03652,0.0314,0.01392,0.0138,0.01364,0.01408,0.01348,0.01404,0.01376,0.0136,0.01356,0.01352,0.01368,0.01384,0.01372,0.01364,0.0138,0.01356,0.01364,0.01364,0.01552,0.02612,0.02488,0.01364,0.01488,0.01364,0.0148,0.01364,0.014479]",32,4,2048,768,151936,True,True,False,1960,3,50,1,2048,768,generic,generic,,,CUDA_EVENT,BF16,none
0.00827999971807003,0.029559999704360962,0.01391234996728599,0.01363999955356121,0.003907599015625604,100.0,6.0,"[0.02792,0.014,0.02496,0.00992,0.01744,0.01028,0.02932,0.01656,0.01884,0.01144,0.01728,0.01056,0.017199,0.01056,0.01476,0.01104,0.01672,0.01052,0.0166,0.01268,0.01544,0.00988,0.013439,0.00828,0.01508,0.01052,0.01608,0.01048,0.01608,0.00996,0.01452,0.01304,0.01332,0.01112,0.01328,0.01024,0.015,0.0102,0.01432,0.00972,0.01476,0.01376,0.01536,0.012799,0.01548,0.01104,0.01568,0.01068,0.0132,0.0102,0.02956,0.01948,0.01848,0.01104,0.01748,0.00976,0.016,0.01876,0.01632,0.01032,0.01596,0.01108,0.01764,0.01044,0.01628,0.00988,0.0152,0.01116,0.01596,0.011,0.0156,0.01284,0.01572,0.00964,0.01588,0.00968,0.01468,0.01032,0.0146,0.0128,0.015559,0.00988,0.01624,0.01012,0.01524,0.0098,0.01352,0.0094,0.01648,0.01032,0.01536,0.01012,0.02744,0.0204,0.01932,0.01052,0.01492,0.011,0.015559,0.01012,0.01464,0.011,0.01632,0.01044,0.01592,0.011]",0.016720000654459,0.022679999470710754,0.018671079874038696,0.018200000748038292,0.0014681374553869048,50.0,3.0,"[0.02496,0.01936,0.01864,0.022158,0.01876,0.01848,0.0178,0.01788,0.0182,0.019079,0.02004,0.0184,0.01736,0.02192,0.0178,0.01748,0.0178,0.0178,0.0186,0.0182,0.01672,0.0178,0.01976,0.0182,0.01748,0.02268,0.01848,0.01776,0.02004,0.018,0.0182,0.01832,0.01848,0.018559,0.01816,0.0182,0.0222,0.01788,0.017599,0.01736,0.01804,0.02248,0.01776,0.01728,0.018,0.018439,0.02224,0.01808,0.01812,0.01808,0.01876,0.01828,0.01836]",0.12359999865293503,0.20103900134563446,0.13589069977402687,0.13203950226306915,0.01443098679860409,50,3,"[0.255639,0.137519,0.13148,0.16048,0.138599,0.134279,0.13388,0.134879,0.13244,0.13192,0.131479,0.13176,0.129999,0.1236,0.160319,0.130279,0.13172,0.130319,0.13256,0.131119,0.13164,0.13072,0.131119,0.13356,0.135239,0.199239,0.133759,0.132,0.132839,0.132079,0.13508,0.131679,0.13384,0.13328,0.133919,0.13284,0.126799,0.13228,0.13268,0.131919,0.12968,0.131319,0.12992,0.129159,0.13048,0.12852,0.201039,0.133159,0.134879,0.1316,0.136079,0.13172,0.13084]",0.06815999746322632,0.16551999747753143,0.07207182005047798,0.06908000260591507,0.014571859554600433,50,3,"[0.08224,0.06872,0.073439,0.06916,0.06968,0.06872,0.07028,0.06968,0.069439,0.0688,0.06816,0.06876,0.06908,0.068839,0.06852,0.06984,0.06832,0.07124,0.068599,0.0692,0.06924,0.06936,0.06968,0.068879,0.06872,0.11048,0.0692,0.06932,0.07204,0.06872,0.0684,0.0688,0.068639,0.06884,0.06996,0.06868,0.06908,0.068439,0.07004,0.07124,0.06844,0.0698,0.068999,0.0682,0.068759,0.0716,0.16552,0.06852,0.06968,0.0682,0.072,0.068639,0.07116]",0.03679899871349335,0.09251900017261505,0.0436669996380806,0.03871999867260456,0.010482294666411648,50,3,"[0.146759,0.05724,0.03864,0.063519,0.03852,0.03856,0.03876,0.03884,0.038,0.04296,0.03804,0.0458,0.03836,0.03784,0.036799,0.03788,0.03788,0.03816,0.03808,0.04416,0.04352,0.038319,0.04576,0.03848,0.092519,0.06544,0.04656,0.04132,0.04288,0.043,0.046639,0.03892,0.04848,0.03892,0.043,0.03848,0.03804,0.03824,0.037959,0.03772,0.038039,0.03744,0.03768,0.046,0.038,0.068799,0.068279,0.05124,0.03804,0.04316,0.03868,0.04332,0.038319]",0.012760000303387642,0.02491999976336956,0.013762359935790301,0.013000000268220901,0.0024528385397261294,50.0,3.0,"[0.013,0.01308,0.01296,0.01312,0.01392,0.01316,0.013,0.013,0.01528,0.012879,0.01296,0.01284,0.01296,0.01352,0.01284,0.01304,0.01276,0.01304,0.01296,0.014,0.01308,0.01292,0.01316,0.01292,0.0242,0.01304,0.01296,0.013,0.01284,0.0174,0.01284,0.013,0.01304,0.012879,0.01328,0.01292,0.01332,0.01296,0.01276,0.01312,0.01292,0.013,0.01888,0.01308,0.0128,0.02492,0.01292,0.01288,0.01308,0.01308,0.01368,0.01292,0.01304]",32,4,2048,768,151936,True,True,False,1966,3,50,1,2048,768,generic,generic,,,CUDA_EVENT,BF16,none
0.009800000116229057,0.035760000348091125,0.014028740013018251,0.013659999705851078,0.003901620563895923,100.0,6.0,"[0.03024,0.01404,0.01728,0.010999,0.01672,0.01028,0.02384,0.02228,0.01756,0.01408,0.01572,0.010519,0.0166,0.0106,0.01332,0.01132,0.01552,0.01368,0.01588,0.01064,0.01692,0.0098,0.01556,0.00984,0.01364,0.009959,0.01376,0.01012,0.01696,0.01,0.0138,0.01008,0.0166,0.01136,0.0132,0.0098,0.01496,0.01044,0.0164,0.0102,0.0156,0.01244,0.01696,0.00984,0.01524,0.01056,0.0168,0.01068,0.0162,0.00988,0.02436,0.01844,0.01884,0.01068,0.015439,0.01108,0.01632,0.0134,0.01668,0.01048,0.01656,0.0126,0.017,0.01028,0.016439,0.01188,0.0168,0.01232,0.0134,0.01064,0.01648,0.01244,0.0134,0.01004,0.01376,0.012199,0.0156,0.01056,0.01648,0.01056,0.01548,0.01048,0.01392,0.01024,0.01632,0.01064,0.01316,0.01052,0.01568,0.01036,0.01588,0.01056,0.03576,0.01948,0.01816,0.01044,0.01572,0.01044,0.01888,0.01068,0.015599,0.01092,0.01612,0.01312,0.01616,0.01384]",0.014680000022053719,0.03691999986767769,0.018863979987800122,0.018099999986588955,0.003113878458551439,50.0,3.0,"[0.02788,0.01936,0.0182,0.03692,0.01856,0.018,0.01824,0.01976,0.01828,0.01804,0.017679,0.01768,0.01772,0.01824,0.02532,0.01816,0.01956,0.01784,0.01852,0.01748,0.01468,0.01792,0.01748,0.01768,0.01792,0.02308,0.01832,0.01776,0.01732,0.01808,0.01832,0.01812,0.01992,0.0178,0.0172,0.01792,0.01836,0.01824,0.01768,0.02188,0.01776,0.0174,0.01792,0.01884,0.0178,0.01764,0.02464,0.01832,0.01812,0.01848,0.01844,0.01824,0.01792]",0.12987899780273438,0.21243900060653687,0.13535468012094498,0.13201899826526642,0.013211712222699828,50,3,"[0.276559,0.13968,0.134039,0.148159,0.13672,0.13348,0.135039,0.13112,0.134679,0.13336,0.1314,0.131559,0.13164,0.132039,0.13484,0.132759,0.13148,0.131479,0.131639,0.1316,0.132199,0.13156,0.129879,0.13256,0.137279,0.181239,0.135359,0.1326,0.131159,0.13184,0.131559,0.133799,0.13388,0.135479,0.13112,0.131959,0.13072,0.13248,0.131679,0.13148,0.131679,0.13052,0.132559,0.13076,0.130599,0.13088,0.212439,0.1334,0.131999,0.132959,0.13116,0.133319,0.13264]",0.06487900018692017,0.16663900017738342,0.06921494007110596,0.06574000045657158,0.015287880231670081,50,3,"[0.088999,0.06696,0.069,0.06576,0.065439,0.066,0.06592,0.06576,0.06548,0.065959,0.06576,0.06524,0.06524,0.06856,0.065799,0.06544,0.064879,0.06576,0.06556,0.0658,0.06564,0.06596,0.06728,0.065319,0.0888,0.10488,0.06516,0.06572,0.06544,0.065679,0.06572,0.06576,0.06524,0.06488,0.065719,0.06572,0.06796,0.06576,0.06504,0.0656,0.06576,0.065599,0.06608,0.067159,0.06556,0.068159,0.166639,0.068559,0.06572,0.06532,0.06568,0.06596,0.068919]",0.03771999850869179,0.10131900012493134,0.049345459640026096,0.046219998970627785,0.011835070047175548,50,3,"[0.14952,0.065399,0.04192,0.06424,0.05396,0.051679,0.04512,0.04996,0.0448,0.0386,0.04352,0.04236,0.04124,0.03856,0.04116,0.04648,0.05496,0.0428,0.05272,0.041839,0.04584,0.03844,0.03816,0.0412,0.101319,0.0648,0.06016,0.050559,0.05876,0.04632,0.05496,0.04888,0.053119,0.04804,0.04044,0.04536,0.04096,0.042359,0.04076,0.04164,0.04384,0.04612,0.03772,0.03844,0.03832,0.08164,0.07612,0.0556,0.05272,0.0524,0.049999,0.05112,0.04716]",0.012559999711811543,0.027720000594854355,0.013445599973201751,0.012760000303387642,0.0026510075149875577,50.0,3.0,"[0.01288,0.01312,0.013,0.01288,0.01272,0.0128,0.01284,0.01276,0.0128,0.01348,0.01272,0.01276,0.01272,0.0128,0.01256,0.01352,0.01284,0.0126,0.01276,0.01256,0.01288,0.0126,0.01284,0.01268,0.02772,0.01276,0.0126,0.018,0.01256,0.0128,0.01292,0.01268,0.01344,0.01296,0.01272,0.01276,0.01256,0.01268,0.01264,0.0126,0.01336,0.01288,0.01276,0.01284,0.01272,0.02372,0.01268,0.01296,0.01276,0.01288,0.0138,0.01272,0.01268]",32,4,2048,768,151936,True,True,False,1973,3,50,1,2048,768,generic,generic,,,CUDA_EVENT,BF16,none
0.007519999984651804,0.03299900144338608,0.014708740036003292,0.014399999752640724,0.004427614889217401,100.0,6.0,"[1.562755,0.031719,0.07616,0.01312,0.018319,0.0116,0.02732,0.02788,0.017279,0.01296,0.02068,0.00768,0.01624,0.01312,0.01544,0.011119,0.01644,0.01148,0.01608,0.0132,0.01524,0.01144,0.016,0.01112,0.01632,0.011,0.01692,0.00824,0.01488,0.012039,0.01504,0.01144,0.01264,0.0098,0.01748,0.0096,0.01804,0.01164,0.01676,0.01136,0.01508,0.01096,0.01408,0.01456,0.01452,0.0108,0.01564,0.01316,0.0156,0.01104,0.032999,0.03228,0.01668,0.01244,0.02772,0.012399,0.0152,0.01228,0.01676,0.01196,0.01532,0.01168,0.01584,0.01064,0.015519,0.01096,0.01408,0.01476,0.01544,0.01184,0.01516,0.01184,0.01612,0.01256,0.01692,0.013,0.01616,0.01396,0.01148,0.00752,0.01568,0.01088,0.01724,0.0104,0.01616,0.0132,0.01712,0.0084,0.01648,0.01532,0.01428,0.01096,0.02148,0.013,0.02188,0.0126,0.01652,0.01228,0.01644,0.01164,0.01616,0.01216,0.01784,0.01412,0.01572,0.01204]",0.01744000054895878,0.030880000442266464,0.019627959951758384,0.019279999658465385,0.0018731503194427243,50.0,3.0,"[34.606281,0.02828,0.02112,0.02364,0.01992,0.021,0.0198,0.0194,0.01956,0.02072,0.01944,0.01924,0.02048,0.01964,0.01912,0.01924,0.0204,0.01924,0.01948,0.0188,0.01924,0.0188,0.01928,0.01776,0.01948,0.03088,0.01752,0.0194,0.0198,0.01944,0.01932,0.01916,0.01964,0.01788,0.01872,0.019999,0.02016,0.0184,0.01924,0.01864,0.01928,0.01884,0.01896,0.01904,0.019159,0.0188,0.02112,0.01744,0.01928,0.01908,0.01912,0.02008,0.01932]",0.12975899875164032,0.19823899865150452,0.13624353975057601,0.13353899866342545,0.010660031446557586,50,3,"[167.548935,0.175679,0.14088,0.16672,0.14124,0.139839,0.137719,0.13648,0.134679,0.13588,0.134919,0.13508,0.136759,0.133519,0.13004,0.133839,0.13548,0.132079,0.13328,0.131919,0.13216,0.135839,0.1322,0.12988,0.135119,0.198239,0.13844,0.13396,0.129759,0.13184,0.132599,0.136319,0.13184,0.137079,0.1352,0.1482,0.132879,0.13056,0.132439,0.13152,0.130839,0.1308,0.1308,0.13008,0.1298,0.143079,0.144399,0.13128,0.13528,0.132279,0.13208,0.13236,0.133559]",0.06204000115394592,0.0870399996638298,0.06374295994639397,0.06285950168967247,0.003698582171225177,50,3,"[27.263365,0.133439,0.06344,0.063599,0.0636,0.06376,0.06372,0.06364,0.06332,0.063079,0.06284,0.062679,0.06312,0.06324,0.0626,0.06276,0.06304,0.06288,0.063439,0.0624,0.064839,0.06296,0.065879,0.06264,0.08704,0.07288,0.062439,0.06228,0.06308,0.062199,0.06208,0.0628,0.06316,0.0652,0.062119,0.0624,0.06272,0.06204,0.06252,0.062879,0.06204,0.062639,0.06284,0.0628,0.06516,0.06508,0.063,0.06276,0.06264,0.06304,0.062319,0.06248,0.06248]",0.03723999857902527,0.10199999809265137,0.046947860047221186,0.04292000085115433,0.01242060234991059,50,3,"[0.386358,0.07324,0.05752,0.07324,0.04456,0.05328,0.0392,0.038999,0.04236,0.03892,0.0386,0.03848,0.03836,0.04184,0.043439,0.03836,0.057319,0.03824,0.03832,0.03816,0.03804,0.03792,0.03784,0.0616,0.102,0.06456,0.05436,0.060599,0.043,0.04492,0.0496,0.04212,0.042119,0.05348,0.03796,0.04312,0.04776,0.046119,0.04004,0.04636,0.03776,0.03752,0.03748,0.03772,0.03724,0.07716,0.06644,0.05364,0.046679,0.04456,0.04584,0.04284,0.04732]",0.012880000285804272,0.030479999259114265,0.014232739899307489,0.013259999919682741,0.0032336168817132097,50.0,3.0,"[0.0506,0.01388,0.01352,0.01368,0.01348,0.01368,0.01368,0.01348,0.01368,0.01328,0.0134,0.01356,0.0132,0.01948,0.01324,0.01336,0.013,0.0132,0.01336,0.01316,0.01332,0.01316,0.01564,0.013359,0.026519,0.01316,0.01384,0.01364,0.01604,0.01296,0.01304,0.01296,0.013,0.01304,0.0132,0.01312,0.01976,0.01304,0.013,0.01296,0.01296,0.01392,0.01308,0.013,0.012959,0.03048,0.01316,0.01384,0.01336,0.01288,0.01296,0.01332,0.01304]",32,4,2048,768,151936,True,True,False,1985,3,50,1,2048,768,generic,generic,,,CUDA_EVENT,BF16,none
0.007040000054985285,0.03795899823307991,0.014081940068863333,0.013760000001639128,0.004662852923962795,100.0,6.0,"[0.02884,0.0144,0.01876,0.01036,0.01208,0.01028,0.02508,0.01736,0.01732,0.01112,0.01676,0.01032,0.01664,0.01104,0.01596,0.00984,0.015,0.0108,0.01404,0.01036,0.01336,0.0102,0.01688,0.010239,0.01388,0.00992,0.01584,0.01052,0.01608,0.0106,0.01552,0.02544,0.01572,0.01052,0.01748,0.01048,0.01368,0.01056,0.01604,0.01016,0.01368,0.0104,0.01384,0.00996,0.01424,0.0124,0.014519,0.01044,0.016,0.01016,0.03248,0.02552,0.01696,0.01088,0.016639,0.01716,0.014,0.01124,0.01616,0.01032,0.01608,0.010559,0.01616,0.01308,0.01624,0.01044,0.01516,0.01276,0.01564,0.00988,0.014879,0.00704,0.01632,0.00984,0.016,0.00988,0.01588,0.00996,0.01696,0.0094,0.01648,0.01228,0.01316,0.0104,0.01276,0.00988,0.01636,0.01048,0.01564,0.00796,0.01444,0.00992,0.037959,0.01964,0.02024,0.0106,0.01584,0.01072,0.0158,0.0108,0.01724,0.01044,0.01612,0.01024,0.016,0.01288]",0.014240000396966934,0.03339799866080284,0.01886391993612051,0.018259999342262745,0.0030356057836920737,50.0,3.0,"[0.02472,0.01908,0.01864,0.033398,0.01916,0.01836,0.019959,0.01828,0.01424,0.01844,0.01796,0.01828,0.0174,0.01844,0.01764,0.01824,0.01824,0.01804,0.0176,0.0188,0.01828,0.020919,0.01756,0.01764,0.01832,0.0306,0.0178,0.0184,0.01828,0.01776,0.0184,0.01836,0.01792,0.01916,0.01824,0.01828,0.0178,0.01792,0.0184,0.01728,0.01828,0.01764,0.0176,0.0178,0.01624,0.01832,0.02532,0.0214,0.01816,0.01832,0.01824,0.01804,0.01804]",0.12744000554084778,0.19839900732040405,0.13621469974517822,0.13291949778795242,0.012579276199329366,50,3,"[0.260719,0.1374,0.1318,0.153,0.134839,0.13356,0.13272,0.133839,0.13568,0.134119,0.13272,0.13204,0.132319,0.13364,0.161279,0.134159,0.13244,0.137119,0.13136,0.130679,0.13352,0.12744,0.132159,0.13128,0.135799,0.185279,0.133959,0.13324,0.132479,0.13864,0.13084,0.136439,0.1344,0.132399,0.133119,0.13016,0.131519,0.12788,0.133159,0.13084,0.13224,0.130919,0.13712,0.132639,0.12968,0.131839,0.198399,0.131519,0.13368,0.13468,0.132559,0.13188,0.133519]",0.06747999787330627,0.17788000404834747,0.07201818019151687,0.0681999996304512,0.016959849124233203,50,3,"[0.08428,0.068399,0.06936,0.06804,0.06804,0.068319,0.06796,0.06748,0.067599,0.06888,0.06812,0.06768,0.06832,0.068439,0.06792,0.06752,0.0682,0.07116,0.067959,0.06868,0.068519,0.06872,0.06784,0.06792,0.08568,0.12044,0.068,0.06812,0.07076,0.067879,0.0678,0.06804,0.068999,0.0682,0.06784,0.06828,0.06824,0.068279,0.06784,0.071119,0.06756,0.06832,0.06928,0.06876,0.06816,0.0708,0.17788,0.06776,0.067999,0.0684,0.0712,0.067719,0.06824]",0.03779999911785126,0.09999900311231613,0.047062199860811234,0.04423950053751469,0.011255710290168636,50,3,"[0.149359,0.06288,0.053799,0.064559,0.05872,0.03856,0.052639,0.04744,0.03844,0.04352,0.04088,0.043119,0.04396,0.04428,0.04292,0.0458,0.03848,0.04096,0.03792,0.04484,0.03788,0.04472,0.0384,0.038079,0.099999,0.06516,0.05032,0.04832,0.0456,0.05,0.050839,0.05092,0.04336,0.05184,0.04064,0.045359,0.041,0.0378,0.04068,0.03784,0.03832,0.03796,0.038279,0.03796,0.04184,0.07048,0.068799,0.06368,0.04792,0.044199,0.04588,0.04628,0.04572]",0.012760000303387642,0.026680000126361847,0.013614400047808886,0.012919999659061432,0.0027062684226320283,50.0,3.0,"[0.01304,0.01352,0.013,0.01284,0.01296,0.01312,0.01276,0.01296,0.0128,0.01292,0.01284,0.01288,0.01308,0.01284,0.01276,0.01316,0.01372,0.01276,0.01288,0.01288,0.0132,0.01292,0.01288,0.01284,0.02668,0.01308,0.013,0.01296,0.0128,0.01308,0.0138,0.01276,0.01284,0.01284,0.01288,0.01288,0.013,0.01292,0.013,0.01292,0.01288,0.01288,0.01296,0.01924,0.01304,0.02552,0.01296,0.01292,0.01276,0.01288,0.013,0.01348,0.01276]",32,4,2048,768,151936,True,True,False,1965,3,50,1,2048,768,generic,generic,,,CUDA_EVENT,BF16,none
0.0077599999494850636,0.0342399999499321,0.014294359991326928,0.014120000414550304,0.004304147886211322,100.0,6.0,"[0.03276,0.01452,0.01896,0.01116,0.01724,0.01084,0.03192,0.01564,0.01688,0.01188,0.01336,0.01136,0.01552,0.01128,0.01424,0.012679,0.01456,0.01168,0.01512,0.01136,0.01744,0.01004,0.01664,0.00816,0.01356,0.01076,0.0086,0.01148,0.01476,0.0102,0.01708,0.01072,0.01692,0.0134,0.01608,0.00776,0.01464,0.01284,0.01616,0.01064,0.01432,0.01104,0.01604,0.01012,0.01652,0.01028,0.01668,0.01064,0.015399,0.01088,0.03424,0.02976,0.01596,0.01216,0.01748,0.01188,0.01608,0.012,0.01532,0.01708,0.01532,0.0118,0.01732,0.0128,0.0154,0.01172,0.01528,0.01392,0.0156,0.01156,0.01576,0.0116,0.01572,0.01088,0.015399,0.01112,0.01352,0.01148,0.01556,0.01008,0.01612,0.00776,0.014,0.011,0.01708,0.01136,0.01636,0.00996,0.01376,0.01084,0.01604,0.01008,0.02644,0.02156,0.01784,0.01152,0.01584,0.011679,0.0156,0.0118,0.0146,0.01744,0.01536,0.01176,0.01688,0.01568]",0.01655999943614006,0.032280001789331436,0.019588740170001985,0.019299999810755253,0.002087721926142721,50.0,3.0,"[0.02636,0.020399,0.01928,0.03228,0.01964,0.01988,0.01948,0.01988,0.01952,0.01868,0.0196,0.01848,0.01928,0.01916,0.02084,0.0192,0.01656,0.01892,0.018719,0.01992,0.01908,0.01892,0.01944,0.0196,0.01892,0.02288,0.02012,0.0194,0.01944,0.0198,0.01948,0.01708,0.01876,0.0194,0.02012,0.018759,0.01964,0.01968,0.01928,0.01876,0.01916,0.0192,0.01856,0.01924,0.01932,0.01904,0.023199,0.01912,0.01948,0.01952,0.0182,0.01912,0.01768]",0.12919999659061432,0.2165600061416626,0.135346739590168,0.13157950341701508,0.014400396706162307,50,3,"[0.281439,0.13944,0.134159,0.166799,0.1364,0.13396,0.133639,0.13292,0.132399,0.1346,0.131199,0.13024,0.136399,0.13148,0.135519,0.13328,0.131279,0.131559,0.13108,0.131559,0.13048,0.135479,0.13076,0.130559,0.13312,0.181279,0.132559,0.13152,0.13132,0.132399,0.13096,0.131199,0.13116,0.131799,0.1316,0.13264,0.131439,0.13032,0.131879,0.1292,0.134199,0.13088,0.129839,0.1296,0.130719,0.1292,0.21656,0.13328,0.13204,0.132079,0.13164,0.130359,0.13096]",0.06747999787330627,0.16575899720191956,0.07144454002380371,0.06831999868154526,0.015194722856315221,50,3,"[0.083559,0.06828,0.07148,0.06784,0.068439,0.06856,0.06808,0.07116,0.06816,0.06888,0.06844,0.06992,0.0684,0.068679,0.06856,0.067719,0.06764,0.06848,0.06812,0.06828,0.0708,0.0684,0.06784,0.06792,0.06972,0.11828,0.0684,0.067919,0.0684,0.06784,0.06824,0.06844,0.067919,0.06748,0.068399,0.06836,0.07032,0.06816,0.06848,0.06792,0.06808,0.067599,0.068,0.068079,0.06772,0.070759,0.165759,0.071039,0.06756,0.06796,0.068679,0.06828,0.068119]",0.03700000047683716,0.10763999819755554,0.04275665998458862,0.037699999287724495,0.012648457476799265,50,3,"[0.1522,0.058359,0.03824,0.0688,0.04252,0.04092,0.03836,0.037759,0.03788,0.03776,0.03768,0.0376,0.0374,0.0378,0.03744,0.03768,0.0376,0.03772,0.03756,0.03736,0.039239,0.03724,0.037439,0.03752,0.10764,0.065439,0.04048,0.0426,0.037319,0.04044,0.04276,0.04384,0.0374,0.04456,0.03732,0.03716,0.03716,0.038159,0.03712,0.03708,0.03712,0.03708,0.03728,0.037,0.03732,0.0722,0.06984,0.04864,0.037519,0.04028,0.0372,0.04096,0.04764]",0.012839999981224537,0.041200000792741776,0.014006339944899082,0.013199999928474426,0.00421353184600416,50.0,3.0,"[0.01356,0.0132,0.01332,0.01296,0.01376,0.013439,0.0132,0.01328,0.01308,0.0132,0.01348,0.01336,0.01324,0.0134,0.01332,0.01348,0.01396,0.01304,0.012959,0.01312,0.0132,0.01324,0.01292,0.01292,0.02476,0.01296,0.01316,0.01332,0.01332,0.0132,0.0134,0.01304,0.01288,0.0134,0.01312,0.013159,0.01316,0.01308,0.01328,0.01348,0.01304,0.01284,0.01312,0.01296,0.01296,0.0412,0.013,0.01312,0.01308,0.0134,0.0134,0.01368,0.01324]",32,4,2048,768,151936,True,True,False,1977,3,50,1,2048,768,generic,generic,,,CUDA_EVENT,BF16,none
0.0081599997356534,0.04171900078654289,0.015011519938707352,0.014560000039637089,0.00450680806655168,100.0,6.0,"[1.599155,0.03356,0.08148,0.01376,0.0184,0.01172,0.02356,0.0208,0.01928,0.01244,0.01852,0.011799,0.01856,0.01112,0.0162,0.01092,0.01436,0.01084,0.01656,0.01184,0.01496,0.01128,0.0168,0.01188,0.01588,0.01116,0.01832,0.011719,0.01556,0.01156,0.0158,0.0112,0.01484,0.01148,0.01536,0.00824,0.01532,0.011679,0.014,0.01212,0.01912,0.01088,0.0176,0.0134,0.01752,0.0114,0.01588,0.0116,0.01696,0.00816,0.02508,0.02744,0.01776,0.01344,0.02724,0.01264,0.0176,0.012399,0.01736,0.01264,0.01604,0.01216,0.01676,0.041719,0.01668,0.012,0.018,0.01024,0.0164,0.012119,0.01568,0.01136,0.01272,0.0106,0.0156,0.0118,0.0164,0.0114,0.01312,0.010919,0.01836,0.01328,0.0168,0.0112,0.01592,0.01192,0.01704,0.01148,0.01596,0.011879,0.01476,0.01324,0.02212,0.01368,0.01708,0.01292,0.01728,0.01244,0.0158,0.01252,0.01828,0.01172,0.01752,0.01504,0.01724,0.01188]",0.01408000010997057,0.0384799987077713,0.020639960002154113,0.019820000045001507,0.0034111932381415515,50.0,3.0,"[40.395779,0.0256,0.02144,0.03848,0.01748,0.01996,0.02108,0.01992,0.026199,0.0202,0.01972,0.02008,0.01976,0.02088,0.01936,0.01956,0.01984,0.01956,0.01928,0.0198,0.01936,0.01408,0.01964,0.019479,0.01956,0.03088,0.0208,0.01976,0.02076,0.02088,0.02056,0.02104,0.01948,0.02572,0.01988,0.01984,0.01964,0.01952,0.01932,0.01884,0.01948,0.02196,0.02012,0.01988,0.01984,0.01964,0.02332,0.01904,0.01968,0.0184,0.01976,0.02068,0.02]",0.12732000648975372,0.20179900527000427,0.13667314022779464,0.13443999737501144,0.011193441339547461,50,3,"[168.628769,0.188159,0.1438,0.1728,0.1418,0.13756,0.134839,0.1354,0.12732,0.138799,0.13344,0.134959,0.13412,0.13564,0.136679,0.13724,0.132799,0.134159,0.13652,0.135879,0.13308,0.131479,0.13236,0.1322,0.137879,0.201799,0.138679,0.13692,0.13784,0.134839,0.13228,0.13928,0.134679,0.1324,0.13284,0.133519,0.1306,0.131839,0.134999,0.13188,0.133239,0.12788,0.131679,0.133399,0.13172,0.131479,0.146159,0.136399,0.13488,0.13388,0.132719,0.13428,0.1346]",0.06947900354862213,0.10367999970912933,0.07139334067702294,0.0703200027346611,0.004840926709565501,50,3,"[27.766134,0.138959,0.07104,0.07144,0.070479,0.07068,0.07056,0.070719,0.07068,0.07044,0.073239,0.0704,0.07032,0.0714,0.07024,0.069479,0.0704,0.0704,0.06996,0.06976,0.070119,0.07016,0.073159,0.07004,0.0768,0.10368,0.0702,0.069479,0.06988,0.07052,0.069879,0.07004,0.0706,0.072719,0.06992,0.07016,0.070639,0.07,0.06968,0.07012,0.06976,0.069599,0.07028,0.07108,0.0726,0.07652,0.07032,0.0704,0.070639,0.0698,0.0698,0.070239,0.07024]",0.0377190001308918,0.10027900338172913,0.04693097978830338,0.042599501088261604,0.013039571299582445,50,3,"[0.444078,0.07276,0.05324,0.06924,0.06108,0.043879,0.04296,0.03868,0.04244,0.03864,0.03864,0.0382,0.03944,0.042359,0.03832,0.0382,0.04604,0.03828,0.038039,0.04716,0.038,0.03792,0.0378,0.052639,0.100279,0.068,0.04308,0.05912,0.041839,0.0462,0.04588,0.04504,0.0378,0.04516,0.037719,0.04868,0.04668,0.04272,0.038,0.048239,0.0378,0.03808,0.0412,0.03796,0.037839,0.09228,0.06716,0.05756,0.045,0.054919,0.04184,0.05004,0.042479]",0.012880000285804272,0.03147999942302704,0.013915959987789392,0.013220000080764294,0.0030610889204518454,50.0,3.0,"[0.05456,0.0136,0.01324,0.01364,0.01324,0.0138,0.0134,0.01312,0.014479,0.01324,0.0132,0.01332,0.01332,0.01324,0.01324,0.01336,0.01304,0.01304,0.01336,0.01288,0.01308,0.01296,0.01308,0.01364,0.02556,0.01316,0.01384,0.01408,0.013,0.01292,0.01312,0.01352,0.01312,0.01296,0.01312,0.01288,0.01304,0.01324,0.01292,0.01304,0.01308,0.01388,0.0136,0.01296,0.01312,0.03148,0.013119,0.01304,0.01404,0.01388,0.01292,0.01344,0.01404]",32,4,2048,768,151936,True,True,False,1979,3,50,1,2048,768,generic,generic,,,CUDA_EVENT,BF16,none
0.008919999934732914,0.029239999130368233,0.014541900027543306,0.013819999992847443,0.003787952296813965,100.0,6.0,"[1.674954,0.0364,0.08304,0.01268,0.018719,0.01168,0.023238,0.01832,0.01808,0.01288,0.01716,0.012679,0.0164,0.01364,0.02184,0.01216,0.01696,0.01184,0.01748,0.01336,0.015599,0.01124,0.01584,0.01092,0.01592,0.011,0.01056,0.01348,0.01532,0.01104,0.01484,0.01196,0.0158,0.01156,0.01532,0.0114,0.01748,0.01104,0.01444,0.01136,0.0182,0.01168,0.01552,0.01096,0.00892,0.01188,0.0166,0.01204,0.014,0.01184,0.02924,0.029079,0.014279,0.01192,0.02892,0.01284,0.01692,0.01272,0.01544,0.01192,0.01584,0.01148,0.01592,0.01184,0.01572,0.013079,0.01136,0.01168,0.01544,0.01124,0.01492,0.01152,0.01632,0.01056,0.01712,0.011679,0.01704,0.01356,0.0168,0.01156,0.01236,0.01112,0.01572,0.01324,0.015719,0.01136,0.01736,0.01108,0.01564,0.01116,0.01588,0.01124,0.022279,0.015,0.01824,0.01224,0.01656,0.01272,0.01944,0.01156,0.00904,0.01404,0.01676,0.01348,0.01472,0.01448]",0.01696000061929226,0.09176000207662582,0.021439180001616476,0.019920000806450844,0.010107400549999205,50.0,3.0,"[41.612976,0.03428,0.02088,0.09176,0.02008,0.02,0.01992,0.01988,0.0206,0.02048,0.02004,0.01696,0.01968,0.01864,0.01944,0.01952,0.01952,0.01932,0.02012,0.02,0.01972,0.01888,0.01972,0.0196,0.02052,0.02296,0.02064,0.02076,0.0198,0.0206,0.01988,0.01972,0.02092,0.01956,0.01984,0.02044,0.0186,0.01972,0.02,0.02024,0.017719,0.01972,0.01936,0.01908,0.02044,0.0204,0.02472,0.0202,0.0218,0.01996,0.0196,0.02096,0.01992]",0.13255999982357025,0.19740000367164612,0.13789071947336196,0.13559949398040771,0.009521232281205846,50,3,"[169.761185,0.178439,0.13996,0.160519,0.14208,0.13924,0.142039,0.14,0.136119,0.142759,0.13544,0.132959,0.134,0.134119,0.134119,0.13356,0.133799,0.134,0.137439,0.13452,0.1382,0.133479,0.13564,0.135559,0.13656,0.1974,0.13756,0.136799,0.134479,0.13536,0.135239,0.1372,0.13532,0.137479,0.13448,0.135519,0.13868,0.13592,0.135399,0.13456,0.13448,0.132959,0.13256,0.133039,0.13388,0.135839,0.14452,0.138959,0.136719,0.13716,0.135279,0.135719,0.13588]",0.0684799998998642,0.0873590037226677,0.07017735973000526,0.06945950165390968,0.0027063090173494488,50,3,"[28.188232,0.139679,0.07028,0.07104,0.070079,0.0698,0.06996,0.070399,0.06944,0.06972,0.06964,0.06884,0.069439,0.06916,0.06932,0.0692,0.0694,0.06932,0.06924,0.072519,0.06972,0.06908,0.07232,0.069,0.087359,0.070479,0.06968,0.06848,0.06896,0.07,0.06872,0.069719,0.06972,0.07488,0.069079,0.06884,0.069679,0.06912,0.06928,0.069479,0.06968,0.0694,0.0692,0.06936,0.072039,0.07228,0.06932,0.0702,0.06948,0.069439,0.06944,0.06928,0.06964]",0.038600001484155655,0.09808000177145004,0.044828659668564794,0.03930000029504299,0.011666631843933996,50,3,"[0.451518,0.07332,0.05476,0.06912,0.0436,0.044639,0.04156,0.03952,0.0392,0.03932,0.03944,0.0392,0.03916,0.039,0.03904,0.039279,0.03904,0.04056,0.03924,0.03928,0.039,0.03896,0.049119,0.04508,0.09808,0.06668,0.0468,0.05288,0.0386,0.03904,0.03924,0.03964,0.038799,0.03912,0.03904,0.04076,0.04808,0.038999,0.07096,0.03872,0.03924,0.039,0.038799,0.03888,0.03976,0.06956,0.06652,0.044,0.04196,0.03924,0.04508,0.03884,0.042759]",0.013120000250637531,0.03195999935269356,0.014182319939136505,0.01336000021547079,0.0032299699761026124,50.0,3.0,"[0.0548,0.01356,0.01356,0.01348,0.01348,0.01336,0.01688,0.01348,0.013359,0.01344,0.01832,0.01328,0.01352,0.01328,0.01344,0.0132,0.0132,0.01324,0.01336,0.01324,0.013279,0.01324,0.01328,0.01376,0.03196,0.01332,0.0132,0.01384,0.0134,0.01344,0.01336,0.0136,0.0132,0.01332,0.01312,0.01376,0.01316,0.01324,0.0132,0.01324,0.01336,0.01312,0.01328,0.0134,0.01316,0.026399,0.0144,0.013479,0.01324,0.01344,0.01348,0.01312,0.01376]",32,4,2048,768,151936,True,True,False,1978,3,50,1,2048,768,generic,generic,,,CUDA_EVENT,BF16,none
0.00800000037997961,0.027400000020861626,0.014121569953858852,0.013599999714642763,0.003479989383994817,100.0,6.0,"[0.03116,0.00944,0.0192,0.01136,0.01816,0.00996,0.02152,0.01668,0.01704,0.01184,0.01732,0.0104,0.015879,0.01184,0.0168,0.01108,0.01708,0.00988,0.01524,0.01064,0.01716,0.0096,0.01744,0.01036,0.01676,0.01084,0.01452,0.013079,0.01548,0.011,0.01572,0.01156,0.01436,0.01152,0.01808,0.008,0.01356,0.01104,0.01688,0.01052,0.01588,0.01144,0.01932,0.011,0.01512,0.01136,0.01332,0.01216,0.01476,0.0112,0.0274,0.02068,0.01668,0.01196,0.01508,0.00968,0.0162,0.01212,0.0146,0.01152,0.01572,0.01204,0.0154,0.01176,0.01664,0.011,0.01432,0.01128,0.01688,0.0106,0.015359,0.01092,0.0162,0.01256,0.01592,0.01252,0.01348,0.01152,0.01316,0.01364,0.01448,0.01076,0.01704,0.01068,0.01552,0.00944,0.01972,0.01092,0.01392,0.011,0.0154,0.01048,0.02652,0.02036,0.02192,0.01244,0.01576,0.01108,0.01632,0.012,0.01652,0.01128,0.01604,0.01192,0.01636,0.01116]",0.013679999858140945,0.03531999886035919,0.019657520037144424,0.019299999810755253,0.002994054265042603,50.0,3.0,"[0.02904,0.01996,0.0194,0.03532,0.01992,0.01916,0.01936,0.01964,0.01892,0.01948,0.01752,0.019159,0.0192,0.01944,0.0192,0.01984,0.0188,0.01932,0.01896,0.01808,0.018679,0.01368,0.018839,0.01904,0.01944,0.02356,0.01916,0.01388,0.01972,0.01936,0.01996,0.01772,0.01968,0.01932,0.01928,0.01924,0.01928,0.01952,0.02128,0.01924,0.02276,0.0186,0.01928,0.02,0.019,0.01812,0.02852,0.01968,0.017159,0.02,0.01948,0.01968,0.0194]",0.12539899349212646,0.18691900372505188,0.1344003200531006,0.13130000233650208,0.01126260266047642,50,3,"[0.255799,0.139079,0.13244,0.1548,0.134439,0.133959,0.13112,0.131158,0.13264,0.132839,0.12928,0.13132,0.132599,0.13204,0.158599,0.13176,0.130159,0.13068,0.129119,0.12952,0.12908,0.12744,0.13016,0.129959,0.1334,0.178639,0.132959,0.13152,0.13356,0.130839,0.13152,0.131679,0.132879,0.13352,0.129719,0.13096,0.136359,0.1322,0.129639,0.13012,0.125399,0.1302,0.135439,0.13088,0.128679,0.13128,0.186919,0.13504,0.132,0.130399,0.1308,0.130199,0.1306]",0.06431999802589417,0.1619189977645874,0.068746899664402,0.06511999666690826,0.01507831612950745,50,3,"[0.0816,0.0678,0.065199,0.06492,0.06496,0.065,0.06536,0.0676,0.064799,0.0648,0.065199,0.06496,0.06552,0.0654,0.06476,0.064879,0.06512,0.067919,0.06504,0.064839,0.06532,0.064879,0.06432,0.06516,0.08856,0.11044,0.065,0.06528,0.06768,0.06544,0.065039,0.06512,0.06524,0.06544,0.06484,0.06776,0.06504,0.064959,0.065,0.068279,0.0652,0.064919,0.06492,0.065639,0.065,0.066919,0.161919,0.065159,0.06484,0.0648,0.06808,0.06488,0.065199]",0.03691999986767769,0.10971999913454056,0.043996679782867434,0.03780000098049641,0.013840285262385673,50,3,"[0.150239,0.05048,0.04104,0.06036,0.04828,0.03788,0.037359,0.04404,0.04172,0.03756,0.04084,0.03752,0.03748,0.037279,0.03736,0.03708,0.03736,0.03712,0.03724,0.04008,0.03704,0.04068,0.037,0.03712,0.10972,0.066759,0.04604,0.0492,0.040359,0.05112,0.04,0.03752,0.03768,0.037279,0.0374,0.037759,0.03784,0.03764,0.03752,0.0376,0.03776,0.0372,0.03816,0.0374,0.04028,0.06964,0.09092,0.0538,0.05292,0.04584,0.03692,0.04012,0.03904]",0.012839999981224537,0.023639999330043793,0.013993539921939373,0.013159999623894691,0.002151716264299249,50.0,3.0,"[0.01348,0.01352,0.0132,0.0144,0.013039,0.0132,0.0132,0.0132,0.01296,0.01756,0.0134,0.01304,0.01296,0.013,0.01284,0.01312,0.0168,0.0132,0.01768,0.01292,0.01416,0.013,0.013119,0.01284,0.02364,0.01344,0.01788,0.0136,0.01288,0.013,0.013,0.01364,0.01332,0.01308,0.01328,0.01304,0.01312,0.01312,0.01312,0.01316,0.01316,0.01364,0.01372,0.01304,0.01344,0.0206,0.01312,0.01316,0.013319,0.01296,0.01296,0.01284,0.01776]",32,4,2048,768,151936,True,True,False,1969,3,50,1,2048,768,generic,generic,,,CUDA_EVENT,BF16,none
0.007960000075399876,0.028519999235868454,0.01441917990334332,0.014479999896138906,0.0038680969743613326,100.0,6.0,"[0.029199,0.01576,0.0212,0.01084,0.0164,0.0108,0.02852,0.01904,0.0172,0.01216,0.01676,0.0114,0.01488,0.01152,0.01464,0.0112,0.01544,0.01208,0.01616,0.00796,0.01456,0.01432,0.0154,0.0112,0.01664,0.00944,0.01552,0.01064,0.01728,0.01016,0.015,0.0114,0.01708,0.01108,0.01564,0.01064,0.01736,0.00852,0.01668,0.00836,0.015479,0.01216,0.01752,0.00964,0.01488,0.01124,0.01696,0.0128,0.0144,0.01284,0.02596,0.0206,0.0176,0.0122,0.01604,0.01216,0.01656,0.0122,0.01556,0.01236,0.01784,0.01188,0.01588,0.01284,0.0174,0.01036,0.01608,0.0116,0.01456,0.01096,0.01588,0.01052,0.01408,0.01216,0.01484,0.01192,0.01952,0.00916,0.01548,0.01124,0.01608,0.01396,0.01472,0.01368,0.01408,0.01024,0.01732,0.01104,0.01776,0.01,0.01628,0.00888,0.02768,0.0274,0.01848,0.01268,0.015799,0.01284,0.018,0.01224,0.01656,0.01,0.01684,0.01244,0.01556,0.01212]",0.01351999957114458,0.034040000289678574,0.020507900174707175,0.019699500873684883,0.003258325175108257,50.0,3.0,"[0.02704,0.0214,0.020079,0.03404,0.02004,0.02008,0.019879,0.02624,0.01964,0.0196,0.01976,0.01988,0.0192,0.01848,0.01944,0.01916,0.0198,0.019,0.0198,0.01924,0.01984,0.01952,0.01984,0.01912,0.0184,0.03112,0.01968,0.020439,0.01912,0.02048,0.02068,0.0204,0.0254,0.01944,0.02032,0.01876,0.02016,0.019119,0.01352,0.01904,0.01968,0.01984,0.01932,0.01872,0.01944,0.017,0.027519,0.0196,0.01992,0.01952,0.02288,0.019719,0.02456]",0.125559002161026,0.186039999127388,0.13510682076215744,0.13275949656963348,0.01077144764679002,50,3,"[0.269799,0.1394,0.13484,0.157559,0.136599,0.1348,0.13364,0.134439,0.13372,0.132879,0.13244,0.133359,0.13288,0.1328,0.136039,0.13436,0.131879,0.13388,0.13376,0.130279,0.13564,0.129359,0.13208,0.131079,0.13532,0.18604,0.13404,0.13272,0.132599,0.13212,0.131079,0.13168,0.13472,0.132559,0.13224,0.132799,0.13092,0.13028,0.133559,0.13092,0.131399,0.13008,0.131399,0.13328,0.13128,0.13056,0.18196,0.13368,0.13176,0.132439,0.12856,0.13632,0.125559]",0.06496000289916992,0.18531900644302368,0.06968528062105178,0.06573950126767159,0.018380750236902724,50,3,"[0.08636,0.066119,0.07416,0.06556,0.06584,0.065999,0.066,0.06568,0.06576,0.06636,0.065759,0.06548,0.066199,0.06604,0.06592,0.065639,0.06544,0.0658,0.06564,0.0692,0.06552,0.06572,0.065879,0.06516,0.078799,0.121999,0.065559,0.06592,0.06576,0.065799,0.06536,0.065959,0.06564,0.06496,0.06568,0.06552,0.068519,0.06556,0.06528,0.06548,0.06612,0.065719,0.06524,0.065759,0.06572,0.068039,0.185319,0.06848,0.0654,0.0652,0.065799,0.0656,0.06548]",0.03748000040650368,0.13312000036239624,0.04681508012115956,0.042899999767541885,0.015167219767590702,50,3,"[0.152679,0.061,0.038719,0.066319,0.04804,0.04376,0.03852,0.042,0.03984,0.04468,0.03788,0.03836,0.03824,0.03828,0.04148,0.04112,0.04128,0.03872,0.041199,0.03856,0.04116,0.03748,0.04692,0.03764,0.13312,0.06724,0.05228,0.0456,0.04632,0.04516,0.0444,0.04624,0.042439,0.04512,0.04572,0.03764,0.04308,0.04068,0.04344,0.037719,0.0378,0.03784,0.0376,0.04128,0.04272,0.07888,0.07184,0.0528,0.051919,0.04788,0.05184,0.047279,0.0434]",0.012679999694228172,0.02727999910712242,0.013587159998714925,0.013000000268220901,0.0026740736751195465,50.0,3.0,"[0.01344,0.01308,0.01332,0.01304,0.0134,0.01324,0.013159,0.0132,0.013,0.01304,0.01288,0.01304,0.01332,0.01332,0.01288,0.01288,0.01304,0.01568,0.01272,0.013,0.01276,0.01292,0.0128,0.013,0.02728,0.0132,0.01348,0.01308,0.01288,0.013,0.0128,0.01304,0.01268,0.01296,0.013,0.01288,0.01284,0.012759,0.01296,0.01276,0.01288,0.01292,0.01272,0.01284,0.0136,0.02572,0.01292,0.01288,0.01308,0.013,0.01284,0.01312,0.01292]",32,4,2048,768,151936,True,True,False,1971,3,50,1,2048,768,generic,generic,,,CUDA_EVENT,BF16,none
0.007840000092983246,0.03680000081658363,0.013990750014781951,0.012779999990016222,0.004240699266089832,100.0,6.0,"[0.028,0.016,0.01792,0.01124,0.017359,0.01092,0.0368,0.02056,0.01828,0.0126,0.01604,0.012,0.015679,0.01224,0.0142,0.01128,0.01424,0.01056,0.01344,0.011,0.01212,0.01008,0.00876,0.01132,0.0152,0.01044,0.01772,0.01024,0.01496,0.0108,0.02104,0.0096,0.01496,0.01136,0.01708,0.00976,0.01472,0.01168,0.00844,0.01144,0.01468,0.01048,0.01392,0.01088,0.01488,0.0102,0.01376,0.01196,0.0152,0.01832,0.02848,0.01772,0.01632,0.01196,0.0188,0.01152,0.01596,0.01224,0.01608,0.00784,0.01288,0.0118,0.01496,0.01204,0.015,0.01172,0.01452,0.012079,0.01596,0.0114,0.01596,0.00992,0.01656,0.0106,0.01352,0.0126,0.01428,0.01204,0.01428,0.01108,0.00832,0.0118,0.0138,0.01128,0.0152,0.009679,0.01856,0.01024,0.016679,0.01004,0.01492,0.0116,0.026319,0.02412,0.0178,0.01268,0.0186,0.01232,0.0152,0.0122,0.01632,0.012,0.0174,0.01188,0.01348,0.0116]",0.014919999986886978,0.03139900043606758,0.020084680058062077,0.01979999989271164,0.0023946608273946695,50.0,3.0,"[0.028,0.02164,0.02016,0.031399,0.02092,0.0204,0.02088,0.01968,0.0186,0.02088,0.01848,0.019519,0.01956,0.020839,0.02004,0.019,0.01948,0.017,0.01976,0.01992,0.01908,0.01944,0.02016,0.0196,0.020519,0.02932,0.019799,0.01716,0.01988,0.0196,0.02096,0.01796,0.02004,0.02068,0.01948,0.01916,0.0196,0.0198,0.01944,0.02008,0.020639,0.02028,0.01968,0.01972,0.01984,0.02004,0.022,0.02,0.01812,0.02092,0.0198,0.02016,0.01492]",0.1321599930524826,0.20179900527000427,0.13708194047212602,0.13397949934005737,0.012125090038201126,50,3,"[0.267759,0.139279,0.14244,0.15592,0.139319,0.134519,0.14124,0.134319,0.13528,0.133559,0.13324,0.13344,0.1344,0.13312,0.139759,0.13532,0.134239,0.13248,0.134479,0.13404,0.133039,0.13388,0.133839,0.13432,0.13692,0.201799,0.13512,0.133799,0.13372,0.132879,0.13272,0.13392,0.136039,0.13432,0.133079,0.1324,0.134599,0.13276,0.132279,0.13316,0.13308,0.132799,0.13216,0.134039,0.13364,0.135599,0.184839,0.135159,0.13324,0.134519,0.13276,0.13348,0.135519]",0.06576000154018402,0.15571999549865723,0.06909500017762184,0.066600002348423,0.01265171115444279,50,3,"[0.0782,0.06696,0.07456,0.06684,0.0666,0.06932,0.06736,0.06616,0.066679,0.0666,0.066079,0.06632,0.06688,0.067,0.06636,0.06624,0.06648,0.06672,0.0666,0.066199,0.067,0.066519,0.06604,0.069559,0.07492,0.082679,0.06576,0.06688,0.06672,0.06636,0.066519,0.06628,0.06624,0.06596,0.06656,0.0668,0.0686,0.066399,0.0662,0.06652,0.06656,0.06648,0.06672,0.06684,0.06732,0.06952,0.15572,0.06976,0.066479,0.06604,0.066799,0.06736,0.0662]",0.038759998977184296,0.1141590029001236,0.04387748025357723,0.039159998297691345,0.012680662745355889,50,3,"[0.156199,0.0506,0.03996,0.062319,0.04712,0.03948,0.03924,0.03936,0.03912,0.03908,0.03892,0.03892,0.03928,0.03876,0.03916,0.03892,0.03892,0.03932,0.03912,0.03908,0.03888,0.0392,0.039,0.03884,0.114159,0.0678,0.0438,0.0474,0.03932,0.04376,0.03916,0.03908,0.03892,0.039119,0.03908,0.03884,0.03892,0.04428,0.04148,0.0388,0.03908,0.03916,0.039119,0.03944,0.039759,0.0696,0.0698,0.0436,0.04604,0.0396,0.04476,0.038959,0.039]",0.013039999641478062,0.027400000020861626,0.01387593986466527,0.01329949963837862,0.0025663695507527574,50.0,3.0,"[0.0134,0.01388,0.01324,0.01352,0.01324,0.01336,0.0134,0.0172,0.0134,0.01304,0.01348,0.01332,0.0132,0.01324,0.01376,0.01332,0.01304,0.01328,0.01328,0.01316,0.01332,0.0132,0.0134,0.01344,0.0274,0.01328,0.013559,0.01312,0.01304,0.0132,0.01336,0.01308,0.01312,0.01304,0.0132,0.01332,0.01308,0.01352,0.01304,0.0132,0.013239,0.01328,0.01348,0.01332,0.01332,0.02472,0.013319,0.01376,0.01332,0.01304,0.01324,0.01352,0.01308]",32,4,2048,768,151936,True,True,False,1970,3,50,1,2048,768,generic,generic,,,CUDA_EVENT,BF16,none
0.00812000036239624,0.04715999960899353,0.01441955003887415,0.013220000080764294,0.005035385459539572,100.0,6.0,"[0.02784,0.0142,0.01856,0.01156,0.0174,0.0102,0.02412,0.01988,0.016239,0.0126,0.01796,0.00984,0.01728,0.01008,0.02164,0.0132,0.01492,0.01116,0.01712,0.0126,0.01388,0.01132,0.00812,0.010799,0.01644,0.01124,0.01472,0.01052,0.01452,0.0118,0.01628,0.01048,0.01524,0.01188,0.01372,0.01036,0.01636,0.01004,0.01328,0.0114,0.01592,0.00992,0.01416,0.01156,0.01472,0.0134,0.0174,0.01044,0.01296,0.01076,0.03004,0.028,0.0172,0.01204,0.01576,0.01192,0.00876,0.011919,0.01476,0.01188,0.01648,0.01124,0.01708,0.01152,0.01464,0.01148,0.01832,0.01072,0.01492,0.01016,0.01324,0.00968,0.01316,0.01292,0.01192,0.012519,0.01592,0.01184,0.0158,0.012,0.01416,0.01316,0.01424,0.01068,0.01588,0.01064,0.0176,0.01108,0.01736,0.01,0.0148,0.01236,0.02724,0.04716,0.01736,0.01796,0.01588,0.011679,0.0162,0.01184,0.01624,0.01232,0.01588,0.01204,0.01608,0.012]",0.016839999705553055,0.0321200005710125,0.020199940130114554,0.01931999996304512,0.00277283551031399,50.0,3.0,"[0.02528,0.02084,0.01904,0.03092,0.02,0.0192,0.01932,0.01912,0.01928,0.018119,0.01912,0.0202,0.01944,0.01932,0.01932,0.01912,0.01936,0.0192,0.01964,0.01948,0.02556,0.01936,0.01908,0.01932,0.019319,0.03212,0.02368,0.01928,0.01916,0.01984,0.01992,0.0192,0.02024,0.02084,0.02008,0.018959,0.01956,0.01884,0.01976,0.01916,0.02012,0.019,0.01924,0.019,0.0194,0.01972,0.02648,0.01684,0.01912,0.01944,0.01932,0.01912,0.01976]",0.12539899349212646,0.19515900313854218,0.1336747393012047,0.13047949969768524,0.012647982390067447,50,3,"[0.256079,0.135599,0.131559,0.14976,0.13392,0.131239,0.13056,0.131759,0.13232,0.13172,0.129679,0.12896,0.130799,0.13216,0.157919,0.12984,0.131719,0.12836,0.130839,0.12752,0.125399,0.1302,0.131319,0.13044,0.13208,0.195159,0.126599,0.12968,0.12944,0.129319,0.1294,0.131439,0.13248,0.129359,0.12896,0.12896,0.128679,0.13056,0.130519,0.13008,0.130159,0.1304,0.129239,0.1302,0.129719,0.12952,0.185999,0.13112,0.13192,0.131599,0.13144,0.133239,0.130039]",0.063960000872612,0.19227899610996246,0.06914132043719291,0.06464000046253204,0.019975660302104663,50,3,"[0.076279,0.06444,0.06488,0.06492,0.06444,0.06456,0.065319,0.06448,0.064119,0.06476,0.06492,0.0656,0.06396,0.06888,0.0648,0.064119,0.0646,0.064599,0.06452,0.064639,0.06892,0.064119,0.06508,0.064839,0.07844,0.13108,0.06484,0.06404,0.06456,0.06456,0.06432,0.06736,0.065879,0.06428,0.06452,0.0646,0.06464,0.065,0.0644,0.06484,0.06452,0.064679,0.06784,0.064519,0.06492,0.067439,0.192279,0.064319,0.06464,0.06476,0.064279,0.06504,0.06428]",0.03668000176548958,0.09347999840974808,0.043022239804267885,0.037459999322891235,0.011936312458328326,50,3,"[0.14948,0.05452,0.0376,0.05724,0.046839,0.03748,0.0372,0.03744,0.0418,0.04432,0.03732,0.036799,0.03704,0.037079,0.0374,0.03732,0.03716,0.03736,0.0372,0.03712,0.03752,0.037,0.03808,0.03696,0.090359,0.065359,0.0544,0.0418,0.048679,0.04004,0.03676,0.03744,0.03668,0.04212,0.03788,0.04056,0.03744,0.041359,0.03732,0.0372,0.03704,0.03736,0.037,0.03704,0.04072,0.0606,0.09348,0.05408,0.044319,0.044,0.03728,0.03888,0.04024]",0.012839999981224537,0.03164000064134598,0.013910360001027584,0.013119500130414963,0.0031989159591457087,50.0,3.0,"[0.01324,0.013439,0.01316,0.01308,0.01368,0.01296,0.01424,0.01304,0.01364,0.013039,0.01284,0.01332,0.01308,0.01328,0.01308,0.013,0.01312,0.01304,0.01348,0.013,0.01316,0.01328,0.01348,0.01348,0.03164,0.0136,0.01296,0.01284,0.013,0.01292,0.01308,0.013,0.01792,0.01292,0.01352,0.013119,0.01292,0.0132,0.013,0.01316,0.01336,0.01296,0.0132,0.01304,0.01308,0.02628,0.0132,0.013,0.01324,0.01372,0.0132,0.01316,0.01296]",32,4,2048,768,151936,True,True,False,1961,3,50,1,2048,768,generic,generic,,,CUDA_EVENT,BF16,none
0.007360000163316727,0.029600000008940697,0.014508370012044906,0.014220000244677067,0.003730243622182148,100.0,6.0,"[0.0276,0.01512,0.01968,0.01184,0.01812,0.0102,0.0268,0.01888,0.01748,0.0134,0.01708,0.01304,0.01616,0.01236,0.01736,0.01144,0.01816,0.0122,0.01736,0.01004,0.01636,0.01208,0.018039,0.00736,0.01732,0.01044,0.01504,0.01368,0.00796,0.01168,0.0148,0.01136,0.01616,0.01168,0.016,0.01168,0.015519,0.01244,0.01784,0.01032,0.01852,0.00952,0.01752,0.0102,0.0148,0.01248,0.01676,0.01268,0.01408,0.01076,0.02748,0.01976,0.01592,0.00968,0.016959,0.01272,0.01752,0.01384,0.01256,0.01144,0.01748,0.01232,0.01588,0.01188,0.01436,0.0116,0.01492,0.0116,0.016,0.0126,0.01772,0.0162,0.01096,0.01012,0.01436,0.01156,0.01528,0.01092,0.01588,0.01388,0.0162,0.0108,0.01836,0.01084,0.01544,0.01128,0.0156,0.0108,0.01524,0.01204,0.01612,0.01068,0.0296,0.02136,0.01856,0.01292,0.01804,0.01104,0.01676,0.0124,0.01748,0.01224,0.01564,0.0122,0.01672,0.01224]",0.01696000061929226,0.03167999908328056,0.020239080116152764,0.019680000841617584,0.002501930478757903,50.0,3.0,"[0.02908,0.02148,0.0208,0.03028,0.020079,0.01968,0.01992,0.01916,0.02092,0.019719,0.02008,0.01992,0.01828,0.01996,0.01936,0.01944,0.023239,0.01944,0.01976,0.0192,0.01952,0.02016,0.0194,0.01768,0.01972,0.02576,0.0206,0.0196,0.01932,0.01944,0.019599,0.02056,0.01968,0.01956,0.01972,0.01908,0.01988,0.01996,0.02076,0.0204,0.0196,0.01696,0.01948,0.01936,0.019159,0.01948,0.03168,0.02036,0.01948,0.018599,0.01968,0.01956,0.01972]",0.12860000133514404,0.21796000003814697,0.13717956095933914,0.13291949778795242,0.016620457002263746,50,3,"[0.258519,0.141319,0.13348,0.17672,0.1356,0.133479,0.13392,0.135239,0.1342,0.13288,0.137639,0.13312,0.131199,0.1332,0.161359,0.13168,0.1286,0.131759,0.13476,0.131079,0.13172,0.130359,0.12944,0.129959,0.13304,0.200559,0.133559,0.13188,0.130799,0.13096,0.1312,0.132079,0.13208,0.132999,0.1342,0.13364,0.131519,0.1362,0.132959,0.13216,0.131519,0.13308,0.131519,0.13124,0.13096,0.131559,0.21796,0.136759,0.13484,0.13372,0.130199,0.1368,0.131079]",0.06571999937295914,0.18591900169849396,0.07027491986751556,0.06661950051784515,0.017529859184685394,50,3,"[0.08512,0.06852,0.067039,0.066719,0.0666,0.06744,0.066639,0.06684,0.066679,0.06924,0.06668,0.0666,0.0664,0.066719,0.06644,0.066279,0.06664,0.06916,0.06644,0.06628,0.067079,0.06656,0.066199,0.06652,0.07352,0.10776,0.06608,0.06652,0.06864,0.066359,0.06636,0.06624,0.06616,0.06676,0.069039,0.06616,0.06664,0.0666,0.06656,0.069359,0.06656,0.066599,0.06592,0.067599,0.06672,0.0708,0.185919,0.06676,0.066679,0.06572,0.06924,0.06604,0.06628]",0.03759999945759773,0.1207600012421608,0.04584709994494915,0.04137999936938286,0.013668818218321546,50,3,"[0.152119,0.05432,0.04216,0.06688,0.053479,0.03816,0.04296,0.03988,0.03836,0.03932,0.0384,0.038359,0.04352,0.03844,0.04576,0.03836,0.03816,0.03792,0.03796,0.038,0.03776,0.04092,0.03968,0.04436,0.12076,0.06776,0.05856,0.048439,0.0552,0.04732,0.04504,0.0452,0.0416,0.04252,0.0376,0.03792,0.03804,0.044599,0.03772,0.04132,0.03792,0.03812,0.03788,0.0376,0.03776,0.05804,0.07424,0.0536,0.0484,0.049159,0.04144,0.04748,0.04448]",0.012679999694228172,0.02731899917125702,0.013669479954987764,0.012919999659061432,0.0026600603492222003,50.0,3.0,"[0.01308,0.01324,0.013,0.01308,0.01324,0.01308,0.01296,0.01288,0.01316,0.012999,0.01304,0.01632,0.01284,0.01288,0.01288,0.01304,0.012799,0.013,0.01296,0.01268,0.01284,0.01276,0.01332,0.01272,0.027319,0.01292,0.01312,0.0138,0.01276,0.01284,0.012959,0.01288,0.01276,0.01284,0.01704,0.01288,0.01292,0.01288,0.01284,0.01292,0.0128,0.01292,0.0128,0.01288,0.012719,0.02476,0.013679,0.0136,0.01284,0.01284,0.01292,0.01284,0.01472]",32,4,2048,768,151936,True,True,False,1963,3,50,1,2048,768,generic,generic,,,CUDA_EVENT,BF16,none
0.008080000057816505,0.03627900034189224,0.013980750013142824,0.013259999919682741,0.0038127067259963476,100.0,6.0,"[0.02664,0.01612,0.0194,0.01156,0.017599,0.01152,0.026,0.01948,0.01564,0.01196,0.01464,0.01116,0.01452,0.01104,0.01412,0.01164,0.01296,0.0122,0.0138,0.01148,0.01672,0.00808,0.016,0.01192,0.01388,0.01112,0.01524,0.01148,0.01564,0.01048,0.016,0.01196,0.01576,0.00976,0.01324,0.01328,0.01368,0.01084,0.01244,0.01148,0.00868,0.01104,0.01428,0.01136,0.01404,0.01156,0.0138,0.01364,0.01592,0.01132,0.036279,0.01872,0.01636,0.01272,0.01512,0.01312,0.01576,0.01216,0.01072,0.01192,0.01732,0.01172,0.014759,0.01192,0.01504,0.01168,0.01584,0.0124,0.0154,0.01208,0.0162,0.00976,0.01596,0.0098,0.0166,0.01076,0.01576,0.01172,0.0146,0.0114,0.0176,0.008399,0.0156,0.01104,0.01492,0.010759,0.01792,0.01216,0.01776,0.010239,0.0144,0.01216,0.02728,0.02056,0.01752,0.0126,0.01388,0.01276,0.0156,0.0124,0.01584,0.0122,0.01648,0.012,0.01528,0.01184]",0.017160000279545784,0.026319999247789383,0.02019037999212742,0.019739999435842037,0.0018801386757511457,50.0,3.0,"[0.0268,0.02132,0.01968,0.02472,0.02052,0.0198,0.02416,0.01928,0.01944,0.01992,0.02268,0.01952,0.019239,0.01984,0.0194,0.01972,0.01928,0.01984,0.01948,0.01792,0.0194,0.0202,0.01992,0.0196,0.02032,0.02632,0.01996,0.02072,0.0206,0.01916,0.01964,0.02052,0.0194,0.01968,0.02004,0.01908,0.02012,0.01908,0.01932,0.01924,0.02488,0.01944,0.01884,0.01716,0.019,0.01848,0.02592,0.02064,0.0176,0.02016,0.02052,0.02004,0.01976]",0.12511999905109406,0.2096800059080124,0.13687310010194778,0.13329949975013733,0.01442040284258635,50,3,"[0.265519,0.140959,0.13436,0.155518,0.135559,0.13424,0.134319,0.13392,0.133159,0.13488,0.129719,0.13224,0.1334,0.133239,0.16764,0.134439,0.13312,0.132839,0.1322,0.134079,0.13252,0.132279,0.13296,0.133359,0.13912,0.1908,0.13444,0.131199,0.13308,0.13268,0.131479,0.13484,0.133399,0.13708,0.133599,0.13216,0.135119,0.133559,0.13324,0.130799,0.12512,0.129559,0.13404,0.132239,0.13048,0.130199,0.20968,0.136759,0.13408,0.132759,0.13036,0.1324,0.133759]",0.06483999639749527,0.18615899980068207,0.06886851981282234,0.0655599981546402,0.017027659815356297,50,3,"[0.08148,0.06732,0.06624,0.06536,0.06608,0.06536,0.06608,0.065159,0.06556,0.066039,0.0658,0.065719,0.0656,0.066,0.06576,0.06492,0.065719,0.0688,0.065719,0.06792,0.065239,0.06988,0.065159,0.06572,0.075439,0.0838,0.065399,0.06536,0.068279,0.06524,0.06512,0.06484,0.06532,0.065519,0.06536,0.065359,0.06532,0.06528,0.06508,0.06828,0.06512,0.06492,0.06512,0.0652,0.0654,0.06812,0.186159,0.06576,0.06528,0.06556,0.068599,0.06576,0.06584]",0.038600001484155655,0.11191999912261963,0.04345586016774178,0.039159998297691345,0.012587425728560921,50,3,"[0.150519,0.04604,0.039479,0.0494,0.04264,0.03976,0.03916,0.03916,0.03956,0.0394,0.0394,0.0392,0.0392,0.03904,0.038919,0.03884,0.03896,0.03928,0.03936,0.03892,0.03892,0.03912,0.03924,0.03916,0.11192,0.06648,0.04488,0.04716,0.03884,0.043999,0.03864,0.038759,0.0386,0.03924,0.03876,0.03864,0.0386,0.0388,0.038679,0.03888,0.038959,0.03872,0.038919,0.039,0.041359,0.07696,0.07072,0.04848,0.04604,0.039,0.03916,0.039,0.03896]",0.012959999963641167,0.031039999797940254,0.013953559920191766,0.013279999606311321,0.0030250376435527466,50.0,3.0,"[0.01364,0.01344,0.01352,0.013399,0.0134,0.01324,0.01324,0.01444,0.01328,0.01332,0.01332,0.0134,0.013359,0.0132,0.0142,0.01312,0.0134,0.0132,0.01324,0.01344,0.01332,0.01352,0.0134,0.01472,0.02588,0.01328,0.01348,0.01308,0.01332,0.0132,0.01324,0.01296,0.01312,0.01332,0.01308,0.01428,0.01316,0.0132,0.01328,0.01312,0.01324,0.0132,0.01312,0.01308,0.01356,0.03104,0.01308,0.01328,0.01316,0.01332,0.01308,0.0132,0.01316]",32,4,2048,768,151936,True,True,False,1962,3,50,1,2048,768,generic,generic,,,CUDA_EVENT,BF16,none
,,,,,,,,,,,,,,,,0.094480000436306,0.2227189987897873,0.10811390027403832,0.10209999978542328,0.021205656997179904,50,3,"[171.593826,0.148999,0.10604,0.120559,0.113079,0.107839,0.103599,0.102799,0.102239,0.10204,0.10176,0.10692,0.09944,0.10168,0.10408,0.100399,0.104199,0.10112,0.1016,0.107,0.116319,0.130639,0.099119,0.108719,0.101599,0.105879,0.104879,0.100359,0.10116,0.10096,0.10368,0.09968,0.09448,0.099919,0.102799,0.09944,0.222719,0.1048,0.10428,0.10052,0.09944,0.100679,0.101359,0.101959,0.100559,0.10864,0.108079,0.106439,0.10188,0.1014,0.09996,0.10216,0.19084]",0.07587999850511551,0.20539900660514832,0.09044216021895408,0.08393999934196472,0.024535973491527755,50,3,"[13.546624,0.12272,0.09312,0.10364,0.09624,0.0844,0.08124,0.086,0.08268,0.086359,0.079639,0.079199,0.08368,0.07968,0.08312,0.07836,0.07976,0.083999,0.077519,0.172359,0.0944,0.09352,0.09168,0.0974,0.0836,0.08668,0.091,0.08484,0.08464,0.078719,0.082559,0.07768,0.08204,0.07724,0.0772,0.088679,0.17232,0.09384,0.08916,0.08544,0.08396,0.08228,0.08392,0.09296,0.08432,0.083519,0.0856,0.08376,0.0762,0.076359,0.07744,0.07588,0.205399]",0.04788000136613846,0.10771899670362473,0.05388221986591816,0.05137999914586544,0.010408367008162868,50,3,"[0.335719,0.057319,0.053959,0.0588,0.05324,0.05176,0.05172,0.05168,0.05104,0.0552,0.05136,0.0508,0.051199,0.050079,0.05228,0.05036,0.05,0.05072,0.05092,0.09988,0.05236,0.051,0.05032,0.0526,0.05696,0.05136,0.05204,0.05152,0.05048,0.05156,0.05008,0.050159,0.0528,0.04968,0.0498,0.05548,0.056479,0.052839,0.051039,0.050159,0.05024,0.05404,0.04788,0.0528,0.05032,0.05088,0.05244,0.05308,0.0514,0.05076,0.05232,0.050479,0.107719]",,,,,,,,,32,4,2048,768,151936,True,True,False,1984,3,50,2,2048,768,generic,generic,,,CUDA_EVENT,BF16,none
,,,,,,,,,,,,,,,,0.09203899651765823,0.23707899451255798,0.10583799973130226,0.10025999695062637,0.024981513837531766,50,3,"[0.234839,0.108039,0.101599,0.12236,0.10328,0.10108,0.10156,0.097079,0.100599,0.100919,0.1002,0.09808,0.1,0.1002,0.10232,0.101119,0.101479,0.099959,0.092039,0.10248,0.11528,0.10132,0.09948,0.099279,0.102919,0.100439,0.102519,0.100799,0.10004,0.1002,0.09848,0.09888,0.09816,0.098519,0.099279,0.10452,0.237079,0.10412,0.10196,0.10112,0.09992,0.10032,0.09972,0.098159,0.099599,0.100719,0.09932,0.09988,0.10128,0.0984,0.09684,0.093919,0.214679]",0.07143999636173248,0.20127899944782257,0.08710220009088517,0.08201999962329865,0.022889574682618586,50,3,"[0.10976,0.09056,0.08576,0.09632,0.08232,0.0794,0.08036,0.07804,0.0744,0.0794,0.078119,0.077879,0.08388,0.07808,0.08192,0.08024,0.08248,0.0836,0.0792,0.186879,0.09012,0.0882,0.09268,0.083,0.08708,0.08308,0.08088,0.08408,0.080919,0.078959,0.077239,0.07696,0.0762,0.08224,0.07756,0.081839,0.11588,0.0916,0.0878,0.08468,0.08628,0.08732,0.08248,0.08696,0.08212,0.08252,0.078159,0.080879,0.07144,0.07892,0.077,0.07624,0.201279]",0.04751800000667572,0.10283999890089035,0.05249965995550156,0.05058000050485134,0.008954471997356642,50,3,"[0.138559,0.05328,0.05152,0.052919,0.051879,0.050959,0.05132,0.05068,0.0514,0.05056,0.05092,0.0494,0.051799,0.050039,0.05028,0.05028,0.04948,0.05056,0.04972,0.087119,0.051319,0.050079,0.049919,0.04968,0.05148,0.05236,0.05064,0.0514,0.05056,0.0548,0.0506,0.050439,0.04956,0.05096,0.04948,0.04996,0.052319,0.05208,0.05,0.049839,0.049879,0.051319,0.04972,0.05808,0.05132,0.05068,0.04884,0.05112,0.048479,0.047518,0.04884,0.04956,0.10284]",,,,,,,,,32,4,2048,768,151936,True,True,False,1976,3,50,2,2048,768,generic,generic,,,CUDA_EVENT,BF16,none
,,,,,,,,,,,,,,,,0.0974389985203743,0.2155590057373047,0.10548763990402221,0.10012000054121017,0.019492246419515604,50,3,"[0.239079,0.11248,0.10236,0.119279,0.105679,0.099359,0.0994,0.0986,0.1062,0.09916,0.0996,0.097439,0.100999,0.10008,0.12712,0.09904,0.09856,0.09856,0.09772,0.101799,0.11672,0.10148,0.10476,0.09856,0.10344,0.10016,0.09956,0.10144,0.10236,0.098559,0.099399,0.101479,0.09876,0.09976,0.09768,0.10288,0.215559,0.105399,0.10256,0.100399,0.099039,0.102559,0.100319,0.09984,0.09892,0.10476,0.10028,0.10036,0.09884,0.097599,0.099639,0.0984,0.174319]",0.07472000271081924,0.19380000233650208,0.08757810041308403,0.08074000105261803,0.021508154663564896,50,3,"[0.106279,0.096599,0.08144,0.09892,0.08436,0.07912,0.091319,0.077799,0.080479,0.07892,0.08032,0.07796,0.07528,0.08028,0.08004,0.077319,0.07808,0.0774,0.0796,0.16944,0.100119,0.087079,0.089719,0.082999,0.083519,0.0882,0.08028,0.08628,0.08076,0.08672,0.0798,0.08072,0.08068,0.077199,0.079199,0.07472,0.13728,0.09184,0.08236,0.09224,0.08388,0.08816,0.08412,0.082599,0.081919,0.077399,0.07988,0.07896,0.08256,0.0756,0.08344,0.078239,0.1938]",0.04500000178813934,0.09911999851465225,0.052724659964442255,0.05065949819982052,0.008713483276753694,50,3,"[0.1356,0.052,0.04984,0.05348,0.05308,0.05008,0.0518,0.05012,0.045,0.049759,0.047679,0.05008,0.05108,0.04968,0.05088,0.04964,0.04972,0.050679,0.04972,0.08872,0.05232,0.05092,0.04976,0.05004,0.05064,0.05188,0.050519,0.053519,0.051,0.05656,0.05076,0.048,0.05236,0.05276,0.04988,0.049359,0.05548,0.05292,0.0498,0.05384,0.04944,0.0502,0.05008,0.05148,0.051,0.0518,0.05708,0.051159,0.0506,0.0504,0.05028,0.05008,0.09912]",,,,,,,,,32,4,2048,768,151936,True,True,False,1968,3,50,2,2048,768,generic,generic,,,CUDA_EVENT,BF16,none
,,,,,,,,,,,,,,,,0.09675999730825424,0.2430800050497055,0.10603561997413635,0.10019949823617935,0.02312761732186866,50,3,"[0.234039,0.106359,0.100599,0.11696,0.10204,0.10068,0.10004,0.1008,0.104479,0.100199,0.099839,0.09808,0.1004,0.0998,0.12768,0.099639,0.099999,0.098079,0.1002,0.10876,0.110839,0.101199,0.101399,0.103319,0.100919,0.09848,0.1022,0.10088,0.09848,0.09908,0.09952,0.108719,0.099159,0.0996,0.0974,0.09912,0.24308,0.103079,0.101639,0.101918,0.10012,0.1058,0.09676,0.10144,0.09848,0.10056,0.09876,0.099879,0.097079,0.09896,0.09748,0.09744,0.18132]",0.07499899715185165,0.22067900002002716,0.08759487971663475,0.0816200003027916,0.02438133397266222,50,3,"[0.10632,0.09624,0.08408,0.09396,0.08868,0.08428,0.09096,0.08432,0.0822,0.07672,0.07908,0.076079,0.07912,0.07768,0.08308,0.07668,0.076,0.07764,0.077919,0.220679,0.09904,0.08552,0.08552,0.0802,0.08308,0.081039,0.080719,0.084119,0.07992,0.08372,0.07796,0.0796,0.076,0.078599,0.076679,0.0778,0.137719,0.09056,0.08568,0.09244,0.085919,0.087959,0.085239,0.083319,0.08156,0.08168,0.07716,0.07792,0.0756,0.074999,0.082359,0.07588,0.169159]",0.04831999912858009,0.1008789986371994,0.05325663983821869,0.050940001383423805,0.009064627122937867,50,3,"[0.132879,0.05312,0.05192,0.05292,0.05772,0.05148,0.051959,0.05064,0.05104,0.05012,0.05264,0.04984,0.04984,0.049439,0.050679,0.06036,0.05044,0.05048,0.0508,0.100879,0.05268,0.04984,0.04948,0.05084,0.04952,0.05148,0.05192,0.05308,0.05124,0.051559,0.05104,0.05084,0.05004,0.04832,0.05012,0.050359,0.0552,0.05276,0.05052,0.05104,0.05116,0.05216,0.05036,0.0538,0.0504,0.052759,0.05176,0.04968,0.05576,0.05024,0.05072,0.049359,0.09152]",,,,,,,,,32,4,2048,768,151936,True,True,False,1960,3,50,2,2048,768,generic,generic,,,CUDA_EVENT,BF16,none
,,,,,,,,,,,,,,,,0.09883899986743927,0.20652000606060028,0.10856054022908211,0.10229950025677681,0.021102298612884242,50,3,"[173.180389,0.18644,0.120919,0.120759,0.107079,0.10568,0.1064,0.11156,0.1026,0.10144,0.10236,0.10056,0.10692,0.10112,0.10192,0.10036,0.10092,0.10092,0.10152,0.15252,0.115199,0.108719,0.102359,0.12064,0.10008,0.10872,0.10292,0.10424,0.10128,0.09904,0.10456,0.10016,0.09976,0.099,0.099,0.09896,0.20652,0.104759,0.10224,0.10084,0.10024,0.106,0.1018,0.10288,0.10084,0.09972,0.107279,0.105239,0.102519,0.099279,0.098839,0.099599,0.200159]",0.08348000049591064,0.1937990039587021,0.09693741977214813,0.09195949882268906,0.01974899638622475,50,3,"[14.40218,0.152559,0.1096,0.10928,0.10224,0.12004,0.08848,0.09036,0.0866,0.09,0.08808,0.08536,0.0928,0.08468,0.09416,0.0844,0.0886,0.09332,0.08552,0.171479,0.10284,0.09884,0.10276,0.0956,0.09288,0.09304,0.092199,0.097159,0.093759,0.088639,0.093479,0.086239,0.089159,0.0854,0.08348,0.09712,0.13256,0.10444,0.09608,0.09068,0.09248,0.09672,0.09144,0.09088,0.08812,0.09056,0.09668,0.09172,0.08348,0.08704,0.08672,0.08548,0.193799]",0.04707999899983406,0.12099999934434891,0.05321968011558056,0.05018000118434429,0.012604878273571731,50,3,"[0.415479,0.0628,0.058599,0.0524,0.052199,0.06188,0.05056,0.05088,0.04964,0.05184,0.05008,0.05072,0.0492,0.049679,0.051879,0.049039,0.049959,0.050639,0.049,0.10604,0.05152,0.04928,0.04988,0.054439,0.050999,0.05204,0.04968,0.05,0.04944,0.0494,0.0498,0.04708,0.0488,0.054,0.048639,0.050039,0.05508,0.05192,0.050879,0.052799,0.048439,0.052599,0.051959,0.04872,0.04912,0.050639,0.05132,0.04936,0.04844,0.04872,0.04904,0.05028,0.121]",,,,,,,,,32,4,2048,768,151936,True,True,False,1985,3,50,2,2048,768,generic,generic,,,CUDA_EVENT,BF16,none
,,,,,,,,,,,,,,,,0.09643899649381638,0.2332790046930313,0.10565728023648262,0.10015949979424477,0.02236088015773773,50,3,"[0.245919,0.10796,0.10376,0.12032,0.10284,0.09988,0.10084,0.0996,0.0996,0.09968,0.0988,0.09876,0.10036,0.09972,0.09916,0.1004,0.09924,0.10128,0.10056,0.11772,0.112039,0.100039,0.099639,0.107239,0.100039,0.101759,0.101039,0.100239,0.100719,0.100039,0.1032,0.09828,0.10076,0.10056,0.0986,0.09832,0.233279,0.10436,0.10216,0.10008,0.09904,0.09948,0.09884,0.0996,0.10056,0.10032,0.099319,0.101479,0.100479,0.096439,0.09896,0.09872,0.188479]",0.07971999794244766,0.20180000364780426,0.09526215985417366,0.08951999992132187,0.02289613861881408,50,3,"[0.11408,0.10196,0.08932,0.100159,0.094399,0.08576,0.092719,0.087679,0.091479,0.089319,0.087519,0.08412,0.08676,0.08476,0.08968,0.09456,0.0884,0.08992,0.08724,0.193479,0.09992,0.10016,0.0948,0.096,0.08936,0.09512,0.09044,0.09208,0.09724,0.0866,0.08632,0.084079,0.084199,0.085359,0.08584,0.08588,0.14584,0.10116,0.09288,0.09116,0.09352,0.0916,0.09272,0.0964,0.08908,0.08564,0.08656,0.08284,0.07972,0.08376,0.08472,0.082359,0.2018]",0.04763999953866005,0.10320000350475311,0.05142531998455525,0.04923899844288826,0.008954445687564063,50,3,"[0.138479,0.052999,0.050319,0.05224,0.05064,0.05152,0.04968,0.04896,0.05456,0.0494,0.05348,0.0484,0.0486,0.051999,0.04944,0.0492,0.048839,0.048639,0.048559,0.08324,0.05036,0.04928,0.04828,0.048,0.04948,0.0516,0.0502,0.04928,0.04928,0.04896,0.04812,0.0482,0.05244,0.04764,0.04768,0.048159,0.0546,0.050799,0.048679,0.048279,0.048519,0.055119,0.048279,0.050959,0.049278,0.04972,0.04836,0.048,0.04776,0.04892,0.04864,0.0478,0.1032]",,,,,,,,,32,4,2048,768,151936,True,True,False,1977,3,50,2,2048,768,generic,generic,,,CUDA_EVENT,BF16,none
,,,,,,,,,,,,,,,,0.09299899637699127,0.23131999373435974,0.10883959949016571,0.10313950106501579,0.023369557765580543,50,3,"[172.197281,0.159639,0.11056,0.122519,0.1078,0.10576,0.10428,0.10556,0.1022,0.10312,0.1028,0.09888,0.10144,0.10484,0.10636,0.10036,0.09932,0.10048,0.09988,0.12032,0.118319,0.10236,0.09732,0.11312,0.10816,0.112399,0.104839,0.102119,0.103159,0.101799,0.106479,0.100399,0.092999,0.100759,0.102039,0.101119,0.23132,0.104239,0.1034,0.1022,0.10444,0.10376,0.10244,0.10504,0.10184,0.10328,0.110039,0.102719,0.099439,0.101679,0.103199,0.101479,0.20816]",0.08640000224113464,0.23511900007724762,0.10112915992736816,0.09641949832439423,0.02424046539953315,50,3,"[13.916012,0.13648,0.09852,0.11128,0.10264,0.095679,0.089119,0.103319,0.090199,0.092999,0.087239,0.086839,0.099119,0.090239,0.092999,0.089319,0.086639,0.095679,0.091519,0.180959,0.10812,0.09648,0.1038,0.104439,0.096559,0.09956,0.09784,0.09852,0.09772,0.09212,0.09764,0.09096,0.09532,0.08964,0.08668,0.09992,0.144719,0.10828,0.0982,0.10096,0.0984,0.0976,0.09456,0.096359,0.099719,0.090119,0.10064,0.09268,0.08704,0.0864,0.0918,0.09276,0.235119]",0.04715999960899353,0.119998998939991,0.053058260008692744,0.05007999949157238,0.013355061419197562,50,3,"[0.439958,0.05684,0.057639,0.0572,0.05472,0.05076,0.04952,0.05052,0.04944,0.05016,0.05924,0.04824,0.05072,0.04892,0.04976,0.04812,0.04884,0.04984,0.04864,0.115119,0.05056,0.048679,0.049639,0.05136,0.05148,0.05128,0.05016,0.05112,0.0502,0.05012,0.0538,0.04756,0.0504,0.049,0.04824,0.05144,0.0534,0.0518,0.048879,0.049599,0.049479,0.05216,0.04716,0.0494,0.0502,0.04916,0.05104,0.04964,0.04844,0.05004,0.04856,0.04916,0.119999]",,,,,,,,,32,4,2048,768,151936,True,True,False,1983,3,50,2,2048,768,generic,generic,,,CUDA_EVENT,BF16,none
,,,,,,,,,,,,,,,,0.09239999949932098,0.12312000244855881,0.10213096037507058,0.1007395014166832,0.004946312039644618,50,3,"[167.872131,0.150319,0.10664,0.11252,0.10856,0.1016,0.10176,0.10488,0.10852,0.10436,0.10116,0.100799,0.100399,0.107599,0.09912,0.10484,0.09936,0.09996,0.1014,0.10068,0.10628,0.096959,0.100119,0.11148,0.100879,0.10136,0.103,0.10676,0.09932,0.10144,0.101159,0.099839,0.098239,0.09872,0.0988,0.09832,0.10324,0.09712,0.0924,0.097519,0.09884,0.09924,0.09892,0.10864,0.10048,0.0988,0.10712,0.1032,0.099319,0.098359,0.09936,0.10068,0.12312]",0.08107899874448776,0.12083999812602997,0.08829247996211052,0.08788000047206879,0.006021615493855895,50,3,"[13.925594,0.12872,0.097079,0.093639,0.094159,0.084439,0.090239,0.09228,0.08616,0.09016,0.08296,0.08128,0.09312,0.0878,0.08696,0.081079,0.089039,0.088,0.088,0.12084,0.08748,0.08136,0.09036,0.09364,0.08824,0.096479,0.086039,0.095759,0.08472,0.08528,0.09028,0.08488,0.08592,0.082599,0.088079,0.0908,0.08588,0.0908,0.0838,0.0844,0.08424,0.089199,0.084999,0.08816,0.08668,0.08796,0.09444,0.0856,0.08172,0.08428,0.088399,0.083999,0.087999]",0.043960001319646835,0.05412000045180321,0.049267020151019095,0.04927999898791313,0.001530797460045828,50,3,"[0.321639,0.05644,0.05172,0.05112,0.05208,0.05052,0.05412,0.050439,0.050159,0.050799,0.04912,0.05116,0.04904,0.05208,0.04936,0.04956,0.04828,0.04944,0.050599,0.050239,0.04396,0.04752,0.04872,0.04956,0.04912,0.05076,0.04844,0.04932,0.0478,0.047719,0.04848,0.04836,0.04924,0.04804,0.04956,0.047999,0.04844,0.0488,0.04676,0.04816,0.04812,0.04968,0.04744,0.04936,0.048319,0.04956,0.049919,0.05052,0.04928,0.04964,0.04876,0.0486,0.04928]",,,,,,,,,32,4,2048,768,151936,True,True,False,1978,3,50,2,2048,768,generic,generic,,,CUDA_EVENT,BF16,none
,,,,,,,,,,,,,,,,0.09775999933481216,0.20923900604248047,0.10572511985898018,0.10023999959230423,0.01960844387130385,50,3,"[0.23412,0.10716,0.102559,0.11652,0.10276,0.10604,0.10032,0.09792,0.09888,0.09992,0.100479,0.099359,0.101639,0.098959,0.130759,0.098679,0.099599,0.099319,0.099119,0.126239,0.11496,0.10148,0.09796,0.09968,0.09832,0.1006,0.10176,0.10176,0.0998,0.09884,0.09824,0.1002,0.09996,0.09856,0.098839,0.098199,0.209239,0.105039,0.101279,0.100679,0.101439,0.099879,0.099879,0.100919,0.100319,0.102199,0.100959,0.10064,0.10028,0.09932,0.09776,0.09908,0.181679]",0.08347900211811066,0.20216000080108643,0.09530867993831635,0.08941999822854996,0.023027792671986666,50,3,"[0.112239,0.099999,0.09032,0.10824,0.09252,0.0862,0.0914,0.08524,0.08448,0.08528,0.08876,0.08648,0.08924,0.08936,0.09236,0.08824,0.08624,0.08948,0.0856,0.19448,0.10148,0.09292,0.092799,0.09196,0.09056,0.09644,0.0898,0.087799,0.08984,0.08612,0.0842,0.08432,0.0906,0.08372,0.08456,0.08592,0.147039,0.09328,0.09768,0.09568,0.09632,0.0938,0.09292,0.09068,0.0892,0.09512,0.08844,0.08828,0.083479,0.084759,0.084039,0.08592,0.20216]",0.04715999960899353,0.100040003657341,0.05105420023202896,0.04894000105559826,0.0092813267257045,50,3,"[0.14044,0.05092,0.05112,0.052959,0.049999,0.049919,0.049239,0.050319,0.048599,0.05036,0.04916,0.04748,0.04896,0.04828,0.04932,0.04948,0.0484,0.04924,0.04864,0.091599,0.04892,0.04872,0.04812,0.04972,0.04892,0.054,0.04928,0.05132,0.04856,0.04776,0.049039,0.047679,0.048639,0.04716,0.04852,0.04788,0.05368,0.05056,0.04892,0.04868,0.0478,0.0496,0.04892,0.05044,0.04896,0.04932,0.04872,0.04904,0.04812,0.0482,0.04776,0.04776,0.10004]",,,,,,,,,32,4,2048,768,151936,True,True,False,1969,3,50,2,2048,768,generic,generic,,,CUDA_EVENT,BF16,none
,,,,,,,,,,,,,,,,0.09703899919986725,0.23043900728225708,0.10695809975266457,0.10139999911189079,0.022927576237879582,50,3,"[0.240439,0.109519,0.104799,0.12036,0.10164,0.10304,0.10252,0.10528,0.10116,0.1032,0.10164,0.10044,0.0998,0.10148,0.1072,0.10132,0.10352,0.10112,0.10092,0.108639,0.11656,0.1018,0.102199,0.101839,0.097039,0.100919,0.100279,0.10192,0.1004,0.102,0.09964,0.10104,0.09908,0.1,0.1002,0.1,0.230439,0.109919,0.10168,0.10108,0.10032,0.10188,0.10108,0.10256,0.10012,0.10096,0.099959,0.101279,0.103319,0.101759,0.099519,0.100719,0.203119]",0.08227899670600891,0.21755899488925934,0.09637009903788567,0.09080000221729279,0.025031647442167425,50,3,"[0.11192,0.09912,0.09816,0.104039,0.092879,0.093719,0.088359,0.095119,0.085359,0.084799,0.08736,0.09024,0.08988,0.08704,0.09296,0.08828,0.08608,0.08808,0.0854,0.217559,0.102439,0.09608,0.09376,0.09156,0.09184,0.09136,0.0894,0.097239,0.087599,0.086559,0.087559,0.082279,0.085,0.08532,0.08952,0.08272,0.133,0.09512,0.09572,0.09648,0.0994,0.09372,0.09856,0.09416,0.09224,0.08468,0.09248,0.0914,0.08356,0.08964,0.087,0.08556,0.208399]",0.04780000075697899,0.09440000355243683,0.051119759827852246,0.04877999983727932,0.008420015670466961,50,3,"[0.135879,0.05188,0.05676,0.05116,0.05084,0.0508,0.04948,0.0528,0.04872,0.048,0.0492,0.0504,0.049319,0.048919,0.0492,0.048639,0.048639,0.048599,0.047999,0.08836,0.0518,0.04824,0.0478,0.04848,0.04848,0.05684,0.0488,0.05432,0.04868,0.0482,0.04844,0.04816,0.04852,0.048159,0.048959,0.04788,0.05284,0.0506,0.0482,0.048519,0.048879,0.04876,0.04876,0.050759,0.049879,0.04856,0.04864,0.0492,0.04816,0.0498,0.04832,0.04888,0.0944]",,,,,,,,,32,4,2048,768,151936,True,True,False,1975,3,50,2,2048,768,generic,generic,,,CUDA_EVENT,BF16,none
,,,,,,,,,,,,,,,,0.09260000288486481,0.23503899574279785,0.1072093203663826,0.10182000324130058,0.021895300916823037,50,3,"[166.846893,0.147799,0.11168,0.118559,0.10604,0.10744,0.10332,0.10296,0.0926,0.10112,0.09952,0.09848,0.09984,0.10064,0.09948,0.0956,0.10196,0.0996,0.10168,0.11664,0.116239,0.104519,0.10088,0.11128,0.10896,0.1092,0.10028,0.103879,0.102319,0.10352,0.10452,0.10092,0.10012,0.10012,0.10312,0.09928,0.235039,0.09884,0.10164,0.10132,0.10228,0.10008,0.10224,0.10164,0.102719,0.103919,0.10856,0.103999,0.101279,0.099759,0.101639,0.098799,0.182079]",0.0849199965596199,0.20375899970531464,0.10096941992640496,0.0946200005710125,0.021784131641635656,50,3,"[13.367383,0.1228,0.0974,0.10648,0.10484,0.09084,0.08888,0.09688,0.08944,0.09048,0.08888,0.09388,0.09292,0.08736,0.0952,0.09012,0.08864,0.0926,0.0948,0.190479,0.10352,0.10032,0.1024,0.09996,0.104799,0.099439,0.09764,0.1342,0.0932,0.09084,0.09516,0.09204,0.09004,0.08844,0.09404,0.09448,0.12832,0.10768,0.118,0.096799,0.097999,0.092839,0.097199,0.1046,0.09244,0.09212,0.099359,0.094,0.09476,0.087,0.09344,0.08492,0.203759]",0.048158999532461166,0.09895999729633331,0.052139000073075294,0.04983950033783913,0.008564084921937108,50,3,"[0.312839,0.09052,0.05152,0.05816,0.052639,0.04944,0.0496,0.0494,0.0484,0.05212,0.04824,0.05352,0.0486,0.04912,0.0502,0.04816,0.0506,0.04904,0.05236,0.08548,0.0508,0.04864,0.055439,0.05056,0.04928,0.05316,0.05124,0.05484,0.05008,0.050079,0.053199,0.049119,0.052519,0.048159,0.048759,0.048399,0.0538,0.050439,0.04932,0.04876,0.0486,0.0496,0.05112,0.05044,0.04944,0.04868,0.05064,0.05284,0.0492,0.04848,0.04864,0.04864,0.09896]",,,,,,,,,32,4,2048,768,151936,True,True,False,1980,3,50,2,2048,768,generic,generic,,,CUDA_EVENT,BF16,none
,,,,,,,,,,,,,,,,0.09375999867916107,0.126678004860878,0.09962682023644448,0.09860000014305115,0.004347058592301588,50,3,"[0.2278,0.10556,0.10076,0.105639,0.100679,0.10168,0.09872,0.09924,0.0986,0.10152,0.09792,0.0984,0.099159,0.098159,0.105759,0.100639,0.09932,0.09844,0.1004,0.10192,0.0986,0.09848,0.09836,0.09868,0.098799,0.099559,0.098879,0.09924,0.09796,0.09376,0.09748,0.09888,0.097199,0.097399,0.098519,0.0978,0.100639,0.09812,0.0992,0.09692,0.09776,0.0984,0.09772,0.098039,0.097679,0.0974,0.0974,0.09956,0.10076,0.09852,0.098159,0.102599,0.126678]",0.07683999836444855,0.11271899938583374,0.08308685943484306,0.08193999901413918,0.00537878280228069,50,3,"[0.11312,0.092279,0.083599,0.09496,0.08524,0.087239,0.081719,0.083519,0.08256,0.07984,0.0796,0.0812,0.0852,0.07996,0.08196,0.08424,0.081879,0.083039,0.081279,0.112719,0.084639,0.08708,0.08016,0.08616,0.0808,0.0826,0.0814,0.084479,0.080279,0.08192,0.07956,0.0824,0.08536,0.07948,0.08884,0.079239,0.08508,0.080639,0.084319,0.079199,0.0796,0.082,0.0798,0.08452,0.07992,0.087479,0.079199,0.082439,0.07768,0.07972,0.07804,0.07684,0.08732]",0.047040000557899475,0.05719999969005585,0.0490558597445488,0.048419998958706856,0.002048355058099842,50,3,"[0.135,0.05064,0.0492,0.0514,0.04892,0.04888,0.04872,0.05012,0.04888,0.048279,0.052879,0.0484,0.04864,0.04808,0.04824,0.048,0.05,0.0488,0.04772,0.0572,0.04852,0.04884,0.047319,0.0522,0.04828,0.04872,0.04756,0.04852,0.04744,0.04792,0.047799,0.04792,0.04912,0.04844,0.049,0.04784,0.0478,0.04724,0.04776,0.04824,0.04704,0.054079,0.0482,0.04956,0.04708,0.05256,0.04752,0.04916,0.048279,0.049999,0.04788,0.0474,0.0544]",,,,,,,,,32,4,2048,768,151936,True,True,False,1970,3,50,2,2048,768,generic,generic,,,CUDA_EVENT,BF16,none
,,,,,,,,,,,,,,,,0.0934389978647232,0.24779899418354034,0.10575710013508796,0.10091949999332428,0.021342769532811067,50,3,"[0.235079,0.11356,0.1034,0.119719,0.104039,0.105519,0.103559,0.101559,0.102759,0.100879,0.100439,0.10052,0.09924,0.10716,0.12768,0.10108,0.09984,0.09948,0.10196,0.10804,0.118319,0.102799,0.101639,0.096239,0.100799,0.099839,0.102359,0.100239,0.105759,0.100119,0.093439,0.099919,0.099279,0.10036,0.09908,0.10124,0.247799,0.10532,0.10152,0.10228,0.0992,0.1032,0.10096,0.09772,0.10104,0.10056,0.10012,0.09916,0.09972,0.0984,0.100239,0.098599,0.127119]",0.08291900157928467,0.19767999649047852,0.0946620599925518,0.0910400003194809,0.02075182634696934,50,3,"[0.112919,0.106159,0.086239,0.10264,0.09932,0.08564,0.0944,0.08464,0.087,0.08596,0.08632,0.091119,0.085319,0.090599,0.090799,0.088279,0.084839,0.085639,0.09356,0.188999,0.10116,0.09328,0.09456,0.091,0.09244,0.09316,0.0966,0.09156,0.08336,0.08544,0.08572,0.086,0.08552,0.091639,0.082919,0.092839,0.19768,0.09772,0.092439,0.098679,0.092279,0.097719,0.090559,0.094039,0.08952,0.09108,0.09196,0.08612,0.08616,0.08452,0.08568,0.08648,0.0982]",0.047040000557899475,0.10147999972105026,0.05050792008638382,0.04901999980211258,0.007517873343933081,50,3,"[0.1314,0.05048,0.0492,0.05164,0.05176,0.0496,0.04944,0.04996,0.04876,0.0492,0.04788,0.04952,0.04768,0.0474,0.04868,0.04704,0.04832,0.04872,0.05048,0.10148,0.0498,0.05008,0.04856,0.04852,0.05132,0.05012,0.04964,0.0488,0.05072,0.04764,0.04812,0.0562,0.04844,0.0488,0.0478,0.05028,0.055559,0.05032,0.04808,0.05012,0.04792,0.05004,0.0488,0.04884,0.05448,0.04924,0.05012,0.048239,0.048599,0.04792,0.04768,0.04752,0.049519]",,,,,,,,,32,4,2048,768,151936,True,True,False,1967,3,50,2,2048,768,generic,generic,,,CUDA_EVENT,BF16,none
,,,,,,,,,,,,,,,,0.09603899717330933,0.21831899881362915,0.10643732011318206,0.10089999809861183,0.0204603140835394,50,3,"[0.22332,0.108839,0.101559,0.11692,0.10372,0.10196,0.09656,0.10092,0.09996,0.09996,0.09764,0.10044,0.09892,0.10144,0.12832,0.10112,0.09952,0.1002,0.10452,0.11092,0.115759,0.098479,0.101399,0.10408,0.105079,0.10084,0.10196,0.09972,0.09952,0.09856,0.09952,0.1036,0.100039,0.101159,0.097959,0.100479,0.218319,0.104399,0.104079,0.10592,0.10024,0.10608,0.10032,0.10084,0.1044,0.10088,0.10508,0.10048,0.10112,0.098599,0.096039,0.098799,0.18508]",0.07996000349521637,0.2487190067768097,0.09654305994510651,0.08935949951410294,0.028656616196928022,50,3,"[0.110119,0.09688,0.092,0.10332,0.09552,0.089479,0.085439,0.086799,0.090279,0.09248,0.08536,0.08564,0.08456,0.08924,0.08636,0.08872,0.0908,0.087,0.08564,0.183479,0.10316,0.09512,0.0984,0.08656,0.09556,0.09208,0.08988,0.09144,0.0906,0.09268,0.08336,0.08868,0.08496,0.08884,0.08536,0.08648,0.179479,0.10136,0.09672,0.0876,0.09272,0.08568,0.0938,0.09344,0.08956,0.08692,0.07996,0.08552,0.08276,0.08504,0.0844,0.0902,0.248719]",0.04719899967312813,0.11128000169992447,0.05191793985664844,0.049039000645279884,0.011600154332416839,50,3,"[0.13516,0.05096,0.05652,0.052239,0.05296,0.04964,0.05072,0.04988,0.0498,0.05024,0.04832,0.04896,0.048319,0.048839,0.052879,0.048199,0.048999,0.048039,0.047199,0.11128,0.05092,0.04948,0.04936,0.04828,0.05032,0.048239,0.051319,0.04884,0.049519,0.050118,0.048439,0.04984,0.04856,0.05196,0.04796,0.04916,0.05708,0.05292,0.04824,0.04876,0.049079,0.048799,0.049079,0.048639,0.048159,0.048359,0.051599,0.048439,0.048,0.0486,0.0478,0.0488,0.104719]",,,,,,,,,32,4,2048,768,151936,True,True,False,1961,3,50,2,2048,768,generic,generic,,,CUDA_EVENT,BF16,none
,,,,,,,,,,,,,,,,0.09356000274419785,0.1281599998474121,0.09948201984167099,0.09801949933171272,0.006004963371359115,50,3,"[0.2216,0.10428,0.10536,0.10404,0.09908,0.10104,0.09736,0.09872,0.097999,0.103199,0.097079,0.09804,0.09776,0.10252,0.12816,0.09824,0.09824,0.0962,0.096399,0.099199,0.103559,0.098239,0.09776,0.09732,0.09692,0.09784,0.09968,0.098399,0.098559,0.096679,0.09764,0.09736,0.09664,0.09808,0.097039,0.097439,0.098159,0.098559,0.097079,0.09652,0.09644,0.09996,0.09796,0.09796,0.101679,0.098079,0.100399,0.098559,0.09356,0.09708,0.0972,0.09612,0.12636]",0.07463999837636948,0.11952000111341476,0.08213815987110137,0.08094000071287155,0.006169075939410846,50,3,"[0.106079,0.094719,0.078479,0.086839,0.082439,0.0786,0.08104,0.08736,0.07948,0.08148,0.07988,0.081159,0.079359,0.07464,0.08544,0.08072,0.07896,0.0814,0.084,0.11952,0.08332,0.07884,0.079079,0.080759,0.08008,0.08028,0.08032,0.08292,0.08296,0.08456,0.079199,0.086799,0.07812,0.0814,0.07792,0.08368,0.07968,0.0812,0.08044,0.079559,0.087279,0.08204,0.08976,0.07984,0.08432,0.08144,0.08084,0.08192,0.078879,0.077639,0.07688,0.07604,0.0866]",0.04655899852514267,0.055160000920295715,0.04894219979643822,0.04859999939799309,0.0017954580813645718,50,3,"[0.13936,0.04992,0.04824,0.04904,0.0486,0.0494,0.047759,0.049039,0.04836,0.0486,0.04772,0.04844,0.04904,0.04776,0.0486,0.048919,0.049999,0.04844,0.04804,0.05028,0.05036,0.04756,0.04884,0.0468,0.048719,0.048399,0.04808,0.05516,0.04792,0.05176,0.04768,0.0548,0.04744,0.046559,0.04888,0.04868,0.04756,0.04872,0.0548,0.04856,0.04888,0.0484,0.051039,0.04804,0.04876,0.04796,0.04964,0.04844,0.04748,0.04684,0.049119,0.0484,0.048799]",,,,,,,,,32,4,2048,768,151936,True,True,False,1962,3,50,2,2048,768,generic,generic,,,CUDA_EVENT,BF16,none
,,,,,,,,,,,,,,,,0.09480000287294388,0.214478999376297,0.10618048056960105,0.10080000013113022,0.02033716017245337,50,3,"[0.233119,0.109799,0.103279,0.11728,0.11404,0.10084,0.1012,0.10284,0.10036,0.09896,0.09992,0.10556,0.0998,0.101119,0.099479,0.101759,0.099319,0.099479,0.108119,0.108199,0.11788,0.09776,0.09972,0.09876,0.10808,0.10216,0.10152,0.10076,0.10072,0.098319,0.099439,0.103159,0.099919,0.09968,0.0988,0.0948,0.214479,0.10496,0.10044,0.10256,0.1016,0.10204,0.10052,0.1044,0.10704,0.100559,0.100919,0.097519,0.104239,0.09996,0.09832,0.099,0.19072]",0.08123999834060669,0.20311999320983887,0.09674377992749214,0.09068000316619873,0.023315419910544647,50,3,"[0.11228,0.09892,0.08912,0.101079,0.099879,0.097319,0.088359,0.089959,0.088639,0.09304,0.085,0.09168,0.08908,0.0874,0.08924,0.08964,0.09396,0.0872,0.09396,0.20076,0.09952,0.098,0.09796,0.093,0.09448,0.09252,0.09028,0.09244,0.0904,0.08976,0.0852,0.08852,0.0858,0.087559,0.087759,0.085679,0.14568,0.10584,0.09484,0.09504,0.09256,0.09492,0.09832,0.08904,0.09272,0.08408,0.08468,0.08476,0.08124,0.088239,0.086079,0.09096,0.20312]",0.047359999269247055,0.10939899832010269,0.051425299644470214,0.04879999905824661,0.011131306614062328,50,3,"[0.130559,0.05164,0.04952,0.0514,0.05072,0.04976,0.04884,0.0486,0.04812,0.0496,0.048159,0.048359,0.04792,0.04756,0.04972,0.04804,0.05164,0.04784,0.04944,0.101119,0.04996,0.0484,0.04884,0.04764,0.048759,0.050719,0.047479,0.048959,0.0502,0.0488,0.04736,0.04844,0.04848,0.04864,0.04824,0.0488,0.055,0.051799,0.047919,0.047959,0.048839,0.049439,0.049199,0.049399,0.0518,0.04812,0.04884,0.04804,0.04848,0.05428,0.04776,0.04844,0.109399]",,,,,,,,,32,4,2048,768,151936,True,True,False,1972,3,50,2,2048,768,generic,generic,,,CUDA_EVENT,BF16,none
,,,,,,,,,,,,,,,,0.09408000111579895,0.2295590043067932,0.10853644013404846,0.10215899720788002,0.023643944374663016,50,3,"[168.592453,0.146959,0.10864,0.123319,0.131639,0.10784,0.10516,0.101879,0.102239,0.101799,0.101359,0.105839,0.0994,0.103,0.1,0.09636,0.1016,0.10148,0.10028,0.106079,0.11448,0.10664,0.10264,0.115719,0.102719,0.106839,0.105639,0.100119,0.09408,0.10068,0.10268,0.09884,0.10024,0.10404,0.10132,0.09952,0.229559,0.10464,0.09944,0.1052,0.10156,0.10776,0.1,0.10024,0.10016,0.1048,0.111759,0.104079,0.102079,0.10084,0.098,0.1012,0.210039]",0.08051899820566177,0.2192399948835373,0.09470193952322006,0.08855899795889854,0.02322042074083081,50,3,"[13.899872,0.13144,0.09908,0.1038,0.1054,0.08588,0.0864,0.09088,0.08412,0.08936,0.08304,0.08508,0.088759,0.083119,0.087039,0.08416,0.0872,0.09128,0.09344,0.186439,0.101519,0.085959,0.095119,0.09932,0.0946,0.09052,0.0932,0.09012,0.08648,0.086199,0.092159,0.093999,0.08636,0.08696,0.08384,0.09004,0.113039,0.098279,0.093159,0.098399,0.087639,0.080519,0.088359,0.087719,0.090359,0.088319,0.09592,0.08512,0.08368,0.083119,0.086359,0.084079,0.21924]",0.04927999898791313,0.12204000353813171,0.05509271986782551,0.052659500390291214,0.010749654575641905,50,3,"[0.365039,0.062559,0.055999,0.05528,0.06036,0.0524,0.05004,0.05364,0.05224,0.05388,0.05176,0.05244,0.05468,0.05204,0.0534,0.05128,0.056999,0.052599,0.05328,0.08372,0.055,0.0512,0.05196,0.0536,0.05416,0.052,0.05444,0.05276,0.05456,0.05644,0.05128,0.05132,0.05384,0.050639,0.049799,0.04928,0.0528,0.06104,0.0516,0.05608,0.05144,0.05156,0.0538,0.05272,0.05432,0.05192,0.05124,0.05172,0.0502,0.051,0.05104,0.0578,0.12204]",,,,,,,,,32,4,2048,768,151936,True,True,False,1981,3,50,2,2048,768,generic,generic,,,CUDA_EVENT,BF16,none
,,,,,,,,,,,,,,,,0.09631899744272232,0.20495900511741638,0.10565568014979362,0.10015999898314476,0.01936755172372288,50,3,"[0.23604,0.10872,0.1016,0.125919,0.103599,0.099,0.101879,0.101519,0.099919,0.100119,0.099999,0.09876,0.0996,0.09892,0.1282,0.1002,0.09932,0.10224,0.09948,0.112519,0.1212,0.10044,0.10012,0.09944,0.09896,0.10024,0.10272,0.10032,0.1004,0.09884,0.09896,0.10108,0.100479,0.099719,0.097399,0.09892,0.204959,0.10464,0.1036,0.1002,0.09636,0.10108,0.09992,0.10276,0.09976,0.1016,0.09828,0.10076,0.09916,0.096319,0.098799,0.099679,0.184479]",0.0833199992775917,0.1985190063714981,0.0960420000553131,0.09089899808168411,0.023075568974585108,50,3,"[0.124919,0.099159,0.091639,0.10164,0.09504,0.08772,0.09156,0.08656,0.09256,0.08332,0.08644,0.083519,0.087679,0.08716,0.091959,0.09272,0.08472,0.09324,0.08924,0.198519,0.099639,0.095079,0.091959,0.096759,0.091079,0.092279,0.085279,0.09116,0.08856,0.09028,0.0942,0.0862,0.08916,0.0856,0.08396,0.085439,0.16088,0.097239,0.095399,0.094759,0.090719,0.095559,0.094479,0.098279,0.08956,0.08924,0.08808,0.08484,0.08568,0.08568,0.09288,0.08532,0.193279]",0.04740000143647194,0.0936800017952919,0.05127025991678238,0.04901999980211258,0.008002751528051771,50,3,"[0.13676,0.05172,0.05024,0.0524,0.04988,0.05084,0.0504,0.04992,0.05544,0.04912,0.04852,0.0474,0.0482,0.04896,0.04904,0.049,0.048719,0.048559,0.04856,0.08392,0.05124,0.05796,0.0494,0.04848,0.04816,0.0508,0.04744,0.0482,0.050199,0.050519,0.052279,0.04864,0.05188,0.04908,0.04792,0.04832,0.05592,0.05092,0.0508,0.04796,0.05016,0.04976,0.04848,0.04956,0.04872,0.04784,0.048759,0.048119,0.049,0.04804,0.04844,0.04796,0.09368]",,,,,,,,,32,4,2048,768,151936,True,True,False,1964,3,50,2,2048,768,generic,generic,,,CUDA_EVENT,BF16,none
,,,,,,,,,,,,,,,,0.09656000137329102,0.2242790013551712,0.10743472039699554,0.10232000052928925,0.020802211810805906,50,3,"[170.602951,0.158119,0.11108,0.118399,0.113799,0.104,0.1024,0.1046,0.100519,0.101559,0.101079,0.106239,0.100239,0.104719,0.104239,0.099239,0.103919,0.101359,0.10016,0.10984,0.112599,0.101519,0.099559,0.1094,0.09948,0.10436,0.10968,0.10136,0.10088,0.10208,0.10224,0.1024,0.09656,0.10016,0.1024,0.1006,0.224279,0.10316,0.103199,0.101399,0.100279,0.102519,0.101599,0.101919,0.101239,0.106879,0.10964,0.10284,0.10108,0.10044,0.10328,0.09928,0.18712]",0.0806799978017807,0.18695899844169617,0.0954061596095562,0.0895795002579689,0.02111284053460312,50,3,"[13.774172,0.12788,0.09988,0.10712,0.10188,0.08844,0.08512,0.09124,0.08284,0.09268,0.08344,0.08588,0.08924,0.08896,0.08524,0.08624,0.08776,0.08788,0.092319,0.186719,0.10152,0.09112,0.0986,0.09672,0.09772,0.09572,0.096839,0.092679,0.085199,0.086839,0.089479,0.08784,0.08796,0.08344,0.08388,0.09044,0.149199,0.09776,0.09292,0.09808,0.0902,0.09056,0.08944,0.08868,0.09052,0.08692,0.094199,0.085159,0.082719,0.08068,0.08968,0.08764,0.186959]",0.048799000680446625,0.09671899676322937,0.053724580109119416,0.05178000032901764,0.007705295905476278,50,3,"[0.375119,0.0602,0.055919,0.05472,0.055399,0.052759,0.051479,0.05248,0.05108,0.054,0.05144,0.05096,0.05144,0.0516,0.05312,0.05084,0.05108,0.05152,0.05104,0.096719,0.05284,0.05076,0.05044,0.048799,0.054359,0.05272,0.0532,0.05372,0.05144,0.05176,0.05116,0.05552,0.052439,0.050999,0.05072,0.0536,0.05764,0.05384,0.05128,0.05132,0.0504,0.05056,0.05292,0.05544,0.05212,0.05088,0.05172,0.05184,0.05192,0.0518,0.050959,0.052039,0.083399]",,,,,,,,,32,4,2048,768,151936,True,True,False,1979,3,50,2,2048,768,generic,generic,,,CUDA_EVENT,BF16,none
,,,,,,,,,,,,,,,,0.09775999933481216,0.20803900063037872,0.1071726806461811,0.1017800010740757,0.019855916908992514,50,3,"[170.414291,0.168279,0.10956,0.159839,0.1084,0.10192,0.10288,0.10508,0.10244,0.10176,0.10248,0.10172,0.10064,0.10168,0.1018,0.09988,0.10436,0.1014,0.10172,0.09776,0.109199,0.099519,0.100039,0.11168,0.09988,0.10112,0.103,0.10068,0.10728,0.1024,0.11232,0.09988,0.09948,0.09896,0.09824,0.10344,0.208039,0.10336,0.10196,0.10004,0.10164,0.10692,0.10044,0.1032,0.1004,0.10316,0.10708,0.10224,0.0996,0.09896,0.09872,0.100839,0.17916]",0.0828389972448349,0.19039900600910187,0.09686819985508918,0.09163900092244148,0.02111779521291192,50,3,"[14.058051,0.14928,0.10172,0.10904,0.10312,0.090959,0.085639,0.091479,0.093479,0.090319,0.083519,0.082839,0.089719,0.084279,0.087679,0.092399,0.08524,0.09392,0.08552,0.173879,0.10132,0.09788,0.0984,0.09724,0.0912,0.09964,0.098879,0.093999,0.089559,0.086599,0.094399,0.086079,0.089439,0.087999,0.087919,0.093559,0.1656,0.10352,0.0936,0.097519,0.091799,0.093879,0.093519,0.091999,0.089799,0.088839,0.09848,0.09012,0.08444,0.08404,0.085,0.08372,0.190399]",0.04527999833226204,0.10435999929904938,0.05204465992748737,0.04928000085055828,0.010899997649183391,50,3,"[0.418998,0.05704,0.051879,0.055439,0.05744,0.05128,0.05012,0.05064,0.0492,0.05072,0.049,0.04948,0.04952,0.04972,0.05072,0.05448,0.04864,0.04888,0.048,0.10436,0.04924,0.049,0.04896,0.048359,0.049079,0.04992,0.04932,0.05032,0.04528,0.04892,0.04952,0.04892,0.0482,0.04892,0.04776,0.04872,0.05616,0.049959,0.04856,0.04848,0.0476,0.04936,0.05092,0.05256,0.0534,0.04856,0.049919,0.048839,0.050159,0.049,0.04756,0.04876,0.10436]",,,,,,,,,32,4,2048,768,151936,True,True,False,1982,3,50,2,2048,768,generic,generic,,,CUDA_EVENT,BF16,none
,,,,,,,,,,,,,,,,0.0955599993467331,0.2436390072107315,0.1067499801516533,0.10021950304508209,0.025491500464386307,50,3,"[0.237159,0.10816,0.10456,0.117199,0.105439,0.101359,0.099239,0.106519,0.10156,0.10576,0.10008,0.10668,0.09936,0.099839,0.099999,0.102359,0.0994,0.09908,0.10172,0.10688,0.11192,0.10264,0.09988,0.09556,0.10116,0.09872,0.099119,0.099119,0.10704,0.10004,0.09932,0.10016,0.099359,0.100519,0.099519,0.09908,0.243639,0.10332,0.1014,0.09908,0.100279,0.098839,0.097799,0.10052,0.09904,0.11344,0.0976,0.10172,0.101039,0.098399,0.098239,0.10272,0.214799]",0.07383999973535538,0.21679900586605072,0.09005330041050912,0.08416000008583069,0.02433055294238681,50,3,"[0.10856,0.09564,0.093599,0.09744,0.0908,0.08928,0.08444,0.09108,0.080119,0.083759,0.07948,0.07384,0.0784,0.0776,0.08044,0.08284,0.085719,0.081399,0.09132,0.185759,0.096159,0.090479,0.0858,0.0862,0.08436,0.08396,0.08636,0.0868,0.080999,0.081399,0.07892,0.08116,0.0796,0.07732,0.08088,0.080519,0.131,0.0918,0.09108,0.088,0.0872,0.08904,0.0878,0.087599,0.083399,0.088959,0.08352,0.08164,0.07832,0.08164,0.0812,0.079039,0.216799]",0.04831999912858009,0.11011999845504761,0.05403578005731106,0.05159950070083141,0.010181537923972464,50,3,"[0.138999,0.05452,0.05472,0.05432,0.05324,0.059,0.0532,0.05324,0.05228,0.0538,0.05184,0.054199,0.05152,0.05144,0.05796,0.05084,0.05164,0.0514,0.052159,0.094,0.05256,0.05088,0.05072,0.051399,0.057199,0.05304,0.05216,0.05364,0.04848,0.05132,0.05296,0.051879,0.05124,0.05036,0.05156,0.05352,0.056799,0.051639,0.049719,0.04932,0.0502,0.05064,0.05088,0.05116,0.0506,0.04832,0.050239,0.054438,0.04928,0.05044,0.04936,0.04964,0.11012]",,,,,,,,,32,4,2048,768,151936,True,True,False,1973,3,50,2,2048,768,generic,generic,,,CUDA_EVENT,BF16,none
,,,,,,,,,,,,,,,,0.09139899909496307,0.17267900705337524,0.10330688074231148,0.09999950230121613,0.013573918265166976,50,3,"[0.237639,0.10636,0.10408,0.11336,0.10264,0.10092,0.09672,0.10504,0.101239,0.104639,0.1,0.10052,0.09936,0.0998,0.099999,0.099479,0.099319,0.09908,0.10044,0.1032,0.1116,0.10064,0.09864,0.09836,0.1004,0.099679,0.104599,0.100199,0.10384,0.09756,0.09868,0.096919,0.098079,0.09804,0.09568,0.0992,0.172679,0.10284,0.10016,0.09852,0.0996,0.101919,0.099599,0.102639,0.09956,0.10884,0.09864,0.10148,0.101159,0.091399,0.09792,0.09876,0.16176]",0.07800000160932541,0.18507899343967438,0.092190800011158,0.08677950128912926,0.02328415296677106,50,3,"[0.11168,0.09632,0.0936,0.098119,0.092159,0.08268,0.08592,0.09396,0.08304,0.08592,0.082719,0.085239,0.0796,0.08116,0.0832,0.08492,0.09272,0.083159,0.089479,0.183559,0.096479,0.096239,0.08952,0.08888,0.08944,0.0884,0.08904,0.08704,0.080519,0.07904,0.08232,0.0796,0.0796,0.082719,0.083959,0.08752,0.178679,0.094679,0.091119,0.08908,0.0882,0.08664,0.08792,0.08848,0.087639,0.086919,0.08496,0.0834,0.078,0.08608,0.082079,0.082719,0.185079]",0.04912000149488449,0.12275999784469604,0.05329982005059719,0.050839999690651894,0.011163829340333137,50,3,"[0.13892,0.053639,0.056759,0.05428,0.0524,0.05928,0.051759,0.052,0.05044,0.0512,0.05088,0.05056,0.051639,0.05136,0.05332,0.05064,0.05076,0.05088,0.05036,0.12276,0.052,0.05024,0.05016,0.049719,0.05236,0.05116,0.04912,0.051,0.05072,0.04932,0.051359,0.04944,0.05012,0.05136,0.04964,0.051039,0.05756,0.05276,0.04984,0.049879,0.050079,0.0504,0.05016,0.0524,0.05076,0.0494,0.05,0.051238,0.0502,0.0508,0.0498,0.05108,0.08536]",,,,,,,,,32,4,2048,768,151936,True,True,False,1971,3,50,2,2048,768,generic,generic,,,CUDA_EVENT,BF16,none
,,,,,,,,,,,,,,,,0.09560000151395798,0.20999999344348907,0.10523317977786065,0.09981949999928474,0.020121422486905644,50,3,"[0.245559,0.106399,0.103719,0.11424,0.10156,0.10188,0.10132,0.10452,0.09992,0.09908,0.09816,0.099519,0.097239,0.098479,0.105759,0.099759,0.10096,0.0998,0.09792,0.118,0.114439,0.10072,0.1058,0.10036,0.10036,0.099839,0.098439,0.112479,0.097679,0.105559,0.09804,0.09884,0.09788,0.09864,0.0962,0.09864,0.21,0.114119,0.101759,0.10072,0.099239,0.099199,0.099319,0.100079,0.099999,0.098119,0.098159,0.099079,0.10024,0.09632,0.0956,0.0972,0.19048]",0.08139900118112564,0.23047900199890137,0.09510455995798112,0.08887949958443642,0.025003274047544415,50,3,"[0.11108,0.0992,0.09108,0.10092,0.090879,0.094239,0.089359,0.0906,0.08644,0.08588,0.08404,0.08564,0.086,0.08572,0.09184,0.08792,0.090279,0.091519,0.082919,0.185879,0.10736,0.09572,0.09504,0.09008,0.08984,0.0882,0.0884,0.09372,0.08568,0.08832,0.08344,0.084959,0.083159,0.08352,0.08404,0.08536,0.13668,0.10272,0.09476,0.09636,0.08936,0.09312,0.09844,0.09084,0.09084,0.0876,0.08684,0.08224,0.081399,0.084359,0.08488,0.0874,0.230479]",0.044599998742341995,0.10871899873018265,0.05069583997130394,0.04845949821174145,0.010493909420177715,50,3,"[0.136079,0.05096,0.0492,0.05064,0.05044,0.0506,0.04908,0.049,0.048919,0.048439,0.04792,0.04716,0.04868,0.04788,0.04864,0.04736,0.04872,0.0482,0.04808,0.108719,0.05056,0.047999,0.0446,0.0484,0.05,0.04824,0.04768,0.04948,0.04692,0.04824,0.04808,0.0478,0.04896,0.04816,0.048479,0.048879,0.05264,0.05064,0.04768,0.04888,0.04832,0.04856,0.04968,0.04864,0.04884,0.04844,0.0476,0.04752,0.04836,0.04892,0.04764,0.047719,0.093759]",,,,,,,,,32,4,2048,768,151936,True,True,False,1974,3,50,2,2048,768,generic,generic,,,CUDA_EVENT,BF16,none
,,,,,,,,,,,,,,,,0.09523899853229523,0.23583899438381195,0.1060467404127121,0.0999394990503788,0.024024589681324263,50,3,"[0.23,0.1062,0.10228,0.115239,0.105199,0.103119,0.10208,0.1004,0.10084,0.09924,0.10144,0.097599,0.099319,0.09752,0.12744,0.10308,0.09976,0.10032,0.099679,0.110519,0.1102,0.09976,0.09836,0.099159,0.099479,0.100919,0.100839,0.09932,0.0998,0.09856,0.09848,0.095239,0.099639,0.098959,0.10248,0.09796,0.235839,0.103679,0.100159,0.100079,0.101879,0.101199,0.10032,0.09848,0.10096,0.09904,0.09692,0.097519,0.097239,0.09816,0.09852,0.10632,0.204079]",0.0745600014925003,0.22524000704288483,0.09182932004332542,0.08503950014710426,0.02759960163361343,50,3,"[0.10868,0.092519,0.082759,0.09852,0.09636,0.07808,0.084879,0.081639,0.08288,0.08056,0.07456,0.08248,0.08204,0.083559,0.086639,0.084199,0.08112,0.07976,0.07856,0.22524,0.09736,0.08736,0.086,0.09368,0.08864,0.09264,0.08476,0.088439,0.085919,0.0802,0.07956,0.08284,0.0882,0.08232,0.082839,0.08168,0.13272,0.09468,0.09192,0.08556,0.0944,0.08988,0.087119,0.089719,0.086039,0.0852,0.08036,0.0798,0.07972,0.090559,0.080479,0.084239,0.21556]",0.04580000042915344,0.10367900133132935,0.052771040201187135,0.051059501245617867,0.008555028642735227,50,3,"[0.13756,0.05424,0.05108,0.05372,0.0552,0.05116,0.0512,0.05172,0.0494,0.051199,0.05052,0.05124,0.0504,0.0516,0.05096,0.05176,0.049679,0.04996,0.04908,0.08024,0.051759,0.057959,0.05032,0.05104,0.0514,0.04948,0.05056,0.05056,0.05,0.04936,0.051079,0.05068,0.05112,0.04984,0.04852,0.04932,0.05508,0.05288,0.05652,0.04988,0.0522,0.05116,0.0504,0.05208,0.05096,0.051719,0.050639,0.05116,0.0502,0.05136,0.0508,0.0458,0.103679]",,,,,,,,,32,4,2048,768,151936,True,True,False,1965,3,50,2,2048,768,generic,generic,,,CUDA_EVENT,BF16,none
,,,,,,,,,,,,,,,,0.09296000003814697,0.1817989945411682,0.10388845965266227,0.09923949837684631,0.015568668209279489,50,3,"[0.22576,0.10712,0.10088,0.11904,0.10112,0.10412,0.10112,0.09856,0.107599,0.099239,0.1024,0.0986,0.09296,0.0984,0.128279,0.100639,0.0992,0.0984,0.09924,0.1072,0.12476,0.09972,0.09896,0.097799,0.099279,0.099799,0.09952,0.10528,0.09896,0.101,0.097279,0.099039,0.09772,0.09404,0.09804,0.096239,0.181799,0.10272,0.09984,0.1,0.097479,0.100839,0.09816,0.10036,0.09776,0.09836,0.098759,0.096839,0.0986,0.09704,0.10096,0.097679,0.163679]",0.0798799991607666,0.18851999938488007,0.09180771976709366,0.08508000150322914,0.021775933448455312,50,3,"[0.109919,0.099959,0.08776,0.099399,0.091999,0.082319,0.09448,0.0836,0.08528,0.08232,0.0814,0.082679,0.08112,0.08424,0.08488,0.08792,0.081879,0.086959,0.08464,0.15928,0.100959,0.08844,0.09044,0.08704,0.08712,0.0964,0.084479,0.089319,0.08384,0.0876,0.07988,0.08304,0.082799,0.0824,0.08256,0.08264,0.18852,0.09848,0.08804,0.09036,0.08892,0.09132,0.084239,0.088799,0.08884,0.08456,0.09104,0.08092,0.081919,0.08004,0.0826,0.08152,0.176919]",0.04835899919271469,0.10512000322341919,0.05247097976505757,0.05011950060725212,0.009253554824723193,50,3,"[0.13536,0.0538,0.051279,0.05224,0.05092,0.05072,0.0524,0.051119,0.05112,0.05124,0.05008,0.05,0.049679,0.05056,0.05032,0.0516,0.04976,0.05224,0.049759,0.08736,0.05176,0.048359,0.050039,0.049,0.05048,0.05168,0.04956,0.05,0.0494,0.049199,0.05,0.04976,0.04976,0.0492,0.054119,0.04968,0.054839,0.058119,0.049999,0.04948,0.05024,0.05004,0.04928,0.05072,0.05152,0.04984,0.05236,0.04976,0.04932,0.04948,0.050159,0.05016,0.10512]",,,,,,,,,32,4,2048,768,151936,True,True,False,1963,3,50,2,2048,768,generic,generic,,,CUDA_EVENT,BF16,none
,,,,,,,,,,,,,,,,0.09467999637126923,0.24967899918556213,0.10663001969456673,0.10027949884533882,0.024111935369926597,50,3,"[0.224879,0.105559,0.102439,0.122639,0.10276,0.10404,0.101,0.10016,0.100199,0.099879,0.103839,0.098799,0.105359,0.1002,0.12832,0.0976,0.09996,0.098,0.09772,0.10872,0.11956,0.100359,0.100519,0.099599,0.098719,0.10388,0.10164,0.10048,0.09916,0.09764,0.09768,0.09928,0.0998,0.10328,0.100039,0.099519,0.249679,0.106399,0.100599,0.099879,0.105999,0.100559,0.101079,0.09944,0.09932,0.1008,0.09748,0.10556,0.0976,0.10036,0.0992,0.09468,0.18252]",0.08203999698162079,0.19635899364948273,0.09441010028123856,0.08847950026392937,0.020681827057670195,50,3,"[0.115,0.10032,0.09104,0.1082,0.09784,0.08744,0.08664,0.08928,0.09292,0.08536,0.08488,0.08736,0.08204,0.083919,0.088519,0.083239,0.086639,0.09196,0.08376,0.175759,0.10112,0.09332,0.09244,0.09852,0.09132,0.09272,0.088879,0.087959,0.089959,0.084119,0.08464,0.08752,0.08904,0.0872,0.08548,0.0876,0.138999,0.09424,0.09716,0.0942,0.09504,0.09436,0.09124,0.08844,0.086639,0.092519,0.086399,0.088239,0.08472,0.08476,0.08628,0.08332,0.196359]",0.04287999868392944,0.094480000436306,0.05046144001185894,0.04879999905824661,0.007762752325512252,50,3,"[0.134039,0.05056,0.04924,0.051079,0.049999,0.049439,0.052839,0.04896,0.04972,0.0488,0.04724,0.04856,0.04832,0.04836,0.04824,0.04896,0.0484,0.04856,0.047759,0.07904,0.05152,0.04824,0.04832,0.04952,0.04864,0.0494,0.04852,0.04912,0.04804,0.04944,0.05444,0.047759,0.048879,0.04752,0.04288,0.04828,0.05432,0.05052,0.0488,0.049,0.04872,0.04904,0.0484,0.04936,0.04904,0.04928,0.04832,0.04784,0.04756,0.04892,0.047359,0.04732,0.09448]",,,,,,,,,32,4,2048,768,151936,True,True,False,1966,3,50,2,2048,768,generic,generic,,,CUDA_EVENT,BF16,none
,,,,,,,,,,,,,,,,0.08620099723339081,0.2650409936904907,0.10555785983800887,0.09404049813747406,0.036650471071918087,50,3,"[178.264069,0.17748,0.113281,0.16604,0.1232,0.094321,0.092201,0.102721,0.08848,0.09376,0.09048,0.08848,0.09056,0.08916,0.08848,0.08896,0.09348,0.08916,0.09108,0.11748,0.243081,0.10036,0.09548,0.12176,0.0982,0.09848,0.09568,0.09084,0.09128,0.0904,0.0986,0.087041,0.090801,0.086961,0.086201,0.094761,0.265041,0.109241,0.097641,0.0962,0.10128,0.09276,0.09572,0.09972,0.0934,0.10036,0.10164,0.0962,0.08924,0.08856,0.09076,0.09028,0.211881]",0.0854400023818016,0.24767999351024628,0.10414010003209113,0.09588000178337097,0.03201645365415915,50,3,"[13.872375,0.140481,0.09888,0.11292,0.109841,0.098,0.08668,0.1,0.09232,0.09572,0.08992,0.08848,0.09248,0.08756,0.0954,0.08908,0.08928,0.09528,0.08812,0.24768,0.1176,0.10964,0.1086,0.09964,0.09628,0.09756,0.10392,0.099081,0.091921,0.094841,0.093841,0.0888,0.09448,0.1032,0.08764,0.09604,0.21336,0.10984,0.10196,0.1014,0.09828,0.09916,0.09656,0.09292,0.09688,0.09024,0.09828,0.09432,0.0894,0.08544,0.08844,0.08948,0.2192]",0.04067999869585037,0.11528000235557556,0.048849739953875544,0.04439999908208847,0.015121060297274202,50,3,"[0.39212,0.05196,0.04712,0.049001,0.04764,0.04448,0.04328,0.04452,0.04284,0.04432,0.04068,0.04268,0.0512,0.04292,0.04448,0.04292,0.04412,0.044,0.04628,0.10664,0.0506,0.04488,0.0444,0.0432,0.0484,0.044801,0.04456,0.05164,0.04244,0.0488,0.04524,0.04372,0.04308,0.04356,0.0438,0.0444,0.1006,0.05232,0.04916,0.0436,0.04352,0.0434,0.04476,0.04912,0.045081,0.044281,0.045761,0.043121,0.04348,0.04436,0.041601,0.04352,0.11528]",,,,,,,,,32,4,2048,768,151936,True,True,False,1984,3,50,4,2048,768,generic,generic,,,CUDA_EVENT,BF16,none
,,,,,,,,,,,,,,,,0.08644100278615952,0.23792099952697754,0.10286346033215522,0.09313999861478806,0.032673627744883235,50,3,"[0.245721,0.105201,0.102441,0.12804,0.1008,0.09748,0.09132,0.096481,0.086441,0.090281,0.087401,0.089481,0.09348,0.08864,0.0946,0.09212,0.09132,0.08776,0.09124,0.11944,0.2278,0.10748,0.0946,0.09656,0.0916,0.09508,0.08944,0.0928,0.09548,0.088,0.09144,0.088721,0.089001,0.090241,0.088561,0.09276,0.237921,0.111841,0.0882,0.09672,0.09868,0.0942,0.0952,0.0942,0.103201,0.100041,0.09368,0.10516,0.09072,0.0918,0.08964,0.08748,0.2186]",0.0857200026512146,0.23015999794006348,0.1036489799618721,0.09608050063252449,0.02907513755970856,50,3,"[0.11804,0.10152,0.0948,0.10512,0.09872,0.098401,0.092281,0.094,0.089,0.0942,0.098,0.09352,0.09252,0.08632,0.09288,0.08892,0.09328,0.09124,0.0902,0.19844,0.159601,0.1008,0.10032,0.0992,0.09904,0.0936,0.09964,0.098041,0.097521,0.101201,0.096001,0.09216,0.09172,0.09616,0.09068,0.09032,0.23016,0.10676,0.10028,0.09788,0.10032,0.10032,0.09988,0.100081,0.09844,0.094,0.09356,0.09472,0.09068,0.0938,0.08896,0.08572,0.203841]",0.03751999884843826,0.11699999868869781,0.04750726006925106,0.044040000066161156,0.013967016633616726,50,3,"[0.13,0.04732,0.0442,0.04692,0.04484,0.04524,0.04604,0.04376,0.04388,0.04256,0.04428,0.04468,0.04376,0.04072,0.04356,0.043,0.04348,0.04436,0.0434,0.0914,0.05132,0.04,0.04604,0.0444,0.04468,0.044921,0.045001,0.04872,0.04316,0.0428,0.04276,0.04348,0.04352,0.04524,0.04296,0.0442,0.09452,0.04792,0.04276,0.04444,0.04092,0.043641,0.04344,0.04556,0.04532,0.04388,0.03752,0.04444,0.04104,0.0428,0.04844,0.04264,0.117]",,,,,,,,,32,4,2048,768,151936,True,True,False,1976,3,50,4,2048,768,generic,generic,,,CUDA_EVENT,BF16,none
,,,,,,,,,,,,,,,,0.08448000252246857,0.27191999554634094,0.10266018003225326,0.09179999679327011,0.033971975521769754,50,3,"[0.2904,0.11044,0.09316,0.136321,0.09808,0.09664,0.09168,0.08916,0.08988,0.0898,0.09068,0.087,0.09184,0.09096,0.12204,0.08784,0.087281,0.095641,0.088361,0.140281,0.21656,0.10012,0.096841,0.0918,0.1002,0.09056,0.0934,0.09224,0.09176,0.08772,0.0922,0.09344,0.08716,0.09032,0.09004,0.0868,0.27192,0.11028,0.106441,0.096001,0.09348,0.09612,0.0918,0.09296,0.0906,0.0904,0.0928,0.08988,0.08872,0.08448,0.08656,0.08804,0.187881]",0.08984000235795975,0.22072100639343262,0.10392900004982948,0.09496000036597252,0.029088491945824694,50,3,"[0.132561,0.1104,0.09716,0.10748,0.10064,0.09492,0.09812,0.09048,0.09692,0.093,0.09192,0.092,0.09284,0.091841,0.090841,0.098601,0.09312,0.09352,0.09064,0.19484,0.220721,0.101201,0.09556,0.0998,0.09748,0.09372,0.095,0.09676,0.09884,0.09428,0.09092,0.09288,0.0926,0.09328,0.09088,0.092561,0.195041,0.106801,0.09888,0.10336,0.1,0.0968,0.09572,0.11052,0.09712,0.09136,0.08984,0.09088,0.09312,0.09004,0.095721,0.090801,0.19224]",0.036320000886917114,0.11840000003576279,0.04867133989930153,0.04381999932229519,0.017268091236124765,50,3,"[0.13664,0.0464,0.04524,0.04804,0.04916,0.04364,0.04376,0.0448,0.04384,0.047681,0.043121,0.042961,0.04324,0.044,0.04572,0.04376,0.04376,0.044,0.04336,0.1184,0.04988,0.0438,0.05076,0.04384,0.03964,0.03632,0.04344,0.04312,0.03964,0.04328,0.04324,0.044281,0.043361,0.043601,0.0442,0.0436,0.11696,0.04744,0.04608,0.04444,0.04272,0.04288,0.04396,0.04708,0.0488,0.04456,0.04408,0.042601,0.04996,0.04368,0.04352,0.04224,0.11332]",,,,,,,,,32,4,2048,768,151936,True,True,False,1968,3,50,4,2048,768,generic,generic,,,CUDA_EVENT,BF16,none
,,,,,,,,,,,,,,,,0.08959999680519104,0.2218399941921234,0.1046841798722744,0.09727999940514565,0.024880979892411826,50,3,"[167.27179,0.15868,0.110361,0.1244,0.10056,0.09588,0.097881,0.100241,0.0928,0.096,0.09172,0.09556,0.10348,0.09356,0.09496,0.093,0.09372,0.09228,0.0958,0.15096,0.11896,0.09368,0.097681,0.126,0.0972,0.10084,0.09736,0.09696,0.10312,0.09412,0.10028,0.0896,0.09216,0.093201,0.096361,0.093521,0.22184,0.09712,0.10124,0.10532,0.09844,0.10756,0.09928,0.09932,0.10256,0.1036,0.1076,0.10024,0.093561,0.095041,0.094561,0.09416,0.20892]",0.09071999788284302,0.24223999679088593,0.10390505984425545,0.0958005003631115,0.02842723030140752,50,3,"[12.971223,0.126361,0.09604,0.13392,0.105441,0.09516,0.09116,0.09948,0.09212,0.09836,0.09132,0.09552,0.09912,0.09288,0.10024,0.09468,0.09432,0.10288,0.09244,0.219001,0.106601,0.098681,0.10528,0.09848,0.09496,0.09356,0.09612,0.10096,0.09356,0.09332,0.092561,0.091321,0.095441,0.09768,0.09072,0.09772,0.165001,0.10684,0.09904,0.09992,0.09508,0.09724,0.096,0.093241,0.095601,0.098201,0.097521,0.094641,0.09128,0.0926,0.09472,0.09108,0.24224]",0.039080001413822174,0.11112000048160553,0.0454840999096632,0.042399998754262924,0.011744146410085183,50,3,"[0.365721,0.04872,0.05472,0.044601,0.04312,0.04544,0.04164,0.03908,0.04128,0.04164,0.05728,0.0406,0.04248,0.04088,0.04148,0.0408,0.04192,0.042041,0.040561,0.08856,0.04348,0.04144,0.04284,0.04292,0.04448,0.04352,0.04344,0.04276,0.045721,0.04308,0.04272,0.04128,0.04172,0.04164,0.04608,0.04156,0.04824,0.053,0.0416,0.04088,0.04116,0.04208,0.048841,0.04184,0.0426,0.0438,0.04396,0.04656,0.04152,0.04208,0.04232,0.04052,0.11112]",,,,,,,,,32,4,2048,768,151936,True,True,False,1983,3,50,4,2048,768,generic,generic,,,CUDA_EVENT,BF16,none
,,,,,,,,,,,,,,,,0.08120100200176239,0.2171200066804886,0.10171058028936386,0.09138000011444092,0.028739158878114394,50,3,"[0.265321,0.10096,0.0924,0.12824,0.09728,0.09136,0.09096,0.09284,0.0948,0.08912,0.09068,0.08932,0.0896,0.08736,0.145041,0.096241,0.0914,0.09284,0.0864,0.14352,0.210281,0.10388,0.09764,0.09828,0.09128,0.0946,0.09288,0.09716,0.09332,0.09056,0.08504,0.09008,0.09216,0.090241,0.089161,0.090201,0.21712,0.113441,0.10184,0.09336,0.09184,0.09552,0.09132,0.0912,0.08912,0.0896,0.0904,0.08696,0.08896,0.0866,0.08984,0.081201,0.183441]",0.08856099843978882,0.23131999373435974,0.10388349995017052,0.09562050178647041,0.028786956986931133,50,3,"[0.122,0.10344,0.093921,0.10444,0.10048,0.09284,0.102,0.09284,0.09688,0.09324,0.091641,0.099801,0.090521,0.091281,0.09548,0.09296,0.09044,0.0942,0.09144,0.23132,0.14144,0.1024,0.10144,0.0936,0.09944,0.096,0.0932,0.0958,0.099641,0.095761,0.090321,0.094521,0.089841,0.09436,0.0944,0.09344,0.2064,0.10636,0.09888,0.10344,0.09868,0.09808,0.09616,0.09864,0.09904,0.091561,0.093161,0.089601,0.091721,0.088561,0.113841,0.09268,0.19996]",0.041359998285770416,0.11488000303506851,0.04790885992348194,0.04397999867796898,0.014993110430660738,50,3,"[0.13428,0.04492,0.04492,0.04604,0.04548,0.04276,0.04532,0.044961,0.0432,0.0428,0.04324,0.04552,0.0432,0.04364,0.04136,0.0428,0.04232,0.04412,0.0442,0.10776,0.05236,0.04404,0.04416,0.04372,0.04388,0.04416,0.046441,0.04448,0.04392,0.04296,0.04184,0.04264,0.04756,0.04368,0.04368,0.04376,0.09656,0.04708,0.04432,0.04484,0.04392,0.04412,0.04228,0.044561,0.04492,0.04364,0.04424,0.04652,0.04336,0.04348,0.0428,0.04192,0.11488]",,,,,,,,,32,4,2048,768,151936,True,True,False,1960,3,50,4,2048,768,generic,generic,,,CUDA_EVENT,BF16,none
,,,,,,,,,,,,,,,,0.08631999790668488,0.24000099301338196,0.10072899952530862,0.09348049759864807,0.025622558280780534,50,3,"[0.24216,0.1054,0.09736,0.119561,0.09824,0.09692,0.08632,0.09324,0.09272,0.09252,0.09752,0.09304,0.091161,0.092241,0.09556,0.0976,0.09324,0.09428,0.09256,0.11632,0.11932,0.09704,0.094641,0.09584,0.0922,0.09312,0.09016,0.09288,0.0984,0.0922,0.09348,0.0894,0.09572,0.092441,0.093481,0.09292,0.240001,0.10396,0.09968,0.09604,0.09404,0.09916,0.095401,0.094161,0.09028,0.09316,0.09228,0.09236,0.09964,0.09308,0.09328,0.0922,0.201441]",0.0860000029206276,0.19867999851703644,0.10003781989216805,0.0940604992210865,0.022619811739602542,50,3,"[0.115521,0.09956,0.09488,0.1058,0.09604,0.09432,0.09144,0.09432,0.09992,0.08896,0.092961,0.093801,0.0908,0.09004,0.09256,0.09568,0.09404,0.0934,0.086,0.191961,0.104041,0.103921,0.09824,0.0962,0.0938,0.0916,0.09372,0.09536,0.09448,0.093,0.091961,0.091681,0.092241,0.09112,0.09096,0.0914,0.17224,0.1002,0.095,0.09592,0.096521,0.094081,0.09744,0.09356,0.09436,0.09132,0.10252,0.09428,0.09144,0.09176,0.09264,0.094161,0.19868]",0.039521001279354095,0.09223999828100204,0.044283299818634984,0.04216049984097481,0.009242727623563625,50,3,"[0.1386,0.0454,0.04204,0.04404,0.04212,0.04192,0.04228,0.04184,0.042081,0.0406,0.04084,0.04236,0.04132,0.04092,0.04084,0.04212,0.04352,0.04196,0.04276,0.09224,0.04308,0.04264,0.04168,0.04184,0.04264,0.04396,0.043,0.04216,0.043241,0.039521,0.0422,0.0456,0.04168,0.04928,0.0418,0.04252,0.04636,0.04272,0.041,0.042161,0.04144,0.04256,0.0418,0.04184,0.04388,0.0422,0.04336,0.04308,0.04168,0.041481,0.04184,0.04076,0.0854]",,,,,,,,,32,4,2048,768,151936,True,True,False,1975,3,50,4,2048,768,generic,generic,,,CUDA_EVENT,BF16,none
,,,,,,,,,,,,,,,,0.09088099747896194,0.20683999359607697,0.10114407986402511,0.09678000211715698,0.017213035594564854,50,3,"[167.974686,0.174401,0.115,0.12888,0.10216,0.09932,0.09696,0.1022,0.09292,0.09752,0.09548,0.09232,0.09336,0.09224,0.10728,0.09284,0.09856,0.093,0.09448,0.11432,0.1076,0.09992,0.09648,0.11144,0.0966,0.1008,0.09936,0.09532,0.0924,0.09332,0.10284,0.09212,0.105761,0.093481,0.096321,0.090881,0.20684,0.09912,0.10156,0.0912,0.09572,0.09776,0.09448,0.09568,0.09384,0.10324,0.10356,0.10052,0.091,0.09188,0.09872,0.09232,0.13128]",0.08752000331878662,0.20472000539302826,0.09986568063497543,0.09444000199437141,0.021718926815699712,50,3,"[13.702664,0.13636,0.09444,0.108,0.1058,0.08916,0.09016,0.10012,0.09108,0.09964,0.0944,0.09084,0.10244,0.0894,0.09872,0.09316,0.09072,0.09992,0.09472,0.20472,0.11112,0.10028,0.10696,0.09312,0.09272,0.1036,0.0934,0.10244,0.09228,0.09376,0.09448,0.08936,0.09836,0.09492,0.09008,0.09448,0.20072,0.103881,0.098721,0.093281,0.095161,0.09508,0.09228,0.10136,0.08944,0.09092,0.09316,0.09152,0.09492,0.08816,0.09172,0.08752,0.09108]",0.03731999918818474,0.11656100302934647,0.04322410017251968,0.04141999967396259,0.010732950155904432,50,3,"[0.412281,0.048,0.0436,0.04836,0.04704,0.04104,0.041321,0.041681,0.03936,0.04224,0.04016,0.0402,0.03844,0.04016,0.042,0.03996,0.04084,0.04084,0.03976,0.116561,0.04208,0.04032,0.041,0.04316,0.04268,0.04256,0.04052,0.04244,0.03984,0.0416,0.04236,0.042,0.04496,0.04024,0.04064,0.04476,0.0512,0.04328,0.04136,0.03732,0.04072,0.039,0.042,0.04288,0.040921,0.040921,0.04068,0.04176,0.04156,0.04356,0.04148,0.03984,0.0416]",,,,,,,,,32,4,2048,768,151936,True,True,False,1985,3,50,4,2048,768,generic,generic,,,CUDA_EVENT,BF16,none
,,,,,,,,,,,,,,,,0.08972100168466568,0.16052000224590302,0.1020737399160862,0.09592000022530556,0.016435048941696662,50,3,"[166.79393,0.149281,0.110161,0.15852,0.1514,0.102761,0.098961,0.0904,0.094,0.09588,0.0988,0.09372,0.09392,0.0954,0.1042,0.09376,0.09676,0.0924,0.09376,0.11808,0.16052,0.097481,0.098641,0.12784,0.10012,0.10164,0.09932,0.09476,0.10548,0.09404,0.11056,0.09596,0.09328,0.09996,0.093201,0.099481,0.089721,0.09268,0.09404,0.09304,0.10108,0.09388,0.09424,0.0996,0.0928,0.09504,0.10292,0.09696,0.09272,0.09424,0.09324,0.093,0.13948]",0.08720000088214874,0.2271209955215454,0.09766891986131668,0.09383999928832054,0.01948201698622466,50,3,"[12.810583,0.12436,0.09284,0.11544,0.113201,0.0912,0.089,0.1062,0.09136,0.09876,0.0872,0.0894,0.09936,0.09,0.10104,0.09004,0.08988,0.09688,0.09104,0.227121,0.106561,0.09748,0.10728,0.10144,0.09688,0.09352,0.09392,0.09636,0.0946,0.0922,0.095041,0.090921,0.099161,0.08952,0.09288,0.09612,0.09124,0.0968,0.0958,0.08908,0.09088,0.09504,0.09128,0.09212,0.08896,0.0956,0.09672,0.08996,0.089,0.0894,0.09744,0.08936,0.09376]",0.03968000039458275,0.1236800029873848,0.04520806029438972,0.04302000068128109,0.0114661592234052,50,3,"[0.30644,0.04928,0.04128,0.049041,0.04816,0.04236,0.04196,0.0434,0.0434,0.04364,0.04308,0.04148,0.04784,0.04148,0.043,0.041,0.04152,0.04304,0.04148,0.12368,0.04476,0.0466,0.04324,0.04364,0.052,0.04444,0.04476,0.04452,0.042521,0.044841,0.04444,0.04356,0.04352,0.0428,0.04168,0.04224,0.0418,0.04156,0.04172,0.04596,0.04188,0.04256,0.04292,0.0428,0.0502,0.0424,0.04244,0.03968,0.04188,0.0422,0.04624,0.04188,0.04316]",,,,,,,,,32,4,2048,768,151936,True,True,False,1981,3,50,4,2048,768,generic,generic,,,CUDA_EVENT,BF16,none
,,,,,,,,,,,,,,,,0.08492100238800049,0.11580000072717667,0.09332340016961098,0.09140050038695335,0.00519216446901661,50,3,"[0.228601,0.10292,0.0914,0.10008,0.100281,0.090841,0.095201,0.090921,0.091481,0.084921,0.090161,0.090881,0.093481,0.101561,0.09516,0.09524,0.09316,0.09212,0.09376,0.1076,0.09744,0.08924,0.08964,0.0898,0.0892,0.08944,0.09064,0.0898,0.09264,0.09504,0.09072,0.0908,0.0896,0.09068,0.09112,0.09184,0.0942,0.09132,0.10416,0.09008,0.09064,0.09036,0.09188,0.0898,0.09096,0.09004,0.09188,0.09508,0.09048,0.09324,0.09512,0.09664,0.1158]",0.08683999627828598,0.12060000002384186,0.09058801993727685,0.08875999972224236,0.006488631845701178,50,3,"[0.11004,0.094081,0.090841,0.093521,0.08964,0.08944,0.08984,0.09276,0.09144,0.08864,0.09008,0.12008,0.0872,0.0902,0.0908,0.089,0.08788,0.09152,0.09108,0.1206,0.0878,0.08976,0.08912,0.08728,0.08888,0.0884,0.08684,0.09516,0.08728,0.08756,0.08844,0.088,0.0884,0.08688,0.08696,0.08716,0.09712,0.0878,0.08804,0.08948,0.08928,0.08836,0.08716,0.09116,0.08792,0.09608,0.08864,0.0878,0.08812,0.08768,0.08748,0.08916,0.09048]",0.03551999852061272,0.044360000640153885,0.04065839983522892,0.040560001507401466,0.0012963757927862305,50,3,"[0.12732,0.04248,0.04224,0.04156,0.04292,0.04304,0.04096,0.04172,0.03996,0.04028,0.04012,0.04144,0.04088,0.04004,0.04076,0.04048,0.04196,0.0408,0.04156,0.04172,0.03948,0.03916,0.03952,0.03976,0.04064,0.0406,0.03944,0.0408,0.04164,0.0408,0.04232,0.04048,0.04016,0.0402,0.041,0.04012,0.04216,0.03964,0.03884,0.03552,0.03932,0.04436,0.03988,0.03992,0.04052,0.04148,0.04116,0.04096,0.04208,0.04024,0.03996,0.0402,0.04036]",,,,,,,,,32,4,2048,768,151936,True,True,False,1977,3,50,4,2048,768,generic,generic,,,CUDA_EVENT,BF16,none
,,,,,,,,,,,,,,,,0.08904000371694565,0.23052099347114563,0.10207779973745346,0.09410049766302109,0.02453456587969592,50,3,"[0.232721,0.1046,0.09692,0.1224,0.10036,0.10376,0.09652,0.09404,0.09424,0.09352,0.09316,0.092401,0.120841,0.09508,0.12268,0.09168,0.09012,0.09316,0.09224,0.14016,0.11684,0.095921,0.094161,0.094,0.095,0.09748,0.10196,0.09708,0.09248,0.09296,0.103281,0.094441,0.09304,0.09024,0.09108,0.08904,0.230521,0.1026,0.09948,0.09084,0.092641,0.0942,0.0932,0.09512,0.09352,0.09068,0.09184,0.09072,0.09984,0.09192,0.092281,0.089641,0.18948]",0.0894400030374527,0.23199999332427979,0.10078739985823632,0.09391999989748001,0.02706595573242192,50,3,"[0.11224,0.0978,0.093721,0.10088,0.0966,0.09392,0.09396,0.09392,0.09472,0.092481,0.098521,0.09176,0.08944,0.09056,0.09292,0.09184,0.09128,0.09624,0.09076,0.185961,0.102241,0.0968,0.0944,0.10364,0.09364,0.09524,0.09244,0.09344,0.097361,0.091921,0.09104,0.09504,0.09084,0.09068,0.09276,0.09368,0.19864,0.1028,0.094921,0.094641,0.09448,0.09568,0.09412,0.0942,0.09396,0.09236,0.09248,0.0912,0.092081,0.092001,0.09208,0.0908,0.232]",0.04055999964475632,0.12095999717712402,0.04504168003797531,0.04224050045013428,0.01260330239385925,50,3,"[0.12588,0.04244,0.03948,0.04392,0.0426,0.04304,0.04332,0.042201,0.04144,0.0418,0.04296,0.0406,0.04168,0.04152,0.04148,0.04832,0.04128,0.04104,0.046161,0.12096,0.04392,0.04092,0.04192,0.04236,0.04368,0.0438,0.04732,0.04236,0.04312,0.04208,0.04164,0.041,0.04188,0.041,0.045,0.04324,0.04884,0.044441,0.0416,0.04232,0.04176,0.04228,0.04088,0.04228,0.04244,0.04096,0.041881,0.04072,0.04276,0.04056,0.04116,0.04108,0.08656]",,,,,,,,,32,4,2048,768,151936,True,True,False,1967,3,50,4,2048,768,generic,generic,,,CUDA_EVENT,BF16,none
,,,,,,,,,,,,,,,,0.08547999709844589,0.1236800029873848,0.09397054001688958,0.0926399976015091,0.0058182048067674744,50,3,"[0.23124,0.10456,0.09776,0.09896,0.09576,0.103241,0.092721,0.095521,0.0916,0.09392,0.09068,0.09384,0.09036,0.09336,0.09836,0.0948,0.09404,0.086,0.09272,0.10772,0.093041,0.099441,0.092,0.09428,0.09164,0.09612,0.09212,0.09264,0.09016,0.08844,0.09948,0.09264,0.09556,0.09132,0.0918,0.09144,0.091841,0.101081,0.09052,0.094,0.089,0.09276,0.08548,0.0912,0.0916,0.08976,0.09148,0.09008,0.0958,0.09224,0.091,0.09128,0.12368]",0.08504100143909454,0.12728099524974823,0.08954980000853538,0.0875600017607212,0.0069842627676068554,50,3,"[0.108681,0.0946,0.08928,0.105681,0.087921,0.08812,0.09084,0.09004,0.08788,0.08888,0.0872,0.08748,0.09472,0.0874,0.09,0.08992,0.08736,0.092001,0.088721,0.127281,0.08844,0.08888,0.09236,0.08784,0.08764,0.08644,0.08776,0.08936,0.11092,0.08592,0.08612,0.08744,0.0868,0.088041,0.085041,0.085081,0.09084,0.08872,0.08624,0.08688,0.086,0.0872,0.0862,0.086,0.0872,0.087,0.08628,0.08708,0.0874,0.0854,0.08664,0.087201,0.089681]",0.03988000005483627,0.04851999878883362,0.042173680141568186,0.04172000102698803,0.0017164233410743572,50,3,"[0.12904,0.04512,0.042121,0.04352,0.04168,0.04144,0.04136,0.0412,0.04032,0.04168,0.04712,0.04124,0.04308,0.04184,0.041,0.044841,0.04124,0.04272,0.04176,0.04396,0.0414,0.04136,0.04024,0.04056,0.03988,0.04252,0.04852,0.04252,0.04196,0.04112,0.04112,0.041081,0.04108,0.0412,0.041,0.0426,0.04192,0.04236,0.04048,0.04272,0.0416,0.04136,0.04244,0.04148,0.04192,0.04128,0.04212,0.0474,0.041841,0.044681,0.04244,0.04248,0.042]",,,,,,,,,32,4,2048,768,151936,True,True,False,1973,3,50,4,2048,768,generic,generic,,,CUDA_EVENT,BF16,none
,,,,,,,,,,,,,,,,0.08612000197172165,0.12875999510288239,0.09234799981117249,0.09031999856233597,0.007936577490082738,50,3,"[0.221,0.10516,0.09528,0.107,0.09272,0.09404,0.09208,0.09092,0.09104,0.09108,0.08976,0.08968,0.0896,0.08968,0.12876,0.09076,0.08936,0.09032,0.09032,0.10524,0.09276,0.09556,0.0888,0.09132,0.088,0.0932,0.08952,0.09092,0.08748,0.08904,0.08908,0.08816,0.09724,0.09044,0.09284,0.0874,0.09436,0.08612,0.09116,0.0892,0.08676,0.08952,0.08708,0.0972,0.08816,0.0904,0.09064,0.0884,0.0888,0.08672,0.08732,0.08832,0.12312]",0.08507999777793884,0.11612000316381454,0.0887168000638485,0.08778000250458717,0.004369742706880754,50,3,"[0.113841,0.09416,0.09148,0.09172,0.09,0.08792,0.08816,0.0878,0.0882,0.0886,0.08592,0.08696,0.08768,0.08848,0.08832,0.08804,0.08752,0.08756,0.08752,0.11612,0.08908,0.09,0.08836,0.08868,0.0872,0.08972,0.08712,0.0874,0.08644,0.08676,0.09344,0.08612,0.087,0.08588,0.08784,0.09376,0.0882,0.08956,0.08536,0.08828,0.08808,0.09484,0.08676,0.08776,0.08772,0.08776,0.08688,0.0872,0.08768,0.08616,0.08508,0.08688,0.09032]",0.03903999924659729,0.0456399992108345,0.04094240002334118,0.04064000025391579,0.0014961745542069896,50,3,"[0.12468,0.04272,0.0436,0.04236,0.04208,0.04156,0.04128,0.04104,0.03984,0.04112,0.04128,0.04108,0.04184,0.04092,0.04088,0.04276,0.041,0.03968,0.04012,0.04292,0.03904,0.04032,0.04428,0.03904,0.04416,0.03976,0.04,0.04048,0.03996,0.03996,0.04112,0.04076,0.04092,0.04516,0.04044,0.03976,0.03988,0.03912,0.03964,0.04004,0.04052,0.04088,0.03948,0.03932,0.04192,0.03968,0.04264,0.03992,0.03952,0.0402,0.04564,0.04048,0.04132]",,,,,,,,,32,4,2048,768,151936,True,True,False,1969,3,50,4,2048,768,generic,generic,,,CUDA_EVENT,BF16,none
,,,,,,,,,,,,,,,,0.08980000019073486,0.2388409972190857,0.1067544999718666,0.09738000109791756,0.029679829955412063,50,3,"[167.917389,0.14928,0.110481,0.15464,0.10728,0.100681,0.096961,0.091721,0.0974,0.09728,0.09676,0.09296,0.0898,0.09308,0.12096,0.0926,0.09844,0.09032,0.09316,0.11128,0.238841,0.10268,0.0982,0.1158,0.0952,0.10528,0.1116,0.09492,0.09356,0.09572,0.10164,0.0966,0.09136,0.09172,0.09788,0.09212,0.2276,0.11608,0.1124,0.098161,0.09648,0.0966,0.09852,0.10088,0.09436,0.09436,0.1072,0.09816,0.09812,0.08992,0.09128,0.09736,0.1718]",0.08856000006198883,0.2380400002002716,0.10787937998771667,0.09780000150203705,0.03253792673314256,50,3,"[13.675634,0.135001,0.09456,0.11388,0.112281,0.091,0.0894,0.14108,0.09288,0.1044,0.09196,0.09144,0.0968,0.09064,0.10432,0.09284,0.09228,0.09804,0.09052,0.23804,0.13212,0.113,0.11172,0.1046,0.09776,0.09532,0.0958,0.1058,0.101001,0.095881,0.094841,0.091721,0.096001,0.09084,0.08856,0.09784,0.214241,0.117721,0.10684,0.10164,0.10376,0.10672,0.10132,0.10508,0.0972,0.099,0.10408,0.095,0.09092,0.09008,0.09008,0.08964,0.236041]",0.038440000265836716,0.1268800050020218,0.04688884049654007,0.04202000051736832,0.016764493482641654,50,3,"[0.3196,0.049,0.04244,0.050801,0.04348,0.04072,0.04112,0.04652,0.04132,0.04256,0.04044,0.04,0.04244,0.03968,0.04424,0.04068,0.04076,0.041,0.04004,0.12688,0.04644,0.04264,0.04224,0.04368,0.0506,0.04264,0.041641,0.04684,0.0418,0.05128,0.04204,0.04224,0.04444,0.04084,0.03844,0.04092,0.111,0.04552,0.042,0.04144,0.0412,0.04428,0.0454,0.0434,0.04128,0.0418,0.04548,0.04168,0.0404,0.0416,0.04048,0.04048,0.0956]",,,,,,,,,32,4,2048,768,151936,True,True,False,1979,3,50,4,2048,768,generic,generic,,,CUDA_EVENT,BF16,none
,,,,,,,,,,,,,,,,0.08299999684095383,0.12328000366687775,0.09342889964580536,0.09147999808192253,0.00753794984136319,50,3,"[0.22204,0.107241,0.09204,0.10012,0.09308,0.09376,0.09868,0.09144,0.09424,0.09196,0.0932,0.083,0.09152,0.0906,0.12296,0.104961,0.091321,0.094161,0.09332,0.10876,0.09124,0.091,0.0846,0.0924,0.1006,0.0926,0.09216,0.09376,0.0912,0.0854,0.08948,0.089,0.08872,0.08968,0.09036,0.096521,0.093201,0.091,0.08812,0.09084,0.08752,0.09208,0.08964,0.09232,0.09712,0.09068,0.09296,0.08912,0.09028,0.08876,0.09072,0.088,0.12328]",0.08372099697589874,0.12080000340938568,0.08890096008777619,0.08755999803543091,0.005369771690265226,50,3,"[0.10404,0.09212,0.09092,0.09108,0.09524,0.08668,0.0886,0.08756,0.0884,0.08436,0.08652,0.08696,0.085681,0.086641,0.08808,0.08568,0.08648,0.08764,0.08756,0.1208,0.08896,0.08912,0.09292,0.08784,0.0868,0.09432,0.08704,0.08536,0.0866,0.08644,0.087961,0.083721,0.089201,0.092801,0.086041,0.08972,0.09032,0.08864,0.08744,0.08684,0.08644,0.0868,0.09452,0.08636,0.0886,0.09424,0.08692,0.08776,0.08608,0.0848,0.08528,0.09576,0.089441]",0.03956000134348869,0.047279998660087585,0.04214491985738277,0.04194050095975399,0.0012665272496354232,50,3,"[0.126401,0.04348,0.04168,0.04236,0.04304,0.04304,0.04196,0.04212,0.04132,0.043441,0.04116,0.04136,0.0418,0.04268,0.04272,0.04224,0.03956,0.04272,0.041,0.04324,0.04672,0.04132,0.04288,0.04152,0.04244,0.04364,0.041761,0.041961,0.04196,0.04192,0.04108,0.04204,0.0416,0.04288,0.04076,0.04152,0.04232,0.04088,0.04104,0.04084,0.04728,0.04096,0.0426,0.0414,0.04164,0.04152,0.04192,0.04264,0.042241,0.041921,0.041601,0.0428,0.04188]",,,,,,,,,32,4,2048,768,151936,True,True,False,1965,3,50,4,2048,768,generic,generic,,,CUDA_EVENT,BF16,none
,,,,,,,,,,,,,,,,0.09120000153779984,0.24395999312400818,0.10650738000869751,0.09908000007271767,0.026298859537111197,50,3,"[169.50174,0.162,0.113561,0.12924,0.10508,0.09864,0.09952,0.104801,0.094201,0.09876,0.09576,0.0956,0.0912,0.09504,0.101,0.101,0.0972,0.09308,0.09896,0.12048,0.14892,0.10076,0.10316,0.122441,0.1004,0.11032,0.09896,0.09836,0.09456,0.09896,0.1052,0.09608,0.0946,0.09384,0.0932,0.102641,0.24396,0.105641,0.10096,0.10664,0.09636,0.0992,0.09224,0.10256,0.1044,0.10096,0.10648,0.09664,0.096921,0.094201,0.094161,0.097721,0.20436]",0.0833199992775917,0.24244000017642975,0.10385626032948495,0.09836000204086304,0.02472288211374047,50,3,"[13.922376,0.130281,0.09952,0.11028,0.1078,0.099441,0.09188,0.10076,0.09168,0.10336,0.09344,0.09172,0.11156,0.0918,0.1026,0.08332,0.09244,0.0992,0.094,0.189601,0.11136,0.101721,0.107481,0.10892,0.0964,0.09824,0.0958,0.10492,0.09972,0.09384,0.09612,0.093761,0.097601,0.101361,0.094521,0.1016,0.132641,0.11112,0.09928,0.0988,0.09628,0.09848,0.09732,0.09452,0.096521,0.100241,0.100921,0.095641,0.09096,0.097,0.09012,0.09228,0.24244]",0.03840000182390213,0.10768000036478043,0.04559687986969948,0.04264000058174133,0.012660536494806389,50,3,"[0.336001,0.04932,0.04384,0.04548,0.0484,0.04724,0.04144,0.0444,0.04272,0.04304,0.0384,0.04044,0.04264,0.0434,0.0424,0.041,0.04144,0.04744,0.041121,0.10768,0.044641,0.04232,0.043,0.0466,0.04204,0.04264,0.04344,0.04324,0.04196,0.042321,0.04256,0.04048,0.04176,0.0426,0.0418,0.04284,0.04624,0.04764,0.04264,0.04196,0.04172,0.0426,0.044361,0.04616,0.04316,0.04212,0.04372,0.04212,0.04128,0.04052,0.043,0.04172,0.10596]",,,,,,,,,32,4,2048,768,151936,True,True,False,1980,3,50,4,2048,768,generic,generic,,,CUDA_EVENT,BF16,none
,,,,,,,,,,,,,,,,0.08884000033140182,0.12427999824285507,0.0976185603439808,0.09548000246286392,0.008083453492312325,50,3,"[172.850098,0.153801,0.11276,0.12292,0.10188,0.09732,0.0968,0.09184,0.09408,0.09548,0.098721,0.094041,0.092721,0.097081,0.091881,0.093,0.09344,0.09888,0.09528,0.12428,0.11112,0.09444,0.09576,0.113721,0.094481,0.096881,0.09636,0.10084,0.0896,0.09412,0.09656,0.0934,0.10156,0.09028,0.0934,0.08884,0.09548,0.09264,0.0982,0.09656,0.09256,0.09712,0.09768,0.09436,0.0912,0.09176,0.10292,0.09852,0.10188,0.09192,0.09096,0.09216,0.124]",0.08755999803543091,0.20688000321388245,0.09571057990193367,0.09172050282359123,0.016728308128566117,50,3,"[13.478634,0.12152,0.09504,0.11408,0.10308,0.089401,0.088521,0.096881,0.097721,0.0984,0.09192,0.08904,0.09704,0.09484,0.09904,0.08784,0.09416,0.0974,0.09532,0.20688,0.100281,0.091521,0.102001,0.09404,0.0934,0.09664,0.09572,0.0982,0.08924,0.08828,0.09108,0.09052,0.09752,0.09056,0.0882,0.0998,0.09308,0.09932,0.09016,0.09072,0.0888,0.0878,0.08916,0.08852,0.08756,0.088761,0.0976,0.08976,0.08868,0.0898,0.08772,0.08864,0.090881]",0.03708000108599663,0.06943999975919724,0.042562559992074964,0.041920000687241554,0.004231119837484009,50,3,"[0.306281,0.0474,0.04304,0.04464,0.04252,0.0448,0.03804,0.04236,0.0416,0.04124,0.04208,0.04312,0.04108,0.04116,0.04224,0.04208,0.04144,0.04332,0.0432,0.06944,0.0422,0.03968,0.04588,0.04208,0.04092,0.04716,0.044,0.0424,0.04088,0.04108,0.04176,0.0422,0.04276,0.04132,0.03976,0.04072,0.04112,0.043,0.04068,0.041281,0.040281,0.040681,0.043321,0.03708,0.04048,0.04144,0.04356,0.04164,0.041121,0.043401,0.041041,0.043321,0.04552]",,,,,,,,,32,4,2048,768,151936,True,True,False,1978,3,50,4,2048,768,generic,generic,,,CUDA_EVENT,BF16,none
,,,,,,,,,,,,,,,,0.08523999899625778,0.13312000036239624,0.09294573947787285,0.09073999896645546,0.008995278911434805,50,3,"[0.22,0.09644,0.09276,0.10768,0.09184,0.095161,0.092041,0.092481,0.0892,0.089,0.09092,0.09,0.08772,0.09072,0.1318,0.09036,0.09228,0.09204,0.09076,0.10568,0.0894,0.0894,0.08856,0.09552,0.091561,0.091281,0.09568,0.09108,0.08524,0.08808,0.0874,0.09316,0.08812,0.09028,0.09568,0.09016,0.09416,0.08872,0.0914,0.09004,0.09124,0.090481,0.089401,0.09672,0.08952,0.09212,0.08748,0.09184,0.08692,0.08736,0.08756,0.08892,0.13312]",0.08163999766111374,0.11348000168800354,0.0887569397687912,0.0878400020301342,0.004187255214281026,50,3,"[0.11468,0.09448,0.09244,0.09052,0.0898,0.09004,0.08844,0.08828,0.088961,0.087241,0.087361,0.08756,0.0926,0.08668,0.08928,0.09168,0.08576,0.0874,0.08884,0.11348,0.0884,0.0924,0.08792,0.08776,0.08848,0.088,0.08164,0.087961,0.087241,0.08604,0.08604,0.08748,0.09592,0.08804,0.08796,0.08656,0.0894,0.08856,0.08704,0.0866,0.08744,0.09388,0.08712,0.08992,0.086721,0.087681,0.0876,0.08756,0.087,0.08592,0.08616,0.08704,0.09044]",0.037039998918771744,0.047279998660087585,0.04073047995567322,0.040520500391721725,0.001717093440418375,50,3,"[0.12636,0.04384,0.04256,0.04244,0.04252,0.04088,0.0414,0.04052,0.03992,0.04068,0.04136,0.040521,0.040721,0.03948,0.04108,0.04124,0.04,0.03812,0.03984,0.04224,0.04008,0.04028,0.03936,0.0394,0.04176,0.04016,0.04248,0.04008,0.0396,0.039681,0.04088,0.03964,0.04044,0.03924,0.03952,0.04328,0.03968,0.039,0.03936,0.04556,0.03972,0.0408,0.03992,0.04056,0.03704,0.04168,0.0444,0.040561,0.03928,0.04088,0.04728,0.04072,0.04124]",,,,,,,,,32,4,2048,768,151936,True,True,False,1961,3,50,4,2048,768,generic,generic,,,CUDA_EVENT,BF16,none
,,,,,,,,,,,,,,,,0.08336000144481659,0.16328099370002747,0.09612660005688667,0.09242049977183342,0.013548104111820924,50,3,"[0.24788,0.10776,0.09468,0.1312,0.101281,0.09868,0.10264,0.09364,0.09644,0.0912,0.09088,0.09252,0.0912,0.092441,0.091521,0.09372,0.08984,0.0932,0.08888,0.1348,0.163281,0.0994,0.09464,0.09364,0.09504,0.09812,0.09556,0.0908,0.09308,0.091841,0.089201,0.092561,0.0924,0.09176,0.08992,0.09056,0.09972,0.08764,0.0954,0.08812,0.09004,0.08336,0.09776,0.089441,0.087601,0.087921,0.08548,0.09488,0.0898,0.09176,0.09036,0.09036,0.1208]",0.08628100156784058,0.2425609976053238,0.09705781951546669,0.09355999901890755,0.021513273678325735,50,3,"[0.12644,0.10372,0.09808,0.111761,0.10188,0.0996,0.09332,0.09708,0.09468,0.09236,0.093161,0.093081,0.089521,0.093,0.09584,0.09596,0.0962,0.09456,0.09448,0.242561,0.11092,0.098,0.1066,0.09804,0.09432,0.09144,0.09112,0.098721,0.094921,0.10192,0.08848,0.09324,0.09376,0.09224,0.09492,0.09776,0.09064,0.09328,0.086921,0.086281,0.087561,0.087721,0.08828,0.08816,0.0878,0.08856,0.08824,0.08724,0.09336,0.095,0.09508,0.0882,0.09512]",0.039799999445676804,0.12296000123023987,0.043789639919996265,0.041680000722408295,0.011499658269354427,50,3,"[0.129401,0.0434,0.0412,0.04412,0.04988,0.04272,0.044,0.04184,0.04088,0.040721,0.04328,0.04176,0.04012,0.04212,0.04196,0.04252,0.04148,0.04188,0.04288,0.12296,0.04448,0.0406,0.0422,0.04344,0.0414,0.04268,0.04192,0.0488,0.04104,0.04388,0.04096,0.04128,0.04404,0.0416,0.04176,0.04772,0.041361,0.0404,0.03996,0.04016,0.04076,0.0406,0.0408,0.04188,0.04076,0.04116,0.0446,0.04144,0.0406,0.04112,0.0402,0.0398,0.04096]",,,,,,,,,32,4,2048,768,151936,True,True,False,1971,3,50,4,2048,768,generic,generic,,,CUDA_EVENT,BF16,none
,,,,,,,,,,,,,,,,0.09220000356435776,0.20944100618362427,0.10211620047688484,0.09592000022530556,0.02197549658330794,50,3,"[0.24184,0.10728,0.09788,0.12056,0.100761,0.09836,0.09588,0.09464,0.0934,0.09392,0.09348,0.09448,0.09464,0.09332,0.096441,0.0966,0.09476,0.09908,0.09304,0.1382,0.11776,0.09844,0.09732,0.099641,0.095961,0.09484,0.09704,0.09488,0.09416,0.09424,0.10072,0.0974,0.09564,0.09288,0.095081,0.093601,0.209441,0.09992,0.10216,0.0956,0.09772,0.09804,0.097001,0.097521,0.0954,0.09408,0.0922,0.09576,0.10028,0.09236,0.09596,0.09508,0.196121]",0.08952099829912186,0.19123999774456024,0.09990498051047325,0.09430000185966492,0.019987308062633213,50,3,"[0.113681,0.1002,0.0952,0.107721,0.09556,0.09356,0.09024,0.09452,0.09196,0.09328,0.09676,0.09228,0.093281,0.095361,0.0918,0.0926,0.09408,0.0928,0.0928,0.181521,0.10548,0.09728,0.096761,0.10024,0.09576,0.0934,0.09344,0.0984,0.09948,0.09156,0.09288,0.097081,0.090281,0.0922,0.09216,0.09952,0.15632,0.09892,0.09784,0.09544,0.09664,0.102401,0.09688,0.09552,0.09596,0.09196,0.09164,0.092,0.09284,0.0916,0.09248,0.089521,0.19124]",0.03815999999642372,0.10711999982595444,0.04491686008870602,0.04243999905884266,0.011996114642898242,50,3,"[0.12464,0.04404,0.04252,0.0442,0.04268,0.04328,0.03816,0.04248,0.04636,0.0394,0.042601,0.04664,0.04172,0.043,0.04228,0.04224,0.04212,0.04272,0.04408,0.09904,0.04344,0.04452,0.04088,0.04272,0.04268,0.04252,0.04308,0.04212,0.04264,0.04156,0.042481,0.04208,0.04192,0.043,0.04152,0.04264,0.04724,0.0422,0.04124,0.04152,0.04196,0.04324,0.0416,0.04212,0.04044,0.04228,0.0424,0.04236,0.04312,0.040601,0.04148,0.04212,0.10712]",,,,,,,,,32,4,2048,768,151936,True,True,False,1972,3,50,4,2048,768,generic,generic,,,CUDA_EVENT,BF16,none
,,,,,,,,,,,,,,,,0.08423999696969986,0.12479999661445618,0.09172734022140502,0.09039999917149544,0.006291071725708611,50,3,"[0.236921,0.10632,0.0928,0.109121,0.093361,0.09636,0.08424,0.09308,0.09252,0.09208,0.09924,0.0894,0.0922,0.08916,0.09204,0.09056,0.08864,0.08592,0.087,0.10072,0.08888,0.0934,0.091041,0.092401,0.090081,0.090961,0.089721,0.08944,0.08888,0.09024,0.0942,0.08988,0.09192,0.08916,0.08972,0.08652,0.09108,0.09064,0.09256,0.08868,0.08912,0.09828,0.08912,0.09276,0.0924,0.09124,0.08884,0.08844,0.08456,0.0876,0.08656,0.0876,0.1248]",0.07864099740982056,0.12724100053310394,0.08842824012041092,0.08706000074744225,0.006146200536311225,50,3,"[0.10584,0.103161,0.089281,0.09056,0.0906,0.0878,0.08916,0.08784,0.09276,0.0882,0.08676,0.08628,0.08648,0.08684,0.08764,0.08508,0.08596,0.08672,0.08612,0.127241,0.086641,0.086281,0.09232,0.08716,0.08544,0.08628,0.08608,0.09204,0.0942,0.08672,0.08852,0.08732,0.08828,0.08428,0.08668,0.08588,0.08864,0.08756,0.08668,0.09452,0.08696,0.08848,0.08812,0.085961,0.078641,0.086481,0.086161,0.084601,0.087961,0.084761,0.091121,0.088561,0.09004]",0.03799999877810478,0.04707999899983406,0.04146169982850552,0.04106000065803528,0.0014783508980225387,50,3,"[0.12808,0.0436,0.04196,0.04188,0.044,0.04156,0.04232,0.04052,0.04132,0.04,0.04136,0.04064,0.04,0.04036,0.040361,0.041121,0.040561,0.0424,0.04096,0.04328,0.04644,0.0408,0.04024,0.0404,0.04096,0.04056,0.04116,0.04088,0.0414,0.041,0.04176,0.04308,0.04176,0.04096,0.04232,0.04112,0.0408,0.04036,0.04124,0.042201,0.040761,0.04172,0.04084,0.04088,0.04384,0.04088,0.0412,0.04092,0.04708,0.04072,0.04224,0.04192,0.038]",,,,,,,,,32,4,2048,768,151936,True,True,False,1970,3,50,4,2048,768,generic,generic,,,CUDA_EVENT,BF16,none
,,,,,,,,,,,,,,,,0.0819609984755516,0.12132000178098679,0.09124565973877907,0.08886000141501427,0.007478875382130776,50,3,"[0.22616,0.106,0.09272,0.10012,0.09148,0.09196,0.08724,0.09028,0.0936,0.08844,0.09308,0.08856,0.08776,0.08864,0.120401,0.081961,0.0904,0.08888,0.0902,0.11328,0.09088,0.09056,0.08664,0.0906,0.0872,0.08988,0.09008,0.08836,0.08984,0.08832,0.09552,0.0882,0.08828,0.08848,0.08724,0.08688,0.092281,0.08772,0.08896,0.096,0.0884,0.0916,0.08716,0.09104,0.08884,0.08816,0.08464,0.08824,0.0862,0.08828,0.09264,0.08756,0.12132]",0.08320000022649765,0.11956000328063965,0.08988580077886582,0.0885005034506321,0.004958302809583438,50,3,"[0.10864,0.09556,0.09092,0.09084,0.0934,0.0922,0.08844,0.08952,0.0928,0.088241,0.091161,0.091561,0.088321,0.08676,0.09008,0.08848,0.08572,0.09572,0.0872,0.11956,0.0936,0.08828,0.08488,0.08892,0.08716,0.08876,0.0878,0.08784,0.09288,0.08744,0.0876,0.088201,0.087121,0.092721,0.088521,0.092761,0.08916,0.09408,0.0884,0.0892,0.08656,0.08896,0.08828,0.08792,0.08964,0.0882,0.0832,0.0864,0.09396,0.08728,0.0878,0.089,0.091761]",0.039480000734329224,0.047680001705884933,0.041234499961137774,0.04098050110042095,0.0014371173046751826,50,3,"[0.125241,0.04308,0.0362,0.0422,0.0428,0.04068,0.045521,0.041361,0.0422,0.04072,0.04056,0.0418,0.04104,0.04068,0.04032,0.04008,0.04016,0.04124,0.04152,0.04232,0.03992,0.0404,0.04008,0.04028,0.04184,0.04112,0.04768,0.040961,0.041041,0.03968,0.04144,0.043,0.0408,0.041,0.04052,0.03948,0.0404,0.04084,0.03988,0.0414,0.04044,0.04148,0.03988,0.04004,0.04036,0.0404,0.0416,0.04116,0.04144,0.04092,0.04168,0.044321,0.04104]",,,,,,,,,32,4,2048,768,151936,True,True,False,1963,3,50,4,2048,768,generic,generic,,,CUDA_EVENT,BF16,none
,,,,,,,,,,,,,,,,0.08696000277996063,0.1305599957704544,0.09298658013343811,0.0907600000500679,0.007893754307568973,50,3,"[0.21624,0.098721,0.094681,0.09932,0.09384,0.09396,0.09124,0.09292,0.0892,0.09072,0.08764,0.09376,0.08744,0.08868,0.13056,0.09012,0.09032,0.08764,0.08832,0.10488,0.089921,0.088201,0.088001,0.095321,0.08992,0.0962,0.0918,0.09292,0.08952,0.08984,0.0886,0.08696,0.08884,0.08988,0.11396,0.09104,0.09272,0.09364,0.0908,0.09044,0.09024,0.0878,0.09132,0.0936,0.089721,0.093601,0.091521,0.092321,0.088281,0.0946,0.08776,0.09188,0.1176]",0.08268100023269653,0.11140099912881851,0.08871699959039687,0.08744049817323685,0.004245126630264791,50,3,"[0.11392,0.09388,0.0894,0.09344,0.08852,0.0898,0.08596,0.08716,0.0894,0.08712,0.08436,0.08624,0.09264,0.08632,0.08792,0.092721,0.086401,0.082681,0.085201,0.111401,0.08908,0.09312,0.0874,0.08752,0.08932,0.08796,0.09036,0.08784,0.08628,0.08712,0.08612,0.08684,0.08932,0.08736,0.09116,0.09104,0.08856,0.08384,0.08732,0.086601,0.087721,0.094241,0.086881,0.087481,0.08616,0.09084,0.08724,0.0912,0.08668,0.08704,0.08676,0.08536,0.0968]",0.038839999586343765,0.04504000023007393,0.041674460023641585,0.04158000089228153,0.0012201421384970147,50,3,"[0.125441,0.04352,0.04232,0.043,0.04504,0.042,0.04128,0.04212,0.04316,0.04256,0.04496,0.04092,0.042361,0.040361,0.04152,0.04212,0.04128,0.04132,0.04,0.04284,0.03984,0.04168,0.04004,0.0404,0.04068,0.04096,0.04076,0.04176,0.04212,0.04164,0.04052,0.04156,0.04192,0.041,0.04448,0.04248,0.041761,0.04228,0.0412,0.04052,0.04044,0.04292,0.0416,0.04168,0.04304,0.0412,0.04144,0.04224,0.03884,0.04072,0.0414,0.04076,0.043]",,,,,,,,,32,4,2048,768,151936,True,True,False,1962,3,50,4,2048,768,generic,generic,,,CUDA_EVENT,BF16,none
,,,,,,,,,,,,,,,,0.08904100209474564,0.21491999924182892,0.10315863996744155,0.09665999934077263,0.023112571782383542,50,3,"[0.22468,0.10848,0.10452,0.119601,0.09904,0.09732,0.09616,0.09952,0.094,0.09444,0.09112,0.093921,0.091881,0.0922,0.1278,0.09644,0.09676,0.0922,0.09416,0.13652,0.11404,0.09976,0.098721,0.097401,0.0958,0.09624,0.09752,0.09984,0.0974,0.09728,0.09512,0.094521,0.100321,0.09656,0.09488,0.09336,0.201481,0.10556,0.1046,0.0972,0.097841,0.089041,0.09944,0.0976,0.09628,0.0954,0.09576,0.09416,0.09344,0.095761,0.102441,0.09516,0.21492]",0.08844000101089478,0.2154809981584549,0.10092340037226677,0.09480000287294388,0.022344803926641416,50,3,"[0.114841,0.10004,0.095121,0.10712,0.09944,0.10328,0.09272,0.09204,0.09168,0.092281,0.094041,0.08996,0.10044,0.09024,0.09364,0.09108,0.09064,0.08844,0.0928,0.167321,0.1114,0.103081,0.09988,0.09652,0.09664,0.10336,0.09588,0.09628,0.0948,0.093841,0.092481,0.0932,0.09272,0.0954,0.09388,0.09188,0.1724,0.0986,0.099,0.097641,0.0948,0.09632,0.0952,0.09664,0.09632,0.09436,0.0936,0.090161,0.094081,0.09184,0.09348,0.09784,0.215481]",0.03660000115633011,0.09904000163078308,0.0451545000076294,0.042899999767541885,0.010442775496881851,50,3,"[0.12536,0.042721,0.043,0.04388,0.0432,0.04332,0.04172,0.042801,0.0454,0.04108,0.04876,0.04116,0.04288,0.04292,0.04472,0.04224,0.04212,0.04768,0.042721,0.09904,0.044281,0.04664,0.0414,0.041,0.04268,0.0432,0.04252,0.04284,0.043081,0.04256,0.04392,0.04248,0.04296,0.04188,0.04292,0.04396,0.04644,0.04408,0.04304,0.04364,0.04164,0.04324,0.04164,0.04384,0.0366,0.04372,0.042721,0.04184,0.04232,0.04248,0.04208,0.04264,0.0918]",,,,,,,,,32,4,2048,768,151936,True,True,False,1964,3,50,4,2048,768,generic,generic,,,CUDA_EVENT,BF16,none
,,,,,,,,,,,,,,,,0.08987999707460403,0.21960100531578064,0.10236255988478661,0.09665999934077263,0.02103250384101853,50,3,"[171.207779,0.17212,0.1118,0.1218,0.1026,0.09692,0.0998,0.10556,0.092721,0.096201,0.092081,0.099,0.08988,0.09544,0.09616,0.0942,0.09856,0.09016,0.10716,0.11992,0.11112,0.09772,0.09564,0.11328,0.10636,0.0984,0.09968,0.0932,0.094641,0.097801,0.100801,0.10044,0.09232,0.09212,0.09112,0.09444,0.219601,0.10984,0.09644,0.09552,0.09416,0.09724,0.09932,0.0944,0.09688,0.09164,0.10284,0.09496,0.09356,0.0962,0.09044,0.09344,0.174401]",0.08812099695205688,0.183119997382164,0.10004338026046752,0.0958005003631115,0.01857035267182167,50,3,"[14.962547,0.187721,0.09532,0.10496,0.11768,0.095521,0.089561,0.09944,0.09068,0.1008,0.09056,0.08956,0.09712,0.09008,0.096,0.08952,0.09852,0.09824,0.09152,0.1816,0.10348,0.09768,0.10256,0.09592,0.09408,0.10136,0.095841,0.102041,0.09168,0.09692,0.09236,0.0914,0.09536,0.09068,0.08936,0.09552,0.13736,0.10624,0.0966,0.09768,0.09536,0.09212,0.09696,0.09696,0.0938,0.093641,0.09576,0.09892,0.088641,0.091321,0.091961,0.088121,0.18312]",0.04131999984383583,0.0920799970626831,0.04507927983999252,0.043220000341534615,0.009074489955418066,50,3,"[0.417961,0.05044,0.05016,0.04572,0.04936,0.04132,0.04232,0.04384,0.042,0.0442,0.0416,0.04196,0.0432,0.04228,0.04372,0.04416,0.04384,0.04196,0.04352,0.0854,0.04316,0.0416,0.04232,0.04224,0.045081,0.04448,0.04216,0.04376,0.04216,0.0434,0.04208,0.0422,0.04324,0.04232,0.04144,0.04192,0.04588,0.04492,0.04216,0.04204,0.04828,0.04236,0.043881,0.042481,0.0436,0.04352,0.043401,0.04352,0.0426,0.04336,0.04428,0.04164,0.09208]",,,,,,,,,32,4,2048,768,151936,True,True,False,1982,3,50,4,2048,768,generic,generic,,,CUDA_EVENT,BF16,none
,,,,,,,,,,,,,,,,0.08743999898433685,0.22171999514102936,0.0997113798558712,0.09378049895167351,0.021406273380842947,50,3,"[0.22472,0.1068,0.09332,0.12216,0.097481,0.09348,0.0938,0.10148,0.09344,0.09168,0.09104,0.09256,0.08744,0.09064,0.09336,0.09496,0.09244,0.09424,0.093761,0.102081,0.1134,0.109881,0.094001,0.09328,0.09908,0.09772,0.09368,0.09148,0.09196,0.09612,0.09088,0.09776,0.08924,0.09288,0.09144,0.09088,0.22172,0.108761,0.098881,0.0978,0.09404,0.09784,0.0926,0.09428,0.09604,0.09168,0.0914,0.09632,0.09072,0.0908,0.09204,0.098561,0.172361]",0.08736000210046768,0.1862799972295761,0.09789386063814164,0.09172049909830093,0.019119333063164608,50,3,"[0.112041,0.098,0.09772,0.103401,0.09552,0.09064,0.09112,0.09404,0.09008,0.09108,0.09128,0.091,0.08736,0.0888,0.09644,0.090361,0.091561,0.091201,0.091,0.18092,0.101401,0.09412,0.1036,0.09396,0.09464,0.09068,0.09068,0.09636,0.08988,0.09092,0.09188,0.09632,0.0938,0.088241,0.090521,0.090721,0.140401,0.10164,0.09932,0.09436,0.09272,0.09464,0.1,0.09036,0.09488,0.09816,0.091,0.089441,0.090081,0.099641,0.089161,0.08908,0.18628]",0.04067999869585037,0.11388000100851059,0.04500566013157368,0.04198000021278858,0.012898286313260503,50,3,"[0.12752,0.0436,0.04316,0.04496,0.04348,0.0502,0.0428,0.04292,0.042,0.04128,0.0412,0.0416,0.04164,0.04132,0.04244,0.04344,0.04236,0.04516,0.04208,0.11388,0.04368,0.04068,0.04168,0.04128,0.04208,0.04476,0.04156,0.04484,0.04096,0.04208,0.040841,0.041361,0.04176,0.04176,0.04092,0.04124,0.04664,0.04076,0.04136,0.04236,0.04072,0.04144,0.0428,0.04212,0.04196,0.044001,0.04168,0.04236,0.04168,0.04156,0.04184,0.042,0.10076]",,,,,,,,,32,4,2048,768,151936,True,True,False,1974,3,50,4,2048,768,generic,generic,,,CUDA_EVENT,BF16,none
,,,,,,,,,,,,,,,,0.08776000142097473,0.17604100704193115,0.09774184003472328,0.09226049855351448,0.016327745122757188,50,3,"[0.22288,0.10584,0.09908,0.11176,0.10044,0.1002,0.09152,0.095521,0.089681,0.091081,0.088,0.0914,0.08812,0.08776,0.12904,0.09012,0.09196,0.09152,0.10768,0.11096,0.1132,0.09524,0.09872,0.09272,0.09228,0.08916,0.093241,0.089641,0.092881,0.095921,0.08972,0.09096,0.0922,0.09012,0.08812,0.0902,0.176041,0.10852,0.09388,0.09348,0.0954,0.09484,0.0936,0.09328,0.09772,0.090561,0.092241,0.090041,0.090681,0.08856,0.08948,0.08932,0.15836]",0.07624000310897827,0.18795999884605408,0.097776979804039,0.09224050119519234,0.02086375448591158,50,3,"[0.10868,0.09884,0.09292,0.09924,0.094481,0.093201,0.09908,0.0896,0.09132,0.092,0.0888,0.09028,0.10024,0.09008,0.09148,0.08936,0.08856,0.09116,0.08828,0.164441,0.10652,0.09852,0.09516,0.096161,0.094521,0.093041,0.09336,0.09844,0.08884,0.08948,0.09412,0.09048,0.08924,0.09036,0.09152,0.09152,0.1814,0.09804,0.09484,0.0904,0.09388,0.096,0.092481,0.091081,0.093681,0.09268,0.08968,0.07624,0.0884,0.09092,0.08984,0.09844,0.18796]",0.036559998989105225,0.10711999982595444,0.04409528002142906,0.041679998859763145,0.011177680681746576,50,3,"[0.128641,0.03944,0.04316,0.043841,0.0428,0.04424,0.04204,0.0418,0.04048,0.04228,0.04756,0.04068,0.04232,0.04156,0.04108,0.04164,0.04084,0.0414,0.041,0.10712,0.04052,0.04096,0.040801,0.04088,0.04172,0.04216,0.04244,0.04368,0.0412,0.04204,0.04096,0.0412,0.04036,0.04028,0.04648,0.04256,0.04584,0.044,0.03656,0.04088,0.04132,0.041361,0.04236,0.04284,0.04208,0.03892,0.04196,0.0422,0.04128,0.04132,0.04056,0.0428,0.087561]",,,,,,,,,32,4,2048,768,151936,True,True,False,1966,3,50,4,2048,768,generic,generic,,,CUDA_EVENT,BF16,none
,,,,,,,,,,,,,,,,0.08275999873876572,0.19516099989414215,0.09816665962338447,0.09244050085544586,0.020464025110695633,50,3,"[168.051331,0.14172,0.119121,0.13312,0.10108,0.103681,0.09288,0.09016,0.08772,0.08848,0.0926,0.08688,0.088,0.09088,0.08908,0.087121,0.095601,0.08624,0.09112,0.11932,0.11648,0.09232,0.09352,0.1098,0.092561,0.104121,0.09328,0.091,0.08916,0.0914,0.0958,0.08852,0.086401,0.087721,0.09664,0.0854,0.195161,0.09816,0.09452,0.09168,0.095281,0.091721,0.09304,0.08964,0.08276,0.09572,0.10096,0.09632,0.0896,0.088721,0.091041,0.095161,0.18076]",0.08596000075340271,0.19499999284744263,0.09913057997822762,0.09335999935865402,0.02144165512333393,50,3,"[13.396256,0.125001,0.09028,0.10628,0.102041,0.08596,0.0896,0.09336,0.09492,0.09624,0.08796,0.08848,0.0992,0.088281,0.091441,0.08704,0.08916,0.10344,0.08884,0.18124,0.1026,0.0956,0.10144,0.095521,0.0924,0.094,0.09144,0.105,0.09148,0.08792,0.091801,0.087601,0.10048,0.08844,0.0892,0.09456,0.16604,0.1028,0.10056,0.092921,0.09432,0.09332,0.09492,0.09624,0.09336,0.09532,0.09624,0.092001,0.088361,0.09316,0.09208,0.08692,0.195]",0.03523999825119972,0.09568099677562714,0.04240814007818699,0.03991999849677086,0.009799115653276135,50,3,"[0.304041,0.04536,0.04324,0.049281,0.0422,0.03968,0.03964,0.03956,0.0396,0.0394,0.03984,0.039281,0.03948,0.03984,0.0382,0.03888,0.03972,0.03576,0.03992,0.095681,0.04124,0.03988,0.044041,0.04416,0.03992,0.041,0.03524,0.04028,0.03964,0.035881,0.04188,0.03916,0.04272,0.0396,0.03984,0.03916,0.04588,0.04168,0.041441,0.04348,0.04032,0.04004,0.04236,0.04072,0.03908,0.04168,0.041441,0.0408,0.0396,0.04072,0.0392,0.04088,0.08148]",,,,,,,,,32,4,2048,768,151936,True,True,False,1983,3,50,8,2048,768,generic,generic,,,CUDA_EVENT,BF16,none
,,,,,,,,,,,,,,,,0.0817599967122078,0.23160099983215332,0.09608899980783463,0.08912000060081482,0.024867886619486905,50,3,"[0.23376,0.098481,0.093,0.11516,0.09876,0.09204,0.090121,0.09076,0.08912,0.094,0.08984,0.08736,0.0876,0.0908,0.08896,0.09424,0.086,0.08368,0.089001,0.142841,0.110681,0.09328,0.09204,0.08176,0.08856,0.08776,0.09648,0.0888,0.088081,0.087681,0.089241,0.0838,0.08652,0.08636,0.08884,0.08472,0.231601,0.09628,0.09304,0.08964,0.09272,0.091161,0.08936,0.0888,0.0852,0.09612,0.08672,0.08912,0.08768,0.08592,0.08824,0.08696,0.181001]",0.08416000008583069,0.20163999497890472,0.09740813925862313,0.09140000119805336,0.023400958994668018,50,3,"[0.1102,0.09804,0.10056,0.10076,0.090881,0.09248,0.0926,0.09292,0.08864,0.09036,0.08824,0.09468,0.08884,0.08416,0.09164,0.088481,0.094081,0.08912,0.09076,0.19516,0.09908,0.09384,0.09408,0.09404,0.098,0.09124,0.090401,0.093921,0.09072,0.0904,0.09072,0.08908,0.0902,0.08752,0.0862,0.09512,0.16712,0.09568,0.09264,0.094201,0.09032,0.09352,0.09208,0.09708,0.0942,0.09072,0.09084,0.09156,0.0876,0.0886,0.08804,0.086201,0.20164]",0.0342399999499321,0.0939600020647049,0.042252880185842515,0.04003999941051006,0.010568780423471329,50,3,"[0.125241,0.0418,0.04064,0.042921,0.04144,0.04612,0.04076,0.04128,0.04044,0.03424,0.03972,0.03944,0.03964,0.0372,0.04304,0.04032,0.041,0.0392,0.04012,0.09396,0.0412,0.03936,0.03908,0.03956,0.04108,0.041121,0.03976,0.04072,0.0378,0.0388,0.03892,0.03888,0.04048,0.04464,0.03928,0.03984,0.04668,0.041681,0.0366,0.03856,0.03932,0.04008,0.0382,0.04184,0.041,0.03532,0.04032,0.0396,0.03988,0.040321,0.04,0.03996,0.09192]",,,,,,,,,32,4,2048,768,151936,True,True,False,1975,3,50,8,2048,768,generic,generic,,,CUDA_EVENT,BF16,none
,,,,,,,,,,,,,,,,0.08235999941825867,0.21584099531173706,0.09474657997488975,0.08888000249862671,0.02115242635353506,50,3,"[0.232841,0.099,0.0912,0.112121,0.09524,0.08852,0.09004,0.08888,0.08636,0.08616,0.09156,0.088,0.0878,0.08888,0.118881,0.088441,0.08236,0.08632,0.08592,0.11048,0.1086,0.09492,0.08996,0.08944,0.08888,0.08664,0.08932,0.086841,0.090321,0.08528,0.08492,0.09256,0.08644,0.08876,0.08376,0.08556,0.215841,0.0972,0.09148,0.095841,0.090721,0.09116,0.0892,0.08856,0.08776,0.08432,0.0848,0.08844,0.09008,0.08864,0.09856,0.08596,0.160601]",0.08568000048398972,0.1911199986934662,0.09695779979228973,0.09085999801754951,0.022557196024642328,50,3,"[0.1108,0.09996,0.089961,0.10144,0.0956,0.09288,0.0894,0.09088,0.09488,0.08844,0.08992,0.087921,0.090201,0.089561,0.09268,0.08584,0.08776,0.08924,0.08568,0.19112,0.1054,0.09348,0.09264,0.09116,0.09336,0.089521,0.091521,0.09124,0.09148,0.09624,0.08716,0.0896,0.08736,0.08708,0.08952,0.09028,0.18224,0.097121,0.094601,0.09296,0.09272,0.09932,0.0896,0.09036,0.09104,0.08932,0.09084,0.08844,0.089,0.087601,0.093641,0.087321,0.18128]",0.0342399999499321,0.09728100150823593,0.04206567987799645,0.039899999275803566,0.01019517002898189,50,3,"[0.12636,0.042281,0.04136,0.042,0.04088,0.04012,0.0436,0.03916,0.03944,0.039481,0.03992,0.03876,0.04016,0.03988,0.03956,0.04008,0.0404,0.04164,0.03896,0.097281,0.04252,0.03872,0.04492,0.038921,0.0408,0.04204,0.03948,0.041,0.03948,0.0396,0.03876,0.03976,0.039,0.03424,0.039,0.0388,0.04612,0.04308,0.03932,0.04036,0.04004,0.04064,0.03476,0.03976,0.0394,0.04024,0.0402,0.039041,0.04024,0.03916,0.03996,0.03848,0.08412]",,,,,,,,,32,4,2048,768,151936,True,True,False,1967,3,50,8,2048,768,generic,generic,,,CUDA_EVENT,BF16,none
,,,,,,,,,,,,,,,,0.08963999897241592,0.23888100683689117,0.10274740010499954,0.09563999995589256,0.026234398575921702,50,3,"[170.578995,0.15284,0.11064,0.11944,0.09984,0.09688,0.09568,0.09456,0.09572,0.092401,0.097121,0.091441,0.090561,0.092,0.08964,0.0914,0.09532,0.09512,0.0944,0.1356,0.11264,0.09656,0.09648,0.11692,0.09404,0.10548,0.097,0.097,0.0944,0.09184,0.105161,0.090681,0.092961,0.090721,0.0918,0.09488,0.238881,0.1012,0.09772,0.09656,0.09472,0.1026,0.0964,0.09588,0.09536,0.09328,0.11312,0.09936,0.0956,0.08968,0.09068,0.09272,0.207921]",0.08720099925994873,0.22572000324726105,0.10107060015201569,0.09592000022530556,0.0236459132114044,50,3,"[13.413785,0.13048,0.09556,0.10972,0.1042,0.094321,0.087201,0.098161,0.09996,0.10108,0.0898,0.08868,0.09584,0.08884,0.09892,0.09696,0.09048,0.09664,0.0886,0.19868,0.1092,0.10096,0.10408,0.09924,0.096,0.09364,0.09796,0.101921,0.099201,0.093041,0.09308,0.08912,0.09668,0.08968,0.0918,0.10068,0.1168,0.10496,0.09696,0.09488,0.09576,0.09448,0.09572,0.09488,0.09352,0.09764,0.10532,0.09216,0.089401,0.089281,0.092601,0.089081,0.22572]",0.03488000109791756,0.09904000163078308,0.0414384999871254,0.03917999938130379,0.010167355903961665,50,3,"[0.313081,0.04364,0.04028,0.0424,0.043921,0.03924,0.03804,0.03924,0.03948,0.039,0.038,0.03732,0.03848,0.03488,0.0384,0.03908,0.03492,0.03932,0.03812,0.079881,0.04056,0.03804,0.03888,0.04308,0.04008,0.037401,0.03856,0.03976,0.03932,0.03896,0.0396,0.03848,0.03844,0.04436,0.03796,0.03964,0.04348,0.03892,0.03912,0.04316,0.04224,0.0382,0.04036,0.039041,0.03956,0.04004,0.041161,0.03928,0.03992,0.03828,0.03844,0.03884,0.09904]",,,,,,,,,32,4,2048,768,151936,True,True,False,1981,3,50,8,2048,768,generic,generic,,,CUDA_EVENT,BF16,none
,,,,,,,,,,,,,,,,0.08767999708652496,0.21960000693798065,0.09959614038467407,0.09264000132679939,0.025270299394827826,50,3,"[0.23152,0.10596,0.0924,0.11772,0.10024,0.09324,0.095201,0.096161,0.09256,0.09072,0.09,0.09612,0.09188,0.09116,0.0938,0.09008,0.08984,0.0926,0.09196,0.144681,0.107,0.09472,0.094401,0.0882,0.092,0.09024,0.0994,0.0912,0.09196,0.09332,0.08928,0.09116,0.08924,0.09008,0.0932,0.09732,0.2196,0.10376,0.095881,0.09416,0.09228,0.09796,0.09268,0.09368,0.09144,0.09424,0.08892,0.08944,0.08936,0.08768,0.0956,0.090681,0.211761]",0.08560000360012054,0.2242400050163269,0.0981722404062748,0.09271999821066856,0.023126850728676183,50,3,"[0.11288,0.1014,0.0926,0.10024,0.093641,0.098681,0.0856,0.09148,0.08936,0.10092,0.08844,0.08764,0.08772,0.09044,0.09392,0.0926,0.09596,0.09,0.089401,0.18348,0.101881,0.0944,0.09604,0.09476,0.10032,0.09136,0.09028,0.09324,0.09508,0.09092,0.09264,0.09104,0.08884,0.09188,0.093121,0.088121,0.136001,0.098841,0.09672,0.1022,0.09484,0.09408,0.09232,0.09256,0.09396,0.0928,0.08816,0.087521,0.096401,0.087801,0.089041,0.08768,0.22424]",0.036479998379945755,0.12028100341558456,0.041797740235924724,0.03878000006079674,0.013937098181430246,50,3,"[0.122041,0.04032,0.03876,0.041601,0.03984,0.03964,0.03668,0.03844,0.0378,0.0392,0.03812,0.0388,0.03764,0.0392,0.03852,0.039481,0.040081,0.03816,0.03812,0.097,0.04,0.03752,0.03804,0.03908,0.0394,0.0402,0.03908,0.03864,0.04,0.03744,0.03796,0.043401,0.038481,0.03876,0.03788,0.0374,0.04608,0.0372,0.03836,0.03648,0.0384,0.03944,0.0384,0.0394,0.03932,0.039041,0.03964,0.03768,0.0398,0.03788,0.04252,0.03836,0.120281]",,,,,,,,,32,4,2048,768,151936,True,True,False,1973,3,50,8,2048,768,generic,generic,,,CUDA_EVENT,BF16,none
,,,,,,,,,,,,,,,,0.08696000277996063,0.2176399976015091,0.1004057802259922,0.09504050016403198,0.021523257921968728,50,3,"[169.699921,0.15836,0.115201,0.12644,0.09888,0.097961,0.094801,0.10068,0.08936,0.0976,0.09132,0.09008,0.09108,0.088,0.0978,0.09024,0.09484,0.088121,0.092841,0.12044,0.108961,0.09556,0.12484,0.11236,0.09928,0.10244,0.096001,0.0976,0.09244,0.09204,0.09736,0.0908,0.08932,0.08984,0.08876,0.08696,0.21764,0.102241,0.09644,0.0926,0.092,0.09332,0.095,0.0942,0.09864,0.095081,0.097481,0.09516,0.08812,0.09696,0.08836,0.09088,0.17112]",0.0862400010228157,0.2175610065460205,0.10150580018758774,0.0960404984652996,0.02505830357540123,50,3,"[13.979517,0.149081,0.09384,0.10672,0.103841,0.09648,0.08796,0.09968,0.09208,0.10056,0.09032,0.09364,0.09744,0.08984,0.098681,0.090761,0.08736,0.09828,0.08888,0.20592,0.103,0.09828,0.1084,0.09784,0.095601,0.09864,0.09268,0.10176,0.09244,0.09432,0.092,0.0888,0.0972,0.08804,0.094921,0.095921,0.164361,0.10516,0.09916,0.09672,0.10292,0.09816,0.09612,0.093161,0.095961,0.09176,0.09764,0.09548,0.08756,0.08624,0.08772,0.09132,0.217561]",0.0355600006878376,0.10700000077486038,0.04155605994164944,0.038920000195503235,0.011760607246397678,50,3,"[0.4008,0.04428,0.04156,0.0406,0.04192,0.03964,0.0376,0.03864,0.03776,0.03556,0.03748,0.0368,0.037921,0.03676,0.0396,0.03716,0.03744,0.0376,0.03924,0.08768,0.04364,0.0372,0.04128,0.043681,0.03884,0.04692,0.03844,0.04116,0.03828,0.03696,0.03816,0.03928,0.04204,0.03704,0.03844,0.03748,0.043,0.03968,0.03752,0.04008,0.03912,0.03784,0.039801,0.03924,0.039,0.04408,0.04036,0.0394,0.03772,0.04076,0.0378,0.03716,0.107]",,,,,,,,,32,4,2048,768,151936,True,True,False,1985,3,50,8,2048,768,generic,generic,,,CUDA_EVENT,BF16,none
,,,,,,,,,,,,,,,,0.08827999979257584,0.2014400064945221,0.09919144034385681,0.09228000044822693,0.022137295196265894,50,3,"[0.23444,0.10516,0.0974,0.11344,0.101601,0.094,0.09464,0.09228,0.09172,0.0968,0.08828,0.09128,0.0904,0.08972,0.12168,0.09264,0.09212,0.0888,0.098601,0.134801,0.106681,0.096281,0.091,0.09368,0.09396,0.0908,0.09656,0.09132,0.0928,0.08876,0.09208,0.0918,0.09192,0.095801,0.089961,0.090281,0.1976,0.1042,0.0898,0.09324,0.08956,0.10092,0.09536,0.09216,0.09228,0.09152,0.08868,0.092721,0.094361,0.091081,0.088441,0.08972,0.20144]",0.08739999681711197,0.21080000698566437,0.09874100029468537,0.09290000051259995,0.022689224508631926,50,3,"[0.112081,0.09876,0.09272,0.099601,0.0988,0.09424,0.09532,0.0904,0.092,0.09012,0.09228,0.09352,0.09224,0.08808,0.09092,0.091241,0.098601,0.08916,0.09432,0.18736,0.10076,0.09784,0.09488,0.09484,0.102,0.09112,0.09604,0.09768,0.08968,0.0874,0.089601,0.088441,0.088881,0.08852,0.08992,0.09132,0.155241,0.10012,0.09432,0.098,0.09572,0.09868,0.09192,0.09164,0.096401,0.094601,0.096641,0.08936,0.08992,0.08848,0.08916,0.08892,0.2108]",0.0371600016951561,0.097120001912117,0.04127126030623913,0.038839999586343765,0.01099052864064563,50,3,"[0.1236,0.03948,0.04032,0.04152,0.03912,0.0384,0.03984,0.03944,0.03904,0.0388,0.03792,0.03716,0.0386,0.038601,0.03736,0.03812,0.03976,0.03908,0.03932,0.09712,0.04004,0.03752,0.03856,0.03812,0.0398,0.04044,0.04256,0.03904,0.040121,0.03808,0.03752,0.03864,0.03816,0.03884,0.03884,0.0388,0.0434,0.04016,0.03776,0.03948,0.03792,0.03896,0.03844,0.040601,0.03852,0.04032,0.04032,0.0384,0.03924,0.03812,0.0376,0.03772,0.09232]",,,,,,,,,32,4,2048,768,151936,True,True,False,1965,3,50,8,2048,768,generic,generic,,,CUDA_EVENT,BF16,none
,,,,,,,,,,,,,,,,0.08668000251054764,0.2342810034751892,0.10007775947451591,0.0936799980700016,0.024635387728755467,50,3,"[168.201004,0.151881,0.11552,0.11744,0.09808,0.10256,0.0928,0.09256,0.09044,0.09212,0.09436,0.09252,0.09376,0.090961,0.08884,0.089641,0.095401,0.08668,0.095721,0.121441,0.11464,0.0936,0.094841,0.110241,0.0914,0.102,0.09496,0.095,0.08796,0.09028,0.09648,0.08884,0.08924,0.08856,0.09548,0.08844,0.234281,0.09856,0.09952,0.09316,0.09876,0.1002,0.09184,0.091,0.09168,0.09312,0.10128,0.09588,0.09216,0.09704,0.0868,0.08848,0.19284]",0.08163999766111374,0.2037609964609146,0.09772894009947777,0.09373999759554863,0.019692669493990705,50,3,"[13.262824,0.14188,0.0956,0.1014,0.10256,0.09032,0.08528,0.09696,0.0904,0.099921,0.089441,0.090521,0.095081,0.08672,0.10196,0.09012,0.08744,0.09588,0.08848,0.17332,0.101681,0.095481,0.10164,0.09436,0.08904,0.09636,0.09372,0.10396,0.09072,0.09408,0.09128,0.08864,0.09876,0.08796,0.08836,0.09576,0.11052,0.10948,0.0986,0.0926,0.09376,0.09324,0.08996,0.09588,0.08972,0.0958,0.09668,0.09216,0.08892,0.08164,0.089,0.08712,0.203761]",0.03415999934077263,0.10224000364542007,0.043806540071964266,0.04066049866378307,0.012078841817008882,50,3,"[0.366081,0.04648,0.0426,0.04752,0.042481,0.040441,0.040641,0.04068,0.03968,0.04024,0.04536,0.04092,0.04104,0.03856,0.0402,0.03884,0.0386,0.06644,0.03964,0.10224,0.04312,0.04052,0.0406,0.04236,0.04168,0.0416,0.04024,0.04044,0.03904,0.03644,0.04112,0.03416,0.04416,0.03868,0.04516,0.04076,0.04392,0.04312,0.04128,0.03944,0.04344,0.04064,0.044521,0.046001,0.038761,0.039921,0.04196,0.03496,0.03948,0.04392,0.0394,0.0404,0.09556]",,,,,,,,,32,4,2048,768,151936,True,True,False,1978,3,50,8,2048,768,generic,generic,,,CUDA_EVENT,BF16,none
,,,,,,,,,,,,,,,,0.08760000020265579,0.21700100600719452,0.09794017985463142,0.09166000038385391,0.022673077500002137,50,3,"[0.23072,0.10504,0.09328,0.11672,0.09928,0.09172,0.0936,0.09156,0.09636,0.08972,0.08988,0.09016,0.09156,0.0888,0.09308,0.09056,0.08948,0.08964,0.090801,0.135201,0.11112,0.09528,0.09492,0.092761,0.088041,0.093201,0.091321,0.092721,0.0916,0.09092,0.08904,0.08892,0.087841,0.0876,0.08828,0.0922,0.217001,0.10104,0.09844,0.09384,0.09216,0.09216,0.09592,0.09144,0.09268,0.0884,0.09208,0.08796,0.09012,0.08864,0.08976,0.09696,0.18452]",0.08687999844551086,0.1990409940481186,0.09750189960002899,0.09271999821066856,0.020791241072004293,50,3,"[0.118,0.09756,0.0906,0.10184,0.09416,0.09148,0.091721,0.097881,0.089481,0.086921,0.089641,0.089521,0.088281,0.086961,0.094361,0.089721,0.089641,0.09092,0.08952,0.18808,0.099921,0.095601,0.097841,0.09572,0.09276,0.10224,0.09484,0.09304,0.09132,0.09308,0.08688,0.09268,0.0916,0.09276,0.0934,0.08856,0.1332,0.09716,0.09188,0.09548,0.10096,0.09496,0.09388,0.09088,0.09132,0.08836,0.08888,0.09336,0.09064,0.09672,0.08912,0.08688,0.199041]",0.03683999925851822,0.08907999843358994,0.04079599991440773,0.03863999992609024,0.009657468976248093,50,3,"[0.12656,0.04528,0.03996,0.03976,0.03916,0.03696,0.04052,0.03872,0.03924,0.03808,0.04084,0.03864,0.03692,0.03724,0.03792,0.0384,0.04012,0.03876,0.03752,0.086,0.0414,0.03792,0.03684,0.04288,0.03832,0.03988,0.03844,0.03948,0.03952,0.03864,0.03752,0.03732,0.039,0.03872,0.03844,0.03772,0.04172,0.04352,0.03736,0.03948,0.0386,0.03888,0.04128,0.03852,0.039,0.03904,0.03772,0.03864,0.03736,0.03836,0.03712,0.03728,0.08908]",,,,,,,,,32,4,2048,768,151936,True,True,False,1977,3,50,8,2048,768,generic,generic,,,CUDA_EVENT,BF16,none
,,,,,,,,,,,,,,,,0.08256000280380249,0.22008100152015686,0.09690162017941475,0.08999999985098839,0.02363264171273093,50,3,"[0.22604,0.10264,0.09348,0.11516,0.0932,0.10252,0.08792,0.0946,0.08824,0.0896,0.08996,0.08876,0.09024,0.08752,0.0978,0.0926,0.08916,0.09004,0.08864,0.13248,0.10684,0.09324,0.09616,0.08872,0.09048,0.0894,0.09532,0.08904,0.08256,0.08924,0.0874,0.09332,0.08752,0.09252,0.08632,0.08976,0.220081,0.096,0.09636,0.08956,0.09068,0.0942,0.09012,0.08936,0.08936,0.08816,0.08784,0.08856,0.0952,0.08652,0.09076,0.0858,0.19024]",0.08579999953508377,0.1820410043001175,0.09616324067115783,0.0912800021469593,0.01880158896730266,50,3,"[0.110281,0.09776,0.09356,0.10328,0.09676,0.09044,0.089,0.0954,0.09156,0.08832,0.08676,0.089,0.09108,0.0896,0.08848,0.08924,0.09148,0.08992,0.08824,0.179361,0.09964,0.09356,0.094,0.09288,0.09096,0.09164,0.09,0.0936,0.09204,0.09424,0.08884,0.09,0.08928,0.08956,0.08916,0.08776,0.13788,0.09844,0.0926,0.0944,0.09236,0.09464,0.09328,0.09288,0.09172,0.08688,0.10376,0.0876,0.09008,0.08928,0.08944,0.0858,0.182041]",0.03807999938726425,0.09719999879598618,0.04276259981095791,0.04003999941051006,0.010767527140216596,50,3,"[0.13144,0.04084,0.03612,0.043521,0.04236,0.03944,0.04008,0.03808,0.03868,0.03852,0.039441,0.039561,0.040601,0.039681,0.039641,0.038841,0.039041,0.039601,0.038161,0.09184,0.04696,0.03944,0.04,0.03916,0.04264,0.04076,0.04056,0.03888,0.04116,0.04136,0.0406,0.03988,0.03888,0.04472,0.03988,0.03908,0.04736,0.0454,0.04008,0.04048,0.04,0.04048,0.03964,0.04256,0.04064,0.04116,0.04144,0.03988,0.03976,0.04016,0.04204,0.0388,0.0972]",,,,,,,,,32,4,2048,768,151936,True,True,False,1970,3,50,8,2048,768,generic,generic,,,CUDA_EVENT,BF16,none
,,,,,,,,,,,,,,,,0.0862400010228157,0.19436000287532806,0.10317866012454033,0.09848000109195709,0.01724508402147365,50,3,"[168.878677,0.151241,0.11564,0.13048,0.1034,0.09812,0.09896,0.09716,0.1054,0.09928,0.09596,0.09504,0.09352,0.1,0.0998,0.09616,0.09616,0.08624,0.09636,0.120201,0.11024,0.10676,0.09652,0.114201,0.098601,0.103241,0.101041,0.09596,0.0958,0.09292,0.10276,0.09724,0.0932,0.09552,0.09776,0.09508,0.19436,0.108961,0.099481,0.09768,0.09836,0.0976,0.10228,0.0986,0.09892,0.09976,0.105121,0.100201,0.095241,0.097601,0.098081,0.094361,0.16324]",0.08919999748468399,0.18991999328136444,0.10186588019132614,0.0983004979789257,0.018979749744236052,50,3,"[13.309423,0.12292,0.09416,0.1084,0.10544,0.0932,0.09616,0.10012,0.097921,0.099481,0.092921,0.098321,0.097841,0.094001,0.100201,0.093001,0.089441,0.099041,0.102041,0.18408,0.1026,0.100441,0.105561,0.098,0.0958,0.09796,0.09744,0.10192,0.09288,0.0998,0.0938,0.0892,0.09852,0.09088,0.09288,0.09908,0.141921,0.10836,0.09876,0.09868,0.09836,0.09672,0.0964,0.09856,0.09828,0.09384,0.09904,0.09992,0.09144,0.09196,0.09228,0.09048,0.18992]",0.03488000109791756,0.08708000183105469,0.04164964005351066,0.03941999934613705,0.009028136734474394,50,3,"[0.30092,0.04456,0.04132,0.046,0.041721,0.04028,0.0394,0.03908,0.04052,0.0402,0.0384,0.03904,0.03488,0.03504,0.03932,0.038,0.03828,0.03944,0.03928,0.07984,0.040401,0.0378,0.03912,0.0404,0.03988,0.03896,0.03904,0.03984,0.0406,0.04008,0.03868,0.03632,0.03912,0.03804,0.05544,0.03816,0.04216,0.04224,0.03888,0.04048,0.0414,0.03828,0.04108,0.04,0.03896,0.03876,0.04032,0.04072,0.03876,0.043,0.03856,0.0412,0.08708]",,,,,,,,,32,4,2048,768,151936,True,True,False,1979,3,50,8,2048,768,generic,generic,,,CUDA_EVENT,BF16,none
,,,,,,,,,,,,,,,,0.08631999790668488,0.22631999850273132,0.09849606037139892,0.09210000187158585,0.02281336340358133,50,3,"[0.228481,0.1036,0.087,0.115161,0.093161,0.0944,0.09136,0.09,0.09252,0.08944,0.08796,0.08964,0.09948,0.0902,0.12152,0.09068,0.08872,0.08972,0.08716,0.14024,0.11808,0.09364,0.09512,0.091,0.0926,0.0928,0.092,0.09956,0.09024,0.0922,0.08836,0.09148,0.0926,0.08852,0.09064,0.08848,0.22632,0.09884,0.09392,0.09348,0.09136,0.09532,0.09788,0.09292,0.08984,0.0896,0.0926,0.08632,0.09196,0.087,0.09064,0.09368,0.164441]",0.08619999885559082,0.22623999416828156,0.09732100009918213,0.09170049801468849,0.0224202071455141,50,3,"[0.1148,0.10016,0.094001,0.0992,0.0996,0.08968,0.09116,0.09384,0.09048,0.08808,0.09728,0.0912,0.08736,0.08796,0.09468,0.08812,0.08724,0.08656,0.08816,0.17088,0.10128,0.09724,0.09912,0.09116,0.0958,0.0924,0.0912,0.09488,0.0898,0.09416,0.08876,0.08708,0.09104,0.08964,0.0884,0.09168,0.1322,0.09796,0.09544,0.09488,0.0926,0.096681,0.095041,0.091081,0.092841,0.089001,0.091721,0.090961,0.089881,0.094161,0.0862,0.094041,0.22624]",0.03223999962210655,0.09804099798202515,0.04096484020352364,0.03830000013113022,0.011320153379976468,50,3,"[0.12436,0.04008,0.03852,0.04424,0.03888,0.03768,0.03832,0.03836,0.03832,0.03864,0.03804,0.03796,0.03796,0.03816,0.03692,0.03788,0.03808,0.04276,0.0378,0.098041,0.04104,0.03768,0.038,0.03784,0.03876,0.03904,0.0384,0.0398,0.03816,0.041,0.03768,0.03856,0.03784,0.03804,0.03872,0.03716,0.0422,0.03224,0.037681,0.03888,0.04328,0.04056,0.03884,0.03812,0.03768,0.03872,0.04088,0.03808,0.03768,0.03852,0.03828,0.03756,0.09328]",,,,,,,,,32,4,2048,768,151936,True,True,False,1969,3,50,8,2048,768,generic,generic,,,CUDA_EVENT,BF16,none
,,,,,,,,,,,,,,,,0.07992000132799149,0.23331999778747559,0.09876888051629067,0.09186049923300743,0.025825251645455224,50,3,"[170.485397,0.15096,0.10564,0.11688,0.10016,0.092041,0.09228,0.09168,0.09124,0.09564,0.089481,0.08968,0.088,0.08452,0.09136,0.08996,0.09424,0.08828,0.09224,0.12836,0.10696,0.09428,0.09144,0.1094,0.09316,0.10024,0.09492,0.093321,0.08984,0.09504,0.1014,0.08956,0.08736,0.0876,0.08768,0.07992,0.23332,0.102,0.09244,0.092601,0.08884,0.0908,0.09156,0.09076,0.09876,0.088,0.10024,0.09464,0.08808,0.08808,0.08696,0.09028,0.20292]",0.08392000198364258,0.21768100559711456,0.10015932098031044,0.09484000131487846,0.023134690321546487,50,3,"[13.380649,0.12588,0.0932,0.10156,0.10196,0.08908,0.08672,0.13176,0.0904,0.09944,0.08976,0.08972,0.09764,0.08924,0.10216,0.088361,0.09052,0.09532,0.09052,0.17944,0.10184,0.09996,0.110481,0.09536,0.0948,0.09784,0.09532,0.10124,0.09128,0.08948,0.09148,0.08972,0.094881,0.08392,0.08708,0.09576,0.15056,0.10556,0.0948,0.09588,0.095,0.09416,0.09984,0.09488,0.093681,0.09124,0.09756,0.09172,0.08868,0.08812,0.086761,0.0878,0.217681]",0.033720001578330994,0.10700000077486038,0.042354399785399434,0.04028000123798847,0.011417628582446817,50,3,"[0.35192,0.04552,0.0416,0.04372,0.04432,0.03992,0.04048,0.04396,0.03868,0.04068,0.03856,0.04032,0.04024,0.03512,0.04192,0.03856,0.03828,0.03896,0.03372,0.107,0.04108,0.03916,0.04108,0.04088,0.04124,0.04172,0.03864,0.04084,0.03968,0.04072,0.0396,0.03596,0.03896,0.03924,0.03936,0.04192,0.04392,0.04292,0.0384,0.03788,0.03892,0.04236,0.04208,0.04144,0.0404,0.04012,0.04132,0.03964,0.03952,0.04052,0.0386,0.03936,0.0858]",,,,,,,,,32,4,2048,768,151936,True,True,False,1980,3,50,8,2048,768,generic,generic,,,CUDA_EVENT,BF16,none
,,,,,,,,,,,,,,,,0.08408000320196152,0.2077610045671463,0.09614081993699074,0.0899600014090538,0.020398555770229577,50,3,"[0.22248,0.10284,0.09352,0.11508,0.09784,0.091,0.08956,0.09004,0.08744,0.08932,0.08652,0.09304,0.08616,0.08996,0.122,0.09112,0.09012,0.087,0.08648,0.127,0.1044,0.09692,0.0892,0.09312,0.08788,0.09388,0.08976,0.0904,0.08996,0.08744,0.09644,0.08752,0.0896,0.0896,0.0878,0.087,0.207761,0.09904,0.09888,0.09044,0.09184,0.08888,0.09012,0.08824,0.09232,0.08744,0.08408,0.09304,0.08664,0.08952,0.08964,0.08732,0.16124]",0.08631999790668488,0.188400000333786,0.09590642035007477,0.09084000065922737,0.01922959931153562,50,3,"[0.109321,0.0964,0.09264,0.09876,0.0994,0.0922,0.09268,0.08928,0.08752,0.09356,0.08732,0.08872,0.09156,0.0882,0.09124,0.09108,0.0882,0.08804,0.08788,0.161121,0.09996,0.09428,0.09448,0.09492,0.08948,0.08908,0.0894,0.091,0.09608,0.08792,0.0898,0.08748,0.08764,0.08868,0.08812,0.08856,0.15972,0.09804,0.0958,0.09252,0.09328,0.09388,0.0914,0.09244,0.09016,0.09424,0.0902,0.08632,0.08904,0.08744,0.08812,0.09068,0.1884]",0.03455999866127968,0.08320000022649765,0.041870500147342685,0.03969999961555004,0.00847283532322772,50,3,"[0.12504,0.0386,0.04216,0.042641,0.04008,0.04092,0.03772,0.0448,0.03912,0.040001,0.039841,0.039321,0.0388,0.04484,0.03948,0.04032,0.03864,0.0392,0.0412,0.0832,0.04112,0.03824,0.03936,0.03972,0.0404,0.0408,0.04544,0.03968,0.04124,0.0392,0.03756,0.03956,0.0378,0.03952,0.03996,0.03964,0.04928,0.04056,0.03964,0.0394,0.03872,0.04032,0.03456,0.04516,0.03968,0.04044,0.04044,0.03968,0.03972,0.03852,0.03872,0.03892,0.080401]",,,,,,,,,32,4,2048,768,151936,True,True,False,1962,3,50,8,2048,768,generic,generic,,,CUDA_EVENT,BF16,none
,,,,,,,,,,,,,,,,0.08872000128030777,0.1937199980020523,0.10009135991334915,0.09512000158429146,0.017651943384022428,50,3,"[0.23744,0.10428,0.09816,0.12116,0.10376,0.10124,0.09584,0.10308,0.09476,0.09716,0.09248,0.08872,0.0904,0.0926,0.10036,0.094121,0.095161,0.091761,0.093,0.127,0.11456,0.09708,0.09992,0.09344,0.09516,0.09508,0.09452,0.09396,0.09336,0.09776,0.0928,0.094161,0.091561,0.09656,0.0908,0.09296,0.19372,0.1006,0.09768,0.09812,0.09388,0.098,0.09544,0.09588,0.09908,0.09424,0.0966,0.09092,0.092121,0.092681,0.0934,0.09356,0.162361]",0.08820000290870667,0.20584000647068024,0.09901531979441643,0.09504000097513199,0.020524638540691056,50,3,"[0.116361,0.10204,0.09952,0.10404,0.0976,0.10404,0.09056,0.09492,0.09592,0.09104,0.09048,0.08876,0.09796,0.0882,0.09276,0.08988,0.08972,0.09256,0.096321,0.170041,0.10308,0.09636,0.09624,0.09676,0.09584,0.09392,0.0964,0.09912,0.0916,0.089,0.08972,0.09516,0.09016,0.088321,0.088681,0.09044,0.14892,0.10696,0.0962,0.1002,0.09572,0.099,0.0924,0.09684,0.09548,0.09188,0.09132,0.08916,0.089,0.08904,0.089761,0.097441,0.20584]",0.035920001566410065,0.0920799970626831,0.04153039984405041,0.03935999982059002,0.0094786787715614,50,3,"[0.12412,0.042,0.0396,0.04508,0.04052,0.04004,0.0398,0.04012,0.03844,0.03964,0.03868,0.04024,0.03972,0.03864,0.04,0.0386,0.04088,0.03864,0.03804,0.08148,0.04708,0.03924,0.03852,0.03764,0.0388,0.03876,0.03932,0.04016,0.0384,0.0388,0.03752,0.04008,0.03904,0.04064,0.03804,0.03876,0.04416,0.04176,0.03864,0.03948,0.03968,0.0394,0.03976,0.04012,0.0404,0.03896,0.0386,0.03856,0.0386,0.04268,0.03592,0.03836,0.09208]",,,,,,,,,32,4,2048,768,151936,True,True,False,1971,3,50,8,2048,768,generic,generic,,,CUDA_EVENT,BF16,none
,,,,,,,,,,,,,,,,0.0860000029206276,0.23552100360393524,0.09791282027959823,0.09163999930024147,0.022900252493692378,50,3,"[0.219961,0.10284,0.10072,0.11564,0.09528,0.09228,0.09048,0.09856,0.09136,0.09216,0.0888,0.09096,0.08988,0.0894,0.12136,0.0898,0.0948,0.08744,0.08912,0.11556,0.1118,0.09508,0.09296,0.09312,0.09056,0.0886,0.1008,0.09212,0.0956,0.0884,0.08824,0.08976,0.09144,0.08976,0.087,0.0944,0.235521,0.09968,0.09536,0.09092,0.09288,0.0964,0.09088,0.09456,0.08956,0.09184,0.0864,0.09112,0.08868,0.086,0.09604,0.08832,0.15896]",0.08592099696397781,0.19788099825382233,0.09779785946011543,0.09290000051259995,0.020100467920884435,50,3,"[0.11044,0.09628,0.09172,0.101601,0.09372,0.09516,0.08872,0.08996,0.089121,0.089241,0.088041,0.094121,0.085921,0.091441,0.096121,0.094081,0.089121,0.092521,0.0884,0.170961,0.10024,0.09608,0.0928,0.09244,0.09592,0.09224,0.093,0.09072,0.09508,0.08992,0.0934,0.08756,0.08928,0.0972,0.08864,0.08832,0.15284,0.0996,0.09444,0.1016,0.09616,0.0988,0.0932,0.0972,0.0944,0.09164,0.08932,0.09184,0.09748,0.09232,0.08908,0.091,0.197881]",0.036639999598264694,0.08504000306129456,0.040456019937992097,0.03839999996125698,0.008877053037536567,50,3,"[0.12468,0.04016,0.039681,0.03968,0.0394,0.04064,0.03876,0.03876,0.03848,0.03664,0.03752,0.038,0.03728,0.03744,0.039,0.03772,0.03884,0.03752,0.04148,0.08064,0.04032,0.03792,0.03744,0.03752,0.03888,0.03892,0.03896,0.03812,0.039121,0.03936,0.03796,0.0378,0.0392,0.03852,0.03756,0.03736,0.04148,0.03944,0.03804,0.03876,0.03732,0.03784,0.03776,0.03876,0.03788,0.03844,0.0502,0.0376,0.03836,0.03684,0.03828,0.038,0.08504]",,,,,,,,,32,4,2048,768,151936,True,True,False,1961,3,50,8,2048,768,generic,generic,,,CUDA_EVENT,BF16,none
,,,,,,,,,,,,,,,,0.08436000347137451,0.19536100327968597,0.09531770005822182,0.08985999971628189,0.020198038314351827,50,3,"[0.228,0.10584,0.09108,0.113561,0.09624,0.09064,0.08992,0.08908,0.0898,0.09296,0.09064,0.09036,0.0882,0.08888,0.0884,0.08836,0.0858,0.087,0.08436,0.11808,0.10764,0.09712,0.0912,0.0912,0.0926,0.08436,0.0884,0.08888,0.09324,0.087441,0.08728,0.08768,0.08816,0.08772,0.088441,0.08704,0.195361,0.09696,0.097281,0.08928,0.09156,0.09404,0.08976,0.08996,0.09064,0.08896,0.08796,0.09564,0.08992,0.09008,0.08864,0.08632,0.18284]",0.08023999631404877,0.18836000561714172,0.09695446074008941,0.09224000200629234,0.02018972749394147,50,3,"[0.11176,0.09916,0.09388,0.10196,0.09496,0.09232,0.09808,0.09352,0.09212,0.09012,0.086281,0.0874,0.08968,0.09196,0.08944,0.089561,0.09312,0.08816,0.09632,0.1796,0.10112,0.09616,0.09288,0.094,0.090281,0.09116,0.09652,0.0968,0.0924,0.08844,0.08972,0.0878,0.09212,0.08836,0.09168,0.08752,0.15428,0.09988,0.09424,0.0916,0.09484,0.09408,0.09412,0.09304,0.09216,0.09272,0.08908,0.0888,0.08852,0.09396,0.08624,0.08024,0.18836]",0.03791999816894531,0.09391999989748001,0.042573659792542455,0.03978000022470951,0.010676888164675163,50,3,"[0.12584,0.04144,0.04148,0.04208,0.04116,0.04332,0.03972,0.0416,0.04,0.03972,0.03908,0.04568,0.03872,0.03824,0.03972,0.0388,0.04072,0.03956,0.0404,0.09392,0.04184,0.04348,0.04016,0.0406,0.03964,0.04216,0.03992,0.04008,0.03892,0.04008,0.03912,0.03888,0.03912,0.03928,0.03944,0.04468,0.0506,0.04104,0.03992,0.03936,0.03884,0.03964,0.03792,0.04192,0.03984,0.039601,0.03952,0.03916,0.03988,0.03892,0.039241,0.03968,0.093761]",,,,,,,,,32,4,2048,768,151936,True,True,False,1972,3,50,8,2048,768,generic,generic,,,CUDA_EVENT,BF16,none
,,,,,,,,,,,,,,,,0.08951999992132187,0.21060000360012054,0.1003745201230049,0.09417999908328056,0.020385115956439902,50,3,"[0.223401,0.1052,0.09808,0.11396,0.09728,0.09636,0.09624,0.09964,0.09464,0.09296,0.09356,0.09308,0.0942,0.09208,0.12052,0.0918,0.10008,0.09364,0.093241,0.121881,0.11752,0.092,0.0964,0.0946,0.09832,0.09588,0.09548,0.09396,0.0902,0.0922,0.08952,0.09748,0.09344,0.09212,0.092481,0.091521,0.2106,0.1016,0.1,0.09804,0.09328,0.09708,0.09412,0.09536,0.09972,0.09312,0.09364,0.09072,0.09416,0.0914,0.09172,0.091881,0.174001]",0.0851999968290329,0.19128000736236572,0.09815759971737861,0.09219999983906746,0.019580275027814557,50,3,"[0.11072,0.09804,0.09728,0.1006,0.09684,0.09128,0.09232,0.09148,0.093,0.09132,0.0898,0.08908,0.09012,0.09208,0.09752,0.09376,0.08988,0.09032,0.09176,0.1732,0.10232,0.09784,0.10076,0.09812,0.096,0.09736,0.09176,0.09164,0.08892,0.0974,0.09008,0.09068,0.08964,0.08936,0.09084,0.09128,0.15324,0.10568,0.09528,0.09496,0.09612,0.09408,0.09292,0.0946,0.09676,0.09152,0.09148,0.08916,0.0852,0.08992,0.09004,0.09728,0.19128]",0.035920001566410065,0.08776000142097473,0.04162334010004997,0.03952000103890896,0.009057514998544104,50,3,"[0.12348,0.04128,0.04068,0.04128,0.04052,0.046201,0.039761,0.04048,0.03944,0.03668,0.03824,0.03948,0.03936,0.03928,0.03936,0.03964,0.0398,0.03908,0.03988,0.08776,0.040361,0.039201,0.03976,0.03848,0.04216,0.04,0.04152,0.04128,0.03928,0.04012,0.03868,0.03592,0.03896,0.0372,0.03928,0.039,0.04516,0.041801,0.038961,0.038161,0.03892,0.0384,0.0456,0.04008,0.04176,0.03844,0.03824,0.03992,0.03964,0.03884,0.03816,0.03956,0.08208]",,,,,,,,,32,4,2048,768,151936,True,True,False,1963,3,50,8,2048,768,generic,generic,,,CUDA_EVENT,BF16,none
,,,,,,,,,,,,,,,,0.08291999995708466,0.2066809982061386,0.09617687970399856,0.08914000168442726,0.02210901631656816,50,3,"[0.23236,0.10328,0.09256,0.113961,0.09544,0.09112,0.08796,0.08772,0.08704,0.08984,0.09156,0.08808,0.08912,0.08732,0.12176,0.0852,0.089,0.08796,0.08832,0.1208,0.1152,0.0944,0.09236,0.09168,0.09028,0.08828,0.09016,0.09128,0.08932,0.087881,0.08888,0.08792,0.08636,0.09072,0.08712,0.08292,0.206681,0.1058,0.094041,0.09184,0.08916,0.09388,0.09012,0.08904,0.09332,0.08764,0.08804,0.08748,0.08792,0.08756,0.08812,0.08628,0.18496]",0.08619999885559082,0.18780000507831573,0.09750006064772605,0.09264000132679939,0.02170467778573906,50,3,"[0.11128,0.09736,0.0938,0.10144,0.09504,0.09348,0.09,0.0876,0.09568,0.09124,0.09268,0.0892,0.09164,0.09288,0.09068,0.091881,0.08652,0.09564,0.09,0.1746,0.10196,0.09344,0.0946,0.09312,0.094041,0.09636,0.09576,0.0958,0.09128,0.08848,0.0884,0.08872,0.09116,0.08696,0.089561,0.08972,0.1836,0.10028,0.0944,0.0926,0.09392,0.09792,0.09296,0.0932,0.09324,0.08968,0.08912,0.08736,0.08932,0.08712,0.08672,0.0862,0.1878]",0.03400000184774399,0.10064099729061127,0.04178484007716179,0.03959999978542328,0.010472054033945718,50,3,"[0.12516,0.04284,0.04112,0.042,0.03956,0.03764,0.04444,0.04076,0.03976,0.03936,0.03972,0.03916,0.03784,0.03932,0.03876,0.04008,0.03888,0.0406,0.03908,0.08212,0.04236,0.03876,0.03956,0.03932,0.04096,0.03532,0.04036,0.04048,0.03892,0.04132,0.03896,0.03704,0.03964,0.03792,0.03928,0.0402,0.0462,0.04124,0.03928,0.034,0.03924,0.0406,0.03996,0.0408,0.04032,0.04012,0.04352,0.03908,0.03968,0.03896,0.037121,0.039,0.100641]",,,,,,,,,32,4,2048,768,151936,True,True,False,1964,3,50,8,2048,768,generic,generic,,,CUDA_EVENT,BF16,none
,,,,,,,,,,,,,,,,0.08851999789476395,0.22492000460624695,0.10570176035165786,0.09837999939918518,0.024439317018221253,50,3,"[169.870316,0.15816,0.11364,0.12144,0.11716,0.10096,0.09832,0.098121,0.096601,0.10004,0.09644,0.09724,0.09348,0.09464,0.10856,0.09556,0.09852,0.09452,0.08852,0.14456,0.10704,0.09836,0.10532,0.114921,0.10544,0.10472,0.10136,0.0984,0.09612,0.09728,0.10636,0.09444,0.09536,0.09428,0.09752,0.099681,0.22492,0.104521,0.1024,0.09816,0.0952,0.1044,0.0988,0.10476,0.09672,0.0976,0.1082,0.10132,0.091721,0.094841,0.094081,0.09688,0.20928]",0.091279998421669,0.22327999770641327,0.10492261961102485,0.09930000081658363,0.02412396593122807,50,3,"[13.612645,0.174201,0.09816,0.11004,0.10904,0.094921,0.095361,0.10844,0.09336,0.10152,0.09388,0.09136,0.10172,0.09304,0.10388,0.09596,0.09308,0.102,0.09612,0.209881,0.11276,0.09952,0.109481,0.10028,0.09712,0.0982,0.0994,0.10396,0.1004,0.09604,0.09912,0.09432,0.103961,0.093481,0.093441,0.10024,0.140601,0.10948,0.10164,0.10516,0.09848,0.0992,0.09916,0.10036,0.10316,0.093921,0.102361,0.098201,0.09316,0.098,0.09336,0.09128,0.22328]",0.03675999864935875,0.10276000201702118,0.043007260486483574,0.040540000423789024,0.011333614196795395,50,3,"[0.382201,0.04968,0.04128,0.04256,0.04272,0.03884,0.0386,0.04124,0.03996,0.04476,0.03828,0.04388,0.04544,0.04224,0.04056,0.03792,0.0388,0.039441,0.042,0.10276,0.041641,0.03888,0.04196,0.0412,0.04156,0.0464,0.04044,0.04092,0.03984,0.041,0.04304,0.03832,0.041,0.04312,0.03972,0.04008,0.0428,0.04256,0.0392,0.03988,0.03864,0.04044,0.04064,0.038561,0.04052,0.04004,0.04052,0.03988,0.03676,0.0406,0.03864,0.0394,0.09216]",,,,,,,,,32,4,2048,768,151936,True,True,False,1984,3,50,8,2048,768,generic,generic,,,CUDA_EVENT,BF16,none
,,,,,,,,,,,,,,,,0.08895999938249588,0.23136000335216522,0.10388571992516518,0.09651999920606613,0.02680717660870344,50,3,"[170.345993,0.155641,0.11016,0.12128,0.11452,0.10048,0.09912,0.0928,0.09976,0.09084,0.093001,0.094201,0.089841,0.0918,0.0908,0.0912,0.09624,0.08932,0.13052,0.14036,0.107641,0.09532,0.0958,0.11172,0.10212,0.10444,0.10056,0.0966,0.09252,0.09876,0.10144,0.09368,0.09232,0.09176,0.09652,0.08924,0.23136,0.10156,0.097161,0.095881,0.09456,0.10064,0.10196,0.09428,0.09676,0.09504,0.10104,0.0982,0.09144,0.092,0.08896,0.09652,0.2204]",0.08752100169658661,0.22148099541664124,0.10228263989090919,0.097120001912117,0.023752593896847436,50,3,"[13.643195,0.13684,0.09764,0.10316,0.10464,0.090281,0.087521,0.098441,0.092961,0.133241,0.09096,0.0904,0.09912,0.08976,0.10032,0.09136,0.09732,0.09644,0.09496,0.19888,0.1052,0.10124,0.10804,0.0984,0.09368,0.09572,0.09412,0.1006,0.09312,0.09392,0.09256,0.093841,0.100001,0.094521,0.089321,0.097481,0.131841,0.10624,0.0998,0.09892,0.10248,0.0978,0.09712,0.10308,0.09468,0.09208,0.09712,0.09924,0.08896,0.08996,0.0888,0.093,0.221481]",0.03700000047683716,0.10475999861955643,0.04210965998470783,0.03938000090420246,0.01248387511394387,50,3,"[0.365761,0.0454,0.04116,0.04508,0.0412,0.03836,0.03824,0.03876,0.03792,0.0432,0.03852,0.03764,0.03872,0.03944,0.04012,0.03844,0.03868,0.0396,0.03988,0.100441,0.04004,0.03868,0.0394,0.03932,0.04676,0.03936,0.0398,0.040441,0.039401,0.03952,0.0396,0.03876,0.04156,0.03804,0.03936,0.03916,0.0436,0.037,0.03852,0.03808,0.03976,0.03932,0.03996,0.03976,0.03888,0.0388,0.03956,0.0396,0.0378,0.04088,0.03804,0.03772,0.10476]",,,,,,,,,32,4,2048,768,151936,True,True,False,1982,3,50,8,2048,768,generic,generic,,,CUDA_EVENT,BF16,none
,,,,,,,,,,,,,,,,0.09171999990940094,0.21031999588012695,0.10188338041305542,0.0964599996805191,0.02181873663645404,50,3,"[0.231801,0.11012,0.10136,0.114881,0.10004,0.09836,0.09916,0.0978,0.09556,0.0958,0.10004,0.09944,0.09508,0.09316,0.10012,0.0972,0.09412,0.09848,0.0952,0.12224,0.11276,0.1008,0.09724,0.10212,0.09692,0.098241,0.094521,0.094281,0.100441,0.092641,0.094761,0.091801,0.09648,0.09172,0.09292,0.09188,0.21032,0.102801,0.09924,0.0978,0.09604,0.09636,0.09644,0.0944,0.09568,0.0946,0.09436,0.09248,0.09836,0.09372,0.09324,0.0924,0.19972]",0.08848000317811966,0.20468099415302277,0.10071610003709792,0.09634000062942505,0.02100849969674232,50,3,"[0.11516,0.10224,0.094361,0.10828,0.09628,0.09876,0.09468,0.0964,0.09648,0.09688,0.09856,0.09684,0.09764,0.09568,0.0956,0.09936,0.0946,0.09768,0.09272,0.192401,0.10336,0.10632,0.100281,0.097761,0.097201,0.09596,0.09424,0.09508,0.09764,0.09292,0.0904,0.09316,0.0886,0.0914,0.08988,0.09508,0.13192,0.102,0.09572,0.09456,0.09748,0.09604,0.09852,0.09752,0.09688,0.09176,0.09812,0.09188,0.08944,0.09204,0.09064,0.08848,0.204681]",0.03519999980926514,0.10704000294208527,0.04192725963890553,0.039639998227357864,0.01104838392190536,50,3,"[0.12612,0.04104,0.0404,0.04164,0.04004,0.03944,0.04,0.03804,0.04012,0.03964,0.04012,0.03844,0.03824,0.03876,0.03564,0.03944,0.039001,0.040041,0.03964,0.07996,0.0418,0.039761,0.03824,0.04468,0.04044,0.03696,0.04584,0.04164,0.03864,0.03792,0.03804,0.03876,0.04172,0.04284,0.039,0.0402,0.04524,0.04,0.03896,0.0398,0.04076,0.0402,0.03904,0.042,0.03928,0.0352,0.03912,0.038,0.03964,0.03888,0.03964,0.03888,0.10704]",,,,,,,,,32,4,2048,768,151936,True,True,False,1976,3,50,8,2048,768,generic,generic,,,CUDA_EVENT,BF16,none
,,,,,,,,,,,,,,,,0.08839999884366989,0.23624099791049957,0.10041217997670174,0.09376000240445137,0.025464756376107702,50,3,"[0.240441,0.10532,0.09468,0.122481,0.09784,0.09624,0.09204,0.10008,0.09328,0.09104,0.0906,0.08876,0.09644,0.091,0.09776,0.09728,0.09236,0.09132,0.08976,0.12864,0.11796,0.09472,0.0964,0.0934,0.088441,0.091201,0.097041,0.09804,0.09108,0.09688,0.0884,0.09216,0.09176,0.0904,0.08968,0.09156,0.236241,0.10664,0.0978,0.09304,0.09432,0.09412,0.096241,0.095321,0.096201,0.091321,0.09432,0.09044,0.08988,0.0956,0.09168,0.09212,0.19928]",0.08699999749660492,0.24852100014686584,0.1008321200311184,0.09306000173091888,0.028209122316368487,50,3,"[0.11392,0.10044,0.09376,0.10728,0.0942,0.0998,0.09272,0.09284,0.09272,0.09272,0.09368,0.09196,0.087,0.08972,0.09216,0.08984,0.09004,0.09084,0.09108,0.203761,0.10256,0.094721,0.098841,0.09536,0.0936,0.09868,0.0916,0.09644,0.09532,0.09104,0.08924,0.09296,0.09172,0.08872,0.09592,0.0904,0.1672,0.0986,0.09764,0.09804,0.101481,0.098761,0.0948,0.09316,0.0916,0.09104,0.0972,0.10228,0.09132,0.08912,0.08956,0.0918,0.248521]",0.03771999850869179,0.10147999972105026,0.04193126007914543,0.03928050026297569,0.011950002052962825,50,3,"[0.13788,0.04032,0.039641,0.03896,0.03932,0.038,0.03856,0.039,0.0446,0.03984,0.03872,0.03808,0.0388,0.03784,0.03816,0.039281,0.038361,0.03948,0.03772,0.10148,0.0408,0.03844,0.03908,0.03892,0.0398,0.04076,0.03992,0.03976,0.03904,0.03936,0.03904,0.03816,0.03836,0.03808,0.04064,0.03824,0.04556,0.04132,0.039721,0.03876,0.04012,0.03956,0.03772,0.04012,0.0408,0.04452,0.03936,0.04004,0.03948,0.03916,0.03808,0.03928,0.09836]",,,,,,,,,32,4,2048,768,151936,True,True,False,1974,3,50,8,2048,768,generic,generic,,,CUDA_EVENT,BF16,none
,,,,,,,,,,,,,,,,0.08591999858617783,0.19932100176811218,0.10104023993015289,0.09510000050067902,0.02167258886048947,50,3,"[0.225,0.108,0.0974,0.11184,0.09924,0.09632,0.09244,0.09296,0.09332,0.097641,0.091401,0.092041,0.096001,0.092801,0.123361,0.094481,0.099921,0.094,0.09512,0.13736,0.109921,0.098841,0.10284,0.09656,0.09632,0.09536,0.09076,0.094,0.09204,0.09548,0.09248,0.09456,0.09336,0.08592,0.09228,0.09128,0.198921,0.10392,0.0972,0.09856,0.0954,0.09648,0.10148,0.09568,0.09348,0.09384,0.08832,0.09312,0.09344,0.09508,0.09204,0.09348,0.199321]",0.08760000020265579,0.21296000480651855,0.10129786059260368,0.09574000164866447,0.024107500306963233,50,3,"[0.116081,0.1012,0.10096,0.100201,0.096761,0.092241,0.097161,0.098521,0.09256,0.09276,0.09296,0.09632,0.09372,0.0926,0.09832,0.093,0.09368,0.0876,0.09464,0.21296,0.10348,0.09724,0.09576,0.10028,0.0948,0.09296,0.09712,0.10056,0.09572,0.09328,0.09128,0.09344,0.09116,0.09204,0.09596,0.09212,0.15208,0.1024,0.09596,0.10184,0.1032,0.0972,0.09812,0.09876,0.097321,0.093201,0.092721,0.097281,0.093281,0.093281,0.091041,0.093761,0.21024]",0.03723999857902527,0.09008000046014786,0.04149681985378265,0.03930000029504299,0.009677660285691812,50,3,"[0.12336,0.04056,0.03984,0.03944,0.04164,0.0388,0.03852,0.04008,0.0392,0.03976,0.03928,0.03852,0.038,0.03876,0.03956,0.03928,0.0384,0.03904,0.0398,0.08648,0.04704,0.03932,0.03944,0.0386,0.03964,0.0396,0.03724,0.04008,0.03944,0.0422,0.03868,0.04028,0.03916,0.03808,0.03896,0.0386,0.04404,0.04144,0.03948,0.03884,0.03908,0.038681,0.03844,0.0398,0.03932,0.04004,0.03908,0.04016,0.03896,0.03936,0.03856,0.03856,0.09008]",,,,,,,,,32,4,2048,768,151936,True,True,False,1968,3,50,8,2048,768,generic,generic,,,CUDA_EVENT,BF16,none
,,,,,,,,,,,,,,,,0.088639996945858,0.20144100487232208,0.10015546008944512,0.09376049786806107,0.021584590381590066,50,3,"[0.232281,0.10496,0.09552,0.123681,0.098481,0.09784,0.09404,0.0904,0.0912,0.09276,0.09328,0.09156,0.09412,0.0916,0.12348,0.08948,0.09084,0.09732,0.09372,0.1384,0.11124,0.0966,0.09588,0.09224,0.09224,0.099961,0.095681,0.093201,0.093801,0.09188,0.08936,0.09016,0.09008,0.08968,0.09876,0.0904,0.201441,0.1026,0.0978,0.09408,0.09992,0.09616,0.09544,0.09448,0.08864,0.091681,0.090401,0.098361,0.090481,0.093441,0.089521,0.09052,0.18944]",0.08640000224113464,0.24323999881744385,0.09918254032731057,0.09262049943208694,0.026096833933584918,50,3,"[0.11932,0.09916,0.0898,0.10256,0.09784,0.09344,0.09072,0.09088,0.09612,0.08908,0.08892,0.089,0.09252,0.09052,0.09172,0.09152,0.08992,0.0948,0.08956,0.178401,0.1062,0.09304,0.096401,0.102561,0.094241,0.09548,0.09168,0.09376,0.0904,0.09364,0.0864,0.08988,0.0938,0.08668,0.09012,0.0922,0.1658,0.10096,0.09916,0.09216,0.0934,0.09456,0.092081,0.092721,0.094241,0.0956,0.09072,0.0898,0.08844,0.0942,0.08956,0.08848,0.24324]",0.03807999938726425,0.10407999902963638,0.04228801988065243,0.03961999900639057,0.011683265709370047,50,3,"[0.12544,0.0406,0.036561,0.04432,0.04116,0.03892,0.04436,0.04116,0.03968,0.03996,0.03976,0.03808,0.03884,0.0388,0.03908,0.03932,0.03952,0.04008,0.03892,0.0936,0.04096,0.03964,0.03852,0.03948,0.0398,0.03948,0.0402,0.03968,0.03992,0.03848,0.04324,0.03836,0.04024,0.03832,0.0392,0.03852,0.04512,0.04072,0.03964,0.03912,0.039521,0.03996,0.04024,0.04076,0.0392,0.03956,0.03904,0.03952,0.03944,0.03996,0.03932,0.0396,0.10408]",,,,,,,,,32,4,2048,768,151936,True,True,False,1966,3,50,8,2048,768,generic,generic,,,CUDA_EVENT,BF16,none
,,,,,,,,,,,,,,,,0.09096000343561172,0.1937209963798523,0.10132081985473633,0.09597999975085258,0.019383506895219935,50,3,"[0.22432,0.10596,0.0968,0.12308,0.09944,0.099,0.09592,0.09516,0.09412,0.091,0.09412,0.09248,0.09512,0.09336,0.12,0.09608,0.09672,0.0946,0.09388,0.12536,0.11684,0.09932,0.09644,0.09912,0.09452,0.09604,0.09832,0.097,0.09616,0.09216,0.0964,0.09584,0.09504,0.09452,0.0914,0.09144,0.193721,0.10304,0.09964,0.09556,0.09592,0.09616,0.09644,0.10088,0.09396,0.09668,0.09276,0.09332,0.09208,0.09332,0.09776,0.09096,0.18384]",0.09055999666452408,0.20904099941253662,0.10165124028921127,0.09582000225782394,0.022477832383077274,50,3,"[0.113,0.09944,0.09764,0.10512,0.1022,0.09588,0.0952,0.0956,0.10028,0.09312,0.09252,0.09436,0.09468,0.09316,0.09184,0.09808,0.09436,0.09384,0.09124,0.181081,0.1038,0.0982,0.10008,0.09668,0.09444,0.09484,0.09368,0.09828,0.09976,0.09576,0.09136,0.0964,0.09132,0.09248,0.09424,0.09828,0.17468,0.09908,0.0968,0.09972,0.10044,0.10316,0.09672,0.10264,0.09792,0.09536,0.09132,0.09056,0.09732,0.091,0.09332,0.09132,0.209041]",0.032600000500679016,0.09827999770641327,0.0414895997941494,0.03954000025987625,0.009767706824201835,50,3,"[0.125561,0.04044,0.04032,0.04168,0.03916,0.04032,0.03972,0.04064,0.04056,0.0398,0.04404,0.03828,0.0396,0.03848,0.0404,0.04016,0.0398,0.04408,0.03836,0.0762,0.03996,0.04016,0.03828,0.04012,0.03824,0.0404,0.0364,0.0408,0.04,0.03936,0.03924,0.03916,0.0386,0.03912,0.03872,0.03904,0.04548,0.04008,0.0326,0.0384,0.03816,0.04024,0.04008,0.04068,0.03916,0.03876,0.03916,0.03936,0.03948,0.03844,0.03916,0.03808,0.09828]",,,,,,,,,32,4,2048,768,151936,True,True,False,1960,3,50,8,2048,768,generic,generic,,,CUDA_EVENT,BF16,none
