time_stats.emb.min,time_stats.emb.max,time_stats.emb.mean,time_stats.emb.median,time_stats.emb.std,time_stats.emb.count,time_stats.emb.warmup_count,time_stats.emb.samples,time_stats.input_layernorm.min,time_stats.input_layernorm.max,time_stats.input_layernorm.mean,time_stats.input_layernorm.median,time_stats.input_layernorm.std,time_stats.input_layernorm.count,time_stats.input_layernorm.warmup_count,time_stats.input_layernorm.samples,time_stats.attn_pre_proj.min,time_stats.attn_pre_proj.max,time_stats.attn_pre_proj.mean,time_stats.attn_pre_proj.median,time_stats.attn_pre_proj.std,time_stats.attn_pre_proj.count,time_stats.attn_pre_proj.warmup_count,time_stats.attn_pre_proj.samples,time_stats.attn_rope.min,time_stats.attn_rope.max,time_stats.attn_rope.mean,time_stats.attn_rope.median,time_stats.attn_rope.std,time_stats.attn_rope.count,time_stats.attn_rope.warmup_count,time_stats.attn_rope.samples,time_stats.attn_post_proj.min,time_stats.attn_post_proj.max,time_stats.attn_post_proj.mean,time_stats.attn_post_proj.median,time_stats.attn_post_proj.std,time_stats.attn_post_proj.count,time_stats.attn_post_proj.warmup_count,time_stats.attn_post_proj.samples,time_stats.post_attention_layernorm.min,time_stats.post_attention_layernorm.max,time_stats.post_attention_layernorm.mean,time_stats.post_attention_layernorm.median,time_stats.post_attention_layernorm.std,time_stats.post_attention_layernorm.count,time_stats.post_attention_layernorm.warmup_count,time_stats.post_attention_layernorm.samples,n_head,n_kv_head,n_embd,n_expanded_embd,vocab_size,use_gated_mlp,use_qk_norm,attn_output_gate,num_tokens,warmup_steps,active_steps,num_tensor_parallel_workers,padded_n_embd,padded_n_expanded_embd,model_arch,model_architecture_profile,share_expert_dim,share_q_dim,measurement_type,profiling_precision,quant_signature
0.009720000438392162,0.05747999995946884,0.01569482998922467,0.015319999773055315,0.006723745808844926,100.0,6.0,"[1.777485,0.03364,0.07444,0.01364,0.019,0.0104,0.02608,0.03512,0.01824,0.01156,0.01668,0.01068,0.01692,0.01188,0.01644,0.01052,0.01524,0.01032,0.016,0.01056,0.0156,0.0104,0.018601,0.01044,0.0156,0.01048,0.0158,0.01284,0.01712,0.01028,0.01568,0.01064,0.01668,0.01052,0.0158,0.01028,0.01528,0.05748,0.01364,0.011001,0.01564,0.01048,0.01668,0.01236,0.01576,0.01036,0.01612,0.01072,0.01652,0.0104,0.02892,0.03448,0.03232,0.01692,0.03664,0.01212,0.0176,0.01336,0.02004,0.01148,0.0174,0.01252,0.01796,0.01424,0.01564,0.00972,0.01764,0.01156,0.01536,0.01304,0.01772,0.0124,0.01536,0.01296,0.015921,0.011,0.0156,0.01,0.01508,0.00996,0.0138,0.01352,0.01568,0.0106,0.01648,0.01192,0.01628,0.01068,0.01628,0.01044,0.01652,0.0104,0.02316,0.01424,0.02004,0.01704,0.01768,0.01256,0.0178,0.01208,0.01644,0.01184,0.01952,0.01448,0.01684,0.01276]",0.01679999940097332,0.03223999962210655,0.01900248009711504,0.018360000103712082,0.002495982719398286,50.0,3.0,"[35.113262,0.02688,0.01956,0.03224,0.01932,0.01892,0.01828,0.01812,0.01832,0.01836,0.01796,0.0184,0.01836,0.02016,0.0182,0.01772,0.01776,0.0204,0.0192,0.01772,0.01788,0.01704,0.01808,0.01804,0.01864,0.02628,0.01972,0.018121,0.01868,0.01848,0.01836,0.0188,0.0184,0.01744,0.017401,0.01804,0.01844,0.01816,0.01848,0.01808,0.0168,0.01768,0.01772,0.0172,0.02216,0.01776,0.023961,0.01836,0.01868,0.01976,0.018521,0.02092,0.0186]",0.12319999933242798,0.22179999947547913,0.13778999984264373,0.13394049555063248,0.016098269956183985,50,3,"[193.987747,0.175161,0.14148,0.2218,0.1414,0.138361,0.13852,0.136281,0.136161,0.13552,0.134401,0.13396,0.13352,0.133921,0.1338,0.1328,0.137121,0.132,0.139441,0.1338,0.1338,0.132161,0.13108,0.1316,0.136441,0.206681,0.14408,0.1356,0.1358,0.136521,0.13356,0.133361,0.1338,0.133521,0.1306,0.13444,0.135041,0.13068,0.13228,0.131121,0.13112,0.13092,0.130001,0.13608,0.1232,0.133041,0.14648,0.138881,0.13732,0.132161,0.13712,0.13388,0.134321]",0.06216000020503998,0.2138800024986267,0.06939704068005086,0.06317999958992004,0.023722765924574486,50,3,"[32.156883,0.13548,0.063841,0.123161,0.0636,0.06352,0.06348,0.06348,0.06384,0.06804,0.06356,0.06272,0.063321,0.06356,0.06272,0.062921,0.06304,0.06312,0.06288,0.06288,0.063361,0.06272,0.06592,0.062921,0.11984,0.21388,0.074161,0.06412,0.066481,0.0636,0.06484,0.06496,0.0632,0.06564,0.06216,0.062361,0.0628,0.06248,0.062601,0.06296,0.06216,0.062521,0.06264,0.06272,0.065081,0.0656,0.08212,0.0626,0.06316,0.06264,0.06248,0.062521,0.06276]",0.03855999931693077,0.1278810054063797,0.05730734020471573,0.05558000132441521,0.01727046609136378,50,3,"[0.429241,0.06968,0.06368,0.07624,0.06308,0.06344,0.044721,0.04716,0.04452,0.06364,0.04696,0.05424,0.0388,0.0528,0.045961,0.03856,0.05288,0.038921,0.05116,0.04816,0.04564,0.03892,0.05572,0.06072,0.127881,0.101321,0.06428,0.06284,0.06156,0.05996,0.06336,0.05796,0.058841,0.05616,0.05656,0.04512,0.05544,0.04212,0.04628,0.05344,0.04592,0.05348,0.04536,0.049801,0.04132,0.11896,0.06476,0.06104,0.06012,0.05916,0.0608,0.06128,0.058]",0.012719999998807907,0.0347599983215332,0.014360839910805225,0.013199999928474426,0.0042913718901621,50.0,3.0,"[0.054201,0.01356,0.01352,0.01332,0.0138,0.0136,0.01328,0.01344,0.01348,0.01324,0.01332,0.013441,0.01316,0.01328,0.01512,0.01324,0.01312,0.01316,0.0136,0.01312,0.01316,0.0132,0.0132,0.0134,0.03216,0.0248,0.01296,0.01312,0.01308,0.0138,0.0132,0.01304,0.013,0.01296,0.0132,0.01312,0.01324,0.01336,0.01288,0.018,0.01272,0.01312,0.01292,0.01276,0.013,0.03476,0.01308,0.01304,0.012961,0.01292,0.01292,0.01332,0.01292]",32,4,2048,768,151936,True,True,False,1985,3,50,1,2048,768,generic,generic,,,CUDA_EVENT,BF16,none
0.00887999963015318,0.04323999956250191,0.015452819894999265,0.014480000361800194,0.006103143612816224,100.0,6.0,"[0.0292,0.01288,0.01852,0.01132,0.01604,0.00984,0.02484,0.02212,0.01856,0.01176,0.01652,0.01112,0.0148,0.01184,0.01568,0.01016,0.01464,0.01296,0.01544,0.00996,0.01528,0.01344,0.01656,0.012921,0.01504,0.01124,0.01576,0.01112,0.01308,0.01056,0.02128,0.01216,0.0136,0.01124,0.01496,0.01048,0.01632,0.00888,0.01528,0.01008,0.01736,0.01104,0.0146,0.01064,0.0164,0.01024,0.01568,0.01108,0.01584,0.0128,0.04324,0.026761,0.0224,0.01424,0.01848,0.01344,0.01672,0.01164,0.01564,0.01292,0.01604,0.0142,0.01516,0.00988,0.02096,0.02884,0.0156,0.0126,0.01476,0.01356,0.01828,0.00988,0.01652,0.01112,0.01372,0.01012,0.01484,0.01188,0.01604,0.00996,0.01436,0.01092,0.01636,0.0106,0.01608,0.00996,0.01716,0.01044,0.01284,0.01288,0.01652,0.01072,0.03416,0.04192,0.03576,0.02324,0.02068,0.01208,0.01744,0.01144,0.01548,0.0114,0.01576,0.0124,0.01604,0.01384]",0.013679999858140945,0.04320000112056732,0.02025526002049446,0.01829999964684248,0.005408173640244568,50.0,3.0,"[0.02628,0.0188,0.0182,0.02428,0.01896,0.01828,0.018,0.01776,0.01732,0.01832,0.01788,0.01776,0.01856,0.01848,0.01908,0.0432,0.018561,0.02256,0.01368,0.01716,0.01756,0.01788,0.0176,0.01764,0.01796,0.03312,0.01936,0.01796,0.01824,0.01864,0.018121,0.02288,0.01772,0.0178,0.02612,0.02132,0.01768,0.02128,0.018401,0.01748,0.0176,0.0182,0.019,0.01816,0.01832,0.01816,0.03728,0.03416,0.01816,0.01888,0.01956,0.01856,0.02212]",0.1265610009431839,0.21452000737190247,0.13740842044353485,0.1322605013847351,0.018764949508752772,50,3,"[0.277961,0.138721,0.13284,0.182761,0.13656,0.13308,0.13348,0.132521,0.1334,0.13328,0.131601,0.13028,0.1304,0.131761,0.1296,0.133881,0.13168,0.1334,0.132761,0.129921,0.12956,0.1306,0.129961,0.13072,0.13272,0.21452,0.1372,0.132721,0.13184,0.130921,0.1308,0.12868,0.132961,0.1348,0.13312,0.130641,0.14156,0.126561,0.13204,0.13244,0.130641,0.130601,0.13072,0.132481,0.130081,0.12888,0.199921,0.201041,0.132121,0.1324,0.1324,0.136921,0.12748]",0.06731999665498734,0.22004100680351257,0.07584736034274102,0.0681999996304512,0.028326877379946977,50,3,"[0.089841,0.07,0.07136,0.09912,0.068281,0.07164,0.06836,0.06804,0.06856,0.068401,0.06772,0.06812,0.068521,0.06868,0.06844,0.06748,0.06808,0.06812,0.06852,0.06816,0.0686,0.068881,0.0684,0.06772,0.103721,0.220041,0.06792,0.068,0.0686,0.0682,0.06804,0.0682,0.068,0.06732,0.068041,0.06808,0.07068,0.06848,0.06804,0.0692,0.0682,0.06792,0.06804,0.06824,0.06788,0.07112,0.19896,0.09352,0.06748,0.06832,0.068041,0.06812,0.06812]",0.03675999864935875,0.12268000096082687,0.05323218017816544,0.047280000522732735,0.01895295711964477,50,3,"[0.14596,0.06072,0.0478,0.07156,0.06376,0.04544,0.0538,0.04544,0.05116,0.04084,0.038,0.0434,0.05152,0.03832,0.045361,0.04644,0.03772,0.040961,0.04068,0.04316,0.037441,0.04296,0.03808,0.0378,0.12268,0.11184,0.065241,0.05948,0.062081,0.054,0.05028,0.0458,0.04616,0.04936,0.05336,0.05104,0.04472,0.0436,0.05028,0.03676,0.04812,0.0404,0.037481,0.04172,0.04028,0.095121,0.1094,0.070521,0.05696,0.05752,0.05264,0.05772,0.053201]",0.012760000303387642,0.03620000183582306,0.014359240029007196,0.013079999946057796,0.0045145865912575005,50.0,3.0,"[0.0134,0.01328,0.01328,0.01336,0.0132,0.01324,0.01308,0.01332,0.01296,0.01312,0.01292,0.01344,0.01296,0.013,0.01308,0.013,0.01316,0.01312,0.01288,0.0132,0.01292,0.01312,0.01288,0.012921,0.02808,0.0362,0.01392,0.0132,0.01336,0.01308,0.01284,0.01304,0.01328,0.01308,0.01292,0.01292,0.013,0.01276,0.01304,0.0128,0.013,0.01288,0.01296,0.01316,0.0128,0.025,0.02712,0.01348,0.013,0.013081,0.01284,0.01288,0.01336]",32,4,2048,768,151936,True,True,False,1977,3,50,1,2048,768,generic,generic,,,CUDA_EVENT,BF16,none
0.00875999964773655,0.031481001526117325,0.014359239907935261,0.014059999957680702,0.004509502781822453,100.0,6.0,"[1.541764,0.0328,0.05852,0.01356,0.02084,0.01048,0.02756,0.02264,0.01768,0.01292,0.01864,0.01024,0.01604,0.01236,0.01564,0.01072,0.01392,0.01068,0.01752,0.01004,0.01536,0.0104,0.01556,0.01068,0.01804,0.01052,0.01604,0.01104,0.015321,0.01052,0.0156,0.01072,0.0132,0.0098,0.01652,0.01024,0.0158,0.01,0.01556,0.01,0.01508,0.01384,0.01556,0.0106,0.016321,0.01048,0.01528,0.01064,0.01552,0.01052,0.031481,0.03076,0.01988,0.01184,0.02932,0.01052,0.01504,0.01084,0.01568,0.01272,0.01652,0.01216,0.02436,0.0106,0.01472,0.01048,0.01484,0.01056,0.01496,0.0132,0.01348,0.010321,0.016,0.01016,0.0152,0.01028,0.0172,0.00876,0.01612,0.01016,0.01732,0.01032,0.0142,0.01028,0.01608,0.01012,0.01512,0.01028,0.01724,0.01072,0.01688,0.01044,0.02372,0.01348,0.0168,0.01096,0.01684,0.011,0.01616,0.01492,0.01548,0.011,0.01828,0.01224,0.0158,0.01072]",0.014360000379383564,0.029279999434947968,0.01847684009000659,0.018160000443458557,0.001854400875635256,50.0,3.0,"[38.770836,0.02932,0.0196,0.02928,0.01892,0.0188,0.018361,0.01808,0.01876,0.0184,0.01848,0.01852,0.01792,0.0184,0.01856,0.01804,0.01992,0.01764,0.01784,0.017721,0.01752,0.01708,0.01816,0.01792,0.01832,0.02232,0.0196,0.01788,0.0182,0.01928,0.01964,0.01832,0.01816,0.0174,0.01436,0.01848,0.01748,0.0184,0.01816,0.01764,0.01748,0.0176,0.01816,0.01756,0.01792,0.01812,0.02056,0.01816,0.01796,0.01796,0.01824,0.01832,0.01784]",0.13016100227832794,0.20419999957084656,0.13630120038986207,0.1338599994778633,0.011296350888137094,50,3,"[167.283951,0.161881,0.14024,0.16976,0.139881,0.13888,0.13512,0.13764,0.134601,0.13612,0.139041,0.13464,0.13388,0.134681,0.13384,0.13524,0.131001,0.13312,0.136161,0.1322,0.133,0.131721,0.13252,0.13152,0.138241,0.2042,0.1362,0.134121,0.13228,0.133921,0.1308,0.13552,0.132641,0.13732,0.131961,0.13108,0.13116,0.131961,0.13688,0.131081,0.13344,0.13084,0.131041,0.13104,0.130161,0.130761,0.1458,0.137481,0.13372,0.133361,0.13416,0.1356,0.133721]",0.0727199986577034,0.14176100492477417,0.07605550020933151,0.07414000108838081,0.009669175605016357,50,3,"[25.396936,0.12204,0.075561,0.075361,0.07412,0.074361,0.07456,0.074481,0.07416,0.0736,0.07432,0.07344,0.074041,0.07432,0.07476,0.073761,0.07436,0.07472,0.07348,0.0742,0.073961,0.07332,0.07692,0.073401,0.08864,0.141761,0.074841,0.07328,0.07348,0.07416,0.07388,0.074601,0.07392,0.077561,0.07272,0.07356,0.074041,0.07832,0.076081,0.07348,0.07652,0.073081,0.07364,0.07404,0.076,0.07612,0.07696,0.07332,0.07396,0.07332,0.074,0.073361,0.07448]",0.03739999979734421,0.10528100281953812,0.04574648015201092,0.03909999877214432,0.013743391333418068,50,3,"[0.352521,0.06984,0.05104,0.06044,0.0684,0.03956,0.03972,0.0396,0.04516,0.038641,0.03924,0.03864,0.03876,0.03896,0.03844,0.0388,0.03872,0.03832,0.03832,0.04952,0.0382,0.0382,0.03776,0.046,0.105281,0.07032,0.04696,0.05652,0.03824,0.03832,0.0458,0.04156,0.03796,0.0378,0.03768,0.03744,0.0426,0.06488,0.0374,0.04732,0.03776,0.03816,0.03768,0.037601,0.03804,0.0906,0.06096,0.05772,0.042801,0.04624,0.0398,0.04684,0.03764]",0.012679999694228172,0.02572000026702881,0.013561699986457825,0.013000000268220901,0.002274121640328339,50.0,3.0,"[0.0478,0.01924,0.01404,0.01356,0.0134,0.01316,0.01324,0.01332,0.01336,0.01336,0.013,0.01372,0.01312,0.013,0.01328,0.01312,0.013,0.01308,0.01284,0.013,0.01284,0.01292,0.012921,0.01296,0.02572,0.01348,0.01308,0.01296,0.01292,0.01296,0.012841,0.01292,0.01296,0.013,0.01272,0.01288,0.01272,0.01284,0.01288,0.01284,0.013601,0.01272,0.01544,0.01304,0.01276,0.023161,0.01268,0.01376,0.01316,0.013,0.012881,0.01304,0.01292]",32,4,2048,768,151936,True,True,False,1981,3,50,1,2048,768,generic,generic,,,CUDA_EVENT,BF16,none
0.009359999559819698,0.03836100175976753,0.015109249968081712,0.014779999852180481,0.0058196135903099844,100.0,6.0,"[0.02784,0.01372,0.0196,0.01128,0.01556,0.0108,0.02132,0.02664,0.02,0.01368,0.01588,0.01032,0.01496,0.0124,0.01508,0.01056,0.0166,0.01064,0.01588,0.00988,0.01584,0.01008,0.01572,0.01012,0.01548,0.00984,0.0156,0.0104,0.01548,0.01284,0.01308,0.01052,0.01576,0.01028,0.01544,0.00936,0.01552,0.01068,0.01132,0.00948,0.01564,0.01328,0.01376,0.0106,0.01532,0.00984,0.0148,0.01028,0.01616,0.01096,0.030561,0.02936,0.02972,0.038361,0.01736,0.01156,0.01712,0.01372,0.01676,0.01312,0.01856,0.0136,0.01652,0.011001,0.01548,0.00988,0.01616,0.01316,0.01484,0.012081,0.01516,0.01052,0.01476,0.0104,0.01548,0.0124,0.01484,0.01056,0.01664,0.0106,0.01792,0.01068,0.015681,0.01076,0.0156,0.01052,0.01428,0.0108,0.0158,0.01112,0.01604,0.00996,0.033,0.03752,0.03,0.02424,0.0182,0.01128,0.01656,0.01096,0.01516,0.01104,0.01556,0.01096,0.0166,0.01308]",0.016920000314712524,0.03044000081717968,0.019087259992957115,0.018180000595748425,0.0027897737106435103,50.0,3.0,"[0.02516,0.01972,0.0198,0.0246,0.019,0.01804,0.01736,0.01804,0.01828,0.02556,0.018,0.01816,0.01692,0.01808,0.01808,0.01764,0.01844,0.01796,0.018,0.01788,0.0174,0.017521,0.02196,0.0182,0.01776,0.03044,0.02012,0.0184,0.018521,0.018,0.01792,0.0186,0.01788,0.01852,0.02052,0.01804,0.01744,0.018241,0.0178,0.01784,0.01832,0.0182,0.01904,0.017,0.01692,0.01816,0.02836,0.025,0.01836,0.01892,0.01832,0.01836,0.01824]",0.12892000377178192,0.20040099322795868,0.13764122009277344,0.1320199966430664,0.016462774103002304,50,3,"[0.265921,0.139,0.131881,0.19748,0.13264,0.1316,0.132561,0.133081,0.132,0.1354,0.130761,0.1318,0.13108,0.132881,0.159521,0.13164,0.132961,0.131841,0.13276,0.13072,0.131361,0.13056,0.1296,0.1318,0.133401,0.18116,0.13956,0.135961,0.13128,0.1312,0.131161,0.13804,0.13424,0.134121,0.131,0.13132,0.134041,0.12984,0.1314,0.133601,0.130961,0.1362,0.12892,0.129081,0.129001,0.13032,0.200401,0.184561,0.13656,0.1336,0.131401,0.13204,0.133641]",0.0644799992442131,0.23092100024223328,0.07413694009184837,0.06529999896883965,0.03215050254162069,50,3,"[0.08884,0.06584,0.06504,0.098201,0.06512,0.06544,0.06528,0.06532,0.06544,0.064681,0.06572,0.06512,0.06468,0.06564,0.06528,0.06524,0.0652,0.06844,0.06524,0.064801,0.06572,0.06504,0.06524,0.065241,0.11616,0.230921,0.07296,0.06572,0.06756,0.0658,0.06468,0.06448,0.065401,0.0652,0.06508,0.06484,0.06544,0.06492,0.06484,0.0684,0.06536,0.06512,0.065001,0.06564,0.06508,0.0676,0.22056,0.08164,0.06532,0.06504,0.068,0.06484,0.06916]",0.037721000611782074,0.12236099690198898,0.05478259995579719,0.0490999985486269,0.01827185339958595,50,3,"[0.149121,0.06304,0.05152,0.06644,0.06076,0.0476,0.0506,0.0448,0.045281,0.0492,0.04384,0.05012,0.04284,0.05016,0.04332,0.051041,0.04588,0.04344,0.04736,0.04116,0.04328,0.0426,0.037721,0.03804,0.122361,0.09944,0.063881,0.06084,0.06124,0.05568,0.05976,0.05492,0.05748,0.04736,0.049,0.04472,0.05028,0.04844,0.045281,0.04228,0.04512,0.04408,0.03796,0.04724,0.04424,0.118441,0.102201,0.06564,0.061441,0.06152,0.052,0.060481,0.05032]",0.012719999998807907,0.032120998948812485,0.01439203992486,0.012959999963641167,0.004488479542104581,50.0,3.0,"[0.01296,0.01396,0.01284,0.013,0.0136,0.01356,0.01292,0.01272,0.01312,0.01296,0.01308,0.01296,0.01292,0.01288,0.013,0.01292,0.01288,0.01296,0.013121,0.0128,0.01296,0.01288,0.01292,0.01296,0.02828,0.032121,0.01312,0.01288,0.01288,0.01288,0.01276,0.01292,0.01284,0.01288,0.01296,0.01364,0.01288,0.01532,0.0128,0.01288,0.01292,0.01292,0.01368,0.01284,0.01292,0.02712,0.03024,0.01308,0.01356,0.013,0.01376,0.01344,0.01296]",32,4,2048,768,151936,True,True,False,1969,3,50,1,2048,768,generic,generic,,,CUDA_EVENT,BF16,none
0.0083600003272295,0.038839999586343765,0.015015270011499524,0.014119999948889017,0.0047011820074590914,100.0,6.0,"[1.759805,0.03224,0.06336,0.01396,0.019,0.0122,0.02504,0.0352,0.01824,0.013,0.0164,0.01316,0.01548,0.01612,0.017001,0.01172,0.01656,0.0114,0.01696,0.0118,0.01648,0.01196,0.0168,0.00992,0.01696,0.01104,0.01248,0.01048,0.01792,0.0134,0.016,0.01356,0.02164,0.0118,0.01348,0.00944,0.01664,0.011801,0.0144,0.01052,0.0152,0.01084,0.015121,0.01156,0.01484,0.01292,0.01888,0.01176,0.01524,0.01112,0.03884,0.02728,0.01764,0.013,0.02768,0.01224,0.01664,0.01204,0.01532,0.01244,0.01816,0.01272,0.01732,0.00836,0.0152,0.01168,0.01168,0.01172,0.01472,0.01188,0.01636,0.01176,0.01732,0.01144,0.01544,0.012121,0.01596,0.01072,0.01476,0.01136,0.016441,0.01176,0.0166,0.01132,0.0168,0.01152,0.01704,0.01136,0.0182,0.01016,0.01808,0.01176,0.022481,0.01384,0.01872,0.01276,0.01672,0.01208,0.01712,0.0126,0.016521,0.01228,0.01792,0.01376,0.01588,0.01172]",0.014720000326633453,0.03036000020802021,0.020189620032906534,0.0201000003144145,0.002121295713789406,50.0,3.0,"[39.650875,0.02992,0.02092,0.03036,0.02096,0.02072,0.01832,0.02048,0.02024,0.01972,0.01972,0.01976,0.0196,0.01976,0.02052,0.01536,0.0204,0.01472,0.02,0.01992,0.02016,0.01964,0.01912,0.0198,0.01956,0.0266,0.0214,0.02008,0.02012,0.02,0.0206,0.01844,0.02024,0.02036,0.02008,0.02068,0.02016,0.02056,0.02024,0.01968,0.01988,0.01972,0.01956,0.0204,0.01732,0.02008,0.02232,0.02056,0.02028,0.02008,0.02028,0.02064,0.020281]",0.13416099548339844,0.17792099714279175,0.1388028395175934,0.13642050325870514,0.008344652388174691,50,3,"[166.084671,0.169441,0.14352,0.17756,0.141001,0.14308,0.136361,0.13932,0.13636,0.135961,0.13684,0.134681,0.138321,0.13556,0.136961,0.13516,0.13768,0.136001,0.14116,0.13496,0.135121,0.13556,0.13536,0.139801,0.13792,0.177921,0.141841,0.13668,0.13576,0.135481,0.13532,0.138201,0.1392,0.134241,0.136841,0.13572,0.136241,0.13588,0.13648,0.134161,0.13508,0.1406,0.134881,0.1354,0.135841,0.13628,0.14812,0.136761,0.13684,0.138161,0.13572,0.136881,0.13888]",0.06251999735832214,0.13916000723838806,0.06547057956457138,0.06312000006437302,0.010812411546814714,50,3,"[25.950188,0.12872,0.063961,0.066401,0.06352,0.063401,0.06312,0.06332,0.064201,0.06308,0.06256,0.06332,0.0634,0.06288,0.06308,0.063,0.063121,0.06376,0.06312,0.062961,0.06252,0.06308,0.065721,0.06832,0.06536,0.13916,0.06308,0.06348,0.06276,0.06276,0.063161,0.06292,0.06288,0.0656,0.0632,0.06268,0.06288,0.06292,0.063161,0.06268,0.06276,0.063361,0.0628,0.06272,0.066,0.066,0.07108,0.0634,0.06308,0.07724,0.06284,0.06272,0.06296]",0.03996000066399574,0.11400000005960464,0.04971218019723892,0.04453999921679497,0.013208622880477552,50,3,"[0.372921,0.07492,0.06068,0.07032,0.05148,0.05088,0.04092,0.04072,0.0454,0.04064,0.042721,0.04052,0.0408,0.040201,0.04016,0.03996,0.04756,0.04004,0.04032,0.04348,0.04064,0.04448,0.04052,0.0564,0.114,0.069161,0.04536,0.06024,0.04948,0.04332,0.06188,0.04336,0.040041,0.0446,0.04028,0.043481,0.05712,0.0402,0.0498,0.05176,0.0406,0.0478,0.03996,0.042521,0.0402,0.07728,0.068881,0.05208,0.056561,0.06244,0.060081,0.04892,0.05604]",0.01351999957114458,0.02608099952340126,0.014472879972308873,0.013799999840557575,0.002488599685193339,50.0,3.0,"[0.04856,0.01408,0.01388,0.01392,0.01388,0.0138,0.0138,0.01368,0.01408,0.01396,0.01388,0.01364,0.01352,0.01376,0.01912,0.01388,0.01364,0.01352,0.0136,0.01364,0.014,0.013801,0.014,0.01368,0.02568,0.0138,0.014,0.013841,0.014,0.01372,0.01628,0.01352,0.0136,0.0136,0.0136,0.01372,0.01368,0.01368,0.01384,0.01376,0.013681,0.014,0.01368,0.01588,0.01368,0.026081,0.01456,0.01376,0.01388,0.01376,0.01376,0.0138,0.014]",32,4,2048,768,151936,True,True,False,1984,3,50,1,2048,768,generic,generic,,,CUDA_EVENT,BF16,none
0.009720000438392162,0.037321001291275024,0.01404285004362464,0.013419999741017818,0.004353068378332564,100.0,6.0,"[0.0276,0.013921,0.01936,0.01024,0.01572,0.01032,0.02244,0.01748,0.0194,0.01284,0.0172,0.00992,0.016,0.01064,0.01288,0.01052,0.01568,0.01076,0.01592,0.01252,0.01608,0.00988,0.015721,0.01064,0.015,0.0102,0.01572,0.01032,0.01628,0.0102,0.01548,0.01012,0.01524,0.0098,0.01648,0.0098,0.01684,0.01112,0.01676,0.0106,0.01712,0.0138,0.0128,0.01064,0.01484,0.00976,0.01548,0.01104,0.0166,0.00984,0.037321,0.0222,0.016,0.01116,0.01612,0.01052,0.015721,0.01044,0.0156,0.0106,0.01648,0.01032,0.01628,0.0122,0.01584,0.01124,0.02192,0.01216,0.01032,0.01032,0.01548,0.0122,0.015281,0.0098,0.0162,0.01052,0.01536,0.00992,0.0152,0.00972,0.01524,0.0104,0.01568,0.0104,0.01584,0.01028,0.01288,0.0104,0.01284,0.0098,0.01588,0.01304,0.02836,0.02692,0.01844,0.01064,0.017161,0.0106,0.01588,0.01396,0.01624,0.01048,0.01616,0.01012,0.01532,0.01048]",0.013399999588727951,0.03440000116825104,0.018412040043622256,0.017980000004172325,0.002773622929633757,50.0,3.0,"[0.0254,0.01896,0.01816,0.02576,0.01888,0.01476,0.01796,0.018,0.018561,0.0134,0.01764,0.01804,0.01772,0.01788,0.0184,0.0178,0.01752,0.0176,0.01744,0.017641,0.01684,0.01824,0.0182,0.01776,0.01724,0.02256,0.01852,0.01824,0.01804,0.01836,0.01776,0.01792,0.01816,0.01824,0.01944,0.01732,0.01804,0.0172,0.01864,0.0182,0.01764,0.01804,0.0182,0.01784,0.0176,0.01948,0.0344,0.01796,0.01772,0.01788,0.018,0.01764,0.01828]",0.127920001745224,0.21792100369930267,0.1358516201376915,0.13158000260591507,0.015233533462669672,50,3,"[0.25552,0.139281,0.13344,0.181321,0.1356,0.132761,0.13368,0.132161,0.13876,0.13328,0.131481,0.13164,0.13112,0.132441,0.13448,0.132881,0.132561,0.1324,0.131361,0.1338,0.12968,0.132081,0.13088,0.13152,0.134121,0.17972,0.13416,0.131361,0.1314,0.12996,0.131321,0.1324,0.131201,0.13348,0.13008,0.130801,0.13152,0.13064,0.131041,0.13028,0.13132,0.129601,0.131,0.12968,0.133441,0.12792,0.217921,0.141761,0.13088,0.13236,0.131401,0.13064,0.135281]",0.06496000289916992,0.1552799940109253,0.06960261985659599,0.06550050154328346,0.017601696665186996,50,3,"[0.096161,0.06544,0.0688,0.06616,0.065481,0.06544,0.06596,0.06536,0.06556,0.065721,0.06544,0.06516,0.065481,0.06576,0.06572,0.0654,0.065,0.06552,0.06556,0.06516,0.06568,0.06532,0.0654,0.065721,0.07964,0.155121,0.06516,0.0654,0.06572,0.065401,0.06536,0.06536,0.06528,0.06496,0.066241,0.06568,0.06784,0.065481,0.06496,0.06536,0.069481,0.06536,0.0656,0.065761,0.06524,0.06816,0.15528,0.06836,0.0652,0.065641,0.06596,0.06592,0.0652]",0.03751999884843826,0.12296000123023987,0.047978499829769136,0.04398000054061413,0.015163012191345384,50,3,"[0.14868,0.05784,0.038721,0.06544,0.05244,0.0434,0.04408,0.04456,0.04388,0.03824,0.04728,0.03776,0.04208,0.03832,0.038041,0.04232,0.04232,0.03756,0.03764,0.03792,0.03872,0.04772,0.03772,0.04912,0.12296,0.07072,0.06132,0.04948,0.04644,0.04376,0.0462,0.04144,0.0458,0.04312,0.03772,0.04528,0.03804,0.04812,0.04172,0.044121,0.0388,0.03752,0.03756,0.03792,0.04124,0.070961,0.095841,0.05368,0.04948,0.05624,0.04524,0.054881,0.04676]",0.01256099995225668,0.02751999907195568,0.013640079945325852,0.012839999981224537,0.0026438122462768606,50.0,3.0,"[0.01288,0.013,0.01276,0.01288,0.01692,0.01404,0.01292,0.01272,0.01296,0.0132,0.01304,0.01312,0.01276,0.01296,0.0128,0.0152,0.0128,0.01264,0.01276,0.0126,0.01284,0.0126,0.013,0.01288,0.022601,0.01952,0.01352,0.01352,0.012641,0.01356,0.0128,0.01264,0.01276,0.01308,0.01276,0.0128,0.012561,0.01276,0.01264,0.01304,0.01288,0.01304,0.0128,0.01272,0.01296,0.02752,0.01288,0.01268,0.012761,0.01264,0.01268,0.01284,0.01276]",32,4,2048,768,151936,True,True,False,1973,3,50,1,2048,768,generic,generic,,,CUDA_EVENT,BF16,none
0.0077599999494850636,0.02012000046670437,0.013085649986751378,0.012959999963641167,0.00305679938858387,100.0,6.0,"[0.02572,0.0142,0.01928,0.01056,0.01636,0.0102,0.0188,0.01048,0.01812,0.00988,0.017,0.0106,0.01532,0.01332,0.0168,0.01036,0.01532,0.01092,0.01648,0.01108,0.01628,0.00952,0.02012,0.0098,0.00776,0.011,0.01584,0.01048,0.01568,0.01032,0.01536,0.01052,0.01552,0.01388,0.01608,0.00992,0.01552,0.011,0.015161,0.01108,0.01656,0.00984,0.01576,0.00832,0.01552,0.00968,0.015401,0.01064,0.01536,0.0112,0.01116,0.01024,0.01672,0.009921,0.01548,0.0098,0.0162,0.01044,0.01556,0.0102,0.01544,0.01036,0.0164,0.01052,0.0126,0.01028,0.01572,0.01572,0.01548,0.01408,0.01448,0.0104,0.01684,0.01196,0.0158,0.0098,0.01632,0.01028,0.016161,0.01028,0.01592,0.01036,0.01568,0.00804,0.01832,0.01032,0.01016,0.00964,0.01532,0.00988,0.01584,0.0104,0.016281,0.00976,0.01644,0.00988,0.01656,0.0098,0.01572,0.00984,0.01476,0.00996,0.01656,0.01036,0.01584,0.00868]",0.014240000396966934,0.019600000232458115,0.017754440009593964,0.017799999564886093,0.0008277203838711655,50.0,3.0,"[0.025,0.0194,0.01872,0.01904,0.01788,0.01816,0.01828,0.01828,0.017881,0.018,0.0152,0.01832,0.01944,0.0178,0.01836,0.01804,0.01824,0.01772,0.01756,0.01724,0.01788,0.01752,0.0178,0.01424,0.01712,0.01768,0.01744,0.01776,0.01716,0.01752,0.01784,0.01812,0.0196,0.01796,0.01724,0.01764,0.0176,0.01712,0.01756,0.01712,0.018,0.01884,0.01884,0.018,0.01748,0.01784,0.01732,0.0176,0.01764,0.01796,0.017641,0.01788,0.01732]",0.1254809945821762,0.16544100642204285,0.13045478045940398,0.12929999828338623,0.005591015157966521,50,3,"[0.256921,0.137921,0.13376,0.135521,0.129841,0.132,0.1324,0.130641,0.13164,0.13068,0.12928,0.133361,0.13024,0.13476,0.165441,0.1308,0.1324,0.12768,0.129921,0.13104,0.12956,0.128561,0.130121,0.12944,0.13984,0.128001,0.12772,0.127,0.12844,0.127561,0.127761,0.12932,0.12636,0.131761,0.130361,0.12872,0.12864,0.128881,0.128801,0.12876,0.12916,0.125481,0.131321,0.13164,0.12892,0.129881,0.12816,0.12648,0.12744,0.127801,0.12692,0.12828,0.128]",0.06436000019311905,0.07088000327348709,0.06544497966766358,0.06508050113916397,0.001335992716771457,50,3,"[0.08304,0.06624,0.06504,0.06516,0.06484,0.06508,0.065361,0.07088,0.06472,0.06464,0.065401,0.06532,0.06492,0.0652,0.06488,0.06484,0.06644,0.065081,0.06512,0.06436,0.06772,0.06476,0.06528,0.06536,0.0648,0.0654,0.06492,0.0656,0.064361,0.06524,0.06484,0.06752,0.065161,0.06504,0.06476,0.06468,0.065321,0.06488,0.07056,0.06528,0.0646,0.06448,0.0678,0.06492,0.065321,0.0674,0.06472,0.06484,0.065081,0.0648,0.06436,0.06544,0.064761]",0.037039998918771744,0.07671999931335449,0.043187260031700134,0.0421999990940094,0.007150540924703267,50,3,"[0.15492,0.05912,0.060161,0.04604,0.04912,0.04256,0.0514,0.04232,0.0374,0.040881,0.0422,0.04684,0.04376,0.0422,0.0476,0.05144,0.040921,0.04536,0.04216,0.04468,0.0436,0.03776,0.03756,0.04244,0.07672,0.04268,0.04744,0.037361,0.0444,0.03704,0.03736,0.03736,0.03736,0.0378,0.0372,0.0476,0.03724,0.04324,0.03704,0.04292,0.04944,0.04168,0.04112,0.04072,0.06044,0.057,0.04588,0.03736,0.03748,0.03728,0.03724,0.03732,0.0374]",0.012799999676644802,0.014159999787807465,0.013102459944784641,0.01304049976170063,0.0002423972095809201,50.0,3.0,"[0.01324,0.01328,0.01304,0.013,0.01332,0.013,0.01308,0.01296,0.01312,0.01316,0.01284,0.01324,0.01308,0.01316,0.013,0.01296,0.01308,0.01288,0.0132,0.01292,0.01312,0.01308,0.01292,0.01328,0.01284,0.01304,0.01296,0.013,0.01316,0.01292,0.01332,0.012921,0.01312,0.01304,0.0136,0.01324,0.01292,0.01316,0.01296,0.01324,0.013,0.01292,0.01316,0.013041,0.01416,0.01304,0.01312,0.013,0.01292,0.01392,0.0128,0.013201,0.013]",32,4,2048,768,151936,True,True,False,1961,3,50,1,2048,768,generic,generic,,,CUDA_EVENT,BF16,none
0.0075599998235702515,0.038759998977184296,0.014651249996386468,0.013920499943196774,0.004725939864108651,100.0,6.0,"[0.03088,0.01508,0.02412,0.00776,0.01564,0.01156,0.03876,0.02444,0.02576,0.01216,0.01744,0.01076,0.01556,0.0114,0.023,0.0086,0.01316,0.01156,0.01476,0.01132,0.01644,0.01,0.01744,0.01,0.01604,0.01068,0.01616,0.01092,0.0148,0.01132,0.01608,0.01156,0.01608,0.01212,0.01668,0.01264,0.01636,0.00812,0.01568,0.01196,0.015001,0.01164,0.0172,0.01032,0.0158,0.01172,0.016,0.00776,0.01704,0.01072,0.02672,0.02696,0.01788,0.0126,0.0166,0.01188,0.01704,0.01176,0.02016,0.01204,0.01256,0.0124,0.01696,0.0114,0.01764,0.01072,0.0166,0.00756,0.0154,0.01172,0.01468,0.013681,0.01712,0.01116,0.01544,0.01208,0.015921,0.01124,0.0172,0.00896,0.01672,0.01144,0.01268,0.01116,0.01436,0.01136,0.0162,0.01088,0.01416,0.011281,0.01752,0.011,0.02852,0.02084,0.01768,0.01192,0.0164,0.01248,0.01652,0.00916,0.016241,0.01212,0.0156,0.01364,0.01628,0.01192]",0.01744000054895878,0.03243999928236008,0.020522439926862715,0.01988000050187111,0.002325881855656209,50.0,3.0,"[0.02712,0.0226,0.01972,0.02532,0.02076,0.02156,0.02064,0.01904,0.02028,0.0194,0.01944,0.02,0.02052,0.01988,0.020001,0.01968,0.02108,0.01976,0.02152,0.01984,0.01936,0.02008,0.01996,0.01888,0.01976,0.03244,0.02,0.02044,0.0188,0.0204,0.02068,0.01984,0.025161,0.01988,0.01956,0.01952,0.0198,0.01948,0.02044,0.01744,0.01948,0.01996,0.01956,0.01944,0.02004,0.01952,0.0272,0.01984,0.02052,0.0198,0.01964,0.02072,0.01976]",0.13067999482154846,0.21432100236415863,0.1387956604361534,0.13562049716711044,0.013580876851203396,50,3,"[0.28012,0.140681,0.14272,0.158801,0.14072,0.137881,0.13808,0.135961,0.134761,0.13428,0.134761,0.135201,0.13312,0.135641,0.1388,0.13672,0.135281,0.13584,0.13224,0.135201,0.13304,0.13324,0.133801,0.13392,0.1368,0.187681,0.138321,0.13568,0.138641,0.136401,0.1348,0.142401,0.13068,0.13604,0.136841,0.13368,0.1356,0.133081,0.13392,0.13444,0.135801,0.13456,0.13996,0.133641,0.13348,0.14064,0.214321,0.136361,0.13584,0.134281,0.1348,0.133,0.140801]",0.06623999774456024,0.18384000658988953,0.07167144030332566,0.0671599991619587,0.01981465350884925,50,3,"[0.076401,0.06852,0.07028,0.06784,0.068001,0.06792,0.06684,0.06792,0.0674,0.0678,0.06732,0.0674,0.067,0.067,0.06668,0.066921,0.06708,0.06656,0.066561,0.06728,0.06712,0.066921,0.06692,0.06704,0.089001,0.14792,0.0674,0.06696,0.06672,0.06736,0.06656,0.06676,0.0674,0.067201,0.06772,0.0664,0.070201,0.0664,0.0674,0.066921,0.06664,0.06704,0.066681,0.06688,0.06624,0.070201,0.18384,0.06976,0.067201,0.0672,0.06828,0.066401,0.06736]",0.03984000161290169,0.10868000239133835,0.0456921000033617,0.040540000423789024,0.013387344585370773,50,3,"[0.158,0.05316,0.040721,0.06688,0.0478,0.04512,0.040561,0.04052,0.04408,0.04056,0.04372,0.04048,0.040241,0.04096,0.04004,0.03992,0.03992,0.04008,0.03992,0.04308,0.03984,0.04008,0.04044,0.04,0.10868,0.074241,0.0464,0.046961,0.04064,0.04064,0.04004,0.04348,0.04,0.04424,0.03992,0.04,0.04,0.03992,0.04248,0.04004,0.0402,0.04008,0.04008,0.04012,0.03996,0.04648,0.096201,0.0582,0.04084,0.04544,0.04344,0.03984,0.0518]",0.013321000151336193,0.02768000029027462,0.014197679851204157,0.013620499987155199,0.0022445353571071518,50.0,3.0,"[0.01392,0.0136,0.01392,0.01364,0.01384,0.01352,0.0138,0.01356,0.01364,0.01368,0.01356,0.01724,0.01372,0.01352,0.0138,0.01348,0.01352,0.013601,0.01336,0.01364,0.013321,0.01368,0.0156,0.01352,0.02768,0.01392,0.01356,0.0134,0.01368,0.01372,0.01376,0.0136,0.01352,0.01356,0.01356,0.0136,0.01364,0.01352,0.013721,0.01364,0.01364,0.01356,0.01364,0.01348,0.01352,0.01756,0.01976,0.01352,0.01364,0.01352,0.013561,0.01348,0.01368]",32,4,2048,768,151936,True,True,False,1976,3,50,1,2048,768,generic,generic,,,CUDA_EVENT,BF16,none
0.00875999964773655,0.02751999907195568,0.013545620031654835,0.012740000151097775,0.003782603085724914,100.0,6.0,"[0.02788,0.01476,0.01908,0.01028,0.01716,0.00936,0.02332,0.02436,0.01736,0.01384,0.01648,0.01208,0.01568,0.0108,0.01504,0.01568,0.01204,0.01056,0.015401,0.01032,0.01348,0.01032,0.01508,0.00976,0.01544,0.00992,0.01468,0.01076,0.01552,0.00988,0.01536,0.0098,0.01648,0.01024,0.01508,0.00976,0.01436,0.01048,0.016761,0.01032,0.0162,0.01044,0.01276,0.01036,0.01528,0.0106,0.01572,0.01052,0.0128,0.0104,0.02644,0.02104,0.017,0.01108,0.0156,0.01072,0.02236,0.01124,0.01328,0.01068,0.01492,0.011,0.01536,0.01112,0.01408,0.01028,0.01524,0.0102,0.014,0.01028,0.01448,0.01048,0.01496,0.00916,0.01328,0.00976,0.0116,0.01336,0.0166,0.00992,0.01272,0.00948,0.01484,0.01016,0.01256,0.00996,0.01264,0.01048,0.0124,0.0098,0.0158,0.00876,0.02752,0.02248,0.01788,0.01064,0.01552,0.01076,0.017,0.01076,0.0152,0.0122,0.01516,0.00984,0.0164,0.01256]",0.01432000007480383,0.026920000091195107,0.018251280058175324,0.01790000032633543,0.0019298465348311768,50.0,3.0,"[0.02468,0.01916,0.01828,0.02484,0.01816,0.0182,0.02032,0.0182,0.01896,0.01748,0.01748,0.01724,0.017321,0.01792,0.01724,0.0174,0.01752,0.01792,0.01748,0.01432,0.01752,0.01748,0.01804,0.01768,0.01748,0.02372,0.01824,0.01656,0.01856,0.01788,0.018321,0.01752,0.01776,0.0182,0.01824,0.01852,0.01808,0.01764,0.018,0.0182,0.01888,0.01768,0.01704,0.01748,0.01772,0.0176,0.02692,0.01784,0.017961,0.01828,0.01724,0.018241,0.01804]",0.12876099348068237,0.20360100269317627,0.13607158064842223,0.13148000091314316,0.01569448628590324,50,3,"[0.258521,0.137121,0.13172,0.19896,0.13504,0.134601,0.13372,0.13524,0.129921,0.13072,0.13108,0.130841,0.13128,0.12988,0.159521,0.129641,0.13156,0.1314,0.133281,0.1336,0.1298,0.131321,0.129921,0.12992,0.13284,0.183521,0.134361,0.13036,0.13292,0.131041,0.13428,0.13332,0.132761,0.13204,0.13248,0.13072,0.130961,0.1312,0.13052,0.130841,0.12932,0.12956,0.132681,0.128761,0.13308,0.13056,0.203601,0.131801,0.13168,0.13116,0.133081,0.13104,0.13184]",0.06728000193834305,0.15647999942302704,0.0723121802508831,0.06815999746322632,0.017278087252754024,50,3,"[0.08048,0.068,0.06824,0.06872,0.068001,0.0686,0.06808,0.068121,0.06868,0.06816,0.067521,0.0678,0.0674,0.06804,0.06832,0.06728,0.0684,0.072001,0.06824,0.06744,0.068721,0.06912,0.06736,0.06868,0.087201,0.15516,0.0684,0.0674,0.070801,0.068,0.06744,0.06816,0.06868,0.06888,0.06772,0.06776,0.06828,0.0686,0.067641,0.07072,0.0692,0.06808,0.06876,0.068,0.06792,0.070441,0.15648,0.06804,0.06784,0.06796,0.07176,0.06784,0.06776]",0.03736000135540962,0.10664000362157822,0.04439934000372887,0.03830000013113022,0.01415781323995074,50,3,"[0.14632,0.05828,0.046841,0.07132,0.05056,0.0382,0.038081,0.04088,0.03796,0.04896,0.03796,0.03816,0.03772,0.037801,0.03784,0.0376,0.037401,0.03788,0.0378,0.03768,0.0426,0.03736,0.04292,0.037601,0.10664,0.066041,0.0504,0.04224,0.0434,0.0384,0.04152,0.03792,0.0464,0.03796,0.041161,0.03768,0.03772,0.04068,0.03744,0.03788,0.03756,0.041121,0.03764,0.0382,0.03956,0.06648,0.10012,0.0474,0.04048,0.04308,0.0378,0.0422,0.04056]",0.012719999998807907,0.02648100070655346,0.013906460013240576,0.012880000285804272,0.002964416072005513,50.0,3.0,"[0.01316,0.01304,0.01308,0.013761,0.0132,0.01316,0.01292,0.01308,0.01284,0.012961,0.01272,0.01292,0.01664,0.01288,0.01296,0.01272,0.01272,0.01284,0.01288,0.01284,0.01276,0.01288,0.01284,0.01288,0.0244,0.01284,0.0178,0.0128,0.01284,0.01276,0.01292,0.01296,0.01284,0.01308,0.01276,0.013,0.0128,0.01284,0.01284,0.01288,0.01304,0.01288,0.01288,0.01288,0.01376,0.02332,0.026481,0.01292,0.01284,0.01788,0.01296,0.01288,0.01284]",32,4,2048,768,151936,True,True,False,1965,3,50,1,2048,768,generic,generic,,,CUDA_EVENT,BF16,none
0.008200000040233135,0.04907999932765961,0.015573239987716078,0.015319999773055315,0.00629113642430573,100.0,6.0,"[1.794565,0.03424,0.0876,0.01336,0.01888,0.01068,0.04352,0.0238,0.018961,0.01444,0.01668,0.01088,0.0166,0.0132,0.01548,0.01032,0.01612,0.01068,0.01444,0.00988,0.01568,0.01064,0.01676,0.01056,0.0178,0.01064,0.01692,0.01092,0.01608,0.0106,0.01748,0.01024,0.01652,0.01084,0.01776,0.01052,0.01536,0.0128,0.01748,0.01056,0.017241,0.01068,0.01528,0.01312,0.01684,0.0082,0.0166,0.01048,0.01572,0.01344,0.04908,0.039721,0.02028,0.01404,0.0352,0.01164,0.01668,0.01416,0.016561,0.01352,0.01676,0.01444,0.0162,0.0106,0.01588,0.0132,0.0156,0.00976,0.01708,0.01344,0.0152,0.013,0.01544,0.01432,0.0172,0.0108,0.01576,0.01328,0.01688,0.01044,0.0156,0.01088,0.0162,0.0106,0.016,0.01048,0.01696,0.01056,0.01772,0.01048,0.016,0.01312,0.02644,0.01568,0.0184,0.01224,0.01704,0.01404,0.01736,0.01132,0.01716,0.01336,0.01924,0.015,0.0172,0.01332]",0.01432000007480383,0.04543999955058098,0.019972839932888745,0.018400000408291817,0.004732313696233145,50.0,3.0,"[34.250694,0.02908,0.01932,0.02876,0.0186,0.02468,0.01824,0.01904,0.01836,0.01844,0.0182,0.01884,0.01796,0.01844,0.01832,0.01816,0.01852,0.01804,0.01712,0.01852,0.01772,0.02692,0.01808,0.018281,0.01728,0.03056,0.0242,0.01904,0.01916,0.04544,0.01824,0.018801,0.01876,0.0236,0.02028,0.01824,0.02464,0.01744,0.019,0.0182,0.01752,0.01788,0.01764,0.01432,0.01768,0.01812,0.02232,0.0188,0.01824,0.01852,0.01836,0.01884,0.01828]",0.12827999889850616,0.22059999406337738,0.13771958142518997,0.13464099913835526,0.015901886385373105,50,3,"[169.75206,0.1816,0.1412,0.2206,0.14056,0.12948,0.136361,0.13748,0.13572,0.136841,0.13476,0.13492,0.134761,0.13748,0.13372,0.134681,0.136721,0.13432,0.13416,0.134601,0.13364,0.135,0.133081,0.13996,0.13728,0.207,0.134961,0.14204,0.134321,0.13864,0.132321,0.13672,0.13484,0.134281,0.129801,0.13668,0.12828,0.133441,0.13308,0.13108,0.131641,0.13004,0.13108,0.132721,0.131681,0.13008,0.144441,0.13628,0.132801,0.13492,0.1324,0.132441,0.13184]",0.07344000041484833,0.2091210037469864,0.07848581984639168,0.07428000122308731,0.019520725777027948,50,3,"[26.121832,0.158561,0.07544,0.106281,0.07476,0.0742,0.07444,0.07484,0.074361,0.07536,0.0744,0.074641,0.07452,0.07452,0.074161,0.07428,0.0744,0.07404,0.074121,0.07452,0.07428,0.074041,0.07716,0.07408,0.099361,0.209121,0.07428,0.07364,0.07436,0.07412,0.07368,0.07376,0.07444,0.07692,0.07344,0.07428,0.073841,0.07364,0.074,0.074201,0.07388,0.0738,0.07572,0.0736,0.0772,0.07668,0.08148,0.0778,0.074,0.07372,0.073881,0.07396,0.07408]",0.03723999857902527,0.14100000262260437,0.05137774012982845,0.04681999981403351,0.01883662279759828,50,3,"[0.449242,0.07188,0.06316,0.07648,0.066481,0.04752,0.04612,0.039041,0.05196,0.03896,0.0424,0.03984,0.03832,0.03892,0.038,0.03828,0.0386,0.038161,0.038,0.04132,0.03784,0.038,0.03824,0.05792,0.141,0.10684,0.06236,0.06228,0.05056,0.062121,0.05888,0.05052,0.0382,0.04244,0.04208,0.044681,0.04888,0.04856,0.03772,0.05,0.03764,0.04832,0.03724,0.03728,0.03996,0.086081,0.06508,0.059121,0.06056,0.05456,0.0588,0.0546,0.05212]",0.012679999694228172,0.033640000969171524,0.014252039957791568,0.013139999937266111,0.004050244610127171,50.0,3.0,"[0.0562,0.0144,0.01336,0.01348,0.01352,0.01396,0.0132,0.01384,0.01332,0.01344,0.01328,0.01316,0.01352,0.01324,0.01328,0.01328,0.01328,0.0178,0.01328,0.01324,0.01312,0.01316,0.01296,0.01284,0.03364,0.02852,0.013,0.01284,0.01292,0.013,0.01272,0.01312,0.01276,0.01308,0.01312,0.013,0.01268,0.01284,0.013481,0.01308,0.01292,0.01284,0.01376,0.013,0.01284,0.02724,0.01324,0.01296,0.01292,0.01412,0.01292,0.0128,0.013041]",32,4,2048,768,151936,True,True,False,1983,3,50,1,2048,768,generic,generic,,,CUDA_EVENT,BF16,none
0.008080000057816505,0.053679998964071274,0.014732050020247698,0.014260000083595514,0.005055083103914778,100.0,6.0,"[0.02744,0.01572,0.01748,0.01176,0.01608,0.01128,0.02272,0.01956,0.0172,0.0118,0.0164,0.01228,0.0148,0.01344,0.01624,0.01232,0.01776,0.00972,0.01652,0.0114,0.01756,0.01016,0.01628,0.01184,0.01764,0.01268,0.01652,0.011,0.01868,0.01132,0.01672,0.01176,0.01604,0.01188,0.0144,0.01108,0.01572,0.01388,0.01628,0.01264,0.0142,0.01152,0.01436,0.01188,0.01456,0.01112,0.014,0.00836,0.01432,0.011761,0.02772,0.05368,0.01784,0.0132,0.01672,0.01252,0.01676,0.01216,0.01488,0.01176,0.01632,0.012001,0.01584,0.01204,0.01652,0.01184,0.0152,0.0108,0.01796,0.01204,0.01596,0.01216,0.01784,0.011041,0.01768,0.01084,0.01456,0.0116,0.01736,0.010241,0.01548,0.01104,0.01684,0.01364,0.0162,0.01012,0.01648,0.0116,0.0172,0.01068,0.01492,0.01168,0.0182,0.01356,0.02208,0.00808,0.01824,0.01152,0.01856,0.011,0.01704,0.01224,0.01576,0.01196,0.017121,0.01256]",0.014440000057220459,0.0435199998319149,0.020488839894533158,0.019900000654160976,0.003810671130089956,50.0,3.0,"[0.02652,0.021161,0.0198,0.04352,0.01904,0.020401,0.01984,0.02016,0.020081,0.02048,0.01908,0.02016,0.01988,0.01992,0.01964,0.01968,0.01964,0.0198,0.02012,0.02044,0.02008,0.01444,0.01976,0.01984,0.0198,0.03124,0.018,0.02044,0.0204,0.02016,0.02068,0.02044,0.02032,0.0178,0.02048,0.01952,0.0198,0.02216,0.01972,0.01972,0.01928,0.01948,0.01972,0.02004,0.01968,0.02068,0.01752,0.02012,0.02056,0.02112,0.01976,0.02,0.0198]",0.1306000053882599,0.1908009946346283,0.13815806061029434,0.134940505027771,0.011844163878391259,50,3,"[0.256801,0.1416,0.13548,0.17716,0.136681,0.13552,0.13564,0.135001,0.13352,0.135,0.134161,0.133201,0.13444,0.13396,0.163201,0.13436,0.134881,0.133121,0.13408,0.135761,0.137081,0.1334,0.13504,0.133801,0.1368,0.190801,0.137401,0.135481,0.14012,0.135201,0.13488,0.13528,0.135801,0.1356,0.1368,0.134761,0.14012,0.1306,0.133561,0.13364,0.13232,0.132961,0.133001,0.1328,0.13384,0.133521,0.175521,0.1398,0.135361,0.13104,0.13276,0.133481,0.13564]",0.06431999802589417,0.2001200020313263,0.07029294013977051,0.06498049944639206,0.02215559438602939,50,3,"[0.07876,0.06528,0.065201,0.06708,0.06468,0.06452,0.0646,0.06492,0.06544,0.06492,0.06432,0.06464,0.066,0.06496,0.06504,0.06512,0.06884,0.06712,0.06492,0.06536,0.06524,0.0648,0.065801,0.06464,0.08392,0.15004,0.065,0.0644,0.067801,0.06496,0.06892,0.065281,0.06456,0.06496,0.065441,0.06472,0.06472,0.064961,0.06532,0.0674,0.064881,0.07032,0.0648,0.06488,0.06488,0.0676,0.20012,0.06492,0.0654,0.06448,0.067121,0.06476,0.06512]",0.03968000039458275,0.12276100367307663,0.047677780091762545,0.04004000127315521,0.016533492311922856,50,3,"[0.14584,0.06296,0.04356,0.067921,0.05184,0.04204,0.04304,0.03992,0.03996,0.03992,0.03988,0.04444,0.040001,0.0456,0.03996,0.044561,0.04104,0.03968,0.039761,0.03988,0.03992,0.039841,0.03992,0.0398,0.122761,0.071481,0.04948,0.05804,0.03968,0.05168,0.04004,0.04004,0.04264,0.04004,0.04004,0.04004,0.04004,0.03996,0.04776,0.03992,0.03984,0.0398,0.03992,0.040041,0.03984,0.07188,0.112681,0.05476,0.05036,0.0402,0.06136,0.04284,0.0478]",0.01336000021547079,0.03187999874353409,0.014528019838035106,0.01361999986693263,0.003361186533288181,50.0,3.0,"[0.01368,0.01424,0.01352,0.01372,0.01348,0.01392,0.01356,0.0134,0.01344,0.01352,0.01668,0.01344,0.01368,0.01364,0.01436,0.01364,0.0138,0.01372,0.01356,0.01356,0.0138,0.01376,0.0136,0.0138,0.03188,0.01376,0.01376,0.01352,0.01392,0.01364,0.01348,0.01356,0.0146,0.01372,0.01348,0.01352,0.01372,0.01348,0.01344,0.01352,0.01352,0.01376,0.0134,0.01368,0.01336,0.025,0.02508,0.0134,0.01352,0.01356,0.01356,0.01356,0.013921]",32,4,2048,768,151936,True,True,False,1968,3,50,1,2048,768,generic,generic,,,CUDA_EVENT,BF16,none
0.009600000455975533,0.033240001648664474,0.013597660083323717,0.013520000036805868,0.0036304099032685817,100.0,6.0,"[0.02812,0.01356,0.01968,0.0124,0.01596,0.00968,0.027,0.03324,0.018761,0.01372,0.01564,0.01152,0.0154,0.01328,0.015441,0.01036,0.01404,0.0116,0.01636,0.01052,0.01572,0.01092,0.01524,0.01204,0.01576,0.01228,0.01628,0.0096,0.015721,0.01068,0.02132,0.00964,0.01184,0.01108,0.01472,0.01044,0.01524,0.01104,0.01552,0.01284,0.01616,0.01188,0.01584,0.012801,0.01492,0.0106,0.01432,0.01172,0.0156,0.01048,0.01428,0.0098,0.01652,0.0102,0.01596,0.00984,0.01668,0.010241,0.01344,0.01056,0.01552,0.01004,0.01648,0.01016,0.0144,0.01004,0.01572,0.01048,0.01568,0.00968,0.01688,0.00976,0.01516,0.00992,0.0148,0.0102,0.01348,0.01044,0.01448,0.01192,0.01616,0.01152,0.01488,0.01044,0.0154,0.01044,0.01528,0.0106,0.01624,0.01064,0.015481,0.00984,0.01772,0.00984,0.01528,0.00992,0.01564,0.00992,0.01392,0.01356,0.02052,0.0098,0.01572,0.013,0.01588,0.01024]",0.01583999954164028,0.03460000082850456,0.018313620053231717,0.017880000174045563,0.00242590320114175,50.0,3.0,"[0.02556,0.01912,0.01912,0.0346,0.01856,0.01796,0.01788,0.01744,0.0182,0.01788,0.01808,0.01796,0.01912,0.01784,0.0182,0.0182,0.02036,0.018081,0.01584,0.01788,0.01804,0.0176,0.01816,0.01828,0.01752,0.01784,0.01812,0.0174,0.01824,0.01768,0.01776,0.0192,0.01764,0.0184,0.01728,0.01724,0.0174,0.01776,0.0196,0.0188,0.01764,0.01752,0.01824,0.01764,0.01764,0.018,0.018,0.01724,0.01768,0.01752,0.0178,0.01932,0.0174]",0.12732000648975372,0.21808099746704102,0.13316836088895798,0.13092049956321716,0.012423952174036116,50,3,"[0.268001,0.13896,0.132401,0.218081,0.13512,0.1372,0.132001,0.13692,0.13252,0.132281,0.1312,0.13084,0.13188,0.132481,0.13724,0.13292,0.132881,0.1396,0.1292,0.13068,0.132201,0.13104,0.13152,0.130801,0.133281,0.12964,0.12948,0.130841,0.12948,0.12908,0.13568,0.127881,0.129481,0.13036,0.12896,0.130281,0.130161,0.12868,0.12732,0.13128,0.130641,0.1314,0.131,0.13124,0.135961,0.12892,0.13068,0.129241,0.127601,0.12744,0.12932,0.1344,0.130081]",0.0652799978852272,0.09096000343561172,0.0671585601568222,0.06596050038933754,0.003809554833883533,50,3,"[0.091,0.065841,0.06936,0.09096,0.06992,0.065601,0.06572,0.06544,0.065401,0.0712,0.06588,0.06596,0.065881,0.06656,0.06632,0.065841,0.06548,0.06588,0.06648,0.065361,0.06784,0.06612,0.06616,0.06604,0.07224,0.071,0.06604,0.06564,0.066,0.06544,0.065921,0.06592,0.06528,0.06572,0.066161,0.07024,0.0682,0.0664,0.06556,0.06556,0.0664,0.06576,0.07056,0.06612,0.06584,0.06796,0.065961,0.06872,0.06572,0.06576,0.06556,0.06664,0.06556]",0.0368800014257431,0.0828000009059906,0.04437450006604195,0.042140498757362366,0.009470394200859053,50,3,"[0.14868,0.06332,0.04816,0.06888,0.06232,0.04832,0.05864,0.04428,0.05428,0.03784,0.04456,0.03728,0.04724,0.0452,0.04308,0.04952,0.0458,0.04628,0.043041,0.05204,0.04304,0.0498,0.042641,0.04528,0.0828,0.037841,0.03736,0.03748,0.03748,0.037121,0.03756,0.03692,0.04684,0.03724,0.03724,0.03948,0.03696,0.03688,0.037081,0.04652,0.03716,0.0506,0.0376,0.0512,0.03776,0.064,0.041,0.03696,0.03716,0.037,0.03696,0.03752,0.04164]",0.012760000303387642,0.018360000103712082,0.013136819936335087,0.012880000285804272,0.0009402291367051894,50.0,3.0,"[0.01288,0.01812,0.01276,0.013,0.01284,0.0136,0.01292,0.01284,0.01288,0.01284,0.013,0.01668,0.0128,0.01296,0.01288,0.01292,0.013,0.0128,0.01292,0.0128,0.01296,0.0128,0.01364,0.0128,0.01328,0.01304,0.01292,0.01292,0.01284,0.01284,0.01276,0.0128,0.01288,0.012961,0.01284,0.01284,0.01276,0.01296,0.0128,0.0128,0.0128,0.01304,0.01296,0.01284,0.0136,0.01288,0.01288,0.0128,0.01836,0.01292,0.0128,0.01388,0.01296]",32,4,2048,768,151936,True,True,False,1975,3,50,1,2048,768,generic,generic,,,CUDA_EVENT,BF16,none
0.007240000180900097,0.028880000114440918,0.01420564998872578,0.014100000262260437,0.0036691262107987057,100.0,6.0,"[0.02896,0.01444,0.01412,0.01348,0.01232,0.01156,0.02664,0.01664,0.018561,0.01256,0.01676,0.01076,0.0158,0.01216,0.01468,0.01352,0.01704,0.01176,0.01756,0.01036,0.01564,0.01208,0.01536,0.01184,0.01384,0.01176,0.016601,0.01052,0.01408,0.00724,0.01736,0.00816,0.012481,0.00796,0.01672,0.0102,0.01684,0.01056,0.01412,0.0108,0.01432,0.01176,0.01356,0.01108,0.015,0.01116,0.01596,0.00972,0.01708,0.00964,0.02596,0.02064,0.01824,0.00864,0.016,0.01268,0.01616,0.0162,0.016561,0.01132,0.01676,0.01272,0.01688,0.01208,0.01676,0.0142,0.0162,0.01164,0.01488,0.01188,0.01712,0.01072,0.0172,0.01312,0.01716,0.00824,0.01592,0.01192,0.01476,0.00996,0.01616,0.0142,0.01748,0.0108,0.01548,0.01124,0.01764,0.01068,0.01404,0.011161,0.01508,0.01112,0.02888,0.01984,0.01756,0.01272,0.01632,0.01192,0.01628,0.01208,0.01596,0.01192,0.01116,0.01184,0.01612,0.01212]",0.014560000039637089,0.04287999868392944,0.020692839976400135,0.019979999400675297,0.003662396806847416,50.0,3.0,"[0.026241,0.01804,0.019721,0.04288,0.02136,0.01996,0.02468,0.01456,0.02028,0.02012,0.01952,0.01984,0.01912,0.0202,0.01892,0.01976,0.01924,0.02112,0.02192,0.019601,0.01972,0.01964,0.0194,0.02024,0.01984,0.0268,0.020281,0.02,0.02228,0.01984,0.01792,0.02104,0.02276,0.01976,0.01992,0.01968,0.01984,0.01992,0.0202,0.02024,0.02116,0.0194,0.01952,0.01624,0.0198,0.0202,0.02524,0.02,0.02,0.02036,0.02008,0.0206,0.01964]",0.1305209994316101,0.23492099344730377,0.13941479980945587,0.1345209926366806,0.01859167383664726,50,3,"[0.25816,0.144121,0.14208,0.164081,0.13772,0.13632,0.137961,0.13724,0.13716,0.135721,0.13504,0.13484,0.133881,0.13448,0.1632,0.133001,0.13524,0.1392,0.130761,0.1332,0.13352,0.133161,0.132641,0.13348,0.13636,0.234921,0.13832,0.13468,0.130521,0.13488,0.13408,0.141441,0.13416,0.13524,0.135041,0.13404,0.13432,0.133361,0.13592,0.13428,0.134521,0.13264,0.13248,0.131721,0.1312,0.13216,0.215001,0.137041,0.13664,0.133561,0.132241,0.1336,0.134521]",0.06356000155210495,0.17372100055217743,0.06865227997303008,0.06410050019621849,0.020696190643367987,50,3,"[0.071761,0.0658,0.06404,0.06448,0.06464,0.065081,0.06428,0.0646,0.064561,0.06468,0.06428,0.064481,0.06384,0.06392,0.064041,0.064,0.0642,0.064361,0.0648,0.06396,0.0668,0.06388,0.06408,0.06444,0.069401,0.173721,0.06376,0.064081,0.06356,0.06364,0.064201,0.06664,0.06368,0.064121,0.06496,0.06392,0.064081,0.06468,0.0638,0.063641,0.06368,0.06412,0.066121,0.06388,0.06384,0.066961,0.16596,0.06372,0.06372,0.06364,0.0638,0.06384,0.06404]",0.03880000114440918,0.10620000213384628,0.04751050002872944,0.042100001126527786,0.014243631950841294,50,3,"[0.15428,0.05388,0.04524,0.06568,0.05008,0.04068,0.04072,0.040481,0.04056,0.04048,0.040561,0.04044,0.04028,0.04216,0.0424,0.04016,0.04044,0.04028,0.04112,0.04036,0.04332,0.04028,0.03988,0.04036,0.1062,0.07796,0.05344,0.05176,0.04756,0.04228,0.04556,0.0432,0.04572,0.04904,0.0402,0.0432,0.04016,0.04204,0.0424,0.04004,0.03988,0.03972,0.03988,0.0388,0.04688,0.08456,0.094121,0.06484,0.046881,0.05208,0.04416,0.042441,0.0398]",0.01336000021547079,0.030519999563694,0.014124859906733036,0.01360000018030405,0.002619846816046137,50.0,3.0,"[0.01396,0.01364,0.0138,0.01376,0.0136,0.0138,0.01388,0.01348,0.0138,0.01384,0.01344,0.0146,0.01352,0.01352,0.01336,0.01356,0.01376,0.0136,0.01364,0.01344,0.0138,0.01364,0.01364,0.013801,0.03052,0.01392,0.0136,0.01388,0.01348,0.01352,0.01348,0.0134,0.0138,0.01356,0.0136,0.013681,0.01352,0.01376,0.0134,0.0136,0.01368,0.013401,0.01344,0.01344,0.01344,0.02188,0.01344,0.01352,0.01344,0.01352,0.01356,0.0138,0.01348]",32,4,2048,768,151936,True,True,False,1960,3,50,1,2048,768,generic,generic,,,CUDA_EVENT,BF16,none
0.007120000198483467,0.020160000771284103,0.012968060011044145,0.012140000239014626,0.0030314795312359564,100.0,6.0,"[0.02616,0.01384,0.01792,0.01884,0.0082,0.00972,0.01992,0.0118,0.01584,0.0098,0.01508,0.00996,0.01624,0.011001,0.01656,0.0098,0.01656,0.01028,0.01544,0.00972,0.015841,0.0098,0.01544,0.00972,0.01488,0.0102,0.01708,0.00712,0.01616,0.01028,0.01676,0.00988,0.01616,0.00984,0.015961,0.0098,0.01272,0.01192,0.01608,0.0098,0.0144,0.00948,0.01588,0.00984,0.0118,0.0108,0.01508,0.01028,0.0144,0.01036,0.01584,0.00984,0.01612,0.00996,0.01632,0.01024,0.01544,0.010361,0.01584,0.00988,0.01612,0.01044,0.01628,0.00988,0.015041,0.01712,0.01528,0.01236,0.0148,0.01032,0.01532,0.01028,0.01556,0.00988,0.0154,0.00972,0.01612,0.00992,0.01616,0.00992,0.01584,0.00948,0.02016,0.00992,0.01152,0.01004,0.01684,0.010241,0.0156,0.00976,0.01552,0.01032,0.01652,0.0098,0.01572,0.00972,0.01604,0.01012,0.01308,0.0098,0.01544,0.0098,0.01652,0.01184,0.01572,0.00992]",0.014240000396966934,0.01892000064253807,0.01753685997799039,0.017600500024855137,0.0007387896507373728,50.0,3.0,"[0.024281,0.01928,0.01772,0.01876,0.01704,0.01796,0.0174,0.01752,0.01732,0.0182,0.01756,0.0146,0.01792,0.01752,0.01764,0.01768,0.01776,0.01776,0.01756,0.0178,0.01732,0.01748,0.01892,0.01756,0.01788,0.01744,0.01784,0.0178,0.01776,0.0172,0.0174,0.01808,0.01836,0.01424,0.01772,0.0174,0.01712,0.01728,0.01716,0.017481,0.01772,0.0176,0.01732,0.01824,0.01716,0.01784,0.017601,0.01796,0.01764,0.01756,0.017841,0.01764,0.01728]",0.12620000541210175,0.16395999491214752,0.13024511992931365,0.1289605051279068,0.005486357700500544,50,3,"[0.2508,0.1352,0.131041,0.1374,0.1262,0.130121,0.1322,0.1302,0.129921,0.129241,0.12992,0.12864,0.130081,0.129481,0.16396,0.13012,0.128241,0.13316,0.1278,0.128601,0.127841,0.12952,0.12864,0.1292,0.130921,0.12816,0.12936,0.127961,0.12788,0.12772,0.12816,0.129801,0.12968,0.12964,0.128281,0.128881,0.12888,0.12884,0.129761,0.12884,0.12788,0.12988,0.128201,0.12884,0.1284,0.12908,0.12904,0.12848,0.12856,0.128721,0.12808,0.1298,0.14404]",0.06716000288724899,0.07580000162124634,0.06821215987205505,0.06780000030994415,0.0014164094302750593,50,3,"[0.08116,0.067921,0.068,0.06748,0.068001,0.0676,0.06804,0.06772,0.06756,0.06824,0.06752,0.06796,0.06764,0.0676,0.06844,0.0674,0.06768,0.07104,0.06748,0.0676,0.0678,0.06824,0.06736,0.06764,0.06788,0.06792,0.067881,0.06764,0.0758,0.06736,0.06716,0.06772,0.0678,0.067801,0.0678,0.06784,0.06764,0.067961,0.06752,0.0708,0.0676,0.068201,0.06832,0.0676,0.07,0.070481,0.068,0.06752,0.067601,0.0682,0.07092,0.06804,0.067561]",0.036639999598264694,0.07203999906778336,0.039544979706406594,0.03723999857902527,0.006325908434980444,50,3,"[0.14452,0.05504,0.0432,0.046721,0.03824,0.04056,0.0376,0.041801,0.0372,0.03732,0.0374,0.03724,0.03724,0.03696,0.043601,0.03708,0.04048,0.03784,0.03692,0.037,0.0368,0.037,0.03692,0.04052,0.07204,0.042481,0.03708,0.04012,0.0378,0.036801,0.03676,0.03704,0.03664,0.03724,0.04144,0.03728,0.0492,0.03692,0.03696,0.03676,0.037081,0.03688,0.03704,0.03736,0.037121,0.06296,0.03748,0.037321,0.03704,0.03732,0.03708,0.037161,0.0404]",0.012600000016391277,0.018200000748038292,0.0131288200058043,0.012880000285804272,0.0009555015744081605,50.0,3.0,"[0.01332,0.01292,0.01288,0.01284,0.013,0.01288,0.01276,0.01292,0.01264,0.01296,0.0182,0.01336,0.01284,0.01296,0.01292,0.0132,0.01284,0.01344,0.0128,0.01288,0.01288,0.01288,0.01264,0.01284,0.01368,0.01276,0.01284,0.013,0.01268,0.01288,0.01292,0.01268,0.01288,0.01292,0.01272,0.01284,0.013241,0.01268,0.013,0.01668,0.0128,0.0128,0.01292,0.01268,0.01292,0.01284,0.0126,0.01336,0.01484,0.01288,0.01292,0.01296,0.01284]",32,4,2048,768,151936,True,True,False,1967,3,50,1,2048,768,generic,generic,,,CUDA_EVENT,BF16,none
0.007799999788403511,0.04408000037074089,0.014734030030667781,0.013900000136345625,0.005403899608324706,100.0,6.0,"[1.501245,0.0398,0.07156,0.01504,0.02084,0.01208,0.0246,0.03164,0.01928,0.01464,0.01724,0.0126,0.018,0.01296,0.02028,0.01452,0.0144,0.01112,0.01632,0.011521,0.01488,0.01204,0.01212,0.01168,0.01476,0.012121,0.0174,0.0102,0.01624,0.01184,0.01624,0.01056,0.0146,0.01116,0.011,0.0106,0.01688,0.01196,0.0144,0.01192,0.0108,0.01152,0.0146,0.01252,0.01304,0.01168,0.016,0.01176,0.015,0.0114,0.03868,0.04408,0.01592,0.01524,0.03172,0.01216,0.01176,0.01264,0.01684,0.01216,0.016121,0.01308,0.01448,0.01132,0.01512,0.01224,0.01572,0.01104,0.01676,0.01072,0.01432,0.01136,0.01476,0.01612,0.01596,0.01292,0.01628,0.01064,0.0116,0.01004,0.01792,0.01344,0.014,0.0078,0.017,0.01148,0.01424,0.01108,0.01592,0.01036,0.01672,0.01008,0.02472,0.01248,0.01496,0.01064,0.01616,0.01096,0.01804,0.01056,0.0148,0.01084,0.01684,0.0138,0.01548,0.01124]",0.0175199992954731,0.03771999850869179,0.02037605993449688,0.019600000232458115,0.0029401913204309925,50.0,3.0,"[35.380344,0.02612,0.02112,0.03772,0.01864,0.02048,0.01956,0.0212,0.01964,0.01996,0.02304,0.01972,0.01948,0.021,0.01932,0.017641,0.02088,0.01944,0.02104,0.01956,0.02396,0.01868,0.01948,0.01956,0.01916,0.02716,0.02064,0.020961,0.0176,0.01952,0.01772,0.02068,0.01964,0.01948,0.01984,0.01924,0.02052,0.02244,0.02048,0.01952,0.02056,0.019081,0.019,0.01952,0.01984,0.0192,0.02096,0.01944,0.01992,0.01752,0.01928,0.02064,0.01924]",0.12691999971866608,0.23612099885940552,0.13753724008798598,0.1335199996829033,0.018467533216491763,50,3,"[168.293655,0.169921,0.14512,0.236121,0.13892,0.139601,0.13604,0.13664,0.134321,0.1418,0.13684,0.133881,0.1334,0.1324,0.132721,0.13508,0.13312,0.132041,0.134801,0.1318,0.13588,0.132561,0.13188,0.13364,0.135761,0.216681,0.136601,0.13664,0.13272,0.137281,0.13424,0.13432,0.133161,0.13064,0.13528,0.131201,0.13624,0.12692,0.132081,0.1304,0.132521,0.13192,0.13204,0.131161,0.137521,0.1272,0.138241,0.13312,0.134561,0.132001,0.1302,0.13176,0.130961]",0.0689999982714653,0.13131999969482422,0.07260491997003556,0.07006049901247025,0.010045316308023555,50,3,"[25.901016,0.13308,0.071001,0.10256,0.0706,0.0712,0.07048,0.070841,0.07108,0.07064,0.070041,0.07064,0.0712,0.070281,0.07,0.07004,0.07,0.06976,0.07036,0.07056,0.06992,0.07,0.07244,0.07012,0.093,0.13132,0.07012,0.0702,0.069721,0.06956,0.0698,0.069921,0.0698,0.07256,0.07028,0.06948,0.06976,0.070121,0.06968,0.06988,0.06992,0.07,0.06944,0.07032,0.07292,0.07216,0.07008,0.06968,0.06964,0.0696,0.06992,0.069,0.0696]",0.03764000162482262,0.13940100371837616,0.046005000546574595,0.04122000001370907,0.01598898274757814,50,3,"[0.406562,0.09012,0.04768,0.0762,0.050201,0.0396,0.03908,0.03916,0.03888,0.039,0.03876,0.0386,0.0388,0.04456,0.0384,0.0386,0.0388,0.03836,0.03836,0.038081,0.03824,0.03816,0.066081,0.0594,0.139401,0.070481,0.0452,0.05512,0.04368,0.0418,0.0474,0.0472,0.0428,0.047361,0.03776,0.038,0.045721,0.03772,0.04152,0.043441,0.04224,0.04744,0.04136,0.03764,0.03768,0.059401,0.05688,0.03796,0.03796,0.03804,0.041281,0.04124,0.0412]",0.012640000320971012,0.03319999948143959,0.013499999959021807,0.012980000115931034,0.0028434822937311714,50.0,3.0,"[0.04996,0.01348,0.01356,0.0136,0.01352,0.01348,0.01324,0.01324,0.01328,0.01316,0.01328,0.01316,0.013,0.01328,0.01356,0.01316,0.01512,0.01288,0.013,0.01288,0.01408,0.01296,0.01296,0.01296,0.0332,0.01328,0.01276,0.01292,0.01272,0.01296,0.013,0.01276,0.01292,0.01272,0.013,0.0128,0.01316,0.01284,0.01264,0.01312,0.01364,0.0128,0.013,0.01272,0.01296,0.01288,0.01288,0.01288,0.01296,0.0128,0.01332,0.01288,0.01268]",32,4,2048,768,151936,True,True,False,1979,3,50,1,2048,768,generic,generic,,,CUDA_EVENT,BF16,none
0.00687999976798892,0.019600000232458115,0.013199639990925788,0.013040000107139349,0.00301272204292965,100.0,6.0,"[0.02768,0.01524,0.0164,0.01172,0.01184,0.01108,0.01888,0.0112,0.01628,0.0078,0.01876,0.01,0.01552,0.01168,0.01704,0.009721,0.01476,0.01208,0.01716,0.0102,0.01492,0.01168,0.01584,0.01016,0.01552,0.01124,0.013,0.0106,0.01756,0.01396,0.01676,0.01,0.01476,0.01044,0.01744,0.01032,0.01296,0.01268,0.01368,0.01164,0.015,0.00976,0.01764,0.010001,0.01496,0.01028,0.01568,0.01172,0.01472,0.0104,0.0196,0.011,0.01088,0.00688,0.014,0.01016,0.015921,0.01072,0.01684,0.01,0.01532,0.01076,0.0164,0.01008,0.01556,0.01124,0.0148,0.01056,0.01472,0.017,0.01828,0.00692,0.01704,0.01004,0.01412,0.0104,0.01268,0.01308,0.013881,0.01032,0.01668,0.00972,0.01548,0.01076,0.0146,0.01136,0.01444,0.01152,0.01664,0.01204,0.01652,0.01008,0.01568,0.01136,0.015,0.01088,0.01584,0.00708,0.01616,0.00964,0.0172,0.00788,0.01452,0.01248,0.01416,0.01664]",0.01711999997496605,0.02239999920129776,0.01938564009964466,0.019360000267624855,0.0008190386061419971,50.0,3.0,"[0.02716,0.0216,0.01984,0.02136,0.01952,0.01992,0.01948,0.02084,0.01936,0.0194,0.019281,0.01896,0.01912,0.01936,0.0224,0.02108,0.019,0.01768,0.01896,0.01904,0.01912,0.01884,0.01928,0.01944,0.01916,0.01968,0.0194,0.01936,0.0196,0.01952,0.01976,0.01924,0.01988,0.01712,0.01948,0.01936,0.01968,0.01892,0.01924,0.01912,0.01968,0.01964,0.01884,0.0194,0.01856,0.01948,0.01944,0.01968,0.01924,0.019281,0.01948,0.01744,0.01916]",0.12824000418186188,0.13736000657081604,0.13055399984121321,0.1301409974694252,0.0018614260144723949,50,3,"[0.260921,0.137,0.13112,0.136761,0.133,0.1318,0.132321,0.13736,0.13236,0.131161,0.13176,0.12948,0.12952,0.130161,0.13368,0.13036,0.131121,0.12972,0.12824,0.12868,0.128881,0.12956,0.12876,0.131321,0.132521,0.13104,0.128361,0.129601,0.1292,0.129,0.129961,0.130761,0.13148,0.13192,0.131321,0.12884,0.13068,0.129441,0.129761,0.12916,0.13052,0.130641,0.128281,0.13116,0.12912,0.129481,0.13048,0.12888,0.132001,0.12928,0.12948,0.1292,0.130121]",0.06540100276470184,0.06964000314474106,0.06623620003461837,0.06595999747514725,0.000981874368666718,50,3,"[0.08192,0.0664,0.068681,0.06612,0.06624,0.066241,0.06608,0.06628,0.066001,0.06564,0.06616,0.06584,0.065801,0.0656,0.06564,0.065401,0.06596,0.06616,0.06548,0.067161,0.06556,0.06964,0.06596,0.06584,0.06612,0.06928,0.06596,0.06556,0.06652,0.06668,0.06588,0.06568,0.06568,0.066201,0.0658,0.06564,0.06932,0.066,0.06624,0.06584,0.065441,0.06584,0.06592,0.066,0.065601,0.0686,0.0658,0.068001,0.0658,0.0658,0.06596,0.065641,0.0662]",0.03759999945759773,0.07823999971151352,0.03986093997955322,0.0379405003041029,0.007194056773048921,50,3,"[0.150561,0.05588,0.03844,0.04364,0.038121,0.03848,0.03804,0.04136,0.03828,0.04228,0.04024,0.037921,0.03836,0.03804,0.03808,0.03788,0.03808,0.03784,0.038081,0.03796,0.0378,0.03948,0.037761,0.0378,0.07824,0.0378,0.03828,0.03828,0.03828,0.04148,0.03804,0.03768,0.0378,0.03784,0.0378,0.03764,0.03784,0.03788,0.03796,0.03764,0.0378,0.0376,0.03764,0.038001,0.03772,0.07028,0.037641,0.03772,0.03764,0.03768,0.042041,0.03768,0.0376]",0.012640000320971012,0.015279999934136868,0.012997620012611151,0.012880000285804272,0.00040291032216115206,50.0,3.0,"[0.01324,0.012961,0.01308,0.01328,0.01304,0.013,0.01292,0.01304,0.01288,0.0132,0.01284,0.01272,0.01364,0.01296,0.013161,0.0128,0.01284,0.01308,0.01288,0.01288,0.01264,0.01296,0.01276,0.01288,0.01308,0.0128,0.01288,0.01284,0.01296,0.01292,0.01292,0.01296,0.01528,0.01288,0.01288,0.01276,0.01296,0.01268,0.01276,0.01276,0.01288,0.01276,0.0128,0.01288,0.01292,0.013,0.0128,0.013,0.01396,0.01288,0.0136,0.0128,0.01288]",32,4,2048,768,151936,True,True,False,1971,3,50,1,2048,768,generic,generic,,,CUDA_EVENT,BF16,none
0.00803999975323677,0.019520999863743782,0.012894810009747744,0.0129399998113513,0.002786262261549459,100.0,6.0,"[0.02852,0.0148,0.01932,0.01164,0.0142,0.01252,0.01936,0.01136,0.01488,0.00948,0.01496,0.01156,0.01564,0.00804,0.01352,0.01156,0.01352,0.0108,0.01676,0.00992,0.01608,0.00956,0.01396,0.01072,0.01536,0.01076,0.01548,0.01068,0.0138,0.01016,0.01636,0.0122,0.01696,0.00996,0.01676,0.01012,0.01656,0.00992,0.01616,0.01008,0.01416,0.01124,0.01772,0.00984,0.01568,0.0132,0.01348,0.01104,0.01368,0.011,0.016,0.01112,0.01652,0.0102,0.01512,0.00996,0.01692,0.00984,0.01472,0.01268,0.019521,0.01108,0.00892,0.0096,0.01488,0.01096,0.01336,0.01056,0.01328,0.01124,0.01672,0.00972,0.01492,0.01028,0.01556,0.01112,0.01712,0.00976,0.0138,0.01028,0.01408,0.01012,0.01428,0.01068,0.0162,0.0098,0.01408,0.01088,0.0146,0.01112,0.01596,0.01036,0.01796,0.01028,0.01444,0.00976,0.01348,0.01032,0.01684,0.00812,0.01424,0.01056,0.01404,0.01108,0.01668,0.00972]",0.01703999936580658,0.023800000548362732,0.01936407998204231,0.019380000419914722,0.0009289665594988052,50.0,3.0,"[0.02564,0.0216,0.01956,0.02072,0.01704,0.0198,0.01928,0.019401,0.0196,0.02,0.019,0.01924,0.01844,0.01952,0.01976,0.0196,0.01916,0.01964,0.01944,0.01896,0.01952,0.01964,0.01884,0.01916,0.01904,0.01968,0.01984,0.01932,0.01912,0.018,0.01932,0.02008,0.01972,0.01936,0.01924,0.01988,0.01908,0.019481,0.02004,0.0238,0.01708,0.019161,0.01904,0.01936,0.01928,0.017481,0.01956,0.01892,0.019,0.01976,0.01944,0.0194,0.01996]",0.12664000689983368,0.16276100277900696,0.13011559963226318,0.12930049747228622,0.004950286181697046,50,3,"[0.255281,0.1368,0.1314,0.136281,0.13204,0.1322,0.131561,0.13148,0.131,0.12956,0.131041,0.1302,0.12952,0.12868,0.162761,0.12684,0.12916,0.129641,0.129881,0.1292,0.12876,0.129161,0.128321,0.12868,0.131,0.128521,0.12808,0.12664,0.127881,0.127081,0.12904,0.1284,0.129681,0.129401,0.12848,0.13012,0.130321,0.12996,0.12904,0.13004,0.130281,0.12764,0.13024,0.1298,0.129081,0.12888,0.12804,0.127321,0.131561,0.1278,0.12704,0.128121,0.130321]",0.06588099896907806,0.0705609992146492,0.06694422021508217,0.066600002348423,0.0010632579383498398,50,3,"[0.07648,0.06932,0.066761,0.06708,0.06656,0.066201,0.06716,0.06684,0.06756,0.066601,0.0668,0.0666,0.06664,0.066361,0.06632,0.067,0.066521,0.0696,0.06616,0.06692,0.066681,0.0666,0.06648,0.06648,0.068761,0.06616,0.06636,0.06672,0.0696,0.06604,0.06616,0.067041,0.06636,0.06716,0.0668,0.070561,0.06604,0.06628,0.06672,0.069041,0.06636,0.06688,0.0666,0.066481,0.06636,0.0694,0.065881,0.06628,0.06704,0.06608,0.06868,0.06604,0.06616]",0.03759999945759773,0.07816000282764435,0.03924409985542297,0.03789999894797802,0.00590988520298756,50,3,"[0.149601,0.049441,0.0384,0.04428,0.038241,0.0392,0.03804,0.03792,0.038121,0.03808,0.03804,0.03788,0.037961,0.03804,0.03792,0.03784,0.03816,0.0384,0.03792,0.0378,0.03792,0.03784,0.03772,0.0378,0.07816,0.04368,0.03832,0.03784,0.0378,0.0378,0.03776,0.03792,0.03832,0.03776,0.0378,0.03792,0.03796,0.03784,0.037801,0.03772,0.0378,0.0376,0.037761,0.0378,0.04,0.04948,0.03768,0.03776,0.0376,0.03768,0.03772,0.03796,0.03784]",0.012559999711811543,0.01916000060737133,0.013033639956265688,0.012860000133514404,0.0009107059707299061,50.0,3.0,"[0.013,0.01316,0.01304,0.01368,0.01296,0.01336,0.01312,0.01284,0.013,0.0128,0.013,0.01272,0.01272,0.01292,0.01288,0.01384,0.01276,0.013,0.01292,0.0128,0.01296,0.01276,0.0128,0.012681,0.01284,0.0128,0.01276,0.01296,0.01272,0.01292,0.01272,0.0128,0.01296,0.01292,0.013041,0.01272,0.01288,0.01916,0.0128,0.01308,0.01264,0.01292,0.01368,0.01284,0.01268,0.01256,0.01288,0.01268,0.0128,0.01304,0.01272,0.01272,0.01292]",32,4,2048,768,151936,True,True,False,1963,3,50,1,2048,768,generic,generic,,,CUDA_EVENT,BF16,none
0.008999999612569809,0.034001000225543976,0.014790039993822574,0.015660000033676624,0.004555892798227136,100.0,6.0,"[1.608405,0.03344,0.07604,0.01376,0.01948,0.01056,0.0284,0.02232,0.0196,0.01404,0.02064,0.0102,0.01724,0.01356,0.01568,0.01336,0.01648,0.0108,0.01704,0.01064,0.01636,0.01032,0.01604,0.01076,0.01608,0.01048,0.01816,0.009,0.01788,0.011,0.01728,0.01016,0.0162,0.0112,0.01612,0.01084,0.0158,0.01052,0.01596,0.01048,0.01644,0.01072,0.01564,0.01312,0.01568,0.01064,0.0164,0.01092,0.01664,0.01188,0.02876,0.03048,0.01816,0.01116,0.034001,0.01112,0.01744,0.01104,0.01692,0.01116,0.01788,0.0114,0.01724,0.01076,0.01596,0.01144,0.01692,0.011,0.01624,0.01108,0.01644,0.00952,0.01552,0.01416,0.01584,0.01028,0.01704,0.01124,0.01752,0.01064,0.0166,0.01072,0.01884,0.01132,0.016,0.010681,0.01592,0.01068,0.0158,0.01032,0.015721,0.01032,0.0218,0.01368,0.01872,0.00972,0.01708,0.01108,0.0174,0.0114,0.017321,0.01048,0.01948,0.01268,0.01752,0.01064]",0.014759999699890614,0.029200000688433647,0.018998459968715905,0.01841999962925911,0.00229727064344288,50.0,3.0,"[35.24818,0.02756,0.0194,0.02824,0.01936,0.0202,0.01852,0.01476,0.0186,0.01724,0.0188,0.01872,0.01864,0.02172,0.01804,0.01948,0.01836,0.0196,0.0186,0.01788,0.01812,0.01872,0.0178,0.01848,0.01768,0.0292,0.0182,0.01836,0.01812,0.01904,0.01876,0.019201,0.01824,0.01816,0.01908,0.0186,0.01816,0.0194,0.01816,0.018321,0.01768,0.01824,0.01772,0.02268,0.01732,0.01812,0.02148,0.01912,0.01792,0.01836,0.01796,0.01852,0.018241]",0.1257999986410141,0.19528000056743622,0.13789795935153962,0.13458050042390823,0.01185549465909823,50,3,"[168.703278,0.170321,0.14148,0.1732,0.144921,0.14072,0.139321,0.13792,0.142721,0.13396,0.13712,0.136321,0.1374,0.13268,0.177041,0.13168,0.141241,0.12988,0.13568,0.135201,0.13332,0.13304,0.133241,0.13392,0.136361,0.19528,0.136041,0.13488,0.134481,0.13244,0.1378,0.1334,0.13336,0.133561,0.13476,0.13324,0.134961,0.13168,0.133881,0.13196,0.1332,0.131881,0.13708,0.1258,0.132001,0.1328,0.14472,0.136201,0.13468,0.135161,0.13416,0.13444,0.13416]",0.06996099650859833,0.09564000368118286,0.07228982031345367,0.07138000056147575,0.004118330301535563,50,3,"[26.248087,0.14788,0.072401,0.07228,0.07236,0.072121,0.07232,0.07204,0.07196,0.07208,0.071761,0.07184,0.07148,0.072281,0.07144,0.07164,0.0718,0.07128,0.070601,0.07192,0.0712,0.071001,0.07364,0.07096,0.09564,0.08752,0.07136,0.07056,0.07072,0.07144,0.069961,0.07096,0.071281,0.07384,0.07056,0.070441,0.0714,0.07088,0.07036,0.0714,0.070761,0.07056,0.07068,0.070681,0.07292,0.07448,0.0722,0.07128,0.07112,0.071,0.07092,0.070601,0.07096]",0.03820100054144859,0.12427999824285507,0.04984815992414951,0.04715999960899353,0.013507042856098012,50,3,"[0.411921,0.07112,0.0662,0.0698,0.05656,0.04744,0.04024,0.039601,0.04724,0.03944,0.03936,0.03892,0.039,0.04592,0.05128,0.03864,0.05112,0.03932,0.0448,0.04292,0.04392,0.0392,0.04768,0.061881,0.12428,0.066841,0.05604,0.060081,0.04616,0.0478,0.0582,0.04796,0.04692,0.04708,0.043961,0.04252,0.04852,0.038201,0.04316,0.04792,0.03856,0.04812,0.04672,0.0428,0.04432,0.071241,0.0648,0.05616,0.052761,0.0506,0.04164,0.05132,0.05344]",0.012559999711811543,0.030400000512599945,0.013800039999186992,0.012959999963641167,0.0029202633654874135,50.0,3.0,"[0.051081,0.01352,0.01316,0.01328,0.01832,0.0132,0.01532,0.01312,0.01308,0.01308,0.01324,0.01332,0.013,0.01356,0.01296,0.013,0.01292,0.01284,0.01296,0.0128,0.012761,0.01272,0.01284,0.01452,0.02328,0.0128,0.0138,0.01292,0.01508,0.01348,0.01272,0.01264,0.01344,0.01264,0.01328,0.01256,0.01268,0.01268,0.01264,0.01324,0.01264,0.01264,0.0126,0.01324,0.01288,0.0304,0.01448,0.01268,0.0128,0.01268,0.014881,0.01272,0.01264]",32,4,2048,768,151936,True,True,False,1982,3,50,1,2048,768,generic,generic,,,CUDA_EVENT,BF16,none
0.00860000029206276,0.03020000085234642,0.014099610047414899,0.01501999981701374,0.0037943987133043197,100.0,6.0,"[0.02916,0.0132,0.0188,0.00988,0.01608,0.01016,0.02284,0.01744,0.01672,0.0086,0.0164,0.01064,0.01604,0.0108,0.01628,0.0102,0.01504,0.01076,0.01652,0.00992,0.01584,0.00984,0.01552,0.01068,0.01628,0.00996,0.01572,0.01036,0.01584,0.01292,0.01656,0.01236,0.01524,0.01044,0.0164,0.01024,0.01748,0.01116,0.01668,0.01072,0.016,0.01324,0.01556,0.01056,0.01536,0.01024,0.015,0.01044,0.01604,0.0124,0.0302,0.02072,0.01732,0.01132,0.0178,0.01228,0.01684,0.01076,0.01708,0.0106,0.01568,0.01064,0.01472,0.01052,0.01648,0.01052,0.0164,0.0106,0.0168,0.01036,0.01576,0.0104,0.01596,0.01076,0.0154,0.01028,0.01616,0.00996,0.01576,0.0104,0.01624,0.01032,0.01672,0.0104,0.01352,0.01008,0.01672,0.0104,0.01588,0.0104,0.01416,0.01636,0.02848,0.02184,0.01816,0.011161,0.01568,0.013,0.0156,0.01116,0.01708,0.01076,0.01692,0.01036,0.0162,0.0106]",0.01720000058412552,0.02800000086426735,0.018566440008580685,0.017980000004172325,0.0020790559585691236,50.0,3.0,"[0.0254,0.01856,0.01804,0.02632,0.01828,0.01856,0.0224,0.01796,0.01784,0.01824,0.01764,0.01808,0.01792,0.01896,0.0176,0.01788,0.01772,0.01768,0.018,0.018361,0.01788,0.0176,0.01784,0.01752,0.0172,0.028,0.0186,0.01884,0.0188,0.01856,0.0184,0.01776,0.01824,0.017641,0.01768,0.01796,0.01828,0.01824,0.0174,0.01768,0.01748,0.01816,0.01768,0.01756,0.01804,0.01824,0.02404,0.01772,0.01768,0.01804,0.01808,0.01816,0.01788]",0.12700000405311584,0.19755999743938446,0.13580840051174164,0.13328100740909576,0.010878633749042011,50,3,"[0.261201,0.13884,0.134041,0.15488,0.135001,0.13936,0.127,0.133721,0.13432,0.13212,0.132721,0.13224,0.13412,0.131321,0.13776,0.133961,0.13284,0.13232,0.133281,0.13176,0.13732,0.131361,0.130321,0.1354,0.1344,0.170441,0.1364,0.134041,0.13276,0.132001,0.133521,0.1324,0.140481,0.13088,0.1342,0.135241,0.13372,0.13544,0.134281,0.13444,0.1322,0.132401,0.13068,0.1322,0.131281,0.13384,0.19756,0.13016,0.13232,0.133281,0.1326,0.131721,0.132401]",0.06560000032186508,0.17000100016593933,0.07000977978110313,0.06634049862623215,0.016067315133400286,50,3,"[0.08848,0.066321,0.0694,0.066401,0.06612,0.06664,0.06664,0.06596,0.07112,0.06652,0.06668,0.06624,0.066321,0.06612,0.06628,0.06604,0.06564,0.06648,0.06612,0.06612,0.06636,0.06652,0.06592,0.06612,0.089321,0.11392,0.066001,0.06628,0.06652,0.06604,0.066,0.06648,0.06652,0.06588,0.06656,0.06652,0.06872,0.066321,0.06624,0.06672,0.066721,0.0662,0.06644,0.066681,0.066,0.06844,0.170001,0.06904,0.066161,0.0656,0.06628,0.06648,0.06604]",0.03791999816894531,0.09136000275611877,0.04913694016635418,0.04762049950659275,0.011013035461696739,50,3,"[0.152201,0.0648,0.04816,0.06368,0.04916,0.047801,0.0436,0.05468,0.038081,0.05032,0.04364,0.038081,0.04128,0.04216,0.04844,0.04652,0.04568,0.04296,0.04236,0.0418,0.0416,0.03812,0.0482,0.038001,0.09136,0.06508,0.05352,0.05112,0.051161,0.04744,0.04828,0.050401,0.04692,0.04672,0.05236,0.04636,0.05228,0.03916,0.04972,0.03824,0.03828,0.03824,0.03792,0.041,0.03812,0.08564,0.0694,0.0562,0.06144,0.05212,0.057281,0.04896,0.05596]",0.012760000303387642,0.032680999487638474,0.013795239944010973,0.012980000115931034,0.003196427416734939,50.0,3.0,"[0.01404,0.01356,0.013,0.013,0.01296,0.013,0.01304,0.01292,0.0128,0.013,0.01368,0.01292,0.01324,0.0128,0.01316,0.01284,0.01304,0.013,0.01284,0.01292,0.01284,0.01292,0.01296,0.01344,0.0234,0.01296,0.01892,0.01288,0.01324,0.01308,0.01276,0.01308,0.01304,0.01308,0.01296,0.01288,0.01292,0.013,0.01304,0.016201,0.01312,0.01344,0.01276,0.01296,0.01288,0.032681,0.01292,0.013,0.01292,0.01352,0.01296,0.01292,0.01292]",32,4,2048,768,151936,True,True,False,1974,3,50,1,2048,768,generic,generic,,,CUDA_EVENT,BF16,none
0.007639999967068434,0.042399998754262924,0.01568165990989655,0.01504049962386489,0.005525172590632934,100.0,6.0,"[1.733165,0.035,0.08588,0.01332,0.01908,0.0138,0.03628,0.02684,0.02076,0.01348,0.0174,0.01312,0.01804,0.014201,0.01556,0.0116,0.01596,0.01176,0.016361,0.01348,0.01568,0.0126,0.01656,0.01196,0.014161,0.0082,0.01724,0.01208,0.01684,0.0108,0.0174,0.01208,0.01668,0.0128,0.0158,0.0136,0.01572,0.01524,0.01484,0.0114,0.01632,0.01176,0.01612,0.01176,0.01616,0.01204,0.01524,0.0118,0.015641,0.01124,0.0424,0.03964,0.01972,0.0134,0.03416,0.01436,0.01776,0.0134,0.01756,0.01412,0.01872,0.01332,0.01644,0.0146,0.01688,0.013,0.0166,0.01072,0.01552,0.011401,0.01652,0.0126,0.01616,0.0112,0.01704,0.00916,0.01664,0.01344,0.01572,0.01148,0.02244,0.01148,0.00764,0.01296,0.01552,0.01136,0.015201,0.01136,0.01592,0.01212,0.016,0.01192,0.02316,0.01452,0.01764,0.01376,0.0182,0.01264,0.01804,0.01268,0.01708,0.01272,0.01976,0.01488,0.01748,0.0134]",0.01432000007480383,0.030799999833106995,0.020682459939271213,0.02013999968767166,0.0025538138134128933,50.0,3.0,"[39.534313,0.02848,0.0186,0.02876,0.02032,0.02,0.01976,0.01992,0.01988,0.02136,0.0208,0.01952,0.01956,0.02096,0.01696,0.01976,0.02052,0.0196,0.01432,0.0196,0.01968,0.01888,0.01968,0.0198,0.01952,0.0308,0.02152,0.021161,0.02232,0.019921,0.02068,0.02084,0.02072,0.02068,0.01948,0.02064,0.02076,0.02104,0.01976,0.02004,0.01992,0.01688,0.01936,0.02196,0.01976,0.01928,0.02312,0.021441,0.02024,0.02024,0.02528,0.02084,0.02628]",0.12967999279499054,0.24340100586414337,0.1398995390534401,0.13575999438762665,0.018191664512799972,50,3,"[167.414062,0.179881,0.14164,0.243401,0.1412,0.138241,0.13968,0.14484,0.134761,0.13576,0.13352,0.136961,0.1334,0.13488,0.133801,0.13556,0.13752,0.137401,0.13512,0.13288,0.134721,0.13292,0.13328,0.133801,0.13676,0.207921,0.14368,0.13668,0.13744,0.13708,0.13644,0.137081,0.13936,0.134401,0.1344,0.13576,0.138921,0.13512,0.13672,0.132481,0.13416,0.13352,0.139481,0.13404,0.13404,0.134001,0.15064,0.13868,0.13296,0.137721,0.12968,0.137761,0.1344]",0.06923999637365341,0.19708000123500824,0.07415309950709342,0.07009999826550484,0.018711066068328192,50,3,"[26.561796,0.15412,0.071081,0.08808,0.07056,0.07064,0.07016,0.070001,0.0704,0.07172,0.069641,0.0704,0.07012,0.069441,0.06992,0.07024,0.069881,0.06944,0.07008,0.070041,0.0704,0.0698,0.072281,0.0704,0.11276,0.19708,0.069841,0.07008,0.073641,0.06996,0.069681,0.07048,0.06936,0.0728,0.07008,0.069401,0.0698,0.06996,0.069841,0.06964,0.07004,0.072041,0.06976,0.06924,0.073121,0.07204,0.073161,0.07048,0.069241,0.07024,0.07052,0.06952,0.0702]",0.03791999816894531,0.12284000217914581,0.05045764021575451,0.04326000064611435,0.01719972215297787,50,3,"[0.462722,0.07244,0.05644,0.07004,0.061921,0.04692,0.0424,0.03984,0.03856,0.03832,0.0384,0.03864,0.03812,0.04256,0.03796,0.03828,0.04144,0.03792,0.03796,0.04624,0.03832,0.03808,0.04016,0.057,0.10024,0.12284,0.06724,0.06308,0.05056,0.05356,0.06284,0.05432,0.04864,0.04596,0.03824,0.04244,0.05272,0.03812,0.03832,0.03828,0.038,0.03824,0.04108,0.03812,0.04396,0.09224,0.0682,0.06584,0.0556,0.05912,0.05172,0.05964,0.044641]",0.012679999694228172,0.028599999845027924,0.014283259976655244,0.013039999641478062,0.004001591781712964,50.0,3.0,"[0.05816,0.01324,0.01336,0.01524,0.01324,0.01324,0.01396,0.01396,0.01308,0.01316,0.0132,0.01304,0.01304,0.01284,0.01288,0.01284,0.013,0.01284,0.012721,0.01272,0.01292,0.01304,0.01412,0.01308,0.02716,0.0274,0.01324,0.01276,0.01308,0.02792,0.013,0.013,0.013,0.01268,0.01288,0.01304,0.013,0.012841,0.01308,0.01316,0.012761,0.01316,0.01296,0.01292,0.01296,0.0286,0.01284,0.01312,0.01292,0.01304,0.01304,0.01336,0.01308]",32,4,2048,768,151936,True,True,False,1980,3,50,1,2048,768,generic,generic,,,CUDA_EVENT,BF16,none
0.007280000019818544,0.029839999973773956,0.014879239979200065,0.014820000156760216,0.004628520891495934,100.0,6.0,"[1.640044,0.035721,0.081161,0.01208,0.0198,0.01184,0.02596,0.02724,0.02392,0.00916,0.01688,0.01164,0.0174,0.01384,0.01536,0.01396,0.01504,0.01164,0.01592,0.01124,0.0172,0.01112,0.01616,0.01036,0.01592,0.01088,0.01604,0.01184,0.01608,0.01076,0.00728,0.00836,0.01536,0.01112,0.016001,0.01184,0.0278,0.0114,0.0146,0.01056,0.01608,0.01088,0.01656,0.01108,0.01788,0.011241,0.01704,0.01128,0.01576,0.01152,0.02816,0.02536,0.01688,0.0116,0.02984,0.00876,0.01648,0.012041,0.01888,0.01256,0.01636,0.01172,0.01528,0.01276,0.01716,0.01136,0.01552,0.01204,0.01908,0.01352,0.01636,0.01012,0.01576,0.01436,0.01668,0.01104,0.01864,0.01072,0.01516,0.00808,0.01828,0.00972,0.0156,0.01168,0.01584,0.01088,0.01552,0.01156,0.01832,0.00964,0.0156,0.01128,0.02756,0.0124,0.01812,0.01172,0.017,0.01228,0.016,0.01112,0.022161,0.01244,0.01892,0.01428,0.01632,0.0122]",0.014639999717473984,0.029400000348687172,0.020345680080354214,0.019900500774383545,0.0021219723040805374,50.0,3.0,"[38.768517,0.02944,0.02048,0.0294,0.024321,0.01992,0.01464,0.01964,0.01992,0.0202,0.01952,0.01988,0.02,0.02068,0.019881,0.0196,0.0198,0.0214,0.02108,0.01704,0.01984,0.023,0.0196,0.01968,0.01936,0.02716,0.01976,0.0202,0.02016,0.01936,0.02008,0.02056,0.01968,0.01908,0.0208,0.01992,0.02064,0.0188,0.01996,0.01976,0.01944,0.0226,0.01904,0.01972,0.01896,0.019761,0.02236,0.0194,0.0202,0.0212,0.02004,0.01968,0.020561]",0.13208100199699402,0.2048799991607666,0.13923640042543411,0.13631999492645264,0.011785323124840045,50,3,"[166.95311,0.18052,0.14272,0.18356,0.13756,0.14856,0.137921,0.13632,0.136001,0.13592,0.13624,0.134561,0.13624,0.138721,0.1368,0.13636,0.137121,0.1356,0.138881,0.135801,0.13952,0.132081,0.13524,0.13596,0.138081,0.20488,0.1396,0.137481,0.13632,0.13508,0.135481,0.13824,0.137761,0.13484,0.140841,0.13488,0.13532,0.134601,0.13632,0.133841,0.13868,0.13996,0.134801,0.13352,0.133881,0.13676,0.14796,0.137241,0.1382,0.135641,0.13516,0.134841,0.13664]",0.06695999950170517,0.09160000085830688,0.06959382042288781,0.0681610032916069,0.005042041731676034,50,3,"[26.86553,0.136481,0.068801,0.090081,0.06876,0.068121,0.0684,0.06888,0.06812,0.06852,0.068161,0.06832,0.068,0.0682,0.0682,0.067681,0.0686,0.0682,0.0682,0.06816,0.068081,0.068,0.07072,0.068161,0.0916,0.085561,0.07108,0.06696,0.06772,0.067881,0.06868,0.068201,0.0682,0.07084,0.06732,0.0678,0.06808,0.06776,0.067441,0.06772,0.06776,0.069041,0.06812,0.06852,0.0702,0.07076,0.06736,0.06812,0.06764,0.06792,0.06748,0.06848,0.06788]",0.03855999931693077,0.10600099712610245,0.04747853979468346,0.04461999982595444,0.012507265197468894,50,3,"[0.424361,0.07348,0.06864,0.07464,0.04612,0.04716,0.03956,0.03944,0.0418,0.04172,0.03932,0.03924,0.038801,0.0394,0.04428,0.03932,0.03928,0.03892,0.03932,0.04496,0.03888,0.03856,0.05268,0.05792,0.106001,0.06904,0.048841,0.06212,0.0476,0.05088,0.05116,0.04132,0.03864,0.046001,0.04968,0.03856,0.04996,0.039,0.04208,0.0392,0.03884,0.03996,0.0468,0.038841,0.03884,0.073,0.071361,0.0506,0.046881,0.04572,0.04564,0.0464,0.04964]",0.013039999641478062,0.023800000548362732,0.013662499971687794,0.013259999919682741,0.0016724563015128532,50.0,3.0,"[0.05216,0.03776,0.01424,0.01324,0.01368,0.01324,0.0134,0.01348,0.01332,0.013521,0.01324,0.0132,0.01336,0.01328,0.01368,0.0132,0.01348,0.0132,0.01324,0.0134,0.0134,0.01344,0.013161,0.01312,0.0238,0.01304,0.01324,0.01316,0.0142,0.01332,0.01308,0.01324,0.01316,0.01328,0.0132,0.013361,0.01312,0.01312,0.0132,0.0132,0.013521,0.01324,0.01308,0.01336,0.01328,0.019041,0.0132,0.01404,0.0142,0.01356,0.01324,0.01308,0.01328]",32,4,2048,768,151936,True,True,False,1978,3,50,1,2048,768,generic,generic,,,CUDA_EVENT,BF16,none
0.007240000180900097,0.029559999704360962,0.014384459955617785,0.014800000004470348,0.004130686677610919,100.0,6.0,"[0.02736,0.01396,0.01992,0.01056,0.01748,0.00952,0.02136,0.01884,0.0186,0.01108,0.0168,0.01212,0.01732,0.01208,0.016601,0.01076,0.01604,0.01056,0.01424,0.01052,0.01524,0.00996,0.0158,0.01028,0.01548,0.01032,0.01508,0.01176,0.01784,0.01072,0.0162,0.01308,0.01728,0.01044,0.01608,0.00724,0.01572,0.01264,0.01668,0.01452,0.01708,0.01048,0.01728,0.01084,0.01648,0.01048,0.0168,0.01044,0.01604,0.0094,0.02808,0.02812,0.01776,0.01112,0.017281,0.01092,0.01732,0.0098,0.019,0.0102,0.01828,0.01072,0.01632,0.01064,0.02128,0.0104,0.01448,0.01172,0.01644,0.010521,0.01396,0.01044,0.01588,0.00976,0.01668,0.0106,0.01536,0.01048,0.01668,0.0104,0.01628,0.01008,0.01588,0.0098,0.01544,0.010441,0.0164,0.0104,0.01816,0.01208,0.017161,0.00996,0.02956,0.02252,0.01812,0.01068,0.01632,0.01128,0.0162,0.01452,0.01588,0.01108,0.016721,0.01056,0.01668,0.011]",0.014360000379383564,0.0284000001847744,0.018539260048419236,0.01805999968200922,0.0021903260981631987,50.0,3.0,"[0.02412,0.0194,0.01824,0.02548,0.01848,0.0182,0.0182,0.01804,0.01784,0.01832,0.01788,0.01788,0.01844,0.01864,0.01792,0.01876,0.01832,0.017841,0.01772,0.01436,0.01812,0.01808,0.0174,0.018,0.01752,0.02576,0.01808,0.01772,0.01836,0.016721,0.01852,0.01788,0.01824,0.01884,0.01744,0.01956,0.01736,0.01764,0.01768,0.018081,0.01784,0.0176,0.01768,0.01752,0.01912,0.01796,0.0284,0.01908,0.01824,0.01804,0.01812,0.02024,0.0178]",0.12972000241279602,0.19580000638961792,0.13660358071327208,0.13336000591516495,0.012758825775790779,50,3,"[0.261681,0.13868,0.133081,0.15028,0.139721,0.13432,0.133681,0.1338,0.13368,0.133001,0.13296,0.132321,0.1314,0.13432,0.160641,0.13096,0.134641,0.13104,0.13408,0.132561,0.13204,0.1322,0.131361,0.13684,0.13436,0.192801,0.135361,0.13364,0.134161,0.13232,0.13296,0.135521,0.13476,0.134721,0.13796,0.12972,0.131441,0.13396,0.131321,0.13308,0.13256,0.132081,0.13156,0.13148,0.130401,0.13156,0.1958,0.13408,0.134641,0.13072,0.138441,0.13096,0.13196]",0.06855999678373337,0.1626809984445572,0.07226584002375602,0.06932000070810318,0.013840515757958548,50,3,"[0.08668,0.06952,0.0696,0.06964,0.06876,0.06908,0.06924,0.0696,0.069601,0.06908,0.06916,0.06932,0.06892,0.069041,0.06924,0.06876,0.06892,0.07204,0.068961,0.06936,0.07,0.070401,0.06904,0.0694,0.079761,0.10316,0.06896,0.06972,0.0714,0.06944,0.069441,0.06932,0.06952,0.06976,0.06932,0.068801,0.06904,0.06908,0.06856,0.07228,0.069441,0.06888,0.06872,0.069161,0.06884,0.07196,0.162681,0.070081,0.06932,0.069,0.07204,0.0688,0.069241]",0.03751999884843826,0.10384000092744827,0.04823294036090374,0.04584000073373318,0.011489967983754235,50,3,"[0.154281,0.065521,0.04232,0.06572,0.05524,0.04868,0.04492,0.0498,0.04372,0.04836,0.038801,0.04244,0.04056,0.0384,0.04448,0.037681,0.04416,0.03752,0.04188,0.03788,0.04768,0.03796,0.04672,0.038961,0.10384,0.065641,0.05312,0.05052,0.05232,0.04628,0.04492,0.04368,0.048281,0.04328,0.04236,0.04192,0.05104,0.044601,0.04732,0.03836,0.0454,0.03808,0.03824,0.0472,0.03816,0.074641,0.06976,0.05724,0.05428,0.04796,0.05008,0.04676,0.0548]",0.012559999711811543,0.03359999880194664,0.0136192399635911,0.012799999676644802,0.003280022172270159,50.0,3.0,"[0.01448,0.01292,0.01288,0.0128,0.01276,0.0128,0.01292,0.012721,0.013,0.01276,0.01284,0.01284,0.01316,0.01268,0.0126,0.01288,0.0126,0.01276,0.0128,0.0126,0.013001,0.01272,0.01284,0.01396,0.02364,0.0128,0.01492,0.01384,0.01616,0.013,0.01276,0.01268,0.01284,0.01264,0.01276,0.01256,0.01268,0.013,0.01264,0.01284,0.01272,0.0128,0.01272,0.0132,0.01272,0.0336,0.01276,0.01276,0.01416,0.01284,0.01348,0.01268,0.01272]",32,4,2048,768,151936,True,True,False,1966,3,50,1,2048,768,generic,generic,,,CUDA_EVENT,BF16,none
0.007960000075399876,0.05107999965548515,0.015686430037021637,0.0142000000923872,0.006267989859031158,100.0,6.0,"[0.028841,0.01612,0.01768,0.0124,0.01948,0.01008,0.02552,0.03036,0.01864,0.01416,0.01624,0.012241,0.017,0.01288,0.01576,0.01136,0.01672,0.0124,0.01604,0.01308,0.01568,0.01252,0.01816,0.00796,0.01672,0.01424,0.01396,0.01184,0.0174,0.01116,0.0154,0.015,0.01696,0.01256,0.01576,0.0128,0.01404,0.0122,0.01648,0.0106,0.01496,0.01168,0.01424,0.01092,0.01604,0.00996,0.01548,0.01268,0.01348,0.01056,0.04468,0.02372,0.01996,0.01296,0.01724,0.013,0.01736,0.01348,0.01588,0.01288,0.01704,0.0132,0.01592,0.012961,0.01504,0.01352,0.0164,0.01392,0.0126,0.0118,0.01764,0.00804,0.01584,0.0142,0.01728,0.01364,0.01344,0.01264,0.01468,0.0122,0.01844,0.0106,0.01584,0.01196,0.0142,0.01192,0.01704,0.011961,0.01488,0.01236,0.00892,0.0108,0.03372,0.02332,0.05108,0.03292,0.01924,0.01284,0.01736,0.01348,0.0168,0.01324,0.0168,0.01328,0.01604,0.0126]",0.017319999635219574,0.05084099993109703,0.021835239976644515,0.02027999982237816,0.005882810454871749,50.0,3.0,"[0.02708,0.022,0.02032,0.02952,0.02108,0.0214,0.02036,0.02064,0.01968,0.02092,0.01972,0.0194,0.01972,0.01972,0.02048,0.01732,0.02088,0.02072,0.01952,0.02052,0.0192,0.02084,0.01968,0.02088,0.01964,0.050841,0.023081,0.0198,0.02004,0.02016,0.02112,0.02112,0.02124,0.01996,0.01984,0.01956,0.0198,0.02092,0.021,0.021,0.02068,0.01976,0.0196,0.02004,0.0196,0.019,0.03604,0.04372,0.01996,0.02088,0.02,0.02096,0.0202]",0.13155999779701233,0.21500100195407867,0.14154121965169908,0.1358404979109764,0.019907448426943936,50,3,"[0.26756,0.141241,0.13696,0.207281,0.138881,0.13724,0.13684,0.136241,0.13616,0.1366,0.135001,0.13404,0.13464,0.133161,0.13768,0.137681,0.137081,0.13596,0.135961,0.134001,0.1326,0.13352,0.132641,0.13432,0.13784,0.21444,0.14108,0.1378,0.134321,0.13452,0.133801,0.13568,0.13652,0.137561,0.13488,0.13156,0.135361,0.13396,0.1352,0.135721,0.13296,0.13348,0.135121,0.13396,0.13456,0.132161,0.215001,0.196,0.144921,0.137,0.137401,0.1368,0.139921]",0.06480000168085098,0.24608099460601807,0.07402186006307603,0.06548000127077103,0.03397447859524906,50,3,"[0.09172,0.06688,0.06904,0.10488,0.06612,0.0654,0.066641,0.06592,0.06568,0.065161,0.06576,0.06612,0.065401,0.06612,0.06552,0.0656,0.06528,0.06536,0.06516,0.06532,0.06544,0.065001,0.06528,0.06516,0.084321,0.228321,0.0656,0.065081,0.06524,0.06512,0.0656,0.0682,0.065521,0.06508,0.06528,0.065441,0.06836,0.0648,0.06548,0.06548,0.0652,0.065601,0.06628,0.06528,0.065641,0.0684,0.246081,0.08252,0.06544,0.065361,0.06508,0.06544,0.06552]",0.038040000945329666,0.11819999665021896,0.053886519744992256,0.047039998695254326,0.018851404907361206,50,3,"[0.1572,0.05928,0.039401,0.073601,0.05988,0.0576,0.04684,0.05968,0.047,0.0468,0.0388,0.04184,0.047,0.04536,0.047281,0.04932,0.04588,0.038241,0.04196,0.03852,0.050921,0.03804,0.04288,0.03884,0.1182,0.11364,0.06848,0.05828,0.0654,0.05264,0.04812,0.04376,0.04932,0.0424,0.03836,0.04572,0.04708,0.049361,0.03808,0.04184,0.03884,0.04352,0.03816,0.04432,0.04192,0.0838,0.11532,0.07208,0.0624,0.06536,0.06008,0.062881,0.04868]",0.012839999981224537,0.03720000013709068,0.014835279937833547,0.013159999623894691,0.005449514555281438,50.0,3.0,"[0.01336,0.01336,0.01324,0.01328,0.01332,0.01336,0.0132,0.01316,0.0134,0.01308,0.01324,0.014241,0.01316,0.01316,0.01604,0.01296,0.01304,0.01312,0.01316,0.01308,0.0132,0.01292,0.01288,0.0132,0.03716,0.02816,0.013041,0.0138,0.01384,0.01284,0.01316,0.01308,0.01304,0.01428,0.012921,0.0132,0.01296,0.01328,0.01292,0.01316,0.013081,0.01324,0.01324,0.01296,0.01316,0.02844,0.0372,0.01312,0.01308,0.01288,0.01344,0.01372,0.01316]",32,4,2048,768,151936,True,True,False,1972,3,50,1,2048,768,generic,generic,,,CUDA_EVENT,BF16,none
0.006920000072568655,0.033681001514196396,0.014413260081782937,0.013779999688267708,0.004353882496971002,100.0,6.0,"[0.02972,0.0104,0.01992,0.01232,0.02228,0.01168,0.02676,0.01972,0.017401,0.0122,0.01772,0.0102,0.01712,0.01144,0.01864,0.00964,0.02212,0.01188,0.01052,0.01172,0.01588,0.01124,0.0148,0.01156,0.01568,0.01096,0.01584,0.01144,0.01852,0.011001,0.01624,0.01084,0.0182,0.00984,0.01616,0.01096,0.01376,0.00876,0.01824,0.00776,0.0172,0.00932,0.0144,0.01228,0.01004,0.01084,0.01832,0.00812,0.0152,0.01016,0.03128,0.01844,0.01756,0.01188,0.01724,0.01208,0.01796,0.01252,0.016121,0.01356,0.01732,0.01224,0.01596,0.01196,0.01512,0.01292,0.017,0.01172,0.01696,0.010041,0.01644,0.01016,0.01868,0.00928,0.01516,0.01176,0.01536,0.01176,0.01588,0.0112,0.01484,0.01124,0.01444,0.01132,0.01504,0.01192,0.0138,0.01152,0.01564,0.01172,0.01644,0.01012,0.033681,0.01964,0.01908,0.01248,0.01936,0.01104,0.01592,0.01252,0.02088,0.00692,0.01592,0.012721,0.01528,0.01164]",0.01744000054895878,0.028880000114440918,0.020521640069782732,0.01988000050187111,0.002223292623782882,50.0,3.0,"[0.02484,0.02184,0.02012,0.02852,0.02108,0.01908,0.02096,0.02184,0.01992,0.01744,0.01944,0.02076,0.01964,0.01964,0.02072,0.01972,0.01744,0.02024,0.02084,0.01952,0.01916,0.01968,0.01972,0.02052,0.01988,0.025801,0.02088,0.02072,0.01972,0.01956,0.02084,0.01968,0.01808,0.02092,0.01956,0.01976,0.01952,0.01996,0.02016,0.0202,0.01936,0.0194,0.01968,0.01984,0.0194,0.019881,0.02888,0.01988,0.01964,0.02056,0.02248,0.01988,0.02608]",0.12875999510288239,0.20360000431537628,0.13857880026102065,0.13514049351215363,0.013303013918797877,50,3,"[0.278361,0.1428,0.139441,0.156641,0.14016,0.137041,0.1398,0.14012,0.137681,0.13408,0.142801,0.1358,0.1346,0.135081,0.13792,0.13764,0.133961,0.13464,0.13504,0.133961,0.13232,0.13872,0.132081,0.13344,0.13616,0.2036,0.136441,0.1352,0.133801,0.13492,0.13368,0.136081,0.1368,0.135841,0.13436,0.13696,0.134121,0.13376,0.134721,0.133441,0.13444,0.132641,0.135961,0.1344,0.133361,0.13316,0.19788,0.13652,0.135681,0.1382,0.131561,0.14296,0.12876]",0.06499999761581421,0.18716099858283997,0.06899537965655327,0.06590000167489052,0.017182574030075146,50,3,"[0.08248,0.066561,0.06888,0.06616,0.06632,0.06652,0.06664,0.065561,0.06656,0.06592,0.06608,0.06556,0.06644,0.06652,0.06572,0.065601,0.0654,0.06624,0.065681,0.06532,0.066,0.066081,0.06572,0.06576,0.08148,0.08232,0.065,0.06592,0.06512,0.06552,0.065641,0.06588,0.06616,0.06508,0.066,0.065801,0.0682,0.06584,0.06508,0.06572,0.06512,0.06612,0.06536,0.0652,0.0654,0.06796,0.187161,0.068241,0.06604,0.06512,0.06628,0.06596,0.065241]",0.03832000121474266,0.10419999808073044,0.04689620040357113,0.0426000002771616,0.013686615624906867,50,3,"[0.155841,0.05624,0.04376,0.06676,0.050881,0.04864,0.04276,0.03984,0.04264,0.038521,0.03924,0.03872,0.044721,0.04004,0.03892,0.04168,0.03888,0.041,0.03844,0.03884,0.038561,0.039,0.03864,0.043961,0.1042,0.06756,0.06648,0.050681,0.04712,0.04388,0.04484,0.03884,0.04256,0.04472,0.03864,0.03888,0.03868,0.044681,0.03888,0.04276,0.038881,0.0384,0.03872,0.038681,0.03832,0.09584,0.07176,0.053,0.0452,0.052081,0.04316,0.04756,0.05912]",0.012919999659061432,0.027319999411702156,0.013931239880621433,0.013319999910891056,0.0025894815280454423,50.0,3.0,"[0.0134,0.01352,0.0132,0.01356,0.01568,0.01356,0.01328,0.0132,0.0134,0.01312,0.01344,0.01332,0.01328,0.01332,0.01328,0.01344,0.01308,0.01304,0.01336,0.01304,0.0134,0.01308,0.0134,0.01328,0.02504,0.01324,0.01296,0.01396,0.01292,0.013041,0.01384,0.0168,0.0134,0.01296,0.01336,0.0132,0.01312,0.01332,0.01304,0.01328,0.01416,0.01348,0.01356,0.0132,0.01332,0.02732,0.0134,0.0132,0.01336,0.01292,0.01328,0.013321,0.013]",32,4,2048,768,151936,True,True,False,1970,3,50,1,2048,768,generic,generic,,,CUDA_EVENT,BF16,none
0.007799999788403511,0.037039998918771744,0.01580765001475811,0.01500000013038516,0.004869367186310092,100.0,6.0,"[0.02876,0.01776,0.01832,0.0112,0.01748,0.0116,0.02272,0.02332,0.0186,0.014001,0.01744,0.0194,0.00908,0.01348,0.01508,0.01236,0.01672,0.01232,0.014,0.01252,0.015641,0.01236,0.0146,0.01204,0.01504,0.0124,0.01396,0.012241,0.01496,0.01268,0.01808,0.01256,0.015721,0.01224,0.01928,0.01336,0.01704,0.012,0.01472,0.01224,0.01696,0.01732,0.01956,0.0106,0.01756,0.00988,0.01608,0.01176,0.01784,0.00796,0.02984,0.02344,0.02912,0.02108,0.01832,0.01336,0.01704,0.01284,0.01924,0.01264,0.0166,0.01284,0.01708,0.01212,0.01596,0.01212,0.01608,0.01372,0.01656,0.01348,0.01472,0.01084,0.01788,0.01048,0.01556,0.01052,0.0164,0.01372,0.01668,0.01112,0.01912,0.00952,0.01496,0.012,0.01588,0.01752,0.01552,0.01152,0.01808,0.0078,0.01708,0.01152,0.03704,0.029201,0.03168,0.02488,0.01932,0.01348,0.01644,0.0138,0.01668,0.01404,0.01696,0.01408,0.01708,0.01444]",0.013919999822974205,0.029360000044107437,0.02047923993319273,0.020060000009834766,0.002542443421867321,50.0,3.0,"[0.02692,0.021,0.02016,0.02476,0.0218,0.02012,0.01856,0.02028,0.0166,0.01964,0.01992,0.02008,0.01948,0.01704,0.01976,0.01972,0.01932,0.02096,0.021,0.02004,0.02088,0.02016,0.01908,0.01956,0.01928,0.02936,0.02236,0.02152,0.019841,0.02072,0.02072,0.01988,0.02048,0.02116,0.02064,0.02076,0.01924,0.02016,0.01852,0.02,0.0192,0.01944,0.01392,0.02048,0.02,0.01924,0.02924,0.02732,0.020801,0.02084,0.01996,0.01992,0.0202]",0.13076099753379822,0.22176000475883484,0.1417291593551636,0.13514000177383423,0.02027027236197329,50,3,"[0.273881,0.14092,0.137281,0.22176,0.13792,0.13856,0.136601,0.14332,0.13208,0.132561,0.1336,0.13372,0.138281,0.13408,0.16384,0.135441,0.13272,0.1346,0.133081,0.13496,0.1342,0.133281,0.132641,0.13484,0.139601,0.19804,0.14416,0.136281,0.1372,0.13464,0.135961,0.13892,0.13788,0.138081,0.135,0.133681,0.134521,0.13436,0.132161,0.13348,0.13204,0.1368,0.133081,0.13268,0.13452,0.130761,0.19684,0.2144,0.13764,0.13528,0.135721,0.13536,0.135281]",0.06604000180959702,0.20360100269317627,0.074322659522295,0.06686050072312355,0.025771693297940955,50,3,"[0.08192,0.0672,0.0678,0.091081,0.06872,0.066561,0.06712,0.0662,0.066841,0.06664,0.06812,0.067241,0.06692,0.0672,0.070281,0.0664,0.06636,0.069881,0.06708,0.06652,0.066761,0.06672,0.06636,0.06624,0.11436,0.183721,0.06704,0.06624,0.06968,0.066361,0.06624,0.06668,0.06676,0.06692,0.06668,0.0664,0.06672,0.06736,0.06692,0.06956,0.0662,0.06668,0.06728,0.06604,0.066801,0.06916,0.203601,0.092241,0.06908,0.066321,0.0766,0.06688,0.06636]",0.03776000067591667,0.11964000016450882,0.0518240999430418,0.046680498868227005,0.017943245335032356,50,3,"[0.153201,0.0654,0.0438,0.07196,0.0608,0.04196,0.04228,0.050481,0.03812,0.04748,0.03828,0.04604,0.03776,0.03848,0.04224,0.04136,0.04356,0.03844,0.03832,0.04156,0.03812,0.0384,0.04856,0.041281,0.10312,0.11964,0.0668,0.06024,0.06048,0.05784,0.05836,0.047321,0.051,0.04936,0.03824,0.03896,0.04236,0.04844,0.03792,0.04104,0.037761,0.03792,0.03796,0.05828,0.03804,0.08928,0.09864,0.06908,0.058,0.0622,0.04784,0.059401,0.0502]",0.012880000285804272,0.03680000081658363,0.014619199950248003,0.013079999946057796,0.00526218967852028,50.0,3.0,"[0.01336,0.0132,0.01336,0.01308,0.01312,0.0132,0.01316,0.01328,0.01296,0.013,0.01308,0.013,0.0132,0.01312,0.01308,0.01312,0.0134,0.01304,0.01304,0.0132,0.0132,0.01304,0.01304,0.01296,0.02736,0.02856,0.01324,0.01308,0.01324,0.0132,0.01312,0.01312,0.01304,0.01308,0.01292,0.01308,0.01304,0.01492,0.01292,0.01308,0.013,0.01292,0.01304,0.013,0.01296,0.03528,0.0368,0.01288,0.01292,0.01288,0.01304,0.01292,0.013]",32,4,2048,768,151936,True,True,False,1964,3,50,1,2048,768,generic,generic,,,CUDA_EVENT,BF16,none
0.006920999847352505,0.03123999945819378,0.01421649994328618,0.01408049976453185,0.0037502509741608107,100.0,6.0,"[0.0278,0.01616,0.01672,0.011361,0.01892,0.0082,0.02432,0.02116,0.01716,0.01196,0.0152,0.011801,0.01448,0.0116,0.01488,0.01084,0.01528,0.01148,0.01872,0.00964,0.01404,0.01152,0.017201,0.01096,0.01612,0.0112,0.0164,0.011,0.01528,0.006921,0.01472,0.011,0.017,0.0102,0.013721,0.011,0.01596,0.01124,0.01416,0.01008,0.01588,0.010681,0.0168,0.0106,0.01432,0.01108,0.0144,0.01168,0.01836,0.01116,0.02592,0.01768,0.01708,0.01516,0.01632,0.01144,0.01632,0.01084,0.01632,0.01176,0.01548,0.011841,0.01728,0.01136,0.01744,0.01084,0.0138,0.01216,0.01812,0.00792,0.01468,0.01044,0.017361,0.0106,0.0188,0.01112,0.01644,0.01212,0.014121,0.00916,0.01688,0.01012,0.01672,0.01156,0.014921,0.01216,0.01348,0.0116,0.01488,0.01104,0.0144,0.0114,0.03124,0.02004,0.0184,0.01316,0.01608,0.01184,0.016961,0.0122,0.01876,0.01196,0.01912,0.01132,0.01656,0.01172]",0.014240000396966934,0.03123999945819378,0.02018882006406784,0.01986000034958124,0.0022430085560205676,50.0,3.0,"[0.0268,0.02144,0.02108,0.02248,0.02144,0.02008,0.01956,0.01996,0.02,0.01988,0.02076,0.01944,0.0236,0.01964,0.01772,0.01972,0.01908,0.0192,0.01928,0.01984,0.0198,0.0196,0.01952,0.018121,0.01976,0.03124,0.01796,0.01988,0.02164,0.01936,0.01988,0.02052,0.02004,0.0208,0.01992,0.02012,0.0208,0.01952,0.02056,0.01932,0.01988,0.01948,0.0192,0.01952,0.01956,0.01996,0.02692,0.01968,0.01972,0.02072,0.02,0.01424,0.02052]",0.12931999564170837,0.22380000352859497,0.1391083398461342,0.13459999859333038,0.015792233734074523,50,3,"[0.258161,0.14244,0.13612,0.18092,0.136481,0.13684,0.1342,0.134801,0.13508,0.1348,0.133801,0.1344,0.12932,0.136961,0.16244,0.14464,0.133361,0.13372,0.13592,0.134881,0.13272,0.13212,0.133801,0.1376,0.13956,0.182481,0.13664,0.142361,0.13456,0.133841,0.13332,0.13428,0.138241,0.1362,0.13464,0.134321,0.13516,0.13428,0.134921,0.1348,0.13732,0.133121,0.13228,0.13268,0.131001,0.13212,0.2238,0.13492,0.134241,0.13412,0.134,0.133081,0.13432]",0.06456100195646286,0.15848100185394287,0.06934587970376015,0.06596050038933754,0.014424314164461214,50,3,"[0.07716,0.06672,0.065801,0.06908,0.06596,0.06716,0.065961,0.06836,0.06548,0.066201,0.06592,0.06596,0.065401,0.066,0.06612,0.064561,0.06556,0.06888,0.066121,0.06608,0.0716,0.066281,0.065,0.0654,0.06892,0.11352,0.065841,0.0656,0.0686,0.0656,0.06764,0.065761,0.066,0.06592,0.068481,0.0664,0.06496,0.065921,0.06516,0.06892,0.065561,0.0654,0.06644,0.065561,0.06536,0.07296,0.158481,0.06572,0.06528,0.06604,0.068441,0.06596,0.06576]",0.03771999850869179,0.12744000554084778,0.04644244015216827,0.039420001208782196,0.015752565463056114,50,3,"[0.151001,0.053,0.05532,0.065801,0.06136,0.03948,0.04812,0.03932,0.039,0.03916,0.03904,0.03868,0.03772,0.0386,0.0434,0.0392,0.03856,0.03876,0.04044,0.04344,0.03888,0.0384,0.03876,0.03856,0.12744,0.06968,0.05048,0.0534,0.04208,0.05148,0.03896,0.0466,0.03936,0.05292,0.03904,0.03888,0.03864,0.03872,0.03864,0.03864,0.03844,0.03832,0.04292,0.03828,0.04184,0.05636,0.09864,0.05516,0.0464,0.04532,0.04128,0.04548,0.044041]",0.012799999676644802,0.03384099900722504,0.0140209199488163,0.013140499591827393,0.0036347618038092286,50.0,3.0,"[0.0134,0.013201,0.01352,0.01408,0.01332,0.01304,0.01312,0.01452,0.013,0.01328,0.01308,0.01324,0.0132,0.01296,0.013121,0.01288,0.01356,0.01304,0.01308,0.01332,0.01304,0.01324,0.01304,0.0132,0.0292,0.012921,0.01412,0.01408,0.01336,0.01284,0.01324,0.01284,0.01492,0.013121,0.013,0.01324,0.01488,0.01316,0.01308,0.012921,0.01304,0.013,0.0132,0.013,0.01324,0.033841,0.013,0.01324,0.01416,0.013161,0.01304,0.01304,0.0128]",32,4,2048,768,151936,True,True,False,1962,3,50,1,2048,768,generic,generic,,,CUDA_EVENT,BF16,none
,,,,,,,,,,,,,,,,0.09967999905347824,0.23388099670410156,0.10885310038924217,0.10395999997854233,0.02030632058923299,50,3,"[171.642593,0.161,0.11568,0.13008,0.107,0.10772,0.10256,0.104921,0.105561,0.1058,0.10268,0.102521,0.10172,0.10076,0.10504,0.108161,0.10536,0.10008,0.103361,0.112161,0.113361,0.10548,0.1024,0.1162,0.10228,0.109481,0.10728,0.10232,0.10724,0.10164,0.103321,0.10292,0.09968,0.10204,0.100401,0.10064,0.233881,0.1066,0.10268,0.104,0.102361,0.103,0.10888,0.10392,0.103081,0.1062,0.10588,0.1054,0.100401,0.1056,0.10112,0.10292,0.164561]",0.08636000007390976,0.20580099523067474,0.10025792017579079,0.09546050056815147,0.02037947699003751,50,3,"[13.5455,0.1332,0.09976,0.108761,0.101441,0.095281,0.08636,0.09764,0.09344,0.094401,0.09072,0.0868,0.094201,0.09348,0.0924,0.092,0.088281,0.09664,0.09,0.17688,0.10468,0.101441,0.10256,0.09772,0.09908,0.10032,0.096081,0.099081,0.09564,0.0946,0.09584,0.092201,0.09324,0.09168,0.09096,0.091961,0.140481,0.10608,0.09972,0.097,0.09864,0.093281,0.09852,0.09472,0.0958,0.093961,0.100921,0.09776,0.09136,0.09224,0.0926,0.0882,0.205801]",0.04831999912858009,0.10204099863767624,0.05251375965774059,0.050359999760985374,0.009721331121854726,50,3,"[0.402201,0.05636,0.053,0.05456,0.053,0.051,0.052081,0.05016,0.05044,0.0504,0.049561,0.0494,0.05,0.04968,0.05172,0.04908,0.04884,0.048641,0.0484,0.102041,0.0506,0.04984,0.0504,0.051641,0.0508,0.05328,0.05012,0.05032,0.05024,0.05292,0.05064,0.04896,0.049121,0.05176,0.0516,0.04968,0.05456,0.0522,0.049321,0.04928,0.05048,0.05024,0.05268,0.05292,0.04928,0.05108,0.05048,0.049721,0.04876,0.04972,0.04876,0.04832,0.09696]",,,,,,,,,32,4,2048,768,151936,True,True,False,1983,3,50,2,2048,768,generic,generic,,,CUDA_EVENT,BF16,none
,,,,,,,,,,,,,,,,0.09796100109815598,0.19456100463867188,0.10509954065084458,0.10030049830675125,0.01783974457125833,50,3,"[0.253601,0.113081,0.10288,0.11732,0.10388,0.10408,0.10524,0.099881,0.10096,0.10012,0.099721,0.09872,0.10144,0.099361,0.10252,0.10232,0.09928,0.099121,0.099,0.10988,0.11748,0.103601,0.100161,0.10508,0.10108,0.10072,0.104841,0.10072,0.1,0.097961,0.09932,0.09892,0.098881,0.10008,0.09928,0.100241,0.194561,0.105401,0.10084,0.099,0.10056,0.100961,0.10056,0.10036,0.09824,0.098161,0.098,0.0986,0.105881,0.09828,0.09948,0.099241,0.185641]",0.08107999712228775,0.1982399970293045,0.09635152012109756,0.09182049706578255,0.021129545761009574,50,3,"[0.11476,0.10188,0.091841,0.106881,0.101281,0.0928,0.0884,0.09232,0.088161,0.08524,0.08632,0.092841,0.08884,0.088,0.09204,0.091601,0.09252,0.08808,0.091961,0.169601,0.10052,0.1022,0.09504,0.090081,0.08884,0.09168,0.09612,0.092361,0.08928,0.08448,0.085081,0.08108,0.08688,0.092201,0.08428,0.0944,0.15904,0.09912,0.095801,0.095081,0.09368,0.10176,0.094921,0.09492,0.09052,0.08592,0.085881,0.08532,0.08408,0.089761,0.08932,0.0828,0.19824]",0.04715999960899353,0.09731999784708023,0.0509809198230505,0.04904000088572502,0.00776876968128168,50,3,"[0.133321,0.0524,0.05052,0.052,0.05232,0.049841,0.05048,0.05004,0.0488,0.05124,0.04856,0.04904,0.048441,0.04992,0.049,0.04876,0.0518,0.04848,0.05112,0.07644,0.050001,0.04844,0.04804,0.04872,0.048601,0.04976,0.05064,0.0492,0.049361,0.04716,0.04796,0.04744,0.04848,0.04904,0.047921,0.04976,0.05464,0.05084,0.04852,0.0524,0.04792,0.05164,0.04828,0.04884,0.04844,0.04764,0.0514,0.0478,0.0506,0.0486,0.04904,0.04832,0.09732]",,,,,,,,,32,4,2048,768,151936,True,True,False,1975,3,50,2,2048,768,generic,generic,,,CUDA_EVENT,BF16,none
,,,,,,,,,,,,,,,,0.09860000014305115,0.2321999967098236,0.10790027976036072,0.1023004986345768,0.021082366147550845,50,3,"[168.642731,0.15232,0.11196,0.11992,0.10844,0.10212,0.102401,0.10408,0.1004,0.102041,0.10024,0.10112,0.1024,0.10084,0.101241,0.0986,0.10188,0.09936,0.10256,0.131361,0.113041,0.1008,0.10104,0.109881,0.10276,0.1134,0.10372,0.101401,0.10044,0.102841,0.10672,0.09972,0.099761,0.1,0.105121,0.09912,0.2322,0.10388,0.10572,0.106881,0.1018,0.10148,0.10228,0.10436,0.10672,0.10448,0.10684,0.102321,0.1002,0.100561,0.10092,0.101,0.174601]",0.08235999941825867,0.19528000056743622,0.09589384064078331,0.09032050147652626,0.02184572082227605,50,3,"[13.168788,0.118521,0.096761,0.11292,0.099081,0.08904,0.08252,0.091601,0.08392,0.0894,0.0894,0.08388,0.089961,0.08488,0.08756,0.0832,0.08464,0.094121,0.08236,0.18124,0.1026,0.092241,0.09976,0.1224,0.093801,0.09416,0.093,0.093,0.08624,0.08752,0.093561,0.08416,0.08844,0.08256,0.08392,0.090921,0.147761,0.10356,0.09396,0.09244,0.09068,0.08876,0.094681,0.09304,0.09276,0.084961,0.0918,0.0864,0.08552,0.08364,0.089081,0.08236,0.19528]",0.04839999973773956,0.10903999954462051,0.052476140037178994,0.05000000074505806,0.009973868481961821,50,3,"[0.312161,0.05624,0.05472,0.05432,0.05276,0.050601,0.04964,0.0514,0.0554,0.04996,0.05172,0.04932,0.05052,0.049081,0.0502,0.05164,0.04908,0.05024,0.0492,0.090081,0.052,0.04924,0.0494,0.05784,0.04924,0.0484,0.0498,0.05044,0.050201,0.04916,0.05064,0.0504,0.05,0.048521,0.04884,0.0492,0.05556,0.051841,0.04928,0.04892,0.04968,0.0494,0.05096,0.05064,0.04972,0.05,0.04992,0.04924,0.050001,0.05256,0.04964,0.04892,0.10904]",,,,,,,,,32,4,2048,768,151936,True,True,False,1978,3,50,2,2048,768,generic,generic,,,CUDA_EVENT,BF16,none
,,,,,,,,,,,,,,,,0.09459999948740005,0.19808100163936615,0.10520436003804207,0.09989999979734421,0.018891940130566443,50,3,"[0.230881,0.1072,0.10812,0.11664,0.1028,0.103801,0.10068,0.09984,0.099521,0.1002,0.0984,0.097321,0.099,0.09944,0.126361,0.101001,0.10092,0.09964,0.098121,0.12,0.1156,0.09976,0.100321,0.100241,0.0946,0.10016,0.100401,0.09948,0.09792,0.098241,0.09768,0.10196,0.09816,0.09896,0.09828,0.09936,0.198081,0.104041,0.101601,0.10368,0.10004,0.101561,0.09904,0.09904,0.09832,0.099161,0.10568,0.09836,0.099601,0.09996,0.10024,0.098721,0.188281]",0.08299999684095383,0.19555999338626862,0.09482505977153778,0.08983999863266945,0.019726570431859783,50,3,"[0.11252,0.10244,0.0954,0.10156,0.09628,0.0924,0.088561,0.09048,0.08444,0.085201,0.08512,0.083,0.084281,0.08548,0.0948,0.08652,0.088401,0.0858,0.08756,0.166401,0.097761,0.09292,0.09832,0.0898,0.08848,0.09384,0.0866,0.090681,0.08788,0.09656,0.086081,0.09176,0.08512,0.087201,0.08788,0.08988,0.14116,0.10112,0.09556,0.095121,0.0934,0.0954,0.091201,0.09248,0.09368,0.08856,0.090281,0.0862,0.08528,0.085321,0.08916,0.08472,0.19556]",0.047359999269247055,0.09008000046014786,0.050686580166220664,0.048560500144958496,0.007453116783353703,50,3,"[0.1366,0.05172,0.051001,0.050961,0.0494,0.05308,0.04928,0.049961,0.04792,0.04736,0.048561,0.0476,0.05484,0.047961,0.04964,0.04744,0.04836,0.0482,0.04752,0.09008,0.04968,0.047401,0.05076,0.04784,0.04904,0.04864,0.04768,0.04844,0.048441,0.05036,0.04844,0.049561,0.04828,0.048,0.047641,0.0484,0.05372,0.05044,0.04816,0.04832,0.04892,0.04856,0.04872,0.04844,0.05204,0.0496,0.04908,0.04856,0.04904,0.04832,0.048041,0.05604,0.08156]",,,,,,,,,32,4,2048,768,151936,True,True,False,1967,3,50,2,2048,768,generic,generic,,,CUDA_EVENT,BF16,none
,,,,,,,,,,,,,,,,0.09848099946975708,0.22791999578475952,0.1062050598859787,0.10110000148415565,0.021222498042228286,50,3,"[0.240081,0.11472,0.10176,0.11908,0.102841,0.1018,0.10328,0.103281,0.1014,0.09992,0.09956,0.09968,0.100321,0.10044,0.10188,0.105201,0.10108,0.10024,0.10052,0.11188,0.1098,0.104761,0.10092,0.10232,0.100841,0.10148,0.10012,0.101641,0.10068,0.09928,0.10064,0.09956,0.098481,0.09888,0.099841,0.09956,0.22792,0.10468,0.10136,0.101001,0.0998,0.10196,0.100961,0.10196,0.10152,0.10556,0.0998,0.101601,0.10276,0.10084,0.1008,0.10112,0.185401]",0.08043999969959259,0.19484099745750427,0.09283626019954681,0.08722000196576118,0.02229746635131496,50,3,"[0.10992,0.10112,0.08504,0.1016,0.09944,0.091041,0.0908,0.085,0.08664,0.08128,0.083321,0.08708,0.0866,0.09204,0.08216,0.08864,0.0846,0.08744,0.082081,0.192361,0.09908,0.09472,0.092521,0.0884,0.08972,0.085881,0.08916,0.08928,0.09088,0.08292,0.082321,0.08196,0.08272,0.08152,0.08564,0.080761,0.137241,0.0956,0.09364,0.08612,0.08736,0.09244,0.09088,0.09404,0.0862,0.088641,0.08156,0.0834,0.081041,0.0848,0.083961,0.08044,0.194841]",0.04772000014781952,0.10463999956846237,0.051898479908704755,0.0493599995970726,0.01027033892729959,50,3,"[0.13568,0.05248,0.04868,0.05204,0.05304,0.04992,0.04908,0.04932,0.04924,0.04868,0.04848,0.04984,0.04988,0.04776,0.0496,0.04992,0.0488,0.04944,0.05404,0.09812,0.049921,0.04864,0.0482,0.048481,0.04896,0.05128,0.05056,0.04936,0.05032,0.04832,0.04936,0.04888,0.049,0.049561,0.0486,0.0544,0.05496,0.05116,0.04772,0.04852,0.04844,0.055,0.04916,0.05156,0.0494,0.04936,0.0498,0.04876,0.04912,0.04928,0.049,0.048001,0.10464]",,,,,,,,,32,4,2048,768,151936,True,True,False,1970,3,50,2,2048,768,generic,generic,,,CUDA_EVENT,BF16,none
,,,,,,,,,,,,,,,,0.09759999811649323,0.2200399935245514,0.10601705998182297,0.10074049979448318,0.020469139605095443,50,3,"[0.232801,0.1152,0.10372,0.11692,0.105201,0.10392,0.09944,0.100361,0.10084,0.10028,0.0982,0.09952,0.099681,0.10112,0.12944,0.100561,0.09952,0.101121,0.09964,0.10892,0.11264,0.102201,0.10144,0.1004,0.100201,0.10052,0.10236,0.101721,0.10512,0.09912,0.10208,0.09864,0.099801,0.09988,0.09828,0.09948,0.22004,0.10388,0.10252,0.100721,0.1008,0.10076,0.101321,0.10324,0.10176,0.10064,0.09912,0.101001,0.09864,0.09956,0.0976,0.0982,0.182481]",0.08004000037908554,0.25224098563194275,0.09370587959885597,0.08592049777507782,0.029658622881011346,50,3,"[0.10844,0.101761,0.08868,0.10284,0.09872,0.086081,0.08568,0.08576,0.08312,0.08364,0.083881,0.08428,0.08088,0.0866,0.08924,0.08104,0.08196,0.08328,0.083201,0.196801,0.09684,0.09672,0.089361,0.09128,0.08612,0.088161,0.08872,0.08864,0.089561,0.08072,0.081601,0.083,0.082,0.08328,0.08132,0.085441,0.161001,0.09336,0.08892,0.08616,0.08924,0.08624,0.08924,0.10256,0.0866,0.084921,0.08236,0.08316,0.081601,0.08268,0.085201,0.08004,0.252241]",0.04816000163555145,0.10224000364542007,0.051710520088672635,0.04942000098526478,0.009350667793583387,50,3,"[0.133801,0.0514,0.04932,0.0522,0.05028,0.04872,0.05212,0.04916,0.04948,0.05356,0.04876,0.049801,0.04956,0.04944,0.04864,0.04896,0.049281,0.04876,0.0522,0.10224,0.051161,0.05016,0.0486,0.049601,0.04936,0.04916,0.04992,0.04964,0.05108,0.04912,0.04836,0.048881,0.0506,0.0482,0.04896,0.05,0.05604,0.0504,0.04928,0.0486,0.04868,0.0544,0.0488,0.05116,0.0494,0.04876,0.048761,0.04844,0.04816,0.04944,0.05024,0.04824,0.09076]",,,,,,,,,32,4,2048,768,151936,True,True,False,1962,3,50,2,2048,768,generic,generic,,,CUDA_EVENT,BF16,none
,,,,,,,,,,,,,,,,0.09480000287294388,0.21472099423408508,0.10683075964450836,0.10159999877214432,0.020363139134466926,50,3,"[169.166458,0.154,0.10724,0.118721,0.10928,0.10612,0.103441,0.1026,0.10164,0.101921,0.1008,0.103281,0.09992,0.10076,0.101241,0.0996,0.102281,0.09964,0.1018,0.10444,0.11528,0.10156,0.101281,0.113001,0.10144,0.1068,0.107601,0.10132,0.09964,0.09944,0.1012,0.098241,0.098,0.099841,0.1034,0.09972,0.214721,0.102601,0.10112,0.10408,0.099081,0.10608,0.09976,0.100681,0.10604,0.10116,0.107281,0.1028,0.0948,0.1022,0.09996,0.101001,0.192921]",0.07788000255823135,0.21908000111579895,0.09251785978674888,0.08607999980449677,0.02405660902331633,50,3,"[13.69811,0.116361,0.094281,0.1036,0.095001,0.07904,0.08288,0.089681,0.08008,0.08892,0.07828,0.07916,0.084481,0.08064,0.08592,0.0796,0.08072,0.084561,0.08576,0.176401,0.098761,0.08704,0.09428,0.10036,0.09472,0.0856,0.08668,0.08968,0.08072,0.081001,0.08712,0.07788,0.0846,0.11192,0.083481,0.08444,0.13776,0.09796,0.089361,0.09416,0.0838,0.090681,0.08716,0.08624,0.088521,0.08644,0.09496,0.083561,0.08164,0.081481,0.07984,0.08024,0.21908]",0.04896099865436554,0.1034810021519661,0.052970560044050215,0.05104000121355057,0.00869555157697821,50,3,"[0.329081,0.05716,0.053,0.05572,0.05396,0.0512,0.05132,0.05264,0.05164,0.05072,0.050641,0.05128,0.05372,0.0498,0.05152,0.050081,0.0508,0.0506,0.05064,0.08436,0.052,0.048961,0.0506,0.05088,0.05204,0.05104,0.05028,0.05284,0.05104,0.0502,0.05108,0.04972,0.04932,0.05104,0.04948,0.050921,0.054041,0.05232,0.05124,0.051721,0.05016,0.05492,0.052641,0.05136,0.0506,0.05096,0.0536,0.05052,0.04984,0.0504,0.04912,0.04952,0.103481]",,,,,,,,,32,4,2048,768,151936,True,True,False,1985,3,50,2,2048,768,generic,generic,,,CUDA_EVENT,BF16,none
,,,,,,,,,,,,,,,,0.09672000259160995,0.23892000317573547,0.1046290598809719,0.09942049905657768,0.022227257204852063,50,3,"[0.226,0.107561,0.10268,0.11548,0.10456,0.10152,0.1026,0.10288,0.100041,0.09912,0.09956,0.0988,0.0986,0.0986,0.09792,0.099481,0.098,0.097641,0.098,0.11176,0.114401,0.09896,0.09888,0.100001,0.0992,0.098601,0.0996,0.09936,0.100161,0.09896,0.100601,0.09772,0.101241,0.098,0.099681,0.09756,0.23892,0.1022,0.100481,0.09924,0.09844,0.100121,0.10128,0.0992,0.10028,0.09952,0.09672,0.097,0.09984,0.09828,0.098521,0.098,0.17592]",0.07795999944210052,0.18559999763965607,0.09034827947616578,0.08503999933600426,0.02103671522924412,50,3,"[0.108281,0.09688,0.091681,0.099041,0.09204,0.09172,0.086761,0.08788,0.08248,0.088561,0.08196,0.080801,0.07936,0.081041,0.08128,0.081,0.08044,0.0842,0.086681,0.1856,0.09552,0.094961,0.08768,0.08828,0.08464,0.0852,0.084041,0.08728,0.08948,0.08152,0.07884,0.08148,0.08304,0.07884,0.08148,0.081201,0.140921,0.09136,0.08992,0.087601,0.0952,0.08856,0.08524,0.08244,0.083761,0.081,0.081041,0.07796,0.0864,0.08488,0.08016,0.08588,0.180761]",0.04676000028848648,0.09787999838590622,0.052145780324935914,0.050301000475883484,0.009076587527286602,50,3,"[0.13748,0.05312,0.05248,0.0524,0.05148,0.05208,0.0512,0.051961,0.05064,0.04884,0.05048,0.05028,0.0498,0.04968,0.049601,0.0498,0.052441,0.04988,0.05152,0.09788,0.0518,0.04756,0.04876,0.0496,0.050321,0.0522,0.05048,0.05068,0.05084,0.048761,0.05048,0.049081,0.04676,0.04912,0.0504,0.05008,0.0546,0.050281,0.05144,0.04936,0.0498,0.05064,0.0502,0.0508,0.0494,0.04876,0.04884,0.05408,0.04944,0.050561,0.04892,0.049121,0.09416]",,,,,,,,,32,4,2048,768,151936,True,True,False,1977,3,50,2,2048,768,generic,generic,,,CUDA_EVENT,BF16,none
,,,,,,,,,,,,,,,,0.09856099635362625,0.21556100249290466,0.10681787997484207,0.10260000079870224,0.01757539642205248,50,3,"[168.537979,0.19684,0.10676,0.12032,0.10732,0.10324,0.10276,0.10424,0.101201,0.1056,0.10044,0.1024,0.09924,0.101081,0.1,0.101081,0.10432,0.098561,0.10472,0.10964,0.11096,0.102481,0.10108,0.10992,0.103201,0.11092,0.10576,0.100721,0.10016,0.103561,0.106,0.10256,0.09936,0.1004,0.099521,0.09976,0.215561,0.103281,0.10208,0.1024,0.099561,0.10264,0.10036,0.10576,0.10232,0.105041,0.11196,0.1036,0.1018,0.10408,0.101001,0.102,0.15492]",0.0756400004029274,0.19884100556373596,0.09260340005159379,0.08574000000953674,0.02471733839393455,50,3,"[13.271447,0.126121,0.097801,0.100441,0.09844,0.08452,0.08192,0.09116,0.07976,0.08636,0.07936,0.082761,0.0856,0.08176,0.0818,0.07968,0.084,0.08588,0.081201,0.19852,0.10176,0.08872,0.09732,0.09656,0.09144,0.089681,0.08592,0.08936,0.08268,0.0844,0.087521,0.07564,0.083401,0.08124,0.08464,0.0838,0.15888,0.1054,0.090641,0.0912,0.0826,0.0898,0.08632,0.08084,0.09436,0.085,0.090241,0.08096,0.079921,0.08476,0.0772,0.08596,0.198841]",0.048601001501083374,0.15027999877929688,0.05555372007191181,0.05178099870681763,0.016888404444569356,50,3,"[0.321161,0.05904,0.05924,0.05432,0.05436,0.05772,0.05084,0.056001,0.05072,0.05188,0.05072,0.05088,0.05076,0.05028,0.051721,0.0514,0.051,0.05104,0.05,0.15028,0.05368,0.05056,0.05172,0.05548,0.05116,0.05256,0.0528,0.0556,0.051841,0.05352,0.05252,0.05064,0.0516,0.05036,0.0502,0.050721,0.05652,0.05584,0.05316,0.0488,0.05076,0.05044,0.05216,0.05416,0.052081,0.05192,0.05368,0.0522,0.05104,0.053,0.05144,0.048601,0.123]",,,,,,,,,32,4,2048,768,151936,True,True,False,1984,3,50,2,2048,768,generic,generic,,,CUDA_EVENT,BF16,none
,,,,,,,,,,,,,,,,0.09740100055932999,0.2114810049533844,0.10636430010199546,0.10078049823641777,0.02129733323239368,50,3,"[166.183655,0.15152,0.10896,0.119761,0.1062,0.10128,0.10044,0.10308,0.10088,0.100321,0.10144,0.09956,0.100681,0.09832,0.0984,0.099401,0.09896,0.09956,0.099641,0.1122,0.10936,0.09888,0.10056,0.110441,0.1002,0.10516,0.10412,0.103841,0.10124,0.10064,0.106241,0.09888,0.10296,0.100881,0.09888,0.09764,0.206001,0.103681,0.10608,0.10128,0.10064,0.101281,0.10052,0.1044,0.100521,0.0988,0.1058,0.10236,0.09852,0.099,0.097401,0.1004,0.211481]",0.08160100132226944,0.21960000693798065,0.09534352019429207,0.0891604982316494,0.024405152662380306,50,3,"[12.908568,0.127401,0.100641,0.10532,0.095441,0.08312,0.08408,0.089841,0.08828,0.08604,0.081601,0.08268,0.08976,0.085521,0.08172,0.08668,0.090521,0.0982,0.08692,0.187721,0.099561,0.09144,0.0982,0.10556,0.086681,0.09428,0.08708,0.09268,0.089081,0.08708,0.093,0.082801,0.08844,0.08396,0.084361,0.08808,0.14796,0.09908,0.088561,0.09,0.09028,0.08924,0.092761,0.09008,0.08992,0.094161,0.09364,0.08668,0.083281,0.08476,0.08644,0.085001,0.2196]",0.049320999532938004,0.10376100242137909,0.05338979989290237,0.05144049972295761,0.009006725978140657,50,3,"[0.366001,0.05764,0.05688,0.05456,0.05324,0.051841,0.05112,0.05532,0.051601,0.0518,0.0498,0.049321,0.05144,0.05348,0.052441,0.05204,0.05152,0.050841,0.0498,0.0886,0.05184,0.049481,0.05072,0.0542,0.05252,0.05192,0.05068,0.05192,0.05416,0.05244,0.05044,0.04944,0.05056,0.05016,0.0512,0.05076,0.05464,0.05284,0.05016,0.04948,0.0504,0.0506,0.05212,0.054841,0.05044,0.0502,0.051441,0.05108,0.04996,0.051041,0.05524,0.05004,0.103761]",,,,,,,,,32,4,2048,768,151936,True,True,False,1981,3,50,2,2048,768,generic,generic,,,CUDA_EVENT,BF16,none
,,,,,,,,,,,,,,,,0.09616000205278397,0.22384099662303925,0.10533873990178108,0.09904050081968307,0.022799841473761955,50,3,"[0.23116,0.10492,0.09996,0.11984,0.10052,0.104881,0.10052,0.09744,0.09692,0.09912,0.102801,0.0986,0.102521,0.0992,0.128081,0.09712,0.09864,0.09808,0.0988,0.106401,0.115681,0.09964,0.10308,0.09928,0.09616,0.098761,0.1014,0.098601,0.09984,0.09828,0.09844,0.10076,0.097721,0.10252,0.097361,0.09932,0.223841,0.10336,0.10012,0.09852,0.098881,0.09856,0.098441,0.1046,0.09772,0.09936,0.0966,0.098961,0.09728,0.098121,0.0966,0.097681,0.201961]",0.07524000108242035,0.18539999425411224,0.08951381951570511,0.08298049867153168,0.023826586842367135,50,3,"[0.106561,0.0912,0.08324,0.097161,0.08928,0.07908,0.081121,0.083,0.086161,0.08128,0.08184,0.08036,0.08208,0.08072,0.08588,0.077801,0.0806,0.080801,0.08004,0.1854,0.10044,0.08992,0.08828,0.085961,0.08592,0.08408,0.08616,0.08312,0.082961,0.08604,0.080601,0.08148,0.07984,0.0828,0.07944,0.081,0.1776,0.09356,0.084721,0.08716,0.08292,0.08536,0.08464,0.086521,0.08328,0.083521,0.07976,0.081,0.07948,0.07924,0.07804,0.07524,0.183]",0.04868000000715256,0.1183210015296936,0.0522986401617527,0.049879999831318855,0.010688524702382577,50,3,"[0.13756,0.05364,0.05064,0.05244,0.050521,0.04992,0.05352,0.05008,0.0504,0.04984,0.05368,0.049681,0.05004,0.050201,0.05068,0.05,0.04952,0.04952,0.04928,0.084761,0.0522,0.04964,0.04992,0.04888,0.04868,0.0496,0.050481,0.04952,0.04964,0.05168,0.04952,0.05052,0.0494,0.049641,0.05,0.049401,0.056481,0.05048,0.04948,0.050441,0.04956,0.05084,0.04868,0.05172,0.04936,0.04936,0.04956,0.04908,0.049721,0.04904,0.051081,0.04892,0.118321]",,,,,,,,,32,4,2048,768,151936,True,True,False,1969,3,50,2,2048,768,generic,generic,,,CUDA_EVENT,BF16,none
,,,,,,,,,,,,,,,,0.09840100258588791,0.19840000569820404,0.10640988022089004,0.10186000168323517,0.01807443537847159,50,3,"[0.229801,0.10956,0.09824,0.119,0.103601,0.104,0.10096,0.102321,0.10212,0.10124,0.102281,0.09932,0.09864,0.101,0.10248,0.10328,0.102161,0.10032,0.10076,0.10676,0.12084,0.10224,0.10652,0.100721,0.10272,0.10196,0.106561,0.10072,0.10284,0.101201,0.0998,0.098401,0.10052,0.10172,0.099921,0.09984,0.1984,0.10472,0.10344,0.103841,0.10176,0.10164,0.101441,0.10172,0.10052,0.106281,0.10552,0.10172,0.103361,0.10084,0.101601,0.10016,0.18676]",0.07835999876260757,0.20332099497318268,0.09016425997018813,0.08446050062775612,0.021366942391740053,50,3,"[0.1106,0.096,0.08576,0.10208,0.08916,0.092321,0.08236,0.085,0.083281,0.0832,0.08472,0.08032,0.08276,0.083681,0.08316,0.08752,0.08216,0.0858,0.08188,0.172641,0.099241,0.08792,0.08912,0.08672,0.0882,0.08568,0.08264,0.099001,0.0806,0.08808,0.07872,0.08148,0.079681,0.07836,0.07956,0.08096,0.118681,0.09428,0.08868,0.0884,0.089321,0.08852,0.08432,0.084601,0.09004,0.0816,0.084001,0.08236,0.08008,0.08096,0.08148,0.079561,0.203321]",0.05048000067472458,0.09747999906539917,0.05363051988184452,0.05162050016224384,0.00751764650057237,50,3,"[0.1434,0.05496,0.05152,0.06,0.05208,0.05252,0.051561,0.05144,0.05048,0.051001,0.052,0.05092,0.05348,0.05312,0.05088,0.05148,0.05188,0.052041,0.05136,0.07912,0.05348,0.05112,0.0512,0.051,0.05268,0.05236,0.05136,0.053,0.05112,0.05064,0.051881,0.05104,0.0514,0.05156,0.05208,0.05064,0.05624,0.055441,0.05136,0.0514,0.05096,0.0508,0.05656,0.05208,0.05476,0.05208,0.05124,0.05244,0.05168,0.050961,0.05064,0.05348,0.09748]",,,,,,,,,32,4,2048,768,151936,True,True,False,1976,3,50,2,2048,768,generic,generic,,,CUDA_EVENT,BF16,none
,,,,,,,,,,,,,,,,0.09564000368118286,0.2287610024213791,0.10535144031047822,0.09882050007581711,0.023179228821664594,50,3,"[0.239401,0.10804,0.101961,0.119881,0.10216,0.10112,0.10424,0.09824,0.10348,0.09888,0.098281,0.09836,0.098081,0.09808,0.10152,0.09964,0.09916,0.1032,0.09808,0.134441,0.11592,0.09868,0.098721,0.09832,0.099,0.0988,0.09916,0.098841,0.09828,0.097801,0.09564,0.099161,0.0986,0.10224,0.0976,0.09728,0.228761,0.10116,0.10124,0.100801,0.09692,0.0996,0.09792,0.09852,0.098241,0.09728,0.099281,0.09724,0.11012,0.09672,0.0972,0.09776,0.19792]",0.07816100120544434,0.22536100447177887,0.08979394033551216,0.08317999914288521,0.025825068159863906,50,3,"[0.1106,0.09784,0.0858,0.10004,0.087201,0.08336,0.080241,0.081,0.083961,0.07932,0.07904,0.08188,0.07956,0.08132,0.0822,0.079961,0.08288,0.080121,0.07936,0.19152,0.096561,0.08512,0.0902,0.088121,0.08816,0.086801,0.0832,0.09252,0.08024,0.08524,0.0796,0.08328,0.081201,0.07896,0.080841,0.07856,0.13228,0.094161,0.08836,0.08564,0.084801,0.08992,0.083801,0.08524,0.0878,0.08212,0.08316,0.079361,0.0792,0.078681,0.08008,0.078161,0.225361]",0.04851999878883362,0.12076099961996078,0.052805759832262995,0.05030000023543835,0.011296300648158819,50,3,"[0.13736,0.0502,0.05156,0.05236,0.05436,0.05132,0.05152,0.0506,0.051,0.05052,0.0508,0.049761,0.04944,0.049761,0.05024,0.05336,0.05092,0.05036,0.04904,0.120761,0.05196,0.049081,0.04984,0.04972,0.05152,0.05184,0.04996,0.05104,0.049561,0.05016,0.049521,0.04956,0.04976,0.04952,0.04928,0.04928,0.05388,0.05296,0.050161,0.05044,0.04992,0.05044,0.04988,0.050481,0.05256,0.04984,0.0518,0.05012,0.05088,0.05024,0.04852,0.04956,0.09088]",,,,,,,,,32,4,2048,768,151936,True,True,False,1973,3,50,2,2048,768,generic,generic,,,CUDA_EVENT,BF16,none
,,,,,,,,,,,,,,,,0.09596099704504013,0.21911999583244324,0.10496738031506539,0.0989605002105236,0.020999874190754286,50,3,"[0.219041,0.11096,0.099761,0.116881,0.10136,0.1016,0.1018,0.09944,0.10044,0.09884,0.09816,0.0972,0.09756,0.09888,0.12632,0.09832,0.09924,0.10124,0.09928,0.1098,0.126121,0.09872,0.10024,0.10092,0.09876,0.098441,0.10076,0.095961,0.09728,0.106401,0.09896,0.098961,0.0988,0.098321,0.09804,0.097801,0.21912,0.10316,0.099521,0.1,0.09852,0.09988,0.09792,0.09884,0.099,0.09848,0.09756,0.09824,0.09784,0.09776,0.09956,0.09744,0.18468]",0.07580000162124634,0.19312100112438202,0.08922676026821136,0.08334050327539444,0.022944466415465176,50,3,"[0.10724,0.0952,0.08504,0.0974,0.093681,0.08456,0.091401,0.0804,0.082001,0.08032,0.079161,0.08056,0.078521,0.0794,0.082081,0.08644,0.083841,0.0758,0.077561,0.17864,0.09404,0.086361,0.08848,0.083561,0.08548,0.08672,0.08568,0.08652,0.07924,0.081,0.08224,0.08132,0.08044,0.07928,0.0784,0.08052,0.15904,0.09788,0.08532,0.089601,0.08452,0.087361,0.08472,0.084081,0.08312,0.078761,0.07992,0.079121,0.08448,0.078401,0.0802,0.080641,0.193121]",0.04684000089764595,0.10391999781131744,0.05241371981799602,0.05008050054311752,0.00965474574964317,50,3,"[0.137641,0.054241,0.05092,0.05232,0.05304,0.0518,0.05156,0.05024,0.05036,0.05012,0.04924,0.04968,0.05264,0.04928,0.04952,0.0502,0.0492,0.0504,0.04984,0.10392,0.05208,0.04932,0.04924,0.05068,0.05064,0.05464,0.051441,0.0514,0.050041,0.04932,0.049321,0.05044,0.049761,0.04928,0.049321,0.04948,0.0552,0.051961,0.04952,0.0484,0.04996,0.04996,0.04964,0.05116,0.04964,0.05044,0.05468,0.0496,0.04684,0.04948,0.05112,0.0496,0.09372]",,,,,,,,,32,4,2048,768,151936,True,True,False,1961,3,50,2,2048,768,generic,generic,,,CUDA_EVENT,BF16,none
,,,,,,,,,,,,,,,,0.09771999716758728,0.2027609944343567,0.10614831939339638,0.10076000168919563,0.018058805282035236,50,3,"[0.227161,0.10836,0.10344,0.11476,0.10468,0.104881,0.10272,0.10288,0.1012,0.10144,0.099881,0.09964,0.09976,0.09924,0.12976,0.100321,0.10616,0.10008,0.101641,0.12152,0.12416,0.1018,0.099721,0.10056,0.10348,0.101521,0.10308,0.10032,0.103361,0.0996,0.10096,0.09956,0.10212,0.100521,0.09936,0.099841,0.202761,0.105081,0.10156,0.10024,0.100201,0.10236,0.10044,0.102441,0.09928,0.09944,0.098921,0.09884,0.09876,0.09772,0.09816,0.098041,0.172641]",0.07603999972343445,0.2314399927854538,0.09056666046380997,0.08286000043153763,0.029626798401305252,50,3,"[0.11064,0.094241,0.08764,0.0944,0.08956,0.08684,0.08392,0.07868,0.080761,0.0802,0.0788,0.076481,0.07904,0.07876,0.08812,0.07652,0.080801,0.08256,0.078,0.172361,0.096521,0.09052,0.08312,0.083961,0.08844,0.08368,0.084641,0.08224,0.0848,0.08072,0.07872,0.080481,0.07604,0.08376,0.07872,0.08764,0.20796,0.092,0.084041,0.0828,0.0916,0.091681,0.0874,0.08188,0.083121,0.08292,0.0812,0.080321,0.07864,0.079801,0.08268,0.07904,0.23144]",0.04899999871850014,0.09831999987363815,0.053626539781689644,0.051419999450445175,0.008542668835644567,50,3,"[0.142681,0.05328,0.052081,0.05468,0.05324,0.05168,0.05144,0.05132,0.05112,0.051761,0.05224,0.05128,0.05636,0.05156,0.05348,0.05096,0.05168,0.05148,0.05204,0.09832,0.0524,0.050881,0.049,0.05104,0.05244,0.0506,0.05128,0.05068,0.0516,0.05072,0.05112,0.0576,0.05004,0.0514,0.05136,0.0526,0.05848,0.053,0.05052,0.054921,0.05072,0.053,0.050281,0.05224,0.05076,0.050561,0.04996,0.05064,0.05564,0.04984,0.050681,0.05052,0.090161]",,,,,,,,,32,4,2048,768,151936,True,True,False,1968,3,50,2,2048,768,generic,generic,,,CUDA_EVENT,BF16,none
,,,,,,,,,,,,,,,,0.09647999703884125,0.20175999402999878,0.1051842999458313,0.09966050088405609,0.019576660859936323,50,3,"[0.21984,0.106081,0.10104,0.11652,0.10256,0.1032,0.10004,0.099441,0.09784,0.099561,0.09744,0.09648,0.09784,0.10036,0.12676,0.09812,0.098201,0.09988,0.103761,0.11256,0.1152,0.10188,0.09848,0.10028,0.098721,0.09984,0.100681,0.1004,0.1048,0.102481,0.10028,0.098201,0.10016,0.098801,0.09736,0.097801,0.20176,0.10364,0.10624,0.097641,0.0996,0.098201,0.09892,0.09928,0.099721,0.09848,0.099081,0.1046,0.098601,0.09924,0.09704,0.09876,0.19248]",0.07620000094175339,0.20000100135803223,0.08954661965370178,0.08315999805927277,0.02307228610592822,50,3,"[0.10856,0.09324,0.09248,0.09656,0.09236,0.080481,0.08132,0.087,0.08144,0.08856,0.08016,0.07748,0.078921,0.08064,0.081521,0.08116,0.08316,0.08248,0.0762,0.189161,0.09644,0.08872,0.086521,0.08684,0.08696,0.08316,0.08664,0.082761,0.08732,0.08028,0.0818,0.08128,0.08168,0.07856,0.0816,0.08208,0.13572,0.091561,0.08912,0.0844,0.08704,0.08664,0.083881,0.08316,0.0866,0.0896,0.07972,0.08648,0.07976,0.082801,0.0796,0.080001,0.200001]",0.04795999825000763,0.10543999820947647,0.05304572001099586,0.05056000128388405,0.010428388235483517,50,3,"[0.1362,0.05268,0.05216,0.05344,0.05188,0.05624,0.051481,0.05204,0.050801,0.0502,0.04912,0.0502,0.05032,0.05,0.05,0.05072,0.05764,0.050281,0.0518,0.10152,0.05144,0.04796,0.04972,0.05008,0.0508,0.0512,0.051,0.05196,0.051,0.04996,0.050441,0.05056,0.05004,0.0496,0.04964,0.05344,0.05276,0.05176,0.049881,0.04968,0.05032,0.05056,0.0494,0.05148,0.05144,0.052201,0.05092,0.05052,0.04972,0.04964,0.0498,0.05024,0.10544]",,,,,,,,,32,4,2048,768,151936,True,True,False,1965,3,50,2,2048,768,generic,generic,,,CUDA_EVENT,BF16,none
,,,,,,,,,,,,,,,,0.09772100299596786,0.21108099818229675,0.10682753980159759,0.10132100060582161,0.02097332067800351,50,3,"[168.864838,0.18088,0.11468,0.12148,0.10748,0.10788,0.102041,0.10368,0.100761,0.10072,0.10548,0.10072,0.09824,0.099761,0.10012,0.103001,0.1038,0.10232,0.10048,0.10776,0.11588,0.101201,0.09988,0.11036,0.100161,0.10832,0.102401,0.100961,0.09844,0.100681,0.11056,0.0994,0.09972,0.09792,0.097721,0.09804,0.211081,0.104481,0.10196,0.1,0.098361,0.1016,0.0992,0.101441,0.10064,0.105201,0.10504,0.102,0.098881,0.10016,0.098481,0.10252,0.20296]",0.07943999767303467,0.22360099852085114,0.09496426030993461,0.08852000162005424,0.026591998002863357,50,3,"[13.744949,0.150801,0.101281,0.110681,0.096481,0.08664,0.08316,0.09128,0.08832,0.086241,0.08372,0.081641,0.08792,0.08084,0.08392,0.0854,0.083521,0.08944,0.079841,0.195681,0.10308,0.09072,0.09688,0.10252,0.0902,0.09208,0.08956,0.09328,0.09288,0.08748,0.090001,0.08148,0.085961,0.08156,0.0816,0.0862,0.16456,0.09728,0.094121,0.0888,0.09076,0.089641,0.08732,0.09316,0.08644,0.08496,0.089481,0.08812,0.081,0.07944,0.08872,0.0806,0.223601]",0.047520000487565994,0.1003199964761734,0.05316416010260582,0.05089999921619892,0.009151757369817768,50,3,"[0.427441,0.06328,0.05228,0.05456,0.05316,0.05164,0.05112,0.050601,0.05056,0.05136,0.05032,0.05032,0.049841,0.05724,0.0538,0.04752,0.05052,0.05004,0.04972,0.10032,0.05172,0.05024,0.04948,0.0506,0.05192,0.05088,0.0496,0.05064,0.051281,0.05084,0.05092,0.04956,0.05024,0.04832,0.049,0.052641,0.057201,0.05196,0.05,0.049321,0.04892,0.05568,0.0516,0.05492,0.04944,0.05176,0.05524,0.05108,0.05604,0.051121,0.05096,0.049601,0.09284]",,,,,,,,,32,4,2048,768,151936,True,True,False,1979,3,50,2,2048,768,generic,generic,,,CUDA_EVENT,BF16,none
,,,,,,,,,,,,,,,,0.096560999751091,0.20532000064849854,0.10588031932711602,0.10034050047397614,0.019360388458505,50,3,"[0.238681,0.11336,0.100721,0.116561,0.10348,0.10044,0.10528,0.09964,0.101201,0.09964,0.098481,0.10128,0.098121,0.09968,0.13,0.0988,0.0994,0.10448,0.09852,0.117881,0.11984,0.10048,0.100721,0.10268,0.10048,0.1024,0.10144,0.101721,0.10064,0.102401,0.0994,0.098721,0.09892,0.096561,0.09848,0.098441,0.20532,0.11204,0.09936,0.100241,0.09904,0.101081,0.0998,0.10088,0.09892,0.09748,0.104041,0.09744,0.099041,0.09908,0.099601,0.09964,0.1848]",0.07604099810123444,0.20652100443840027,0.08949543967843056,0.08130050078034401,0.026390423423030385,50,3,"[0.10892,0.0972,0.08588,0.09448,0.095681,0.08544,0.087961,0.08,0.08084,0.07804,0.07932,0.0794,0.07824,0.081321,0.08128,0.082001,0.07784,0.076041,0.07848,0.19012,0.094921,0.08912,0.08304,0.08468,0.08452,0.089641,0.08092,0.0834,0.0826,0.08024,0.08016,0.07928,0.07888,0.07824,0.07672,0.08056,0.177681,0.094361,0.08692,0.08652,0.08296,0.08988,0.087561,0.08312,0.090241,0.079,0.07972,0.07948,0.07956,0.08008,0.08028,0.07748,0.206521]",0.04772000014781952,0.09848000109195709,0.052661760076880455,0.05064000003039837,0.008358546058503115,50,3,"[0.13804,0.053201,0.05224,0.05264,0.05052,0.05084,0.05112,0.05208,0.04772,0.051161,0.05032,0.05088,0.05052,0.04876,0.05116,0.05152,0.0506,0.05036,0.05232,0.09848,0.0534,0.049601,0.04996,0.05036,0.05076,0.048,0.05108,0.05068,0.051041,0.05148,0.050481,0.05012,0.056401,0.04992,0.04888,0.052,0.05708,0.05684,0.05128,0.05012,0.05076,0.0514,0.0504,0.05124,0.05008,0.05028,0.05056,0.050481,0.0504,0.050401,0.0502,0.050441,0.08596]",,,,,,,,,32,4,2048,768,151936,True,True,False,1960,3,50,2,2048,768,generic,generic,,,CUDA_EVENT,BF16,none
,,,,,,,,,,,,,,,,0.09883999824523926,0.20260100066661835,0.10811470031738281,0.10346050187945366,0.01898604576093075,50,3,"[167.687622,0.15624,0.10796,0.124921,0.10828,0.10796,0.106121,0.10364,0.10232,0.10304,0.1016,0.103921,0.10088,0.10656,0.106201,0.10132,0.103961,0.10092,0.10168,0.10752,0.11764,0.10312,0.103601,0.11064,0.10648,0.1066,0.108641,0.10384,0.10196,0.101081,0.10376,0.102241,0.09996,0.09884,0.10216,0.09976,0.202601,0.104121,0.1044,0.11184,0.10092,0.10152,0.10084,0.101121,0.10168,0.10364,0.108161,0.10324,0.10108,0.10064,0.10332,0.101361,0.194081]",0.07872000336647034,0.19359999895095825,0.09346823990345002,0.08796000108122826,0.02258111803035403,50,3,"[13.397208,0.121721,0.096801,0.10124,0.092481,0.0818,0.08444,0.08816,0.07968,0.089521,0.07872,0.0808,0.0862,0.0852,0.08432,0.07992,0.08896,0.086521,0.08852,0.153641,0.100041,0.09088,0.09528,0.097521,0.08988,0.08632,0.09052,0.091401,0.08696,0.08944,0.08904,0.08776,0.083201,0.08072,0.079921,0.08596,0.1936,0.10528,0.09284,0.0982,0.08636,0.087721,0.08996,0.08888,0.093361,0.08444,0.09372,0.08564,0.08164,0.082401,0.08204,0.08496,0.1874]",0.04944000020623207,0.10796000063419342,0.054023360311985014,0.05145999975502491,0.009935564232574653,50,3,"[0.329961,0.058,0.05476,0.05984,0.0534,0.0524,0.0518,0.05428,0.0512,0.05344,0.050521,0.05076,0.05092,0.05096,0.052,0.049961,0.05108,0.05084,0.05076,0.10796,0.054,0.050641,0.05156,0.0532,0.053681,0.05188,0.05304,0.05184,0.05032,0.05256,0.051281,0.04988,0.05384,0.05316,0.0498,0.05052,0.058801,0.0544,0.04988,0.05136,0.04944,0.05096,0.055961,0.05228,0.05336,0.05088,0.0518,0.05132,0.051,0.05024,0.05044,0.05128,0.094441]",,,,,,,,,32,4,2048,768,151936,True,True,False,1982,3,50,2,2048,768,generic,generic,,,CUDA_EVENT,BF16,none
,,,,,,,,,,,,,,,,0.09780000150203705,0.12916100025177002,0.10341232046484947,0.10192050039768219,0.0051947106884016915,50,3,"[169.704163,0.15776,0.10808,0.118161,0.1082,0.10552,0.104441,0.10248,0.10108,0.103321,0.10272,0.10192,0.101521,0.10564,0.100721,0.10296,0.10072,0.1024,0.10532,0.112521,0.1032,0.10028,0.10124,0.109921,0.10048,0.103,0.104121,0.10372,0.09908,0.1004,0.10304,0.100321,0.09996,0.10024,0.104961,0.0998,0.101,0.099041,0.10004,0.103281,0.1,0.0978,0.10012,0.10084,0.100681,0.09996,0.11004,0.106401,0.10144,0.101921,0.10396,0.10152,0.129161]",0.08048000186681747,0.15775999426841736,0.08954424008727074,0.08744050189852715,0.01086373375701329,50,3,"[13.252748,0.132041,0.096361,0.10548,0.098841,0.0888,0.09096,0.095521,0.0878,0.08992,0.082921,0.08228,0.08892,0.09152,0.08256,0.083161,0.08432,0.09044,0.08592,0.15776,0.09152,0.087081,0.09356,0.09368,0.089281,0.09092,0.08884,0.093761,0.0832,0.085161,0.09244,0.08508,0.097441,0.0858,0.08712,0.08988,0.08972,0.08976,0.08504,0.08612,0.082881,0.08372,0.08324,0.08528,0.08156,0.087121,0.091,0.08544,0.08328,0.08048,0.086401,0.08776,0.08652]",0.047439999878406525,0.05960100144147873,0.051790599897503856,0.05123999901115894,0.002244396716285354,50,3,"[0.403481,0.0572,0.05412,0.05896,0.0532,0.054921,0.05008,0.05304,0.051761,0.05232,0.05104,0.05612,0.05188,0.050201,0.05188,0.05088,0.05076,0.052,0.051961,0.059601,0.05128,0.04992,0.050961,0.05536,0.04964,0.04744,0.05072,0.05232,0.05072,0.05132,0.052921,0.05,0.04976,0.05464,0.05464,0.0512,0.05092,0.05236,0.049281,0.05012,0.0494,0.05064,0.0508,0.050561,0.05252,0.05156,0.0522,0.05104,0.049761,0.05164,0.05004,0.05264,0.0506]",,,,,,,,,32,4,2048,768,151936,True,True,False,1980,3,50,2,2048,768,generic,generic,,,CUDA_EVENT,BF16,none
,,,,,,,,,,,,,,,,0.09455999732017517,0.21191999316215515,0.10447069972753525,0.09986000135540962,0.019186041365470596,50,3,"[0.23844,0.1088,0.102041,0.116441,0.10352,0.10188,0.101761,0.10036,0.100321,0.09988,0.09956,0.10308,0.0984,0.0994,0.09968,0.100761,0.09832,0.098481,0.09912,0.10368,0.112961,0.10208,0.0992,0.102201,0.09968,0.10172,0.100041,0.09912,0.103201,0.09944,0.10024,0.09872,0.09976,0.09848,0.09932,0.099441,0.21192,0.103,0.10112,0.100321,0.09884,0.101081,0.0996,0.09984,0.099921,0.09904,0.097521,0.09772,0.101641,0.09964,0.09816,0.09456,0.17936]",0.0756400004029274,0.20896099507808685,0.09078668013215065,0.08462050184607506,0.024564111003195836,50,3,"[0.112081,0.09688,0.0916,0.09668,0.092161,0.08356,0.0858,0.08492,0.08352,0.089841,0.07988,0.087841,0.0768,0.07712,0.08344,0.08072,0.07988,0.0814,0.088321,0.17584,0.09708,0.098601,0.08888,0.08816,0.084761,0.08808,0.08096,0.08608,0.08176,0.081041,0.08316,0.077521,0.08268,0.079481,0.07892,0.0766,0.167201,0.09176,0.0948,0.08612,0.08656,0.08872,0.087521,0.08448,0.08512,0.0834,0.08436,0.09344,0.07564,0.079801,0.08076,0.079201,0.208961]",0.047680001705884933,0.10835999995470047,0.05238891988992691,0.04999999888241291,0.010590682648980623,50,3,"[0.13772,0.05312,0.05576,0.05296,0.0522,0.0504,0.051,0.055361,0.0502,0.0518,0.0492,0.05088,0.04916,0.04996,0.049641,0.04976,0.04964,0.05004,0.0504,0.0986,0.05152,0.05016,0.049281,0.05012,0.04956,0.05216,0.05044,0.049721,0.05052,0.04944,0.05048,0.04892,0.04872,0.04916,0.04952,0.04892,0.05644,0.05224,0.04768,0.04884,0.049641,0.04992,0.04884,0.0508,0.04924,0.051001,0.04892,0.05016,0.04888,0.04992,0.04828,0.05044,0.10836]",,,,,,,,,32,4,2048,768,151936,True,True,False,1971,3,50,2,2048,768,generic,generic,,,CUDA_EVENT,BF16,none
,,,,,,,,,,,,,,,,0.09812100231647491,0.22828100621700287,0.10661878019571304,0.10124000161886215,0.02394399935254604,50,3,"[0.23268,0.10884,0.103121,0.1166,0.103121,0.10232,0.10124,0.102761,0.1014,0.10044,0.099121,0.1,0.10304,0.100521,0.10028,0.10256,0.105601,0.0994,0.09904,0.106041,0.113881,0.101001,0.10244,0.1014,0.103801,0.10168,0.1018,0.099121,0.10008,0.09896,0.098121,0.10528,0.09944,0.101961,0.0994,0.1008,0.228281,0.104241,0.101441,0.10012,0.09992,0.103841,0.1,0.10124,0.099121,0.1004,0.09988,0.09864,0.10236,0.098641,0.10476,0.09844,0.216961]",0.07832100242376328,0.20200100541114807,0.09032267972826957,0.0849204994738102,0.021386016861787226,50,3,"[0.109201,0.09888,0.0856,0.09756,0.08984,0.095561,0.08296,0.0832,0.081521,0.07928,0.08112,0.080561,0.08044,0.08288,0.086361,0.08732,0.08496,0.085161,0.08252,0.16904,0.0966,0.089,0.092441,0.08812,0.08948,0.082761,0.08512,0.08616,0.078321,0.08444,0.08168,0.086641,0.08384,0.0822,0.08136,0.08032,0.1336,0.09544,0.08988,0.096601,0.08748,0.08636,0.084881,0.0858,0.08284,0.083521,0.07864,0.08708,0.08132,0.07924,0.083081,0.0796,0.202001]",0.04868000000715256,0.12568099796772003,0.05383211985230446,0.050500499084591866,0.01403362572872912,50,3,"[0.14252,0.052561,0.0514,0.05712,0.05188,0.05244,0.051561,0.05116,0.04996,0.049801,0.04972,0.05052,0.05176,0.05028,0.0512,0.0514,0.04868,0.05048,0.0506,0.125681,0.0554,0.05036,0.0512,0.05084,0.05048,0.05192,0.050481,0.05464,0.04996,0.05052,0.05044,0.05252,0.05112,0.05052,0.05044,0.05012,0.055881,0.055,0.04976,0.04896,0.0492,0.05076,0.05048,0.05008,0.05,0.04892,0.0488,0.04992,0.051881,0.04932,0.04972,0.04956,0.11816]",,,,,,,,,32,4,2048,768,151936,True,True,False,1974,3,50,2,2048,768,generic,generic,,,CUDA_EVENT,BF16,none
,,,,,,,,,,,,,,,,0.09728000313043594,0.12535999715328217,0.10036110028624534,0.09956050291657448,0.004059832627248972,50,3,"[0.226601,0.10684,0.10408,0.107161,0.10328,0.10212,0.101881,0.10016,0.09948,0.100281,0.0982,0.100401,0.09744,0.09836,0.09968,0.0998,0.099321,0.09828,0.102481,0.0996,0.10176,0.098921,0.09808,0.10008,0.09904,0.10072,0.098601,0.09984,0.099001,0.09768,0.09868,0.09808,0.0992,0.098801,0.09728,0.098441,0.10244,0.09856,0.099521,0.0982,0.097641,0.09872,0.09976,0.09964,0.0998,0.103081,0.09988,0.099201,0.10272,0.104,0.09736,0.10004,0.12536]",0.07552099972963333,0.11768099665641785,0.08337622001767159,0.08180000260472298,0.006218629612905964,50,3,"[0.11084,0.095081,0.08732,0.08832,0.084921,0.08224,0.08404,0.090921,0.08068,0.08064,0.07924,0.08284,0.0802,0.0794,0.084321,0.08024,0.08824,0.082,0.08124,0.117681,0.08592,0.08204,0.0816,0.08932,0.081041,0.09012,0.08104,0.08332,0.081,0.079761,0.08084,0.079281,0.07924,0.07924,0.0822,0.07872,0.084481,0.07948,0.08048,0.08024,0.08124,0.07984,0.08044,0.086881,0.08464,0.08208,0.08228,0.08664,0.075521,0.0832,0.079521,0.08232,0.09768]",0.04800000041723251,0.05559999868273735,0.05085136003792286,0.05040000006556511,0.0015647371918622755,50,3,"[0.137681,0.05296,0.050481,0.05212,0.05148,0.053801,0.05192,0.0498,0.05116,0.05088,0.050281,0.05044,0.04964,0.04976,0.04916,0.05016,0.048,0.050081,0.04976,0.054,0.049721,0.05488,0.0498,0.05104,0.0506,0.05104,0.05048,0.050121,0.04992,0.04972,0.05096,0.05016,0.05192,0.04944,0.053041,0.0502,0.05036,0.05008,0.04964,0.049601,0.04972,0.0556,0.05008,0.05396,0.0506,0.05068,0.050561,0.05132,0.05064,0.05084,0.04908,0.0502,0.05412]",,,,,,,,,32,4,2048,768,151936,True,True,False,1972,3,50,2,2048,768,generic,generic,,,CUDA_EVENT,BF16,none
,,,,,,,,,,,,,,,,0.09604000300168991,0.22672000527381897,0.1066179196536541,0.09980049729347229,0.024461519953868277,50,3,"[0.224321,0.109,0.101601,0.116841,0.10324,0.10336,0.099121,0.0998,0.099761,0.09904,0.098161,0.09872,0.0984,0.09948,0.12824,0.099561,0.09884,0.101881,0.09892,0.115841,0.117601,0.10052,0.10108,0.105641,0.10072,0.10176,0.10052,0.10132,0.115281,0.09868,0.09876,0.09604,0.09748,0.10024,0.10032,0.098641,0.21824,0.10556,0.1002,0.099441,0.09736,0.099801,0.10364,0.10052,0.101161,0.09728,0.098521,0.09724,0.098441,0.09752,0.0984,0.09704,0.22672]",0.07636000216007233,0.19724099338054657,0.09053148001432419,0.0838799998164177,0.023820472230781715,50,3,"[0.10996,0.09888,0.08408,0.09828,0.092041,0.07888,0.08396,0.08056,0.083,0.07996,0.0812,0.078281,0.08124,0.083401,0.08604,0.09004,0.0838,0.08324,0.08052,0.18748,0.10084,0.088641,0.08964,0.08,0.084401,0.08816,0.082,0.08564,0.0852,0.080761,0.07908,0.078761,0.087,0.078441,0.09328,0.08156,0.158601,0.091401,0.08524,0.0898,0.08984,0.08844,0.096241,0.08564,0.08284,0.08188,0.08212,0.07988,0.08092,0.079881,0.07636,0.084921,0.197241]",0.04740000143647194,0.09272000193595886,0.05175051994621754,0.04980050027370453,0.008405283971385987,50,3,"[0.13736,0.052601,0.05024,0.0516,0.05212,0.05016,0.05036,0.050601,0.04976,0.0496,0.0486,0.04896,0.04976,0.05032,0.05064,0.0474,0.048521,0.0494,0.04904,0.09236,0.05148,0.04976,0.049881,0.05068,0.04976,0.05132,0.04904,0.049801,0.04964,0.0498,0.05164,0.049,0.04976,0.04964,0.05052,0.04936,0.0544,0.05156,0.04916,0.04952,0.050481,0.0492,0.05236,0.05108,0.05016,0.049921,0.04992,0.05048,0.04888,0.04896,0.04884,0.0496,0.09272]",,,,,,,,,32,4,2048,768,151936,True,True,False,1963,3,50,2,2048,768,generic,generic,,,CUDA_EVENT,BF16,none
,,,,,,,,,,,,,,,,0.09663999825716019,0.1276410073041916,0.10022112041711807,0.09876050055027008,0.005889767916212075,50,3,"[0.227441,0.11104,0.100641,0.10716,0.1008,0.104041,0.10076,0.10032,0.0992,0.09884,0.097281,0.0974,0.100041,0.09736,0.127361,0.09848,0.09856,0.10012,0.09696,0.100721,0.09904,0.10312,0.09664,0.10048,0.098761,0.09872,0.100401,0.09852,0.097201,0.09928,0.09696,0.0984,0.09864,0.097681,0.10108,0.098961,0.10028,0.09732,0.098721,0.09756,0.097041,0.09892,0.09832,0.10104,0.09896,0.097841,0.09876,0.097401,0.09824,0.097641,0.09712,0.09896,0.127641]",0.07624000310897827,0.13155999779701233,0.08243859946727752,0.08060000091791153,0.007657570768193251,50,3,"[0.10528,0.08932,0.0822,0.086481,0.0826,0.08012,0.08224,0.08208,0.084161,0.07984,0.08616,0.07736,0.07892,0.07864,0.08076,0.079201,0.07972,0.079121,0.07996,0.13156,0.080201,0.08168,0.079761,0.08192,0.07968,0.08248,0.07988,0.08044,0.08,0.080281,0.08604,0.079561,0.08708,0.07764,0.07624,0.08192,0.084841,0.08024,0.08244,0.08448,0.08184,0.08928,0.08132,0.081041,0.081,0.08324,0.08012,0.07888,0.07864,0.07796,0.079,0.08128,0.0926]",0.04816100001335144,0.056359998881816864,0.05067375987768173,0.05020049959421158,0.001486851652924335,50,3,"[0.136,0.052921,0.05136,0.05188,0.051201,0.0502,0.05636,0.051,0.05092,0.0498,0.04916,0.050001,0.0498,0.050201,0.05016,0.05128,0.05064,0.05392,0.04996,0.05372,0.05008,0.05008,0.04952,0.04964,0.04992,0.050761,0.05096,0.04976,0.05524,0.05,0.0514,0.0504,0.05016,0.05008,0.049801,0.05,0.05004,0.05004,0.04912,0.048161,0.05024,0.0498,0.0504,0.05048,0.05056,0.05024,0.050681,0.0492,0.053401,0.05004,0.05048,0.05096,0.05184]",,,,,,,,,32,4,2048,768,151936,True,True,False,1964,3,50,2,2048,768,generic,generic,,,CUDA_EVENT,BF16,none
,,,,,,,,,,,,,,,,0.09740000218153,0.19520099461078644,0.10559548035264016,0.10050049796700478,0.017194110861960835,50,3,"[0.230401,0.108321,0.106041,0.118721,0.10388,0.11128,0.101281,0.10252,0.10024,0.100881,0.09976,0.09956,0.099641,0.0974,0.1274,0.099241,0.0992,0.09896,0.10112,0.11428,0.1166,0.1002,0.100881,0.10004,0.1038,0.100881,0.10324,0.10136,0.10124,0.09988,0.0994,0.099961,0.09856,0.09848,0.099281,0.10112,0.195201,0.10328,0.10148,0.100521,0.10004,0.10944,0.100281,0.10284,0.10048,0.100881,0.09876,0.09884,0.098601,0.09804,0.09876,0.09868,0.17336]",0.07807999849319458,0.22088100016117096,0.09147950083017349,0.0834599994122982,0.027169706047349428,50,3,"[0.119,0.09524,0.08752,0.09852,0.093761,0.07808,0.08228,0.084241,0.08272,0.08296,0.078561,0.08092,0.08088,0.0796,0.08292,0.08064,0.09156,0.08132,0.079721,0.220881,0.098481,0.08988,0.08896,0.086681,0.09084,0.08316,0.086561,0.08376,0.08312,0.079961,0.08408,0.08216,0.079601,0.08528,0.08036,0.086,0.178361,0.09544,0.0886,0.08704,0.090281,0.0826,0.08732,0.082841,0.08628,0.08696,0.081641,0.08184,0.07812,0.081561,0.08748,0.08092,0.18824]",0.04816000163555145,0.10571999847888947,0.05304340027272701,0.05071999877691269,0.01016409977510663,50,3,"[0.13684,0.05324,0.05212,0.05556,0.05204,0.052441,0.05144,0.05144,0.050321,0.05064,0.04968,0.049961,0.05164,0.04912,0.05152,0.05044,0.04816,0.04892,0.04956,0.10572,0.05172,0.050321,0.04836,0.0502,0.051721,0.05172,0.0516,0.050881,0.0502,0.05052,0.051401,0.0522,0.04932,0.05152,0.05,0.04996,0.0558,0.052,0.0496,0.05432,0.05044,0.051841,0.04988,0.05136,0.050441,0.0508,0.05,0.05056,0.05488,0.04996,0.05096,0.05056,0.098521]",,,,,,,,,32,4,2048,768,151936,True,True,False,1966,3,50,2,2048,768,generic,generic,,,CUDA_EVENT,BF16,none
,,,,,,,,,,,,,,,,0.0854400023818016,0.23151999711990356,0.09798903971910476,0.09134050086140633,0.023871721519545048,50,3,"[170.101791,0.1486,0.107521,0.11864,0.09572,0.09692,0.093161,0.09128,0.08788,0.088641,0.0876,0.08884,0.095401,0.09088,0.09452,0.089321,0.09368,0.08984,0.089801,0.10856,0.105,0.0932,0.10956,0.109041,0.09312,0.09956,0.09448,0.08932,0.086881,0.095,0.09504,0.089841,0.08828,0.08712,0.091561,0.08544,0.23152,0.09776,0.09256,0.091361,0.0888,0.09132,0.09044,0.09184,0.08932,0.08992,0.106561,0.08972,0.08816,0.087121,0.08592,0.09048,0.18352]",0.0843999981880188,0.19687999784946442,0.09710096001625061,0.09166000038385391,0.0215851061230338,50,3,"[12.828291,0.1208,0.09304,0.108321,0.10072,0.089,0.08588,0.09548,0.08608,0.09348,0.093,0.08572,0.09428,0.09012,0.094,0.0844,0.08884,0.0928,0.08696,0.19688,0.099921,0.0948,0.10124,0.09196,0.09008,0.089281,0.09416,0.10252,0.08852,0.0894,0.08844,0.08768,0.0922,0.08696,0.08676,0.09328,0.141401,0.10964,0.09384,0.09284,0.09148,0.090521,0.09184,0.09008,0.090961,0.09376,0.09224,0.08976,0.087201,0.08716,0.09076,0.087481,0.19092]",0.03855999931693077,0.10035999864339828,0.045867259800434115,0.04358049854636192,0.01013237019105973,50,3,"[0.31128,0.05048,0.04604,0.04872,0.04512,0.043601,0.042,0.04356,0.04232,0.0438,0.04376,0.03976,0.0446,0.04212,0.03856,0.04168,0.04396,0.0434,0.04316,0.10036,0.04464,0.04268,0.044681,0.04452,0.0448,0.04344,0.0424,0.0456,0.04644,0.04448,0.0434,0.04284,0.04328,0.0422,0.04288,0.04352,0.04172,0.04656,0.04352,0.0428,0.04332,0.0498,0.05144,0.043121,0.0446,0.04152,0.04464,0.04488,0.04372,0.04372,0.04336,0.04468,0.08768]",,,,,,,,,32,4,2048,768,151936,True,True,False,1982,3,50,4,2048,768,generic,generic,,,CUDA_EVENT,BF16,none
,,,,,,,,,,,,,,,,0.08404000103473663,0.21748100221157074,0.09579545989632607,0.08878100290894508,0.02547317098202386,50,3,"[0.22676,0.10244,0.090641,0.10996,0.097801,0.08468,0.08832,0.088641,0.09084,0.08764,0.088921,0.08716,0.08648,0.08544,0.08524,0.10168,0.08544,0.091441,0.08852,0.11332,0.114281,0.0922,0.09084,0.0894,0.0942,0.09528,0.08536,0.08828,0.08628,0.084681,0.08424,0.0876,0.0844,0.0866,0.08608,0.08404,0.214601,0.10212,0.092641,0.09268,0.0896,0.093881,0.08996,0.09132,0.092281,0.08768,0.0896,0.092681,0.0878,0.0882,0.086721,0.08524,0.217481]",0.08540000021457672,0.17868000268936157,0.09453062027692795,0.08926049992442131,0.017231750268642414,50,3,"[0.11028,0.0956,0.08852,0.10176,0.09388,0.089,0.08952,0.09192,0.09008,0.08868,0.0892,0.0888,0.0878,0.091601,0.0886,0.0884,0.088561,0.09012,0.089,0.160961,0.0976,0.09368,0.092121,0.096,0.0874,0.089321,0.08728,0.09652,0.088601,0.08776,0.08632,0.08844,0.087681,0.0878,0.0902,0.089001,0.1392,0.09612,0.08804,0.09288,0.090281,0.09304,0.0968,0.089001,0.0928,0.09204,0.089441,0.08896,0.08688,0.08676,0.0866,0.0854,0.17868]",0.039799999445676804,0.09808000177145004,0.04543603986501694,0.043700000271201134,0.008990644659390128,50,3,"[0.12612,0.04516,0.0444,0.0398,0.0444,0.0438,0.04432,0.04384,0.04312,0.043881,0.04648,0.0442,0.04296,0.04324,0.04032,0.04396,0.04208,0.04348,0.04388,0.07636,0.04392,0.04328,0.04048,0.0438,0.0436,0.04364,0.04288,0.044,0.04336,0.04028,0.04288,0.041881,0.04768,0.04384,0.04348,0.0426,0.04928,0.04536,0.04168,0.04336,0.04308,0.04792,0.04464,0.0462,0.04424,0.04396,0.04376,0.0424,0.04276,0.04356,0.04212,0.04768,0.09808]",,,,,,,,,32,4,2048,768,151936,True,True,False,1974,3,50,4,2048,768,generic,generic,,,CUDA_EVENT,BF16,none
,,,,,,,,,,,,,,,,0.0803999975323677,0.17696000635623932,0.09435139998793601,0.08921999856829643,0.017188608324203866,50,3,"[0.220961,0.10628,0.09888,0.108241,0.09476,0.08864,0.08804,0.09576,0.08752,0.09336,0.08516,0.08648,0.085521,0.08684,0.11956,0.088361,0.08668,0.08556,0.089721,0.11052,0.10984,0.099721,0.08964,0.08936,0.088281,0.08776,0.08912,0.0876,0.09004,0.09228,0.0992,0.0804,0.08932,0.08672,0.085441,0.0876,0.17696,0.0986,0.09284,0.090521,0.09116,0.09152,0.092721,0.08692,0.09016,0.085361,0.08524,0.0878,0.0872,0.09168,0.08612,0.086,0.16372]",0.08416000008583069,0.20216000080108643,0.09603138029575348,0.09053999930620193,0.023324612735896217,50,3,"[0.10912,0.08748,0.0896,0.09652,0.09316,0.0944,0.0898,0.0894,0.088961,0.08744,0.086,0.085401,0.08596,0.08624,0.089321,0.0862,0.1014,0.08584,0.08896,0.15416,0.09652,0.09204,0.09236,0.09136,0.09048,0.09096,0.09088,0.09468,0.09392,0.08416,0.087041,0.08656,0.0874,0.085601,0.08768,0.09268,0.197161,0.10344,0.09816,0.0958,0.0906,0.091681,0.09024,0.08984,0.090681,0.09104,0.09124,0.0906,0.08504,0.08712,0.08712,0.086161,0.20216]",0.04083999991416931,0.10300000011920929,0.04591696001589298,0.04362049885094166,0.010620879337411428,50,3,"[0.12972,0.04156,0.044041,0.04392,0.046561,0.04408,0.04428,0.043881,0.04328,0.0432,0.0422,0.04212,0.0432,0.04364,0.04248,0.04224,0.04368,0.04208,0.04464,0.090841,0.047441,0.04276,0.04336,0.042281,0.04272,0.04472,0.048801,0.04528,0.04484,0.042601,0.04388,0.04268,0.04356,0.04364,0.04268,0.0428,0.05048,0.0444,0.04364,0.04084,0.04268,0.04412,0.04376,0.044,0.04724,0.04324,0.04256,0.043601,0.04372,0.04256,0.0428,0.04284,0.103]",,,,,,,,,32,4,2048,768,151936,True,True,False,1966,3,50,4,2048,768,generic,generic,,,CUDA_EVENT,BF16,none
,,,,,,,,,,,,,,,,0.09251999855041504,0.20092099905014038,0.10404587998986244,0.09896000102162361,0.019520677357051878,50,3,"[171.683685,0.200081,0.11356,0.12648,0.1038,0.10404,0.09824,0.1042,0.094081,0.10036,0.09536,0.09444,0.0944,0.094441,0.0976,0.097641,0.0954,0.09396,0.0962,0.12468,0.120081,0.09932,0.098361,0.11512,0.101441,0.09904,0.09888,0.09824,0.10288,0.0964,0.10428,0.098441,0.09412,0.094961,0.09328,0.10188,0.200921,0.10256,0.099201,0.09924,0.098161,0.09924,0.10384,0.101,0.09676,0.09252,0.105201,0.09788,0.099601,0.09436,0.09324,0.102321,0.1842]",0.09080000221729279,0.22832100093364716,0.10468746021389962,0.10001999884843826,0.024099521233821176,50,3,"[13.573163,0.14048,0.098961,0.108081,0.11116,0.091681,0.09156,0.10276,0.09556,0.10176,0.091681,0.09544,0.105001,0.09332,0.1002,0.09372,0.09548,0.100321,0.09616,0.185721,0.10728,0.10044,0.10628,0.10292,0.10332,0.10112,0.101281,0.10884,0.098081,0.09648,0.094121,0.09244,0.10016,0.09824,0.09224,0.100841,0.1704,0.10756,0.10104,0.10552,0.09996,0.09936,0.094,0.09268,0.104761,0.09392,0.10008,0.09524,0.09396,0.09732,0.095761,0.0908,0.228321]",0.03872000053524971,0.10948000103235245,0.045519319847226146,0.04303999990224838,0.011312891470590518,50,3,"[0.377961,0.05136,0.04432,0.04552,0.04616,0.04668,0.03872,0.04444,0.04132,0.042841,0.0448,0.04192,0.04264,0.04064,0.042281,0.04236,0.04284,0.04288,0.0412,0.08864,0.04472,0.041401,0.04256,0.043321,0.04532,0.04652,0.04316,0.04384,0.04308,0.043,0.04292,0.04192,0.046881,0.0426,0.04388,0.04268,0.05112,0.04512,0.04412,0.03936,0.04404,0.04244,0.04448,0.04272,0.04308,0.04364,0.04388,0.039881,0.04352,0.04248,0.04144,0.04148,0.10948]",,,,,,,,,32,4,2048,768,151936,True,True,False,1984,3,50,4,2048,768,generic,generic,,,CUDA_EVENT,BF16,none
,,,,,,,,,,,,,,,,0.08947999775409698,0.20576100051403046,0.1003457798063755,0.09516049921512604,0.02044042146758157,50,3,"[0.238401,0.106001,0.09864,0.11512,0.09872,0.101521,0.09516,0.09392,0.09208,0.09168,0.09144,0.09108,0.09624,0.08968,0.09604,0.0956,0.095161,0.09304,0.0972,0.130081,0.12348,0.09644,0.09608,0.09304,0.093441,0.09896,0.08988,0.09532,0.09268,0.09192,0.09052,0.09028,0.09688,0.08976,0.09356,0.08948,0.205761,0.10308,0.10404,0.0966,0.097401,0.09656,0.09964,0.10048,0.09384,0.093681,0.09384,0.09228,0.092281,0.091,0.09764,0.094801,0.17888]",0.09015999734401703,0.19004100561141968,0.10076830074191094,0.09482000023126602,0.020980723481114145,50,3,"[0.11588,0.09988,0.09584,0.10388,0.096361,0.09448,0.09444,0.097361,0.0964,0.09464,0.096961,0.0936,0.0938,0.090841,0.093,0.09344,0.09328,0.10924,0.090601,0.17752,0.10232,0.096401,0.09776,0.10276,0.09996,0.09588,0.096721,0.09676,0.09248,0.092841,0.09776,0.09204,0.091401,0.09356,0.09016,0.091881,0.17892,0.099721,0.09644,0.097361,0.09756,0.0944,0.09816,0.095,0.10528,0.0922,0.0926,0.091761,0.09192,0.09284,0.092881,0.0908,0.190041]",0.038920000195503235,0.10672000050544739,0.04454407997429371,0.042100001126527786,0.011160828224536193,50,3,"[0.13136,0.04236,0.043441,0.04516,0.04332,0.04244,0.0412,0.04308,0.04264,0.04408,0.0426,0.0428,0.04064,0.04136,0.04196,0.04076,0.04172,0.04252,0.04148,0.089361,0.04432,0.04164,0.03892,0.04244,0.04172,0.04432,0.04372,0.042,0.041281,0.04216,0.04192,0.041601,0.0434,0.043,0.042601,0.04092,0.04972,0.03996,0.04264,0.0418,0.0416,0.04188,0.04144,0.043,0.04236,0.0416,0.04164,0.04152,0.04244,0.04204,0.04124,0.04252,0.10672]",,,,,,,,,32,4,2048,768,151936,True,True,False,1976,3,50,4,2048,768,generic,generic,,,CUDA_EVENT,BF16,none
,,,,,,,,,,,,,,,,0.08603999763727188,0.20412099361419678,0.10034413978457452,0.09453999996185303,0.021085064917407803,50,3,"[0.231321,0.10612,0.10064,0.11512,0.0976,0.094881,0.0946,0.10012,0.08604,0.0956,0.09192,0.09292,0.09328,0.0912,0.12832,0.09352,0.093641,0.09264,0.0932,0.118041,0.11224,0.09948,0.09992,0.0946,0.094601,0.09448,0.096,0.10008,0.09316,0.09744,0.09132,0.0918,0.0914,0.09184,0.09284,0.08936,0.204121,0.10224,0.1,0.09636,0.094401,0.09624,0.09728,0.094801,0.0922,0.09336,0.09372,0.0952,0.08968,0.093,0.08992,0.09204,0.18944]",0.0894400030374527,0.21132099628448486,0.10118752092123032,0.09516050294041634,0.025604255444752026,50,3,"[0.11648,0.10392,0.097041,0.10068,0.096081,0.09564,0.09572,0.091561,0.0924,0.0956,0.092321,0.09244,0.08952,0.097161,0.0952,0.09368,0.09188,0.0916,0.09132,0.20332,0.11024,0.099241,0.1006,0.095121,0.09556,0.097,0.094121,0.09544,0.09308,0.092761,0.09644,0.0932,0.091281,0.097,0.0962,0.093121,0.18848,0.105961,0.09544,0.09588,0.09528,0.09752,0.095601,0.09316,0.09344,0.092641,0.09296,0.0912,0.090161,0.0916,0.08944,0.092761,0.211321]",0.038759998977184296,0.09108000248670578,0.04401372008025646,0.042160000652074814,0.009448718666416427,50,3,"[0.12748,0.04072,0.04336,0.04408,0.04236,0.0436,0.04316,0.04228,0.04256,0.042921,0.04048,0.0418,0.042921,0.04044,0.03876,0.04264,0.04136,0.04232,0.04164,0.09108,0.04392,0.04132,0.04148,0.04204,0.04216,0.04176,0.0412,0.0422,0.040361,0.04092,0.04092,0.040761,0.04592,0.04124,0.042281,0.0428,0.04928,0.0406,0.04244,0.03948,0.04236,0.04212,0.04188,0.04408,0.04216,0.04296,0.0424,0.042841,0.0412,0.0416,0.04064,0.0408,0.08816]",,,,,,,,,32,4,2048,768,151936,True,True,False,1968,3,50,4,2048,768,generic,generic,,,CUDA_EVENT,BF16,none
,,,,,,,,,,,,,,,,0.08451999723911285,0.19543999433517456,0.10124659970402718,0.09602050110697746,0.01875588929854711,50,3,"[166.81398,0.148441,0.1126,0.11988,0.11184,0.09576,0.09872,0.09448,0.093521,0.10116,0.08604,0.094,0.09024,0.093201,0.09228,0.09332,0.10412,0.08452,0.094801,0.11292,0.10684,0.0982,0.09536,0.10844,0.10304,0.0998,0.09656,0.096281,0.09192,0.102081,0.09988,0.09312,0.09112,0.09224,0.102721,0.09416,0.19544,0.10208,0.09568,0.09716,0.09956,0.093801,0.09768,0.096281,0.09464,0.0946,0.11096,0.098761,0.09388,0.094441,0.09172,0.095,0.17808]",0.08876000344753265,0.1860799938440323,0.10107145994901658,0.09680049866437912,0.018294564826682624,50,3,"[13.104092,0.12988,0.098921,0.102761,0.10604,0.091081,0.09052,0.0986,0.0924,0.10268,0.091921,0.09136,0.09916,0.0914,0.10816,0.090921,0.09272,0.09796,0.0932,0.17252,0.107201,0.1004,0.112721,0.09716,0.095001,0.0938,0.09424,0.1038,0.0948,0.09504,0.09348,0.091081,0.10212,0.08932,0.09132,0.09748,0.146161,0.10832,0.098121,0.09688,0.096721,0.09692,0.09648,0.09892,0.09732,0.101921,0.10148,0.09284,0.08964,0.09064,0.08876,0.094001,0.18608]",0.03895999863743782,0.1138399988412857,0.04556569993495941,0.04278000071644783,0.01218920333437283,50,3,"[0.307401,0.04792,0.04392,0.04912,0.04432,0.04116,0.04124,0.047721,0.04656,0.0402,0.04084,0.0418,0.04208,0.04516,0.04332,0.04076,0.04208,0.043561,0.04188,0.09316,0.04352,0.0416,0.04276,0.0428,0.04456,0.04228,0.04208,0.04388,0.041961,0.04616,0.0428,0.0434,0.04528,0.04264,0.04072,0.04164,0.04588,0.04384,0.04784,0.04144,0.0414,0.03896,0.043241,0.0426,0.04192,0.04364,0.04328,0.04228,0.040961,0.04164,0.04732,0.04516,0.11384]",,,,,,,,,32,4,2048,768,151936,True,True,False,1980,3,50,4,2048,768,generic,generic,,,CUDA_EVENT,BF16,none
,,,,,,,,,,,,,,,,0.0880810022354126,0.19444000720977783,0.10005700081586838,0.09424050152301788,0.02052708153762647,50,3,"[0.225601,0.1048,0.0956,0.1142,0.09692,0.09436,0.09336,0.102001,0.09712,0.09104,0.094121,0.09016,0.09284,0.090961,0.12236,0.0976,0.088081,0.095,0.0906,0.117641,0.11232,0.095201,0.09664,0.09468,0.093321,0.09436,0.09412,0.09288,0.10028,0.08984,0.09456,0.09208,0.091,0.09204,0.09096,0.09068,0.194361,0.10312,0.09904,0.09244,0.094961,0.09368,0.09728,0.097681,0.09364,0.10744,0.09108,0.09228,0.09088,0.0922,0.09436,0.09064,0.19444]",0.0870399996638298,0.20144100487232208,0.1009210804104805,0.0936799980700016,0.025129832125264026,50,3,"[0.11288,0.10468,0.094561,0.1016,0.097161,0.09344,0.0996,0.08704,0.09364,0.08952,0.09284,0.09128,0.09268,0.09784,0.09532,0.092321,0.09152,0.0918,0.092001,0.1972,0.1042,0.10188,0.09536,0.094801,0.09624,0.0952,0.095921,0.10036,0.09484,0.091721,0.08992,0.09208,0.091681,0.09112,0.09348,0.099481,0.1988,0.100601,0.09344,0.09548,0.0996,0.10272,0.089721,0.0972,0.09216,0.090161,0.09188,0.09372,0.101521,0.091,0.09096,0.090561,0.201441]",0.03820100054144859,0.0997999981045723,0.044357759803533556,0.042159998789429665,0.010732670842561777,50,3,"[0.126881,0.04324,0.04372,0.04332,0.04224,0.04156,0.042681,0.04304,0.0422,0.04136,0.04256,0.04212,0.0412,0.043,0.04228,0.04108,0.04236,0.04112,0.04124,0.092761,0.042521,0.0416,0.04148,0.0408,0.04388,0.04164,0.0466,0.04028,0.042841,0.0418,0.04248,0.041201,0.04168,0.04124,0.042521,0.04296,0.04844,0.04336,0.04104,0.04144,0.0458,0.04236,0.04156,0.04264,0.04184,0.04248,0.04088,0.038201,0.04136,0.04248,0.040641,0.04192,0.0998]",,,,,,,,,32,4,2048,768,151936,True,True,False,1960,3,50,4,2048,768,generic,generic,,,CUDA_EVENT,BF16,none
,,,,,,,,,,,,,,,,0.08872000128030777,0.20504100620746613,0.09888026028871537,0.09346000105142593,0.019616831461787207,50,3,"[0.227841,0.10464,0.09612,0.11656,0.097201,0.10184,0.09208,0.0958,0.09232,0.09088,0.0902,0.09316,0.093561,0.09264,0.09612,0.09464,0.08968,0.092921,0.09136,0.11748,0.110681,0.09728,0.098241,0.0922,0.09568,0.09236,0.095,0.097441,0.0922,0.09352,0.089961,0.09456,0.09156,0.09284,0.09024,0.089841,0.205041,0.100601,0.09564,0.09664,0.09176,0.0952,0.098681,0.09304,0.09472,0.09032,0.09236,0.092041,0.0934,0.09808,0.08872,0.09196,0.173761]",0.08872000128030777,0.192440003156662,0.09922577977180481,0.09404049813747406,0.019017839785236683,50,3,"[0.11248,0.10116,0.094561,0.10144,0.09404,0.09512,0.094041,0.09312,0.09212,0.09224,0.09048,0.09008,0.09956,0.09288,0.093241,0.08996,0.09236,0.09312,0.0954,0.178121,0.10828,0.09848,0.09944,0.09584,0.092481,0.09344,0.09688,0.097,0.09176,0.093681,0.09312,0.09244,0.090801,0.09208,0.09936,0.08872,0.13944,0.09824,0.09468,0.097001,0.09884,0.0956,0.09692,0.09596,0.096641,0.09596,0.09392,0.098,0.09196,0.091161,0.09128,0.09212,0.19244]",0.03815999999642372,0.10552100092172623,0.04466814003884792,0.04237999953329563,0.010608962725180344,50,3,"[0.139241,0.04084,0.04208,0.047361,0.04308,0.04244,0.04184,0.03816,0.042441,0.0424,0.046,0.04028,0.04296,0.04044,0.04184,0.04192,0.04116,0.04716,0.04184,0.08388,0.04376,0.042321,0.04056,0.04236,0.04128,0.04872,0.042081,0.04228,0.04224,0.0418,0.04308,0.042481,0.04172,0.03984,0.04264,0.04052,0.04696,0.0428,0.04164,0.041,0.04216,0.0422,0.04156,0.04272,0.0428,0.04248,0.04436,0.0432,0.04164,0.04272,0.04368,0.043081,0.105521]",,,,,,,,,32,4,2048,768,151936,True,True,False,1972,3,50,4,2048,768,generic,generic,,,CUDA_EVENT,BF16,none
,,,,,,,,,,,,,,,,0.0828000009059906,0.18148000538349152,0.09869862034916878,0.09416050091385841,0.018180811529987493,50,3,"[0.230641,0.10476,0.096041,0.11852,0.099281,0.09536,0.0948,0.09364,0.09124,0.090961,0.09688,0.08888,0.09388,0.08924,0.122081,0.09036,0.0954,0.105281,0.0828,0.113801,0.11468,0.0968,0.0954,0.09556,0.091801,0.09456,0.09536,0.09324,0.09456,0.093361,0.09576,0.09336,0.09156,0.09052,0.089521,0.08932,0.18148,0.10188,0.0944,0.094401,0.09452,0.09388,0.095,0.09168,0.093921,0.09576,0.0894,0.09352,0.09048,0.08952,0.08944,0.08936,0.178521]",0.08892100304365158,0.20268000662326813,0.09982900053262711,0.09338000044226646,0.022570127613481247,50,3,"[0.11372,0.10048,0.09456,0.0998,0.09692,0.09576,0.0936,0.0918,0.098401,0.09104,0.09108,0.088921,0.09328,0.09068,0.09212,0.09244,0.091441,0.09344,0.091,0.19332,0.1042,0.098441,0.0978,0.100041,0.097,0.09328,0.09264,0.101,0.091561,0.09292,0.09284,0.094881,0.09132,0.09072,0.09012,0.0908,0.164,0.10056,0.10144,0.09564,0.09404,0.097041,0.09444,0.09332,0.09596,0.09396,0.096801,0.09088,0.09152,0.092121,0.09232,0.09012,0.20268]",0.03959999978542328,0.0952799990773201,0.044092120155692104,0.041999999433755875,0.0090983334763391,50,3,"[0.129961,0.044441,0.04452,0.04396,0.04168,0.042081,0.04184,0.042,0.0426,0.0444,0.04236,0.04208,0.04332,0.04204,0.04216,0.04436,0.0418,0.0396,0.04156,0.09528,0.04396,0.04108,0.03988,0.04176,0.04164,0.043201,0.04244,0.04332,0.0488,0.04168,0.04176,0.04216,0.0418,0.041241,0.04188,0.04136,0.04448,0.04092,0.042,0.04036,0.04176,0.04192,0.04176,0.04304,0.04396,0.04208,0.04172,0.04304,0.041521,0.04172,0.04084,0.042761,0.079641]",,,,,,,,,32,4,2048,768,151936,True,True,False,1964,3,50,4,2048,768,generic,generic,,,CUDA_EVENT,BF16,none
,,,,,,,,,,,,,,,,0.08692000061273575,0.20096099376678467,0.10063383996486663,0.09496000036597252,0.0201819535467263,50,3,"[168.160431,0.152641,0.10968,0.1218,0.09988,0.0988,0.09368,0.09316,0.098081,0.0912,0.09988,0.08808,0.09488,0.0902,0.09424,0.091041,0.09308,0.0964,0.09416,0.1148,0.115001,0.0984,0.094801,0.12104,0.08692,0.10148,0.098361,0.09276,0.093001,0.0906,0.102721,0.09132,0.09316,0.09304,0.0922,0.090201,0.200961,0.099601,0.10136,0.098481,0.09628,0.09504,0.0956,0.0972,0.09176,0.0928,0.10196,0.09404,0.09652,0.090441,0.09936,0.08832,0.1836]",0.08771999925374985,0.19924099743366241,0.10148669987916946,0.09668000042438507,0.020549581329787413,50,3,"[13.458804,0.12816,0.095761,0.112961,0.1068,0.089481,0.08832,0.10176,0.10112,0.09848,0.09208,0.09184,0.097761,0.09028,0.1002,0.09504,0.09484,0.100721,0.0964,0.172961,0.1046,0.099521,0.10704,0.099841,0.09448,0.097481,0.0938,0.10248,0.0952,0.0918,0.09116,0.08916,0.097761,0.08928,0.09176,0.10336,0.16316,0.10404,0.09984,0.09832,0.09696,0.103241,0.09612,0.094841,0.09148,0.093601,0.101361,0.09244,0.09128,0.08772,0.0916,0.089321,0.199241]",0.03736000135540962,0.09948000311851501,0.04387285999953747,0.04181999899446964,0.010384426017083623,50,3,"[0.357201,0.05372,0.04372,0.04576,0.04332,0.04112,0.04088,0.04192,0.042,0.043841,0.0408,0.04124,0.04184,0.04076,0.04672,0.0412,0.04032,0.04096,0.0406,0.09948,0.04212,0.04152,0.0434,0.04276,0.04036,0.04188,0.04252,0.0424,0.03876,0.04032,0.04468,0.04096,0.04212,0.04072,0.040081,0.042,0.04648,0.04348,0.03736,0.04092,0.04084,0.04244,0.04084,0.04164,0.04268,0.04124,0.04256,0.03888,0.042041,0.04232,0.04076,0.0418,0.088]",,,,,,,,,32,4,2048,768,151936,True,True,False,1985,3,50,4,2048,768,generic,generic,,,CUDA_EVENT,BF16,none
,,,,,,,,,,,,,,,,0.08172000199556351,0.2027209997177124,0.09802666038274765,0.09225999936461449,0.020901968205752044,50,3,"[0.239961,0.11248,0.09676,0.11536,0.098361,0.09376,0.1076,0.09248,0.09404,0.08912,0.09068,0.09204,0.0906,0.09044,0.09336,0.098441,0.09328,0.09116,0.091601,0.11084,0.11328,0.09796,0.09432,0.096241,0.09112,0.0956,0.094401,0.09436,0.096,0.08808,0.09024,0.08812,0.09148,0.088,0.08872,0.090161,0.202721,0.098321,0.0992,0.09148,0.096601,0.09052,0.093361,0.09096,0.09128,0.094241,0.08172,0.09024,0.089721,0.09136,0.09072,0.089281,0.18836]",0.08796100318431854,0.18636000156402588,0.09820426017045975,0.09262100234627724,0.01983893390021939,50,3,"[0.1136,0.09904,0.091601,0.10064,0.09936,0.09612,0.092601,0.09324,0.09096,0.089281,0.09056,0.08968,0.093721,0.09048,0.09384,0.09092,0.09048,0.096161,0.09,0.18636,0.100361,0.1012,0.09524,0.09572,0.09532,0.092281,0.09124,0.10452,0.091081,0.09232,0.08988,0.087961,0.09044,0.08992,0.089241,0.09108,0.15808,0.09928,0.0946,0.092641,0.09552,0.09908,0.09672,0.09824,0.093001,0.09336,0.08932,0.090561,0.08948,0.09,0.09008,0.08924,0.178801]",0.03959999978542328,0.09143999963998795,0.04350651979446411,0.04148000106215477,0.008747281221157392,50,3,"[0.128281,0.04532,0.04084,0.044041,0.04288,0.04276,0.04084,0.04104,0.041361,0.04092,0.04116,0.04152,0.03996,0.04192,0.040441,0.04128,0.04116,0.04172,0.04512,0.07888,0.04124,0.04072,0.041561,0.04148,0.04024,0.04156,0.04652,0.04128,0.04232,0.04164,0.0416,0.04212,0.04,0.04068,0.04072,0.04148,0.047121,0.04216,0.04016,0.04044,0.04116,0.040481,0.04392,0.04344,0.04288,0.04152,0.04008,0.0396,0.04176,0.0406,0.046,0.0404,0.09144]",,,,,,,,,32,4,2048,768,151936,True,True,False,1977,3,50,4,2048,768,generic,generic,,,CUDA_EVENT,BF16,none
,,,,,,,,,,,,,,,,0.08551999926567078,0.19620099663734436,0.0969386200606823,0.0920804999768734,0.017684407290474876,50,3,"[0.229401,0.104,0.09356,0.11176,0.096761,0.09308,0.0942,0.090441,0.09372,0.09148,0.0906,0.08688,0.09228,0.090441,0.12328,0.09168,0.08952,0.09612,0.09052,0.11372,0.11256,0.096161,0.095,0.09172,0.092041,0.09308,0.09212,0.09404,0.08784,0.09272,0.08552,0.0894,0.08944,0.09016,0.0886,0.09132,0.196201,0.09948,0.093481,0.09284,0.08948,0.0946,0.09696,0.092561,0.09132,0.09068,0.091841,0.08744,0.08996,0.087361,0.09,0.09448,0.150041]",0.0881199985742569,0.19828000664710999,0.09903945997357369,0.09314050152897835,0.022819562849133706,50,3,"[0.116,0.09848,0.1002,0.1026,0.09496,0.09384,0.095641,0.10064,0.09144,0.095361,0.0904,0.09028,0.091001,0.09184,0.09212,0.096761,0.09012,0.09104,0.093281,0.1812,0.09912,0.09676,0.09472,0.094321,0.09252,0.09524,0.093801,0.09236,0.093,0.090841,0.08812,0.08956,0.089481,0.0926,0.09448,0.088561,0.19828,0.101121,0.09368,0.09448,0.091481,0.09352,0.0958,0.09284,0.09396,0.091841,0.09128,0.09172,0.09128,0.096,0.08924,0.09208,0.18536]",0.03888000175356865,0.0934009999036789,0.0437849797308445,0.04145999997854233,0.009726556179766642,50,3,"[0.130561,0.047361,0.04152,0.043121,0.04276,0.04408,0.0462,0.04276,0.04216,0.041,0.04088,0.04012,0.04064,0.0412,0.046361,0.03888,0.04132,0.040881,0.03976,0.087841,0.041601,0.03944,0.04104,0.04504,0.0448,0.04088,0.0408,0.04136,0.041201,0.04088,0.0418,0.040081,0.04164,0.04032,0.04244,0.04104,0.04632,0.04148,0.03972,0.04036,0.04036,0.04304,0.041681,0.04228,0.04144,0.04172,0.04412,0.04368,0.04148,0.0416,0.0412,0.04104,0.093401]",,,,,,,,,32,4,2048,768,151936,True,True,False,1969,3,50,4,2048,768,generic,generic,,,CUDA_EVENT,BF16,none
,,,,,,,,,,,,,,,,0.08432000130414963,0.19668099284172058,0.09741226032376289,0.0919400006532669,0.019272273372490416,50,3,"[166.427765,0.14976,0.107801,0.12256,0.099521,0.09364,0.09216,0.092761,0.08812,0.09176,0.09212,0.087561,0.08672,0.08704,0.0872,0.08708,0.0882,0.08432,0.090041,0.1316,0.10964,0.09256,0.092321,0.1086,0.0914,0.095961,0.09784,0.10132,0.08816,0.0916,0.10208,0.086481,0.08712,0.0864,0.09324,0.085281,0.196681,0.09908,0.093561,0.09124,0.09128,0.09108,0.102,0.0886,0.09124,0.090761,0.09988,0.092281,0.08992,0.08832,0.09488,0.094201,0.1632]",0.08776000142097473,0.18172100186347961,0.09785861983895301,0.09298000112175941,0.018408931428849726,50,3,"[12.92848,0.12408,0.0944,0.101521,0.10044,0.0894,0.088721,0.09692,0.093,0.09296,0.090801,0.08984,0.09492,0.09056,0.093201,0.08852,0.09184,0.0994,0.08776,0.17296,0.0994,0.094441,0.0996,0.09516,0.091481,0.09992,0.0898,0.098761,0.0916,0.0894,0.0908,0.08848,0.09824,0.08968,0.08904,0.09732,0.14884,0.10272,0.09372,0.0932,0.09228,0.091721,0.09384,0.09016,0.092361,0.09232,0.09432,0.09112,0.09552,0.095,0.088121,0.09008,0.181721]",0.032280001789331436,0.09336099773645401,0.045598499849438666,0.04370049946010113,0.00974473498863954,50,3,"[0.351441,0.049481,0.04548,0.04696,0.04512,0.0434,0.04772,0.04236,0.04372,0.043681,0.0422,0.04176,0.04352,0.041921,0.04288,0.04252,0.03228,0.04412,0.043,0.093361,0.04604,0.04316,0.04268,0.04484,0.04956,0.04644,0.04268,0.04416,0.04288,0.04296,0.04416,0.04524,0.04324,0.04124,0.04444,0.0426,0.04556,0.046001,0.04244,0.04272,0.046281,0.04216,0.0444,0.04416,0.04192,0.0442,0.04436,0.04788,0.04008,0.0438,0.04396,0.04288,0.09028]",,,,,,,,,32,4,2048,768,151936,True,True,False,1981,3,50,4,2048,768,generic,generic,,,CUDA_EVENT,BF16,none
,,,,,,,,,,,,,,,,0.08532000333070755,0.20428000390529633,0.09710821986198426,0.09189999848604202,0.020683849448245615,50,3,"[0.235201,0.1034,0.09684,0.113,0.09396,0.093801,0.09276,0.0936,0.0906,0.09152,0.088281,0.09104,0.09008,0.089601,0.12764,0.089,0.0918,0.08784,0.09032,0.10744,0.10632,0.094281,0.09272,0.0914,0.09608,0.0872,0.094281,0.09,0.09196,0.088321,0.09084,0.09268,0.08752,0.09124,0.08636,0.091,0.20428,0.09436,0.09404,0.095641,0.092,0.09432,0.09372,0.09456,0.092081,0.094,0.0874,0.089961,0.09184,0.08532,0.090641,0.08752,0.179241]",0.08683999627828598,0.1907999962568283,0.09874101981520653,0.09267999976873398,0.022145363891582046,50,3,"[0.11316,0.0974,0.09224,0.09872,0.093441,0.09692,0.08684,0.0908,0.09,0.09168,0.09168,0.0936,0.09064,0.0956,0.09256,0.089401,0.09056,0.0886,0.089841,0.17952,0.0988,0.0968,0.1016,0.092881,0.09344,0.09368,0.09676,0.09272,0.092001,0.12048,0.08988,0.090761,0.08916,0.08888,0.089401,0.08792,0.181121,0.10116,0.099,0.09356,0.09208,0.094441,0.09264,0.09596,0.09332,0.0958,0.095321,0.08936,0.09036,0.088201,0.09136,0.087,0.1908]",0.03895999863743782,0.0934009999036789,0.04375131994485855,0.041840000078082085,0.008447484142947262,50,3,"[0.1288,0.0462,0.0424,0.04296,0.04256,0.04276,0.042361,0.042,0.04388,0.0424,0.0414,0.04192,0.04172,0.04148,0.0428,0.04064,0.04116,0.04144,0.04276,0.093401,0.044241,0.03988,0.03896,0.04036,0.04208,0.042601,0.04272,0.04248,0.0416,0.044,0.041481,0.04156,0.03996,0.040881,0.04144,0.04116,0.04684,0.0488,0.04032,0.04192,0.04052,0.04152,0.04188,0.04332,0.04788,0.04148,0.04112,0.0418,0.04204,0.04096,0.04112,0.04068,0.07232]",,,,,,,,,32,4,2048,768,151936,True,True,False,1961,3,50,4,2048,768,generic,generic,,,CUDA_EVENT,BF16,none
,,,,,,,,,,,,,,,,0.07959999889135361,0.20684100687503815,0.09401860013604164,0.08845999836921692,0.02116630898228759,50,3,"[0.225401,0.1076,0.09168,0.106121,0.09144,0.0896,0.096241,0.08368,0.09124,0.08488,0.08768,0.08316,0.08784,0.08588,0.08804,0.09064,0.09092,0.096001,0.0804,0.1394,0.1082,0.09056,0.0922,0.08868,0.088,0.08644,0.09492,0.093721,0.08204,0.08648,0.08548,0.087001,0.0796,0.08532,0.08528,0.08344,0.206841,0.09236,0.091081,0.09688,0.08504,0.0922,0.08996,0.08824,0.08456,0.085721,0.08476,0.09112,0.09348,0.086041,0.08944,0.08752,0.165161]",0.08188000321388245,0.1897200047969818,0.0948146404325962,0.09030050039291382,0.01927426174336535,50,3,"[0.10744,0.09592,0.08876,0.09864,0.09624,0.090321,0.09172,0.09092,0.08816,0.088321,0.08812,0.08412,0.08716,0.088321,0.09096,0.09296,0.086601,0.09036,0.08748,0.159401,0.098281,0.09288,0.09284,0.091521,0.09628,0.09588,0.08188,0.09384,0.08804,0.08964,0.084481,0.08852,0.08652,0.08576,0.08712,0.086401,0.15456,0.10232,0.09152,0.09252,0.09176,0.092041,0.09032,0.09,0.090281,0.08776,0.09492,0.08664,0.088481,0.087,0.08848,0.08272,0.18972]",0.03956000134348869,0.10336100310087204,0.046396919935941694,0.04367999918758869,0.01048760517838296,50,3,"[0.13676,0.04828,0.04336,0.04844,0.04504,0.04764,0.04428,0.04452,0.043201,0.04312,0.04436,0.04292,0.043,0.04776,0.04352,0.0432,0.04348,0.04308,0.0424,0.0884,0.0438,0.04232,0.04292,0.04784,0.04332,0.04492,0.04372,0.04408,0.04492,0.04256,0.04268,0.04172,0.04232,0.0416,0.043,0.0424,0.05264,0.046001,0.04276,0.04348,0.043121,0.03956,0.04432,0.04364,0.05156,0.04816,0.04484,0.047881,0.0432,0.04412,0.0448,0.043921,0.103361]",,,,,,,,,32,4,2048,768,151936,True,True,False,1973,3,50,4,2048,768,generic,generic,,,CUDA_EVENT,BF16,none
,,,,,,,,,,,,,,,,0.08739999681711197,0.22139999270439148,0.09958983972668647,0.09394049644470215,0.023057426765246167,50,3,"[171.413788,0.1476,0.10464,0.1254,0.0972,0.0948,0.095401,0.09472,0.08956,0.09364,0.09252,0.089321,0.08952,0.09076,0.088641,0.0904,0.09436,0.095841,0.08808,0.11068,0.1078,0.0926,0.09372,0.1138,0.09236,0.10456,0.095601,0.09564,0.09108,0.09328,0.10072,0.089561,0.08932,0.09016,0.095321,0.0874,0.2214,0.099,0.096401,0.0944,0.09108,0.09496,0.09228,0.094161,0.09156,0.096,0.10432,0.093561,0.09696,0.08908,0.089601,0.09004,0.190921]",0.08991999924182892,0.20280000567436218,0.10151065945625305,0.09583999961614609,0.022156413953007804,50,3,"[13.398563,0.12444,0.095361,0.106481,0.10184,0.093881,0.08992,0.1004,0.092561,0.09736,0.09236,0.09308,0.09772,0.092161,0.09624,0.09824,0.092841,0.09772,0.09192,0.190561,0.10032,0.096601,0.1028,0.09676,0.09496,0.09488,0.09588,0.10464,0.094201,0.09524,0.0958,0.0934,0.09864,0.094481,0.09152,0.10172,0.166881,0.10524,0.09596,0.09636,0.094801,0.09852,0.09656,0.09556,0.0946,0.091481,0.09524,0.096,0.09104,0.093121,0.09348,0.09076,0.2028]",0.039239998906850815,0.12151999771595001,0.0472088597714901,0.04409999959170818,0.013843816925207645,50,3,"[0.30684,0.04876,0.04608,0.0448,0.0466,0.04464,0.0486,0.04332,0.04408,0.0422,0.043001,0.04256,0.0442,0.0426,0.04392,0.04372,0.04152,0.04476,0.04252,0.12152,0.04368,0.04332,0.045,0.05556,0.04536,0.04488,0.04404,0.04608,0.04416,0.04492,0.0448,0.04232,0.04332,0.04732,0.04324,0.04412,0.0516,0.0482,0.04272,0.04372,0.04352,0.04336,0.044321,0.0454,0.03924,0.04436,0.04512,0.04332,0.04432,0.04248,0.04352,0.04312,0.105441]",,,,,,,,,32,4,2048,768,151936,True,True,False,1983,3,50,4,2048,768,generic,generic,,,CUDA_EVENT,BF16,none
,,,,,,,,,,,,,,,,0.08392000198364258,0.19308100640773773,0.09414103984832764,0.08903999999165535,0.01847670381938868,50,3,"[0.232601,0.103001,0.09216,0.1076,0.09552,0.09212,0.08888,0.0892,0.08624,0.09036,0.086601,0.08792,0.09072,0.09436,0.110841,0.0866,0.08624,0.08512,0.087001,0.11524,0.11084,0.092401,0.09676,0.09572,0.086601,0.09068,0.08932,0.0892,0.08936,0.08668,0.08432,0.086761,0.0922,0.08704,0.08516,0.084321,0.193081,0.1008,0.089641,0.08916,0.08892,0.09044,0.0974,0.08504,0.08788,0.084841,0.08492,0.08756,0.08544,0.085801,0.08392,0.08528,0.159001]",0.0828000009059906,0.19196000695228577,0.09559544011950492,0.0902005024254322,0.021640691542566856,50,3,"[0.10984,0.09516,0.09012,0.097321,0.09272,0.09156,0.089281,0.08744,0.08888,0.08976,0.0904,0.09136,0.0828,0.088681,0.09096,0.08664,0.089,0.086201,0.08576,0.17016,0.097481,0.09768,0.0852,0.091601,0.09204,0.0928,0.091,0.090001,0.08756,0.08832,0.093801,0.08732,0.08644,0.08608,0.089601,0.09304,0.17716,0.097121,0.093,0.0898,0.09672,0.09316,0.09228,0.09192,0.089121,0.09088,0.08772,0.0866,0.087401,0.08716,0.08708,0.0918,0.19196]",0.039080001413822174,0.08940000087022781,0.04561211988329887,0.043859999626874924,0.009017458749426688,50,3,"[0.13072,0.04532,0.05164,0.04536,0.04392,0.041281,0.04368,0.04388,0.04384,0.04392,0.04368,0.0442,0.04532,0.04352,0.04636,0.04324,0.042641,0.04372,0.04388,0.08808,0.04744,0.04496,0.04312,0.04228,0.04332,0.0434,0.039321,0.0442,0.04908,0.04208,0.04344,0.04464,0.04408,0.04412,0.04316,0.0424,0.05,0.0458,0.04292,0.0436,0.03944,0.04412,0.03908,0.045881,0.04432,0.04292,0.04256,0.042521,0.04268,0.04396,0.04564,0.044201,0.0894]",,,,,,,,,32,4,2048,768,151936,True,True,False,1965,3,50,4,2048,768,generic,generic,,,CUDA_EVENT,BF16,none
,,,,,,,,,,,,,,,,0.08603999763727188,0.23264099657535553,0.10059385970234871,0.09444049745798111,0.025812598106432928,50,3,"[168.324448,0.160721,0.1162,0.12152,0.10044,0.1032,0.09556,0.09324,0.090681,0.08996,0.088,0.091721,0.08608,0.09404,0.09556,0.09268,0.095561,0.08604,0.09596,0.109041,0.114,0.09384,0.092,0.110481,0.0954,0.099041,0.09568,0.0954,0.08932,0.101,0.09828,0.08784,0.093961,0.08912,0.09476,0.092041,0.232641,0.100241,0.09188,0.094441,0.0972,0.0978,0.09444,0.0902,0.092721,0.09328,0.1042,0.09508,0.0912,0.08984,0.09092,0.09048,0.211681]",0.08432000130414963,0.23044000566005707,0.09998183995485306,0.09338000044226646,0.025665286225037137,50,3,"[13.584203,0.13744,0.097881,0.103921,0.10132,0.089161,0.08432,0.09732,0.09048,0.09848,0.089161,0.08932,0.10036,0.090441,0.09984,0.0862,0.0894,0.09344,0.088081,0.19272,0.107641,0.09856,0.09964,0.09528,0.09156,0.0984,0.09236,0.100361,0.09196,0.092401,0.09096,0.09264,0.0946,0.0892,0.088121,0.09008,0.16512,0.10516,0.09992,0.09356,0.09536,0.092201,0.095,0.0964,0.09332,0.09724,0.09384,0.092921,0.08792,0.0878,0.086921,0.08824,0.23044]",0.036320000886917114,0.0934009999036789,0.04576098024845123,0.04424000158905983,0.00910885556113737,50,3,"[0.397521,0.05036,0.04644,0.05012,0.04708,0.03928,0.04284,0.044841,0.04216,0.04372,0.04724,0.03632,0.04636,0.04132,0.04424,0.042401,0.0428,0.04436,0.04172,0.083281,0.04524,0.04144,0.04396,0.0444,0.048441,0.0448,0.04524,0.04616,0.04252,0.04456,0.04612,0.042681,0.04732,0.04176,0.04196,0.0434,0.049161,0.04492,0.043401,0.04424,0.04312,0.03852,0.04584,0.04468,0.04296,0.0434,0.04388,0.04464,0.04116,0.044641,0.04228,0.04772,0.093401]",,,,,,,,,32,4,2048,768,151936,True,True,False,1978,3,50,4,2048,768,generic,generic,,,CUDA_EVENT,BF16,none
,,,,,,,,,,,,,,,,0.08636000007390976,0.20268000662326813,0.10040820002555848,0.0950005017220974,0.02005118232513741,50,3,"[170.569458,0.15416,0.1076,0.12508,0.10256,0.09636,0.094921,0.09692,0.098241,0.08972,0.09388,0.092001,0.09076,0.09148,0.08996,0.09828,0.0884,0.0914,0.09288,0.123961,0.11388,0.09556,0.09464,0.11136,0.09352,0.10268,0.098921,0.09688,0.09288,0.09508,0.10004,0.088961,0.08976,0.09688,0.089601,0.0958,0.20268,0.0994,0.09704,0.09908,0.08636,0.094801,0.09404,0.09472,0.093,0.09276,0.10504,0.09628,0.0922,0.09088,0.089321,0.10196,0.177601]",0.08668000251054764,0.20508000254631042,0.10017304033041001,0.09490050002932549,0.021655117713567356,50,3,"[13.628503,0.125,0.09384,0.104401,0.10188,0.091521,0.08668,0.0992,0.08976,0.09844,0.090841,0.09052,0.09596,0.094521,0.09508,0.08816,0.089521,0.09516,0.09004,0.18868,0.10292,0.115961,0.10596,0.096521,0.09504,0.0992,0.10196,0.1012,0.093641,0.08996,0.09148,0.09404,0.094,0.089281,0.087,0.09824,0.143281,0.10616,0.095881,0.09392,0.09388,0.09492,0.09552,0.094881,0.09792,0.09228,0.09672,0.09096,0.0878,0.09148,0.09176,0.08944,0.20508]",0.038359999656677246,0.09408000111579895,0.04649609990417957,0.04389999993145466,0.010500266270972147,50,3,"[0.35448,0.05,0.04536,0.0472,0.04584,0.0448,0.08184,0.043921,0.04248,0.04392,0.04252,0.04204,0.04824,0.04256,0.0456,0.040401,0.04332,0.03836,0.041641,0.08464,0.0486,0.04432,0.04288,0.043,0.04568,0.04016,0.04444,0.045201,0.04388,0.0436,0.04268,0.04332,0.04324,0.04228,0.04736,0.04404,0.047,0.05084,0.04152,0.044,0.04276,0.04284,0.04516,0.04412,0.04384,0.04248,0.044761,0.0426,0.04252,0.04548,0.0428,0.044,0.09408]",,,,,,,,,32,4,2048,768,151936,True,True,False,1979,3,50,4,2048,768,generic,generic,,,CUDA_EVENT,BF16,none
,,,,,,,,,,,,,,,,0.08647999912500381,0.21352100372314453,0.09711220011115074,0.09134049713611603,0.021383179651179165,50,3,"[0.232441,0.113401,0.08692,0.11452,0.09284,0.091161,0.09616,0.08724,0.089721,0.08756,0.08936,0.09164,0.09152,0.09032,0.09104,0.09664,0.09272,0.09268,0.08688,0.12,0.11144,0.0926,0.09344,0.097641,0.09472,0.091,0.089681,0.08764,0.08868,0.093641,0.0926,0.093,0.088801,0.08648,0.08988,0.0882,0.213521,0.09916,0.10204,0.08976,0.092921,0.09312,0.09084,0.090641,0.08992,0.09336,0.09088,0.09196,0.08956,0.08956,0.09028,0.08936,0.177281]",0.08755999803543091,0.2160000056028366,0.09748582005500793,0.0914199985563755,0.02146127121844692,50,3,"[0.11228,0.0976,0.0924,0.10324,0.09972,0.0888,0.0934,0.09028,0.09004,0.08828,0.08996,0.089201,0.09084,0.09572,0.088521,0.09,0.08964,0.091921,0.09068,0.172841,0.10232,0.10156,0.095481,0.09488,0.091,0.091881,0.08968,0.0988,0.098521,0.09084,0.09188,0.08952,0.08892,0.08768,0.09128,0.088961,0.13488,0.099201,0.0956,0.096,0.09496,0.09384,0.09468,0.09252,0.09324,0.09156,0.087801,0.08976,0.0898,0.090881,0.08972,0.08756,0.216]",0.03951999917626381,0.09024100005626678,0.045407319739460945,0.04315999895334244,0.008705664779246435,50,3,"[0.1292,0.04612,0.043481,0.05032,0.0456,0.03952,0.04352,0.04392,0.04308,0.04244,0.042601,0.04244,0.04324,0.04296,0.0428,0.04304,0.043601,0.0432,0.04312,0.08316,0.04812,0.04284,0.04432,0.04384,0.04316,0.04424,0.0438,0.0518,0.04404,0.04244,0.04244,0.043,0.04256,0.0422,0.042361,0.04256,0.0482,0.04604,0.04428,0.044161,0.04232,0.04256,0.04348,0.04488,0.04276,0.043401,0.0416,0.04248,0.04212,0.044,0.04316,0.0424,0.090241]",,,,,,,,,32,4,2048,768,151936,True,True,False,1975,3,50,4,2048,768,generic,generic,,,CUDA_EVENT,BF16,none
,,,,,,,,,,,,,,,,0.08268000185489655,0.23391999304294586,0.09640900030732155,0.09100000187754631,0.02382513681867414,50,3,"[0.23856,0.10256,0.0994,0.11572,0.09452,0.09208,0.095161,0.08968,0.09144,0.09212,0.09,0.0854,0.08956,0.087321,0.0868,0.08996,0.090361,0.09384,0.08616,0.109001,0.11028,0.0926,0.09204,0.09076,0.093,0.0904,0.093,0.092521,0.0886,0.08864,0.08692,0.08896,0.08964,0.08748,0.090241,0.08488,0.23392,0.09688,0.09124,0.093041,0.09888,0.09328,0.093521,0.09016,0.08844,0.089241,0.08724,0.09324,0.091441,0.09244,0.08268,0.08724,0.17848]",0.08620099723339081,0.21748100221157074,0.09743542015552521,0.09245999902486801,0.021896451110625288,50,3,"[0.108121,0.103241,0.08832,0.101401,0.09364,0.09476,0.09048,0.09132,0.09288,0.09184,0.08896,0.08624,0.088321,0.09044,0.09328,0.098201,0.09212,0.09064,0.08968,0.17092,0.09976,0.094681,0.09396,0.1004,0.09436,0.0892,0.08832,0.09592,0.08832,0.08828,0.095601,0.08972,0.09032,0.086201,0.09132,0.08764,0.144281,0.09852,0.09908,0.0976,0.0928,0.096241,0.09452,0.09432,0.094481,0.08832,0.09348,0.0896,0.08692,0.089,0.08844,0.087561,0.217481]",0.0376800000667572,0.11020000278949738,0.045983319953083995,0.04343999922275543,0.012394647824605433,50,3,"[0.13516,0.0472,0.04388,0.04588,0.05084,0.045641,0.04468,0.042,0.042001,0.04268,0.04232,0.043,0.04444,0.04816,0.04436,0.04448,0.03768,0.0432,0.043,0.10088,0.04412,0.03828,0.04176,0.044081,0.04268,0.04332,0.040881,0.04332,0.04404,0.046201,0.04396,0.04264,0.0432,0.04188,0.0442,0.04332,0.0492,0.04372,0.04356,0.04252,0.04268,0.04356,0.03808,0.044,0.04308,0.04372,0.0442,0.04432,0.04276,0.0444,0.043281,0.04276,0.1102]",,,,,,,,,32,4,2048,768,151936,True,True,False,1970,3,50,4,2048,768,generic,generic,,,CUDA_EVENT,BF16,none
,,,,,,,,,,,,,,,,0.07636100053787231,0.22032000124454498,0.09770260035991668,0.09228000044822693,0.022823998790550134,50,3,"[0.233361,0.10408,0.094,0.11124,0.09584,0.09368,0.0926,0.08864,0.09872,0.096721,0.08408,0.09004,0.089481,0.08732,0.08912,0.09232,0.09016,0.095041,0.09592,0.13096,0.11048,0.096,0.09476,0.09208,0.097881,0.0912,0.09336,0.09132,0.09224,0.089401,0.08832,0.0886,0.088521,0.09604,0.08424,0.08664,0.22032,0.09876,0.09556,0.095801,0.09376,0.095201,0.08964,0.09088,0.08796,0.10584,0.08668,0.08984,0.09588,0.076361,0.09048,0.08816,0.181041]",0.08355999737977982,0.2078399956226349,0.097432199716568,0.09190050140023232,0.022417909167163085,50,3,"[0.11088,0.10132,0.096281,0.09828,0.09552,0.09212,0.093361,0.11148,0.08484,0.08908,0.08984,0.09,0.08856,0.09128,0.088561,0.08956,0.09956,0.08548,0.09028,0.184041,0.0984,0.094321,0.0944,0.09608,0.09416,0.09024,0.091681,0.09624,0.09104,0.09048,0.08832,0.095481,0.08492,0.08964,0.088921,0.08688,0.151561,0.10008,0.096041,0.0978,0.09264,0.0938,0.09396,0.089321,0.09228,0.09388,0.09548,0.08356,0.0882,0.09024,0.088,0.08388,0.20784]",0.038759998977184296,0.10608000308275223,0.04584650009870529,0.04336000047624111,0.01162042860085299,50,3,"[0.1306,0.04492,0.04512,0.04432,0.04488,0.04488,0.04284,0.0458,0.044081,0.04276,0.04304,0.04208,0.04248,0.04292,0.04636,0.03876,0.042921,0.03888,0.04192,0.10608,0.04424,0.0422,0.04352,0.04196,0.04408,0.04312,0.04368,0.0434,0.04456,0.04868,0.04088,0.04424,0.04384,0.04232,0.04424,0.0432,0.04912,0.04732,0.04292,0.04408,0.042241,0.04332,0.0432,0.04408,0.0476,0.044001,0.04428,0.04068,0.0422,0.04316,0.0428,0.040681,0.09748]",,,,,,,,,32,4,2048,768,151936,True,True,False,1971,3,50,4,2048,768,generic,generic,,,CUDA_EVENT,BF16,none
,,,,,,,,,,,,,,,,0.0817210003733635,0.21712100505828857,0.09790502041578293,0.09233999997377396,0.021675298995563422,50,3,"[0.2296,0.10436,0.09384,0.116721,0.09788,0.09216,0.091081,0.09296,0.09452,0.091361,0.091,0.08776,0.089881,0.08844,0.12184,0.089761,0.0928,0.09428,0.087721,0.116,0.10884,0.093321,0.09212,0.09052,0.09072,0.0958,0.09556,0.0924,0.09164,0.0936,0.09196,0.0882,0.09012,0.09412,0.09228,0.08204,0.217121,0.10124,0.094881,0.0926,0.096,0.09384,0.09372,0.09124,0.08956,0.08876,0.08988,0.09564,0.09156,0.09352,0.081721,0.09076,0.173801]",0.08179999887943268,0.24872000515460968,0.09808109983801842,0.09212049841880798,0.025768115639824517,50,3,"[0.115241,0.100401,0.09392,0.10312,0.09644,0.092121,0.0914,0.09184,0.089961,0.09456,0.09096,0.089201,0.0888,0.08644,0.088881,0.09344,0.08884,0.091681,0.09,0.17584,0.099601,0.09404,0.09528,0.098601,0.09428,0.09204,0.091961,0.1004,0.093,0.09276,0.08772,0.08976,0.095281,0.0818,0.09028,0.090361,0.14412,0.096881,0.09948,0.09212,0.094521,0.09364,0.09292,0.092961,0.09288,0.09176,0.092241,0.08964,0.0862,0.090201,0.08708,0.088,0.24872]",0.039000000804662704,0.08752000331878662,0.04574167996644974,0.04382000118494034,0.008420086789965253,50,3,"[0.12904,0.04568,0.04048,0.04748,0.04544,0.04436,0.04516,0.04452,0.04492,0.043,0.04356,0.0436,0.043,0.04376,0.04768,0.04368,0.04476,0.04336,0.04372,0.08752,0.04532,0.03904,0.04388,0.04412,0.04368,0.04508,0.04356,0.04564,0.043201,0.039,0.04356,0.042441,0.04392,0.046,0.04196,0.04336,0.05288,0.04508,0.04388,0.04332,0.04392,0.04332,0.043201,0.0444,0.0442,0.050641,0.0436,0.04452,0.04132,0.04252,0.04212,0.04144,0.08344]",,,,,,,,,32,4,2048,768,151936,True,True,False,1967,3,50,4,2048,768,generic,generic,,,CUDA_EVENT,BF16,none
,,,,,,,,,,,,,,,,0.08591999858617783,0.21772100031375885,0.09752020031213761,0.09071999788284302,0.02452571271258094,50,3,"[0.219521,0.098961,0.09496,0.111441,0.09588,0.098,0.09628,0.09172,0.08908,0.091,0.08808,0.09128,0.091521,0.09244,0.12572,0.08888,0.09,0.0878,0.088841,0.11112,0.1118,0.09148,0.09208,0.091121,0.0926,0.09044,0.092801,0.08956,0.091,0.096601,0.08644,0.08748,0.08624,0.08916,0.08632,0.08776,0.205041,0.1088,0.09032,0.091,0.08652,0.09108,0.0904,0.09028,0.09396,0.09032,0.08928,0.089401,0.08592,0.08844,0.086801,0.08876,0.217721]",0.08560000360012054,0.19392000138759613,0.09778822004795075,0.09173999726772308,0.023440177724468676,50,3,"[0.10904,0.09748,0.09224,0.10464,0.09112,0.0934,0.08748,0.0918,0.092041,0.09136,0.09168,0.092521,0.0926,0.08684,0.090201,0.0856,0.08956,0.088961,0.08904,0.19392,0.106001,0.09536,0.09388,0.09048,0.09468,0.09128,0.09252,0.09676,0.08876,0.09092,0.09096,0.0894,0.086721,0.08728,0.08712,0.089441,0.187,0.098441,0.0938,0.09188,0.095841,0.09432,0.09544,0.092361,0.09308,0.09584,0.092521,0.08964,0.08996,0.0892,0.09036,0.0886,0.1868]",0.038839999586343765,0.11727999895811081,0.046193679869174956,0.043220000341534615,0.013574368618224636,50,3,"[0.13708,0.04548,0.043521,0.04632,0.039641,0.04376,0.04256,0.044241,0.04268,0.03884,0.043321,0.0428,0.04292,0.04208,0.0426,0.0426,0.0426,0.04256,0.04376,0.10656,0.04552,0.0404,0.04248,0.04208,0.0436,0.04312,0.0452,0.04296,0.04724,0.04192,0.04268,0.042561,0.04256,0.04424,0.04468,0.0432,0.04988,0.04528,0.04344,0.04208,0.0426,0.0428,0.04388,0.04244,0.04492,0.04404,0.04492,0.0452,0.04404,0.04344,0.04592,0.04324,0.11728]",,,,,,,,,32,4,2048,768,151936,True,True,False,1962,3,50,4,2048,768,generic,generic,,,CUDA_EVENT,BF16,none
,,,,,,,,,,,,,,,,0.08476100116968155,0.18991999328136444,0.09567785993218422,0.08992000296711922,0.01904269174604893,50,3,"[0.222801,0.101241,0.09176,0.110681,0.0968,0.087721,0.09088,0.088,0.08696,0.09584,0.08496,0.09028,0.08588,0.08832,0.118,0.08984,0.090321,0.0882,0.08736,0.115241,0.11108,0.099081,0.09148,0.09216,0.08824,0.09,0.090241,0.08656,0.09868,0.089001,0.091,0.08824,0.08776,0.08756,0.08596,0.08628,0.18992,0.099441,0.09932,0.094961,0.09108,0.08968,0.09172,0.0896,0.088521,0.09308,0.08616,0.089761,0.08612,0.0912,0.084761,0.08748,0.172481]",0.08500000089406967,0.185479998588562,0.09605379968881607,0.09098000079393387,0.019236398424251712,50,3,"[0.10792,0.09728,0.09548,0.10072,0.09356,0.09272,0.09196,0.089761,0.09144,0.08924,0.089921,0.08604,0.08924,0.086921,0.091,0.08768,0.08952,0.09644,0.092241,0.16168,0.09884,0.0954,0.0902,0.092961,0.0932,0.09364,0.0978,0.09476,0.093041,0.08856,0.08808,0.089721,0.08928,0.08716,0.088961,0.08908,0.16368,0.09568,0.0948,0.08756,0.0948,0.092761,0.09292,0.09628,0.08964,0.09096,0.08784,0.08912,0.085,0.090001,0.08796,0.08744,0.18548]",0.038679998368024826,0.08371999859809875,0.04458169989287853,0.04285999946296215,0.007160389939488189,50,3,"[0.12756,0.0462,0.04452,0.04452,0.0436,0.04296,0.04372,0.04408,0.04284,0.043841,0.03868,0.0426,0.042721,0.04212,0.04224,0.04236,0.044,0.04248,0.04288,0.08372,0.045801,0.0422,0.04164,0.0426,0.0434,0.048121,0.04356,0.04444,0.04332,0.0418,0.04152,0.04212,0.04188,0.04308,0.0418,0.04344,0.0486,0.04508,0.04352,0.04292,0.04276,0.04264,0.0456,0.042521,0.04272,0.04268,0.04204,0.0428,0.0428,0.0436,0.04388,0.04168,0.07316]",,,,,,,,,32,4,2048,768,151936,True,True,False,1963,3,50,4,2048,768,generic,generic,,,CUDA_EVENT,BF16,none
,,,,,,,,,,,,,,,,0.0907600000500679,0.2125999927520752,0.10391781941056251,0.09672049805521965,0.023410921267754847,50,3,"[167.422394,0.15108,0.112401,0.12268,0.10056,0.124,0.097081,0.098,0.09308,0.097161,0.09396,0.09276,0.10044,0.09328,0.096,0.0918,0.096521,0.09112,0.0936,0.137641,0.11192,0.0968,0.096641,0.11208,0.09784,0.10288,0.09728,0.093481,0.09388,0.0938,0.149961,0.094,0.09076,0.0922,0.09084,0.0922,0.2126,0.10488,0.10024,0.093841,0.09504,0.10052,0.098121,0.10092,0.09424,0.097801,0.10408,0.096961,0.09512,0.09252,0.09616,0.09184,0.19476]",0.08764000236988068,0.2308409959077835,0.10370903953909874,0.09738050028681755,0.02683663542080624,50,3,"[13.442271,0.13396,0.10376,0.109281,0.10672,0.0932,0.08948,0.09872,0.09084,0.09932,0.10056,0.09284,0.097201,0.09468,0.09644,0.090961,0.09248,0.11124,0.093921,0.20508,0.10228,0.098601,0.10624,0.1052,0.096121,0.09264,0.0986,0.10332,0.10152,0.09468,0.09816,0.09048,0.09904,0.08908,0.09144,0.10656,0.180561,0.10768,0.099641,0.09884,0.09472,0.099401,0.09376,0.09756,0.097201,0.09168,0.10624,0.09224,0.09004,0.08764,0.091241,0.08924,0.230841]",0.03539999946951866,0.10347999632358551,0.04213453985750675,0.039160000160336494,0.011866205412208163,50,3,"[0.313841,0.04556,0.04432,0.04224,0.04296,0.04188,0.03884,0.03908,0.037761,0.03904,0.03912,0.038401,0.039,0.038,0.03968,0.03856,0.039,0.0402,0.04188,0.0954,0.03956,0.0354,0.03896,0.045641,0.04128,0.04192,0.039521,0.04096,0.03896,0.039281,0.04116,0.03868,0.038801,0.0376,0.03792,0.04004,0.0436,0.04044,0.03796,0.03888,0.0392,0.0418,0.04036,0.04344,0.03896,0.04044,0.04028,0.0386,0.03824,0.038201,0.0384,0.03772,0.10348]",,,,,,,,,32,4,2048,768,151936,True,True,False,1978,3,50,8,2048,768,generic,generic,,,CUDA_EVENT,BF16,none
,,,,,,,,,,,,,,,,0.08900000154972076,0.25756099820137024,0.10004500046372414,0.09328000247478485,0.02679781421146762,50,3,"[0.239961,0.10684,0.09604,0.11104,0.10288,0.095161,0.09548,0.09148,0.090641,0.09172,0.09256,0.09812,0.09116,0.09488,0.0934,0.0938,0.09244,0.09168,0.098361,0.11736,0.1156,0.09756,0.09388,0.094881,0.09184,0.09352,0.09788,0.09364,0.09316,0.08992,0.09272,0.08932,0.09216,0.091521,0.09316,0.09664,0.257561,0.1014,0.094561,0.0938,0.09116,0.096201,0.09316,0.092,0.092481,0.09192,0.09116,0.089961,0.0958,0.09132,0.089,0.09088,0.19032]",0.08711999654769897,0.23692099750041962,0.09859140038490295,0.09252049773931503,0.02424898023892663,50,3,"[0.1144,0.0994,0.09524,0.10236,0.09652,0.08964,0.09136,0.09204,0.08916,0.10052,0.08976,0.092401,0.08712,0.08876,0.089521,0.08936,0.08928,0.090361,0.08964,0.16212,0.099481,0.09928,0.0938,0.09384,0.10444,0.09192,0.09208,0.09316,0.09268,0.090561,0.09172,0.09264,0.087521,0.09768,0.09316,0.0896,0.1614,0.09632,0.09336,0.10192,0.094601,0.09436,0.09604,0.093041,0.09452,0.09236,0.09592,0.09056,0.09016,0.08816,0.089121,0.08732,0.236921]",0.03516000136733055,0.11351999640464783,0.04183449998497963,0.038660500198602676,0.014034623806274392,50,3,"[0.12476,0.0404,0.04028,0.03964,0.04016,0.03848,0.03668,0.0386,0.03852,0.0398,0.038201,0.03896,0.03796,0.03788,0.03828,0.039,0.0402,0.03884,0.03948,0.10648,0.04012,0.03836,0.038041,0.03788,0.0402,0.040841,0.04104,0.04012,0.038721,0.03968,0.03844,0.04472,0.03852,0.0394,0.03824,0.03764,0.04536,0.0368,0.03516,0.03856,0.03892,0.0394,0.03812,0.03956,0.03564,0.0384,0.0404,0.03832,0.03996,0.038521,0.03852,0.03744,0.11352]",,,,,,,,,32,4,2048,768,151936,True,True,False,1970,3,50,8,2048,768,generic,generic,,,CUDA_EVENT,BF16,none
,,,,,,,,,,,,,,,,0.08931999653577805,0.1961210072040558,0.09972982078790665,0.09372049942612648,0.0192828469662796,50,3,"[0.2276,0.10652,0.096121,0.11512,0.094761,0.09364,0.09356,0.090521,0.09704,0.09272,0.091201,0.09272,0.09196,0.092,0.12336,0.09392,0.10228,0.09312,0.09232,0.11596,0.11788,0.09668,0.095201,0.09356,0.09932,0.094921,0.0944,0.09368,0.093761,0.0928,0.091,0.098281,0.09324,0.0926,0.0924,0.0894,0.196121,0.099841,0.09588,0.09756,0.092,0.09756,0.09384,0.09496,0.10112,0.09228,0.0972,0.09264,0.09136,0.089401,0.09212,0.08932,0.177961]",0.08692099899053574,0.21371999382972717,0.09996023952960968,0.09347999840974808,0.024148207024388437,50,3,"[0.112921,0.096801,0.09972,0.100361,0.09372,0.0936,0.093601,0.09476,0.09004,0.095201,0.09396,0.08912,0.08828,0.090481,0.10284,0.0902,0.091601,0.08964,0.08704,0.176801,0.10088,0.09832,0.10588,0.09684,0.09576,0.0932,0.09436,0.09128,0.09332,0.09592,0.09168,0.0904,0.0932,0.09036,0.090881,0.09176,0.187,0.1122,0.0928,0.094961,0.09336,0.09772,0.097641,0.09628,0.09208,0.090441,0.09656,0.09036,0.086921,0.08792,0.09296,0.099801,0.21372]",0.03463999927043915,0.11484000086784363,0.042156100049614904,0.039080001413822174,0.013020551604441996,50,3,"[0.12288,0.03772,0.04176,0.04052,0.03896,0.05072,0.0388,0.04016,0.03876,0.03944,0.03932,0.03792,0.037841,0.03464,0.04068,0.038041,0.04052,0.03852,0.03836,0.0932,0.04012,0.038401,0.03968,0.03796,0.03924,0.03908,0.03908,0.03984,0.03876,0.03976,0.0384,0.03836,0.03856,0.038121,0.03812,0.03908,0.04688,0.04168,0.0378,0.03868,0.03836,0.03936,0.04024,0.04104,0.041521,0.03956,0.04,0.03888,0.03816,0.04376,0.03848,0.0396,0.11484]",,,,,,,,,32,4,2048,768,151936,True,True,False,1962,3,50,8,2048,768,generic,generic,,,CUDA_EVENT,BF16,none
,,,,,,,,,,,,,,,,0.08948100358247757,0.21063999831676483,0.1019794200360775,0.096220001578331,0.022128062698519874,50,3,"[170.274841,0.141401,0.1088,0.12712,0.11464,0.101881,0.0972,0.09512,0.09296,0.09428,0.092401,0.09456,0.0914,0.09244,0.09188,0.09328,0.09924,0.091641,0.09384,0.114001,0.11668,0.09712,0.09508,0.11012,0.09396,0.10088,0.09916,0.09524,0.09612,0.09576,0.099441,0.09244,0.089481,0.09272,0.09632,0.091161,0.21064,0.10288,0.09872,0.097,0.09412,0.096681,0.09632,0.098441,0.09992,0.096441,0.10132,0.10332,0.0906,0.093241,0.09092,0.09128,0.19756]",0.08972100168466568,0.18420100212097168,0.10324195995926858,0.09916000068187714,0.019430310599507325,50,3,"[13.556423,0.13852,0.094761,0.109081,0.1048,0.09004,0.09276,0.101041,0.09632,0.108161,0.0936,0.09416,0.101,0.09152,0.101441,0.09492,0.091281,0.10028,0.09584,0.18312,0.10592,0.101481,0.11464,0.100721,0.09788,0.096441,0.09768,0.117201,0.09372,0.094001,0.0944,0.0914,0.09664,0.09088,0.098721,0.09912,0.159841,0.10632,0.100481,0.0992,0.106041,0.10012,0.0998,0.0992,0.10016,0.10172,0.099401,0.098,0.093681,0.09,0.094,0.089721,0.184201]",0.03691999986767769,0.10787999629974365,0.041481659859418867,0.03890000097453594,0.011492704511337642,50,3,"[0.313961,0.04456,0.04044,0.04644,0.04284,0.03788,0.03856,0.03928,0.04376,0.04012,0.03744,0.037441,0.03816,0.0372,0.03876,0.03856,0.04,0.0382,0.0388,0.08364,0.03916,0.03792,0.03916,0.04004,0.04044,0.03964,0.03916,0.04124,0.0378,0.03856,0.0386,0.037201,0.04116,0.03764,0.0372,0.03836,0.0442,0.04112,0.03804,0.03912,0.03944,0.03812,0.03956,0.039,0.039241,0.03716,0.03968,0.0384,0.038,0.0386,0.03692,0.03924,0.10788]",,,,,,,,,32,4,2048,768,151936,True,True,False,1980,3,50,8,2048,768,generic,generic,,,CUDA_EVENT,BF16,none
,,,,,,,,,,,,,,,,0.08547999709844589,0.2393999993801117,0.09914103999733925,0.093299999833107,0.024037713276948956,50,3,"[0.230801,0.105761,0.09924,0.115081,0.10144,0.0948,0.094001,0.09756,0.09088,0.09068,0.08892,0.08972,0.09592,0.090761,0.09284,0.0944,0.091361,0.09068,0.09072,0.11712,0.122121,0.09604,0.09512,0.093361,0.09136,0.09604,0.093001,0.0988,0.0918,0.0936,0.09128,0.0906,0.09032,0.090361,0.09028,0.09136,0.2394,0.103,0.09444,0.093681,0.09332,0.096,0.099161,0.09328,0.09432,0.0908,0.09232,0.08792,0.08828,0.098801,0.08872,0.08548,0.175801]",0.08219999819993973,0.19648000597953796,0.099600979834795,0.09508050233125687,0.02037784209890411,50,3,"[0.11552,0.09988,0.09412,0.10872,0.09596,0.09576,0.09528,0.09808,0.09308,0.092961,0.10172,0.09144,0.091761,0.09096,0.09144,0.09176,0.08928,0.0916,0.09008,0.183041,0.1034,0.09788,0.099481,0.09444,0.098,0.102841,0.09588,0.096,0.09336,0.09436,0.0902,0.08964,0.094561,0.09184,0.09636,0.09012,0.147721,0.0984,0.09316,0.0958,0.10252,0.09692,0.09592,0.09492,0.09868,0.089761,0.09328,0.09804,0.095241,0.0822,0.09008,0.08964,0.19648]",0.03471999987959862,0.0926399976015091,0.040543259754776954,0.03834000043570995,0.00987619631689052,50,3,"[0.12508,0.04036,0.0386,0.04044,0.04008,0.03888,0.03868,0.03868,0.037521,0.0376,0.03956,0.03864,0.03752,0.03772,0.03872,0.0384,0.03472,0.03844,0.03744,0.09264,0.03976,0.03804,0.03692,0.03788,0.03788,0.04008,0.03808,0.03828,0.038801,0.03788,0.03748,0.03876,0.04548,0.03788,0.03972,0.03828,0.0432,0.03876,0.0376,0.03772,0.04104,0.03816,0.03808,0.03864,0.035361,0.0376,0.0392,0.03932,0.03744,0.0392,0.03772,0.03776,0.08348]",,,,,,,,,32,4,2048,768,151936,True,True,False,1972,3,50,8,2048,768,generic,generic,,,CUDA_EVENT,BF16,none
,,,,,,,,,,,,,,,,0.09103900194168091,0.23051799833774567,0.1057316805422306,0.0988989993929863,0.024152674470435235,50,3,"[171.709045,0.156678,0.113479,0.123558,0.103799,0.099679,0.106639,0.095439,0.098879,0.097839,0.095839,0.106879,0.095479,0.096239,0.094319,0.095439,0.094318,0.094039,0.106599,0.118038,0.114519,0.100279,0.098919,0.115799,0.097879,0.101519,0.102559,0.109799,0.097519,0.098079,0.104639,0.098439,0.095079,0.095239,0.091039,0.093679,0.230518,0.104159,0.110879,0.100239,0.098439,0.099319,0.103879,0.107479,0.097999,0.093279,0.105479,0.097999,0.104959,0.095758,0.094199,0.097239,0.206758]",0.08907900005578995,0.20439699292182922,0.10158997997641564,0.09571849927306175,0.021762990488991482,50,3,"[13.99762,0.142078,0.099159,0.107679,0.103759,0.093639,0.089839,0.099158,0.093319,0.101599,0.091319,0.092359,0.100519,0.093279,0.099958,0.093959,0.101679,0.099079,0.093919,0.200598,0.105838,0.100759,0.111239,0.099079,0.097799,0.093039,0.100039,0.100879,0.094799,0.092319,0.092159,0.092239,0.104478,0.090359,0.090239,0.100119,0.130758,0.107239,0.089599,0.096959,0.095359,0.094199,0.099758,0.095598,0.093799,0.095839,0.096238,0.095519,0.094319,0.089919,0.089879,0.089079,0.204397]",0.03643900156021118,0.10999900102615356,0.042973900064826015,0.040119998157024384,0.011969980739930301,50,3,"[0.403955,0.045119,0.04164,0.042839,0.04508,0.042559,0.039679,0.04024,0.03852,0.04332,0.036559,0.04088,0.04012,0.039079,0.04376,0.03968,0.040919,0.03992,0.039239,0.109999,0.040759,0.039839,0.040759,0.0402,0.040079,0.042919,0.040759,0.043319,0.039799,0.04004,0.04012,0.038839,0.04212,0.03912,0.042599,0.0392,0.046399,0.04092,0.03928,0.039639,0.036439,0.03872,0.04128,0.03916,0.0396,0.040399,0.04592,0.0396,0.041519,0.03928,0.03924,0.038559,0.089879]",,,,,,,,,32,4,2048,768,151936,True,True,False,1982,3,50,8,2048,768,generic,generic,,,CUDA_EVENT,BF16,none
,,,,,,,,,,,,,,,,0.08644100278615952,0.19800099730491638,0.09908502027392388,0.09239999949932098,0.021876140941232008,50,3,"[0.22208,0.10668,0.0954,0.11172,0.0964,0.09396,0.09288,0.09148,0.091281,0.0908,0.09116,0.09088,0.09684,0.09144,0.12284,0.091281,0.09144,0.09084,0.09032,0.13072,0.118,0.093561,0.0958,0.09112,0.09264,0.09408,0.0936,0.09312,0.090961,0.09292,0.09024,0.088921,0.08952,0.09104,0.10216,0.089041,0.198001,0.1014,0.096161,0.09508,0.09212,0.096761,0.0924,0.0934,0.089841,0.09212,0.0924,0.0888,0.08908,0.10088,0.0886,0.086441,0.19776]",0.0891600027680397,0.22020000219345093,0.10173305988311768,0.0950000025331974,0.026077132967377358,50,3,"[0.11376,0.09956,0.096921,0.10692,0.099241,0.09484,0.09484,0.095521,0.08972,0.09508,0.1012,0.092121,0.0942,0.09432,0.092321,0.09168,0.08964,0.1006,0.093121,0.2202,0.1036,0.09708,0.09776,0.09612,0.096321,0.10012,0.09716,0.092241,0.0946,0.09492,0.09104,0.08976,0.09808,0.0898,0.091081,0.093,0.18772,0.101521,0.09636,0.09812,0.101401,0.09724,0.09708,0.093401,0.09684,0.09264,0.09212,0.100321,0.0902,0.09168,0.08916,0.09168,0.200921]",0.03723999857902527,0.09480100125074387,0.04121532022953033,0.03880000114440918,0.00991643863431459,50,3,"[0.135361,0.03992,0.03872,0.04084,0.03948,0.04084,0.03944,0.03824,0.05084,0.0388,0.039081,0.03764,0.038,0.03724,0.03872,0.0382,0.038,0.039001,0.03884,0.094801,0.039321,0.03784,0.03772,0.042761,0.03824,0.03904,0.03856,0.03856,0.03828,0.03824,0.03832,0.03768,0.0406,0.03808,0.03936,0.0388,0.0444,0.03888,0.03764,0.03832,0.04008,0.03888,0.04044,0.03868,0.03888,0.04312,0.037481,0.03884,0.03812,0.038,0.0386,0.03944,0.08156]",,,,,,,,,32,4,2048,768,151936,True,True,False,1964,3,50,8,2048,768,generic,generic,,,CUDA_EVENT,BF16,none
,,,,,,,,,,,,,,,,0.08827900141477585,0.2099979966878891,0.10026847988367081,0.09495849907398224,0.0203959110745318,50,3,"[0.236077,0.109238,0.097839,0.121079,0.101119,0.098159,0.094119,0.094439,0.095159,0.092999,0.094319,0.091438,0.094879,0.092239,0.088879,0.095439,0.092119,0.094719,0.095038,0.121119,0.119079,0.098799,0.097279,0.093199,0.095679,0.096838,0.093959,0.095879,0.091159,0.093239,0.091039,0.091279,0.104319,0.096398,0.088279,0.090999,0.209998,0.103879,0.097439,0.094559,0.097679,0.097239,0.090559,0.098239,0.095119,0.099719,0.091999,0.092559,0.092999,0.096719,0.093959,0.090559,0.175518]",0.08695899695158005,0.1937980055809021,0.09909094005823135,0.09279900044202805,0.022275070777660975,50,3,"[0.114039,0.103759,0.094799,0.105399,0.099159,0.095559,0.091999,0.089519,0.093119,0.089639,0.090839,0.089199,0.094199,0.095359,0.091279,0.090879,0.091639,0.096079,0.088639,0.190198,0.102839,0.098799,0.097519,0.101319,0.092159,0.092759,0.094679,0.096119,0.091399,0.090799,0.087799,0.090479,0.092759,0.089359,0.092319,0.089079,0.171718,0.101799,0.101879,0.096559,0.097479,0.093999,0.093039,0.092839,0.096159,0.093039,0.091039,0.090559,0.090919,0.090399,0.089479,0.086959,0.193798]",0.03596000000834465,0.10135900229215622,0.04188993997871876,0.039439499378204346,0.010993229970346532,50,3,"[0.126359,0.041519,0.04048,0.041,0.04028,0.03596,0.037279,0.04028,0.044399,0.039199,0.04016,0.0388,0.039639,0.038439,0.03944,0.040599,0.039119,0.04216,0.03892,0.087919,0.04056,0.038639,0.03884,0.036119,0.03988,0.04192,0.039439,0.03828,0.0402,0.03888,0.039239,0.038239,0.04176,0.03808,0.0384,0.039239,0.0456,0.04076,0.039639,0.03988,0.039399,0.038239,0.0396,0.043839,0.03948,0.042039,0.038479,0.03868,0.0388,0.03956,0.039399,0.038439,0.101359]",,,,,,,,,32,4,2048,768,151936,True,True,False,1974,3,50,8,2048,768,generic,generic,,,CUDA_EVENT,BF16,none
,,,,,,,,,,,,,,,,0.08859899640083313,0.2213979959487915,0.10097725987434387,0.09441849961876869,0.02327601589465904,50,3,"[0.230517,0.105078,0.094799,0.115318,0.099439,0.095159,0.094479,0.095199,0.091319,0.093599,0.091079,0.094598,0.089479,0.094679,0.122479,0.091799,0.093239,0.094119,0.094719,0.144198,0.107119,0.101078,0.095999,0.095079,0.094119,0.096159,0.095359,0.092879,0.093719,0.092359,0.091879,0.092399,0.089519,0.098999,0.092119,0.092039,0.221398,0.102679,0.096159,0.103599,0.094358,0.097239,0.095719,0.092919,0.093199,0.091759,0.095559,0.092919,0.093599,0.093199,0.088599,0.091879,0.188358]",0.08751899749040604,0.21699699759483337,0.09971731960773468,0.09349899739027023,0.02446287665372706,50,3,"[0.111159,0.097839,0.091879,0.099999,0.095079,0.096279,0.093879,0.096839,0.088719,0.096879,0.090959,0.091319,0.090439,0.089679,0.092439,0.090199,0.096519,0.092479,0.090999,0.203478,0.099959,0.097599,0.098719,0.099599,0.100439,0.095239,0.091199,0.092159,0.091679,0.090359,0.090759,0.097439,0.088759,0.094839,0.088839,0.089879,0.154958,0.105199,0.096599,0.097719,0.094479,0.096799,0.091639,0.093279,0.099079,0.091959,0.091239,0.088119,0.090719,0.093719,0.092199,0.087519,0.216997]",0.035399001091718674,0.1059190034866333,0.042402780279517174,0.039640000090003014,0.011884647755922665,50,3,"[0.124959,0.041119,0.039759,0.041959,0.0404,0.039319,0.03992,0.045319,0.039599,0.04184,0.03948,0.03968,0.03844,0.039399,0.03936,0.03992,0.043519,0.039879,0.03984,0.105919,0.039879,0.03912,0.043079,0.03848,0.042279,0.04144,0.04048,0.038959,0.03956,0.04392,0.0388,0.041039,0.038319,0.038519,0.03844,0.03768,0.04608,0.038,0.035399,0.04048,0.03872,0.041239,0.0396,0.041999,0.0406,0.03644,0.03616,0.038359,0.039359,0.03832,0.03876,0.04412,0.092719]",,,,,,,,,32,4,2048,768,151936,True,True,False,1966,3,50,8,2048,768,generic,generic,,,CUDA_EVENT,BF16,none
,,,,,,,,,,,,,,,,0.08179999887943268,0.22835999727249146,0.0995266205072403,0.09296050295233727,0.023818113999417818,50,3,"[169.467529,0.150401,0.10932,0.12076,0.109521,0.09272,0.09544,0.0968,0.091,0.09168,0.09044,0.10024,0.08752,0.0956,0.08748,0.09076,0.0944,0.09128,0.08992,0.126881,0.10788,0.09528,0.09752,0.11112,0.089961,0.09924,0.09588,0.09288,0.088,0.089961,0.09572,0.08652,0.08756,0.096161,0.0878,0.0818,0.22836,0.09808,0.093041,0.09268,0.08992,0.098961,0.0946,0.09504,0.092841,0.08876,0.101201,0.09268,0.09616,0.089961,0.09216,0.08984,0.186321]",0.08315999805927277,0.19492000341415405,0.09917628020048141,0.09358049929141998,0.022720335259326093,50,3,"[13.794163,0.16492,0.092721,0.101961,0.10108,0.08916,0.087441,0.09472,0.08848,0.103561,0.0902,0.0886,0.094601,0.08616,0.09464,0.088481,0.08932,0.09448,0.094801,0.18252,0.10016,0.096961,0.10108,0.094721,0.12032,0.09676,0.096441,0.09904,0.08972,0.08688,0.08996,0.0966,0.093441,0.08316,0.0864,0.093561,0.179321,0.10188,0.09232,0.09816,0.0936,0.09064,0.09404,0.091161,0.0886,0.09084,0.1006,0.0912,0.088681,0.08912,0.08964,0.08868,0.19492]",0.03539999946951866,0.08784099668264389,0.04236897997558117,0.040260499343276024,0.009237812170586956,50,3,"[0.36384,0.04756,0.04296,0.04348,0.04128,0.041,0.03932,0.04004,0.039601,0.03908,0.0392,0.038041,0.04028,0.03884,0.04004,0.03928,0.0456,0.04012,0.03952,0.085601,0.04096,0.04152,0.03976,0.0408,0.0436,0.042401,0.04188,0.04096,0.040241,0.04092,0.03996,0.040801,0.04012,0.04156,0.03896,0.03908,0.0464,0.040961,0.04036,0.0354,0.039561,0.04388,0.04236,0.04136,0.03836,0.0402,0.04048,0.04004,0.03896,0.0404,0.03896,0.03908,0.087841]",,,,,,,,,32,4,2048,768,151936,True,True,False,1981,3,50,8,2048,768,generic,generic,,,CUDA_EVENT,BF16,none
,,,,,,,,,,,,,,,,0.08423999696969986,0.20232099294662476,0.09517539978027344,0.08998050168156624,0.019810295479225627,50,3,"[0.239001,0.10372,0.09212,0.111761,0.10116,0.0902,0.087081,0.0886,0.0886,0.08688,0.086241,0.08424,0.08688,0.0878,0.09036,0.09444,0.08672,0.089841,0.08972,0.1174,0.10936,0.09124,0.09148,0.09296,0.09036,0.08676,0.08692,0.089961,0.08772,0.09072,0.08832,0.089401,0.0914,0.09,0.09644,0.087481,0.202321,0.09828,0.09192,0.0892,0.09004,0.090801,0.09544,0.09268,0.090361,0.08804,0.08824,0.08592,0.0926,0.08748,0.08868,0.08916,0.16916]",0.08523999899625778,0.18936100602149963,0.09578270018100739,0.08980049937963486,0.021123054255203725,50,3,"[0.109,0.09728,0.089,0.09652,0.09752,0.095561,0.0904,0.08848,0.08788,0.088441,0.0866,0.08524,0.0874,0.093241,0.08832,0.09016,0.088881,0.0886,0.08856,0.171001,0.095761,0.09248,0.09416,0.093921,0.08908,0.08972,0.088881,0.09332,0.08668,0.087,0.087601,0.08748,0.09096,0.08764,0.089721,0.08584,0.17348,0.097641,0.09256,0.09372,0.100641,0.09344,0.09196,0.092321,0.09028,0.08728,0.08988,0.087281,0.08888,0.09112,0.08752,0.08872,0.189361]",0.03404099866747856,0.09043999761343002,0.04163289994001389,0.039719998836517334,0.009125142626755827,50,3,"[0.12512,0.04156,0.03592,0.04136,0.04036,0.04032,0.03912,0.04024,0.040201,0.03928,0.03872,0.04004,0.038961,0.03964,0.0396,0.0396,0.03936,0.04176,0.03424,0.07964,0.0418,0.0422,0.03944,0.04264,0.039,0.04204,0.03936,0.04172,0.03916,0.040681,0.04264,0.03884,0.04,0.038921,0.03952,0.03812,0.04548,0.04012,0.03892,0.03476,0.04012,0.04084,0.04092,0.0412,0.03988,0.0398,0.034041,0.03932,0.03944,0.03932,0.03928,0.03924,0.09044]",,,,,,,,,32,4,2048,768,151936,True,True,False,1973,3,50,8,2048,768,generic,generic,,,CUDA_EVENT,BF16,none
,,,,,,,,,,,,,,,,0.0891600027680397,0.22560100257396698,0.10306749954819679,0.0971199981868267,0.025088353402237213,50,3,"[169.296188,0.153481,0.10604,0.1266,0.10176,0.0994,0.096481,0.09444,0.09332,0.09576,0.09956,0.092001,0.0968,0.091241,0.09052,0.0924,0.093961,0.09428,0.09484,0.1256,0.11772,0.09952,0.09808,0.108001,0.0976,0.103241,0.10008,0.094121,0.09076,0.09292,0.100801,0.09484,0.09136,0.0962,0.08916,0.089561,0.225601,0.101761,0.099,0.097881,0.096,0.09744,0.10156,0.09796,0.099801,0.0956,0.10188,0.09812,0.094001,0.09232,0.0932,0.10356,0.214761]",0.08823999762535095,0.19648000597953796,0.10305140048265457,0.098580002784729,0.02215201331014359,50,3,"[13.454753,0.13036,0.094001,0.117841,0.10604,0.091241,0.08928,0.098,0.0988,0.10088,0.094201,0.09156,0.09932,0.0914,0.09872,0.099281,0.09052,0.10124,0.093321,0.17684,0.108801,0.10824,0.10688,0.10136,0.095,0.09868,0.10256,0.10372,0.09632,0.092001,0.09316,0.09188,0.099041,0.09064,0.09028,0.09764,0.1888,0.10672,0.09904,0.10128,0.09864,0.098921,0.09624,0.09852,0.09648,0.09436,0.09896,0.09544,0.092,0.09488,0.092881,0.08824,0.19648]",0.03480000048875809,0.1125200018286705,0.042034539952874185,0.03951999917626381,0.011704568906225489,50,3,"[0.362321,0.04428,0.04396,0.04292,0.04104,0.03952,0.03852,0.039201,0.04076,0.03896,0.03844,0.03804,0.039081,0.04108,0.03988,0.03804,0.03844,0.03872,0.03744,0.079121,0.04256,0.03896,0.03976,0.04352,0.039881,0.03984,0.03896,0.0412,0.0388,0.03952,0.03636,0.039201,0.03952,0.04016,0.035,0.03992,0.045241,0.0494,0.038041,0.03936,0.03832,0.03896,0.04148,0.03996,0.04112,0.03856,0.04064,0.04248,0.03816,0.03992,0.0348,0.0404,0.11252]",,,,,,,,,32,4,2048,768,151936,True,True,False,1983,3,50,8,2048,768,generic,generic,,,CUDA_EVENT,BF16,none
,,,,,,,,,,,,,,,,0.08776000142097473,0.20712000131607056,0.10015857994556426,0.09463999792933464,0.02019666033893373,50,3,"[169.934326,0.195441,0.11176,0.1206,0.1006,0.099,0.096281,0.09532,0.09064,0.09392,0.09312,0.09316,0.09216,0.09252,0.101761,0.09104,0.09704,0.089801,0.0936,0.1168,0.113201,0.09472,0.09472,0.11008,0.10036,0.096401,0.09672,0.09344,0.09268,0.0952,0.09872,0.09144,0.08776,0.08928,0.088321,0.08928,0.20712,0.11104,0.0966,0.092081,0.09288,0.094,0.10176,0.09428,0.093041,0.09788,0.100681,0.09456,0.08904,0.09764,0.0892,0.09028,0.17616]",0.08907999843358994,0.200081005692482,0.10301069989800453,0.09718050062656403,0.022515504488663796,50,3,"[13.666282,0.1364,0.097121,0.106441,0.11656,0.096361,0.09104,0.10664,0.091801,0.10028,0.0924,0.094761,0.097,0.0954,0.09896,0.09416,0.09136,0.10096,0.08996,0.182681,0.10588,0.09928,0.104961,0.0994,0.09576,0.09704,0.09568,0.111121,0.09628,0.09612,0.091481,0.0902,0.09876,0.092241,0.09916,0.09916,0.184121,0.10896,0.097321,0.09736,0.09648,0.098561,0.09788,0.09488,0.0974,0.09384,0.09964,0.10168,0.092481,0.08908,0.0906,0.090881,0.200081]",0.036720000207424164,0.091839998960495,0.04131683997809887,0.038359999656677246,0.009723137660779358,50,3,"[0.371401,0.04736,0.04056,0.04072,0.04324,0.03672,0.03808,0.03992,0.03736,0.03928,0.0372,0.03756,0.063,0.0384,0.0426,0.03688,0.03796,0.03688,0.03788,0.0766,0.04044,0.0374,0.03964,0.03916,0.0408,0.03864,0.03972,0.0422,0.0382,0.03804,0.038,0.03684,0.03836,0.03672,0.03924,0.03744,0.04324,0.04028,0.037,0.03836,0.042921,0.03832,0.0408,0.04248,0.03856,0.03764,0.046,0.037161,0.03784,0.03736,0.03732,0.0376,0.09184]",,,,,,,,,32,4,2048,768,151936,True,True,False,1984,3,50,8,2048,768,generic,generic,,,CUDA_EVENT,BF16,none
,,,,,,,,,,,,,,,,0.09143999963998795,0.2550809979438782,0.10480259999632835,0.09814000129699707,0.027604392458586285,50,3,"[171.245636,0.142,0.109921,0.1264,0.10292,0.10312,0.09668,0.09692,0.09388,0.09804,0.09584,0.09408,0.09472,0.093841,0.094,0.10108,0.093441,0.0944,0.093,0.119521,0.11556,0.0996,0.094841,0.11408,0.09824,0.10256,0.1032,0.09428,0.10212,0.09436,0.102681,0.09336,0.09144,0.09484,0.093921,0.0946,0.255081,0.11176,0.10028,0.09828,0.0962,0.09516,0.10028,0.09644,0.098281,0.1008,0.1072,0.10036,0.09288,0.09424,0.099281,0.09952,0.212521]",0.08851999789476395,0.2027599960565567,0.10235381975769997,0.09812049940228462,0.02082240330195985,50,3,"[13.29335,0.12124,0.09552,0.116361,0.1058,0.09404,0.08852,0.1018,0.10108,0.099321,0.09156,0.09252,0.098241,0.09388,0.10136,0.094121,0.08888,0.09768,0.09264,0.19712,0.1056,0.100961,0.10568,0.10272,0.098441,0.09748,0.09688,0.104761,0.09692,0.09492,0.0954,0.10056,0.0966,0.090041,0.0922,0.09536,0.11904,0.1092,0.101121,0.09976,0.098,0.09844,0.09844,0.09748,0.0992,0.09544,0.098881,0.10108,0.0902,0.090241,0.09424,0.09472,0.20276]",0.03519999980926514,0.11320099979639053,0.04230254016816616,0.039080001413822174,0.01319345461559174,50,3,"[0.311281,0.044521,0.04044,0.04396,0.042,0.038761,0.03832,0.0392,0.040121,0.03904,0.0352,0.03836,0.04188,0.03532,0.03896,0.03812,0.03524,0.03792,0.037601,0.09752,0.03948,0.03932,0.03844,0.04124,0.03876,0.03908,0.040281,0.03952,0.04332,0.038681,0.03892,0.03884,0.03908,0.03796,0.03752,0.04296,0.04316,0.044,0.0386,0.04032,0.049081,0.04376,0.04172,0.03936,0.0384,0.03908,0.03952,0.04048,0.03716,0.03916,0.03828,0.03892,0.113201]",,,,,,,,,32,4,2048,768,151936,True,True,False,1979,3,50,8,2048,768,generic,generic,,,CUDA_EVENT,BF16,none
,,,,,,,,,,,,,,,,0.08767999708652496,0.2059209942817688,0.10015466004610062,0.0938199982047081,0.022085526274630323,50,3,"[170.628128,0.14648,0.10544,0.12068,0.105401,0.09824,0.09376,0.096161,0.09656,0.09108,0.088841,0.09088,0.08768,0.092641,0.08904,0.09124,0.09316,0.08832,0.0944,0.1334,0.106201,0.09484,0.10108,0.1164,0.0956,0.098641,0.0968,0.09208,0.093121,0.0878,0.09748,0.091281,0.09396,0.08812,0.09372,0.090081,0.205921,0.09316,0.09348,0.09336,0.090721,0.09388,0.10124,0.098641,0.09572,0.0912,0.10172,0.0932,0.09552,0.0962,0.0886,0.0918,0.194681]",0.0854400023818016,0.22495999932289124,0.09861780062317849,0.09318000078201294,0.023063243502509694,50,3,"[13.436041,0.11712,0.094041,0.09956,0.10176,0.0892,0.086401,0.097,0.08832,0.096161,0.0876,0.0872,0.09452,0.08992,0.10304,0.0878,0.087361,0.09336,0.08708,0.178441,0.10112,0.0954,0.101721,0.09884,0.093,0.09244,0.09236,0.106721,0.09136,0.09144,0.09172,0.08716,0.0944,0.088,0.093601,0.09472,0.13916,0.103281,0.09312,0.09396,0.10052,0.09196,0.09324,0.09368,0.0928,0.09016,0.0946,0.10168,0.088681,0.08892,0.08544,0.086001,0.22496]",0.03643999993801117,0.10424000024795532,0.04478171996772289,0.04212050139904022,0.011060870843230229,50,3,"[0.32816,0.04712,0.04572,0.0456,0.0444,0.0546,0.0416,0.04228,0.04112,0.04232,0.0396,0.04252,0.054921,0.041,0.04224,0.040921,0.04112,0.0412,0.0424,0.10424,0.04948,0.04092,0.04348,0.04224,0.04316,0.04192,0.04176,0.04548,0.04088,0.04292,0.042001,0.04048,0.04244,0.04196,0.04312,0.04152,0.04468,0.04472,0.04056,0.040881,0.04088,0.0464,0.041,0.04268,0.044,0.041201,0.04384,0.037721,0.04136,0.03644,0.03976,0.03944,0.08768]",,,,,,,,,32,4,2048,768,151936,True,True,False,1985,3,50,8,2048,768,generic,generic,,,CUDA_EVENT,BF16,none
,,,,,,,,,,,,,,,,0.08444000035524368,0.124720998108387,0.09058988004922867,0.08796100318431854,0.007882154135686045,50,3,"[0.230561,0.10064,0.0936,0.105641,0.09368,0.09476,0.087401,0.09752,0.08884,0.09212,0.085561,0.08904,0.08536,0.087961,0.11888,0.08644,0.09344,0.087481,0.08932,0.1096,0.089161,0.0914,0.08652,0.08764,0.086761,0.0864,0.08916,0.09244,0.087961,0.0924,0.08644,0.0876,0.08664,0.088441,0.08444,0.08988,0.086921,0.08696,0.08848,0.0848,0.090321,0.08644,0.09044,0.08568,0.089401,0.08704,0.0858,0.08596,0.08656,0.087601,0.0874,0.08864,0.124721]",0.08160000294446945,0.11715999990701675,0.08803934022784234,0.08648050203919411,0.005616069914910177,50,3,"[0.10704,0.0978,0.08992,0.09668,0.09628,0.092201,0.08916,0.08972,0.08672,0.085001,0.08916,0.08932,0.0882,0.08756,0.09856,0.08612,0.085161,0.08736,0.08876,0.11716,0.08756,0.08488,0.08436,0.08592,0.08548,0.09656,0.08608,0.086401,0.08404,0.08292,0.08276,0.08656,0.086041,0.08628,0.08792,0.08816,0.09188,0.0844,0.08992,0.084401,0.0816,0.0852,0.08496,0.08348,0.08252,0.0894,0.0852,0.08188,0.085521,0.08604,0.09004,0.09212,0.08836]",0.03443999961018562,0.04992000013589859,0.03990890003740787,0.03938000090420246,0.0022198215915125797,50,3,"[0.130401,0.04112,0.0396,0.04652,0.04028,0.04392,0.04076,0.04004,0.038441,0.039,0.04008,0.04032,0.03992,0.03988,0.04196,0.03804,0.0402,0.03972,0.03984,0.04204,0.03932,0.03864,0.03876,0.04992,0.03912,0.0406,0.0394,0.04364,0.03444,0.03868,0.03828,0.038521,0.03908,0.03884,0.03844,0.039641,0.03888,0.03864,0.039,0.03868,0.04072,0.04004,0.03892,0.0392,0.03976,0.03984,0.03924,0.039041,0.03972,0.03872,0.03896,0.040441,0.03936]",,,,,,,,,32,4,2048,768,151936,True,True,False,1965,3,50,8,2048,768,generic,generic,,,CUDA_EVENT,BF16,none
,,,,,,,,,,,,,,,,0.0902400016784668,0.4744420051574707,0.10902107968926429,0.09559999778866768,0.055989002829751784,50,3,"[0.231961,0.107521,0.09792,0.1168,0.10124,0.09708,0.09708,0.103201,0.09404,0.09524,0.0922,0.09372,0.090321,0.09196,0.09872,0.0928,0.474442,0.119561,0.10096,0.128961,0.11648,0.10088,0.09996,0.09052,0.09596,0.097201,0.09244,0.09456,0.10372,0.09456,0.096201,0.09348,0.093121,0.09024,0.09428,0.101041,0.20812,0.10196,0.09668,0.098401,0.09388,0.093921,0.09484,0.09456,0.09344,0.09116,0.103401,0.0908,0.0962,0.09248,0.0924,0.090521,0.17532]",0.08931999653577805,0.20160099864006042,0.10277227967977524,0.09588000178337097,0.024483072494839647,50,3,"[0.11484,0.10116,0.10272,0.1048,0.098761,0.09512,0.096241,0.0944,0.09192,0.089961,0.09196,0.09692,0.09072,0.08932,0.094561,0.09012,0.19532,0.10576,0.098841,0.19248,0.104721,0.10572,0.098841,0.09812,0.0986,0.09828,0.10332,0.094921,0.096,0.092681,0.0936,0.09136,0.09452,0.10252,0.093721,0.09112,0.129481,0.099,0.09332,0.09984,0.097,0.09496,0.09628,0.094161,0.0972,0.09576,0.09096,0.09396,0.094721,0.09356,0.09348,0.09808,0.201601]",0.035920001566410065,0.1103999987244606,0.04245608001947403,0.03972000069916248,0.012070922368475907,50,3,"[0.1234,0.04108,0.041961,0.04136,0.04016,0.04028,0.03936,0.03592,0.03816,0.03844,0.0388,0.03904,0.03872,0.03916,0.03884,0.03824,0.05384,0.04516,0.04096,0.088201,0.04136,0.04052,0.03968,0.03908,0.040121,0.04088,0.04012,0.0398,0.04008,0.03924,0.03856,0.038761,0.0386,0.0404,0.03824,0.03856,0.0434,0.03996,0.03976,0.03948,0.040361,0.03984,0.03908,0.04032,0.04104,0.03956,0.03944,0.03804,0.03916,0.04064,0.03932,0.04436,0.1104]",,,,,,,,,32,4,2048,768,151936,True,True,False,1975,3,50,8,2048,768,generic,generic,,,CUDA_EVENT,BF16,none
,,,,,,,,,,,,,,,,0.08395999670028687,0.18556100130081177,0.09585380017757415,0.09134000167250633,0.018319471123599818,50,3,"[0.246961,0.10252,0.08988,0.10764,0.09476,0.08872,0.09168,0.09532,0.09016,0.088881,0.08584,0.09296,0.08548,0.088,0.09088,0.09136,0.1036,0.088601,0.08984,0.11456,0.11388,0.09448,0.09116,0.09184,0.090801,0.09132,0.09736,0.092,0.09128,0.08652,0.08396,0.094201,0.08692,0.0862,0.08724,0.095081,0.185561,0.09752,0.094881,0.09304,0.09232,0.09364,0.09364,0.09944,0.0922,0.088241,0.08764,0.08564,0.08772,0.088761,0.08764,0.08796,0.174321]",0.08472099900245667,0.19684000313282013,0.09868024036288262,0.09290049970149994,0.020612545592715203,50,3,"[0.11404,0.09612,0.096801,0.10004,0.09356,0.102561,0.09064,0.09392,0.091321,0.08916,0.0882,0.0912,0.0876,0.0912,0.10108,0.09756,0.084721,0.09028,0.09176,0.157801,0.099801,0.0968,0.09408,0.092521,0.101,0.09192,0.09456,0.093361,0.09608,0.08916,0.100721,0.09164,0.08856,0.0978,0.089401,0.08896,0.17588,0.10116,0.09284,0.09124,0.09528,0.105521,0.09368,0.0928,0.092961,0.09092,0.09092,0.09472,0.090241,0.09164,0.10032,0.08808,0.19684]",0.0371600016951561,0.08603999763727188,0.04043525993824005,0.03840000182390213,0.008959035535061879,50,3,"[0.123401,0.03912,0.03884,0.03952,0.0384,0.03912,0.03784,0.0388,0.03768,0.03764,0.0372,0.03748,0.03744,0.03784,0.03752,0.038241,0.03928,0.03824,0.0374,0.08108,0.0402,0.03772,0.03724,0.03716,0.0396,0.03908,0.039441,0.0394,0.03844,0.03852,0.03932,0.0452,0.03768,0.038,0.0372,0.04124,0.04484,0.03852,0.03744,0.0384,0.037961,0.04,0.03844,0.03928,0.03852,0.03816,0.03748,0.03748,0.03868,0.03732,0.03972,0.03732,0.08604]",,,,,,,,,32,4,2048,768,151936,True,True,False,1976,3,50,8,2048,768,generic,generic,,,CUDA_EVENT,BF16,none
,,,,,,,,,,,,,,,,0.09059999883174896,0.24959999322891235,0.10272901967167854,0.09623999893665314,0.026322836055617433,50,3,"[0.226721,0.10664,0.10288,0.11516,0.100881,0.09872,0.09848,0.098881,0.09472,0.0958,0.102041,0.0978,0.09912,0.09816,0.09756,0.101121,0.09652,0.09392,0.093441,0.13116,0.11436,0.10444,0.0966,0.098361,0.09468,0.09664,0.094321,0.09564,0.09292,0.09236,0.09376,0.0906,0.0948,0.09352,0.09392,0.096681,0.2496,0.101921,0.09592,0.09592,0.09416,0.09864,0.09724,0.09596,0.09432,0.092361,0.10064,0.09188,0.094481,0.0936,0.09148,0.09072,0.20052]",0.08900099992752075,0.24720099568367004,0.10167712062597274,0.09569999948143959,0.02729928653251831,50,3,"[0.114,0.10112,0.093961,0.11056,0.09412,0.10036,0.096801,0.09596,0.097,0.090921,0.09484,0.0948,0.097281,0.08928,0.095481,0.09384,0.09284,0.092721,0.09728,0.216881,0.104721,0.10152,0.097241,0.09772,0.0974,0.098681,0.10436,0.09396,0.091721,0.09588,0.0938,0.089961,0.09328,0.09936,0.090201,0.09312,0.1166,0.0986,0.09716,0.104881,0.0958,0.0956,0.095521,0.09652,0.10304,0.09204,0.09216,0.0906,0.0956,0.08972,0.08992,0.089001,0.247201]",0.03523999825119972,0.13920000195503235,0.041976879984140396,0.03903999924659729,0.015341938145811066,50,3,"[0.124761,0.04084,0.03868,0.041881,0.04024,0.04172,0.03588,0.04012,0.03868,0.03904,0.04032,0.03884,0.03932,0.0406,0.03924,0.03984,0.03896,0.03892,0.03524,0.08416,0.04148,0.0398,0.03828,0.03624,0.03828,0.03904,0.04032,0.03992,0.03912,0.036,0.03836,0.0384,0.03664,0.03868,0.03808,0.03872,0.0434,0.03936,0.03844,0.04096,0.03872,0.041481,0.0384,0.03968,0.04116,0.03556,0.03984,0.038761,0.03852,0.03788,0.038081,0.03904,0.1392]",,,,,,,,,32,4,2048,768,151936,True,True,False,1971,3,50,8,2048,768,generic,generic,,,CUDA_EVENT,BF16,none
,,,,,,,,,,,,,,,,0.0865200012922287,0.23552000522613525,0.09825704023241996,0.09119999781250954,0.02631720359955956,50,3,"[0.224441,0.102921,0.09356,0.116721,0.1028,0.09844,0.09148,0.09064,0.09048,0.0938,0.09128,0.090561,0.09004,0.08852,0.09192,0.093401,0.08916,0.09432,0.0972,0.125081,0.11244,0.0914,0.091441,0.09084,0.09752,0.09076,0.092001,0.0872,0.09112,0.08832,0.088761,0.08788,0.089,0.09012,0.089561,0.09528,0.23552,0.09448,0.09312,0.09076,0.08836,0.098201,0.092,0.08652,0.08896,0.090561,0.08744,0.09144,0.0882,0.088361,0.09352,0.0884,0.207521]",0.08615999668836594,0.20555999875068665,0.09594261974096298,0.09095999971032143,0.02018340846908567,50,3,"[0.10992,0.09716,0.09688,0.10208,0.09344,0.09268,0.094881,0.10076,0.08956,0.08984,0.089961,0.08744,0.09248,0.08672,0.086441,0.08896,0.09012,0.08952,0.088361,0.1714,0.10124,0.093001,0.0924,0.0934,0.09496,0.089921,0.09036,0.09292,0.09008,0.087521,0.08636,0.08616,0.08892,0.09428,0.08792,0.08944,0.12784,0.096161,0.09264,0.09144,0.090161,0.09492,0.09184,0.09328,0.091881,0.087,0.08928,0.09168,0.094361,0.08808,0.087,0.09048,0.20556]",0.035760000348091125,0.10552000254392624,0.043300940096378325,0.040379999205470085,0.011275170914908414,50,3,"[0.126,0.04172,0.0394,0.04756,0.04144,0.048001,0.04132,0.0406,0.04084,0.038801,0.0402,0.03996,0.03976,0.040161,0.04648,0.04016,0.0396,0.041161,0.03908,0.10552,0.04196,0.04,0.0466,0.04,0.040761,0.04148,0.04036,0.04,0.040161,0.04,0.0398,0.04524,0.03956,0.04076,0.04024,0.03576,0.045561,0.04168,0.03964,0.04256,0.04044,0.04232,0.03988,0.04196,0.0404,0.0402,0.03936,0.04124,0.03852,0.03936,0.04052,0.04028,0.0878]",,,,,,,,,32,4,2048,768,151936,True,True,False,1977,3,50,8,2048,768,generic,generic,,,CUDA_EVENT,BF16,none
,,,,,,,,,,,,,,,,0.08520100265741348,0.2032810002565384,0.09917225986719132,0.093299999833107,0.019664553555434977,50,3,"[0.256441,0.106521,0.09496,0.11464,0.0964,0.09332,0.09344,0.092281,0.09156,0.09952,0.091561,0.09248,0.09056,0.09316,0.12024,0.093081,0.09656,0.0894,0.085201,0.12024,0.113281,0.09436,0.09376,0.0932,0.1012,0.091721,0.09468,0.09304,0.09356,0.09336,0.090001,0.099,0.092,0.09152,0.09328,0.091321,0.203281,0.099521,0.09752,0.09208,0.09312,0.09688,0.093321,0.09488,0.096721,0.09196,0.09272,0.0916,0.09312,0.0894,0.09176,0.09532,0.172481]",0.08688099682331085,0.20715999603271484,0.10062586024403572,0.09599999710917473,0.021688179077607523,50,3,"[0.11364,0.09724,0.10172,0.10152,0.096281,0.09336,0.09268,0.10008,0.0904,0.086881,0.09188,0.09376,0.094521,0.09888,0.0914,0.09452,0.09608,0.087681,0.09612,0.189361,0.1024,0.09976,0.096681,0.09632,0.0952,0.0924,0.09388,0.096601,0.09656,0.100881,0.09628,0.09492,0.091081,0.09196,0.09556,0.0928,0.14876,0.10796,0.09592,0.096921,0.09676,0.097961,0.10352,0.09696,0.09612,0.09256,0.093241,0.09288,0.09176,0.098241,0.0934,0.09248,0.20716]",0.03576099872589111,0.10155999660491943,0.04207127995789051,0.03978000022470951,0.011486227739977973,50,3,"[0.12592,0.04124,0.039081,0.04056,0.04016,0.03984,0.039241,0.04084,0.03856,0.04068,0.03884,0.03928,0.03916,0.03952,0.04148,0.03928,0.04476,0.03848,0.03976,0.09396,0.04024,0.03844,0.0408,0.03856,0.04032,0.0398,0.0384,0.0396,0.0416,0.03776,0.03848,0.04004,0.03852,0.04136,0.039561,0.03964,0.04292,0.04336,0.03872,0.03912,0.03932,0.0398,0.03684,0.040241,0.03996,0.03996,0.04008,0.03872,0.035761,0.04,0.0394,0.04028,0.10156]",,,,,,,,,32,4,2048,768,151936,True,True,False,1967,3,50,8,2048,768,generic,generic,,,CUDA_EVENT,BF16,none
,,,,,,,,,,,,,,,,0.08511999994516373,0.19035999476909637,0.09602259978652,0.08976000174880028,0.019522503042073105,50,3,"[0.236081,0.10168,0.09252,0.11132,0.09276,0.092841,0.09204,0.08896,0.09692,0.087761,0.08852,0.0872,0.09076,0.088041,0.119,0.08848,0.08836,0.096361,0.08836,0.11276,0.11996,0.09424,0.091,0.08968,0.091681,0.09056,0.09112,0.095801,0.08892,0.08764,0.08512,0.089521,0.08712,0.08984,0.0888,0.088561,0.19036,0.10388,0.09348,0.09372,0.08716,0.09176,0.089521,0.09108,0.0894,0.08912,0.09092,0.0868,0.08784,0.08676,0.086801,0.08556,0.17696]",0.08755999803543091,0.18024100363254547,0.09791064023971557,0.09299999848008156,0.019364554772425727,50,3,"[0.11164,0.10776,0.093841,0.10052,0.09552,0.09136,0.10672,0.08956,0.090401,0.09392,0.09076,0.091,0.088161,0.08968,0.09324,0.09796,0.094481,0.09404,0.08908,0.171481,0.102601,0.09624,0.09364,0.094081,0.09228,0.10076,0.09472,0.09564,0.09272,0.08908,0.09276,0.09016,0.0896,0.09128,0.09508,0.0904,0.166801,0.09584,0.093721,0.09472,0.09704,0.095921,0.09228,0.09012,0.095,0.090281,0.089,0.08868,0.09108,0.089281,0.08756,0.08904,0.180241]",0.03643999993801117,0.08607999980449677,0.04059367999434471,0.03792000003159046,0.009569152854249068,50,3,"[0.122681,0.04128,0.03816,0.03928,0.038961,0.03864,0.04092,0.03816,0.03888,0.03736,0.0374,0.03768,0.03752,0.03728,0.03744,0.039681,0.03832,0.03928,0.03748,0.0792,0.03844,0.03664,0.03696,0.04024,0.03828,0.0388,0.03852,0.03808,0.039,0.03784,0.03724,0.0372,0.0372,0.03772,0.04092,0.03708,0.0664,0.043401,0.037,0.03708,0.03744,0.03848,0.04244,0.038,0.03904,0.03764,0.0378,0.03756,0.037761,0.03644,0.03704,0.03644,0.08608]",,,,,,,,,32,4,2048,768,151936,True,True,False,1968,3,50,8,2048,768,generic,generic,,,CUDA_EVENT,BF16,none
,,,,,,,,,,,,,,,,0.08788000047206879,0.1987600028514862,0.10035868018865585,0.09418049827218056,0.020690100087556253,50,3,"[0.232201,0.107281,0.10304,0.113441,0.09592,0.096041,0.09632,0.09332,0.092281,0.09136,0.09232,0.093081,0.09228,0.09068,0.132561,0.09464,0.09216,0.093121,0.09388,0.13444,0.118761,0.09592,0.09472,0.09352,0.09428,0.094881,0.09656,0.09564,0.094081,0.09348,0.09252,0.093041,0.09848,0.09252,0.08788,0.09072,0.19876,0.101961,0.09628,0.09608,0.09228,0.0964,0.096081,0.09484,0.09436,0.100481,0.09224,0.0936,0.092681,0.0922,0.09104,0.09012,0.18368]",0.08968000113964081,0.2491610050201416,0.1030193205177784,0.09436000138521194,0.03231629696629263,50,3,"[0.11384,0.1016,0.0992,0.10476,0.10128,0.1062,0.09528,0.094201,0.09248,0.0924,0.0918,0.09204,0.09752,0.093,0.09448,0.09188,0.091,0.0922,0.09088,0.249161,0.10508,0.09936,0.09712,0.097,0.09644,0.09552,0.09632,0.09424,0.09228,0.09288,0.09456,0.09012,0.09084,0.09128,0.093321,0.09356,0.19204,0.1032,0.10208,0.095401,0.096,0.09704,0.09712,0.10192,0.0952,0.09368,0.092,0.09148,0.08968,0.09024,0.09096,0.091121,0.241321]",0.036959998309612274,0.10047999769449234,0.04194095999002457,0.03936000168323517,0.011224046165031929,50,3,"[0.12536,0.04068,0.039601,0.0406,0.038961,0.04304,0.03948,0.03964,0.03936,0.03872,0.03832,0.038,0.03936,0.038441,0.03936,0.03908,0.0394,0.04448,0.03836,0.10048,0.04076,0.038481,0.03844,0.04284,0.038721,0.0404,0.03904,0.03944,0.03976,0.03936,0.04,0.03912,0.03944,0.039001,0.03844,0.0386,0.04504,0.04064,0.03984,0.03804,0.0398,0.039281,0.03936,0.03696,0.03852,0.041,0.03988,0.040521,0.03796,0.03864,0.044761,0.03808,0.0918]",,,,,,,,,32,4,2048,768,151936,True,True,False,1963,3,50,8,2048,768,generic,generic,,,CUDA_EVENT,BF16,none
,,,,,,,,,,,,,,,,0.0865200012922287,0.20028099417686462,0.09762981966137886,0.09030049666762352,0.02317965243954627,50,3,"[0.23052,0.10072,0.0952,0.1092,0.09672,0.090161,0.09272,0.09056,0.08792,0.091281,0.09592,0.08912,0.08864,0.08728,0.121921,0.08896,0.09008,0.08824,0.088121,0.1502,0.11524,0.09548,0.091561,0.09088,0.0886,0.0896,0.092881,0.09052,0.0918,0.09488,0.088521,0.08848,0.0866,0.08924,0.08728,0.08968,0.200281,0.10648,0.0914,0.0936,0.09184,0.090321,0.0904,0.08904,0.08804,0.089241,0.09416,0.09028,0.08652,0.08832,0.087681,0.08872,0.19688]",0.08488000184297562,0.19328099489212036,0.09587380036711693,0.09064000099897385,0.02008425299353727,50,3,"[0.104561,0.09656,0.089281,0.09772,0.09432,0.09088,0.09096,0.08916,0.096761,0.08796,0.08948,0.089,0.08888,0.086401,0.09016,0.089,0.0878,0.094681,0.08784,0.17256,0.0988,0.093121,0.09124,0.09272,0.09304,0.091481,0.09104,0.10092,0.0876,0.087481,0.087,0.08968,0.08488,0.0888,0.08868,0.09012,0.15124,0.097561,0.09284,0.09052,0.09064,0.09312,0.09168,0.09664,0.096681,0.08852,0.09064,0.08672,0.08784,0.087681,0.09128,0.08664,0.193281]",0.03511999920010567,0.10688000172376633,0.04312248013913631,0.0403205007314682,0.011385040552695281,50,3,"[0.12688,0.044601,0.04,0.04256,0.04244,0.04412,0.04884,0.04004,0.0398,0.04024,0.03944,0.03972,0.040401,0.0394,0.0406,0.04376,0.039761,0.03952,0.04004,0.08696,0.0432,0.03884,0.04136,0.04012,0.039761,0.04456,0.04144,0.04156,0.040761,0.03824,0.03984,0.03512,0.03952,0.04092,0.03996,0.04068,0.04664,0.0434,0.0394,0.03964,0.03976,0.04072,0.04584,0.03964,0.04156,0.04044,0.03856,0.03996,0.04132,0.03896,0.04044,0.03944,0.10688]",,,,,,,,,32,4,2048,768,151936,True,True,False,1969,3,50,8,2048,768,generic,generic,,,CUDA_EVENT,BF16,none
,,,,,,,,,,,,,,,,0.08644100278615952,0.20287999510765076,0.09679859951138496,0.09094000235199928,0.01967893088327752,50,3,"[0.228641,0.099001,0.0918,0.112201,0.10128,0.08968,0.09024,0.08992,0.08988,0.088401,0.08812,0.08872,0.089801,0.09628,0.12068,0.088801,0.08744,0.08956,0.08728,0.11468,0.10944,0.09228,0.09068,0.09616,0.08996,0.09392,0.09248,0.090241,0.09184,0.08952,0.08784,0.0912,0.0926,0.08864,0.091481,0.08824,0.20288,0.10148,0.0944,0.092441,0.09532,0.09456,0.092441,0.0898,0.08952,0.091321,0.09064,0.08972,0.086441,0.09172,0.08728,0.09312,0.16736]",0.08696000277996063,0.19064000248908997,0.09847541987895965,0.09346050024032593,0.02115506486417438,50,3,"[0.11092,0.09792,0.09156,0.1006,0.09404,0.093401,0.09412,0.09536,0.093961,0.08944,0.0902,0.099801,0.08984,0.08868,0.08832,0.0942,0.08696,0.088,0.087561,0.17048,0.10052,0.096881,0.09492,0.09328,0.09248,0.09608,0.09264,0.09252,0.0918,0.0968,0.097281,0.08992,0.09424,0.089081,0.09292,0.09104,0.18112,0.10068,0.0948,0.09588,0.09292,0.098081,0.09352,0.0944,0.094081,0.08992,0.09312,0.094921,0.09016,0.0934,0.08912,0.089641,0.19064]",0.03319999948143959,0.10016000270843506,0.040568940117955206,0.03784000128507614,0.010646995985363868,50,3,"[0.123,0.03944,0.03784,0.0406,0.03796,0.03744,0.03988,0.03744,0.03784,0.0376,0.0374,0.03916,0.03748,0.03832,0.03776,0.0396,0.03704,0.036961,0.03784,0.072681,0.039681,0.04056,0.03676,0.038841,0.03816,0.03792,0.039801,0.03856,0.03776,0.037521,0.0392,0.03744,0.0382,0.03688,0.03744,0.03736,0.06628,0.03936,0.04572,0.03804,0.03804,0.037,0.03788,0.03692,0.03692,0.03716,0.03856,0.0332,0.036,0.0376,0.036881,0.03764,0.10016]",,,,,,,,,32,4,2048,768,151936,True,True,False,1960,3,50,8,2048,768,generic,generic,,,CUDA_EVENT,BF16,none
,,,,,,,,,,,,,,,,0.08687999844551086,0.2261199951171875,0.09685621961951256,0.0906199999153614,0.022559474532431404,50,3,"[0.225001,0.104921,0.0932,0.10772,0.08716,0.09052,0.09084,0.088481,0.08976,0.08956,0.08688,0.09456,0.087881,0.09132,0.12056,0.08768,0.089601,0.08908,0.08852,0.11276,0.110961,0.09988,0.09188,0.09668,0.089121,0.0928,0.09072,0.08884,0.095721,0.09152,0.0926,0.0914,0.089441,0.08768,0.08708,0.0894,0.22612,0.09816,0.09556,0.094481,0.09168,0.09196,0.09012,0.088361,0.09004,0.09492,0.08824,0.08848,0.088761,0.091,0.08748,0.08748,0.171361]",0.08476000279188156,0.19655999541282654,0.09587300002574921,0.09054000303149223,0.023282819715222305,50,3,"[0.10916,0.0956,0.09616,0.094961,0.09372,0.08996,0.089241,0.09104,0.08776,0.09216,0.08612,0.089161,0.08812,0.0898,0.08884,0.086401,0.0876,0.0904,0.08936,0.191761,0.09652,0.096,0.09188,0.092521,0.09212,0.09108,0.09104,0.091961,0.09116,0.08704,0.09028,0.087321,0.0864,0.08776,0.08964,0.08724,0.17196,0.09516,0.09256,0.09156,0.09088,0.09068,0.092561,0.09548,0.09116,0.085,0.08744,0.091121,0.08524,0.08476,0.0874,0.08776,0.19656]",0.03771999850869179,0.10875999927520752,0.04242809988558292,0.04026050120592117,0.011097289607273299,50,3,"[0.12632,0.04224,0.04144,0.04232,0.04164,0.04072,0.04052,0.03772,0.04024,0.0388,0.039881,0.04132,0.04064,0.03984,0.0418,0.03932,0.03964,0.03916,0.04032,0.10876,0.04148,0.0378,0.040281,0.0392,0.04032,0.04032,0.042361,0.04024,0.04164,0.0404,0.03916,0.03976,0.04092,0.03844,0.0396,0.039521,0.04472,0.042,0.04044,0.04104,0.04008,0.04104,0.0402,0.038,0.04088,0.0408,0.04008,0.03964,0.03968,0.0394,0.03892,0.03984,0.080561]",,,,,,,,,32,4,2048,768,151936,True,True,False,1961,3,50,8,2048,768,generic,generic,,,CUDA_EVENT,BF16,none
