time_stats.emb.min,time_stats.emb.max,time_stats.emb.mean,time_stats.emb.median,time_stats.emb.std,time_stats.emb.count,time_stats.emb.warmup_count,time_stats.emb.samples,time_stats.input_layernorm.min,time_stats.input_layernorm.max,time_stats.input_layernorm.mean,time_stats.input_layernorm.median,time_stats.input_layernorm.std,time_stats.input_layernorm.count,time_stats.input_layernorm.warmup_count,time_stats.input_layernorm.samples,time_stats.attn_pre_proj.min,time_stats.attn_pre_proj.max,time_stats.attn_pre_proj.mean,time_stats.attn_pre_proj.median,time_stats.attn_pre_proj.std,time_stats.attn_pre_proj.count,time_stats.attn_pre_proj.warmup_count,time_stats.attn_pre_proj.samples,time_stats.attn_rope.min,time_stats.attn_rope.max,time_stats.attn_rope.mean,time_stats.attn_rope.median,time_stats.attn_rope.std,time_stats.attn_rope.count,time_stats.attn_rope.warmup_count,time_stats.attn_rope.samples,time_stats.attn_post_proj.min,time_stats.attn_post_proj.max,time_stats.attn_post_proj.mean,time_stats.attn_post_proj.median,time_stats.attn_post_proj.std,time_stats.attn_post_proj.count,time_stats.attn_post_proj.warmup_count,time_stats.attn_post_proj.samples,time_stats.post_attention_layernorm.min,time_stats.post_attention_layernorm.max,time_stats.post_attention_layernorm.mean,time_stats.post_attention_layernorm.median,time_stats.post_attention_layernorm.std,time_stats.post_attention_layernorm.count,time_stats.post_attention_layernorm.warmup_count,time_stats.post_attention_layernorm.samples,n_head,n_kv_head,n_embd,n_expanded_embd,vocab_size,use_gated_mlp,use_qk_norm,attn_output_gate,num_tokens,warmup_steps,active_steps,num_tensor_parallel_workers,padded_n_embd,padded_n_expanded_embd,model_arch,model_architecture_profile,share_expert_dim,share_q_dim,measurement_type,profiling_precision,quant_signature
0.011839999817311764,0.03319999948143959,0.017054020036011933,0.01733999978750944,0.0043202989768112545,100.0,6.0,"[1.798844,0.04316,0.085321,0.0154,0.02068,0.01356,0.02628,0.02228,0.02116,0.01692,0.01808,0.01408,0.01992,0.014,0.01956,0.01348,0.02072,0.01324,0.01824,0.01364,0.01916,0.01308,0.01872,0.01352,0.01796,0.01332,0.0182,0.0134,0.01816,0.0136,0.018,0.013,0.01792,0.01412,0.01764,0.01556,0.01764,0.013,0.0176,0.01348,0.01752,0.01324,0.0174,0.01336,0.01788,0.0128,0.01836,0.0132,0.018401,0.01332,0.0322,0.03156,0.019,0.01412,0.03108,0.01452,0.02552,0.01632,0.01796,0.01456,0.01868,0.01408,0.01836,0.01416,0.01792,0.01304,0.01824,0.01384,0.01732,0.01348,0.0174,0.01424,0.01832,0.01184,0.01732,0.01212,0.0182,0.01236,0.01736,0.01328,0.01784,0.01528,0.01716,0.01324,0.01804,0.013041,0.01812,0.01328,0.01736,0.01336,0.01776,0.01344,0.0332,0.02848,0.01992,0.015,0.01892,0.01416,0.01876,0.014,0.01844,0.0178,0.02068,0.01496,0.01676,0.01384]",0.018079999834299088,0.03756000101566315,0.019644040055572985,0.018880000337958336,0.00295320603499003,50.0,3.0,"[34.710464,0.02908,0.02036,0.02584,0.0206,0.01932,0.01956,0.01924,0.01916,0.01924,0.01964,0.0188,0.018681,0.01924,0.01868,0.01864,0.01912,0.01876,0.01876,0.01892,0.0184,0.01852,0.01828,0.01872,0.01852,0.03756,0.01988,0.019041,0.02028,0.019,0.01952,0.01896,0.0194,0.01848,0.02084,0.01932,0.01856,0.01888,0.0204,0.01836,0.01848,0.01844,0.0186,0.01868,0.01816,0.01844,0.02592,0.01888,0.01888,0.01868,0.01808,0.01916,0.01868]",0.13303999602794647,1.1772019863128662,0.16099629878997804,0.13645999878644943,0.14591825748782142,50,3,"[193.246506,0.19268,0.268921,0.20972,0.1436,0.1418,0.13968,0.14304,0.13844,0.13652,0.13736,0.13936,0.13824,0.135841,0.136801,0.138921,0.13732,0.13812,0.1352,0.1352,0.13428,0.1364,0.13472,0.13592,1.177202,0.169241,0.14464,0.13492,0.136521,0.135601,0.135521,0.135601,0.137681,0.1346,0.13356,0.13752,0.1338,0.13612,0.13388,0.1334,0.13408,0.13304,0.1344,0.13784,0.137361,0.133201,0.20564,0.137081,0.134841,0.1352,0.13448,0.13624,0.14012]",0.06279999762773514,0.20504100620746613,0.07248656034469604,0.06575999781489372,0.02658598476123113,50,3,"[31.702518,0.16072,0.09916,0.08808,0.07292,0.06632,0.06356,0.06808,0.06616,0.06356,0.0632,0.0636,0.06408,0.06556,0.06324,0.06356,0.065001,0.063721,0.0638,0.06452,0.0632,0.0638,0.0664,0.0632,0.19456,0.08896,0.07404,0.07236,0.06956,0.06408,0.07408,0.06336,0.0632,0.066641,0.063281,0.06672,0.0646,0.06644,0.0628,0.06852,0.06304,0.06788,0.0628,0.063,0.06596,0.06528,0.205041,0.07212,0.07312,0.069,0.075041,0.066921,0.066361]",0.056040000170469284,0.15452100336551666,0.06670728020370006,0.06345999985933304,0.014986162806978042,50,3,"[0.456201,0.07176,0.0886,0.07196,0.06768,0.06676,0.064,0.05604,0.06472,0.06316,0.06524,0.0662,0.06464,0.06892,0.06252,0.06392,0.06512,0.06176,0.061361,0.065121,0.06156,0.0656,0.0632,0.06264,0.154521,0.06612,0.0676,0.06348,0.0626,0.0652,0.06404,0.06312,0.06316,0.06068,0.06312,0.0586,0.064321,0.06224,0.06256,0.06212,0.06108,0.06252,0.06624,0.06364,0.06172,0.11956,0.06648,0.06316,0.0634,0.06208,0.06396,0.06344,0.06248]",0.012799999676644802,0.02759999968111515,0.013807199914008379,0.013160000089555979,0.0026737681062076676,50.0,3.0,"[0.05824,0.01364,0.0136,0.01348,0.01328,0.0138,0.01364,0.01352,0.01328,0.0136,0.01332,0.01332,0.01444,0.01328,0.0134,0.01372,0.01328,0.01408,0.01356,0.01424,0.01392,0.01328,0.013,0.013,0.0276,0.01292,0.01292,0.01308,0.01292,0.0134,0.01288,0.01408,0.013,0.01312,0.01284,0.0128,0.01308,0.01296,0.01308,0.01288,0.01352,0.01304,0.01308,0.0132,0.013,0.02588,0.01292,0.01288,0.01288,0.01312,0.01292,0.01296,0.01296]",32,4,2048,768,151936,True,True,False,1985,3,50,1,2048,768,generic,generic,,,CUDA_EVENT,BF16,none
0.010119999758899212,0.03660000115633011,0.0163232599850744,0.01643999945372343,0.004219459089008776,100.0,6.0,"[0.03052,0.01632,0.02084,0.013361,0.01652,0.01244,0.0366,0.023041,0.020961,0.01416,0.01764,0.01272,0.0186,0.01428,0.01772,0.01312,0.01604,0.0144,0.01716,0.013,0.0178,0.0134,0.01688,0.01296,0.018,0.01344,0.01764,0.0132,0.01688,0.01572,0.016641,0.01344,0.0174,0.01232,0.01816,0.01288,0.01676,0.01316,0.01616,0.01156,0.01672,0.01296,0.01664,0.0126,0.01712,0.01264,0.01696,0.01116,0.021401,0.01236,0.02996,0.02976,0.01896,0.01316,0.01744,0.01444,0.01824,0.01352,0.01868,0.01416,0.017,0.01212,0.01852,0.01284,0.01752,0.01356,0.01688,0.01368,0.01704,0.01292,0.01604,0.01448,0.017601,0.01344,0.01632,0.01116,0.0178,0.01388,0.02084,0.01012,0.01768,0.01236,0.01696,0.01656,0.01748,0.01308,0.01788,0.01264,0.01776,0.01272,0.019321,0.0128,0.02996,0.02392,0.01876,0.01372,0.02216,0.01424,0.01804,0.01332,0.0186,0.01468,0.01712,0.0134,0.0192,0.01148]",0.017559999600052834,0.03336000069975853,0.019363219924271105,0.018779999576509,0.0024478378593672076,50.0,3.0,"[0.02632,0.0198,0.019,0.02568,0.0192,0.01872,0.01876,0.01852,0.01832,0.01816,0.01852,0.01888,0.01856,0.01876,0.01864,0.01852,0.01868,0.01864,0.01892,0.01872,0.01852,0.01892,0.01756,0.0186,0.01848,0.03336,0.01884,0.01924,0.01892,0.01884,0.01896,0.01884,0.01848,0.0188,0.01936,0.01864,0.01884,0.01908,0.01924,0.0202,0.01824,0.01868,0.01832,0.01868,0.0188,0.01868,0.02568,0.018961,0.02012,0.01908,0.01932,0.01852,0.01916]",0.13152000308036804,0.2021609991788864,0.13734352022409438,0.13406000286340714,0.013393291570376331,50,3,"[0.26248,0.13936,0.1346,0.15468,0.13564,0.1412,0.135521,0.138081,0.134401,0.13784,0.13448,0.13184,0.13312,0.13376,0.13556,0.13388,0.134,0.131641,0.133241,0.13304,0.13312,0.13344,0.13436,0.13268,0.13836,0.199441,0.133961,0.132001,0.133921,0.134561,0.13228,0.13452,0.13448,0.13416,0.1326,0.13284,0.13456,0.13328,0.133521,0.132921,0.1326,0.13368,0.13412,0.13492,0.13152,0.136,0.202161,0.13468,0.135801,0.135481,0.133201,0.13268,0.1374]",0.062160998582839966,0.18347999453544617,0.06836253955960274,0.06308049708604813,0.019657195848877346,50,3,"[0.102081,0.07428,0.06536,0.07628,0.06668,0.06292,0.06372,0.0628,0.06324,0.062161,0.063001,0.06296,0.06304,0.063,0.06244,0.06572,0.06288,0.06288,0.06268,0.063041,0.06316,0.06244,0.06336,0.06288,0.13268,0.096,0.0678,0.06504,0.06384,0.06436,0.063081,0.06268,0.06308,0.0626,0.06316,0.06252,0.06596,0.06252,0.06308,0.06268,0.062161,0.06324,0.06308,0.06272,0.06288,0.06608,0.18348,0.0676,0.06708,0.06384,0.0644,0.063281,0.065921]",0.055640000849962234,0.1111999973654747,0.06358169995248318,0.061860499903559685,0.008641177923169244,50,3,"[0.14608,0.06836,0.06208,0.06588,0.06288,0.0656,0.06292,0.0654,0.06204,0.06312,0.0636,0.063441,0.06196,0.05984,0.06132,0.05564,0.05864,0.05928,0.06128,0.06356,0.058281,0.05972,0.0602,0.0578,0.1112,0.06644,0.0632,0.06108,0.06136,0.06148,0.06076,0.062681,0.061881,0.0628,0.06584,0.06136,0.065,0.06068,0.06108,0.06088,0.06092,0.060281,0.0606,0.06184,0.05856,0.09616,0.06856,0.06224,0.06136,0.06112,0.06208,0.06212,0.06312]",0.013000000268220901,0.049559999257326126,0.01469362000003457,0.013319999910891056,0.005425554914477023,50.0,3.0,"[0.01356,0.01416,0.01312,0.01404,0.01304,0.01332,0.01444,0.01312,0.01448,0.01424,0.01312,0.01428,0.0134,0.01412,0.01328,0.01336,0.01316,0.01612,0.01312,0.01316,0.01344,0.01748,0.01304,0.01336,0.027481,0.0132,0.01376,0.01336,0.01344,0.01388,0.01392,0.0132,0.01332,0.01328,0.01368,0.01312,0.01672,0.013,0.01328,0.013,0.01332,0.01316,0.01324,0.01324,0.01332,0.04956,0.01328,0.01324,0.01308,0.01312,0.01412,0.01608,0.01316]",32,4,2048,768,151936,True,True,False,1984,3,50,1,2048,768,generic,generic,,,CUDA_EVENT,BF16,none
0.010160000063478947,0.03359999880194664,0.01643480997532606,0.0163199994713068,0.0042970143927505726,100.0,6.0,"[0.0308,0.01516,0.02032,0.0108,0.01836,0.01284,0.0336,0.02592,0.01912,0.0142,0.01752,0.0134,0.01712,0.01456,0.01784,0.014,0.01772,0.01372,0.01824,0.01296,0.01608,0.01228,0.0176,0.01256,0.01768,0.01308,0.01792,0.0118,0.01708,0.0136,0.01704,0.01076,0.0184,0.01292,0.018,0.01316,0.01704,0.01308,0.01636,0.0142,0.01672,0.01268,0.01632,0.01376,0.01696,0.0136,0.019,0.01384,0.01728,0.01304,0.0318,0.024001,0.02336,0.01644,0.01808,0.0144,0.0218,0.01524,0.0182,0.01404,0.01544,0.01448,0.01776,0.01352,0.01592,0.01344,0.01772,0.01316,0.01632,0.01152,0.01752,0.0128,0.01772,0.01288,0.01652,0.01072,0.01964,0.01016,0.01696,0.01104,0.02292,0.01412,0.01836,0.01296,0.01776,0.01148,0.01984,0.01132,0.01776,0.014,0.01772,0.01264,0.03136,0.02332,0.02732,0.01444,0.01888,0.014,0.0186,0.01288,0.01752,0.01356,0.018,0.01352,0.01852,0.01432]",0.017079999670386314,0.031120000407099724,0.019256799891591073,0.01868000067770481,0.0023069299816136073,50.0,3.0,"[0.0236,0.01888,0.01848,0.03112,0.01892,0.01884,0.01856,0.01836,0.01856,0.0186,0.01876,0.01848,0.0184,0.01852,0.01828,0.01864,0.01844,0.01808,0.0184,0.02,0.01848,0.01904,0.01824,0.01832,0.01828,0.02712,0.01884,0.01876,0.01916,0.01904,0.0186,0.01836,0.01916,0.01888,0.01912,0.01856,0.01904,0.01932,0.01708,0.01836,0.02048,0.01828,0.01908,0.01848,0.01868,0.01868,0.0254,0.01876,0.01872,0.01892,0.01924,0.01868,0.01872]",0.13131999969482422,0.2099200040102005,0.13759608060121536,0.1341800019145012,0.01281913225566059,50,3,"[0.24384,0.144521,0.134361,0.1642,0.13588,0.13524,0.13752,0.13372,0.13476,0.13392,0.13424,0.13356,0.1326,0.13284,0.13364,0.13408,0.13364,0.13216,0.13132,0.13408,0.13156,0.13452,0.13244,0.13524,0.1582,0.17236,0.13692,0.13404,0.13476,0.1324,0.13368,0.13324,0.1356,0.13588,0.13432,0.13576,0.136,0.13412,0.13564,0.13132,0.1324,0.13252,0.135,0.13212,0.13828,0.13364,0.20992,0.13828,0.13412,0.135201,0.132841,0.135681,0.134401]",0.07395999878644943,0.18476000428199768,0.0787984599173069,0.07463999837636948,0.01709766416549289,50,3,"[0.09584,0.07436,0.07508,0.0778,0.07416,0.07488,0.08028,0.07472,0.07456,0.07396,0.07456,0.075,0.07452,0.07416,0.07452,0.07504,0.07444,0.07752,0.07492,0.07464,0.074,0.07452,0.07476,0.07408,0.11192,0.11808,0.07432,0.07416,0.0776,0.07448,0.075,0.0748,0.07472,0.07424,0.07476,0.0742,0.074681,0.0752,0.0746,0.07768,0.07452,0.07496,0.07436,0.07436,0.07524,0.077,0.18476,0.074361,0.074481,0.07436,0.0746,0.0748,0.07464]",0.04636000096797943,0.11376100033521652,0.05708908013999462,0.053660498932003975,0.012563303908449086,50,3,"[0.146401,0.06444,0.0582,0.0656,0.06184,0.0568,0.04636,0.05592,0.055,0.05292,0.04664,0.0534,0.0482,0.05112,0.0524,0.05176,0.04856,0.04684,0.04792,0.052,0.04912,0.04992,0.05228,0.05148,0.113761,0.06652,0.06376,0.066921,0.061081,0.060041,0.059041,0.053921,0.05864,0.059,0.05436,0.05592,0.04748,0.04956,0.05132,0.046881,0.049401,0.049641,0.049281,0.047481,0.050401,0.107121,0.068641,0.06304,0.0678,0.0594,0.0618,0.05688,0.05928]",0.012719999998807907,0.03708000108599663,0.014112020023167133,0.013079999946057796,0.003913335568986188,50.0,3.0,"[0.01284,0.01304,0.01336,0.013,0.01308,0.01356,0.0132,0.0128,0.01344,0.01312,0.01292,0.01296,0.0128,0.01308,0.01348,0.01392,0.01644,0.0128,0.01304,0.01272,0.01404,0.01288,0.01272,0.01296,0.03708,0.01288,0.012961,0.01356,0.01288,0.01288,0.01288,0.01332,0.01372,0.01284,0.01332,0.01364,0.01276,0.01984,0.01304,0.01308,0.01288,0.01304,0.01316,0.01304,0.01388,0.02648,0.01316,0.01276,0.0134,0.013,0.01372,0.01396,0.01348]",32,4,2048,768,151936,True,True,False,1983,3,50,1,2048,768,generic,generic,,,CUDA_EVENT,BF16,none
0.0106800002977252,0.042080000042915344,0.016659209998324515,0.016560000367462635,0.005059232935258771,100.0,6.0,"[0.02796,0.01552,0.0208,0.0136,0.01756,0.00892,0.03816,0.03316,0.0196,0.0138,0.01764,0.01392,0.01804,0.01396,0.01716,0.01288,0.01844,0.0132,0.0168,0.01436,0.01768,0.01308,0.01732,0.01284,0.01108,0.01292,0.01776,0.01232,0.01744,0.01448,0.01852,0.01152,0.01628,0.01228,0.0174,0.01252,0.02172,0.01188,0.01796,0.01344,0.01668,0.01284,0.01812,0.01284,0.01476,0.01404,0.01648,0.01308,0.01808,0.01068,0.03428,0.02476,0.019001,0.01716,0.02104,0.01592,0.01896,0.01352,0.01816,0.01348,0.01752,0.01404,0.01848,0.01404,0.01768,0.01328,0.01944,0.01428,0.0184,0.01412,0.0172,0.01372,0.01712,0.01372,0.01708,0.01284,0.01664,0.01344,0.01952,0.01288,0.01808,0.01276,0.0178,0.01288,0.01908,0.01244,0.01716,0.01424,0.0172,0.01376,0.01704,0.01084,0.04208,0.02512,0.01956,0.01496,0.0196,0.0152,0.01856,0.01352,0.0172,0.01356,0.0176,0.01336,0.01756,0.01388]",0.0175199992954731,0.03255999833345413,0.019513759911060333,0.01868050079792738,0.0028767673720440905,50.0,3.0,"[0.02428,0.0196,0.019,0.02756,0.0192,0.0186,0.019121,0.018521,0.019161,0.018561,0.018561,0.018361,0.018561,0.0184,0.018681,0.01812,0.01752,0.01864,0.01824,0.01856,0.01856,0.01816,0.01996,0.0184,0.02092,0.03256,0.01888,0.01908,0.01872,0.01868,0.01864,0.01896,0.01868,0.01908,0.01884,0.01908,0.0182,0.01844,0.0186,0.01904,0.01824,0.01884,0.01808,0.02268,0.01808,0.01848,0.03084,0.01936,0.01924,0.01876,0.01904,0.01896,0.01924]",0.13196000456809998,0.2032810002565384,0.13753146111965178,0.1337599977850914,0.013742531752265212,50,3,"[0.244401,0.1386,0.1398,0.151121,0.136001,0.134921,0.13524,0.13424,0.13304,0.13344,0.1332,0.13328,0.13252,0.13412,0.13372,0.13336,0.13368,0.134681,0.132841,0.131961,0.134441,0.132201,0.135921,0.132561,0.161641,0.198081,0.13492,0.133,0.1338,0.13308,0.13504,0.13344,0.13488,0.13612,0.13356,0.13416,0.13404,0.13292,0.1326,0.13332,0.1324,0.13272,0.13196,0.1384,0.13296,0.13936,0.203281,0.13548,0.13416,0.13408,0.13468,0.13364,0.13236]",0.07116000354290009,0.2141599953174591,0.07701920032501221,0.07168000191450119,0.022417957145608496,50,3,"[0.09696,0.074361,0.071401,0.07692,0.0718,0.0714,0.07176,0.07156,0.07128,0.07476,0.07188,0.0716,0.07132,0.07156,0.072,0.07164,0.07164,0.07204,0.07136,0.07164,0.07468,0.07144,0.0722,0.07192,0.13792,0.11412,0.07212,0.07136,0.07188,0.07196,0.07124,0.0742,0.07156,0.07208,0.07152,0.07152,0.07212,0.07148,0.07128,0.07168,0.07164,0.07116,0.07184,0.07144,0.07168,0.07456,0.21416,0.07136,0.07228,0.07192,0.07116,0.07168,0.07164]",0.049400001764297485,0.15056000649929047,0.06049928031861782,0.05853999964892864,0.015233278865045373,50,3,"[0.15056,0.0648,0.06128,0.06652,0.06328,0.06072,0.05804,0.06104,0.06112,0.05548,0.06088,0.0588,0.05684,0.06356,0.05468,0.05464,0.05372,0.04988,0.05404,0.05188,0.0528,0.05096,0.05288,0.0512,0.15056,0.06616,0.06228,0.06148,0.06588,0.06292,0.05928,0.05764,0.06232,0.06064,0.05492,0.05584,0.05848,0.05036,0.0508,0.05132,0.05292,0.05308,0.0494,0.05332,0.0512,0.09904,0.08184,0.062881,0.059361,0.058641,0.061321,0.05952,0.0586]",0.012640000320971012,0.032760001718997955,0.014101599957793951,0.012980000115931034,0.0034281305506486154,50.0,3.0,"[0.01284,0.01296,0.01296,0.01284,0.0128,0.01332,0.01368,0.01328,0.01364,0.0138,0.01292,0.01292,0.0138,0.01364,0.01352,0.01472,0.01276,0.01284,0.01284,0.01332,0.01328,0.01304,0.01288,0.01296,0.02648,0.01268,0.01868,0.01288,0.01296,0.01296,0.01264,0.01404,0.0128,0.01284,0.01284,0.01284,0.013,0.01284,0.018,0.01396,0.01284,0.01356,0.01372,0.01372,0.01324,0.03276,0.01292,0.01584,0.01284,0.01292,0.01296,0.0128,0.01372]",32,4,2048,768,151936,True,True,False,1982,3,50,1,2048,768,generic,generic,,,CUDA_EVENT,BF16,none
0.009759999811649323,0.039639998227357864,0.01650561997666955,0.016119999811053276,0.0047022619867850965,100.0,6.0,"[0.03232,0.015641,0.01564,0.01332,0.018,0.01284,0.03468,0.03032,0.01888,0.01324,0.0188,0.01344,0.01724,0.01404,0.01872,0.0138,0.01776,0.014,0.01844,0.01284,0.01804,0.01316,0.01488,0.01312,0.017041,0.01304,0.01728,0.013761,0.01692,0.01356,0.01908,0.01308,0.0164,0.01304,0.0162,0.01604,0.01652,0.00976,0.0166,0.01276,0.01796,0.01224,0.01548,0.01292,0.01816,0.01248,0.01476,0.01352,0.01744,0.01416,0.03188,0.02348,0.0202,0.01264,0.01804,0.0144,0.02084,0.01128,0.01796,0.0136,0.01624,0.0132,0.01848,0.01372,0.01936,0.01284,0.01708,0.01388,0.01812,0.01388,0.01772,0.01392,0.01752,0.0116,0.01716,0.01296,0.0172,0.0142,0.01656,0.01056,0.01824,0.014,0.01824,0.01152,0.01664,0.01296,0.01732,0.01268,0.018,0.01284,0.01924,0.01304,0.03964,0.025,0.026,0.01532,0.01852,0.01424,0.01992,0.01228,0.01868,0.014,0.01916,0.01412,0.0186,0.01424]",0.017839999869465828,0.03531999886035919,0.019393659941852093,0.018739999271929264,0.002622350220915241,50.0,3.0,"[0.02456,0.01996,0.01876,0.02364,0.01904,0.01884,0.01808,0.01908,0.01888,0.01896,0.0182,0.01896,0.0186,0.01896,0.018641,0.018681,0.01812,0.01784,0.01852,0.02196,0.01796,0.01868,0.01876,0.02044,0.01856,0.03532,0.02016,0.0188,0.01912,0.01856,0.01872,0.01916,0.01908,0.01888,0.01852,0.01872,0.01884,0.01796,0.0182,0.01796,0.0216,0.01832,0.01872,0.01868,0.01884,0.01828,0.024721,0.01988,0.01828,0.01872,0.01892,0.01876,0.01856]",0.13096000254154205,0.20535999536514282,0.13733960062265396,0.13380049914121628,0.012469753309741255,50,3,"[0.25304,0.145841,0.134241,0.15264,0.13648,0.13536,0.13336,0.13548,0.13444,0.1336,0.13432,0.13344,0.13328,0.13304,0.13344,0.13236,0.132241,0.133401,0.131881,0.131641,0.132441,0.136001,0.13352,0.13836,0.15692,0.20536,0.135841,0.132281,0.133601,0.133401,0.133761,0.135801,0.136161,0.134121,0.136041,0.138801,0.132961,0.134681,0.134841,0.131961,0.13344,0.13096,0.13352,0.13444,0.13496,0.13292,0.18128,0.13772,0.13396,0.13384,0.13376,0.13344,0.13548]",0.07424099743366241,0.19247999787330627,0.0792746601998806,0.07510050013661385,0.018021002902415168,50,3,"[0.09416,0.07816,0.07512,0.08008,0.07492,0.075,0.07496,0.07552,0.07936,0.07528,0.0746,0.07492,0.0778,0.07532,0.07496,0.07528,0.07468,0.0748,0.0754,0.07452,0.07524,0.07512,0.074241,0.077321,0.108361,0.121521,0.07436,0.07448,0.07532,0.07504,0.0746,0.07476,0.07516,0.0744,0.07508,0.07444,0.07516,0.07528,0.07444,0.07544,0.07512,0.075081,0.074561,0.075281,0.0752,0.07724,0.19248,0.077201,0.074481,0.074841,0.074961,0.075121,0.075001]",0.04383999854326248,0.1278800070285797,0.05725362010300159,0.05337999947369099,0.013703099774741094,50,3,"[0.146441,0.06484,0.05804,0.06448,0.06636,0.06236,0.0534,0.05716,0.04388,0.05564,0.05336,0.04988,0.04856,0.05132,0.05332,0.04828,0.05008,0.04932,0.04616,0.04892,0.0464,0.0508,0.05184,0.04912,0.12788,0.06872,0.06316,0.0602,0.06168,0.05996,0.06032,0.06072,0.06016,0.05656,0.05204,0.05548,0.04868,0.04628,0.05196,0.04524,0.0468,0.04384,0.05128,0.04604,0.05052,0.08832,0.088681,0.063,0.06416,0.06004,0.06,0.06284,0.05748]",0.012880000285804272,0.029920000582933426,0.014243199974298477,0.013179999776184559,0.003053892940619505,50.0,3.0,"[0.01308,0.01304,0.0132,0.013,0.01356,0.01372,0.013,0.0132,0.01324,0.01336,0.01296,0.01292,0.01528,0.01304,0.01296,0.01312,0.01468,0.01304,0.01364,0.013,0.01324,0.013,0.01304,0.01348,0.02424,0.01308,0.01296,0.0154,0.01288,0.01704,0.01324,0.01308,0.01292,0.01308,0.01296,0.01676,0.01304,0.01304,0.01328,0.01492,0.01324,0.01308,0.0136,0.01372,0.013,0.02992,0.02156,0.01316,0.0138,0.0132,0.013,0.013,0.01548]",32,4,2048,768,151936,True,True,False,1981,3,50,1,2048,768,generic,generic,,,CUDA_EVENT,BF16,none
0.010999999940395355,0.030319999903440475,0.016340410001575947,0.015660000033676624,0.003733600014452504,100.0,6.0,"[0.0292,0.0156,0.02048,0.01376,0.01924,0.01328,0.02932,0.01868,0.01948,0.0142,0.01816,0.01376,0.01812,0.0146,0.01756,0.013,0.019,0.01392,0.0176,0.01388,0.01784,0.011,0.0188,0.01404,0.01784,0.01328,0.0178,0.01148,0.0174,0.01296,0.01692,0.01356,0.01564,0.0138,0.01644,0.01284,0.01616,0.01156,0.01748,0.0132,0.017,0.01256,0.01672,0.0144,0.0174,0.01272,0.01768,0.01428,0.01624,0.01304,0.02912,0.0238,0.01968,0.0144,0.01804,0.01408,0.01904,0.0136,0.01696,0.01352,0.01888,0.0142,0.016,0.01328,0.018,0.01368,0.01904,0.01348,0.01548,0.01368,0.0178,0.01336,0.01712,0.01372,0.0206,0.01408,0.01776,0.013,0.01692,0.01252,0.01876,0.013,0.01708,0.013601,0.0178,0.0124,0.01912,0.01352,0.01548,0.0128,0.01256,0.01468,0.03032,0.02788,0.02032,0.01452,0.02372,0.01568,0.01656,0.01492,0.0232,0.014,0.01792,0.01372,0.01828,0.014]",0.018319999799132347,0.029839999973773956,0.019476919956505297,0.018779999576509,0.0022345097739386293,50.0,3.0,"[0.02576,0.01972,0.0188,0.02516,0.01992,0.01912,0.01924,0.01868,0.01872,0.01844,0.01872,0.01868,0.01896,0.01852,0.01864,0.0186,0.0188,0.01864,0.01892,0.01864,0.01896,0.01844,0.01968,0.01912,0.01876,0.02984,0.01952,0.01888,0.01904,0.01892,0.01872,0.01916,0.01872,0.01864,0.0186,0.01852,0.01848,0.019,0.01876,0.01832,0.01852,0.0202,0.018641,0.01884,0.01852,0.01832,0.0284,0.0192,0.022001,0.019201,0.018681,0.019201,0.019641]",0.13147999346256256,0.19332100450992584,0.13657377898693085,0.13364049792289734,0.010883377262079118,50,3,"[0.250001,0.13828,0.13544,0.15412,0.135561,0.133481,0.133681,0.132841,0.13412,0.13356,0.13192,0.1334,0.133,0.133,0.13508,0.1338,0.13388,0.13316,0.13392,0.13248,0.134,0.13268,0.13456,0.1336,0.15752,0.193321,0.13296,0.13552,0.13344,0.13588,0.134,0.1346,0.13408,0.13732,0.1328,0.13312,0.13236,0.1322,0.132,0.13148,0.13256,0.13216,0.13268,0.133201,0.132601,0.136761,0.1752,0.133961,0.13224,0.13428,0.1354,0.1354,0.1338]",0.06827999651432037,0.21116100251674652,0.074965740442276,0.06904000043869019,0.02356828709066055,50,3,"[0.1014,0.07244,0.06876,0.073161,0.07176,0.069,0.06916,0.06896,0.06896,0.068841,0.069481,0.071521,0.069201,0.069681,0.06828,0.0714,0.06912,0.06896,0.06848,0.06892,0.06932,0.06896,0.06848,0.06884,0.12784,0.14524,0.069,0.06904,0.069,0.06892,0.0686,0.06892,0.069,0.06896,0.06848,0.06972,0.06892,0.06864,0.072,0.06916,0.06908,0.06864,0.06936,0.06936,0.06936,0.07168,0.211161,0.06924,0.06904,0.07236,0.06892,0.0692,0.06896]",0.049559999257326126,0.10120099782943726,0.06039046011865139,0.059140000492334366,0.009172414241798866,50,3,"[0.14676,0.0664,0.0608,0.06404,0.06272,0.06052,0.06316,0.0548,0.05964,0.05968,0.05892,0.05488,0.0532,0.05264,0.0582,0.04956,0.054281,0.055281,0.05764,0.05472,0.05796,0.0516,0.05616,0.05552,0.101201,0.06604,0.06276,0.06384,0.06204,0.05996,0.06312,0.06348,0.0636,0.06372,0.06136,0.05492,0.05796,0.05916,0.05228,0.05532,0.05632,0.05224,0.054,0.0536,0.05356,0.09268,0.0826,0.06264,0.06136,0.05912,0.06264,0.06112,0.06176]",0.012799999676644802,0.032760001718997955,0.014110419917851686,0.013100000098347664,0.003324843750805989,50.0,3.0,"[0.01296,0.0138,0.0136,0.01304,0.013,0.0128,0.01388,0.0164,0.01304,0.01284,0.01292,0.01304,0.01296,0.01312,0.01396,0.01344,0.01292,0.013,0.013041,0.01652,0.01312,0.01296,0.01304,0.0128,0.03276,0.01316,0.01888,0.013,0.01336,0.01292,0.0132,0.01288,0.01368,0.01376,0.01356,0.01376,0.01344,0.01284,0.01676,0.013,0.01324,0.01316,0.01312,0.01352,0.01304,0.02508,0.013,0.01288,0.0128,0.01308,0.01296,0.01368,0.01316]",32,4,2048,768,151936,True,True,False,1980,3,50,1,2048,768,generic,generic,,,CUDA_EVENT,BF16,none
0.009999999776482582,0.03407999873161316,0.016370839979499577,0.01616000011563301,0.003736101750334616,100.0,6.0,"[0.02888,0.01504,0.02044,0.01792,0.01796,0.01308,0.02268,0.01968,0.01932,0.0136,0.01792,0.01528,0.01924,0.01432,0.01772,0.01432,0.0176,0.01296,0.02304,0.014,0.018401,0.01316,0.01696,0.0162,0.01856,0.01284,0.01612,0.01108,0.01712,0.01396,0.01,0.01292,0.01836,0.01324,0.01468,0.01364,0.01796,0.01352,0.0188,0.01144,0.017761,0.01368,0.01768,0.01592,0.01852,0.01256,0.01796,0.01376,0.01792,0.0132,0.03168,0.02392,0.0106,0.01396,0.01844,0.01408,0.01676,0.01548,0.0184,0.01436,0.01932,0.01772,0.0178,0.01384,0.01612,0.01776,0.01712,0.01404,0.017041,0.01936,0.01756,0.01296,0.01764,0.01712,0.01764,0.01236,0.01528,0.01524,0.0172,0.01324,0.016,0.0122,0.01812,0.01304,0.02024,0.01032,0.01688,0.014,0.018561,0.01296,0.01668,0.01316,0.03408,0.02632,0.01752,0.0142,0.01912,0.01392,0.01748,0.01512,0.0178,0.01348,0.01588,0.014,0.01828,0.01408]",0.014120000414550304,0.02727999910712242,0.019492839965969323,0.0188400000333786,0.0021993060655227537,50.0,3.0,"[0.02864,0.01428,0.01852,0.02496,0.01884,0.01852,0.01868,0.01944,0.0188,0.01736,0.01804,0.019761,0.0186,0.0192,0.01836,0.0204,0.01892,0.01908,0.01856,0.01856,0.01836,0.01412,0.01844,0.02376,0.01856,0.02552,0.01852,0.01904,0.02356,0.01908,0.02048,0.01872,0.01884,0.01892,0.02156,0.019001,0.02072,0.019,0.02232,0.0186,0.01972,0.01836,0.01816,0.01848,0.017,0.01804,0.02728,0.01884,0.01872,0.01972,0.01872,0.01976,0.01864]",0.1228410005569458,0.19415999948978424,0.13712179988622666,0.13368099927902222,0.012527890517828929,50,3,"[0.242521,0.13852,0.13284,0.15324,0.1356,0.13576,0.13408,0.1346,0.13388,0.13456,0.13428,0.13184,0.133721,0.132601,0.13208,0.14104,0.13264,0.1376,0.13196,0.13668,0.1338,0.133,0.133001,0.122841,0.16028,0.19104,0.1412,0.13244,0.1338,0.13264,0.13376,0.13332,0.1352,0.13496,0.13468,0.13284,0.133521,0.133641,0.13348,0.13244,0.13768,0.13244,0.129,0.13144,0.13244,0.132561,0.19416,0.141881,0.133361,0.133041,0.13296,0.1328,0.13428]",0.06836000084877014,0.19544099271297455,0.0746801796555519,0.06911999732255936,0.02162084698135185,50,3,"[0.09532,0.0784,0.06912,0.074681,0.069081,0.06924,0.06884,0.07132,0.06888,0.06876,0.06876,0.06856,0.06944,0.06916,0.068721,0.06888,0.06928,0.0684,0.069,0.0692,0.06908,0.06912,0.06892,0.069,0.121521,0.147361,0.071001,0.06936,0.0692,0.06836,0.07208,0.06948,0.069,0.06888,0.06908,0.06928,0.069,0.06932,0.06896,0.068881,0.0694,0.07228,0.06856,0.06936,0.06908,0.07156,0.195441,0.07372,0.06888,0.06968,0.06912,0.068441,0.0714]",0.05023999884724617,0.11795999854803085,0.06160249955952168,0.05970050022006035,0.011771028171381016,50,3,"[0.14516,0.06644,0.058881,0.06416,0.06292,0.06156,0.059601,0.05848,0.0556,0.05732,0.05764,0.05492,0.05532,0.05376,0.05392,0.06456,0.053361,0.061,0.0554,0.05868,0.05416,0.0596,0.05788,0.0614,0.11796,0.06764,0.06388,0.06192,0.062761,0.061721,0.06012,0.0616,0.0654,0.06,0.0616,0.05832,0.05896,0.05352,0.05848,0.05392,0.058401,0.05024,0.059,0.05336,0.05712,0.11412,0.06812,0.06356,0.06188,0.06264,0.06096,0.06188,0.0598]",0.012760000303387642,0.036159999668598175,0.014130399897694587,0.013100000098347664,0.0041257419614200725,50.0,3.0,"[0.01316,0.013,0.0132,0.01324,0.01872,0.01388,0.01332,0.01336,0.013,0.01336,0.01292,0.01284,0.01308,0.01304,0.0132,0.01284,0.013,0.01304,0.01304,0.01352,0.01292,0.01388,0.01316,0.01292,0.0314,0.01312,0.01312,0.01284,0.01288,0.01316,0.01292,0.01296,0.01292,0.01388,0.01364,0.014,0.01376,0.01292,0.01396,0.01332,0.01296,0.01308,0.01304,0.01356,0.013,0.03616,0.01304,0.01276,0.0132,0.01292,0.01372,0.0128,0.0132]",32,4,2048,768,151936,True,True,False,1979,3,50,1,2048,768,generic,generic,,,CUDA_EVENT,BF16,none
0.007960000075399876,0.03951999917626381,0.016242830008268358,0.016019999980926514,0.004331664003774829,100.0,6.0,"[0.0284,0.01584,0.02008,0.01344,0.018,0.01344,0.0278,0.02036,0.0194,0.014,0.01832,0.01336,0.02152,0.01444,0.01792,0.01348,0.02208,0.01264,0.01896,0.01316,0.01704,0.01792,0.01708,0.01356,0.0164,0.013801,0.0172,0.01332,0.01664,0.01116,0.01708,0.01332,0.01604,0.01028,0.01752,0.013,0.0216,0.01192,0.01732,0.01316,0.01688,0.016,0.01752,0.01344,0.01756,0.013121,0.01768,0.01364,0.01716,0.01284,0.03312,0.02428,0.01876,0.0142,0.01264,0.01416,0.01812,0.0136,0.01532,0.01368,0.0182,0.01352,0.0174,0.01348,0.0184,0.01344,0.0116,0.0144,0.01756,0.0136,0.014281,0.01368,0.0182,0.01448,0.0202,0.00796,0.01764,0.01296,0.01724,0.01308,0.0164,0.01288,0.01796,0.01196,0.01828,0.01224,0.01704,0.01128,0.01816,0.0122,0.01752,0.013,0.03952,0.02432,0.01988,0.0146,0.01856,0.01352,0.01876,0.01476,0.01792,0.01424,0.0186,0.01352,0.01748,0.01184]",0.014560000039637089,0.03471999987959862,0.019787219893187283,0.018719999119639397,0.003566750931067395,50.0,3.0,"[0.024961,0.0196,0.0246,0.03472,0.02264,0.01848,0.01956,0.0188,0.018,0.01872,0.0198,0.01864,0.019,0.01864,0.01836,0.01848,0.01736,0.01856,0.02152,0.01836,0.01836,0.01852,0.02048,0.01876,0.01844,0.031,0.0192,0.01872,0.01904,0.02064,0.01888,0.01876,0.01908,0.01972,0.01892,0.01856,0.01848,0.01808,0.0186,0.01456,0.01848,0.02396,0.01824,0.0184,0.01836,0.018681,0.03268,0.0192,0.01696,0.01924,0.02096,0.01844,0.01932]",0.12415999919176102,0.20183999836444855,0.13735467866063117,0.13388050347566605,0.012888190662933827,50,3,"[0.24468,0.138,0.12552,0.163361,0.136721,0.135,0.13388,0.13396,0.13432,0.13324,0.13336,0.13636,0.13356,0.131681,0.134481,0.134161,0.13864,0.1334,0.13012,0.13272,0.13376,0.1328,0.1326,0.132521,0.160241,0.20184,0.134841,0.13928,0.13396,0.1396,0.13248,0.13936,0.1326,0.13892,0.13344,0.13836,0.13208,0.132361,0.134161,0.13392,0.1328,0.12416,0.13108,0.13212,0.13256,0.13164,0.18244,0.134601,0.129281,0.133881,0.132121,0.13504,0.13792]",0.06668099761009216,0.2035209983587265,0.07354739978909493,0.06772000342607498,0.02224324647375066,50,3,"[0.09528,0.070881,0.068121,0.07908,0.0696,0.067961,0.066681,0.06752,0.0676,0.06716,0.06688,0.067,0.06804,0.06776,0.06788,0.06764,0.067521,0.06772,0.06724,0.06704,0.06784,0.06704,0.07044,0.06772,0.13152,0.128441,0.06804,0.069921,0.067161,0.06776,0.06748,0.06752,0.0676,0.07032,0.06716,0.06832,0.06748,0.0672,0.0676,0.067801,0.067,0.06756,0.06708,0.06732,0.06984,0.0716,0.203521,0.07268,0.07328,0.06856,0.06892,0.066921,0.068401]",0.05375999957323074,0.11219999939203262,0.0625264997780323,0.06150049902498722,0.00885699193569333,50,3,"[0.148841,0.0636,0.06312,0.06516,0.06288,0.06308,0.06416,0.060161,0.06112,0.06096,0.06124,0.05816,0.05988,0.05788,0.0572,0.05732,0.06108,0.057081,0.062481,0.05732,0.06296,0.05796,0.05592,0.05868,0.1122,0.067,0.06232,0.06204,0.06292,0.06172,0.061561,0.06308,0.06208,0.061,0.06372,0.05856,0.05752,0.06196,0.05796,0.0614,0.057161,0.06112,0.05376,0.06144,0.05384,0.0904,0.07436,0.06256,0.06288,0.0618,0.06244,0.06208,0.06276]",0.012799999676644802,0.03108000010251999,0.013866439927369356,0.013079999946057796,0.003229976972815467,50.0,3.0,"[0.01352,0.0132,0.01404,0.01304,0.01304,0.01304,0.01416,0.01384,0.013001,0.01332,0.01368,0.01364,0.01296,0.01304,0.013,0.0134,0.0132,0.01292,0.01308,0.01356,0.0132,0.01304,0.01308,0.01392,0.028,0.01312,0.01324,0.013,0.0136,0.01284,0.01352,0.013321,0.01328,0.0138,0.01296,0.01308,0.01284,0.01316,0.01304,0.01296,0.01312,0.0132,0.01308,0.01292,0.0136,0.03108,0.013,0.0128,0.01296,0.01308,0.01288,0.01384,0.01284]",32,4,2048,768,151936,True,True,False,1978,3,50,1,2048,768,generic,generic,,,CUDA_EVENT,BF16,none
0.010080000385642052,0.038679998368024826,0.016479229992255567,0.016759999096393585,0.004125341688441687,100.0,6.0,"[0.0292,0.0154,0.02096,0.01356,0.01828,0.01324,0.02724,0.02064,0.01952,0.01364,0.01712,0.01536,0.01792,0.01404,0.0166,0.01296,0.01808,0.01156,0.01944,0.01052,0.02208,0.01296,0.01676,0.01248,0.017,0.01324,0.01776,0.01376,0.01772,0.0128,0.01868,0.01216,0.01768,0.01396,0.01688,0.01328,0.0184,0.01304,0.01676,0.01312,0.01756,0.01308,0.01804,0.01272,0.01724,0.01292,0.01676,0.013041,0.01772,0.01276,0.0302,0.02496,0.01956,0.01368,0.01864,0.01392,0.02216,0.01008,0.01784,0.01332,0.02036,0.01308,0.018,0.01428,0.01788,0.014761,0.01732,0.01392,0.014,0.0154,0.01836,0.01372,0.01492,0.01296,0.01876,0.01352,0.01996,0.01648,0.01648,0.01316,0.01808,0.01224,0.01768,0.014,0.01692,0.01216,0.0174,0.01304,0.01708,0.01252,0.01696,0.01056,0.03868,0.02324,0.019081,0.01496,0.01856,0.01352,0.0198,0.01888,0.01848,0.01356,0.01912,0.01996,0.01912,0.01364]",0.01624000072479248,0.03880000114440918,0.02027284000068903,0.018939999863505363,0.004294133065143351,50.0,3.0,"[0.0268,0.01976,0.0188,0.0382,0.01888,0.02048,0.01852,0.01768,0.01832,0.020761,0.0186,0.02116,0.01868,0.01624,0.019,0.02036,0.019,0.02036,0.0186,0.01828,0.01888,0.01836,0.01856,0.01852,0.01896,0.03148,0.02336,0.01908,0.01864,0.01876,0.02128,0.0186,0.01976,0.0194,0.01988,0.01904,0.01816,0.01848,0.02064,0.01908,0.01868,0.01832,0.02428,0.01892,0.0184,0.01832,0.0388,0.0198,0.019361,0.02008,0.01872,0.019,0.01892]",0.1255200058221817,0.20732000470161438,0.13710182011127472,0.13335999846458435,0.013075895166479728,50,3,"[0.24772,0.137721,0.13296,0.1556,0.13472,0.1392,0.133,0.13788,0.1326,0.13492,0.133321,0.1326,0.1324,0.1324,0.13164,0.1318,0.13364,0.128361,0.133281,0.13376,0.13312,0.13236,0.13296,0.13412,0.157841,0.20732,0.1294,0.13336,0.13344,0.13248,0.1344,0.13336,0.13808,0.138761,0.142201,0.13392,0.13776,0.1326,0.13092,0.13252,0.134641,0.132921,0.12552,0.13136,0.13196,0.13228,0.180881,0.14216,0.13592,0.134401,0.133561,0.13484,0.1326]",0.06695999950170517,0.2046400010585785,0.07362492009997368,0.06772000342607498,0.021878265857521662,50,3,"[0.09672,0.0772,0.067561,0.08132,0.069601,0.06724,0.0676,0.06724,0.06764,0.06772,0.06696,0.06764,0.0674,0.06736,0.07096,0.06788,0.06728,0.06704,0.0678,0.06772,0.06736,0.06836,0.06772,0.06776,0.11988,0.129441,0.076641,0.06968,0.07144,0.0676,0.06784,0.06796,0.06824,0.06712,0.06788,0.067401,0.07236,0.06744,0.06768,0.06728,0.06716,0.06816,0.069241,0.06708,0.06772,0.07032,0.20464,0.07592,0.06756,0.0678,0.0676,0.067281,0.06728]",0.05368100106716156,0.11215999722480774,0.06330171979963779,0.06188049912452698,0.01008778916128606,50,3,"[0.146361,0.06432,0.06212,0.06476,0.06292,0.061961,0.0596,0.06148,0.05924,0.05912,0.06036,0.06212,0.06136,0.063561,0.05628,0.063,0.05732,0.06256,0.05516,0.06264,0.0602,0.06108,0.05888,0.06112,0.11216,0.067,0.0632,0.0614,0.061281,0.06192,0.06148,0.06308,0.06244,0.06368,0.0658,0.05932,0.053681,0.05916,0.06124,0.05756,0.062,0.05668,0.06264,0.057201,0.06296,0.10924,0.06984,0.06428,0.0622,0.06216,0.06308,0.06184,0.061841]",0.012839999981224537,0.04280000180006027,0.014024000018835067,0.013079999946057796,0.004531708931557699,50.0,3.0,"[0.01304,0.01304,0.01384,0.01308,0.01296,0.01292,0.01336,0.01312,0.01288,0.01404,0.01296,0.01364,0.014,0.01336,0.01312,0.01384,0.01284,0.01316,0.01292,0.01312,0.01296,0.0132,0.013,0.01392,0.0266,0.01312,0.01316,0.01296,0.01284,0.01296,0.01292,0.01312,0.01304,0.01312,0.01328,0.01312,0.0136,0.013,0.01296,0.013,0.01292,0.0132,0.01288,0.0132,0.01404,0.0428,0.01292,0.01288,0.013,0.01308,0.01304,0.013,0.01304]",32,4,2048,768,151936,True,True,False,1977,3,50,1,2048,768,generic,generic,,,CUDA_EVENT,BF16,none
0.0106800002977252,0.041680000722408295,0.016231620088219642,0.015159999951720238,0.004653221899720562,100.0,6.0,"[0.02964,0.01592,0.02076,0.01324,0.01804,0.0132,0.0284,0.0304,0.01876,0.0142,0.0184,0.0138,0.01816,0.01436,0.01804,0.01336,0.01772,0.01388,0.0176,0.01316,0.0172,0.01284,0.01804,0.01304,0.01676,0.01508,0.01756,0.01308,0.02108,0.01308,0.01872,0.0122,0.01576,0.01436,0.01716,0.0124,0.0164,0.01068,0.01788,0.0132,0.013281,0.01328,0.017,0.01308,0.0182,0.01444,0.01696,0.01296,0.01772,0.0116,0.03264,0.02752,0.01844,0.01368,0.01188,0.01428,0.01872,0.01444,0.0182,0.0142,0.017,0.0134,0.01084,0.01444,0.0182,0.0138,0.0118,0.01524,0.0178,0.01488,0.01588,0.01076,0.0182,0.0124,0.0166,0.01276,0.01668,0.01344,0.01792,0.01176,0.01652,0.01172,0.01796,0.01264,0.01668,0.01224,0.01724,0.01316,0.01952,0.01224,0.01772,0.01256,0.04168,0.02536,0.01992,0.01508,0.01904,0.01348,0.018401,0.0138,0.01764,0.0138,0.0182,0.01208,0.01772,0.01368]",0.017640000209212303,0.03200000151991844,0.019770420007407665,0.01886000018566847,0.0026568036492419177,50.0,3.0,"[0.02512,0.01972,0.0188,0.032,0.01996,0.01892,0.01868,0.01856,0.01884,0.01892,0.01908,0.0184,0.01924,0.01848,0.01792,0.01872,0.01872,0.01916,0.01968,0.01876,0.018,0.01852,0.02032,0.0188,0.02564,0.026001,0.019,0.01932,0.01924,0.01944,0.01904,0.01964,0.0192,0.01888,0.01892,0.01868,0.01868,0.01764,0.01876,0.02124,0.0186,0.01824,0.0186,0.01852,0.0182,0.01852,0.0268,0.01924,0.01844,0.01864,0.02324,0.01856,0.02392]",0.12696099281311035,0.2003210037946701,0.13609548062086105,0.13289999961853027,0.011949336919034954,50,3,"[0.248441,0.13648,0.13908,0.15024,0.13424,0.13524,0.13268,0.133001,0.132321,0.13164,0.13312,0.13248,0.13308,0.13244,0.131961,0.132241,0.13312,0.13208,0.13388,0.1324,0.13736,0.130921,0.131201,0.13096,0.14844,0.1804,0.13336,0.13784,0.133041,0.138121,0.13156,0.14084,0.13292,0.13984,0.13336,0.13592,0.131561,0.132161,0.13212,0.13064,0.13456,0.13248,0.13252,0.130361,0.13112,0.13312,0.200321,0.13676,0.13428,0.13288,0.126961,0.131401,0.12928]",0.06556099653244019,0.20132000744342804,0.07239531993865966,0.06637999787926674,0.02273058419362505,50,3,"[0.10164,0.07364,0.06624,0.07756,0.06792,0.06628,0.06908,0.0664,0.06596,0.065721,0.066,0.06632,0.06592,0.0662,0.06636,0.06572,0.065641,0.06888,0.06604,0.06636,0.0664,0.06592,0.0662,0.0664,0.11632,0.14828,0.06796,0.06836,0.06876,0.06688,0.066401,0.066,0.06616,0.06708,0.066,0.06584,0.06624,0.06648,0.065881,0.06588,0.06572,0.0664,0.06624,0.0668,0.065561,0.07032,0.20132,0.0674,0.07228,0.06648,0.07028,0.06912,0.066041]",0.05471999943256378,0.11376000195741653,0.0625960398465395,0.061479998752474785,0.008640167143673863,50,3,"[0.15108,0.063441,0.0622,0.06804,0.0622,0.06156,0.05896,0.06292,0.06176,0.06436,0.059241,0.06124,0.06032,0.0566,0.06116,0.06136,0.05988,0.057761,0.05996,0.05576,0.05964,0.0554,0.06236,0.0552,0.11376,0.06664,0.06176,0.06196,0.0626,0.062,0.0606,0.06388,0.06188,0.0612,0.061,0.06244,0.05876,0.06152,0.05756,0.05992,0.0578,0.06144,0.05524,0.06184,0.05472,0.08108,0.0782,0.06284,0.06252,0.0636,0.06304,0.06064,0.06368]",0.012959999963641167,0.04284000024199486,0.014280039928853511,0.013299999758601189,0.004388217159316765,50.0,3.0,"[0.01332,0.0134,0.01324,0.013841,0.01308,0.01308,0.01436,0.0142,0.01328,0.01396,0.01328,0.0172,0.0134,0.0132,0.01316,0.01356,0.01312,0.01428,0.0134,0.01324,0.01336,0.01312,0.0132,0.0132,0.02412,0.01296,0.0134,0.01304,0.01316,0.0134,0.01428,0.01312,0.013161,0.01372,0.01356,0.01336,0.0132,0.0132,0.0132,0.01336,0.01332,0.01324,0.01324,0.0136,0.01316,0.04284,0.0134,0.01324,0.01316,0.01344,0.0132,0.01376,0.01364]",32,4,2048,768,151936,True,True,False,1976,3,50,1,2048,768,generic,generic,,,CUDA_EVENT,BF16,none
0.009399999864399433,0.03232000023126602,0.01611882003955543,0.016320000402629375,0.00374205756714723,100.0,6.0,"[0.028361,0.01568,0.02068,0.013,0.01852,0.0136,0.02768,0.01852,0.01872,0.01424,0.01748,0.01324,0.01804,0.014,0.01644,0.01384,0.01764,0.01388,0.01856,0.01356,0.01768,0.01348,0.01668,0.01312,0.0174,0.01412,0.01692,0.01448,0.01824,0.01328,0.01752,0.01368,0.01844,0.01288,0.01664,0.01312,0.01704,0.01312,0.01732,0.0124,0.01776,0.0108,0.01732,0.013001,0.01824,0.01264,0.01736,0.01156,0.0172,0.01304,0.03116,0.02456,0.01828,0.01396,0.0208,0.01344,0.01884,0.01408,0.017841,0.0134,0.0184,0.01332,0.01884,0.01392,0.01784,0.01352,0.0176,0.01432,0.01688,0.01408,0.01696,0.01344,0.01616,0.01288,0.01548,0.01152,0.01696,0.01288,0.01796,0.01264,0.01716,0.01336,0.01736,0.01364,0.01764,0.01236,0.02036,0.01152,0.01656,0.0124,0.0162,0.0094,0.03232,0.02476,0.02048,0.01472,0.01828,0.01296,0.01804,0.01336,0.01696,0.01388,0.01832,0.01304,0.01872,0.0138]",0.017920000478625298,0.03728000074625015,0.019208819940686225,0.018620500341057777,0.0028426232044918894,50.0,3.0,"[0.02532,0.01972,0.01868,0.02304,0.01872,0.01888,0.019,0.01848,0.018601,0.01864,0.01876,0.01864,0.01868,0.0186,0.0186,0.01896,0.01796,0.01896,0.0184,0.0184,0.01888,0.01804,0.0186,0.01856,0.01852,0.03728,0.01844,0.0194,0.01912,0.01848,0.01872,0.01888,0.01848,0.01856,0.0184,0.01848,0.01816,0.01792,0.01892,0.0184,0.01876,0.01896,0.01804,0.01824,0.01796,0.0184,0.0256,0.019,0.01908,0.01872,0.01856,0.01868,0.01888]",0.13040000200271606,0.22096000611782074,0.1371793994307518,0.1324400007724762,0.017387969998710374,50,3,"[0.25176,0.136,0.13244,0.16044,0.13396,0.13328,0.13284,0.13244,0.13296,0.133201,0.13236,0.13232,0.13228,0.13216,0.1328,0.140041,0.132041,0.13192,0.13224,0.13228,0.13164,0.13068,0.131601,0.13252,0.15572,0.21564,0.1324,0.13296,0.13416,0.13132,0.133121,0.131441,0.1398,0.13492,0.13244,0.13356,0.1312,0.131961,0.132761,0.1304,0.1318,0.13124,0.13088,0.13168,0.131041,0.13224,0.22096,0.1352,0.13292,0.13304,0.13316,0.13236,0.132641]",0.06524000316858292,0.20795999467372894,0.07286656022071838,0.06633999943733215,0.02403298515480357,50,3,"[0.10048,0.071601,0.0662,0.082321,0.06712,0.06632,0.06616,0.06592,0.06608,0.07292,0.065681,0.06636,0.06636,0.06524,0.066,0.06628,0.06584,0.065961,0.06656,0.06916,0.06876,0.0666,0.06604,0.065961,0.115321,0.15644,0.07144,0.0664,0.06616,0.06576,0.06584,0.06624,0.065401,0.06644,0.0662,0.06576,0.06608,0.06636,0.07388,0.065881,0.06636,0.06656,0.06588,0.06908,0.06632,0.068241,0.20796,0.06996,0.06856,0.0686,0.06632,0.06636,0.06588]",0.04763999953866005,0.12775999307632446,0.06294253975152969,0.06162000074982643,0.011498207999309075,50,3,"[0.144641,0.07052,0.06404,0.0656,0.062721,0.06268,0.06388,0.06308,0.05924,0.06448,0.06088,0.063961,0.05816,0.06128,0.05796,0.05308,0.05848,0.05628,0.061761,0.05228,0.0566,0.05344,0.05952,0.0622,0.12776,0.069121,0.06984,0.06216,0.06232,0.0616,0.06232,0.0606,0.06488,0.062601,0.06564,0.06004,0.05764,0.06048,0.04764,0.05884,0.05884,0.06012,0.06284,0.05324,0.06136,0.09952,0.069161,0.063241,0.06164,0.06276,0.06056,0.061,0.0618]",0.012679999694228172,0.0297200009226799,0.013856819979846478,0.013039999641478062,0.0029027306939575503,50.0,3.0,"[0.01296,0.01304,0.01296,0.01328,0.01312,0.01296,0.013,0.013,0.01304,0.0138,0.0128,0.01308,0.01308,0.013,0.01292,0.01576,0.01304,0.01288,0.01308,0.01288,0.01296,0.01324,0.01304,0.01352,0.02484,0.01304,0.01284,0.01292,0.01288,0.01392,0.013,0.01276,0.01292,0.01268,0.013,0.013,0.0128,0.01292,0.0128,0.01328,0.015041,0.01288,0.01308,0.01308,0.01764,0.02972,0.01308,0.01392,0.01284,0.0138,0.01336,0.0136,0.01372]",32,4,2048,768,151936,True,True,False,1975,3,50,1,2048,768,generic,generic,,,CUDA_EVENT,BF16,none
0.009479999542236328,0.03723999857902527,0.016185230016708373,0.0165200000628829,0.004016753769756643,100.0,6.0,"[0.0296,0.01492,0.01968,0.01428,0.01888,0.0128,0.02644,0.0194,0.01812,0.01432,0.01732,0.01296,0.01904,0.01412,0.01796,0.01328,0.01692,0.01176,0.01688,0.014,0.01792,0.013,0.0172,0.0146,0.01872,0.01316,0.021361,0.01324,0.01696,0.0134,0.01808,0.01308,0.01724,0.01048,0.01344,0.01296,0.017,0.01308,0.01776,0.01432,0.01724,0.01304,0.0188,0.01272,0.01796,0.01328,0.01772,0.01292,0.01708,0.01336,0.03724,0.02308,0.0196,0.01352,0.01832,0.01424,0.01968,0.01372,0.01732,0.01372,0.0112,0.01384,0.01708,0.01384,0.02052,0.01108,0.01796,0.01308,0.01984,0.00948,0.018,0.01364,0.0164,0.01448,0.0184,0.01096,0.01704,0.01116,0.0174,0.0134,0.01716,0.01328,0.01664,0.014161,0.01776,0.01412,0.01724,0.01276,0.01712,0.01376,0.01808,0.0146,0.03116,0.02588,0.0192,0.01328,0.018721,0.01484,0.01836,0.0136,0.01728,0.01352,0.018,0.0134,0.01828,0.01344]",0.017680000513792038,0.0258799996227026,0.01911043994128704,0.018559999763965607,0.0016552518761990616,50.0,3.0,"[0.02572,0.02244,0.0188,0.02156,0.01888,0.01832,0.01832,0.019321,0.01824,0.01876,0.01812,0.02,0.0182,0.01776,0.0184,0.01852,0.018,0.01804,0.01844,0.01768,0.018481,0.021,0.01816,0.0186,0.01884,0.02588,0.01996,0.01888,0.01872,0.01848,0.01928,0.01844,0.02184,0.01892,0.0188,0.019,0.01864,0.01828,0.02172,0.0186,0.01828,0.01812,0.01884,0.01844,0.01836,0.01844,0.02584,0.01928,0.01844,0.01864,0.01852,0.01832,0.01892]",0.12615999579429626,0.18820099532604218,0.13541064083576201,0.13247999548912048,0.010946746565127868,50,3,"[0.24368,0.13768,0.13188,0.15056,0.1346,0.13212,0.13264,0.1328,0.134281,0.13268,0.13072,0.13196,0.13228,0.1324,0.131281,0.133681,0.13188,0.13628,0.13212,0.13176,0.13172,0.127921,0.1316,0.13264,0.15872,0.178641,0.13416,0.13344,0.138401,0.133601,0.13596,0.13248,0.13476,0.13352,0.13248,0.13336,0.132681,0.13124,0.12616,0.1316,0.13008,0.13024,0.132361,0.13188,0.13172,0.13128,0.188201,0.13376,0.133,0.132961,0.132241,0.1322,0.13148]",0.0655599981546402,0.19592000544071198,0.07220332011580467,0.06637999787926674,0.022028628271720446,50,3,"[0.09488,0.073001,0.06648,0.07632,0.06628,0.0658,0.0662,0.0666,0.06584,0.066041,0.06616,0.06604,0.06848,0.06644,0.06604,0.0662,0.06616,0.06648,0.0664,0.0656,0.06624,0.0664,0.065641,0.0662,0.10788,0.151,0.0748,0.06752,0.06748,0.0664,0.066641,0.06584,0.06644,0.06632,0.06584,0.06896,0.06612,0.066001,0.06556,0.06636,0.06684,0.06584,0.0698,0.066081,0.06616,0.06888,0.19592,0.07568,0.0672,0.0672,0.06592,0.067521,0.0664]",0.05480000004172325,0.11644099652767181,0.0630945798009634,0.061420001089572906,0.00996807773814209,50,3,"[0.1456,0.06404,0.060801,0.062561,0.06236,0.06208,0.06104,0.06104,0.06108,0.05936,0.059201,0.0602,0.057,0.06016,0.05556,0.06088,0.0568,0.0602,0.0548,0.06116,0.05924,0.0646,0.059,0.062481,0.116441,0.06736,0.06384,0.06176,0.06148,0.06296,0.06136,0.062001,0.06124,0.06212,0.06268,0.05572,0.06392,0.05916,0.061601,0.05848,0.06444,0.05908,0.05656,0.05508,0.063201,0.097241,0.08264,0.06368,0.06192,0.06292,0.06072,0.06184,0.062481]",0.012679999694228172,0.03491999953985214,0.013896819986402988,0.012959999963641167,0.0035852369961782127,50.0,3.0,"[0.012841,0.01296,0.013,0.01296,0.01612,0.01308,0.01532,0.01288,0.01336,0.01316,0.01432,0.01272,0.01296,0.01276,0.01284,0.01284,0.01288,0.013081,0.01308,0.01336,0.0128,0.01276,0.01324,0.01636,0.03492,0.01292,0.013,0.01288,0.0128,0.01288,0.01344,0.0134,0.01272,0.01276,0.01364,0.01272,0.01288,0.01272,0.01296,0.01296,0.0128,0.01288,0.01268,0.0132,0.0128,0.02608,0.01304,0.014,0.01288,0.01288,0.01296,0.01288,0.01328]",32,4,2048,768,151936,True,True,False,1974,3,50,1,2048,768,generic,generic,,,CUDA_EVENT,BF16,none
0.010639999993145466,0.04211999848484993,0.01633202001452446,0.016220000572502613,0.004251997951575123,100.0,6.0,"[0.02836,0.0156,0.02076,0.013,0.01768,0.01296,0.02728,0.01992,0.0188,0.01228,0.0184,0.01348,0.0172,0.01404,0.01772,0.01192,0.01528,0.01344,0.01696,0.0148,0.01684,0.01276,0.01944,0.012801,0.01704,0.01296,0.01624,0.01356,0.01776,0.01316,0.01752,0.01064,0.0162,0.01288,0.017,0.0126,0.01728,0.01356,0.01744,0.01112,0.01636,0.01276,0.01788,0.01356,0.01788,0.01296,0.02052,0.01252,0.01736,0.0136,0.04212,0.02628,0.0182,0.01436,0.01856,0.0138,0.02104,0.01392,0.01812,0.01432,0.01708,0.01444,0.01892,0.01464,0.01788,0.01572,0.019,0.01404,0.01776,0.01336,0.01668,0.0122,0.0174,0.01344,0.01828,0.01208,0.01808,0.01448,0.01848,0.0128,0.01712,0.0126,0.01784,0.01312,0.01756,0.01252,0.017,0.01184,0.0158,0.01192,0.01756,0.014241,0.03032,0.02464,0.02084,0.01396,0.019,0.01396,0.01788,0.01404,0.0182,0.01392,0.01852,0.01348,0.01792,0.0142]",0.018120000138878822,0.03203999996185303,0.019346439838409425,0.01860000006854534,0.0028463866053432393,50.0,3.0,"[0.0256,0.01904,0.01844,0.03196,0.0184,0.01836,0.01872,0.01828,0.01848,0.01832,0.01852,0.01852,0.01856,0.01836,0.0182,0.01864,0.01832,0.01832,0.01812,0.01924,0.0186,0.01852,0.01816,0.01948,0.01844,0.0264,0.01872,0.0186,0.01872,0.0188,0.01876,0.01904,0.01872,0.019,0.0186,0.0184,0.018921,0.01824,0.01856,0.0184,0.01904,0.01852,0.01816,0.01852,0.02152,0.01832,0.03204,0.019521,0.01868,0.01864,0.01872,0.01864,0.0186]",0.12892000377178192,0.21544000506401062,0.13696745932102203,0.13307999819517136,0.015198293338356948,50,3,"[0.243401,0.13724,0.13256,0.15112,0.13644,0.13364,0.13492,0.133,0.1334,0.13284,0.13256,0.1336,0.136081,0.132601,0.131641,0.13376,0.13396,0.13168,0.13296,0.1326,0.13176,0.13272,0.132001,0.134121,0.160361,0.19916,0.133441,0.13264,0.13232,0.1332,0.13232,0.13388,0.1352,0.13188,0.13492,0.13316,0.13248,0.130881,0.134041,0.1322,0.1324,0.13284,0.13208,0.13336,0.12892,0.13228,0.21544,0.13612,0.134401,0.133161,0.132801,0.131681,0.1334]",0.0652799978852272,0.18540099263191223,0.07185377955436706,0.06597999855875969,0.021153330009912562,50,3,"[0.09528,0.070201,0.06848,0.076721,0.068481,0.06628,0.06564,0.0658,0.06568,0.06612,0.0658,0.06548,0.0658,0.06576,0.06568,0.066001,0.06964,0.06604,0.06596,0.06576,0.06584,0.06612,0.06608,0.0654,0.1348,0.135561,0.06812,0.071361,0.066561,0.06568,0.0654,0.06596,0.06632,0.06544,0.066,0.06584,0.06592,0.06556,0.0692,0.065921,0.06612,0.06584,0.06528,0.06608,0.06624,0.0682,0.185401,0.07408,0.06628,0.06844,0.06572,0.06576,0.065521]",0.05148100107908249,0.12231999635696411,0.06254567973315715,0.06101999990642071,0.011771276457012241,50,3,"[0.14508,0.06332,0.06132,0.0646,0.06428,0.06376,0.062921,0.06056,0.0618,0.06164,0.06444,0.06224,0.06092,0.06124,0.05824,0.05672,0.051481,0.05908,0.05312,0.0576,0.056,0.05444,0.05636,0.05964,0.12232,0.0648,0.06264,0.06112,0.0618,0.06156,0.061561,0.06024,0.06452,0.06048,0.05868,0.0618,0.05836,0.05452,0.0574,0.05812,0.06176,0.059001,0.05544,0.05584,0.0552,0.10352,0.09104,0.0632,0.05988,0.06184,0.06252,0.06144,0.0556]",0.012839999981224537,0.03200000151991844,0.013998419977724552,0.013139999937266111,0.003119942089839777,50.0,3.0,"[0.0132,0.01296,0.01308,0.01292,0.0132,0.01308,0.01312,0.01296,0.01356,0.01316,0.01372,0.01292,0.01296,0.01304,0.0138,0.01288,0.01316,0.013001,0.013,0.01316,0.013,0.01312,0.01328,0.0132,0.032,0.01332,0.01312,0.01412,0.01312,0.01416,0.01372,0.01352,0.01296,0.01408,0.01292,0.01284,0.01308,0.01332,0.01328,0.01308,0.01296,0.01372,0.013,0.01848,0.01324,0.02396,0.01724,0.0132,0.01304,0.01332,0.01296,0.01296,0.01296]",32,4,2048,768,151936,True,True,False,1973,3,50,1,2048,768,generic,generic,,,CUDA_EVENT,BF16,none
0.009680000133812428,0.03756000101566315,0.016236020075157283,0.016440000385046005,0.004422948079767874,100.0,6.0,"[0.02852,0.01544,0.02072,0.01376,0.0198,0.00984,0.03652,0.02156,0.01924,0.01424,0.01728,0.01336,0.02024,0.01384,0.01804,0.01172,0.017,0.01492,0.01644,0.01336,0.01792,0.01292,0.01644,0.01288,0.01768,0.01312,0.01704,0.01332,0.0206,0.01356,0.01692,0.01276,0.01768,0.0128,0.017,0.01324,0.01804,0.01432,0.01684,0.01268,0.01584,0.01236,0.01652,0.01056,0.01768,0.01316,0.01684,0.01328,0.01156,0.01236,0.02908,0.02284,0.0192,0.01504,0.01748,0.01144,0.01792,0.01468,0.0194,0.01116,0.01744,0.01332,0.01816,0.01624,0.01768,0.01448,0.01928,0.0144,0.01808,0.01388,0.0172,0.01072,0.01776,0.01172,0.01792,0.01336,0.01652,0.013881,0.01724,0.0106,0.01648,0.01484,0.01312,0.01312,0.01872,0.01368,0.02196,0.011,0.01688,0.01268,0.01712,0.00968,0.03756,0.0268,0.0196,0.0142,0.01716,0.01368,0.01696,0.01408,0.01864,0.018041,0.01796,0.01344,0.01856,0.01384]",0.018039999529719353,0.05756000056862831,0.01996003996580839,0.018720499239861965,0.0056277521757147194,50.0,3.0,"[0.02456,0.01952,0.01968,0.02272,0.01912,0.01844,0.0188,0.01892,0.02104,0.01804,0.01936,0.01876,0.01812,0.01852,0.01888,0.01836,0.01852,0.01832,0.01844,0.0184,0.021,0.01836,0.01872,0.0182,0.019041,0.05756,0.018721,0.0192,0.01852,0.01904,0.01872,0.019,0.01908,0.01876,0.01832,0.0188,0.01832,0.01952,0.01808,0.0184,0.01856,0.02012,0.01832,0.01992,0.01816,0.02456,0.0278,0.01868,0.01872,0.01888,0.01908,0.01848,0.0186]",0.12759999930858612,0.19392099976539612,0.13585952043533325,0.13294000178575516,0.010827181420137985,50,3,"[0.24624,0.137641,0.133201,0.154081,0.134961,0.132401,0.135041,0.13312,0.13596,0.13408,0.13284,0.13132,0.13188,0.13328,0.13384,0.132881,0.135201,0.132881,0.13408,0.1312,0.13244,0.13196,0.13372,0.13244,0.15972,0.168601,0.13356,0.132441,0.132161,0.131641,0.132161,0.1334,0.13296,0.13348,0.13292,0.13392,0.13104,0.1316,0.13188,0.134201,0.131681,0.138,0.13196,0.131,0.13036,0.1276,0.193921,0.13464,0.13356,0.1324,0.13612,0.13188,0.134561]",0.06436000019311905,0.19223999977111816,0.07175452023744583,0.06501999869942665,0.024049528828248855,50,3,"[0.0982,0.07196,0.065,0.07676,0.06696,0.06544,0.0646,0.067041,0.064681,0.06456,0.06504,0.06488,0.06452,0.0646,0.0646,0.06436,0.06504,0.06516,0.064561,0.06788,0.06516,0.06456,0.06464,0.06488,0.1386,0.1616,0.06804,0.06956,0.06864,0.06496,0.06788,0.065961,0.065161,0.06492,0.0644,0.06496,0.06508,0.06436,0.06464,0.065,0.0646,0.06736,0.064881,0.0652,0.06468,0.06708,0.19224,0.07076,0.06768,0.06564,0.06468,0.06468,0.06456]",0.054441001266241074,0.10384000092744827,0.06294330030679703,0.06125999987125397,0.008898653184603015,50,3,"[0.145441,0.06392,0.06228,0.06532,0.06136,0.0636,0.06428,0.0584,0.05956,0.054441,0.05844,0.06052,0.06112,0.06024,0.06192,0.06232,0.06232,0.06012,0.06072,0.054561,0.06024,0.06048,0.05936,0.06052,0.10384,0.0682,0.06296,0.0618,0.06784,0.06164,0.06368,0.062,0.06776,0.064721,0.062601,0.0614,0.05704,0.06024,0.0554,0.06112,0.05828,0.05548,0.05752,0.059961,0.05952,0.10292,0.0718,0.06292,0.0618,0.06116,0.05844,0.06168,0.0636]",0.012839999981224537,0.03084000013768673,0.013977639954537152,0.013020499609410763,0.003018237878989705,50.0,3.0,"[0.01332,0.01844,0.01304,0.01316,0.01304,0.01296,0.01392,0.01292,0.01316,0.013,0.01296,0.0146,0.01292,0.01352,0.01364,0.01816,0.01292,0.01296,0.01308,0.01292,0.013001,0.01328,0.01304,0.013,0.03084,0.01304,0.0164,0.01404,0.01376,0.01344,0.01644,0.01296,0.01368,0.01304,0.01296,0.013,0.01304,0.0132,0.01288,0.01296,0.01288,0.013,0.01284,0.01356,0.01292,0.024281,0.01296,0.01288,0.013,0.01288,0.013,0.01384,0.013]",32,4,2048,768,151936,True,True,False,1972,3,50,1,2048,768,generic,generic,,,CUDA_EVENT,BF16,none
0.010280000045895576,0.0350399985909462,0.01618005002848804,0.0163199994713068,0.0038148569430120232,100.0,6.0,"[0.02732,0.01848,0.0196,0.01392,0.01836,0.01272,0.02812,0.01936,0.01892,0.01388,0.02036,0.01408,0.01804,0.01372,0.01968,0.01324,0.01848,0.01308,0.02156,0.0124,0.01732,0.01288,0.01696,0.01512,0.01532,0.01332,0.01696,0.014,0.0168,0.01268,0.0174,0.01452,0.01672,0.01296,0.01776,0.01296,0.01728,0.01368,0.01652,0.01268,0.0166,0.012401,0.01616,0.01028,0.01784,0.01296,0.0164,0.01076,0.0168,0.01496,0.032,0.02136,0.01964,0.01472,0.01868,0.0142,0.017401,0.01372,0.01912,0.01376,0.01756,0.01288,0.018,0.01352,0.01784,0.01372,0.01788,0.01268,0.01912,0.01344,0.01764,0.01376,0.01628,0.012961,0.01764,0.01224,0.01696,0.014,0.01832,0.01428,0.0178,0.01112,0.0174,0.0124,0.01636,0.0128,0.01832,0.013601,0.01788,0.01244,0.017,0.01276,0.03504,0.022801,0.0192,0.01444,0.01844,0.01368,0.018,0.01212,0.01768,0.01444,0.018,0.01404,0.01752,0.01348]",0.017960000783205032,0.028599999845027924,0.019266419969499113,0.018579999916255474,0.0021617047842969043,50.0,3.0,"[0.02612,0.02012,0.0184,0.02732,0.0184,0.02204,0.018481,0.021,0.0186,0.01904,0.01824,0.02,0.0184,0.02308,0.01888,0.01796,0.01808,0.0184,0.0188,0.01812,0.01856,0.0196,0.01904,0.01852,0.01812,0.02456,0.0186,0.0188,0.0188,0.01836,0.01852,0.01884,0.01872,0.0184,0.01864,0.01872,0.0184,0.01848,0.01808,0.0186,0.01856,0.01864,0.0184,0.01824,0.01796,0.0182,0.0286,0.019,0.01816,0.01864,0.01876,0.01852,0.01844]",0.12639999389648438,0.20503999292850494,0.13672661900520325,0.1332399994134903,0.014385478264371577,50,3,"[0.250121,0.13556,0.13252,0.14956,0.1342,0.13496,0.1342,0.134401,0.134041,0.13324,0.13384,0.13536,0.13228,0.1264,0.132321,0.132761,0.13436,0.13248,0.13252,0.1342,0.13216,0.130201,0.1312,0.13116,0.15652,0.20504,0.13508,0.13344,0.1328,0.132681,0.131241,0.13272,0.13304,0.13324,0.13352,0.13472,0.13188,0.131761,0.133321,0.13148,0.13304,0.133,0.13404,0.13124,0.130681,0.13416,0.2028,0.13812,0.13412,0.13716,0.13316,0.13372,0.132761]",0.06428000330924988,0.19968000054359436,0.0716392795741558,0.06522000208497047,0.022924881105442673,50,3,"[0.09796,0.07316,0.06488,0.08184,0.06708,0.066,0.06512,0.06436,0.06524,0.06676,0.06496,0.06816,0.06516,0.06484,0.06432,0.06492,0.065041,0.06524,0.06468,0.06504,0.06476,0.06508,0.0676,0.06832,0.12068,0.14728,0.07468,0.0686,0.0688,0.06564,0.06588,0.065081,0.06692,0.06748,0.06656,0.06512,0.06536,0.06464,0.06516,0.064561,0.0644,0.06504,0.0652,0.06484,0.06488,0.066801,0.19968,0.06808,0.06664,0.06484,0.06528,0.06504,0.06428]",0.055959999561309814,0.13327999413013458,0.06394731931388378,0.061979999765753746,0.010686757679514517,50,3,"[0.1466,0.06504,0.06208,0.06376,0.06152,0.06196,0.06248,0.06468,0.06308,0.06348,0.061121,0.06072,0.06264,0.06316,0.0614,0.06296,0.05812,0.062561,0.0608,0.06048,0.0616,0.062,0.05996,0.060041,0.13328,0.06852,0.06484,0.0622,0.06192,0.06156,0.06132,0.06176,0.062081,0.06244,0.06252,0.06048,0.06264,0.06256,0.06376,0.05924,0.06124,0.05828,0.05896,0.05904,0.05596,0.07988,0.079561,0.064481,0.0626,0.06092,0.06188,0.06336,0.06156]",0.012719999998807907,0.035440001636743546,0.013876819964498282,0.013100000098347664,0.003555605923463143,50.0,3.0,"[0.013,0.01304,0.01412,0.01288,0.01272,0.01296,0.01288,0.01376,0.01284,0.01344,0.01312,0.01292,0.01312,0.013,0.01308,0.01308,0.01292,0.01316,0.01312,0.013,0.01292,0.01316,0.01304,0.01348,0.0256,0.01312,0.01308,0.01396,0.01404,0.0132,0.01376,0.01308,0.013,0.013241,0.01292,0.01328,0.0128,0.0128,0.01404,0.0128,0.01412,0.01288,0.01288,0.01312,0.01288,0.03544,0.01284,0.01316,0.0132,0.01392,0.01316,0.01308,0.01384]",32,4,2048,768,151936,True,True,False,1971,3,50,1,2048,768,generic,generic,,,CUDA_EVENT,BF16,none
0.010520000010728836,0.030880000442266464,0.016288030007854105,0.016379999928176403,0.0038929697797850916,100.0,6.0,"[0.029681,0.01496,0.0204,0.0132,0.01908,0.01276,0.0302,0.02608,0.0188,0.01196,0.01856,0.01384,0.01776,0.01436,0.01728,0.01332,0.01744,0.013241,0.01832,0.01572,0.01672,0.01292,0.01652,0.01072,0.0166,0.01316,0.01924,0.01468,0.01656,0.01352,0.01856,0.01176,0.01636,0.01384,0.017,0.0136,0.01784,0.01384,0.01576,0.01312,0.017,0.01276,0.02048,0.01404,0.01636,0.0134,0.02216,0.0118,0.01804,0.01316,0.02972,0.02292,0.02072,0.014,0.01856,0.01332,0.01868,0.01404,0.01728,0.01308,0.01816,0.013721,0.01792,0.01396,0.01968,0.01368,0.01692,0.01292,0.01844,0.0132,0.01668,0.01376,0.014,0.01156,0.01704,0.0128,0.01716,0.01504,0.01668,0.01284,0.01744,0.0164,0.0178,0.01144,0.01432,0.01192,0.01664,0.01052,0.017,0.0122,0.01684,0.01324,0.03088,0.02644,0.0184,0.0194,0.01828,0.01384,0.02164,0.01388,0.01752,0.01352,0.017,0.01408,0.017761,0.01352]",0.01708099991083145,0.039400000125169754,0.019489619992673398,0.018559999763965607,0.004038313038343125,50.0,3.0,"[0.02428,0.01916,0.01868,0.02356,0.01856,0.01856,0.01832,0.01872,0.01824,0.01864,0.01808,0.01888,0.01852,0.01984,0.01828,0.01816,0.01812,0.01868,0.0186,0.01832,0.01832,0.01868,0.01844,0.02028,0.01876,0.03824,0.01908,0.0184,0.01844,0.0188,0.01896,0.0184,0.01864,0.01908,0.01884,0.01844,0.01804,0.01812,0.01872,0.01828,0.0184,0.01832,0.01772,0.01832,0.017081,0.01852,0.0394,0.01936,0.01944,0.01908,0.0186,0.01872,0.01848]",0.13008099794387817,0.2072799950838089,0.13674660056829452,0.13298050314188004,0.014330614791547583,50,3,"[0.24412,0.13748,0.133,0.15484,0.13532,0.13436,0.13704,0.133,0.13152,0.132281,0.133921,0.13136,0.13276,0.13508,0.13192,0.13196,0.132601,0.1332,0.13464,0.13312,0.13156,0.13332,0.1322,0.132241,0.156161,0.20728,0.13444,0.13296,0.13308,0.13228,0.135,0.134001,0.132321,0.13384,0.13388,0.13516,0.13076,0.13328,0.132961,0.130481,0.13328,0.1314,0.13708,0.13192,0.13168,0.130081,0.19884,0.13476,0.13236,0.13276,0.13184,0.13252,0.13268]",0.06431999802589417,0.18876099586486816,0.07110329955816269,0.0651399977505207,0.022277121723770332,50,3,"[0.0966,0.070841,0.06488,0.074961,0.06672,0.0652,0.06484,0.06508,0.06656,0.0648,0.06492,0.06532,0.06792,0.0648,0.06816,0.065,0.0652,0.065,0.06484,0.06508,0.06564,0.0646,0.06532,0.06548,0.11124,0.15996,0.0682,0.065,0.0668,0.06488,0.06556,0.0648,0.06452,0.064921,0.06524,0.06464,0.06496,0.06516,0.06512,0.06512,0.064761,0.06476,0.06544,0.06504,0.06432,0.0682,0.188761,0.071241,0.06792,0.0674,0.06584,0.0648,0.06512]",0.05567999929189682,0.11479999870061874,0.06293207980692386,0.06121999956667423,0.010131018508931564,50,3,"[0.145641,0.0636,0.06244,0.06376,0.062641,0.0618,0.06308,0.06128,0.06024,0.06128,0.06168,0.0612,0.05732,0.05676,0.05592,0.0608,0.05908,0.06156,0.06512,0.05924,0.05852,0.058,0.05568,0.06048,0.1148,0.0728,0.062441,0.06148,0.06196,0.06128,0.06124,0.06148,0.0618,0.06384,0.060801,0.06364,0.056,0.05716,0.05616,0.05672,0.061,0.058,0.0598,0.05656,0.0612,0.10068,0.08184,0.06244,0.06104,0.061401,0.06064,0.062,0.06096]",0.012719999998807907,0.03271999955177307,0.014044839981943369,0.013079999946057796,0.0038295622129657083,50.0,3.0,"[0.01292,0.01308,0.01316,0.0132,0.01312,0.012921,0.01312,0.01292,0.016,0.01304,0.01292,0.01308,0.012841,0.01316,0.01308,0.0136,0.0132,0.01288,0.01312,0.01308,0.0184,0.0132,0.01288,0.01336,0.03272,0.0136,0.01296,0.01304,0.01284,0.01376,0.01368,0.01288,0.01336,0.0128,0.01284,0.01324,0.0128,0.01296,0.01276,0.013,0.01312,0.01292,0.01292,0.01304,0.01312,0.03188,0.01284,0.01308,0.01272,0.0136,0.01396,0.0136,0.01308]",32,4,2048,768,151936,True,True,False,1970,3,50,1,2048,768,generic,generic,,,CUDA_EVENT,BF16,none
0.0081599997356534,0.03280000016093254,0.01614484000019729,0.01624000072479248,0.00405712855772995,100.0,6.0,"[0.02688,0.01532,0.02084,0.01324,0.0182,0.01312,0.02876,0.02808,0.01836,0.01424,0.01688,0.01332,0.01624,0.01428,0.01752,0.01356,0.01492,0.01424,0.01696,0.01284,0.01792,0.00816,0.01812,0.01384,0.01624,0.01736,0.01788,0.0128,0.01712,0.01292,0.01648,0.0134,0.01744,0.01356,0.01844,0.01316,0.01716,0.01348,0.01684,0.01256,0.01672,0.01384,0.01688,0.01168,0.01688,0.013,0.0164,0.01176,0.016761,0.01336,0.02968,0.02256,0.0194,0.014281,0.01828,0.0142,0.01872,0.01408,0.01848,0.01372,0.01844,0.01392,0.01716,0.01376,0.01764,0.01404,0.01764,0.01392,0.01744,0.0138,0.01728,0.01404,0.01764,0.0114,0.01792,0.01288,0.016841,0.01332,0.01696,0.01304,0.01552,0.01292,0.01664,0.01064,0.0158,0.0108,0.0166,0.0128,0.01808,0.01292,0.017,0.01096,0.0328,0.03092,0.02092,0.01452,0.01832,0.01364,0.02092,0.014,0.01876,0.0134,0.01632,0.014041,0.017,0.0134]",0.017319999635219574,0.027079999446868896,0.01916486006230116,0.018719999119639397,0.0018495846564584584,50.0,3.0,"[0.02444,0.01928,0.0188,0.02484,0.01856,0.01856,0.01932,0.01888,0.01848,0.01876,0.01968,0.01872,0.01732,0.0188,0.02124,0.018921,0.01864,0.0186,0.01912,0.01868,0.01892,0.01888,0.0182,0.01812,0.01808,0.02708,0.01916,0.018561,0.01868,0.01844,0.01884,0.01872,0.01884,0.019,0.01876,0.01888,0.0182,0.0188,0.01836,0.018281,0.01828,0.0192,0.0186,0.01856,0.01808,0.01856,0.02648,0.01892,0.01864,0.0192,0.01864,0.01876,0.0184]",0.12999999523162842,0.2035209983587265,0.13652507990598678,0.13228049874305725,0.014348417067459552,50,3,"[0.24532,0.137681,0.131961,0.152521,0.138721,0.133281,0.139401,0.13164,0.13648,0.13264,0.1334,0.1326,0.13108,0.1318,0.13,0.13052,0.131241,0.132361,0.13204,0.1312,0.13424,0.13192,0.13148,0.13184,0.16104,0.200681,0.13344,0.13252,0.131761,0.134761,0.132081,0.13444,0.13348,0.13516,0.1322,0.13564,0.1322,0.1318,0.13324,0.13656,0.130801,0.130281,0.1314,0.13132,0.13184,0.13008,0.203521,0.13468,0.13256,0.1334,0.13164,0.1318,0.131521]",0.06428000330924988,0.19283999502658844,0.07160971999168396,0.06524050235748291,0.023602086182270752,50,3,"[0.09348,0.07228,0.06576,0.07396,0.06868,0.06476,0.06804,0.06484,0.065641,0.065,0.06468,0.06488,0.06536,0.06432,0.06488,0.06512,0.06452,0.06752,0.065721,0.065241,0.06564,0.06504,0.06444,0.06496,0.11304,0.17068,0.06744,0.07072,0.06584,0.0674,0.06496,0.065641,0.065041,0.06496,0.065,0.065,0.06428,0.065,0.06524,0.06492,0.06776,0.06488,0.064561,0.06912,0.06496,0.068,0.19284,0.067,0.06828,0.06628,0.0656,0.06804,0.06476]",0.0501599982380867,0.09976000338792801,0.06299212016165257,0.061900001019239426,0.007688510533818018,50,3,"[0.143241,0.06404,0.06268,0.06332,0.06244,0.06264,0.06224,0.06184,0.06176,0.061,0.063241,0.06156,0.06268,0.06108,0.06164,0.05996,0.06156,0.0586,0.06328,0.06132,0.058521,0.0612,0.06204,0.05752,0.09976,0.0696,0.06216,0.06236,0.06088,0.06284,0.05996,0.06196,0.06212,0.062281,0.062601,0.06168,0.06104,0.06392,0.05788,0.06012,0.05604,0.05912,0.06276,0.05016,0.056121,0.095401,0.0676,0.0624,0.068,0.06208,0.06724,0.0614,0.06068]",0.012760000303387642,0.03460000082850456,0.013992800004780292,0.013079999946057796,0.003896055022338015,50.0,3.0,"[0.01312,0.01308,0.01372,0.01292,0.01312,0.01304,0.01388,0.014,0.01304,0.01316,0.01304,0.01316,0.01388,0.01304,0.01324,0.01296,0.0128,0.01328,0.01352,0.01288,0.01324,0.01288,0.0132,0.01288,0.03128,0.01304,0.01292,0.01308,0.0132,0.01308,0.01296,0.01288,0.0138,0.01372,0.013,0.01324,0.013,0.01308,0.01284,0.01384,0.01276,0.01308,0.0138,0.01292,0.013,0.0346,0.01312,0.01304,0.01296,0.01348,0.0136,0.0132,0.01396]",32,4,2048,768,151936,True,True,False,1969,3,50,1,2048,768,generic,generic,,,CUDA_EVENT,BF16,none
0.01056000031530857,0.03736099973320961,0.016425229981541632,0.01636000070720911,0.00448916919393693,100.0,6.0,"[0.0286,0.01584,0.02112,0.0136,0.01808,0.01248,0.03576,0.02788,0.01912,0.0146,0.01788,0.01336,0.01836,0.01416,0.01664,0.01356,0.01836,0.01364,0.01764,0.013,0.01976,0.0126,0.01652,0.01104,0.01668,0.01208,0.01696,0.01328,0.01808,0.01376,0.01728,0.01376,0.01668,0.01296,0.017481,0.01324,0.01788,0.01284,0.01648,0.01388,0.01932,0.0136,0.01508,0.0136,0.01788,0.01192,0.01712,0.01096,0.018,0.01396,0.037361,0.02792,0.01996,0.01448,0.01884,0.01376,0.01772,0.01416,0.01812,0.01316,0.01704,0.01316,0.019001,0.01364,0.01792,0.01356,0.0178,0.013,0.01724,0.01408,0.01752,0.01436,0.01756,0.01296,0.01724,0.01396,0.01676,0.01396,0.01516,0.013,0.01624,0.01328,0.0172,0.0132,0.01684,0.01056,0.01692,0.01328,0.01696,0.01068,0.0166,0.01348,0.03148,0.02616,0.01976,0.014,0.01876,0.01484,0.01704,0.0134,0.01968,0.01452,0.01728,0.01396,0.01856,0.0148]",0.01759999990463257,0.03759999945759773,0.0197800200432539,0.018779999576509,0.003761525554532993,50.0,3.0,"[0.02576,0.01964,0.01916,0.03048,0.01884,0.01864,0.01956,0.01852,0.0188,0.01844,0.01876,0.01852,0.0198,0.01864,0.01868,0.01908,0.0184,0.01852,0.018241,0.01896,0.01872,0.0188,0.0176,0.01868,0.021,0.0376,0.01904,0.01908,0.01856,0.01928,0.01856,0.01892,0.01912,0.01892,0.01916,0.01948,0.01844,0.01876,0.01836,0.01912,0.01844,0.01944,0.01836,0.01856,0.0184,0.01992,0.03468,0.0186,0.01884,0.01892,0.0186,0.0186,0.01956]",0.130281001329422,0.19444000720977783,0.13607944041490555,0.13273999840021133,0.011792620440124964,50,3,"[0.24932,0.13652,0.1326,0.14924,0.13444,0.1392,0.13252,0.13688,0.132401,0.132161,0.132561,0.1334,0.13052,0.13324,0.1332,0.132,0.1328,0.13376,0.13348,0.131521,0.131761,0.13368,0.13272,0.13268,0.1572,0.19444,0.1336,0.13272,0.13276,0.13264,0.13208,0.13452,0.13288,0.136401,0.135961,0.133561,0.132041,0.13152,0.13248,0.13216,0.131,0.13252,0.13072,0.13212,0.130281,0.132841,0.18476,0.134481,0.13424,0.13236,0.1326,0.13116,0.13376]",0.063960000872612,0.19672100245952606,0.07124973997473717,0.06471999734640121,0.024099525389656616,50,3,"[0.103641,0.0692,0.06436,0.07484,0.06668,0.06428,0.06456,0.06496,0.06448,0.06724,0.06496,0.066281,0.06416,0.06444,0.06476,0.06436,0.06416,0.06432,0.06468,0.06408,0.06432,0.064761,0.064601,0.06484,0.134241,0.158,0.06868,0.06488,0.0642,0.06416,0.06472,0.06396,0.06776,0.0644,0.06428,0.06448,0.06488,0.065041,0.06436,0.06456,0.06472,0.06444,0.06428,0.06724,0.06448,0.06868,0.196721,0.0712,0.06676,0.064881,0.06528,0.06468,0.06476]",0.05503999814391136,0.11603999882936478,0.0631241200119257,0.061160000041127205,0.009216184519260543,50,3,"[0.15648,0.06376,0.06152,0.07052,0.06268,0.06252,0.06184,0.0576,0.06188,0.0566,0.06016,0.0588,0.06284,0.058001,0.06136,0.06036,0.06092,0.06196,0.06108,0.06424,0.06028,0.05832,0.0586,0.059561,0.11604,0.068561,0.063441,0.06124,0.05876,0.0608,0.06496,0.062,0.06756,0.06288,0.0582,0.06204,0.0578,0.06052,0.063961,0.05884,0.05996,0.06044,0.05516,0.05504,0.057,0.08684,0.07864,0.06308,0.06156,0.0668,0.06092,0.062001,0.06104]",0.013039999641478062,0.027639999985694885,0.01422804007306695,0.013240000233054161,0.002722818180225814,50.0,3.0,"[0.01316,0.01624,0.01324,0.01392,0.01312,0.01312,0.0136,0.01444,0.01308,0.01316,0.01328,0.01324,0.01316,0.01308,0.0132,0.01564,0.01324,0.0132,0.01356,0.01668,0.01304,0.01312,0.01324,0.01324,0.02764,0.0132,0.01324,0.013361,0.01312,0.0132,0.0136,0.01324,0.01316,0.01324,0.0136,0.01312,0.01408,0.01312,0.0136,0.01324,0.01744,0.0132,0.0132,0.01348,0.0132,0.02476,0.01312,0.01808,0.01316,0.01408,0.0132,0.0172,0.014161]",32,4,2048,768,151936,True,True,False,1968,3,50,1,2048,768,generic,generic,,,CUDA_EVENT,BF16,none
0.010479999706149101,0.04839999973773956,0.016482429932802915,0.01640000008046627,0.0054510206476982535,100.0,6.0,"[0.02916,0.01648,0.01956,0.01312,0.01756,0.01264,0.029,0.01756,0.01844,0.01388,0.01788,0.01344,0.0178,0.01392,0.01824,0.01712,0.0176,0.01292,0.01924,0.0142,0.01664,0.013401,0.01504,0.01372,0.01676,0.0132,0.01732,0.01048,0.018,0.0138,0.01824,0.01268,0.01712,0.01324,0.01624,0.01292,0.01732,0.01364,0.01768,0.0128,0.01848,0.013121,0.01712,0.01304,0.01688,0.01284,0.01696,0.01376,0.01444,0.01372,0.0484,0.0368,0.01932,0.01424,0.01796,0.01384,0.018,0.01376,0.01756,0.01372,0.01724,0.01304,0.01696,0.0134,0.01784,0.01412,0.01816,0.01388,0.0172,0.01428,0.01768,0.01416,0.01776,0.01144,0.01644,0.01316,0.01636,0.01348,0.0168,0.0124,0.01676,0.0132,0.01648,0.01272,0.01644,0.01052,0.017,0.01104,0.018161,0.01284,0.01776,0.01304,0.04232,0.02716,0.01972,0.01452,0.01868,0.01396,0.01748,0.01364,0.0172,0.01328,0.01668,0.01368,0.01848,0.01424]",0.017319999635219574,0.028999999165534973,0.019206399843096734,0.018559999763965607,0.002313914225345576,50.0,3.0,"[0.02412,0.02256,0.01868,0.02584,0.01904,0.02008,0.01856,0.02232,0.01872,0.01848,0.01844,0.01876,0.01896,0.0182,0.01848,0.01732,0.0184,0.0184,0.01836,0.01792,0.01844,0.01896,0.01832,0.018,0.01896,0.02872,0.01896,0.01904,0.01868,0.0184,0.01852,0.01872,0.0186,0.0186,0.0184,0.0194,0.01824,0.01852,0.01812,0.01856,0.01836,0.01852,0.01808,0.01812,0.01856,0.01776,0.029,0.01912,0.0188,0.0188,0.01924,0.01884,0.01868]",0.12860000133514404,0.20632000267505646,0.1362563595175743,0.13250000029802322,0.013522446280815824,50,3,"[0.2438,0.133161,0.133321,0.163961,0.135161,0.136521,0.133521,0.134761,0.13212,0.13332,0.13232,0.13876,0.13104,0.13448,0.13192,0.12992,0.132281,0.131081,0.132641,0.13256,0.13204,0.1316,0.13156,0.13712,0.15728,0.20632,0.13252,0.13168,0.1286,0.13092,0.13168,0.133681,0.133041,0.132441,0.132801,0.132681,0.13036,0.13096,0.13188,0.13156,0.13064,0.13104,0.13508,0.13072,0.131561,0.131121,0.18372,0.136041,0.132641,0.134161,0.13248,0.1334,0.13312]",0.06756000220775604,0.20312100648880005,0.07412093997001648,0.0684799998998642,0.022319566889127743,50,3,"[0.09484,0.0782,0.06828,0.0722,0.06864,0.06852,0.06884,0.06864,0.067601,0.06828,0.06888,0.06808,0.06884,0.06776,0.06784,0.06844,0.06776,0.0686,0.06836,0.069521,0.06836,0.06816,0.06912,0.06776,0.12656,0.13828,0.07656,0.06832,0.06876,0.06864,0.06808,0.0684,0.06856,0.06836,0.06844,0.07084,0.069761,0.068601,0.06936,0.06816,0.06808,0.06828,0.06756,0.06828,0.06824,0.07092,0.203121,0.07356,0.06828,0.06824,0.0684,0.068641,0.068561]",0.05107999965548515,0.10903999954462051,0.06159847997128964,0.06082000024616718,0.009765190243181508,50,3,"[0.145121,0.06524,0.05876,0.06424,0.06332,0.06096,0.0592,0.0568,0.05676,0.05896,0.054961,0.0594,0.05228,0.06156,0.056,0.0612,0.05688,0.0614,0.05512,0.05912,0.0554,0.059321,0.05784,0.0556,0.100641,0.067,0.06288,0.06084,0.06176,0.0596,0.06168,0.06192,0.06152,0.05992,0.06348,0.06212,0.0622,0.05648,0.059561,0.05548,0.0608,0.05648,0.05492,0.05108,0.05536,0.10904,0.07756,0.06172,0.06152,0.06368,0.06092,0.06248,0.06096]",0.012799999676644802,0.02759999968111515,0.01368959989398718,0.013039999641478062,0.002733689766395964,50.0,3.0,"[0.013,0.01316,0.01312,0.01304,0.01304,0.013,0.01316,0.01332,0.01304,0.01308,0.01292,0.01296,0.01292,0.01384,0.013,0.01308,0.01304,0.01292,0.01304,0.013,0.01308,0.01324,0.01296,0.01332,0.0264,0.013,0.01304,0.01304,0.01308,0.0128,0.01312,0.01292,0.01304,0.01308,0.01376,0.01308,0.01388,0.01308,0.01368,0.013,0.0128,0.01304,0.01308,0.01292,0.013,0.0276,0.01304,0.01312,0.01308,0.01412,0.01292,0.01312,0.01364]",32,4,2048,768,151936,True,True,False,1967,3,50,1,2048,768,generic,generic,,,CUDA_EVENT,BF16,none
0.010599999688565731,0.036639999598264694,0.01635842996649444,0.016299999319016933,0.004153936396612213,100.0,6.0,"[0.0272,0.015161,0.02088,0.01332,0.01772,0.01276,0.03664,0.0192,0.01864,0.01444,0.0178,0.01364,0.01716,0.01428,0.01692,0.01252,0.018,0.0134,0.0168,0.0136,0.01692,0.01296,0.01756,0.0136,0.01724,0.01272,0.01736,0.0136,0.01628,0.01292,0.01856,0.01508,0.01712,0.0128,0.01668,0.01376,0.01828,0.01348,0.01764,0.01172,0.01792,0.0136,0.01616,0.01204,0.0166,0.01284,0.01788,0.01192,0.01632,0.0122,0.03516,0.02536,0.0194,0.01432,0.01832,0.01488,0.01908,0.01364,0.017041,0.0138,0.01772,0.013201,0.01824,0.01344,0.01884,0.01424,0.01852,0.01428,0.0182,0.0124,0.01736,0.01376,0.01692,0.01356,0.01752,0.01296,0.01824,0.01296,0.0176,0.01308,0.01524,0.01372,0.01664,0.01372,0.019921,0.01372,0.0168,0.01304,0.01784,0.01472,0.01652,0.0106,0.03112,0.0262,0.01872,0.01472,0.01856,0.01456,0.0192,0.01488,0.0176,0.0138,0.0186,0.01408,0.01748,0.013]",0.01703999936580658,0.02768000029027462,0.019076039977371693,0.01860000006854534,0.001877061636049173,50.0,3.0,"[0.02392,0.01928,0.01836,0.02564,0.0192,0.0184,0.01952,0.01856,0.01856,0.01868,0.01884,0.01892,0.018,0.0182,0.01864,0.01848,0.0186,0.0186,0.01824,0.01832,0.01848,0.01952,0.01836,0.01828,0.01856,0.025361,0.01892,0.01856,0.01924,0.01856,0.01916,0.01884,0.01856,0.0188,0.01816,0.01844,0.01888,0.0186,0.01848,0.01792,0.01704,0.01844,0.0186,0.018001,0.01876,0.01832,0.02768,0.0194,0.0188,0.01956,0.01916,0.0186,0.01836]",0.13043999671936035,0.19847999513149261,0.13602912068367004,0.13214050233364105,0.012987812623480477,50,3,"[0.24312,0.137561,0.132881,0.152961,0.135641,0.136081,0.134761,0.13264,0.13564,0.13232,0.14,0.13252,0.13116,0.13288,0.13324,0.1312,0.131681,0.130961,0.131241,0.13092,0.1322,0.13044,0.13072,0.13356,0.15372,0.19848,0.13308,0.13128,0.13168,0.13188,0.13164,0.13208,0.133001,0.131601,0.131841,0.133,0.13208,0.1316,0.1316,0.13208,0.13156,0.13148,0.13236,0.13184,0.132081,0.132001,0.19316,0.135081,0.133121,0.134201,0.137001,0.13176,0.1324]",0.06855999678373337,0.20496100187301636,0.07414094001054763,0.06920000165700912,0.021121954096770614,50,3,"[0.0978,0.07168,0.0696,0.07492,0.06896,0.06964,0.06872,0.069241,0.069321,0.06928,0.06896,0.0694,0.069,0.069,0.07172,0.06936,0.07216,0.06932,0.06932,0.069121,0.069,0.06952,0.06924,0.06876,0.1028,0.1316,0.0692,0.07196,0.0692,0.06892,0.069,0.06876,0.06892,0.0692,0.0686,0.06872,0.069441,0.06892,0.0716,0.06856,0.06908,0.06888,0.06884,0.0692,0.06936,0.07136,0.204961,0.07132,0.06888,0.06872,0.06912,0.068841,0.069121]",0.050680000334978104,0.11464100331068039,0.06104649983346462,0.05886000022292137,0.010568090064169726,50,3,"[0.145721,0.0644,0.05912,0.06524,0.0646,0.05968,0.0622,0.05972,0.06012,0.056041,0.053601,0.058,0.05552,0.05536,0.05068,0.05664,0.05308,0.05932,0.05532,0.05688,0.05656,0.057441,0.05588,0.05628,0.114641,0.06608,0.06168,0.06072,0.062,0.0584,0.06076,0.06548,0.06256,0.0564,0.06016,0.05808,0.0618,0.05544,0.055841,0.05688,0.05692,0.057,0.05324,0.0546,0.05748,0.1032,0.07048,0.06288,0.06444,0.06272,0.06216,0.06144,0.06068]",0.012679999694228172,0.030400000512599945,0.01396239995956421,0.013000000268220901,0.003258843087767399,50.0,3.0,"[0.0134,0.01288,0.01368,0.01324,0.01408,0.013,0.01288,0.01308,0.01288,0.01324,0.01592,0.0128,0.013,0.0128,0.013,0.01292,0.01276,0.01328,0.01324,0.01292,0.01732,0.01268,0.0132,0.01292,0.02728,0.01272,0.01272,0.01384,0.0128,0.013,0.01268,0.013,0.01268,0.01312,0.01304,0.01304,0.01348,0.01328,0.01288,0.01892,0.01288,0.0128,0.0128,0.01296,0.0128,0.0304,0.01288,0.0128,0.0132,0.01368,0.01512,0.01308,0.01308]",32,4,2048,768,151936,True,True,False,1966,3,50,1,2048,768,generic,generic,,,CUDA_EVENT,BF16,none
0.008919999934732914,0.0309200007468462,0.016402029981836676,0.01655999943614006,0.0039672442435432454,100.0,6.0,"[0.0278,0.01536,0.0212,0.01324,0.01508,0.01208,0.02732,0.0302,0.01872,0.01372,0.01748,0.01372,0.01784,0.01348,0.01852,0.01296,0.01668,0.01376,0.01756,0.01328,0.0168,0.01372,0.01688,0.0134,0.01636,0.01108,0.01736,0.01096,0.01756,0.01448,0.01688,0.01328,0.02232,0.0134,0.01868,0.012881,0.01672,0.0186,0.01652,0.0136,0.0154,0.014,0.018,0.01276,0.01972,0.01064,0.0166,0.015,0.01744,0.01292,0.03092,0.024561,0.0178,0.01456,0.01736,0.01188,0.01864,0.014,0.0164,0.01792,0.01796,0.01388,0.01592,0.01868,0.018481,0.01364,0.01716,0.01524,0.01676,0.0132,0.01584,0.02004,0.0176,0.01276,0.01804,0.00892,0.01684,0.01288,0.02204,0.00996,0.01784,0.013,0.01776,0.0146,0.01712,0.01292,0.01768,0.01356,0.01812,0.01312,0.018,0.01256,0.03064,0.02504,0.0204,0.01444,0.01404,0.01284,0.01848,0.01424,0.01772,0.015,0.01796,0.0132,0.01744,0.0134]",0.01655999943614006,0.03668000176548958,0.019636860080063344,0.018739999271929264,0.002948583239631227,50.0,3.0,"[0.0252,0.01936,0.02576,0.02516,0.01888,0.01944,0.0188,0.01876,0.01924,0.01812,0.0186,0.01844,0.01896,0.01836,0.01868,0.01832,0.02224,0.01836,0.01892,0.01848,0.01956,0.01832,0.01992,0.01808,0.02168,0.02632,0.01884,0.01924,0.01872,0.01864,0.01884,0.01944,0.01832,0.0204,0.01856,0.01864,0.01872,0.01864,0.0184,0.02076,0.01812,0.01656,0.0184,0.01856,0.01864,0.018401,0.03668,0.019161,0.019961,0.01968,0.01912,0.01844,0.02232]",0.1289599984884262,0.17587999999523163,0.13528432041406632,0.13270000368356705,0.009041888150259808,50,3,"[0.24432,0.135881,0.133201,0.152321,0.134601,0.133081,0.133401,0.133001,0.132321,0.13392,0.13264,0.13224,0.13328,0.13288,0.13264,0.13228,0.13152,0.13164,0.131641,0.132241,0.133041,0.13236,0.13644,0.13208,0.15512,0.17588,0.13332,0.1356,0.13288,0.13304,0.1324,0.13348,0.13204,0.13276,0.132041,0.136441,0.131281,0.13224,0.13116,0.13244,0.13264,0.13316,0.13424,0.12896,0.1312,0.13176,0.17252,0.13508,0.134,0.132841,0.132601,0.131161,0.132361]",0.06831999868154526,0.2170410007238388,0.07561929985880851,0.06916050240397453,0.025892815461546714,50,3,"[0.09768,0.07104,0.0686,0.07296,0.06924,0.06904,0.0692,0.0688,0.07168,0.068801,0.069121,0.06832,0.06952,0.06964,0.06924,0.06868,0.069,0.06924,0.0692,0.0718,0.06932,0.068881,0.0692,0.06872,0.1296,0.16924,0.06888,0.06892,0.06928,0.06884,0.0716,0.06884,0.06904,0.0688,0.0694,0.06876,0.06956,0.06856,0.069041,0.06964,0.06856,0.0686,0.0692,0.06864,0.06904,0.07288,0.217041,0.07332,0.06964,0.06912,0.06904,0.06976,0.06852]",0.052639998495578766,0.10592000186443329,0.06190169982612133,0.060560500249266624,0.01038174073622327,50,3,"[0.152961,0.06288,0.06336,0.06692,0.063,0.06164,0.06204,0.06472,0.05856,0.06272,0.0578,0.058121,0.056921,0.05436,0.0574,0.05504,0.06,0.0558,0.05452,0.05264,0.05708,0.05348,0.05624,0.054601,0.10592,0.06896,0.063,0.06296,0.062,0.06196,0.05964,0.06348,0.06128,0.06344,0.05956,0.06168,0.05376,0.0556,0.0574,0.054681,0.060561,0.06152,0.05372,0.06056,0.05688,0.10196,0.09208,0.06324,0.06212,0.06076,0.06152,0.06048,0.06076]",0.012880000285804272,0.02483999915421009,0.013980819955468177,0.013120000250637531,0.0026652685807863783,50.0,3.0,"[0.01304,0.01304,0.01384,0.01392,0.01396,0.013,0.01392,0.01316,0.01392,0.01344,0.01316,0.01356,0.013,0.0194,0.01308,0.01308,0.01312,0.01296,0.01292,0.01296,0.01308,0.01304,0.01292,0.01312,0.02484,0.013001,0.01312,0.01292,0.01316,0.01364,0.01324,0.01336,0.01312,0.01396,0.01296,0.01316,0.01296,0.01316,0.01296,0.01304,0.0132,0.01304,0.01328,0.0132,0.01316,0.02408,0.0226,0.01288,0.01312,0.01312,0.01292,0.013,0.01412]",32,4,2048,768,151936,True,True,False,1965,3,50,1,2048,768,generic,generic,,,CUDA_EVENT,BF16,none
0.01080000028014183,0.036639999598264694,0.01648403991945088,0.016700000502169132,0.004367250872430298,100.0,6.0,"[0.02896,0.01504,0.01984,0.01328,0.01824,0.01288,0.02844,0.021,0.01848,0.01448,0.017561,0.0198,0.0176,0.01432,0.01832,0.015,0.0168,0.0132,0.01452,0.01344,0.01676,0.0132,0.01864,0.01604,0.01616,0.01324,0.01716,0.01296,0.01768,0.01288,0.0172,0.01368,0.0168,0.01356,0.01784,0.01172,0.01776,0.01364,0.01828,0.01224,0.01652,0.013401,0.01672,0.01364,0.01764,0.0134,0.0168,0.0128,0.0172,0.012,0.03292,0.02996,0.019,0.0134,0.01912,0.0136,0.01776,0.0172,0.01832,0.012201,0.01768,0.0132,0.0176,0.0134,0.0176,0.01412,0.01884,0.014,0.01672,0.01392,0.01764,0.01288,0.01668,0.01484,0.018001,0.0124,0.01676,0.0132,0.01644,0.01464,0.0168,0.0124,0.01796,0.01268,0.01712,0.0126,0.01828,0.01328,0.01992,0.01108,0.01872,0.0108,0.03664,0.03292,0.02144,0.0144,0.01788,0.01388,0.01732,0.01412,0.01704,0.0134,0.01748,0.01304,0.0186,0.01404]",0.014480000361800194,0.029519999399781227,0.019036799874156712,0.018559999763965607,0.002403142443560531,50.0,3.0,"[0.02596,0.01944,0.01844,0.0226,0.01888,0.01932,0.01844,0.0188,0.01836,0.01904,0.01832,0.02116,0.01828,0.01712,0.01872,0.02448,0.01824,0.01872,0.01844,0.01844,0.0184,0.0186,0.01872,0.019,0.01884,0.02952,0.01876,0.01872,0.01448,0.01848,0.01676,0.01852,0.02324,0.0186,0.01452,0.01828,0.01716,0.01796,0.01808,0.01904,0.01796,0.01888,0.01808,0.0182,0.01804,0.01864,0.02592,0.01932,0.01852,0.01956,0.01836,0.01896,0.01836]",0.1281999945640564,0.19976000487804413,0.13545542001724242,0.13250000029802322,0.011916616628455065,50,3,"[0.248161,0.13632,0.13144,0.15384,0.13416,0.1334,0.132521,0.132921,0.1308,0.13252,0.13188,0.13436,0.13148,0.13264,0.132161,0.129401,0.1322,0.13248,0.13348,0.13304,0.13248,0.132321,0.131281,0.13288,0.15596,0.17596,0.12884,0.13292,0.13156,0.12988,0.129521,0.132521,0.13232,0.13252,0.13748,0.13168,0.1282,0.13172,0.132321,0.132161,0.13136,0.13272,0.13524,0.1318,0.13332,0.132281,0.19976,0.13376,0.13416,0.13444,0.13196,0.13156,0.1326]",0.06600099802017212,0.19088099896907806,0.07344895943999291,0.06672000139951706,0.023145640830283244,50,3,"[0.0986,0.07604,0.06624,0.08116,0.06656,0.06708,0.0666,0.06616,0.066481,0.06668,0.06636,0.06908,0.06652,0.06836,0.067,0.06612,0.06668,0.0676,0.0664,0.06684,0.06708,0.06956,0.06952,0.066161,0.145521,0.15052,0.074,0.0672,0.0694,0.06608,0.0712,0.06732,0.066001,0.0664,0.06668,0.06652,0.06672,0.06644,0.06652,0.06696,0.067961,0.06656,0.06668,0.06672,0.06628,0.07192,0.190881,0.074121,0.066641,0.06768,0.06672,0.06652,0.06628]",0.05471999943256378,0.12043999880552292,0.06348570019006729,0.06202000007033348,0.009987375402045112,50,3,"[0.14536,0.06436,0.0622,0.06464,0.06208,0.0622,0.06196,0.06212,0.0614,0.061041,0.05568,0.0622,0.05844,0.06312,0.05592,0.0608,0.05756,0.063,0.05992,0.06212,0.06084,0.06168,0.0556,0.06304,0.12044,0.066961,0.06288,0.06072,0.06356,0.06064,0.06312,0.0618,0.0634,0.06188,0.065081,0.062,0.06216,0.05968,0.06204,0.05852,0.06172,0.059441,0.0606,0.05472,0.0632,0.09836,0.06912,0.06552,0.0622,0.063801,0.06168,0.06156,0.06212]",0.012799999676644802,0.026440000161528587,0.013687219955027103,0.013120000250637531,0.0023567471611983075,50.0,3.0,"[0.013,0.01296,0.01412,0.013,0.013,0.01312,0.01388,0.01292,0.0134,0.01404,0.01284,0.0132,0.0136,0.01296,0.01288,0.01332,0.013,0.01396,0.01328,0.01324,0.01304,0.01364,0.01312,0.013,0.02644,0.01316,0.01284,0.013,0.01284,0.0128,0.01388,0.01376,0.01316,0.0128,0.01312,0.01328,0.013,0.01316,0.0128,0.01308,0.013,0.0138,0.01296,0.01296,0.0138,0.0236,0.01296,0.01296,0.01316,0.01304,0.013001,0.01364,0.01392]",32,4,2048,768,151936,True,True,False,1964,3,50,1,2048,768,generic,generic,,,CUDA_EVENT,BF16,none
0.01119999960064888,0.03779999911785126,0.016360429981723427,0.016599999740719795,0.004100555078028181,100.0,6.0,"[0.02796,0.0152,0.021,0.01384,0.0176,0.013,0.02588,0.02,0.01808,0.01416,0.01952,0.01316,0.0184,0.01364,0.01688,0.01288,0.01724,0.01308,0.01796,0.01292,0.017641,0.01164,0.0182,0.01324,0.017,0.01224,0.01728,0.01376,0.018,0.01364,0.01656,0.01424,0.01796,0.01316,0.01876,0.01296,0.01648,0.01332,0.01752,0.01296,0.01792,0.01308,0.01664,0.01344,0.01692,0.01312,0.01552,0.01336,0.01676,0.01248,0.03108,0.0378,0.01984,0.01484,0.01856,0.01392,0.01884,0.01404,0.01768,0.01404,0.01732,0.01164,0.01876,0.01364,0.01936,0.01424,0.01792,0.01408,0.017681,0.01448,0.01724,0.01356,0.01848,0.01352,0.01804,0.01252,0.01684,0.0112,0.01712,0.01304,0.01716,0.01388,0.017401,0.01276,0.01888,0.0128,0.01676,0.01296,0.01912,0.01244,0.01672,0.01336,0.03208,0.02308,0.02052,0.0144,0.01844,0.01424,0.01872,0.0136,0.01756,0.01364,0.01904,0.0142,0.01816,0.0132]",0.01696000061929226,0.026359999552369118,0.01913519997149706,0.018660000525414944,0.0018269605949651007,50.0,3.0,"[0.0254,0.0194,0.01876,0.02636,0.01892,0.01888,0.01864,0.01892,0.01892,0.01876,0.0184,0.0188,0.01828,0.01836,0.01852,0.01828,0.01844,0.01876,0.01848,0.01868,0.01844,0.01844,0.01828,0.0182,0.01848,0.02552,0.01868,0.01848,0.019,0.01896,0.01924,0.01888,0.01896,0.01884,0.01884,0.01832,0.01856,0.01796,0.01828,0.01852,0.01884,0.01812,0.01828,0.01852,0.01696,0.0186,0.02572,0.0194,0.01884,0.02148,0.01912,0.02128,0.01832]",0.12900100648403168,0.22432099282741547,0.1362547391653061,0.1323999986052513,0.01500827743068299,50,3,"[0.2512,0.13772,0.133201,0.161121,0.133281,0.13328,0.13368,0.13224,0.13316,0.13164,0.13132,0.131201,0.134641,0.13264,0.13088,0.13292,0.13212,0.1326,0.130641,0.132241,0.1318,0.13136,0.1316,0.13192,0.157,0.177521,0.136081,0.131761,0.134081,0.13244,0.1318,0.13336,0.13376,0.13332,0.13588,0.132801,0.133081,0.13084,0.13144,0.13236,0.1318,0.13204,0.130561,0.131401,0.1312,0.13112,0.224321,0.13532,0.133,0.13448,0.13204,0.129001,0.132641]",0.06599999964237213,0.20559999346733093,0.07327131986618042,0.06686000153422356,0.02413280195398237,50,3,"[0.095281,0.07084,0.06708,0.07728,0.06912,0.067081,0.067,0.0666,0.06804,0.06764,0.06668,0.0666,0.06696,0.066721,0.06948,0.06624,0.06656,0.06616,0.07136,0.0668,0.067521,0.0666,0.06684,0.06732,0.14948,0.13688,0.0668,0.066,0.06688,0.066361,0.06668,0.06684,0.06696,0.06624,0.06716,0.06772,0.0666,0.072801,0.06732,0.06644,0.06648,0.0664,0.06712,0.0666,0.066321,0.06944,0.2056,0.06788,0.06924,0.0668,0.06688,0.06672,0.06632]",0.05063999816775322,0.1225999966263771,0.06285690002143383,0.0611799992620945,0.012100975182944696,50,3,"[0.1456,0.06424,0.05636,0.06484,0.0628,0.06304,0.0604,0.06188,0.06256,0.0614,0.06452,0.0604,0.06288,0.05868,0.062321,0.05872,0.05968,0.06096,0.05392,0.059,0.05596,0.059841,0.05908,0.0556,0.1226,0.0668,0.06192,0.06496,0.06112,0.06496,0.060481,0.0616,0.0638,0.0648,0.06168,0.06184,0.057,0.05064,0.057241,0.05352,0.0592,0.06264,0.0554,0.05564,0.05348,0.115881,0.07136,0.0622,0.0608,0.06172,0.05984,0.06124,0.06]",0.012799999676644802,0.03187999874353409,0.013919219821691513,0.013139999937266111,0.0030572133544041666,50.0,3.0,"[0.01324,0.01376,0.0154,0.01348,0.01404,0.01328,0.01288,0.013001,0.01292,0.01316,0.01396,0.01292,0.01324,0.01296,0.01368,0.01296,0.013,0.01316,0.01316,0.013,0.01292,0.01312,0.01292,0.01292,0.03188,0.01292,0.01324,0.01368,0.013,0.01552,0.0128,0.01304,0.01328,0.01452,0.01332,0.01296,0.01304,0.013,0.01316,0.01604,0.01316,0.01352,0.01292,0.01304,0.01296,0.02436,0.01384,0.01312,0.0132,0.0138,0.01304,0.01384,0.01308]",32,4,2048,768,151936,True,True,False,1963,3,50,1,2048,768,generic,generic,,,CUDA_EVENT,BF16,none
0.007600000128149986,0.03519999980926514,0.016466819988563655,0.016440000385046005,0.00414563197950456,100.0,6.0,"[0.0282,0.0154,0.0194,0.01376,0.0226,0.01332,0.02692,0.01832,0.01872,0.01348,0.01816,0.01392,0.01728,0.01332,0.01712,0.01328,0.0176,0.01412,0.01808,0.01396,0.01776,0.01388,0.01836,0.0132,0.01592,0.01204,0.01736,0.013,0.01736,0.0156,0.01816,0.01332,0.01716,0.01376,0.01784,0.01184,0.02008,0.0136,0.01856,0.0124,0.01488,0.01744,0.01716,0.01328,0.01752,0.01232,0.01648,0.0148,0.02116,0.0076,0.03516,0.0352,0.02056,0.01488,0.018681,0.01332,0.01752,0.01376,0.01848,0.01408,0.01748,0.01392,0.01816,0.01444,0.01812,0.01412,0.0186,0.01596,0.01852,0.01364,0.018561,0.01344,0.01672,0.01404,0.01948,0.0128,0.01768,0.01336,0.01656,0.01176,0.01716,0.01332,0.01468,0.01368,0.01668,0.01496,0.0164,0.01596,0.01672,0.01352,0.01816,0.01292,0.03012,0.02604,0.01996,0.01468,0.01772,0.01368,0.01688,0.01304,0.01652,0.01248,0.01776,0.01352,0.01876,0.01424]",0.016720000654459,0.027481000870466232,0.019438439905643465,0.01868000067770481,0.0019331969956234458,50.0,3.0,"[0.0244,0.01916,0.02184,0.02268,0.01904,0.01852,0.01872,0.01856,0.01868,0.01888,0.01864,0.01824,0.01856,0.01824,0.02092,0.01824,0.02056,0.0188,0.01844,0.01856,0.01848,0.0182,0.01976,0.01824,0.01824,0.025,0.01956,0.01976,0.01868,0.01864,0.01868,0.02092,0.0186,0.02012,0.01868,0.01968,0.01896,0.019,0.01836,0.02168,0.0184,0.01948,0.01824,0.01672,0.01796,0.01836,0.027481,0.01872,0.02344,0.01864,0.023521,0.019,0.01844]",0.1276399940252304,0.1974799931049347,0.13584508001804352,0.13261999934911728,0.012157179672964055,50,3,"[0.248561,0.13628,0.13124,0.151,0.13516,0.13304,0.131841,0.132001,0.13456,0.13264,0.132,0.13108,0.1316,0.131601,0.132241,0.13432,0.13232,0.13344,0.13592,0.13264,0.133441,0.131441,0.13264,0.1316,0.1588,0.183401,0.1334,0.1322,0.131961,0.131441,0.13232,0.1348,0.13268,0.13252,0.1314,0.13272,0.134521,0.130681,0.1314,0.13244,0.1326,0.1344,0.13192,0.132441,0.13128,0.12764,0.19748,0.13664,0.13284,0.13388,0.13324,0.131761,0.132921]",0.06400000303983688,0.20404000580310822,0.07173691987991333,0.06487999856472015,0.026675186338298518,50,3,"[0.09536,0.07072,0.06544,0.07268,0.06704,0.06472,0.06752,0.06464,0.064561,0.06456,0.0648,0.06476,0.06496,0.06424,0.0646,0.065361,0.06448,0.06476,0.06492,0.06472,0.0648,0.06448,0.064881,0.06484,0.10648,0.19408,0.0692,0.06696,0.06644,0.06764,0.066041,0.0644,0.06456,0.06548,0.06484,0.06492,0.064,0.06468,0.064681,0.06488,0.06728,0.06444,0.06464,0.06476,0.064441,0.06704,0.20404,0.06736,0.06568,0.06668,0.06488,0.0676,0.0664]",0.05700000002980232,0.10236000269651413,0.06306728012859822,0.061580000445246696,0.007945971221963662,50,3,"[0.14668,0.06428,0.06284,0.06296,0.063,0.06128,0.06244,0.06164,0.0644,0.06264,0.06148,0.06528,0.06288,0.06216,0.06176,0.057,0.061401,0.05948,0.06088,0.05988,0.06168,0.06032,0.062,0.058401,0.097961,0.06968,0.0608,0.06012,0.06204,0.06092,0.06084,0.06196,0.06236,0.06152,0.06172,0.06212,0.05816,0.05872,0.06012,0.059961,0.05744,0.05904,0.06028,0.06236,0.0614,0.10236,0.0708,0.06136,0.06168,0.062,0.06148,0.05952,0.06168]",0.012760000303387642,0.029600000008940697,0.013805619906634092,0.013039999641478062,0.0030328558404322478,50.0,3.0,"[0.01296,0.01308,0.01304,0.01288,0.01292,0.0138,0.01364,0.01376,0.01296,0.01284,0.01292,0.01356,0.01292,0.01652,0.01284,0.0128,0.01368,0.01304,0.01388,0.01276,0.0134,0.01304,0.01296,0.0136,0.02708,0.01296,0.01288,0.01368,0.01348,0.01288,0.01312,0.01276,0.013961,0.01316,0.01284,0.01348,0.0128,0.01324,0.01304,0.01292,0.01308,0.01316,0.01312,0.01296,0.01292,0.0296,0.01276,0.01288,0.01284,0.01292,0.01292,0.01304,0.01308]",32,4,2048,768,151936,True,True,False,1962,3,50,1,2048,768,generic,generic,,,CUDA_EVENT,BF16,none
0.011599999852478504,0.04224000126123428,0.016510819979012013,0.016739999875426292,0.004111520115515934,100.0,6.0,"[0.02752,0.01432,0.01988,0.01384,0.01812,0.01288,0.02664,0.01884,0.01876,0.0136,0.01796,0.01808,0.018521,0.01452,0.01672,0.01664,0.01804,0.01344,0.01732,0.01348,0.01788,0.0138,0.01836,0.01296,0.01748,0.01304,0.01784,0.0144,0.01684,0.01332,0.01756,0.01288,0.01704,0.01288,0.01688,0.0148,0.01748,0.01444,0.01676,0.013,0.0166,0.014201,0.01684,0.01324,0.01776,0.01352,0.01716,0.014,0.01784,0.01236,0.04224,0.02488,0.01916,0.01392,0.01872,0.01404,0.0184,0.01436,0.0184,0.01368,0.01776,0.01344,0.01888,0.01372,0.01868,0.01448,0.01776,0.01356,0.01676,0.01352,0.01772,0.01304,0.01884,0.01376,0.01572,0.01356,0.01664,0.01368,0.01708,0.0142,0.018,0.0124,0.01876,0.01232,0.01692,0.01304,0.0182,0.0116,0.01868,0.013,0.01816,0.01304,0.02876,0.02956,0.01928,0.01464,0.01928,0.01412,0.0186,0.01312,0.01804,0.01368,0.017,0.01376,0.0172,0.0136]",0.014680000022053719,0.027721000835299492,0.019012080021202565,0.018559999763965607,0.0020723371243222934,50.0,3.0,"[0.02664,0.01976,0.01812,0.026,0.01844,0.0182,0.01908,0.01468,0.01848,0.02124,0.01888,0.01848,0.01844,0.0182,0.018,0.0188,0.01788,0.01836,0.01836,0.01852,0.0182,0.01836,0.01852,0.01824,0.01868,0.026241,0.01856,0.01912,0.018841,0.0188,0.01864,0.01872,0.01848,0.01884,0.019,0.0184,0.018561,0.0182,0.01824,0.0186,0.01856,0.01816,0.0184,0.01812,0.01808,0.01912,0.027721,0.01896,0.01884,0.019,0.01868,0.01876,0.01892]",0.12875999510288239,0.20080000162124634,0.1362954396009445,0.13200049847364426,0.014130101556172519,50,3,"[0.245281,0.13616,0.13176,0.15972,0.13516,0.1346,0.13284,0.131921,0.132001,0.12876,0.13436,0.13208,0.13156,0.133,0.131401,0.131361,0.13104,0.13088,0.13244,0.13364,0.13192,0.131921,0.130681,0.13156,0.15848,0.1988,0.13252,0.13148,0.13812,0.130881,0.1314,0.13572,0.13776,0.1332,0.14072,0.13352,0.13296,0.131441,0.13016,0.13048,0.132,0.13112,0.13196,0.131281,0.130601,0.1308,0.2008,0.13404,0.13264,0.13272,0.1352,0.130921,0.130201]",0.0644799992442131,0.20795999467372894,0.07192890003323554,0.06518049910664558,0.023880084949878026,50,3,"[0.096,0.0732,0.06504,0.08448,0.06672,0.07004,0.06524,0.0652,0.06496,0.065121,0.0648,0.06508,0.06484,0.06508,0.06496,0.0648,0.065161,0.06452,0.06448,0.06616,0.06484,0.06832,0.06508,0.0678,0.10144,0.15724,0.06516,0.06728,0.06476,0.06528,0.066801,0.064921,0.06768,0.065,0.06672,0.06512,0.06748,0.065,0.069481,0.06492,0.06484,0.06532,0.06456,0.06776,0.06508,0.06752,0.20796,0.07484,0.06692,0.06948,0.06464,0.07056,0.065]",0.05260000005364418,0.10884000360965729,0.0625560799241066,0.061220500618219376,0.00961203830073176,50,3,"[0.14568,0.064281,0.063,0.0646,0.06128,0.06284,0.06272,0.06404,0.06296,0.06192,0.061241,0.06208,0.0606,0.06192,0.0612,0.06076,0.05844,0.061921,0.05956,0.059,0.06028,0.0548,0.05976,0.05404,0.10884,0.06772,0.06344,0.0614,0.06224,0.06068,0.06296,0.06104,0.063081,0.06092,0.0606,0.06208,0.06256,0.05852,0.0536,0.059681,0.05612,0.06064,0.0608,0.05488,0.0526,0.10444,0.07256,0.0592,0.06172,0.06144,0.06108,0.05556,0.06144]",0.012839999981224537,0.03060000017285347,0.013930399958044291,0.013100000098347664,0.0029531793532336518,50.0,3.0,"[0.01304,0.01312,0.01344,0.01316,0.01296,0.01316,0.01332,0.0138,0.01304,0.01388,0.01304,0.01308,0.01312,0.01284,0.01288,0.01316,0.0132,0.01424,0.01292,0.01364,0.01308,0.01436,0.013,0.01296,0.0306,0.01296,0.01308,0.01304,0.01392,0.0134,0.01404,0.01288,0.01296,0.014,0.01372,0.01292,0.01368,0.01296,0.01304,0.01308,0.01324,0.01304,0.01324,0.01308,0.01812,0.02452,0.01316,0.01296,0.013,0.01296,0.01296,0.0132,0.01392]",32,4,2048,768,151936,True,True,False,1961,3,50,1,2048,768,generic,generic,,,CUDA_EVENT,BF16,none
0.011119999922811985,0.038839999586343765,0.016556819994002582,0.01638050004839897,0.004405508567834139,100.0,6.0,"[0.02888,0.01584,0.0202,0.014521,0.01756,0.01308,0.03884,0.02824,0.01868,0.01396,0.01892,0.0144,0.01828,0.01396,0.01828,0.01136,0.01808,0.01356,0.01612,0.01344,0.01792,0.01316,0.01736,0.01432,0.01688,0.01336,0.01784,0.01112,0.0166,0.01296,0.01712,0.01264,0.01792,0.01224,0.01776,0.01288,0.01676,0.0134,0.016161,0.01276,0.01672,0.01328,0.01616,0.01392,0.01672,0.01356,0.01688,0.01324,0.0178,0.014,0.03364,0.0234,0.02048,0.01476,0.01792,0.01444,0.018761,0.01376,0.01852,0.01412,0.01884,0.01336,0.0182,0.01356,0.01812,0.01396,0.0176,0.0136,0.01736,0.01396,0.01696,0.01272,0.01764,0.01432,0.0174,0.01224,0.01992,0.01324,0.01848,0.01292,0.018,0.014,0.01684,0.01296,0.01804,0.01388,0.01768,0.0134,0.02228,0.01304,0.01688,0.01444,0.0334,0.02536,0.01884,0.01404,0.01824,0.01352,0.01712,0.014,0.01844,0.01368,0.01812,0.01396,0.01752,0.01424]",0.017680000513792038,0.030880000442266464,0.019558420069515706,0.01886000018566847,0.002577830024271957,50.0,3.0,"[0.02472,0.02012,0.01856,0.03088,0.01932,0.01868,0.01892,0.0188,0.01892,0.019,0.01868,0.01832,0.018601,0.01888,0.01836,0.01904,0.01852,0.01896,0.01864,0.01856,0.01844,0.01768,0.01816,0.01976,0.0188,0.02824,0.01936,0.01944,0.01932,0.0188,0.0204,0.01864,0.01872,0.01912,0.01868,0.01864,0.01916,0.01872,0.019,0.0184,0.01928,0.01868,0.02208,0.01904,0.01896,0.01856,0.02912,0.0192,0.01876,0.01924,0.01904,0.01856,0.01884]",0.1286800056695938,0.1754399985074997,0.13472021937370302,0.1321600005030632,0.009204421064390457,50,3,"[0.24552,0.13684,0.135641,0.150401,0.132961,0.134201,0.13404,0.13432,0.13296,0.1334,0.134,0.13156,0.13208,0.131121,0.132001,0.13268,0.13164,0.13272,0.1316,0.13144,0.131561,0.131041,0.13324,0.13088,0.15596,0.17328,0.13524,0.1312,0.13304,0.131561,0.129521,0.13268,0.13224,0.13328,0.13208,0.13064,0.13284,0.12972,0.131161,0.13124,0.1334,0.13028,0.12868,0.1318,0.13176,0.131201,0.17544,0.13632,0.13292,0.13372,0.13072,0.13088,0.13336]",0.06276000291109085,0.2101610004901886,0.07071616038680077,0.06385999917984009,0.02506724978446783,50,3,"[0.099481,0.06908,0.06292,0.07716,0.07068,0.06616,0.065761,0.06528,0.06508,0.06276,0.06324,0.06388,0.06304,0.06748,0.06384,0.063441,0.06308,0.0634,0.06336,0.06312,0.0632,0.06356,0.063281,0.063,0.10724,0.16432,0.0704,0.06564,0.0678,0.06352,0.06592,0.064441,0.06484,0.06376,0.06456,0.06764,0.06356,0.0634,0.06308,0.063201,0.06336,0.0634,0.0628,0.06348,0.06356,0.06724,0.210161,0.067841,0.068281,0.06372,0.06468,0.06456,0.0656]",0.05683999881148338,0.09776099771261215,0.06314811989665031,0.061660001054406166,0.0066915800152132525,50,3,"[0.145,0.0634,0.06412,0.06252,0.06156,0.0624,0.06116,0.06204,0.061201,0.06212,0.06124,0.06236,0.06136,0.06168,0.06464,0.06296,0.06036,0.06112,0.0638,0.06248,0.06164,0.06032,0.06244,0.060601,0.097761,0.0692,0.0616,0.06136,0.0616,0.05684,0.06068,0.05808,0.06144,0.063681,0.06224,0.06112,0.05972,0.06364,0.06172,0.0614,0.061681,0.0574,0.06088,0.06184,0.06212,0.09064,0.06896,0.06328,0.0618,0.061441,0.0614,0.0614,0.06248]",0.012880000285804272,0.02988000027835369,0.014111999981105327,0.013199999928474426,0.003216646708202241,50.0,3.0,"[0.0132,0.01324,0.01388,0.01312,0.01348,0.01312,0.013,0.01312,0.01332,0.01328,0.01308,0.01332,0.0132,0.0132,0.01308,0.01324,0.013,0.01352,0.01312,0.01316,0.01412,0.013,0.01316,0.01288,0.02884,0.01628,0.01304,0.01324,0.01312,0.01316,0.01332,0.01312,0.01296,0.01312,0.01324,0.01376,0.0132,0.0136,0.01304,0.01664,0.0136,0.01312,0.01316,0.01328,0.01328,0.02988,0.01316,0.01316,0.0164,0.01316,0.01388,0.01396,0.01436]",32,4,2048,768,151936,True,True,False,1960,3,50,1,2048,768,generic,generic,,,CUDA_EVENT,BF16,none
,,,,,,,,,,,,,,,,0.10136000066995621,0.20384100079536438,0.10986101984977723,0.10415999963879585,0.019128116051515105,50,3,"[0.702041,0.14632,0.108201,0.1188,0.10704,0.10408,0.10652,0.10576,0.10396,0.10344,0.101481,0.1022,0.10184,0.10316,0.1032,0.10272,0.103721,0.10236,0.10204,0.1192,0.1212,0.103921,0.16,0.10812,0.10404,0.109801,0.10444,0.1038,0.10448,0.10136,0.101601,0.10576,0.10568,0.10712,0.105401,0.1066,0.203841,0.10648,0.10312,0.102761,0.10348,0.10424,0.10436,0.104561,0.1024,0.10216,0.102,0.10136,0.110801,0.10264,0.10528,0.10764,0.181081]",0.09284000098705292,0.23048099875450134,0.10985864028334617,0.10379999876022339,0.02716146167683693,50,3,"[0.387481,0.127361,0.1076,0.11264,0.116401,0.09892,0.09868,0.09628,0.095801,0.101801,0.09436,0.09724,0.09284,0.09564,0.110321,0.095721,0.09832,0.09824,0.09976,0.230481,0.111761,0.10868,0.10564,0.10576,0.105801,0.10432,0.10812,0.10104,0.10052,0.099121,0.10016,0.11136,0.10576,0.107481,0.10416,0.10292,0.19332,0.1072,0.112761,0.10556,0.10596,0.10368,0.105521,0.10512,0.10188,0.09904,0.09788,0.10296,0.10616,0.10392,0.1036,0.10308,0.21924]",0.04927999898791313,0.11444000154733658,0.053688080087304114,0.05100000090897083,0.011469398908972835,50,3,"[0.225641,0.05268,0.05164,0.053841,0.05376,0.05172,0.0508,0.05544,0.05128,0.0508,0.04988,0.04996,0.05584,0.05004,0.04976,0.04996,0.04976,0.05172,0.04976,0.10324,0.05248,0.04984,0.05108,0.051201,0.04988,0.05144,0.05048,0.05,0.05096,0.05,0.04928,0.05184,0.05152,0.05156,0.05552,0.05176,0.05684,0.050561,0.05104,0.05,0.04952,0.04984,0.05036,0.05124,0.04948,0.04956,0.0566,0.05352,0.0522,0.05156,0.05072,0.050521,0.11444]",,,,,,,,,32,4,2048,768,151936,True,True,False,1985,3,50,2,2048,768,generic,generic,,,CUDA_EVENT,BF16,none
,,,,,,,,,,,,,,,,0.09736000001430511,0.23319999873638153,0.10905217990279198,0.10280000045895576,0.023521084122791164,50,3,"[0.228521,0.10976,0.104841,0.12888,0.10436,0.10512,0.104841,0.10284,0.10356,0.10124,0.10276,0.1064,0.101521,0.10392,0.10128,0.10044,0.1006,0.10164,0.10664,0.116601,0.118081,0.10432,0.10316,0.10316,0.126721,0.10608,0.10264,0.10224,0.102,0.10232,0.100121,0.10116,0.10084,0.10228,0.101,0.10272,0.2332,0.10512,0.10392,0.09736,0.10312,0.103241,0.1086,0.107,0.10404,0.10228,0.10032,0.102321,0.10036,0.10216,0.10168,0.1,0.206401]",0.09567999839782715,0.20800000429153442,0.10764266058802605,0.10142000019550323,0.024049539636929424,50,3,"[0.1196,0.110161,0.10448,0.1126,0.105641,0.10424,0.10576,0.10212,0.1014,0.09568,0.097401,0.097121,0.1008,0.09576,0.09816,0.09848,0.10144,0.096561,0.099441,0.19232,0.10796,0.1052,0.10856,0.106041,0.10428,0.10604,0.10648,0.10372,0.099601,0.102761,0.0998,0.0986,0.09724,0.09888,0.09736,0.100241,0.203921,0.10652,0.10424,0.106,0.103881,0.10704,0.09916,0.10248,0.10168,0.098201,0.098001,0.10108,0.09904,0.09812,0.09652,0.10056,0.208]",0.046640001237392426,0.10992000252008438,0.05264570005238056,0.050500499084591866,0.010465471593697935,50,3,"[0.13604,0.05252,0.05092,0.0534,0.05184,0.04988,0.05156,0.05052,0.05136,0.050481,0.0494,0.04876,0.04928,0.05056,0.04884,0.04904,0.050121,0.04948,0.04924,0.10992,0.04952,0.0512,0.050721,0.05,0.05188,0.05196,0.05128,0.05036,0.05032,0.05032,0.05064,0.04996,0.05056,0.04788,0.050001,0.0502,0.05736,0.04888,0.05004,0.050921,0.05524,0.05108,0.05116,0.05092,0.05088,0.04988,0.05056,0.05064,0.05016,0.04992,0.04664,0.0518,0.09572]",,,,,,,,,32,4,2048,768,151936,True,True,False,1984,3,50,2,2048,768,generic,generic,,,CUDA_EVENT,BF16,none
,,,,,,,,,,,,,,,,0.09635999798774719,0.2149599939584732,0.10810179963707924,0.10246000066399574,0.02188253508243221,50,3,"[0.23136,0.10876,0.09952,0.12172,0.10488,0.10576,0.10348,0.103441,0.10088,0.10208,0.10448,0.10208,0.10056,0.10244,0.101121,0.103,0.1006,0.10196,0.10164,0.11412,0.123,0.102881,0.10092,0.10208,0.12096,0.10212,0.102961,0.09636,0.10112,0.10248,0.10072,0.09984,0.10268,0.101081,0.10256,0.10164,0.209521,0.1052,0.10324,0.102601,0.1026,0.1068,0.10168,0.10208,0.104361,0.102281,0.10332,0.10188,0.10052,0.09908,0.10232,0.105001,0.21496]",0.09760099649429321,0.20691999793052673,0.10823938012123108,0.10280049964785576,0.021394085599282044,50,3,"[0.116641,0.10796,0.104561,0.11144,0.10832,0.10588,0.104681,0.09912,0.10588,0.10084,0.1012,0.09996,0.097601,0.10108,0.09796,0.0986,0.10192,0.09816,0.10288,0.187881,0.112361,0.1062,0.10944,0.10456,0.10388,0.104241,0.10144,0.1034,0.09884,0.09988,0.10764,0.09824,0.102721,0.0992,0.10204,0.09804,0.17708,0.108,0.107081,0.11068,0.10432,0.10672,0.10676,0.103401,0.10896,0.09828,0.1002,0.09984,0.10028,0.0996,0.099081,0.09924,0.20692]",0.04848000034689903,0.09307999908924103,0.05253694012761116,0.05034000054001808,0.008329659449167704,50,3,"[0.134,0.052281,0.0504,0.05292,0.05164,0.051601,0.0552,0.05048,0.05116,0.0498,0.04952,0.055841,0.04992,0.05088,0.05,0.04968,0.05384,0.04972,0.050801,0.09308,0.05212,0.04964,0.04992,0.04916,0.049841,0.05124,0.04972,0.0504,0.04976,0.04912,0.04972,0.04956,0.04972,0.04888,0.0502,0.05172,0.05596,0.051441,0.04984,0.05364,0.04848,0.05056,0.049961,0.05044,0.05188,0.05004,0.05028,0.05052,0.049921,0.052,0.04992,0.05324,0.09192]",,,,,,,,,32,4,2048,768,151936,True,True,False,1983,3,50,2,2048,768,generic,generic,,,CUDA_EVENT,BF16,none
,,,,,,,,,,,,,,,,0.09291999787092209,0.22147999703884125,0.10801937997341156,0.10200049728155136,0.02337418720149513,50,3,"[0.234481,0.10736,0.107321,0.11436,0.10616,0.10452,0.10328,0.10288,0.10256,0.102641,0.097641,0.100481,0.10168,0.09988,0.10008,0.09964,0.10108,0.10116,0.10124,0.11824,0.11952,0.10708,0.10236,0.102001,0.12624,0.10196,0.10528,0.10668,0.10324,0.1018,0.10092,0.10104,0.10336,0.101321,0.103281,0.101001,0.22148,0.10456,0.10332,0.10196,0.10208,0.10144,0.10164,0.102,0.101401,0.101841,0.09292,0.10236,0.10096,0.10236,0.10108,0.09764,0.21732]",0.09715999662876129,0.2218409925699234,0.1089618195593357,0.10303999856114388,0.024304627821316184,50,3,"[0.11716,0.108601,0.1052,0.1078,0.1092,0.10484,0.10436,0.104321,0.101161,0.10224,0.10668,0.09732,0.10028,0.10032,0.09924,0.10292,0.09932,0.09716,0.10044,0.221841,0.11024,0.106641,0.106161,0.1052,0.1072,0.1062,0.10212,0.09824,0.1072,0.09884,0.09868,0.101481,0.105441,0.09992,0.1018,0.10056,0.171641,0.1064,0.10776,0.10312,0.10496,0.10996,0.104321,0.102481,0.1066,0.09992,0.10296,0.09924,0.09872,0.1008,0.09716,0.10468,0.212001]",0.04887999966740608,0.10143999755382538,0.05317207984626293,0.05057999864220619,0.00980404107207022,50,3,"[0.1326,0.05176,0.05144,0.05344,0.05152,0.05224,0.051041,0.05116,0.05368,0.04956,0.04992,0.04988,0.04964,0.05368,0.04968,0.05148,0.04888,0.05004,0.0502,0.09864,0.052121,0.05012,0.0546,0.04948,0.05128,0.05048,0.05024,0.05084,0.05052,0.050161,0.055,0.049,0.05148,0.04952,0.04996,0.05392,0.06156,0.05048,0.049,0.05344,0.04972,0.050681,0.0494,0.05116,0.05144,0.04984,0.05064,0.05,0.05036,0.05416,0.05016,0.05172,0.10144]",,,,,,,,,32,4,2048,768,151936,True,True,False,1982,3,50,2,2048,768,generic,generic,,,CUDA_EVENT,BF16,none
,,,,,,,,,,,,,,,,0.09359999746084213,0.2284799963235855,0.10869612023234368,0.10238050296902657,0.02287433279356923,50,3,"[0.225801,0.11052,0.10372,0.12048,0.10492,0.10456,0.10096,0.09984,0.103,0.10212,0.10264,0.10032,0.105841,0.101161,0.10132,0.10104,0.10012,0.0936,0.10112,0.11816,0.1266,0.10824,0.10328,0.10308,0.144401,0.10272,0.10132,0.10204,0.10276,0.10344,0.09988,0.09872,0.10184,0.10224,0.10408,0.10004,0.22848,0.102521,0.1064,0.10152,0.10184,0.10268,0.1032,0.10628,0.10084,0.10296,0.102161,0.101521,0.10752,0.1014,0.1014,0.1006,0.1976]",0.09784000366926193,0.24764099717140198,0.10914266005158424,0.1021609976887703,0.025223794026145153,50,3,"[0.11644,0.107241,0.107721,0.10824,0.10748,0.10812,0.10352,0.10588,0.09948,0.102001,0.102521,0.102321,0.10076,0.0994,0.099,0.1012,0.09912,0.10156,0.0982,0.18004,0.111,0.10688,0.106201,0.105601,0.1086,0.10604,0.10392,0.1018,0.10012,0.10176,0.09892,0.09908,0.0998,0.100601,0.100201,0.099161,0.181161,0.10668,0.11456,0.10468,0.104,0.11344,0.10716,0.102921,0.101681,0.099001,0.10404,0.10088,0.10096,0.10044,0.10152,0.09784,0.247641]",0.04876000061631203,0.09704100340604782,0.052390520051121714,0.050119999796152115,0.00913566092643277,50,3,"[0.13244,0.0522,0.05656,0.05184,0.05128,0.05408,0.0506,0.050961,0.050121,0.04984,0.0502,0.04924,0.05008,0.04904,0.05004,0.05376,0.04932,0.05076,0.04948,0.097041,0.05228,0.051121,0.05012,0.05004,0.0508,0.04956,0.0506,0.05012,0.04936,0.04992,0.04952,0.049721,0.05012,0.04932,0.04876,0.04924,0.0568,0.05204,0.05056,0.04992,0.04996,0.05044,0.049961,0.05136,0.04952,0.05024,0.05036,0.05,0.05036,0.04988,0.04952,0.05424,0.09608]",,,,,,,,,32,4,2048,768,151936,True,True,False,1981,3,50,2,2048,768,generic,generic,,,CUDA_EVENT,BF16,none
,,,,,,,,,,,,,,,,0.09328000247478485,0.20984099805355072,0.10828418046236038,0.1023005023598671,0.021654271165600054,50,3,"[0.23532,0.11756,0.103,0.11812,0.110081,0.10392,0.10256,0.10248,0.10364,0.1036,0.10108,0.10164,0.10064,0.102081,0.094401,0.099321,0.1004,0.1006,0.10192,0.13104,0.12208,0.10344,0.1014,0.10412,0.121881,0.103761,0.1038,0.10156,0.10312,0.10184,0.1014,0.09328,0.10196,0.10196,0.10052,0.102121,0.20936,0.10828,0.10184,0.10392,0.10948,0.10428,0.10412,0.1028,0.102561,0.10444,0.10116,0.10136,0.102,0.10004,0.10212,0.10084,0.209841]",0.09787999838590622,0.21252000331878662,0.10922417938709258,0.10300000011920929,0.023805060963856678,50,3,"[0.117441,0.10852,0.10264,0.110401,0.10644,0.10264,0.10312,0.10628,0.10076,0.10196,0.10172,0.101321,0.108521,0.10036,0.09952,0.09788,0.10032,0.10408,0.10012,0.20004,0.10844,0.10896,0.10464,0.106161,0.10536,0.1036,0.10592,0.10184,0.10288,0.10312,0.10156,0.10088,0.0996,0.098521,0.100681,0.1014,0.194281,0.10756,0.10404,0.10364,0.10688,0.10612,0.105001,0.113281,0.1046,0.1008,0.10204,0.09888,0.10172,0.10008,0.09964,0.10108,0.21252]",0.04904000088572502,0.10900100320577621,0.05307770028710365,0.05058000050485134,0.010383221906625502,50,3,"[0.13252,0.0524,0.05084,0.05272,0.05184,0.05104,0.05112,0.0528,0.05084,0.05028,0.052321,0.0498,0.05108,0.05028,0.04952,0.05372,0.04972,0.04904,0.04952,0.109001,0.05176,0.0506,0.0494,0.05012,0.05128,0.05104,0.05128,0.0512,0.05076,0.05504,0.05024,0.050121,0.0496,0.05,0.05012,0.0502,0.0568,0.05164,0.05656,0.0496,0.05072,0.050161,0.04992,0.05056,0.05,0.04988,0.05384,0.05008,0.05092,0.04964,0.04916,0.050161,0.09684]",,,,,,,,,32,4,2048,768,151936,True,True,False,1980,3,50,2,2048,768,generic,generic,,,CUDA_EVENT,BF16,none
,,,,,,,,,,,,,,,,0.10096000134944916,0.21887999773025513,0.10949780002236366,0.10338050127029419,0.021841362255352697,50,3,"[0.238921,0.108241,0.10404,0.11868,0.10884,0.104,0.10488,0.103361,0.103321,0.1076,0.10116,0.10188,0.10248,0.10296,0.10536,0.10292,0.1016,0.10152,0.10136,0.135481,0.122641,0.10288,0.10604,0.11108,0.1252,0.10364,0.10532,0.1028,0.104081,0.101601,0.10156,0.10452,0.10164,0.1036,0.1016,0.10132,0.21888,0.10428,0.105521,0.103161,0.10412,0.10396,0.1034,0.10196,0.10212,0.10396,0.1024,0.103641,0.101281,0.10284,0.10168,0.10096,0.2038]",0.09495999664068222,0.21632100641727448,0.10892340019345284,0.10186000168323517,0.02428142962709277,50,3,"[0.11568,0.11704,0.10456,0.10992,0.10896,0.104001,0.101401,0.1004,0.10292,0.10124,0.09832,0.1012,0.10272,0.10072,0.09876,0.1014,0.098601,0.099841,0.097881,0.19064,0.1112,0.10396,0.10704,0.10104,0.10528,0.10604,0.113801,0.103281,0.10476,0.10192,0.10032,0.10168,0.09872,0.09972,0.09776,0.09496,0.203,0.109001,0.10444,0.10468,0.10892,0.10612,0.1042,0.10604,0.1018,0.10096,0.100561,0.09908,0.10736,0.10032,0.10156,0.1014,0.216321]",0.04879999905824661,0.10843999683856964,0.05256489992141724,0.050280001014471054,0.009656163415435414,50,3,"[0.134,0.0532,0.05104,0.05252,0.051881,0.05164,0.05028,0.0502,0.05,0.05024,0.05,0.04944,0.0512,0.04952,0.04972,0.049561,0.05016,0.05096,0.04984,0.10844,0.05216,0.05456,0.05016,0.0496,0.0512,0.0508,0.05232,0.05036,0.05136,0.0492,0.0502,0.04976,0.0488,0.05028,0.05084,0.049841,0.055801,0.05172,0.04984,0.05076,0.05068,0.04948,0.05052,0.05124,0.050561,0.04996,0.04988,0.04996,0.0504,0.05,0.05,0.05196,0.08844]",,,,,,,,,32,4,2048,768,151936,True,True,False,1979,3,50,2,2048,768,generic,generic,,,CUDA_EVENT,BF16,none
,,,,,,,,,,,,,,,,0.09752000123262405,0.21051999926567078,0.10806018024682999,0.10263999924063683,0.02088898732916508,50,3,"[0.226241,0.111601,0.10392,0.11972,0.10716,0.10384,0.09928,0.10396,0.1036,0.10364,0.101921,0.10308,0.10088,0.10004,0.10176,0.10132,0.102441,0.100601,0.10172,0.1128,0.1196,0.10296,0.1036,0.0992,0.12448,0.10344,0.100961,0.10244,0.10376,0.1018,0.1036,0.10272,0.101281,0.10216,0.10132,0.10104,0.21052,0.11388,0.103441,0.10272,0.10224,0.1032,0.10368,0.102441,0.10256,0.09752,0.10076,0.1036,0.101281,0.100801,0.10752,0.101,0.20372]",0.09616000205278397,0.26152101159095764,0.10972900047898293,0.10285999998450279,0.02771695940569161,50,3,"[0.11768,0.1076,0.10584,0.10864,0.110681,0.10196,0.10484,0.10172,0.10184,0.110161,0.10124,0.10396,0.0998,0.10032,0.10304,0.098801,0.10204,0.09928,0.10008,0.261521,0.11148,0.105241,0.10396,0.10524,0.1062,0.103481,0.1076,0.10136,0.103,0.09816,0.09896,0.102521,0.1024,0.10296,0.09872,0.09888,0.16872,0.112601,0.10552,0.10148,0.11,0.10516,0.106121,0.1062,0.10272,0.10328,0.10088,0.100521,0.10276,0.09616,0.1004,0.09808,0.20576]",0.04659999907016754,0.11860000342130661,0.053202480003237726,0.05045999959111214,0.01220676462109776,50,3,"[0.13332,0.0528,0.05072,0.05236,0.05196,0.05044,0.0506,0.0504,0.04968,0.05052,0.04984,0.05088,0.052,0.04928,0.049641,0.04956,0.04908,0.04916,0.04932,0.1186,0.05228,0.0466,0.04972,0.05,0.05072,0.04976,0.05224,0.0506,0.05048,0.05572,0.049881,0.05008,0.049,0.04956,0.05108,0.04904,0.054921,0.05312,0.04944,0.04964,0.05184,0.050601,0.0504,0.056,0.04988,0.05116,0.05056,0.04964,0.053,0.04972,0.0506,0.05404,0.10548]",,,,,,,,,32,4,2048,768,151936,True,True,False,1978,3,50,2,2048,768,generic,generic,,,CUDA_EVENT,BF16,none
,,,,,,,,,,,,,,,,0.09764000028371811,0.20520000159740448,0.10835462018847465,0.10288000106811523,0.01932431034801134,50,3,"[0.22292,0.10908,0.10432,0.119921,0.10496,0.105,0.10484,0.10292,0.1034,0.1064,0.102,0.10308,0.102841,0.102001,0.10172,0.10028,0.10176,0.09988,0.10004,0.11696,0.12048,0.10376,0.10288,0.103441,0.123081,0.10248,0.10432,0.10252,0.10224,0.10288,0.10624,0.10192,0.100041,0.119641,0.10272,0.10124,0.192481,0.11016,0.10552,0.10296,0.1018,0.104321,0.103761,0.1018,0.10288,0.10324,0.10224,0.10276,0.10176,0.10112,0.09764,0.100201,0.2052]",0.09644000232219696,0.21700100600719452,0.10953464046120644,0.10318099707365036,0.026220424419433876,50,3,"[0.121481,0.10916,0.10424,0.11168,0.11412,0.10424,0.1038,0.104,0.09924,0.09752,0.100841,0.098721,0.10072,0.10084,0.10552,0.09824,0.10084,0.10384,0.09948,0.217001,0.10832,0.104881,0.106921,0.10244,0.1058,0.10624,0.101,0.10508,0.1052,0.10188,0.101801,0.103401,0.09896,0.10232,0.09752,0.10088,0.21052,0.10776,0.10456,0.103961,0.106441,0.10728,0.10508,0.10452,0.1026,0.10168,0.0988,0.10276,0.102961,0.096801,0.101841,0.09644,0.20944]",0.04907999932765961,0.11400099843740463,0.05313770025968552,0.05034000054001808,0.01104927318684717,50,3,"[0.13416,0.0546,0.050801,0.05424,0.05428,0.05016,0.05084,0.05,0.0494,0.050521,0.05084,0.05044,0.0528,0.04968,0.0506,0.04944,0.05036,0.05288,0.04936,0.09824,0.05244,0.0496,0.05,0.05116,0.0502,0.05016,0.05056,0.04996,0.050241,0.0498,0.05084,0.05284,0.05,0.05156,0.0498,0.04924,0.05696,0.05224,0.050841,0.04908,0.05104,0.04972,0.05028,0.05032,0.05004,0.05012,0.05008,0.050361,0.05524,0.0502,0.0502,0.05368,0.114001]",,,,,,,,,32,4,2048,768,151936,True,True,False,1977,3,50,2,2048,768,generic,generic,,,CUDA_EVENT,BF16,none
,,,,,,,,,,,,,,,,0.0995199978351593,0.21420100331306458,0.10884342059493064,0.10332000255584717,0.02048588970464213,50,3,"[0.22288,0.11028,0.10416,0.119801,0.10488,0.1032,0.10592,0.10224,0.1046,0.1036,0.10276,0.10048,0.101361,0.101721,0.10192,0.10104,0.09952,0.10344,0.10176,0.12012,0.1342,0.1036,0.10288,0.103441,0.12548,0.10304,0.10372,0.10464,0.10372,0.10128,0.10084,0.105841,0.100961,0.103081,0.10084,0.102,0.214201,0.11144,0.10464,0.1046,0.1014,0.103521,0.10368,0.10188,0.102,0.10696,0.10428,0.10192,0.10204,0.10004,0.107401,0.101441,0.1928]",0.09403999894857407,0.2290399968624115,0.10844902023673057,0.10308000072836876,0.024391653181796844,50,3,"[0.124201,0.11592,0.106,0.11004,0.11148,0.10416,0.1032,0.10172,0.101,0.10628,0.100921,0.104441,0.09912,0.09968,0.10264,0.10036,0.09916,0.09976,0.10036,0.192881,0.10908,0.105481,0.105121,0.10668,0.10372,0.10884,0.10616,0.10216,0.10484,0.097841,0.099801,0.09404,0.09848,0.1006,0.09808,0.0972,0.1838,0.10712,0.10368,0.103641,0.108361,0.10516,0.106,0.10348,0.10388,0.10296,0.09588,0.09796,0.101721,0.096121,0.09844,0.09988,0.22904]",0.04732000082731247,0.10384099930524826,0.05253848001360893,0.05032000131905079,0.009525023441886061,50,3,"[0.12948,0.05364,0.051241,0.05232,0.05312,0.05116,0.05084,0.05368,0.050561,0.05088,0.0502,0.04972,0.05072,0.0492,0.05012,0.0496,0.05012,0.04732,0.0496,0.0924,0.052241,0.0504,0.04904,0.05036,0.05052,0.04976,0.0536,0.0512,0.051,0.04916,0.04944,0.0506,0.04888,0.04912,0.04992,0.0492,0.0556,0.05228,0.049441,0.0502,0.05076,0.05012,0.05028,0.0566,0.05088,0.04904,0.04988,0.04916,0.05244,0.04908,0.04924,0.05208,0.103841]",,,,,,,,,32,4,2048,768,151936,True,True,False,1976,3,50,2,2048,768,generic,generic,,,CUDA_EVENT,BF16,none
,,,,,,,,,,,,,,,,0.09707999974489212,0.21580000221729279,0.10982260003685951,0.10354049876332283,0.02168593003626506,50,3,"[0.22244,0.10916,0.10488,0.12004,0.10544,0.104001,0.107561,0.10428,0.10356,0.10932,0.10304,0.10396,0.102,0.10204,0.1058,0.10164,0.10384,0.102601,0.101761,0.1308,0.13496,0.10444,0.10336,0.10848,0.129,0.10388,0.103521,0.102801,0.10432,0.10064,0.10208,0.1018,0.1024,0.1036,0.1022,0.10216,0.2158,0.1106,0.104321,0.102561,0.10448,0.10328,0.10424,0.1032,0.1052,0.10288,0.10276,0.10352,0.102441,0.102441,0.09708,0.1014,0.2036]",0.09567999839782715,0.2176000028848648,0.10799135997891426,0.10188000276684761,0.024039644523474325,50,3,"[0.11956,0.11264,0.10424,0.10788,0.104641,0.10468,0.09944,0.10032,0.10248,0.09568,0.10012,0.09972,0.10208,0.09696,0.102681,0.099441,0.10112,0.09632,0.09996,0.2176,0.1098,0.10612,0.1062,0.10836,0.105441,0.105641,0.10828,0.1006,0.10348,0.09792,0.09908,0.10168,0.09876,0.10416,0.0982,0.09776,0.20128,0.109161,0.10408,0.10164,0.10476,0.10552,0.10336,0.10368,0.10112,0.10252,0.098961,0.100681,0.1002,0.098,0.10008,0.097,0.18492]",0.04504000023007393,0.11032000184059143,0.05251209996640682,0.05030000023543835,0.009590504894648008,50,3,"[0.132801,0.05832,0.05144,0.05268,0.05172,0.05032,0.0508,0.05032,0.04992,0.0506,0.05036,0.04984,0.053961,0.04988,0.04952,0.05,0.04956,0.051,0.04952,0.11032,0.05308,0.05324,0.05012,0.049921,0.0506,0.04992,0.05224,0.05084,0.05048,0.04952,0.04928,0.05036,0.04884,0.04888,0.050521,0.05004,0.057761,0.0528,0.04944,0.04976,0.05064,0.05088,0.04968,0.04504,0.050201,0.05028,0.05016,0.05008,0.05452,0.04972,0.04984,0.0536,0.083]",,,,,,,,,32,4,2048,768,151936,True,True,False,1975,3,50,2,2048,768,generic,generic,,,CUDA_EVENT,BF16,none
,,,,,,,,,,,,,,,,0.10051999986171722,0.25995999574661255,0.10998737990856171,0.1025409996509552,0.026751548725531628,50,3,"[0.22788,0.10628,0.10292,0.12648,0.10476,0.103241,0.102161,0.1024,0.10304,0.10236,0.10252,0.10068,0.1022,0.10368,0.1014,0.10108,0.10088,0.100761,0.102521,0.13048,0.12336,0.10468,0.10364,0.10148,0.12496,0.10412,0.102401,0.102281,0.10448,0.10312,0.1008,0.10104,0.10224,0.10052,0.1012,0.10332,0.25996,0.10816,0.102201,0.10528,0.10332,0.10388,0.11048,0.10272,0.10276,0.1084,0.10116,0.102041,0.102561,0.10132,0.10148,0.10056,0.2088]",0.09608100354671478,0.2396010011434555,0.10815937966108322,0.1024399995803833,0.023612758432776874,50,3,"[0.11764,0.10816,0.1024,0.108921,0.106641,0.1042,0.10928,0.10088,0.10284,0.10084,0.10128,0.10492,0.09988,0.10188,0.096081,0.100481,0.10124,0.09812,0.09776,0.18992,0.11696,0.10472,0.10368,0.10652,0.10568,0.105041,0.10308,0.10356,0.1018,0.1004,0.09916,0.10104,0.09776,0.10248,0.0992,0.09708,0.1492,0.113481,0.1028,0.1038,0.10728,0.11144,0.10492,0.10384,0.1024,0.099201,0.099121,0.09996,0.09872,0.10028,0.10176,0.09684,0.239601]",0.04811999946832657,0.11851999908685684,0.05323365978896618,0.05017999932169914,0.012515658337055084,50,3,"[0.13656,0.05164,0.0504,0.05268,0.05076,0.04992,0.05144,0.05016,0.04988,0.04812,0.04964,0.051,0.050241,0.05064,0.04932,0.04948,0.05088,0.04876,0.04956,0.11852,0.0522,0.04936,0.0494,0.05448,0.05016,0.0498,0.05064,0.0496,0.05192,0.04996,0.04964,0.05404,0.04956,0.04996,0.04952,0.049241,0.05484,0.0544,0.04976,0.05012,0.0548,0.05028,0.05156,0.049601,0.0502,0.0514,0.04976,0.05076,0.05052,0.05004,0.0512,0.05268,0.10928]",,,,,,,,,32,4,2048,768,151936,True,True,False,1974,3,50,2,2048,768,generic,generic,,,CUDA_EVENT,BF16,none
,,,,,,,,,,,,,,,,0.09995999932289124,0.21940000355243683,0.10893620058894157,0.10270000249147415,0.020965607096359057,50,3,"[0.22516,0.10848,0.10428,0.121241,0.10572,0.10392,0.10388,0.10492,0.1034,0.099961,0.10176,0.10456,0.102,0.1018,0.1018,0.102041,0.10264,0.10036,0.10252,0.1208,0.12328,0.104841,0.1022,0.10632,0.12688,0.10464,0.101761,0.10276,0.10892,0.10244,0.1036,0.10116,0.103801,0.102481,0.102,0.10188,0.2194,0.10836,0.104281,0.10328,0.10208,0.105,0.10276,0.101121,0.10096,0.11756,0.1018,0.10084,0.1018,0.100641,0.10124,0.09996,0.19344]",0.09787999838590622,0.22736099362373352,0.10985302001237869,0.10331999883055687,0.02671721030289964,50,3,"[0.12392,0.10684,0.10508,0.10956,0.1114,0.10436,0.10268,0.100001,0.101241,0.10564,0.0986,0.10408,0.10044,0.10268,0.100281,0.09788,0.10224,0.10252,0.0996,0.220761,0.109561,0.10528,0.10516,0.10236,0.10504,0.104201,0.10396,0.10488,0.10208,0.1008,0.1006,0.107041,0.09876,0.09916,0.09868,0.10004,0.19332,0.106681,0.10628,0.1056,0.11076,0.10488,0.106081,0.10836,0.10456,0.10084,0.09984,0.09976,0.105001,0.10264,0.09984,0.09928,0.227361]",0.04864000156521797,0.10316000133752823,0.05299688011407852,0.0504004992544651,0.009628495689641066,50,3,"[0.134881,0.05184,0.0508,0.05284,0.05632,0.05044,0.05312,0.05108,0.04988,0.05084,0.04968,0.0502,0.04944,0.0496,0.05156,0.05008,0.0496,0.04908,0.04932,0.10316,0.05396,0.05124,0.05008,0.05088,0.050561,0.05004,0.05584,0.05076,0.05064,0.05012,0.050201,0.05256,0.04972,0.0512,0.04964,0.04964,0.056961,0.0514,0.05448,0.04864,0.05172,0.050361,0.04988,0.05492,0.05128,0.05028,0.0498,0.0498,0.0524,0.04996,0.05,0.04964,0.095]",,,,,,,,,32,4,2048,768,151936,True,True,False,1973,3,50,2,2048,768,generic,generic,,,CUDA_EVENT,BF16,none
,,,,,,,,,,,,,,,,0.0989999994635582,0.19752100110054016,0.10800261974334717,0.10262000188231468,0.019195954419794416,50,3,"[0.21968,0.10776,0.1034,0.11592,0.105521,0.1028,0.10348,0.103,0.10324,0.10264,0.10164,0.102801,0.1026,0.10228,0.10168,0.10188,0.10108,0.099881,0.100921,0.12264,0.13112,0.10296,0.10156,0.108401,0.12584,0.10384,0.1016,0.1042,0.102801,0.102401,0.1016,0.10088,0.10144,0.099,0.1018,0.102121,0.19608,0.10988,0.10316,0.10284,0.10096,0.101721,0.10392,0.10276,0.10148,0.10848,0.10124,0.103321,0.0998,0.10088,0.10012,0.1004,0.197521]",0.09616100043058395,0.24400000274181366,0.10869940131902694,0.10238000005483627,0.027783769695798193,50,3,"[0.11848,0.11516,0.10192,0.106761,0.10508,0.10304,0.10272,0.10124,0.10252,0.102681,0.10188,0.10328,0.09832,0.09864,0.10244,0.09972,0.099361,0.0996,0.10044,0.18848,0.10864,0.10468,0.105401,0.10152,0.1058,0.10092,0.10384,0.102241,0.10112,0.1024,0.09796,0.10264,0.10236,0.10256,0.096161,0.09808,0.215201,0.10716,0.10216,0.10444,0.102801,0.1044,0.10392,0.1048,0.10084,0.097961,0.097161,0.10196,0.0964,0.09984,0.10232,0.09708,0.244]",0.048840999603271484,0.10491999983787537,0.05226251982152462,0.049959998577833176,0.00934979955532044,50,3,"[0.129361,0.05552,0.05,0.05132,0.05248,0.04936,0.05052,0.04996,0.050561,0.05144,0.05088,0.05044,0.04968,0.04948,0.05056,0.049041,0.04928,0.04908,0.04968,0.088201,0.0558,0.04904,0.04992,0.05152,0.05016,0.0496,0.052561,0.0514,0.04996,0.04892,0.04908,0.05552,0.04968,0.04916,0.05,0.04888,0.0568,0.05188,0.04908,0.04932,0.05036,0.05052,0.04984,0.0498,0.049641,0.05056,0.04908,0.05024,0.04912,0.0492,0.05076,0.048841,0.10492]",,,,,,,,,32,4,2048,768,151936,True,True,False,1972,3,50,2,2048,768,generic,generic,,,CUDA_EVENT,BF16,none
,,,,,,,,,,,,,,,,0.10068000108003616,0.22840000689029694,0.10909706011414527,0.10290000215172768,0.021186009620884176,50,3,"[0.22148,0.110481,0.10412,0.12712,0.10652,0.102801,0.10428,0.1048,0.10208,0.10288,0.1022,0.104281,0.102281,0.1044,0.10084,0.102,0.10068,0.10136,0.102921,0.113401,0.129001,0.10284,0.10512,0.10376,0.125361,0.10832,0.10232,0.10532,0.10568,0.10376,0.102361,0.102281,0.10308,0.10252,0.101,0.10108,0.2284,0.108401,0.10268,0.10216,0.10272,0.10432,0.10984,0.103801,0.10216,0.10292,0.10104,0.10276,0.10148,0.101241,0.107081,0.10152,0.18368]",0.09375999867916107,0.21472099423408508,0.10817379981279374,0.1031000018119812,0.022503306078610227,50,3,"[0.11844,0.1066,0.10124,0.10796,0.110081,0.10304,0.10836,0.09932,0.09996,0.09976,0.098241,0.10408,0.10036,0.10092,0.0986,0.09936,0.10168,0.097401,0.0984,0.1806,0.11236,0.10516,0.1058,0.108281,0.10476,0.10304,0.10352,0.10112,0.10344,0.104561,0.10036,0.09972,0.10228,0.10612,0.09828,0.1002,0.188641,0.11276,0.10576,0.10352,0.10944,0.105201,0.106321,0.10316,0.1038,0.10368,0.09692,0.0988,0.098361,0.09816,0.09376,0.09856,0.214721]",0.04623999819159508,0.10068000108003616,0.05242647983133793,0.05013999901711941,0.009915187639615877,50,3,"[0.135041,0.05188,0.05084,0.05236,0.05144,0.04956,0.05152,0.0506,0.04948,0.0468,0.04928,0.05116,0.04984,0.05012,0.04624,0.04956,0.050201,0.04936,0.04892,0.10068,0.0514,0.05084,0.049841,0.05608,0.0506,0.04988,0.04956,0.05232,0.048761,0.04948,0.04984,0.05048,0.04992,0.0504,0.0504,0.049441,0.05656,0.052,0.05004,0.0504,0.05552,0.05068,0.05004,0.04944,0.04976,0.0506,0.04892,0.05016,0.0506,0.04992,0.0512,0.0494,0.09972]",,,,,,,,,32,4,2048,768,151936,True,True,False,1971,3,50,2,2048,768,generic,generic,,,CUDA_EVENT,BF16,none
,,,,,,,,,,,,,,,,0.09963999688625336,0.22436000406742096,0.10882259964942932,0.10260000079870224,0.021678117976536557,50,3,"[0.22508,0.10784,0.10432,0.11848,0.104801,0.10416,0.1038,0.10192,0.10256,0.10112,0.1012,0.102841,0.101881,0.1038,0.10264,0.10224,0.10668,0.09964,0.10216,0.135161,0.119961,0.10476,0.10252,0.10136,0.12592,0.10568,0.10216,0.100161,0.10348,0.10204,0.10292,0.10136,0.1014,0.105,0.101,0.102281,0.22436,0.10448,0.10368,0.10428,0.10132,0.10236,0.107681,0.10084,0.10172,0.10304,0.10136,0.10672,0.10128,0.104161,0.101281,0.10172,0.19376]",0.09796000272035599,0.21508100628852844,0.10940981984138488,0.10281999781727791,0.025362862320447262,50,3,"[0.117841,0.10736,0.1058,0.106281,0.10672,0.1042,0.105,0.09936,0.10116,0.1016,0.100401,0.11128,0.1054,0.09964,0.10076,0.09912,0.1012,0.09964,0.098921,0.20584,0.1162,0.10372,0.10364,0.10448,0.10576,0.102401,0.10392,0.1006,0.11232,0.10104,0.09924,0.101,0.09984,0.103281,0.099761,0.09796,0.204481,0.11356,0.10524,0.10256,0.104361,0.104361,0.10608,0.10432,0.09972,0.1082,0.0988,0.10244,0.098121,0.10028,0.10308,0.09812,0.215081]",0.04907999932765961,0.1042800024151802,0.052728100046515465,0.05023999884724617,0.009509485390878357,50,3,"[0.13396,0.05184,0.05028,0.05156,0.04996,0.04984,0.0508,0.05068,0.049841,0.05448,0.0496,0.05088,0.0504,0.05004,0.054,0.05028,0.050361,0.0494,0.0498,0.10428,0.05292,0.04992,0.05,0.05008,0.050561,0.05024,0.04908,0.05,0.05092,0.04944,0.04988,0.04932,0.049321,0.05064,0.04928,0.04908,0.0568,0.05536,0.05024,0.050081,0.05488,0.05012,0.0508,0.04948,0.05092,0.05528,0.0494,0.05132,0.04976,0.05088,0.05312,0.04924,0.09184]",,,,,,,,,32,4,2048,768,151936,True,True,False,1970,3,50,2,2048,768,generic,generic,,,CUDA_EVENT,BF16,none
,,,,,,,,,,,,,,,,0.09920000284910202,0.2386000007390976,0.10908976033329963,0.1026809997856617,0.02394114191767121,50,3,"[0.220361,0.1106,0.10512,0.12372,0.10468,0.10392,0.1038,0.10292,0.104641,0.10196,0.10256,0.10656,0.10352,0.10316,0.10076,0.10232,0.099841,0.10056,0.10172,0.12208,0.12436,0.10404,0.10284,0.102761,0.13004,0.10328,0.10256,0.1024,0.10188,0.102601,0.101161,0.10252,0.101,0.1032,0.10028,0.10028,0.2386,0.10424,0.103801,0.10448,0.10316,0.10636,0.10388,0.10192,0.102081,0.1026,0.10104,0.10256,0.0996,0.10208,0.10184,0.0992,0.203121]",0.0960410013794899,0.21427999436855316,0.10994580060243607,0.10316000133752823,0.025148795725584358,50,3,"[0.1172,0.105801,0.10552,0.11148,0.10676,0.10204,0.111001,0.100881,0.10108,0.10004,0.10364,0.10072,0.10052,0.1022,0.099641,0.10076,0.10952,0.10112,0.10212,0.21428,0.11552,0.10448,0.105121,0.10896,0.1074,0.10592,0.10384,0.1036,0.105201,0.10428,0.09788,0.1022,0.10104,0.103,0.09996,0.09864,0.204921,0.11804,0.10476,0.1026,0.10332,0.1056,0.106201,0.104561,0.10232,0.10668,0.0986,0.09936,0.10288,0.09968,0.102041,0.096041,0.20484]",0.04907999932765961,0.10976099967956543,0.05289611987769604,0.05049999989569187,0.010170785880470785,50,3,"[0.13868,0.05288,0.0516,0.05324,0.0514,0.050201,0.0522,0.0514,0.05072,0.05052,0.05048,0.05168,0.04996,0.050521,0.05004,0.05104,0.051,0.04984,0.04984,0.093441,0.05276,0.05064,0.05072,0.05512,0.05088,0.05008,0.04988,0.05096,0.0504,0.05096,0.0498,0.05032,0.04988,0.0494,0.04948,0.049961,0.05636,0.05196,0.05,0.051,0.0536,0.05004,0.05008,0.04964,0.05036,0.05156,0.05004,0.04976,0.05268,0.050361,0.04976,0.04908,0.109761]",,,,,,,,,32,4,2048,768,151936,True,True,False,1969,3,50,2,2048,768,generic,generic,,,CUDA_EVENT,BF16,none
,,,,,,,,,,,,,,,,0.09967999905347824,0.2154410034418106,0.10887455984950066,0.10255999863147736,0.022209975648192985,50,3,"[0.220681,0.106361,0.104161,0.12384,0.10564,0.10384,0.10252,0.101921,0.103001,0.10332,0.1016,0.10728,0.10228,0.10288,0.102,0.1018,0.10528,0.10132,0.101761,0.117601,0.13404,0.10424,0.10224,0.10096,0.12456,0.10464,0.101401,0.100761,0.10412,0.10168,0.09968,0.1026,0.10232,0.1008,0.101,0.10024,0.2102,0.11068,0.10324,0.1038,0.102,0.1024,0.10476,0.10104,0.101441,0.10272,0.10004,0.10288,0.10096,0.10356,0.10436,0.10104,0.215441]",0.09516000002622604,0.22256000339984894,0.10883537992835045,0.10249999910593033,0.026363509546971815,50,3,"[0.11864,0.10728,0.10348,0.108,0.10612,0.10368,0.104361,0.10136,0.10276,0.10224,0.09904,0.1024,0.09992,0.10048,0.10324,0.09908,0.101161,0.10144,0.10096,0.19,0.10956,0.10576,0.10364,0.10296,0.107001,0.104321,0.10252,0.10276,0.10988,0.10216,0.09844,0.10148,0.10132,0.10244,0.099481,0.102561,0.221681,0.10644,0.10592,0.10248,0.10352,0.10248,0.105081,0.103481,0.10268,0.0972,0.09824,0.09736,0.09712,0.09684,0.101,0.09516,0.22256]",0.04904000088572502,0.09523999691009521,0.05261529982089996,0.05048049986362457,0.008123108502016325,50,3,"[0.13196,0.05456,0.05048,0.05284,0.0556,0.05,0.05156,0.0494,0.05056,0.05268,0.0502,0.0514,0.05008,0.05004,0.054881,0.05052,0.05,0.04976,0.05048,0.09524,0.05344,0.04972,0.04952,0.050481,0.05096,0.05032,0.05148,0.05044,0.05088,0.05008,0.05008,0.04976,0.050161,0.05244,0.05028,0.04996,0.05692,0.05236,0.05024,0.04968,0.0524,0.050601,0.04996,0.04956,0.0508,0.05156,0.04904,0.05052,0.05496,0.04932,0.051,0.049121,0.08748]",,,,,,,,,32,4,2048,768,151936,True,True,False,1968,3,50,2,2048,768,generic,generic,,,CUDA_EVENT,BF16,none
,,,,,,,,,,,,,,,,0.10040000081062317,0.2356400042772293,0.1095793803036213,0.10322000086307526,0.02347786274891095,50,3,"[0.22436,0.110601,0.1048,0.11508,0.10644,0.104,0.1092,0.102921,0.10488,0.10348,0.10272,0.1022,0.10184,0.10324,0.10228,0.1018,0.10276,0.101801,0.103481,0.12128,0.12392,0.10456,0.10272,0.10384,0.12716,0.111361,0.102321,0.10304,0.10268,0.10224,0.10328,0.1024,0.10292,0.10328,0.10144,0.102561,0.23564,0.1058,0.10608,0.10148,0.1032,0.10236,0.1004,0.104961,0.103881,0.10396,0.10188,0.10456,0.1032,0.10232,0.10328,0.1016,0.205241]",0.09320099651813507,0.23160000145435333,0.10845140025019645,0.1019200012087822,0.0274085439411016,50,3,"[0.12096,0.10736,0.10212,0.10776,0.10572,0.102241,0.094601,0.1016,0.10072,0.096,0.09924,0.1124,0.09996,0.09764,0.09884,0.099561,0.104241,0.09876,0.09784,0.1868,0.1146,0.10416,0.10192,0.10292,0.105481,0.10304,0.10384,0.10132,0.1036,0.10116,0.09608,0.09884,0.09776,0.102401,0.098801,0.09924,0.223441,0.11372,0.10332,0.10352,0.10356,0.10308,0.102441,0.10592,0.10192,0.1048,0.09644,0.10068,0.09956,0.0984,0.09788,0.093201,0.2316]",0.04896000027656555,0.11744000017642975,0.053068099990487096,0.050680000334978104,0.010909116113118322,50,3,"[0.141641,0.0524,0.05092,0.05232,0.051361,0.05068,0.05096,0.0506,0.05076,0.05252,0.05068,0.05116,0.05,0.050281,0.04928,0.04956,0.0502,0.05076,0.05,0.11744,0.05544,0.05108,0.0498,0.053721,0.05052,0.05044,0.04984,0.0508,0.05072,0.0506,0.05012,0.04992,0.049961,0.05204,0.05004,0.0494,0.05696,0.05364,0.05044,0.04964,0.05188,0.05128,0.0508,0.04948,0.05072,0.05288,0.0498,0.05056,0.05068,0.049481,0.05172,0.04896,0.09148]",,,,,,,,,32,4,2048,768,151936,True,True,False,1967,3,50,2,2048,768,generic,generic,,,CUDA_EVENT,BF16,none
,,,,,,,,,,,,,,,,0.09808000177145004,0.21400000154972076,0.10871537953615189,0.10261999815702438,0.021235149893619486,50,3,"[0.22344,0.109,0.104,0.12484,0.102041,0.103,0.10268,0.10128,0.10476,0.1032,0.10364,0.10508,0.10236,0.10324,0.102201,0.101561,0.10308,0.10188,0.09808,0.1288,0.12948,0.10372,0.10268,0.10252,0.126801,0.10616,0.10104,0.10156,0.10212,0.10428,0.10316,0.101,0.10252,0.10244,0.100401,0.102001,0.214,0.10428,0.10336,0.10452,0.10216,0.10356,0.10228,0.1022,0.102441,0.102921,0.10148,0.10356,0.10256,0.10172,0.10064,0.10076,0.199721]",0.09551999717950821,0.21692000329494476,0.10906660005450249,0.10206050053238869,0.026162740984742302,50,3,"[0.116521,0.10728,0.09944,0.107601,0.10808,0.10128,0.104,0.09936,0.10176,0.09876,0.09868,0.10016,0.100721,0.100401,0.10132,0.10052,0.10604,0.09836,0.10164,0.21392,0.11368,0.10496,0.102081,0.103841,0.10516,0.10384,0.10172,0.10264,0.10508,0.10168,0.09904,0.09552,0.098401,0.103321,0.10012,0.09812,0.203481,0.1144,0.1042,0.1022,0.10336,0.10348,0.110841,0.103201,0.10576,0.10296,0.1004,0.10136,0.09948,0.10024,0.0972,0.10204,0.21692]",0.04788000136613846,0.10292000323534012,0.052616099938750265,0.05040000006556511,0.010129581716464138,50,3,"[0.1372,0.0516,0.05092,0.05228,0.05172,0.05052,0.0518,0.05052,0.0508,0.05136,0.05032,0.050481,0.05072,0.05036,0.05488,0.0504,0.0504,0.05104,0.05012,0.10056,0.0508,0.050601,0.04968,0.05224,0.05052,0.04836,0.05136,0.04884,0.05188,0.05008,0.050001,0.04872,0.04924,0.04996,0.04936,0.04976,0.05632,0.05284,0.04944,0.05044,0.05044,0.049801,0.0502,0.04984,0.05152,0.0504,0.05024,0.04976,0.0492,0.04972,0.04788,0.050161,0.10292]",,,,,,,,,32,4,2048,768,151936,True,True,False,1966,3,50,2,2048,768,generic,generic,,,CUDA_EVENT,BF16,none
,,,,,,,,,,,,,,,,0.09904100000858307,0.2433210015296936,0.10877701953053474,0.10258049890398979,0.02453337067209958,50,3,"[0.222361,0.107841,0.105561,0.11724,0.10488,0.10396,0.10184,0.10248,0.104121,0.103921,0.1016,0.10076,0.09956,0.10572,0.10044,0.10248,0.10192,0.102,0.10388,0.11792,0.127,0.103401,0.10508,0.10128,0.1244,0.10596,0.10316,0.10224,0.10276,0.102441,0.100281,0.10064,0.1006,0.10076,0.101,0.10144,0.243321,0.10508,0.1038,0.099041,0.102481,0.10296,0.10356,0.10144,0.10296,0.10268,0.10112,0.10304,0.101641,0.102721,0.100521,0.09996,0.20536]",0.09668099880218506,0.22463999688625336,0.1097058203816414,0.10228000208735466,0.027044161449082494,50,3,"[0.11632,0.10808,0.10212,0.11112,0.1054,0.10436,0.104841,0.102121,0.1012,0.10072,0.10192,0.10192,0.10236,0.10072,0.10032,0.09852,0.10028,0.09784,0.099241,0.217961,0.108641,0.10528,0.1036,0.1038,0.10576,0.10076,0.10272,0.099801,0.101561,0.10192,0.10572,0.10288,0.09688,0.0994,0.09928,0.13688,0.19852,0.107601,0.105121,0.1034,0.10312,0.10524,0.1108,0.10196,0.10356,0.1022,0.096681,0.103521,0.09836,0.10024,0.09748,0.09712,0.22464]",0.04868000000715256,0.10648000240325928,0.052763240039348604,0.05025999993085861,0.01045488034449323,50,3,"[0.13364,0.05216,0.05084,0.05344,0.04984,0.04976,0.05128,0.05036,0.05032,0.05008,0.05052,0.0502,0.05,0.04936,0.0492,0.04948,0.050521,0.04996,0.05064,0.10012,0.04964,0.05068,0.04868,0.04944,0.05064,0.0516,0.0496,0.05108,0.05056,0.05024,0.05108,0.05028,0.04968,0.05252,0.05,0.05312,0.05724,0.05252,0.04988,0.0498,0.04924,0.05056,0.05112,0.04948,0.05068,0.053761,0.0492,0.04976,0.04988,0.05016,0.0552,0.04928,0.10648]",,,,,,,,,32,4,2048,768,151936,True,True,False,1965,3,50,2,2048,768,generic,generic,,,CUDA_EVENT,BF16,none
,,,,,,,,,,,,,,,,0.09960000216960907,0.23975999653339386,0.10910335958003997,0.1033799983561039,0.023426322128162504,50,3,"[0.2238,0.10804,0.10492,0.11396,0.10568,0.1034,0.104681,0.103121,0.10388,0.10528,0.10736,0.10208,0.10192,0.0996,0.10068,0.10364,0.10248,0.102361,0.107361,0.11496,0.12344,0.10572,0.10476,0.10224,0.12644,0.10396,0.102001,0.10344,0.10216,0.10132,0.1042,0.10228,0.10244,0.10024,0.10244,0.10528,0.23976,0.104401,0.10416,0.10448,0.10204,0.10336,0.10592,0.1022,0.10308,0.102481,0.100001,0.10492,0.10088,0.10156,0.10236,0.09976,0.199]",0.0939600020647049,0.23204100131988525,0.10914257928729057,0.10218000039458275,0.02847140041168004,50,3,"[0.11812,0.10652,0.104,0.11016,0.107161,0.104081,0.10528,0.1016,0.10284,0.1006,0.1006,0.10544,0.09908,0.1,0.09864,0.100441,0.098121,0.09856,0.10236,0.1986,0.11028,0.10412,0.10472,0.10592,0.107001,0.10436,0.10472,0.10392,0.10196,0.10156,0.09592,0.0986,0.1002,0.09396,0.09956,0.097001,0.229241,0.1078,0.10504,0.10528,0.10348,0.1032,0.1064,0.10284,0.101761,0.102,0.09672,0.09872,0.1,0.09924,0.10164,0.09436,0.232041]",0.04915999993681908,0.12275999784469604,0.05302811972796917,0.05057999864220619,0.010833418182090793,50,3,"[0.137881,0.05152,0.05068,0.053681,0.05088,0.05064,0.05116,0.05052,0.0524,0.05124,0.05148,0.0504,0.05036,0.049601,0.04916,0.04996,0.051,0.04972,0.04992,0.12276,0.0534,0.05072,0.04972,0.053921,0.05064,0.05096,0.05052,0.05028,0.05168,0.04972,0.04956,0.04944,0.0498,0.051721,0.051161,0.05016,0.05836,0.05376,0.05012,0.05092,0.05436,0.05048,0.050041,0.05028,0.05024,0.05164,0.04964,0.05108,0.0498,0.04988,0.0504,0.05296,0.07916]",,,,,,,,,32,4,2048,768,151936,True,True,False,1964,3,50,2,2048,768,generic,generic,,,CUDA_EVENT,BF16,none
,,,,,,,,,,,,,,,,0.09852000325918198,0.21408100426197052,0.10831224054098129,0.10291999951004982,0.01910542712677171,50,3,"[0.2234,0.10776,0.10532,0.1188,0.105921,0.1054,0.10336,0.10368,0.10952,0.10412,0.10348,0.102681,0.101321,0.1038,0.10096,0.10252,0.10368,0.10136,0.10232,0.13352,0.120761,0.10416,0.09852,0.1038,0.12908,0.104441,0.102561,0.10296,0.10972,0.10152,0.1046,0.10084,0.10152,0.100881,0.102481,0.10132,0.214081,0.1052,0.1046,0.10288,0.103401,0.10328,0.10208,0.10208,0.10208,0.10164,0.10152,0.100121,0.101841,0.10072,0.09976,0.1014,0.17332]",0.09564100205898285,0.24055999517440796,0.10992897927761078,0.10202000290155411,0.03123134723316729,50,3,"[0.11684,0.10544,0.10104,0.113881,0.10484,0.1038,0.10084,0.10324,0.10168,0.09936,0.099401,0.10612,0.1002,0.09992,0.0986,0.0984,0.10368,0.098,0.100041,0.24056,0.11388,0.10676,0.10276,0.10284,0.106681,0.1048,0.10532,0.10344,0.09636,0.10112,0.09936,0.096801,0.099081,0.09752,0.09692,0.09792,0.22376,0.11228,0.10612,0.100561,0.10448,0.10488,0.10364,0.10236,0.09956,0.10396,0.095641,0.09892,0.10008,0.10084,0.1068,0.09592,0.232521]",0.0472010001540184,0.094200000166893,0.052074459940195085,0.049880001693964005,0.007792648840450526,50,3,"[0.133401,0.05176,0.05024,0.0524,0.05076,0.0502,0.04956,0.04964,0.0514,0.05324,0.0502,0.05264,0.04952,0.04964,0.04976,0.04924,0.05052,0.049441,0.0492,0.0942,0.0554,0.04956,0.04944,0.047201,0.05144,0.05116,0.05076,0.04944,0.05284,0.04988,0.049881,0.05016,0.04912,0.04976,0.04948,0.04976,0.05616,0.05256,0.04988,0.04936,0.05676,0.05024,0.0498,0.049,0.05036,0.05076,0.04956,0.04948,0.0498,0.04928,0.05096,0.0494,0.08352]",,,,,,,,,32,4,2048,768,151936,True,True,False,1963,3,50,2,2048,768,generic,generic,,,CUDA_EVENT,BF16,none
,,,,,,,,,,,,,,,,0.10000000149011612,0.2335599958896637,0.10879216015338898,0.10234000161290169,0.023222942339392642,50,3,"[0.222561,0.10944,0.103921,0.11396,0.10316,0.10416,0.10284,0.102201,0.10076,0.10148,0.10232,0.1,0.10152,0.10288,0.101,0.10152,0.101001,0.10168,0.10216,0.12028,0.12884,0.1028,0.10336,0.101681,0.12584,0.1034,0.10236,0.1018,0.10204,0.101401,0.100721,0.10216,0.10292,0.1032,0.10132,0.1126,0.23356,0.104441,0.1042,0.10452,0.10564,0.103,0.10816,0.10228,0.103201,0.10104,0.10096,0.10144,0.10084,0.10148,0.10248,0.10108,0.201921]",0.09608100354671478,0.2486799955368042,0.10903942003846169,0.10250049829483032,0.027947217731777368,50,3,"[0.1168,0.106441,0.10212,0.11084,0.10652,0.10252,0.108321,0.10192,0.10344,0.10072,0.09944,0.10036,0.0996,0.0996,0.098521,0.102961,0.09688,0.09968,0.10172,0.21444,0.11244,0.104001,0.105241,0.10476,0.1046,0.10584,0.1042,0.1044,0.102561,0.10544,0.09952,0.09932,0.09948,0.09928,0.0964,0.10132,0.184401,0.10588,0.1052,0.1044,0.10424,0.10364,0.103961,0.102481,0.1018,0.101,0.09644,0.09896,0.10044,0.09832,0.099761,0.096081,0.24868]",0.04871999844908714,0.11688099801540375,0.05312089994549751,0.05034000054001808,0.011846783531159153,50,3,"[0.13784,0.05112,0.0504,0.05168,0.05108,0.05032,0.05616,0.04988,0.05064,0.05048,0.04992,0.05248,0.04976,0.05,0.0488,0.04984,0.04912,0.05092,0.05228,0.116881,0.05412,0.0506,0.04984,0.0506,0.04964,0.05052,0.04888,0.04952,0.05168,0.05036,0.05052,0.04908,0.04928,0.05248,0.04964,0.049561,0.05764,0.05304,0.05036,0.05004,0.05628,0.050641,0.04992,0.05,0.05012,0.05136,0.04924,0.04976,0.04908,0.049561,0.05052,0.04872,0.103201]",,,,,,,,,32,4,2048,768,151936,True,True,False,1962,3,50,2,2048,768,generic,generic,,,CUDA_EVENT,BF16,none
,,,,,,,,,,,,,,,,0.09892000257968903,0.2210409939289093,0.10860017985105515,0.10329999774694443,0.019601317866568668,50,3,"[0.22436,0.10816,0.1038,0.12676,0.104921,0.1034,0.10468,0.10336,0.10372,0.10248,0.10408,0.102721,0.10324,0.10004,0.10172,0.10256,0.10368,0.10072,0.10176,0.118321,0.123761,0.10364,0.10372,0.10288,0.12524,0.10572,0.102841,0.10216,0.10232,0.10236,0.10236,0.102,0.1022,0.10232,0.102441,0.10284,0.221041,0.1134,0.10472,0.10432,0.10212,0.103361,0.10444,0.102,0.10492,0.10492,0.1012,0.10348,0.102881,0.10168,0.10648,0.09892,0.17316]",0.094200000166893,0.23732100427150726,0.1090618409216404,0.10234000161290169,0.02658401605143417,50,3,"[0.11676,0.10568,0.10312,0.109761,0.10484,0.104,0.10264,0.10084,0.10212,0.102881,0.101521,0.10284,0.10104,0.10236,0.09752,0.09932,0.10392,0.09988,0.099641,0.17324,0.117,0.10676,0.10168,0.108,0.106721,0.104441,0.10328,0.10508,0.10576,0.0994,0.09932,0.0976,0.100161,0.102521,0.09724,0.10204,0.21904,0.10976,0.10568,0.101961,0.10724,0.10412,0.10544,0.10232,0.10036,0.10208,0.095721,0.100881,0.1012,0.10024,0.10016,0.0942,0.237321]",0.04500000178813934,0.12300000339746475,0.05341688022017479,0.05054050125181675,0.012005975941394431,50,3,"[0.13676,0.05096,0.05048,0.05208,0.05236,0.05036,0.04976,0.04988,0.049721,0.054,0.05184,0.05104,0.05004,0.05132,0.04612,0.04988,0.050521,0.05028,0.05028,0.123,0.05472,0.05028,0.05016,0.0498,0.05176,0.0504,0.05444,0.0502,0.05132,0.05032,0.05,0.045,0.05064,0.05176,0.05024,0.05096,0.0564,0.05476,0.050201,0.05048,0.053,0.0512,0.0504,0.05284,0.05128,0.051081,0.04988,0.05056,0.05476,0.0504,0.0498,0.05216,0.09716]",,,,,,,,,32,4,2048,768,151936,True,True,False,1961,3,50,2,2048,768,generic,generic,,,CUDA_EVENT,BF16,none
,,,,,,,,,,,,,,,,0.09696000069379807,0.20948000252246857,0.10809943988919259,0.10246000066399574,0.020325734108205634,50,3,"[0.220041,0.108,0.102641,0.11584,0.1048,0.10588,0.10308,0.101401,0.103161,0.1018,0.10116,0.09696,0.10136,0.10268,0.10188,0.10236,0.103241,0.101241,0.10184,0.1182,0.13012,0.10532,0.10192,0.102761,0.126081,0.09912,0.10196,0.10216,0.0976,0.1018,0.102721,0.100761,0.1018,0.1032,0.10088,0.10228,0.20948,0.10856,0.104761,0.10136,0.1066,0.10348,0.10508,0.10256,0.101841,0.103921,0.10128,0.1022,0.10276,0.10228,0.10348,0.10136,0.196601]",0.09372100234031677,0.24075999855995178,0.10878895998001098,0.10242000222206116,0.027133195919500627,50,3,"[0.12084,0.105681,0.10204,0.10656,0.10424,0.10432,0.104441,0.10236,0.10132,0.10236,0.10156,0.09928,0.10084,0.10012,0.096921,0.099121,0.1,0.0998,0.09848,0.184,0.11156,0.10632,0.105041,0.10432,0.10568,0.10168,0.1028,0.10464,0.10376,0.098081,0.09848,0.10432,0.09784,0.1008,0.09876,0.10216,0.21424,0.107201,0.10468,0.10248,0.10788,0.10456,0.10484,0.105601,0.10284,0.10064,0.09668,0.09792,0.10328,0.09988,0.10028,0.093721,0.24076]",0.04871999844908714,0.09216000139713287,0.05227447964251041,0.05044049955904484,0.007838348952703097,50,3,"[0.13332,0.0508,0.05044,0.0518,0.05196,0.05068,0.05028,0.05108,0.05,0.0506,0.0502,0.05024,0.04988,0.050441,0.04984,0.04968,0.049,0.04964,0.05064,0.087561,0.05384,0.05092,0.04988,0.05168,0.05096,0.05044,0.05312,0.049921,0.0504,0.05076,0.04936,0.05036,0.0504,0.05108,0.05012,0.05032,0.05896,0.05164,0.05216,0.04888,0.05072,0.04956,0.050881,0.05224,0.04992,0.05072,0.04924,0.04972,0.0508,0.05056,0.04976,0.04872,0.09216]",,,,,,,,,32,4,2048,768,151936,True,True,False,1960,3,50,2,2048,768,generic,generic,,,CUDA_EVENT,BF16,none
,,,,,,,,,,,,,,,,0.09544000029563904,0.23627999424934387,0.10910015955567359,0.10195999965071678,0.026226265882998843,50,3,"[0.23812,0.11336,0.10472,0.12396,0.106641,0.103081,0.10164,0.10088,0.10412,0.10768,0.10192,0.10392,0.10436,0.100121,0.10252,0.09908,0.1004,0.09912,0.10088,0.13456,0.12824,0.106641,0.13892,0.10596,0.10352,0.1026,0.10172,0.10228,0.099841,0.1032,0.10072,0.0984,0.10144,0.10156,0.10152,0.0984,0.23628,0.108321,0.102,0.10496,0.10168,0.1026,0.102,0.09868,0.102481,0.0996,0.09572,0.09608,0.09908,0.09752,0.09868,0.09544,0.224041]",0.09696000069379807,0.21784000098705292,0.11115458011627197,0.10516050085425377,0.02452805069737268,50,3,"[0.12516,0.11472,0.10812,0.109481,0.11324,0.10452,0.10396,0.10316,0.10492,0.10408,0.10208,0.104241,0.11068,0.09964,0.101,0.10124,0.103,0.10608,0.10116,0.208041,0.110961,0.11652,0.10812,0.10704,0.11132,0.10668,0.106441,0.10548,0.10532,0.10616,0.10152,0.104,0.10564,0.102,0.10052,0.104001,0.193801,0.10932,0.10688,0.1024,0.10412,0.11,0.105401,0.105081,0.10616,0.10524,0.10024,0.09888,0.10036,0.11124,0.10156,0.09696,0.21784]",0.03988000005483627,0.09623999893665314,0.045880919992923735,0.043640000745654106,0.0096567507146281,50,3,"[0.129801,0.04604,0.04468,0.04436,0.04472,0.04428,0.04452,0.04384,0.04344,0.044921,0.04432,0.04368,0.04424,0.0436,0.04524,0.04296,0.04336,0.04568,0.04356,0.088,0.04448,0.04492,0.04304,0.04372,0.04408,0.042881,0.03988,0.04344,0.04512,0.0448,0.0432,0.0432,0.04492,0.042721,0.0434,0.04308,0.05524,0.04376,0.04328,0.0424,0.0442,0.043401,0.04388,0.0432,0.0452,0.04316,0.04308,0.04344,0.04296,0.04352,0.042921,0.042561,0.09624]",,,,,,,,,32,4,2048,768,151936,True,True,False,1985,3,50,4,2048,768,generic,generic,,,CUDA_EVENT,BF16,none
,,,,,,,,,,,,,,,,0.09707999974489212,0.22536100447177887,0.10854498043656349,0.10245999693870544,0.02285296521077887,50,3,"[0.225961,0.11188,0.102481,0.11936,0.1048,0.10572,0.10292,0.10468,0.099241,0.101,0.10488,0.09708,0.10252,0.1006,0.10072,0.10252,0.10016,0.098841,0.098561,0.15148,0.12824,0.1098,0.10204,0.1034,0.128001,0.10212,0.10356,0.10488,0.10192,0.09992,0.09948,0.09956,0.100041,0.099,0.09812,0.09824,0.225361,0.10708,0.1076,0.10288,0.104921,0.10404,0.10416,0.1024,0.1032,0.09924,0.09948,0.0976,0.098481,0.104561,0.09888,0.09952,0.19444]",0.0989610031247139,0.2282409965991974,0.1109994401037693,0.10440000146627426,0.02679359733106444,50,3,"[0.12052,0.109841,0.10808,0.10832,0.10752,0.10908,0.105441,0.104001,0.10432,0.10272,0.10264,0.10196,0.10104,0.10092,0.10104,0.100481,0.102081,0.10304,0.10244,0.2088,0.11192,0.10884,0.11112,0.106001,0.10812,0.1046,0.1044,0.105,0.101,0.10708,0.105401,0.102921,0.10004,0.099,0.1044,0.10604,0.21088,0.1082,0.108081,0.110761,0.10552,0.10628,0.1018,0.10568,0.10496,0.10192,0.101681,0.098961,0.10228,0.10156,0.1016,0.09984,0.228241]",0.042080000042915344,0.09740100055932999,0.046263259947299955,0.043859999626874924,0.010392974196713515,50,3,"[0.12792,0.044,0.04444,0.04424,0.04384,0.044121,0.04364,0.04324,0.0468,0.0436,0.04428,0.04316,0.0444,0.04692,0.04244,0.04352,0.04232,0.04452,0.04572,0.097401,0.04472,0.04412,0.04248,0.04296,0.04484,0.046,0.04376,0.04392,0.04356,0.04388,0.04432,0.04416,0.04288,0.04264,0.04276,0.045,0.05428,0.04384,0.0444,0.04508,0.04444,0.04308,0.04664,0.04332,0.043,0.042521,0.04312,0.04676,0.04208,0.04356,0.04276,0.04284,0.09528]",,,,,,,,,32,4,2048,768,151936,True,True,False,1984,3,50,4,2048,768,generic,generic,,,CUDA_EVENT,BF16,none
,,,,,,,,,,,,,,,,0.0968799963593483,0.22563999891281128,0.10847624033689499,0.10179999843239784,0.0238628882022125,50,3,"[0.222401,0.10904,0.10032,0.12108,0.10444,0.10996,0.10208,0.09912,0.10036,0.098001,0.104761,0.09952,0.09952,0.09724,0.09752,0.10492,0.09952,0.09916,0.09864,0.125001,0.128681,0.10592,0.10368,0.10172,0.14552,0.104,0.100881,0.1064,0.10016,0.10084,0.09864,0.099,0.10412,0.09968,0.100161,0.098921,0.208721,0.10652,0.10372,0.10388,0.10152,0.104041,0.101961,0.10268,0.10644,0.10076,0.10188,0.09696,0.10224,0.100001,0.100801,0.09688,0.22564]",0.09780000150203705,0.2046400010585785,0.10905461996793747,0.10266000032424927,0.02335139583073791,50,3,"[0.11968,0.10756,0.105441,0.10944,0.1048,0.10656,0.10156,0.10268,0.101161,0.10136,0.1032,0.10084,0.10172,0.0998,0.09936,0.1016,0.1016,0.099121,0.099201,0.20464,0.1096,0.1066,0.103,0.10584,0.106361,0.104601,0.10396,0.10324,0.1026,0.1024,0.1018,0.101,0.102121,0.101081,0.10088,0.10716,0.20104,0.10852,0.10584,0.10984,0.103481,0.10676,0.10324,0.10216,0.10616,0.1004,0.09972,0.104361,0.101801,0.10152,0.10264,0.0978,0.196561]",0.04148000106215477,0.10732000321149826,0.04584407985210419,0.0433999989181757,0.010683140237879026,50,3,"[0.12504,0.043561,0.04264,0.04344,0.04344,0.04384,0.042961,0.04276,0.04264,0.04268,0.04356,0.04364,0.04272,0.04644,0.04328,0.04304,0.042841,0.04236,0.04876,0.10732,0.04348,0.04304,0.0454,0.0426,0.045,0.04564,0.04396,0.04368,0.04372,0.04308,0.0448,0.043041,0.044,0.04272,0.04308,0.04308,0.05084,0.04384,0.04368,0.04492,0.04376,0.04308,0.04412,0.04292,0.04344,0.04336,0.043041,0.04316,0.04268,0.04296,0.04308,0.04148,0.0858]",,,,,,,,,32,4,2048,768,151936,True,True,False,1983,3,50,4,2048,768,generic,generic,,,CUDA_EVENT,BF16,none
,,,,,,,,,,,,,,,,0.09588000178337097,0.20744000375270844,0.10701697960495948,0.10057999938726425,0.02052835640372639,50,3,"[0.223,0.10664,0.10196,0.121,0.10352,0.105881,0.098201,0.10096,0.0992,0.099,0.09984,0.09856,0.09948,0.09776,0.09996,0.09692,0.098921,0.096761,0.1002,0.14292,0.12468,0.10768,0.10304,0.1038,0.124281,0.10296,0.1018,0.10164,0.10228,0.09868,0.09872,0.09828,0.09816,0.100001,0.096561,0.09832,0.20744,0.10516,0.10452,0.10408,0.105,0.10336,0.10324,0.101401,0.10612,0.09992,0.09588,0.1,0.10004,0.10696,0.09772,0.10016,0.189881]",0.09827999770641327,0.24716000258922577,0.11009139955043792,0.10344050079584122,0.026734770597300127,50,3,"[0.11796,0.10648,0.104,0.11072,0.105721,0.10408,0.10076,0.10328,0.10536,0.1006,0.10272,0.09828,0.10244,0.10376,0.100641,0.099161,0.09956,0.1012,0.10508,0.20296,0.1142,0.10896,0.1078,0.107281,0.1074,0.10444,0.105,0.10248,0.10212,0.10476,0.10616,0.102841,0.099601,0.10248,0.10092,0.10412,0.186001,0.10732,0.10868,0.10904,0.10656,0.103321,0.10432,0.10356,0.10252,0.1024,0.10088,0.0984,0.099,0.10012,0.099281,0.099121,0.24716]",0.039480000734329224,0.1101209968328476,0.046218479946255685,0.04328000172972679,0.011954652932059823,50,3,"[0.125481,0.0432,0.04336,0.04784,0.0432,0.04488,0.04304,0.04236,0.04784,0.042,0.04284,0.0434,0.042681,0.04492,0.04236,0.04248,0.04228,0.04388,0.04676,0.110121,0.04496,0.04324,0.03948,0.04328,0.0448,0.04416,0.04232,0.04328,0.04404,0.04428,0.043161,0.04272,0.04464,0.04288,0.04216,0.04324,0.04968,0.04292,0.04284,0.0438,0.043001,0.04364,0.04724,0.04268,0.04344,0.0436,0.04304,0.04984,0.04336,0.0438,0.04292,0.04232,0.09728]",,,,,,,,,32,4,2048,768,151936,True,True,False,1982,3,50,4,2048,768,generic,generic,,,CUDA_EVENT,BF16,none
,,,,,,,,,,,,,,,,0.09572000056505203,0.2476000040769577,0.10810980007052422,0.10094049945473671,0.02616870627484998,50,3,"[0.2254,0.1136,0.10472,0.11904,0.10424,0.108121,0.1012,0.10068,0.1016,0.0994,0.10084,0.09896,0.10024,0.1004,0.09832,0.099761,0.097521,0.09936,0.0988,0.14148,0.12408,0.10388,0.10108,0.10164,0.127481,0.10152,0.09964,0.10448,0.10088,0.1026,0.09764,0.09908,0.09572,0.099761,0.101001,0.0984,0.209641,0.10664,0.10712,0.10044,0.10136,0.103161,0.101161,0.10088,0.09876,0.09928,0.10004,0.10144,0.09948,0.10116,0.10132,0.097161,0.2476]",0.097680002450943,0.2199999988079071,0.10961217984557152,0.10283999890089035,0.025992925510010916,50,3,"[0.11972,0.1086,0.10172,0.109,0.103881,0.10604,0.10212,0.10132,0.10744,0.0998,0.10208,0.1018,0.097721,0.105281,0.10072,0.0998,0.09768,0.102,0.1058,0.20768,0.11152,0.10776,0.108721,0.104241,0.10448,0.10584,0.1028,0.10376,0.09976,0.1002,0.10504,0.103361,0.10252,0.09868,0.10108,0.09964,0.20672,0.10832,0.10676,0.10988,0.102121,0.1068,0.10148,0.10288,0.10604,0.10012,0.1008,0.099,0.09948,0.103561,0.098121,0.09896,0.22]",0.041680000722408295,0.10691999644041061,0.04580567985773087,0.04333999939262867,0.01109422858111344,50,3,"[0.126321,0.04392,0.0426,0.04872,0.0432,0.04368,0.04304,0.04276,0.04584,0.04284,0.04428,0.043601,0.04312,0.04376,0.04364,0.0436,0.04208,0.04168,0.04484,0.09128,0.04492,0.043681,0.04176,0.04364,0.04336,0.04448,0.04252,0.04316,0.0434,0.043841,0.04392,0.04364,0.04468,0.04308,0.0432,0.04276,0.0508,0.04332,0.04268,0.04416,0.0432,0.04352,0.04296,0.04276,0.04388,0.04192,0.04324,0.042481,0.04276,0.04332,0.0422,0.04216,0.10692]",,,,,,,,,32,4,2048,768,151936,True,True,False,1981,3,50,4,2048,768,generic,generic,,,CUDA_EVENT,BF16,none
,,,,,,,,,,,,,,,,0.09628000110387802,0.22276100516319275,0.10769539967179298,0.10147999972105026,0.02287866350203408,50,3,"[0.22048,0.10928,0.10392,0.1142,0.10348,0.107881,0.10408,0.10176,0.09904,0.10164,0.09628,0.09952,0.10088,0.09952,0.102521,0.10016,0.0996,0.09992,0.09952,0.13092,0.1258,0.1062,0.1024,0.103441,0.12628,0.1018,0.10016,0.1056,0.10044,0.10076,0.101081,0.097081,0.09848,0.09716,0.09924,0.09908,0.222761,0.11072,0.10232,0.103441,0.101721,0.10632,0.10448,0.10132,0.10392,0.09944,0.1012,0.098601,0.099001,0.10232,0.09704,0.09896,0.20528]",0.0979200005531311,0.21832099556922913,0.10981297954916953,0.10410049930214882,0.023862963025862355,50,3,"[0.12056,0.10704,0.10188,0.110761,0.104081,0.10652,0.10364,0.1058,0.10384,0.10212,0.1032,0.10044,0.098641,0.105401,0.09976,0.0992,0.09964,0.10276,0.1062,0.19844,0.11056,0.106921,0.1098,0.10528,0.10652,0.10284,0.10516,0.10076,0.10412,0.104921,0.10456,0.10024,0.10324,0.09924,0.10248,0.10468,0.1916,0.10924,0.107361,0.10976,0.10556,0.10612,0.10392,0.10544,0.10596,0.1028,0.100281,0.10364,0.09792,0.10184,0.10036,0.09876,0.218321]",0.041680000722408295,0.10815999656915665,0.04584405966103077,0.04332000017166138,0.011567093177505443,50,3,"[0.12616,0.04432,0.043,0.04424,0.04376,0.04412,0.04284,0.04308,0.04352,0.04344,0.043001,0.04336,0.04356,0.04424,0.04384,0.04304,0.04288,0.04252,0.04224,0.09524,0.044801,0.04368,0.04388,0.04328,0.04412,0.04872,0.04304,0.04192,0.0422,0.04308,0.04532,0.04348,0.04168,0.04408,0.04228,0.04256,0.05024,0.043601,0.04324,0.04364,0.044,0.04392,0.04252,0.0432,0.04208,0.04308,0.04232,0.04508,0.04244,0.04308,0.042,0.04256,0.10816]",,,,,,,,,32,4,2048,768,151936,True,True,False,1980,3,50,4,2048,768,generic,generic,,,CUDA_EVENT,BF16,none
,,,,,,,,,,,,,,,,0.09548000246286392,0.2528800070285797,0.1080433401465416,0.10099999979138374,0.026699192311763504,50,3,"[0.222121,0.10648,0.10624,0.116041,0.10164,0.10832,0.09692,0.1018,0.10056,0.1012,0.10324,0.099281,0.1012,0.09868,0.09796,0.09648,0.09916,0.10176,0.0976,0.13452,0.12368,0.106601,0.1022,0.1014,0.12492,0.10068,0.10312,0.10664,0.101481,0.10004,0.09968,0.09884,0.10016,0.09924,0.0982,0.09676,0.25288,0.106641,0.1042,0.09864,0.10528,0.10336,0.10388,0.1008,0.10564,0.100001,0.09892,0.09824,0.09908,0.09904,0.09852,0.09548,0.211561]",0.09803999960422516,0.22327999770641327,0.1093601793050766,0.10364000126719475,0.02371893876817417,50,3,"[0.11612,0.1092,0.101561,0.10804,0.10616,0.10308,0.10292,0.10256,0.10452,0.102721,0.100121,0.099,0.10008,0.10344,0.09872,0.10332,0.1016,0.0998,0.10384,0.190121,0.108681,0.108,0.10996,0.10384,0.10668,0.10388,0.103321,0.105361,0.10088,0.10508,0.10572,0.1024,0.1002,0.10172,0.101,0.10636,0.190241,0.10924,0.10628,0.10612,0.10528,0.10616,0.10384,0.105801,0.101041,0.09956,0.09968,0.11024,0.09968,0.1002,0.1002,0.09804,0.22328]",0.04176099970936775,0.10691999644041061,0.04588969990611076,0.04335999861359596,0.01180051042206212,50,3,"[0.12504,0.043801,0.04328,0.04372,0.04332,0.04308,0.043,0.0428,0.04772,0.0424,0.04264,0.043,0.04344,0.0436,0.04252,0.04216,0.04272,0.04236,0.043121,0.09948,0.0448,0.04372,0.04388,0.04248,0.04372,0.042961,0.04352,0.04356,0.043,0.04368,0.04292,0.04276,0.04304,0.04188,0.04232,0.045521,0.05024,0.0446,0.04336,0.04248,0.04308,0.04336,0.044401,0.04376,0.04408,0.0438,0.0436,0.04448,0.04336,0.04356,0.0428,0.041761,0.10692]",,,,,,,,,32,4,2048,768,151936,True,True,False,1979,3,50,4,2048,768,generic,generic,,,CUDA_EVENT,BF16,none
,,,,,,,,,,,,,,,,0.09680099785327911,0.2258799970149994,0.10820981994271278,0.10196000337600708,0.02299462147960319,50,3,"[0.221241,0.108801,0.101401,0.1206,0.10196,0.10404,0.10196,0.101001,0.100521,0.09968,0.09792,0.1016,0.09896,0.10384,0.09832,0.10016,0.09872,0.096801,0.103561,0.14164,0.12848,0.1038,0.1092,0.102,0.12488,0.101321,0.10008,0.10208,0.10176,0.1004,0.10272,0.10092,0.10108,0.09776,0.098401,0.102761,0.22588,0.10676,0.10536,0.10628,0.10204,0.103721,0.104001,0.10428,0.1012,0.09792,0.10204,0.1036,0.0998,0.101,0.098401,0.099441,0.19984]",0.09668000042438507,0.21323999762535095,0.10957697987556457,0.10372000187635422,0.023563084879036807,50,3,"[0.11872,0.10824,0.10396,0.112,0.10668,0.10636,0.104601,0.10296,0.11136,0.10236,0.1036,0.10188,0.10068,0.10056,0.1,0.100921,0.100521,0.10012,0.1012,0.17848,0.11048,0.10872,0.10548,0.1068,0.107521,0.10892,0.10384,0.10472,0.105,0.10524,0.10076,0.10212,0.101201,0.100961,0.1006,0.10116,0.21324,0.1092,0.1064,0.10304,0.107441,0.10444,0.10708,0.1048,0.10416,0.10116,0.10108,0.09956,0.100641,0.102081,0.09988,0.09668,0.21016]",0.041760001331567764,0.10967999696731567,0.04660004019737243,0.04328000172972679,0.012854390946656588,50,3,"[0.12588,0.04328,0.0426,0.04556,0.0438,0.04328,0.0436,0.04184,0.04348,0.04264,0.04216,0.04272,0.043,0.04424,0.042841,0.04324,0.04268,0.04224,0.0424,0.10968,0.05032,0.04376,0.04288,0.04272,0.04304,0.0492,0.04256,0.043,0.04464,0.04268,0.04372,0.04252,0.04284,0.04176,0.04204,0.04276,0.0582,0.05096,0.04452,0.0428,0.04364,0.04352,0.04536,0.043,0.04328,0.04404,0.0438,0.043401,0.04312,0.0434,0.04708,0.04356,0.10648]",,,,,,,,,32,4,2048,768,151936,True,True,False,1978,3,50,4,2048,768,generic,generic,,,CUDA_EVENT,BF16,none
,,,,,,,,,,,,,,,,0.09799999743700027,0.2149599939584732,0.10814255967736244,0.10234000161290169,0.02128385993314142,50,3,"[0.22416,0.11024,0.102,0.11452,0.10392,0.105081,0.10104,0.1034,0.10268,0.10124,0.10036,0.10228,0.09876,0.100161,0.102481,0.09972,0.09992,0.09892,0.0996,0.14008,0.12832,0.10732,0.105201,0.103561,0.13004,0.10424,0.10236,0.10136,0.10232,0.10152,0.100481,0.09856,0.098,0.09968,0.0986,0.10096,0.21496,0.10944,0.10392,0.099121,0.10536,0.10356,0.10892,0.10324,0.10284,0.10096,0.100281,0.10268,0.09912,0.10128,0.10316,0.09808,0.19352]",0.09731999784708023,0.2552799880504608,0.11089303985238075,0.10372000187635422,0.029246417323814222,50,3,"[0.11724,0.109,0.10472,0.107881,0.106681,0.10424,0.10428,0.10444,0.1028,0.10136,0.10312,0.105721,0.100601,0.10356,0.0986,0.1016,0.10676,0.09948,0.09964,0.216161,0.11776,0.106121,0.108,0.10576,0.10772,0.10388,0.10524,0.10252,0.106561,0.105481,0.10024,0.10148,0.09964,0.10704,0.101,0.10092,0.19908,0.112081,0.103521,0.10176,0.10596,0.10564,0.10556,0.10292,0.100761,0.105401,0.10012,0.10012,0.10104,0.10272,0.09908,0.09732,0.25528]",0.0408799983561039,0.1019200012087822,0.04638247981667518,0.044039998203516006,0.010707440070269757,50,3,"[0.127001,0.04428,0.04404,0.04708,0.04432,0.0438,0.04496,0.0446,0.0442,0.04312,0.044401,0.04488,0.04404,0.04392,0.04388,0.04384,0.04616,0.0424,0.04288,0.10192,0.045641,0.04352,0.04344,0.04628,0.04452,0.04284,0.04344,0.042961,0.04436,0.04308,0.0422,0.04404,0.04264,0.04448,0.04356,0.04396,0.05112,0.04512,0.04492,0.04612,0.0468,0.04432,0.04088,0.043801,0.04256,0.0456,0.04404,0.04432,0.04376,0.0442,0.04292,0.04288,0.0944]",,,,,,,,,32,4,2048,768,151936,True,True,False,1977,3,50,4,2048,768,generic,generic,,,CUDA_EVENT,BF16,none
,,,,,,,,,,,,,,,,0.0955599993467331,0.23332099616527557,0.10893940046429634,0.10224050283432007,0.02511627641557454,50,3,"[0.2318,0.111921,0.10148,0.11976,0.10344,0.10484,0.10948,0.100801,0.10352,0.09852,0.1006,0.09932,0.10244,0.1058,0.10052,0.09876,0.102801,0.101561,0.0992,0.13076,0.12816,0.10656,0.10576,0.10668,0.126401,0.10244,0.10116,0.101,0.0998,0.10236,0.09748,0.09912,0.09928,0.102121,0.099921,0.09556,0.233321,0.1084,0.1068,0.10204,0.1086,0.104201,0.1038,0.10292,0.10076,0.10332,0.10016,0.09988,0.09976,0.098681,0.100521,0.0982,0.21968]",0.09647999703884125,0.21136100590229034,0.10960583999752999,0.10346050187945366,0.02306018226396398,50,3,"[0.12288,0.10776,0.10228,0.1066,0.10728,0.104401,0.105201,0.10232,0.10132,0.10652,0.10328,0.10372,0.0992,0.10096,0.107681,0.100081,0.10208,0.09892,0.10148,0.17468,0.11084,0.10688,0.10464,0.104801,0.10692,0.102,0.10944,0.1064,0.10344,0.10312,0.1016,0.105081,0.101161,0.10088,0.10212,0.10016,0.20956,0.1094,0.1034,0.107401,0.108281,0.10724,0.1056,0.11076,0.1026,0.103,0.10188,0.102721,0.103481,0.10332,0.0986,0.09648,0.211361]",0.040800001472234726,0.11615999788045883,0.04649369977414608,0.04362049885094166,0.013102359791800107,50,3,"[0.1276,0.04432,0.0442,0.04472,0.044161,0.04448,0.04372,0.04312,0.043,0.04244,0.04368,0.04304,0.04364,0.043881,0.04548,0.04364,0.0408,0.04292,0.04352,0.103881,0.04604,0.0436,0.04268,0.04312,0.04416,0.04316,0.04456,0.04364,0.04288,0.04396,0.04284,0.0446,0.0426,0.04324,0.0438,0.04308,0.05036,0.04564,0.047801,0.04344,0.04528,0.04344,0.04356,0.04388,0.04308,0.04368,0.043601,0.04304,0.04504,0.04296,0.04304,0.0426,0.11616]",,,,,,,,,32,4,2048,768,151936,True,True,False,1976,3,50,4,2048,768,generic,generic,,,CUDA_EVENT,BF16,none
,,,,,,,,,,,,,,,,0.09796000272035599,0.2231999933719635,0.10861616015434265,0.10200000181794167,0.02368829319275897,50,3,"[0.229241,0.112601,0.10288,0.11864,0.11704,0.10404,0.104761,0.09876,0.10208,0.10416,0.09928,0.10164,0.10132,0.101361,0.101121,0.10036,0.09976,0.10088,0.10052,0.12632,0.12612,0.10468,0.103001,0.10332,0.12596,0.10356,0.10384,0.10188,0.100961,0.09972,0.10068,0.10012,0.09996,0.09816,0.1048,0.09912,0.2232,0.107521,0.11012,0.10508,0.10368,0.10212,0.10352,0.102401,0.09904,0.09956,0.10192,0.10056,0.09952,0.0984,0.09796,0.102121,0.21616]",0.09752000123262405,0.21819999814033508,0.10935300007462502,0.1032400019466877,0.022831250840027902,50,3,"[0.11924,0.10844,0.10292,0.11072,0.10688,0.103521,0.1024,0.10696,0.09996,0.10404,0.10052,0.10304,0.107001,0.10248,0.10204,0.10092,0.10276,0.101,0.1002,0.195001,0.108721,0.11088,0.10488,0.10416,0.10968,0.10516,0.108081,0.101521,0.10424,0.1052,0.09752,0.10296,0.10104,0.10356,0.10132,0.102201,0.17916,0.1068,0.1074,0.10332,0.10688,0.111081,0.102921,0.10524,0.10236,0.10316,0.10048,0.10124,0.09948,0.102521,0.09868,0.09816,0.2182]",0.04019999876618385,0.12108000367879868,0.04680485986173153,0.043959999457001686,0.013441051317151936,50,3,"[0.1248,0.04536,0.0428,0.0456,0.04756,0.044,0.04344,0.04496,0.04388,0.0438,0.04284,0.04356,0.04464,0.04436,0.0432,0.04508,0.0428,0.04504,0.0436,0.12108,0.04404,0.04432,0.04248,0.04336,0.04616,0.044241,0.0444,0.04376,0.0402,0.0436,0.04352,0.04344,0.04504,0.04392,0.0438,0.04308,0.05016,0.04104,0.04588,0.044,0.045201,0.04412,0.0442,0.04304,0.04364,0.04388,0.04336,0.044201,0.04456,0.04476,0.04336,0.04388,0.10216]",,,,,,,,,32,4,2048,768,151936,True,True,False,1975,3,50,4,2048,768,generic,generic,,,CUDA_EVENT,BF16,none
,,,,,,,,,,,,,,,,0.0966000035405159,0.24300000071525574,0.10831937998533249,0.10136000066995621,0.024522332172448175,50,3,"[0.222601,0.11168,0.10252,0.117121,0.1022,0.10032,0.10136,0.10548,0.10132,0.100721,0.10064,0.10068,0.09992,0.09992,0.09964,0.10024,0.09996,0.100921,0.098801,0.13844,0.12428,0.10548,0.10476,0.10188,0.120801,0.10136,0.10332,0.09976,0.10168,0.104,0.09832,0.099601,0.10532,0.0986,0.1006,0.09932,0.243,0.1084,0.107241,0.1012,0.10384,0.10268,0.1038,0.10232,0.10448,0.099881,0.1012,0.1014,0.09968,0.10544,0.0986,0.0966,0.199441]",0.09771999716758728,0.22519999742507935,0.1100730000436306,0.10382049903273582,0.026443683008342746,50,3,"[0.11788,0.10672,0.101921,0.10708,0.10512,0.104,0.10408,0.102401,0.105241,0.10084,0.10704,0.10088,0.10156,0.09852,0.0984,0.106,0.099641,0.10312,0.10276,0.2062,0.10952,0.10716,0.104361,0.103881,0.1058,0.10376,0.10528,0.1066,0.1048,0.103721,0.1018,0.10024,0.09868,0.10104,0.10276,0.102,0.21008,0.108081,0.10596,0.11096,0.10236,0.1064,0.10524,0.104001,0.101801,0.10204,0.10184,0.10416,0.1018,0.1034,0.09772,0.098321,0.2252]",0.041280001401901245,0.10820099711418152,0.04669293992221355,0.044160500168800354,0.011401880241414872,50,3,"[0.12496,0.042201,0.04676,0.04476,0.0442,0.04592,0.044161,0.04368,0.043,0.04312,0.04352,0.04232,0.0436,0.04336,0.044721,0.04624,0.04368,0.044,0.04268,0.108201,0.04268,0.04524,0.04572,0.0448,0.0468,0.0436,0.04416,0.04524,0.043721,0.0442,0.04268,0.04128,0.04444,0.04272,0.04396,0.05088,0.055801,0.0452,0.04392,0.04448,0.0448,0.04424,0.043921,0.04364,0.04368,0.04428,0.04332,0.04436,0.04504,0.0442,0.043281,0.04316,0.09404]",,,,,,,,,32,4,2048,768,151936,True,True,False,1974,3,50,4,2048,768,generic,generic,,,CUDA_EVENT,BF16,none
,,,,,,,,,,,,,,,,0.097120001912117,0.2309200018644333,0.10961300015449524,0.10247999802231789,0.026211178145612215,50,3,"[0.22152,0.1116,0.10572,0.117,0.106401,0.10464,0.10244,0.09968,0.10156,0.10148,0.101361,0.102281,0.0988,0.10852,0.09828,0.10044,0.10096,0.10024,0.104841,0.15204,0.12912,0.10728,0.10252,0.10296,0.125641,0.1034,0.1034,0.10312,0.10192,0.102681,0.104441,0.0976,0.102,0.09712,0.10028,0.099,0.23092,0.105441,0.10512,0.10672,0.10464,0.1034,0.108161,0.10148,0.1034,0.10168,0.10244,0.09992,0.09916,0.098601,0.09844,0.0982,0.22948]",0.09780000150203705,0.23636099696159363,0.11021539986133576,0.1036204993724823,0.026094239635216076,50,3,"[0.11912,0.10768,0.10364,0.106601,0.10316,0.10416,0.10616,0.10332,0.1068,0.102081,0.10132,0.10188,0.10208,0.0992,0.10252,0.1024,0.1016,0.098001,0.10348,0.2086,0.1084,0.10812,0.105321,0.105481,0.10732,0.10824,0.10524,0.1022,0.104041,0.10272,0.10364,0.10128,0.09844,0.10432,0.09876,0.1008,0.187881,0.11276,0.10544,0.10452,0.10472,0.106721,0.10724,0.1022,0.10332,0.11104,0.10092,0.103601,0.10292,0.09996,0.10568,0.0978,0.236361]",0.04108000174164772,0.10903999954462051,0.046336899995803836,0.04381999932229519,0.010847770751027181,50,3,"[0.146721,0.04528,0.04372,0.0536,0.04404,0.04316,0.04448,0.04364,0.044521,0.0442,0.04308,0.04272,0.04296,0.04244,0.04304,0.044161,0.04464,0.04432,0.04412,0.10904,0.04584,0.04108,0.04348,0.04372,0.0448,0.0458,0.04392,0.043561,0.04808,0.04304,0.04348,0.04272,0.04384,0.04328,0.0438,0.0432,0.04984,0.04452,0.04464,0.04376,0.045041,0.04368,0.04524,0.04308,0.0432,0.0444,0.043681,0.045,0.04224,0.04424,0.04376,0.04296,0.08576]",,,,,,,,,32,4,2048,768,151936,True,True,False,1973,3,50,4,2048,768,generic,generic,,,CUDA_EVENT,BF16,none
,,,,,,,,,,,,,,,,0.09784000366926193,0.23948100209236145,0.10874267965555191,0.10266000032424927,0.02305877166457092,50,3,"[0.22536,0.108721,0.10364,0.12184,0.10308,0.105041,0.101401,0.10504,0.10424,0.1008,0.10008,0.1028,0.101521,0.100281,0.10276,0.09784,0.10568,0.10084,0.09988,0.127921,0.133721,0.10756,0.10316,0.10388,0.12864,0.098921,0.10256,0.10044,0.10512,0.0996,0.10172,0.098481,0.100601,0.10288,0.0986,0.1008,0.239481,0.109,0.105481,0.1032,0.10612,0.10348,0.10788,0.09984,0.101921,0.1064,0.09992,0.10228,0.0992,0.10132,0.101281,0.097881,0.18472]",0.09576000273227692,0.22336000204086304,0.11039776042103767,0.10386000201106071,0.02480896341209268,50,3,"[0.1182,0.10788,0.10304,0.11,0.104161,0.10428,0.10592,0.10148,0.10388,0.10372,0.10056,0.103281,0.1028,0.10324,0.09904,0.1008,0.10256,0.10408,0.103201,0.19616,0.11332,0.10384,0.10248,0.10908,0.107841,0.10724,0.10548,0.10504,0.10552,0.10368,0.101961,0.10736,0.1032,0.10204,0.10192,0.10116,0.20216,0.107321,0.10508,0.10616,0.10236,0.1086,0.1068,0.106961,0.1026,0.105,0.10256,0.10324,0.10876,0.102401,0.10044,0.09576,0.22336]",0.04208099842071533,0.10363999754190445,0.04638489998877048,0.043800000101327896,0.010260370071913301,50,3,"[0.130761,0.04388,0.04392,0.045201,0.04432,0.0446,0.04588,0.04364,0.04352,0.04344,0.04248,0.044,0.04312,0.0428,0.05028,0.04372,0.04312,0.043481,0.04496,0.08628,0.04516,0.045,0.04328,0.04396,0.04504,0.0434,0.05264,0.0422,0.0434,0.043881,0.04288,0.04332,0.04344,0.0436,0.04328,0.0448,0.050921,0.04536,0.04344,0.04332,0.04644,0.04428,0.04384,0.04524,0.04364,0.04468,0.04252,0.04432,0.042081,0.04376,0.0432,0.04444,0.10364]",,,,,,,,,32,4,2048,768,151936,True,True,False,1972,3,50,4,2048,768,generic,generic,,,CUDA_EVENT,BF16,none
,,,,,,,,,,,,,,,,0.09827999770641327,0.2513999938964844,0.10932099938392639,0.10255999863147736,0.025731008010733407,50,3,"[0.229681,0.112681,0.101721,0.12128,0.10436,0.10372,0.106041,0.10116,0.1028,0.10532,0.10132,0.09856,0.09956,0.1026,0.098921,0.10108,0.0996,0.09828,0.1006,0.14292,0.12668,0.103521,0.1048,0.10376,0.13032,0.1038,0.10644,0.103201,0.100361,0.09948,0.099,0.10252,0.099,0.0994,0.10028,0.100001,0.2514,0.10668,0.10592,0.10484,0.10168,0.105161,0.103521,0.10672,0.10128,0.10164,0.09988,0.09968,0.103601,0.099001,0.10156,0.10212,0.20068]",0.0995199978351593,0.21248100697994232,0.1102002203464508,0.10399999842047691,0.02371302491572647,50,3,"[0.11868,0.1118,0.1022,0.10936,0.10996,0.103001,0.10348,0.10324,0.10052,0.1016,0.10136,0.10396,0.106761,0.102121,0.1018,0.1014,0.10272,0.105,0.1028,0.201881,0.109881,0.11196,0.10572,0.10444,0.10456,0.10432,0.105321,0.10404,0.10684,0.10764,0.10248,0.10344,0.1008,0.10052,0.105521,0.10332,0.195201,0.109,0.10636,0.1058,0.105401,0.10388,0.10512,0.10672,0.10208,0.10332,0.10668,0.103041,0.10196,0.09952,0.10064,0.10104,0.212481]",0.04211999848484993,0.09604000300168991,0.046148079857230184,0.04375999979674816,0.009674898369385147,50,3,"[0.12836,0.04448,0.04392,0.04488,0.046201,0.04348,0.04436,0.04752,0.04372,0.04368,0.04212,0.043521,0.04344,0.04288,0.044,0.04336,0.04432,0.04504,0.0446,0.09604,0.04432,0.0452,0.04212,0.04368,0.04648,0.044521,0.04612,0.04336,0.04276,0.04504,0.04336,0.04464,0.04536,0.04356,0.04404,0.04352,0.05084,0.04252,0.04696,0.043561,0.04368,0.04532,0.04408,0.04368,0.0426,0.0438,0.04416,0.0422,0.04372,0.04364,0.04276,0.04296,0.08968]",,,,,,,,,32,4,2048,768,151936,True,True,False,1971,3,50,4,2048,768,generic,generic,,,CUDA_EVENT,BF16,none
,,,,,,,,,,,,,,,,0.09796000272035599,0.20332099497318268,0.10854340016841889,0.10258049890398979,0.0206486851073224,50,3,"[0.2168,0.11016,0.10244,0.12216,0.10584,0.101401,0.10088,0.1012,0.10076,0.10168,0.09884,0.1,0.104241,0.100561,0.10088,0.09796,0.09976,0.10328,0.10116,0.13116,0.129801,0.11084,0.10284,0.10436,0.12692,0.10408,0.104361,0.10016,0.1024,0.10484,0.10112,0.09892,0.10128,0.09884,0.106121,0.09964,0.202721,0.11024,0.10868,0.10524,0.1046,0.102481,0.10412,0.10516,0.10196,0.09876,0.10536,0.100241,0.10276,0.10268,0.09832,0.10224,0.203321]",0.09759999811649323,0.22100000083446503,0.11010497972369195,0.10477999970316887,0.023747046555536312,50,3,"[0.1188,0.1048,0.10336,0.11024,0.106961,0.101,0.10564,0.10628,0.10152,0.10112,0.10184,0.102921,0.10508,0.10056,0.10492,0.09928,0.10116,0.10632,0.09968,0.193921,0.11072,0.10792,0.10476,0.1066,0.11,0.105321,0.10668,0.10212,0.10536,0.10572,0.09996,0.10152,0.099441,0.103081,0.10344,0.10268,0.19256,0.10748,0.10728,0.104481,0.106841,0.1088,0.10516,0.10616,0.10392,0.1048,0.104121,0.10268,0.10456,0.10424,0.0998,0.0976,0.221]",0.0400799997150898,0.10651999711990356,0.046670440062880514,0.0440600011497736,0.012102777604710112,50,3,"[0.126121,0.0452,0.04388,0.04552,0.04472,0.04416,0.04008,0.0458,0.042,0.04208,0.04672,0.04264,0.04276,0.04296,0.0426,0.048,0.04352,0.04472,0.0452,0.1042,0.04508,0.04512,0.04264,0.04396,0.0468,0.04356,0.0438,0.04744,0.04308,0.04388,0.04372,0.043001,0.04484,0.04048,0.04332,0.04348,0.04988,0.04484,0.044361,0.04376,0.04516,0.04432,0.04376,0.04336,0.04664,0.04352,0.04456,0.04456,0.04364,0.045,0.04416,0.0436,0.10652]",,,,,,,,,32,4,2048,768,151936,True,True,False,1970,3,50,4,2048,768,generic,generic,,,CUDA_EVENT,BF16,none
,,,,,,,,,,,,,,,,0.09775999933481216,0.2322400063276291,0.10984017983078957,0.1021599993109703,0.025306820050399192,50,3,"[0.22504,0.11112,0.10472,0.1202,0.104281,0.11232,0.10252,0.10152,0.10212,0.09988,0.10756,0.098921,0.10236,0.0988,0.10068,0.10404,0.10028,0.10152,0.09776,0.148481,0.12684,0.10812,0.1148,0.10112,0.126041,0.103041,0.10156,0.09864,0.10028,0.1004,0.10152,0.100041,0.098841,0.101,0.0984,0.10268,0.23224,0.10792,0.107401,0.10968,0.10576,0.10464,0.1034,0.10464,0.1022,0.102041,0.09956,0.10644,0.101,0.10144,0.09932,0.09828,0.21948]",0.09832099825143814,0.23720000684261322,0.1109690198302269,0.10440000146627426,0.02606680695174631,50,3,"[0.11844,0.108,0.11536,0.117601,0.1108,0.10436,0.10444,0.10348,0.10272,0.102481,0.099841,0.10352,0.1024,0.11128,0.10196,0.10308,0.10144,0.101841,0.108121,0.206,0.11028,0.10728,0.10504,0.104881,0.10516,0.11092,0.10476,0.10468,0.10396,0.1046,0.102201,0.10172,0.10184,0.09928,0.10396,0.10056,0.19124,0.108001,0.10524,0.10576,0.1066,0.10696,0.11056,0.104201,0.10464,0.1008,0.10332,0.10376,0.10188,0.10456,0.098921,0.098321,0.2372]",0.04196000099182129,0.129721000790596,0.04668171986937523,0.04381999932229519,0.013480389739003779,50,3,"[0.127681,0.04392,0.0454,0.04196,0.04384,0.04276,0.04508,0.04292,0.044561,0.04276,0.04216,0.04308,0.04296,0.04412,0.04472,0.04388,0.042641,0.04416,0.04532,0.08808,0.04516,0.04456,0.044081,0.04312,0.04436,0.0468,0.04264,0.04324,0.0426,0.04456,0.04604,0.04324,0.04328,0.04236,0.04304,0.0452,0.05068,0.04784,0.04288,0.04276,0.044,0.04332,0.046441,0.0428,0.04204,0.04992,0.04368,0.0438,0.04384,0.043481,0.04416,0.04344,0.129721]",,,,,,,,,32,4,2048,768,151936,True,True,False,1969,3,50,4,2048,768,generic,generic,,,CUDA_EVENT,BF16,none
,,,,,,,,,,,,,,,,0.09752099961042404,0.2093610018491745,0.10828740045428276,0.10314049944281578,0.018759540171534198,50,3,"[0.21928,0.111561,0.10472,0.12188,0.10432,0.103201,0.10368,0.10316,0.1048,0.10092,0.0998,0.10608,0.097521,0.102721,0.10028,0.09916,0.10684,0.09944,0.10304,0.12968,0.135001,0.1076,0.10456,0.10316,0.12588,0.1052,0.103121,0.10288,0.10356,0.09976,0.10184,0.10032,0.10072,0.100961,0.100601,0.10172,0.209361,0.10912,0.10568,0.10544,0.107761,0.1036,0.10256,0.1018,0.10388,0.09948,0.10184,0.101681,0.10636,0.10144,0.1,0.09896,0.172]",0.09836000204086304,0.219760000705719,0.11112339958548546,0.10468000173568726,0.02423139967619934,50,3,"[0.1194,0.10844,0.10472,0.1094,0.105881,0.1048,0.11168,0.10612,0.10368,0.10296,0.10448,0.102881,0.10332,0.10204,0.1022,0.1004,0.10328,0.10244,0.10136,0.207481,0.11384,0.10888,0.10588,0.11048,0.107321,0.108441,0.10712,0.1042,0.10708,0.1024,0.10368,0.1056,0.105641,0.10404,0.10256,0.10412,0.21976,0.10836,0.10776,0.106281,0.10672,0.10404,0.10456,0.11076,0.10532,0.107761,0.102321,0.10132,0.10256,0.10376,0.10156,0.09836,0.189281]",0.04092000052332878,0.0987199991941452,0.0464784400165081,0.04413999989628792,0.010310329109360292,50,3,"[0.131801,0.04292,0.04408,0.046801,0.04452,0.0434,0.0446,0.04404,0.04316,0.04804,0.0434,0.04348,0.04252,0.0428,0.04568,0.04468,0.04544,0.04308,0.04416,0.09364,0.04516,0.04092,0.043,0.04512,0.04404,0.04356,0.04564,0.0442,0.0438,0.04376,0.04412,0.0442,0.04292,0.04484,0.04392,0.04336,0.05296,0.0446,0.044,0.04432,0.04516,0.04452,0.04324,0.04636,0.042441,0.04468,0.04348,0.04344,0.04484,0.04348,0.04368,0.048,0.09872]",,,,,,,,,32,4,2048,768,151936,True,True,False,1968,3,50,4,2048,768,generic,generic,,,CUDA_EVENT,BF16,none
,,,,,,,,,,,,,,,,0.09796000272035599,0.2242009937763214,0.10981144040822982,0.1027199998497963,0.025079567020291807,50,3,"[0.225801,0.109841,0.10388,0.1184,0.1044,0.10452,0.101401,0.10396,0.10204,0.1068,0.10272,0.10192,0.10272,0.100361,0.104001,0.10088,0.10328,0.09912,0.0994,0.16784,0.12336,0.107321,0.10028,0.10208,0.12696,0.10416,0.102681,0.101441,0.10372,0.0992,0.1008,0.1006,0.09796,0.10312,0.102601,0.100401,0.224201,0.10808,0.112,0.10392,0.105361,0.102481,0.10408,0.10372,0.10372,0.10016,0.1052,0.101641,0.09968,0.09836,0.1004,0.09876,0.21836]",0.09776099771261215,0.22308099269866943,0.11102897956967354,0.10448000207543373,0.025255959923831995,50,3,"[0.12428,0.11364,0.1038,0.10908,0.1106,0.104681,0.10452,0.104,0.10504,0.10268,0.10348,0.10528,0.101641,0.10276,0.10444,0.10468,0.1018,0.10796,0.10184,0.223081,0.1114,0.11504,0.10396,0.1046,0.10676,0.105681,0.10792,0.10408,0.1056,0.1098,0.101,0.1028,0.102961,0.097761,0.10308,0.10212,0.19252,0.10788,0.10952,0.106321,0.10436,0.10616,0.10372,0.10596,0.1032,0.10228,0.106801,0.10344,0.10196,0.10108,0.09972,0.1016,0.212801]",0.04039999842643738,0.11715999990701675,0.04681685984134674,0.043859999626874924,0.013602504143127416,50,3,"[0.12696,0.0466,0.04384,0.04528,0.04724,0.04308,0.04368,0.04412,0.04416,0.04436,0.04328,0.0404,0.04184,0.04232,0.04284,0.04388,0.04464,0.04608,0.04356,0.1088,0.04452,0.04496,0.04344,0.04332,0.045121,0.04372,0.04344,0.0432,0.04236,0.04588,0.04404,0.043801,0.04248,0.04376,0.04236,0.04388,0.04948,0.04384,0.045441,0.04312,0.04376,0.0462,0.04356,0.04372,0.0442,0.04456,0.04516,0.044,0.04384,0.04484,0.04428,0.04384,0.11716]",,,,,,,,,32,4,2048,768,151936,True,True,False,1967,3,50,4,2048,768,generic,generic,,,CUDA_EVENT,BF16,none
,,,,,,,,,,,,,,,,0.09719999879598618,0.22864000499248505,0.10890019968152047,0.10240000113844872,0.023778458482322042,50,3,"[0.22492,0.11208,0.10068,0.1204,0.10536,0.103081,0.10424,0.10236,0.10244,0.09864,0.10568,0.10028,0.10168,0.101121,0.1018,0.10556,0.09956,0.10116,0.10056,0.12508,0.12956,0.107201,0.10428,0.10144,0.12884,0.10328,0.10148,0.104361,0.100121,0.10128,0.09912,0.10168,0.10284,0.09992,0.09912,0.099761,0.22864,0.10668,0.10732,0.10912,0.10356,0.105601,0.103801,0.10448,0.09884,0.10096,0.09996,0.10536,0.101201,0.097481,0.10032,0.0972,0.2112]",0.09972000122070312,0.23100100457668304,0.11176581978797913,0.1047000028192997,0.026690721610528993,50,3,"[0.1194,0.10776,0.10916,0.11172,0.104281,0.10904,0.10276,0.10312,0.10112,0.1024,0.10304,0.102441,0.102001,0.10192,0.10408,0.10384,0.10296,0.09972,0.10304,0.199121,0.110881,0.11056,0.1104,0.10604,0.10644,0.10656,0.105681,0.10548,0.10548,0.10484,0.10736,0.1042,0.10364,0.09988,0.102201,0.1066,0.217441,0.11176,0.10804,0.111,0.106041,0.1072,0.1138,0.10572,0.1034,0.10136,0.10532,0.101401,0.10128,0.1028,0.10332,0.10456,0.231001]",0.04039999842643738,0.08560000360012054,0.04582728050649166,0.04388049989938736,0.007977120628534924,50,3,"[0.126161,0.04524,0.04336,0.04712,0.04416,0.04808,0.04408,0.0432,0.043,0.04416,0.042481,0.04304,0.04396,0.05128,0.04376,0.04348,0.04348,0.04384,0.044961,0.0856,0.04444,0.04408,0.04364,0.04336,0.04444,0.0468,0.0436,0.04344,0.04284,0.04492,0.0452,0.04304,0.043921,0.04368,0.04312,0.04528,0.0522,0.0414,0.04432,0.043561,0.04608,0.0444,0.04512,0.04348,0.04264,0.04444,0.04344,0.0404,0.04448,0.0434,0.04168,0.04324,0.0816]",,,,,,,,,32,4,2048,768,151936,True,True,False,1966,3,50,4,2048,768,generic,generic,,,CUDA_EVENT,BF16,none
,,,,,,,,,,,,,,,,0.09691999852657318,0.21872100234031677,0.10823379963636398,0.10232000052928925,0.02192622873147503,50,3,"[0.221401,0.10896,0.10424,0.11496,0.10276,0.10568,0.09908,0.1028,0.105921,0.10048,0.09808,0.1004,0.09932,0.10028,0.10228,0.100201,0.1002,0.0974,0.10116,0.12724,0.13008,0.106041,0.10084,0.10236,0.12792,0.10948,0.1026,0.103961,0.10368,0.10184,0.10484,0.09844,0.09908,0.106281,0.09692,0.09964,0.218721,0.11188,0.104081,0.10324,0.10676,0.10312,0.10512,0.10324,0.102121,0.10208,0.09988,0.10048,0.09804,0.10156,0.100121,0.098721,0.20028]",0.09848000109195709,0.23048099875450134,0.11305865973234176,0.10532000288367271,0.029472751419498434,50,3,"[0.11848,0.10772,0.105041,0.11324,0.1072,0.10524,0.102401,0.104361,0.10524,0.104,0.10264,0.10956,0.10436,0.103761,0.10352,0.10336,0.10852,0.103,0.10376,0.229721,0.116601,0.10708,0.1054,0.10544,0.10748,0.106841,0.105921,0.10612,0.11304,0.10436,0.10516,0.103441,0.104721,0.10368,0.10576,0.10324,0.22676,0.109041,0.10864,0.1068,0.11168,0.10356,0.1064,0.109441,0.10504,0.1054,0.09848,0.103,0.10648,0.101961,0.10188,0.09972,0.230481]",0.04115999862551689,0.10939999669790268,0.04659764006733894,0.04363999888300896,0.012500806834720726,50,3,"[0.12704,0.04536,0.043,0.04628,0.04348,0.04272,0.04876,0.04368,0.04424,0.04236,0.04304,0.0432,0.043121,0.0428,0.04292,0.0426,0.04484,0.04288,0.043,0.1094,0.04816,0.04432,0.04268,0.04396,0.04388,0.04404,0.04364,0.04364,0.04568,0.04384,0.043841,0.0444,0.04228,0.04116,0.0436,0.0436,0.04904,0.04496,0.04356,0.04336,0.04588,0.0442,0.04448,0.04952,0.04276,0.04468,0.04348,0.04324,0.04348,0.04424,0.04276,0.04312,0.10508]",,,,,,,,,32,4,2048,768,151936,True,True,False,1965,3,50,4,2048,768,generic,generic,,,CUDA_EVENT,BF16,none
,,,,,,,,,,,,,,,,0.097680002450943,0.24955999851226807,0.1097994202375412,0.10269999876618385,0.027008096116644023,50,3,"[0.221521,0.1128,0.102441,0.12364,0.10416,0.10468,0.101521,0.101401,0.10308,0.09872,0.10044,0.10048,0.09964,0.100361,0.10436,0.09976,0.10108,0.1022,0.10016,0.132721,0.129481,0.10596,0.10424,0.10288,0.12656,0.101601,0.10548,0.10236,0.10228,0.10152,0.09768,0.100521,0.09956,0.10444,0.09992,0.0986,0.24956,0.105841,0.11056,0.1044,0.10464,0.10312,0.104961,0.10564,0.10068,0.10252,0.10652,0.10424,0.099361,0.09852,0.10132,0.10352,0.223081]",0.09956000000238419,0.2399200052022934,0.11160098075866699,0.1050805002450943,0.0258548371476141,50,3,"[0.12328,0.108321,0.10424,0.10896,0.10796,0.104841,0.10344,0.10364,0.10332,0.10904,0.10232,0.10332,0.102401,0.10256,0.10432,0.10372,0.10188,0.10124,0.103241,0.1914,0.111,0.1098,0.10656,0.10472,0.106161,0.10704,0.10332,0.10532,0.10532,0.109881,0.103441,0.10388,0.10248,0.10124,0.11024,0.10356,0.202441,0.10864,0.10792,0.10836,0.10552,0.114321,0.10588,0.1076,0.10656,0.10552,0.10652,0.102321,0.10196,0.10156,0.10388,0.09956,0.23992]",0.03956000134348869,0.1128000020980835,0.046533680260181426,0.04394000023603439,0.012009384876683538,50,3,"[0.1294,0.04492,0.04424,0.04572,0.046961,0.04368,0.04508,0.04532,0.04264,0.04728,0.0434,0.04252,0.04244,0.0434,0.04564,0.04328,0.04244,0.048001,0.04396,0.1128,0.046,0.04544,0.04368,0.04232,0.04432,0.0432,0.0438,0.04444,0.043321,0.04676,0.04388,0.04528,0.03976,0.04324,0.04444,0.043001,0.04908,0.04484,0.04416,0.04392,0.04468,0.04448,0.04416,0.0432,0.04304,0.04492,0.04492,0.043,0.04388,0.04212,0.03956,0.0438,0.09548]",,,,,,,,,32,4,2048,768,151936,True,True,False,1964,3,50,4,2048,768,generic,generic,,,CUDA_EVENT,BF16,none
,,,,,,,,,,,,,,,,0.09860000014305115,0.26688000559806824,0.11133059963583947,0.10318099707365036,0.029308398701261305,50,3,"[0.226161,0.1124,0.101321,0.12128,0.10596,0.1006,0.1036,0.103441,0.103841,0.10284,0.10892,0.10164,0.09948,0.10168,0.10116,0.10144,0.102961,0.10036,0.10832,0.1376,0.1308,0.1096,0.11012,0.102001,0.12724,0.11016,0.10408,0.10516,0.102,0.101201,0.103401,0.0986,0.10284,0.10024,0.09996,0.10172,0.26688,0.117241,0.10584,0.10624,0.10212,0.10536,0.10608,0.103561,0.103481,0.10108,0.10236,0.101,0.10112,0.1016,0.09948,0.099001,0.22984]",0.09771999716758728,0.21592000126838684,0.11198654025793076,0.10538000240921974,0.025778441026737865,50,3,"[0.12176,0.107561,0.1092,0.10916,0.10536,0.10836,0.103921,0.1066,0.10304,0.10528,0.10496,0.10336,0.10328,0.10828,0.105601,0.10464,0.10284,0.10408,0.10352,0.21592,0.11152,0.110521,0.107761,0.10756,0.10876,0.10744,0.1046,0.10616,0.114521,0.10604,0.10308,0.1032,0.1034,0.10664,0.10176,0.1044,0.21076,0.10988,0.10708,0.10824,0.104,0.10544,0.106801,0.11516,0.1054,0.1038,0.10296,0.10284,0.09892,0.10348,0.098561,0.09772,0.21272]",0.04148000106215477,0.12184000015258789,0.047402440086007115,0.044340500608086586,0.01383983252395351,50,3,"[0.12616,0.04456,0.04488,0.0452,0.04368,0.04388,0.04536,0.04352,0.0496,0.04388,0.04388,0.04376,0.04436,0.04536,0.04408,0.04364,0.0442,0.04444,0.0432,0.12184,0.04888,0.04452,0.04384,0.04492,0.04424,0.04532,0.0444,0.044561,0.04616,0.04388,0.04476,0.04432,0.0446,0.04544,0.04288,0.04352,0.05068,0.04508,0.04512,0.0434,0.04148,0.0444,0.04376,0.04504,0.04348,0.04496,0.0434,0.04388,0.044321,0.04352,0.04404,0.04652,0.10692]",,,,,,,,,32,4,2048,768,151936,True,True,False,1963,3,50,4,2048,768,generic,generic,,,CUDA_EVENT,BF16,none
,,,,,,,,,,,,,,,,0.09747999906539917,0.2181210070848465,0.1100594399869442,0.10339999943971634,0.0230998832831817,50,3,"[0.22928,0.11696,0.10164,0.123321,0.1122,0.10476,0.10116,0.10324,0.10188,0.10324,0.09928,0.100441,0.108081,0.10192,0.10184,0.09948,0.1008,0.10828,0.09948,0.146441,0.129041,0.10868,0.10408,0.10304,0.13652,0.10492,0.103881,0.10256,0.105,0.10364,0.10144,0.10032,0.10728,0.10224,0.098001,0.100201,0.218121,0.1076,0.107,0.10244,0.10464,0.102841,0.1056,0.10356,0.10708,0.10372,0.10068,0.101,0.10132,0.103561,0.099881,0.09748,0.20976]",0.10152100026607513,0.23880000412464142,0.11221224039793015,0.10486000031232834,0.026998298235516034,50,3,"[0.122001,0.10864,0.10152,0.11076,0.10656,0.10436,0.10428,0.1076,0.10444,0.101521,0.103201,0.10504,0.10196,0.10468,0.10524,0.10308,0.10376,0.10448,0.103521,0.20348,0.11464,0.10748,0.10876,0.10652,0.108881,0.107641,0.10636,0.11048,0.10232,0.1096,0.10248,0.103,0.103841,0.104561,0.10456,0.10556,0.2388,0.109,0.10676,0.111161,0.103361,0.10696,0.1058,0.1068,0.10412,0.10256,0.10348,0.107201,0.102321,0.10224,0.10352,0.10176,0.210121]",0.04083999991416931,0.12291999906301498,0.047312099933624265,0.04402049817144871,0.013386273032392072,50,3,"[0.12632,0.0452,0.044281,0.0458,0.04372,0.04404,0.04404,0.04928,0.043921,0.04432,0.04312,0.0434,0.04272,0.0432,0.04356,0.04348,0.04336,0.044761,0.04492,0.12292,0.04504,0.0456,0.044,0.0456,0.04472,0.044,0.044,0.04488,0.04316,0.044,0.05008,0.044001,0.044,0.04296,0.04272,0.0456,0.05272,0.04428,0.045081,0.04752,0.04388,0.04084,0.04876,0.04348,0.0434,0.04568,0.042641,0.04556,0.04348,0.04404,0.043,0.04708,0.09924]",,,,,,,,,32,4,2048,768,151936,True,True,False,1962,3,50,4,2048,768,generic,generic,,,CUDA_EVENT,BF16,none
,,,,,,,,,,,,,,,,0.09616000205278397,0.21716000139713287,0.10820177987217904,0.10224000364542007,0.021397668591850535,50,3,"[0.22084,0.1108,0.10288,0.119001,0.10484,0.10104,0.10564,0.10036,0.1046,0.101961,0.103161,0.10128,0.10116,0.10756,0.09924,0.10076,0.10168,0.101521,0.1006,0.1246,0.12524,0.10568,0.10548,0.10224,0.126921,0.1068,0.10324,0.10312,0.0992,0.10248,0.100361,0.0978,0.10156,0.10316,0.1016,0.09616,0.21716,0.11084,0.103961,0.10624,0.10108,0.10224,0.10364,0.10276,0.101801,0.10676,0.10152,0.1006,0.10076,0.09804,0.09616,0.09852,0.197961]",0.09904100000858307,0.2316800057888031,0.1126866202056408,0.10474050045013428,0.027178872418429912,50,3,"[0.120441,0.1064,0.105961,0.12096,0.10608,0.104,0.104,0.10204,0.106761,0.104,0.10108,0.10396,0.10436,0.10416,0.10468,0.104201,0.109401,0.10292,0.10308,0.2256,0.12036,0.10988,0.107121,0.106721,0.10588,0.107,0.1068,0.10568,0.110721,0.104681,0.10316,0.10244,0.10252,0.1048,0.1038,0.10272,0.23168,0.112041,0.1092,0.107,0.1136,0.10468,0.107,0.108001,0.10556,0.10304,0.10216,0.10436,0.11024,0.10328,0.099041,0.101241,0.19664]",0.04236000031232834,0.10496100038290024,0.046689739972352984,0.043960001319646835,0.011367590255144595,50,3,"[0.12664,0.044801,0.0436,0.0464,0.04396,0.044,0.04436,0.04424,0.04268,0.04276,0.044,0.04932,0.0428,0.04316,0.043841,0.04236,0.04292,0.04348,0.04496,0.104961,0.04524,0.043721,0.04384,0.0536,0.04472,0.04444,0.04412,0.043601,0.04452,0.04268,0.04404,0.04384,0.04532,0.04576,0.04392,0.043361,0.05052,0.04568,0.0436,0.04396,0.04496,0.0426,0.04344,0.04284,0.04392,0.04468,0.04352,0.04328,0.04368,0.043681,0.04488,0.0444,0.097921]",,,,,,,,,32,4,2048,768,151936,True,True,False,1961,3,50,4,2048,768,generic,generic,,,CUDA_EVENT,BF16,none
,,,,,,,,,,,,,,,,0.09736000001430511,0.21672099828720093,0.10820822030305863,0.10210049897432327,0.02117882874336299,50,3,"[0.22648,0.11268,0.10352,0.11976,0.106121,0.10356,0.10004,0.10432,0.10112,0.1,0.09892,0.099681,0.10204,0.09736,0.10692,0.09944,0.10364,0.09876,0.10196,0.134481,0.128281,0.10396,0.10168,0.10944,0.12284,0.103441,0.103481,0.10216,0.10516,0.09932,0.1022,0.10484,0.10012,0.102041,0.09872,0.1012,0.216721,0.10884,0.10664,0.101881,0.10532,0.10064,0.10452,0.10708,0.1022,0.09876,0.098681,0.10196,0.09908,0.10108,0.09864,0.0982,0.193161]",0.09892000257968903,0.23367999494075775,0.11154659986495971,0.10534000024199486,0.024715895073340727,50,3,"[0.1214,0.10872,0.1052,0.109641,0.1052,0.10592,0.10572,0.10464,0.105,0.108881,0.102681,0.1026,0.10452,0.103,0.09892,0.10336,0.10432,0.102081,0.102281,0.18048,0.11252,0.11084,0.10628,0.10648,0.106681,0.10528,0.11008,0.1044,0.10492,0.1072,0.1032,0.105961,0.103921,0.10508,0.1098,0.1002,0.20504,0.1096,0.112521,0.10556,0.1054,0.106,0.10588,0.10444,0.10068,0.106881,0.10912,0.10344,0.10192,0.104,0.105,0.10608,0.23368]",0.04035999998450279,0.12172000110149384,0.04697690024971962,0.04424000158905983,0.012273336827276651,50,3,"[0.12692,0.0504,0.04464,0.0458,0.04636,0.0436,0.04412,0.04384,0.043241,0.04828,0.04272,0.04256,0.04236,0.0434,0.0414,0.044,0.043761,0.04912,0.04308,0.0854,0.04504,0.05044,0.04312,0.044241,0.04308,0.04336,0.04484,0.04476,0.0438,0.049,0.044241,0.04424,0.0446,0.04444,0.04464,0.04324,0.04868,0.044321,0.04704,0.04332,0.04456,0.048,0.04036,0.04328,0.04312,0.04424,0.04632,0.0452,0.04388,0.04388,0.04368,0.04712,0.12172]",,,,,,,,,32,4,2048,768,151936,True,True,False,1960,3,50,4,2048,768,generic,generic,,,CUDA_EVENT,BF16,none
,,,,,,,,,,,,,,,,0.0979200005531311,0.2173600047826767,0.11003938004374504,0.10311999917030334,0.02347561382531586,50,3,"[0.14708,0.113161,0.10432,0.12028,0.1056,0.104321,0.113441,0.10316,0.1036,0.10192,0.10128,0.1008,0.10152,0.102161,0.104161,0.09992,0.10116,0.09792,0.09936,0.14768,0.12628,0.105921,0.14548,0.1044,0.10164,0.10508,0.10688,0.102841,0.10108,0.10308,0.10264,0.09876,0.10228,0.099,0.10376,0.099201,0.21736,0.10904,0.11336,0.10492,0.10468,0.10384,0.103641,0.10564,0.10176,0.10072,0.10584,0.0994,0.101,0.100961,0.10188,0.09952,0.2118]",0.1011200025677681,0.25732100009918213,0.11263947963714599,0.1053600013256073,0.028728684788224622,50,3,"[0.12948,0.10944,0.1054,0.11,0.106841,0.10656,0.1056,0.10532,0.10396,0.11056,0.102,0.104921,0.104761,0.1024,0.10356,0.10424,0.10328,0.10236,0.10228,0.257321,0.111281,0.11328,0.10296,0.10568,0.107,0.107561,0.107841,0.1054,0.10544,0.1102,0.10144,0.10592,0.10164,0.103161,0.103881,0.104,0.197441,0.1094,0.10704,0.1072,0.106641,0.11168,0.1072,0.10512,0.1036,0.10368,0.10404,0.103161,0.103121,0.11204,0.10112,0.10236,0.214481]",0.0371600016951561,0.11104000359773636,0.044106520190835,0.041179999709129333,0.011586481384598757,50,3,"[0.128361,0.04296,0.04048,0.042721,0.04608,0.04076,0.04364,0.041,0.04056,0.0414,0.040401,0.04112,0.04044,0.0404,0.04364,0.03992,0.03716,0.04868,0.04156,0.08524,0.04272,0.04248,0.04028,0.04152,0.047961,0.0402,0.04116,0.04024,0.04,0.04156,0.0412,0.0412,0.042481,0.04064,0.04052,0.04096,0.0504,0.04328,0.0398,0.040561,0.04128,0.04212,0.04024,0.04064,0.04788,0.04236,0.040321,0.0398,0.04116,0.042,0.03996,0.04264,0.11104]",,,,,,,,,32,4,2048,768,151936,True,True,False,1985,3,50,8,2048,768,generic,generic,,,CUDA_EVENT,BF16,none
,,,,,,,,,,,,,,,,0.09696000069379807,0.22040100395679474,0.10903702035546303,0.10175999999046326,0.023936283085213055,50,3,"[0.14392,0.10656,0.1024,0.117721,0.10112,0.101,0.10184,0.10116,0.10056,0.10152,0.099321,0.099441,0.10084,0.09696,0.09932,0.09856,0.09948,0.0992,0.0998,0.148441,0.125801,0.1096,0.10272,0.10268,0.1272,0.102521,0.1046,0.1094,0.10316,0.10324,0.099,0.09844,0.10428,0.101401,0.10032,0.09896,0.216401,0.109,0.10736,0.10168,0.106241,0.10416,0.10496,0.10456,0.1074,0.10312,0.09916,0.101561,0.10412,0.10156,0.09988,0.10068,0.220401]",0.10072000324726105,0.22032000124454498,0.11205859944224357,0.10557999834418297,0.02626259608276413,50,3,"[0.117201,0.1066,0.10384,0.11024,0.1056,0.11008,0.1048,0.10576,0.102321,0.102441,0.10796,0.10404,0.1048,0.10216,0.1036,0.1062,0.10204,0.104161,0.101761,0.20616,0.11168,0.10736,0.10644,0.10556,0.109721,0.10572,0.10536,0.10604,0.10408,0.1052,0.10204,0.102481,0.106441,0.1036,0.10432,0.11312,0.22032,0.1104,0.10648,0.109161,0.106,0.10624,0.10744,0.10596,0.10416,0.104521,0.101881,0.11152,0.10172,0.10136,0.10268,0.10072,0.21908]",0.03728000074625015,0.11804000288248062,0.044217679873108866,0.04089999943971634,0.01317806039460896,50,3,"[0.12924,0.04268,0.04264,0.0434,0.04216,0.04092,0.04132,0.040721,0.0376,0.0406,0.03728,0.03956,0.03992,0.03948,0.0402,0.04108,0.040241,0.0398,0.04076,0.11804,0.04324,0.04208,0.04004,0.040761,0.04156,0.04048,0.04076,0.04336,0.0404,0.03972,0.045881,0.04224,0.04172,0.04164,0.04044,0.04268,0.07012,0.043,0.04128,0.03844,0.04384,0.04056,0.04668,0.04104,0.04088,0.04296,0.04084,0.04308,0.04008,0.04124,0.03736,0.04088,0.08852]",,,,,,,,,32,4,2048,768,151936,True,True,False,1984,3,50,8,2048,768,generic,generic,,,CUDA_EVENT,BF16,none
,,,,,,,,,,,,,,,,0.09839999675750732,0.21872000396251678,0.10977059975266457,0.10308049991726875,0.023520326534099658,50,3,"[0.14488,0.111241,0.104441,0.12036,0.10432,0.10364,0.10384,0.101481,0.104761,0.10076,0.10296,0.09972,0.0986,0.10528,0.09952,0.10016,0.098681,0.1018,0.10544,0.14996,0.12568,0.10528,0.108121,0.102201,0.12608,0.10976,0.1026,0.10332,0.10304,0.102521,0.101761,0.1004,0.09916,0.10172,0.10092,0.09928,0.21872,0.113001,0.10748,0.10288,0.10324,0.10516,0.10468,0.10364,0.103121,0.10828,0.10272,0.10224,0.10132,0.09876,0.1066,0.0984,0.215161]",0.09984000027179718,0.22752000391483307,0.11139857947826386,0.10406100004911423,0.027553589751904726,50,3,"[0.1204,0.10536,0.10556,0.11788,0.10572,0.10284,0.104521,0.10392,0.10488,0.10364,0.10256,0.10204,0.10072,0.1026,0.104001,0.10124,0.102,0.10268,0.10424,0.22752,0.11556,0.107721,0.10356,0.10284,0.1044,0.10796,0.10376,0.1048,0.108641,0.10536,0.10352,0.1018,0.10476,0.106,0.10016,0.10392,0.202401,0.10544,0.1064,0.10612,0.11352,0.10456,0.107241,0.104121,0.10432,0.10332,0.10172,0.1028,0.09984,0.10188,0.101041,0.100361,0.22708]",0.03739999979734421,0.12467999756336212,0.043692080080509184,0.040800001472234726,0.01300055496269417,50,3,"[0.1278,0.0384,0.0412,0.04296,0.04088,0.03992,0.04104,0.04076,0.04384,0.03972,0.04024,0.04104,0.04028,0.0408,0.0406,0.04032,0.04636,0.0374,0.0406,0.12468,0.042921,0.04092,0.04096,0.04044,0.04212,0.04072,0.0402,0.04052,0.041,0.04036,0.04204,0.04156,0.04,0.0424,0.0408,0.040481,0.04708,0.041,0.04216,0.04024,0.04224,0.04024,0.04148,0.0406,0.03832,0.04284,0.03996,0.04124,0.04564,0.040641,0.04024,0.04,0.081801]",,,,,,,,,32,4,2048,768,151936,True,True,False,1983,3,50,8,2048,768,generic,generic,,,CUDA_EVENT,BF16,none
,,,,,,,,,,,,,,,,0.09747999906539917,0.22220000624656677,0.10911300003528596,0.10335999727249146,0.02025232013662842,50,3,"[0.1438,0.109201,0.10136,0.1254,0.10572,0.1042,0.10292,0.100841,0.10344,0.10184,0.10012,0.10824,0.09748,0.09952,0.10124,0.100161,0.104481,0.09908,0.1026,0.13352,0.1362,0.1072,0.102521,0.112241,0.125,0.1038,0.1036,0.10216,0.10464,0.109,0.104001,0.10044,0.10156,0.10244,0.09988,0.1004,0.2222,0.107281,0.105,0.10476,0.10516,0.10236,0.10336,0.108521,0.102441,0.10336,0.1008,0.101,0.10156,0.10196,0.10016,0.107921,0.17192]",0.09960100054740906,0.22976000607013702,0.1123889997601509,0.10446050018072128,0.028214476176607627,50,3,"[0.11768,0.10644,0.10224,0.11028,0.1042,0.104721,0.109441,0.10488,0.10344,0.10296,0.10408,0.10356,0.10308,0.103041,0.103521,0.10376,0.10276,0.10336,0.10244,0.21764,0.11184,0.106121,0.10356,0.10308,0.10796,0.10592,0.1146,0.10656,0.105521,0.10676,0.10372,0.10512,0.10136,0.10488,0.1034,0.10412,0.222481,0.11072,0.11232,0.1072,0.10972,0.10652,0.105641,0.10816,0.10328,0.10324,0.10988,0.10296,0.10224,0.099601,0.102481,0.10156,0.22976]",0.0363209992647171,0.14000000059604645,0.04441134013235569,0.04088049940764904,0.01631118374829092,50,3,"[0.12896,0.0414,0.03992,0.04184,0.040881,0.04148,0.04344,0.04032,0.03964,0.04368,0.04,0.0408,0.036321,0.04,0.04052,0.04072,0.03668,0.04032,0.04012,0.14,0.042881,0.04256,0.04064,0.04112,0.04192,0.03988,0.04068,0.04088,0.0408,0.041,0.03984,0.04352,0.0408,0.04008,0.04816,0.039721,0.04792,0.0436,0.04116,0.043,0.04112,0.040841,0.04076,0.04128,0.04104,0.04244,0.0424,0.03808,0.040401,0.04156,0.04092,0.03952,0.103281]",,,,,,,,,32,4,2048,768,151936,True,True,False,1982,3,50,8,2048,768,generic,generic,,,CUDA_EVENT,BF16,none
,,,,,,,,,,,,,,,,0.09707999974489212,0.22076000273227692,0.1086474198102951,0.10279999673366547,0.021077443391654134,50,3,"[0.14456,0.12032,0.10272,0.12096,0.108281,0.104801,0.10148,0.10356,0.10228,0.09856,0.10252,0.10012,0.107641,0.100561,0.1008,0.09864,0.09976,0.10688,0.0988,0.13728,0.12524,0.112081,0.10404,0.10404,0.12628,0.1022,0.10608,0.103561,0.103161,0.10528,0.09928,0.10216,0.09852,0.10308,0.09916,0.09952,0.22076,0.106441,0.10416,0.10364,0.10236,0.10896,0.10468,0.102281,0.101721,0.10348,0.1008,0.10044,0.1008,0.09968,0.102,0.09708,0.186481]",0.09956000000238419,0.22463999688625336,0.11081941962242127,0.10444000363349915,0.02526161980682195,50,3,"[0.11968,0.10732,0.10364,0.110321,0.10636,0.1032,0.10444,0.10856,0.10404,0.1006,0.10276,0.102441,0.09956,0.10256,0.10376,0.10364,0.1046,0.1052,0.101,0.206361,0.112801,0.10816,0.10576,0.10544,0.1064,0.10604,0.104961,0.10444,0.10368,0.10592,0.1034,0.10336,0.10944,0.10268,0.103961,0.103441,0.198001,0.10896,0.10712,0.10612,0.10488,0.10104,0.105401,0.10644,0.10308,0.10324,0.10292,0.10228,0.1022,0.10564,0.099681,0.100041,0.22464]",0.03680000081658363,0.10676000267267227,0.04388482004404068,0.040720000863075256,0.012658446887208855,50,3,"[0.127921,0.04164,0.04172,0.04248,0.04124,0.04092,0.04104,0.04196,0.03952,0.0408,0.04076,0.0402,0.0428,0.04052,0.0406,0.05092,0.04052,0.04092,0.040841,0.10676,0.04196,0.04032,0.04064,0.04064,0.04124,0.03992,0.04016,0.04148,0.04092,0.04152,0.04116,0.04064,0.04288,0.04104,0.04008,0.0368,0.06764,0.04024,0.0406,0.04,0.04072,0.03848,0.0402,0.03988,0.04144,0.04072,0.04056,0.04048,0.04016,0.0424,0.03948,0.03912,0.09792]",,,,,,,,,32,4,2048,768,151936,True,True,False,1981,3,50,8,2048,768,generic,generic,,,CUDA_EVENT,BF16,none
,,,,,,,,,,,,,,,,0.09728100150823593,0.19056099653244019,0.10811221987009048,0.10339999943971634,0.017911955925638566,50,3,"[0.14672,0.11432,0.10292,0.11768,0.10456,0.102521,0.10364,0.10556,0.10232,0.10228,0.09956,0.10044,0.097281,0.10148,0.09904,0.1068,0.10096,0.09904,0.10244,0.133001,0.127041,0.104,0.10468,0.10628,0.12524,0.105281,0.10104,0.11248,0.10332,0.104,0.09884,0.100241,0.104721,0.10012,0.0996,0.09908,0.190561,0.1088,0.10532,0.109921,0.10564,0.10348,0.10256,0.10384,0.10592,0.102641,0.10132,0.10424,0.10076,0.10172,0.09844,0.09892,0.186961]",0.09700100123882294,0.24884000420570374,0.1124786002933979,0.1045605018734932,0.0298797713287097,50,3,"[0.1174,0.10596,0.10404,0.1084,0.104721,0.10576,0.10336,0.10456,0.10044,0.10288,0.109361,0.104561,0.10232,0.10344,0.10428,0.10284,0.1024,0.10368,0.101241,0.20684,0.11296,0.11,0.1096,0.10616,0.107601,0.10664,0.1066,0.10756,0.10364,0.10368,0.109081,0.10308,0.10088,0.10256,0.10356,0.10836,0.24884,0.10828,0.109001,0.10936,0.10512,0.10504,0.11836,0.105761,0.102001,0.1032,0.10336,0.10324,0.09984,0.10316,0.09896,0.097001,0.23036]",0.03683999925851822,0.10180100053548813,0.04389204010367394,0.04098000004887581,0.01080360474775582,50,3,"[0.128441,0.04212,0.04344,0.04192,0.03684,0.04456,0.0414,0.04028,0.04064,0.039721,0.03832,0.04092,0.04168,0.04036,0.04072,0.0424,0.04048,0.04032,0.0486,0.08304,0.04328,0.04108,0.03892,0.04084,0.04096,0.04728,0.04064,0.04192,0.04012,0.0402,0.04324,0.04092,0.04064,0.04184,0.04044,0.04272,0.06448,0.04184,0.04216,0.04224,0.0416,0.041,0.04312,0.03776,0.0412,0.04256,0.04044,0.03812,0.04072,0.04088,0.04768,0.03976,0.101801]",,,,,,,,,32,4,2048,768,151936,True,True,False,1980,3,50,8,2048,768,generic,generic,,,CUDA_EVENT,BF16,none
,,,,,,,,,,,,,,,,0.09672100096940994,0.23535999655723572,0.10953779950737953,0.10264049842953682,0.02436256642392716,50,3,"[0.14368,0.112801,0.10724,0.11584,0.10336,0.10316,0.1006,0.102721,0.10136,0.10272,0.10344,0.10044,0.09984,0.10616,0.101521,0.099321,0.09892,0.1002,0.1064,0.13288,0.1284,0.1064,0.098561,0.103961,0.13108,0.1156,0.10876,0.10312,0.102561,0.100761,0.1022,0.10044,0.10068,0.10176,0.09936,0.1018,0.23536,0.11712,0.10668,0.10436,0.10632,0.10428,0.105401,0.10184,0.09988,0.10932,0.09992,0.09992,0.09988,0.09948,0.096721,0.097881,0.2082]",0.10063999891281128,0.229761004447937,0.11188102036714553,0.10468000173568726,0.027299829659349115,50,3,"[0.1174,0.10748,0.10192,0.10892,0.1038,0.103041,0.103481,0.10456,0.11272,0.1026,0.10236,0.10228,0.10312,0.106681,0.1048,0.1026,0.10304,0.10232,0.10284,0.216601,0.11048,0.107161,0.10508,0.10364,0.10836,0.1078,0.10728,0.106161,0.11028,0.10584,0.10104,0.10408,0.1034,0.10984,0.10368,0.101561,0.229761,0.10932,0.10756,0.10416,0.1104,0.105681,0.1044,0.10636,0.1014,0.10256,0.10256,0.1014,0.105281,0.105041,0.10516,0.10064,0.21092]",0.03728000074625015,0.11240000277757645,0.044135299995541576,0.04122049920260906,0.013331970989648596,50,3,"[0.12772,0.0428,0.04292,0.04328,0.041201,0.04152,0.03756,0.0408,0.04096,0.04064,0.0408,0.048601,0.04004,0.03988,0.03952,0.03972,0.04028,0.0404,0.04156,0.1044,0.047361,0.04228,0.04104,0.04176,0.041,0.04216,0.041961,0.04052,0.04192,0.04012,0.04316,0.04008,0.04268,0.04388,0.04124,0.03792,0.04896,0.04168,0.04088,0.04072,0.04308,0.04148,0.0374,0.04268,0.04016,0.042,0.03728,0.041681,0.04308,0.0418,0.04048,0.04076,0.1124]",,,,,,,,,32,4,2048,768,151936,True,True,False,1979,3,50,8,2048,768,generic,generic,,,CUDA_EVENT,BF16,none
,,,,,,,,,,,,,,,,0.09780000150203705,0.20660099387168884,0.10814258024096489,0.1025799997150898,0.01918969994870148,50,3,"[0.14212,0.11084,0.10236,0.120681,0.103921,0.10204,0.1064,0.10184,0.10044,0.0978,0.10144,0.102921,0.09892,0.10112,0.0986,0.1028,0.10208,0.10228,0.10196,0.138441,0.1276,0.10656,0.1056,0.105,0.12724,0.103801,0.10636,0.10236,0.10148,0.10292,0.0988,0.10672,0.10048,0.099921,0.10176,0.10144,0.206601,0.10596,0.10664,0.10396,0.103201,0.10304,0.1036,0.10968,0.1016,0.10316,0.10088,0.099121,0.10056,0.09912,0.10004,0.09832,0.17992]",0.09904000163078308,0.21140000224113464,0.11132581993937492,0.10496000200510025,0.024224519612625638,50,3,"[0.124921,0.10532,0.10244,0.10984,0.108,0.10356,0.10296,0.10316,0.10428,0.106321,0.100441,0.1048,0.10268,0.10308,0.1088,0.10384,0.10184,0.101881,0.103961,0.2114,0.11332,0.109,0.1052,0.10652,0.105361,0.10832,0.10476,0.10484,0.10352,0.10312,0.10192,0.101561,0.103401,0.10112,0.10672,0.10336,0.21116,0.1106,0.11136,0.106241,0.10508,0.10588,0.10648,0.11072,0.10556,0.106041,0.112561,0.10256,0.10376,0.10336,0.09904,0.10704,0.195961]",0.03539999946951866,0.10187999904155731,0.04343523986637592,0.04100000113248825,0.011182199911041019,50,3,"[0.1272,0.04152,0.0404,0.04224,0.04064,0.04064,0.04104,0.03964,0.040201,0.04096,0.03948,0.0408,0.03964,0.04108,0.04268,0.04144,0.040801,0.041,0.04096,0.10188,0.0426,0.04992,0.04056,0.04108,0.04124,0.0402,0.04096,0.04088,0.041,0.0354,0.04104,0.0402,0.04124,0.04164,0.0418,0.04112,0.0508,0.04184,0.04156,0.0406,0.04176,0.04024,0.04076,0.041,0.04104,0.0406,0.0412,0.04028,0.03988,0.04104,0.04008,0.04096,0.09212]",,,,,,,,,32,4,2048,768,151936,True,True,False,1978,3,50,8,2048,768,generic,generic,,,CUDA_EVENT,BF16,none
,,,,,,,,,,,,,,,,0.09532000124454498,0.21476000547409058,0.10805061995983124,0.10140049830079079,0.02209861426030777,50,3,"[0.15032,0.12456,0.105,0.118761,0.1122,0.10376,0.099,0.10224,0.09988,0.10524,0.098961,0.099081,0.09924,0.0984,0.10708,0.09796,0.10128,0.09836,0.10024,0.125681,0.131161,0.10688,0.10144,0.10348,0.12612,0.10424,0.112521,0.101361,0.102,0.09884,0.10012,0.09532,0.09968,0.0998,0.09848,0.100841,0.20532,0.10764,0.10404,0.10432,0.1056,0.10188,0.103681,0.10676,0.10048,0.10168,0.10056,0.10072,0.09908,0.09996,0.096841,0.099561,0.21476]",0.10007999837398529,0.21240000426769257,0.11079699978232384,0.10405999794602394,0.024150839047449302,50,3,"[0.117921,0.10716,0.103441,0.11028,0.10184,0.10408,0.10424,0.10248,0.10316,0.105281,0.10348,0.10024,0.10112,0.1018,0.1038,0.10032,0.1034,0.11012,0.101001,0.20188,0.1136,0.114,0.10568,0.1036,0.10604,0.106401,0.1062,0.10444,0.10312,0.11168,0.10096,0.10356,0.1018,0.101281,0.108801,0.1018,0.201681,0.10964,0.11136,0.105,0.107681,0.102401,0.10448,0.10452,0.10244,0.10584,0.10364,0.10404,0.102961,0.102281,0.10008,0.10792,0.2124]",0.03612000122666359,0.11219999939203262,0.04376484014093876,0.04079999960958958,0.01370568353877216,50,3,"[0.126,0.04176,0.04124,0.04164,0.03948,0.04064,0.04068,0.041561,0.03728,0.03988,0.03948,0.0396,0.03864,0.03912,0.04128,0.03956,0.04024,0.0382,0.03612,0.10756,0.04212,0.04368,0.04088,0.04052,0.04452,0.0414,0.04144,0.04052,0.04052,0.04076,0.04092,0.04084,0.04176,0.041,0.0428,0.04152,0.05052,0.0414,0.0426,0.04064,0.04224,0.04936,0.0404,0.04048,0.0406,0.03988,0.04176,0.040161,0.0374,0.04088,0.03996,0.0416,0.1122]",,,,,,,,,32,4,2048,768,151936,True,True,False,1977,3,50,8,2048,768,generic,generic,,,CUDA_EVENT,BF16,none
,,,,,,,,,,,,,,,,0.09747999906539917,0.21568100154399872,0.1084442600607872,0.10269999876618385,0.019787385651981,50,3,"[0.14692,0.10916,0.1,0.12212,0.10224,0.104001,0.10088,0.10132,0.10304,0.11,0.1026,0.10176,0.102201,0.101841,0.10124,0.1014,0.09748,0.09896,0.09984,0.14668,0.124881,0.112,0.10352,0.10268,0.12792,0.10328,0.106201,0.102401,0.10272,0.1072,0.10092,0.10412,0.0998,0.10208,0.103001,0.099521,0.215681,0.1056,0.10328,0.10484,0.10312,0.107721,0.102921,0.10492,0.1032,0.102,0.09896,0.10092,0.100161,0.098881,0.10048,0.09872,0.17096]",0.09932000190019608,0.2507210075855255,0.11162737965583801,0.10452000051736832,0.02565709730214722,50,3,"[0.1194,0.1108,0.10248,0.109241,0.1126,0.10396,0.10396,0.10208,0.10492,0.10444,0.101121,0.103001,0.10772,0.10408,0.10364,0.10212,0.10492,0.10792,0.10056,0.250721,0.1122,0.11264,0.1048,0.10748,0.11156,0.105641,0.10616,0.10428,0.10404,0.1046,0.10436,0.10384,0.10312,0.103161,0.10504,0.10364,0.17332,0.10832,0.1048,0.1064,0.103761,0.10404,0.106,0.10532,0.13136,0.1052,0.10336,0.102721,0.10444,0.10204,0.10232,0.09932,0.195081]",0.03731999918818474,0.09136000275611877,0.04350568018853664,0.04092000052332878,0.009791588972135353,50,3,"[0.126721,0.04368,0.0408,0.04204,0.04428,0.04092,0.0408,0.05724,0.04044,0.040721,0.04024,0.04016,0.04108,0.03776,0.04,0.04044,0.04068,0.04412,0.039921,0.0864,0.04228,0.04172,0.0402,0.04196,0.042201,0.04092,0.04076,0.0418,0.04044,0.03732,0.04092,0.040481,0.0404,0.04144,0.042,0.04004,0.05392,0.04164,0.03932,0.0406,0.04192,0.04196,0.0412,0.04152,0.0418,0.04,0.04052,0.04052,0.04184,0.0444,0.04008,0.04056,0.09136]",,,,,,,,,32,4,2048,768,151936,True,True,False,1976,3,50,8,2048,768,generic,generic,,,CUDA_EVENT,BF16,none
,,,,,,,,,,,,,,,,0.09707999974489212,0.2130800038576126,0.10875539988279342,0.10197999700903893,0.02210076185029813,50,3,"[0.14168,0.112121,0.09848,0.11388,0.10368,0.10268,0.102801,0.10696,0.10184,0.103,0.1016,0.10176,0.10584,0.101721,0.100241,0.09944,0.1018,0.10172,0.10132,0.14048,0.12544,0.099441,0.10212,0.10436,0.1352,0.1044,0.10332,0.100001,0.10068,0.1024,0.10068,0.09708,0.10112,0.0992,0.101721,0.101281,0.20584,0.109,0.10672,0.10452,0.1028,0.111681,0.10356,0.103,0.10088,0.10112,0.10156,0.101081,0.099201,0.10356,0.10036,0.1006,0.21308]",0.10056000202894211,0.223921000957489,0.11152026027441025,0.10432000085711479,0.02779848842759643,50,3,"[0.11704,0.1058,0.10256,0.10872,0.102521,0.101561,0.10136,0.10468,0.10312,0.10456,0.10416,0.10308,0.105281,0.1024,0.103,0.107,0.10172,0.1018,0.10288,0.215681,0.108481,0.1084,0.1034,0.10468,0.1034,0.105601,0.105481,0.10136,0.10352,0.10428,0.10352,0.10376,0.10672,0.103201,0.10188,0.10564,0.223761,0.10908,0.10704,0.105081,0.107761,0.10764,0.10512,0.10592,0.1108,0.10392,0.102561,0.10396,0.10436,0.10568,0.10056,0.102,0.223921]",0.03700000047683716,0.09523999691009521,0.043117639645934104,0.040619999170303345,0.010236456208699864,50,3,"[0.127321,0.03896,0.04052,0.04156,0.04036,0.04088,0.04068,0.04384,0.04088,0.04016,0.047561,0.03992,0.04048,0.03888,0.03984,0.04212,0.04016,0.04044,0.04048,0.09524,0.04124,0.04036,0.04052,0.04132,0.04344,0.037,0.04,0.04056,0.0378,0.04084,0.03776,0.04228,0.04268,0.03988,0.04172,0.0374,0.0528,0.03904,0.04036,0.0492,0.03968,0.04124,0.04044,0.04008,0.04084,0.040201,0.0418,0.04084,0.04144,0.041,0.04088,0.04008,0.08768]",,,,,,,,,32,4,2048,768,151936,True,True,False,1975,3,50,8,2048,768,generic,generic,,,CUDA_EVENT,BF16,none
,,,,,,,,,,,,,,,,0.09759999811649323,0.22179999947547913,0.10838018000125885,0.10200000181794167,0.02227253865396209,50,3,"[0.14488,0.11012,0.103241,0.11528,0.1038,0.10192,0.09848,0.104401,0.09876,0.10012,0.09852,0.09852,0.10004,0.0976,0.10092,0.097641,0.099561,0.1024,0.09796,0.14992,0.13244,0.10192,0.103401,0.10492,0.12592,0.10248,0.10364,0.10516,0.102401,0.10232,0.099,0.10128,0.09788,0.10124,0.1002,0.101681,0.2218,0.10688,0.10528,0.11132,0.10444,0.102961,0.10292,0.10384,0.10208,0.10128,0.0976,0.117121,0.099801,0.10064,0.10044,0.09784,0.19104]",0.10100000351667404,0.24376100301742554,0.11246102005243301,0.1049405001103878,0.029019959392284078,50,3,"[0.11964,0.10912,0.10696,0.10896,0.10616,0.108681,0.103441,0.10388,0.10416,0.10392,0.10584,0.10412,0.10172,0.1016,0.102441,0.10884,0.101,0.10452,0.10268,0.224801,0.11152,0.107681,0.11164,0.104,0.10896,0.10556,0.1066,0.106041,0.10404,0.1056,0.10224,0.10532,0.102,0.10448,0.104561,0.10864,0.20944,0.10852,0.1064,0.107521,0.106801,0.10456,0.11108,0.10736,0.10344,0.10652,0.102321,0.10232,0.1028,0.1022,0.10124,0.10112,0.243761]",0.03751999884843826,0.09595999866724014,0.043247279673814774,0.041020000353455544,0.010739676948563965,50,3,"[0.12796,0.04332,0.0416,0.04132,0.041041,0.04312,0.04152,0.04228,0.03928,0.03944,0.04184,0.03964,0.039561,0.03856,0.04064,0.04084,0.04112,0.0404,0.04024,0.09444,0.04264,0.03776,0.041,0.04104,0.03792,0.04084,0.04076,0.03964,0.0404,0.04028,0.04516,0.04268,0.042921,0.04184,0.04128,0.04256,0.0476,0.0416,0.0418,0.04048,0.04196,0.04068,0.04312,0.04056,0.04048,0.040201,0.03752,0.041,0.04192,0.04108,0.04232,0.04008,0.09596]",,,,,,,,,32,4,2048,768,151936,True,True,False,1974,3,50,8,2048,768,generic,generic,,,CUDA_EVENT,BF16,none
,,,,,,,,,,,,,,,,0.09663999825716019,0.22680099308490753,0.10885059997439385,0.10318000242114067,0.02172775281680037,50,3,"[0.14308,0.11232,0.10252,0.118561,0.10484,0.1032,0.1042,0.10236,0.1076,0.10244,0.100081,0.101201,0.10112,0.10256,0.09896,0.10084,0.09824,0.10104,0.10008,0.130481,0.130961,0.104,0.10136,0.10488,0.13044,0.108281,0.10368,0.10476,0.10016,0.10112,0.1024,0.09992,0.10324,0.104921,0.09916,0.10188,0.226801,0.1156,0.10484,0.10516,0.104321,0.10316,0.1034,0.10464,0.1018,0.10704,0.10136,0.097521,0.09944,0.10056,0.10464,0.09664,0.18664]",0.10175999999046326,0.20716099441051483,0.11140821993350983,0.10509999841451645,0.022791487884715196,50,3,"[0.116001,0.10716,0.1048,0.115,0.10528,0.10904,0.1044,0.10404,0.10288,0.103401,0.10216,0.10864,0.10344,0.104,0.10456,0.1028,0.10772,0.102001,0.102681,0.19384,0.11968,0.10872,0.1094,0.10672,0.105481,0.10808,0.1052,0.10444,0.1108,0.10324,0.10592,0.102881,0.102121,0.10456,0.105,0.10276,0.20028,0.11124,0.105681,0.104961,0.11116,0.1044,0.10532,0.10624,0.1054,0.107121,0.102801,0.10316,0.10792,0.102,0.10292,0.10176,0.207161]",0.03956000134348869,0.09736000001430511,0.04344968006014824,0.0408604983240366,0.010952612177919709,50,3,"[0.12668,0.04268,0.040761,0.0432,0.04076,0.04072,0.04152,0.04092,0.04204,0.0414,0.04008,0.0422,0.04084,0.04008,0.04052,0.03992,0.040681,0.04048,0.0414,0.0962,0.0436,0.04108,0.0404,0.040841,0.04048,0.04084,0.0408,0.04024,0.04324,0.03956,0.04036,0.0424,0.04088,0.04144,0.04064,0.04128,0.04704,0.042321,0.04092,0.04124,0.04248,0.04056,0.041,0.04072,0.040481,0.04172,0.04052,0.04008,0.04244,0.0408,0.04124,0.04052,0.09736]",,,,,,,,,32,4,2048,768,151936,True,True,False,1973,3,50,8,2048,768,generic,generic,,,CUDA_EVENT,BF16,none
,,,,,,,,,,,,,,,,0.09759999811649323,0.21988099813461304,0.10887462019920349,0.10312049835920334,0.021272211181782553,50,3,"[0.14404,0.109521,0.1028,0.12232,0.10616,0.10176,0.103401,0.10412,0.10364,0.10188,0.1,0.10752,0.10016,0.102321,0.102081,0.10032,0.10464,0.10004,0.10096,0.14328,0.123481,0.10684,0.10456,0.11044,0.12488,0.10352,0.104321,0.09924,0.09964,0.09944,0.10168,0.10544,0.10208,0.103521,0.098281,0.10164,0.219881,0.1086,0.1054,0.101921,0.106361,0.09956,0.10452,0.10544,0.102,0.10284,0.0992,0.101441,0.1078,0.10056,0.0976,0.09796,0.18904]",0.09888000041246414,0.21928100287914276,0.11125538006424904,0.1040005013346672,0.026183271361509608,50,3,"[0.11548,0.10708,0.1044,0.11016,0.10336,0.103681,0.10936,0.10316,0.1042,0.10304,0.1042,0.0996,0.104001,0.1036,0.1034,0.10536,0.10448,0.10152,0.10164,0.219281,0.11244,0.10656,0.10628,0.10764,0.10668,0.106401,0.11296,0.104,0.1012,0.104,0.10344,0.10292,0.102161,0.10364,0.102,0.10476,0.20904,0.1102,0.114521,0.10332,0.10332,0.10564,0.10516,0.10752,0.10508,0.105721,0.102801,0.1014,0.1024,0.10192,0.09888,0.10092,0.213801]",0.0376800000667572,0.0997999981045723,0.043521660044789315,0.04082000069320202,0.010977642372190469,50,3,"[0.128921,0.04168,0.0408,0.04184,0.04084,0.04092,0.04108,0.04092,0.04064,0.04024,0.0378,0.04072,0.0394,0.03952,0.06676,0.04064,0.04148,0.04068,0.039841,0.0998,0.04224,0.04096,0.04048,0.0426,0.04128,0.04056,0.04136,0.04072,0.04124,0.03952,0.04004,0.0404,0.04104,0.03768,0.04548,0.04096,0.04704,0.041081,0.03884,0.04088,0.04172,0.04016,0.0408,0.041,0.039161,0.04004,0.04912,0.04128,0.04068,0.04044,0.03928,0.03868,0.0862]",,,,,,,,,32,4,2048,768,151936,True,True,False,1972,3,50,8,2048,768,generic,generic,,,CUDA_EVENT,BF16,none
,,,,,,,,,,,,,,,,0.09080000221729279,0.21775999665260315,0.10862577930092812,0.10223999992012978,0.02290227267247034,50,3,"[0.15128,0.11164,0.102841,0.12092,0.10392,0.10356,0.10328,0.100121,0.10432,0.10636,0.09888,0.09884,0.09912,0.10132,0.10692,0.099001,0.100121,0.09964,0.1006,0.14516,0.13168,0.10624,0.105681,0.10188,0.12816,0.10236,0.1088,0.10032,0.099721,0.09932,0.09704,0.0908,0.09632,0.10328,0.10172,0.10128,0.21776,0.10928,0.10536,0.1036,0.10588,0.10256,0.103081,0.105241,0.09996,0.10128,0.10024,0.10028,0.10268,0.099161,0.100521,0.10212,0.2056]",0.09736000001430511,0.22564099729061127,0.1114402398467064,0.10370000079274178,0.02723240273477991,50,3,"[0.11608,0.111801,0.10296,0.10976,0.11192,0.103001,0.102361,0.09956,0.10296,0.09736,0.10176,0.10264,0.10196,0.103321,0.100521,0.10068,0.1024,0.10204,0.10144,0.20696,0.1128,0.114361,0.10844,0.10508,0.10656,0.10692,0.108561,0.105281,0.10272,0.11496,0.10404,0.10152,0.10336,0.10032,0.10452,0.100721,0.221121,0.11044,0.10944,0.106,0.10444,0.104521,0.10532,0.10356,0.10304,0.10384,0.10664,0.10348,0.108641,0.10208,0.10248,0.10052,0.225641]",0.03620000183582306,0.10075999796390533,0.04404404006898403,0.04074000008404255,0.012340370104211571,50,3,"[0.128,0.04308,0.04208,0.04244,0.042201,0.041,0.03788,0.04116,0.0404,0.04212,0.03988,0.04076,0.044121,0.03996,0.04072,0.0398,0.03996,0.0474,0.04076,0.10076,0.04324,0.04172,0.0406,0.04236,0.04596,0.037,0.03992,0.0398,0.0362,0.04056,0.03956,0.0412,0.0404,0.04032,0.0408,0.03996,0.092,0.04268,0.04564,0.04008,0.0406,0.04308,0.04076,0.04028,0.03972,0.03968,0.04252,0.04076,0.04052,0.03968,0.03984,0.041,0.08244]",,,,,,,,,32,4,2048,768,151936,True,True,False,1971,3,50,8,2048,768,generic,generic,,,CUDA_EVENT,BF16,none
,,,,,,,,,,,,,,,,0.09668000042438507,0.2051199972629547,0.10771617963910103,0.10101999714970589,0.02140842481146746,50,3,"[0.148961,0.11568,0.10456,0.12004,0.10948,0.10128,0.10488,0.10068,0.098881,0.104441,0.09736,0.09952,0.09868,0.10056,0.10624,0.09668,0.098,0.097401,0.1002,0.13388,0.13404,0.10448,0.10276,0.10684,0.125521,0.1038,0.10748,0.0998,0.09732,0.09696,0.100641,0.100641,0.09928,0.10056,0.09956,0.1,0.20512,0.10632,0.105001,0.10512,0.10376,0.10284,0.10356,0.10284,0.101561,0.10208,0.10056,0.10076,0.09696,0.09956,0.09884,0.09836,0.204681]",0.10096000134944916,0.22035999596118927,0.11139379993081093,0.10436000302433968,0.027010039958305632,50,3,"[0.11792,0.103761,0.10288,0.1096,0.10652,0.10244,0.101921,0.101841,0.10176,0.10144,0.10332,0.10264,0.10176,0.10144,0.10456,0.102481,0.101321,0.10096,0.10216,0.2136,0.1106,0.11376,0.105561,0.10908,0.10632,0.10564,0.1082,0.10392,0.1032,0.107401,0.10312,0.1022,0.10212,0.10144,0.10668,0.10484,0.22036,0.109721,0.11196,0.10624,0.10576,0.10416,0.1048,0.104721,0.1024,0.1048,0.1086,0.10176,0.10112,0.10124,0.103281,0.106121,0.2188]",0.036479998379945755,0.0934009999036789,0.04228251986205578,0.0400799997150898,0.009698309417692426,50,3,"[0.12616,0.04152,0.0406,0.04172,0.03956,0.039241,0.04012,0.04084,0.03888,0.03952,0.03948,0.03972,0.0408,0.04008,0.039041,0.03924,0.0392,0.03648,0.03984,0.093401,0.04144,0.042561,0.04048,0.04116,0.04428,0.04036,0.0398,0.03908,0.03928,0.04288,0.0396,0.04056,0.04044,0.04056,0.04172,0.03988,0.04608,0.04144,0.0416,0.04192,0.03936,0.04084,0.03956,0.03964,0.0394,0.03952,0.03772,0.03964,0.03972,0.040201,0.04008,0.04152,0.084641]",,,,,,,,,32,4,2048,768,151936,True,True,False,1970,3,50,8,2048,768,generic,generic,,,CUDA_EVENT,BF16,none
,,,,,,,,,,,,,,,,0.09703999757766724,0.23048000037670135,0.10898657977581024,0.1016405001282692,0.024259772322120392,50,3,"[0.14856,0.1156,0.09988,0.12044,0.1012,0.10228,0.099241,0.10124,0.1004,0.10416,0.10144,0.10032,0.09972,0.09908,0.107041,0.09884,0.09908,0.09988,0.09872,0.14764,0.13012,0.105441,0.10516,0.09896,0.12824,0.10104,0.11104,0.102761,0.103361,0.10012,0.09956,0.10264,0.10092,0.10248,0.09876,0.101641,0.23048,0.1064,0.10968,0.10212,0.10728,0.099921,0.105,0.104,0.10164,0.10356,0.09704,0.100281,0.100561,0.0986,0.10064,0.102,0.20716]",0.09860000014305115,0.2282409965991974,0.11138424023985863,0.10395999997854233,0.026883480950195254,50,3,"[0.11712,0.106,0.10212,0.1076,0.111641,0.103841,0.1022,0.10248,0.10396,0.10548,0.10288,0.10312,0.104241,0.1026,0.10252,0.10272,0.10348,0.10292,0.10196,0.198281,0.112241,0.11252,0.10608,0.10592,0.10572,0.10668,0.105481,0.10392,0.103,0.11004,0.10252,0.10236,0.1034,0.101881,0.108601,0.10344,0.22288,0.1096,0.10508,0.105081,0.105361,0.10396,0.10512,0.10532,0.10464,0.10552,0.103361,0.10372,0.1038,0.10104,0.10216,0.0986,0.228241]",0.035920001566410065,0.12383999675512314,0.04287929996848106,0.0403205007314682,0.012835477941776868,50,3,"[0.124601,0.04384,0.04008,0.041121,0.0418,0.04048,0.04068,0.04004,0.03932,0.0442,0.03988,0.040041,0.04468,0.03932,0.03844,0.0396,0.03896,0.04032,0.04004,0.07816,0.04244,0.03944,0.03988,0.04084,0.03996,0.040321,0.0414,0.0406,0.0394,0.03872,0.0402,0.04052,0.041161,0.0414,0.04076,0.04068,0.04732,0.0406,0.03904,0.03592,0.0402,0.04036,0.03676,0.0406,0.04012,0.039681,0.04384,0.04028,0.03912,0.04072,0.03936,0.0414,0.12384]",,,,,,,,,32,4,2048,768,151936,True,True,False,1969,3,50,8,2048,768,generic,generic,,,CUDA_EVENT,BF16,none
,,,,,,,,,,,,,,,,0.09604000300168991,0.22604000568389893,0.10874582007527352,0.10247999802231789,0.023600296659257444,50,3,"[0.14504,0.11056,0.10024,0.115041,0.106521,0.10272,0.10404,0.1004,0.10316,0.1004,0.099241,0.100321,0.1168,0.1004,0.09744,0.09932,0.09916,0.10516,0.1012,0.150041,0.12512,0.10612,0.10372,0.10404,0.130001,0.10356,0.10392,0.1036,0.1002,0.09976,0.09848,0.096041,0.09604,0.09984,0.09692,0.09776,0.22604,0.107321,0.104601,0.10256,0.10268,0.10592,0.10424,0.1024,0.111041,0.10084,0.10028,0.0984,0.10092,0.10032,0.0998,0.100001,0.20344]",0.10140000283718109,0.23523999750614166,0.11170814037322999,0.10426050052046776,0.027675979584648996,50,3,"[0.117961,0.10632,0.10396,0.10852,0.10872,0.10464,0.104,0.1096,0.10384,0.104521,0.10196,0.10288,0.10192,0.10192,0.10292,0.10176,0.10156,0.103281,0.10196,0.23524,0.1136,0.10612,0.10388,0.107721,0.10496,0.10596,0.10812,0.1108,0.10632,0.103401,0.102721,0.10248,0.10232,0.10372,0.10344,0.10212,0.21768,0.1064,0.10672,0.1076,0.1062,0.10624,0.10644,0.105081,0.1026,0.1046,0.10336,0.10848,0.1038,0.10232,0.101921,0.1014,0.20764]",0.03723999857902527,0.11868000030517578,0.042914459705352785,0.040379999205470085,0.012427127987633384,50,3,"[0.12668,0.04176,0.04012,0.04112,0.04076,0.04116,0.04052,0.04336,0.04096,0.03984,0.03792,0.03888,0.04096,0.0392,0.04012,0.044,0.03948,0.03952,0.0404,0.11868,0.04208,0.04068,0.04056,0.03964,0.04012,0.04032,0.03984,0.0404,0.039481,0.04004,0.03932,0.03956,0.04288,0.03924,0.03724,0.03956,0.04956,0.04132,0.04032,0.04036,0.04016,0.04044,0.04,0.04068,0.04084,0.04068,0.04092,0.0388,0.039881,0.04076,0.0408,0.04,0.082361]",,,,,,,,,32,4,2048,768,151936,True,True,False,1968,3,50,8,2048,768,generic,generic,,,CUDA_EVENT,BF16,none
,,,,,,,,,,,,,,,,0.09676100313663483,0.227961003780365,0.10749782055616379,0.10102000087499619,0.022768874745055942,50,3,"[0.14256,0.11176,0.1032,0.11852,0.104281,0.097681,0.10052,0.101,0.09868,0.09952,0.10368,0.09828,0.100521,0.096761,0.09944,0.10344,0.09944,0.10132,0.098,0.13536,0.126201,0.1038,0.10272,0.10408,0.12608,0.10336,0.105641,0.1064,0.10196,0.09836,0.09876,0.09976,0.10104,0.102681,0.097241,0.1,0.227961,0.10752,0.1046,0.10816,0.104401,0.10056,0.10224,0.10116,0.10012,0.09852,0.09692,0.098521,0.0994,0.099,0.09852,0.09796,0.1948]",0.09911999851465225,0.241240993142128,0.11241859987378121,0.10570000112056732,0.028652491166213878,50,3,"[0.11852,0.10608,0.10964,0.108641,0.10632,0.10924,0.10336,0.10032,0.10264,0.1008,0.10612,0.102081,0.10256,0.10164,0.1038,0.10484,0.09964,0.10552,0.10084,0.222641,0.11244,0.10844,0.11212,0.10596,0.10708,0.106321,0.10808,0.108,0.10444,0.10308,0.10664,0.10488,0.101721,0.10088,0.10368,0.1132,0.20916,0.11136,0.106521,0.106921,0.1064,0.10588,0.11004,0.10456,0.10348,0.108121,0.103801,0.10792,0.102,0.10264,0.1038,0.09912,0.241241]",0.03771999850869179,0.1019200012087822,0.04320243984460831,0.040119998157024384,0.012058331596165735,50,3,"[0.127281,0.04096,0.04132,0.04136,0.04064,0.04056,0.03976,0.04032,0.03888,0.03908,0.042,0.0394,0.0394,0.03896,0.03936,0.03988,0.03896,0.03908,0.043921,0.08768,0.04164,0.04012,0.04112,0.04012,0.04184,0.03968,0.0394,0.0404,0.0402,0.03924,0.03772,0.0392,0.03984,0.04016,0.04076,0.04296,0.08016,0.04192,0.04112,0.04176,0.04024,0.04084,0.03968,0.03972,0.039521,0.04,0.04028,0.04076,0.03976,0.03972,0.03968,0.0394,0.10192]",,,,,,,,,32,4,2048,768,151936,True,True,False,1967,3,50,8,2048,768,generic,generic,,,CUDA_EVENT,BF16,none
,,,,,,,,,,,,,,,,0.09611999988555908,0.2276799976825714,0.10866659954190254,0.10147999972105026,0.02291157975207664,50,3,"[0.14044,0.11452,0.104001,0.11728,0.10144,0.10384,0.1016,0.099121,0.101841,0.09828,0.10088,0.10004,0.09936,0.09768,0.09808,0.10132,0.097761,0.101161,0.1074,0.1362,0.13292,0.1028,0.1112,0.101281,0.127401,0.10272,0.10084,0.10488,0.10152,0.10416,0.099201,0.1008,0.09972,0.10108,0.10076,0.09964,0.22768,0.108641,0.10776,0.10716,0.10468,0.10576,0.10876,0.107281,0.10064,0.1012,0.10216,0.09984,0.10616,0.099361,0.09828,0.09612,0.19764]",0.10091999918222427,0.2255609929561615,0.11290577948093414,0.10539999976754189,0.0247441053139382,50,3,"[0.11808,0.10592,0.10492,0.10752,0.10616,0.10436,0.102321,0.10372,0.1074,0.10252,0.10468,0.104,0.1016,0.10968,0.102001,0.103681,0.1028,0.10328,0.10536,0.18376,0.1138,0.11016,0.104681,0.10544,0.10728,0.11108,0.10644,0.106,0.106,0.104921,0.10384,0.103,0.10512,0.11224,0.10312,0.10392,0.21308,0.12172,0.10852,0.11288,0.11848,0.11376,0.116041,0.1204,0.1048,0.10896,0.10356,0.102801,0.106561,0.10252,0.10284,0.10092,0.225561]",0.036959998309612274,0.11660099774599075,0.04367049984633922,0.04031999967992306,0.01405269896048583,50,3,"[0.12656,0.0416,0.0368,0.05224,0.0372,0.0402,0.04028,0.03964,0.04112,0.03896,0.0388,0.03972,0.03884,0.040681,0.03924,0.03696,0.0388,0.0394,0.04004,0.116601,0.04664,0.041241,0.04048,0.04036,0.03724,0.04084,0.04056,0.04048,0.0506,0.0402,0.04,0.03956,0.0396,0.03864,0.04,0.040561,0.0492,0.043,0.04112,0.03808,0.04432,0.04096,0.0422,0.0416,0.03984,0.04064,0.039441,0.04128,0.04132,0.03944,0.03976,0.04076,0.10484]",,,,,,,,,32,4,2048,768,151936,True,True,False,1966,3,50,8,2048,768,generic,generic,,,CUDA_EVENT,BF16,none
,,,,,,,,,,,,,,,,0.09775999933481216,0.22544099390506744,0.10863145977258683,0.10210000351071358,0.023273664915339942,50,3,"[0.14616,0.11212,0.1026,0.11704,0.105841,0.099761,0.10104,0.10336,0.09908,0.10164,0.09832,0.10144,0.103881,0.101041,0.1028,0.1006,0.10172,0.10596,0.1016,0.12524,0.131921,0.10648,0.1026,0.1032,0.13144,0.10396,0.103121,0.10196,0.10428,0.09776,0.10016,0.09808,0.09864,0.098601,0.101201,0.10224,0.225441,0.10768,0.10592,0.105121,0.103881,0.10288,0.1032,0.10148,0.10136,0.10004,0.098161,0.10164,0.10064,0.1084,0.10084,0.10092,0.207961]",0.09843999892473221,0.24236099421977997,0.11218258008360862,0.10435999929904938,0.029944081142358397,50,3,"[0.1208,0.10772,0.1028,0.106121,0.1044,0.10452,0.1032,0.10364,0.10372,0.10112,0.10368,0.103841,0.10344,0.10176,0.10504,0.1024,0.10216,0.10508,0.10276,0.242361,0.11088,0.11024,0.1044,0.10636,0.102321,0.108921,0.10648,0.11088,0.10748,0.10648,0.10216,0.104241,0.108481,0.10336,0.10016,0.102,0.22232,0.1102,0.107081,0.10432,0.10716,0.10656,0.10444,0.106,0.10792,0.103601,0.10336,0.10268,0.10188,0.10072,0.10336,0.09844,0.225]",0.038759998977184296,0.10559999942779541,0.04285765983164311,0.04032000154256821,0.011632804133242655,50,3,"[0.130121,0.0418,0.0408,0.04136,0.0406,0.04044,0.03964,0.04164,0.03952,0.03996,0.04008,0.03924,0.04236,0.03876,0.04048,0.04288,0.04016,0.04016,0.03952,0.092,0.04176,0.04028,0.03972,0.04044,0.03984,0.04012,0.04032,0.04076,0.03996,0.04052,0.039241,0.03912,0.04036,0.0408,0.04096,0.03996,0.0514,0.040401,0.04056,0.04068,0.04124,0.04032,0.04016,0.03992,0.04064,0.03904,0.04092,0.04124,0.03964,0.0392,0.03936,0.039601,0.1056]",,,,,,,,,32,4,2048,768,151936,True,True,False,1965,3,50,8,2048,768,generic,generic,,,CUDA_EVENT,BF16,none
,,,,,,,,,,,,,,,,0.09675999730825424,0.24604099988937378,0.10845618024468422,0.10234000161290169,0.024434727910781363,50,3,"[0.14512,0.110161,0.09984,0.12016,0.10332,0.10148,0.102761,0.10192,0.10096,0.09836,0.10484,0.0986,0.10144,0.09904,0.100721,0.10424,0.09916,0.10144,0.102,0.133,0.12624,0.104521,0.10252,0.10388,0.1284,0.101,0.10252,0.100641,0.102,0.10356,0.0986,0.10276,0.10084,0.1028,0.099001,0.10688,0.246041,0.1048,0.10388,0.09756,0.104321,0.10272,0.1062,0.10416,0.10236,0.1004,0.099521,0.10232,0.10012,0.099,0.09676,0.09952,0.193521]",0.100040003657341,0.23875999450683594,0.11219379976391793,0.10545999929308891,0.028364391950554922,50,3,"[0.11736,0.10724,0.10884,0.10868,0.106801,0.108681,0.10376,0.10244,0.10424,0.10372,0.10324,0.1034,0.104561,0.10344,0.10364,0.10108,0.10336,0.1026,0.10816,0.207361,0.111081,0.10708,0.11028,0.1064,0.10632,0.106601,0.10544,0.10624,0.10388,0.1052,0.10644,0.10236,0.105561,0.102321,0.10316,0.10292,0.23876,0.11048,0.106161,0.10612,0.10624,0.1062,0.10548,0.10584,0.10452,0.105521,0.10004,0.10376,0.1034,0.10304,0.10968,0.10008,0.22392]",0.03888000175356865,0.10292000323534012,0.04326650008559227,0.04046049900352955,0.01224469328146679,50,3,"[0.126881,0.04104,0.04124,0.041281,0.04072,0.041,0.0412,0.04048,0.04016,0.03996,0.04084,0.03968,0.03888,0.04524,0.0396,0.04016,0.0392,0.03964,0.04092,0.10292,0.04092,0.03988,0.0412,0.04064,0.040441,0.0432,0.03956,0.03908,0.0398,0.0394,0.04156,0.039521,0.03956,0.04116,0.04024,0.04232,0.04688,0.042521,0.04136,0.03948,0.04048,0.0404,0.04148,0.03984,0.0396,0.04632,0.04052,0.04012,0.04032,0.03972,0.04172,0.039681,0.10252]",,,,,,,,,32,4,2048,768,151936,True,True,False,1964,3,50,8,2048,768,generic,generic,,,CUDA_EVENT,BF16,none
,,,,,,,,,,,,,,,,0.09728000313043594,0.21427999436855316,0.10811615988612175,0.10167999938130379,0.021830314330949844,50,3,"[0.142281,0.11048,0.10428,0.11476,0.10352,0.1012,0.10024,0.0986,0.10448,0.099601,0.09976,0.10016,0.09876,0.11,0.09776,0.1002,0.09924,0.09872,0.104961,0.14224,0.1304,0.10536,0.10084,0.10424,0.125881,0.112081,0.10244,0.10556,0.10156,0.10012,0.09728,0.09792,0.100121,0.09988,0.1018,0.09924,0.199201,0.10996,0.103,0.104681,0.10352,0.10368,0.1044,0.10284,0.10276,0.09872,0.099841,0.09764,0.10076,0.09972,0.10272,0.09916,0.21428]",0.10000000149011612,0.23199999332427979,0.11213933989405632,0.10452000051736832,0.027900963669769206,50,3,"[0.11788,0.105161,0.104961,0.1114,0.1064,0.1058,0.1044,0.103561,0.102241,0.1032,0.10344,0.10268,0.10324,0.10444,0.10344,0.10188,0.102761,0.10264,0.10032,0.20628,0.1106,0.10836,0.10564,0.105601,0.10724,0.10604,0.10588,0.10628,0.11208,0.10412,0.104121,0.1036,0.10232,0.11548,0.1046,0.10348,0.232,0.11656,0.106601,0.10632,0.1052,0.10604,0.10672,0.1058,0.10432,0.108561,0.10324,0.10136,0.1004,0.10252,0.10228,0.1,0.22548]",0.0363599993288517,0.1074799969792366,0.04309603989124298,0.04030050151050091,0.011797661924451325,50,3,"[0.12596,0.04172,0.04072,0.04196,0.04028,0.0406,0.039681,0.04056,0.0414,0.04044,0.03964,0.04436,0.03972,0.04092,0.03896,0.03636,0.0406,0.04052,0.03956,0.10748,0.0448,0.0406,0.040281,0.04056,0.04144,0.042,0.04004,0.04092,0.03756,0.04024,0.03664,0.04012,0.03984,0.04256,0.04064,0.03972,0.0744,0.04172,0.03944,0.04032,0.04416,0.03972,0.03968,0.03724,0.0402,0.03944,0.0412,0.03708,0.03952,0.03984,0.04056,0.03972,0.07956]",,,,,,,,,32,4,2048,768,151936,True,True,False,1963,3,50,8,2048,768,generic,generic,,,CUDA_EVENT,BF16,none
,,,,,,,,,,,,,,,,0.09528099745512009,0.23628099262714386,0.10887696027755737,0.10173999890685081,0.02497261945932539,50,3,"[0.14708,0.111321,0.10352,0.1228,0.10192,0.10236,0.10148,0.102161,0.1,0.10028,0.09956,0.10356,0.09972,0.10212,0.09852,0.098241,0.105281,0.09904,0.0982,0.14848,0.13508,0.10332,0.0982,0.103121,0.1246,0.10432,0.10372,0.1012,0.10948,0.09972,0.095281,0.09884,0.10056,0.10312,0.09932,0.09904,0.20608,0.109881,0.10656,0.10288,0.11208,0.10052,0.10384,0.10156,0.103001,0.10016,0.09864,0.10088,0.10264,0.09852,0.09932,0.09836,0.236281]",0.10020100325345993,0.21224099397659302,0.11090822026133537,0.10429999977350235,0.024942207788555767,50,3,"[0.11904,0.1076,0.10412,0.1092,0.10632,0.102681,0.108721,0.10256,0.10304,0.102,0.10332,0.10396,0.10272,0.104321,0.101761,0.10404,0.10364,0.10252,0.10208,0.20556,0.1116,0.105561,0.10376,0.1116,0.10548,0.1056,0.10612,0.10576,0.109001,0.10292,0.10292,0.10868,0.10428,0.10024,0.1016,0.10252,0.212241,0.10872,0.10608,0.10464,0.10472,0.1056,0.106521,0.113881,0.10152,0.10564,0.10288,0.10136,0.10432,0.10084,0.101281,0.100201,0.20888]",0.03708000108599663,0.1156810000538826,0.04317533977329731,0.0400799997150898,0.013081643750183662,50,3,"[0.13408,0.04192,0.03964,0.04312,0.040561,0.03988,0.04064,0.0402,0.03976,0.03892,0.03896,0.04236,0.039161,0.03944,0.04552,0.0398,0.03936,0.0394,0.03944,0.09636,0.041561,0.03992,0.03988,0.03992,0.03988,0.03708,0.04432,0.04008,0.03924,0.03932,0.03944,0.03944,0.03936,0.04052,0.04108,0.039881,0.04724,0.0414,0.04096,0.04124,0.04056,0.040281,0.04008,0.04008,0.03996,0.04136,0.04096,0.04072,0.04124,0.039641,0.0404,0.04316,0.115681]",,,,,,,,,32,4,2048,768,151936,True,True,False,1962,3,50,8,2048,768,generic,generic,,,CUDA_EVENT,BF16,none
,,,,,,,,,,,,,,,,0.097120001912117,0.23080000281333923,0.10885616034269333,0.10168049857020378,0.023525659570810254,50,3,"[0.151321,0.11012,0.10044,0.117,0.10216,0.10004,0.10308,0.10032,0.09996,0.105001,0.09988,0.10164,0.09784,0.09928,0.10528,0.10048,0.100041,0.100321,0.09948,0.15656,0.13264,0.10572,0.10332,0.101641,0.13012,0.10172,0.11012,0.10204,0.1012,0.101841,0.0988,0.0988,0.09876,0.09712,0.0982,0.0986,0.2308,0.10708,0.111,0.10352,0.10524,0.10244,0.103161,0.10012,0.10068,0.10256,0.10628,0.09932,0.101561,0.100081,0.10148,0.10656,0.19192]",0.09984000027179718,0.21828100085258484,0.11141060024499894,0.10461999848484993,0.02518254853299026,50,3,"[0.11904,0.1108,0.104201,0.10912,0.11068,0.10464,0.10144,0.102881,0.10572,0.10308,0.1016,0.105,0.1038,0.10452,0.10428,0.102001,0.1032,0.1014,0.10392,0.20232,0.11172,0.113241,0.1062,0.1046,0.10436,0.10716,0.1054,0.104161,0.10556,0.11068,0.10328,0.10292,0.10408,0.10448,0.10752,0.102801,0.210041,0.11112,0.1048,0.10636,0.107041,0.110041,0.10672,0.10648,0.10412,0.10476,0.1054,0.102241,0.10224,0.10272,0.10056,0.09984,0.218281]",0.03680000081658363,0.1080000028014183,0.0430288602411747,0.040120501071214676,0.012300956323576216,50,3,"[0.1292,0.04076,0.04016,0.04172,0.04064,0.03944,0.040081,0.03892,0.0392,0.04016,0.03948,0.03996,0.04352,0.03924,0.03948,0.03976,0.04032,0.04224,0.03984,0.0968,0.04192,0.04252,0.03984,0.04056,0.04476,0.04056,0.040761,0.04044,0.03984,0.0368,0.03964,0.03992,0.03932,0.04068,0.04168,0.04068,0.0472,0.04152,0.0412,0.04104,0.04044,0.03936,0.04008,0.03732,0.03988,0.03988,0.043001,0.03976,0.0398,0.04484,0.03932,0.03808,0.108]",,,,,,,,,32,4,2048,768,151936,True,True,False,1961,3,50,8,2048,768,generic,generic,,,CUDA_EVENT,BF16,none
,,,,,,,,,,,,,,,,0.09616000205278397,0.23919999599456787,0.10850818023085594,0.10147999972105026,0.02335920603731322,50,3,"[0.140761,0.10848,0.09996,0.11384,0.11192,0.1012,0.10196,0.0998,0.100921,0.096321,0.09736,0.10132,0.0992,0.10044,0.11892,0.09712,0.100681,0.10388,0.10152,0.1434,0.12644,0.1086,0.101281,0.10552,0.129,0.1022,0.10288,0.10096,0.102521,0.0998,0.10032,0.10004,0.10016,0.10064,0.10056,0.099761,0.2392,0.1072,0.10332,0.10188,0.102,0.101961,0.10444,0.1026,0.10144,0.10072,0.10084,0.101761,0.097921,0.1096,0.09616,0.10016,0.18372]",0.10035999864339828,0.20812000334262848,0.11090580001473427,0.10480000078678131,0.02425657449911541,50,3,"[0.12004,0.107121,0.104001,0.1066,0.1022,0.10588,0.10272,0.109641,0.10572,0.10344,0.10284,0.10216,0.10812,0.10384,0.103801,0.103441,0.1032,0.10476,0.10196,0.20812,0.11128,0.107601,0.10548,0.10584,0.10524,0.1056,0.107841,0.105041,0.10584,0.10472,0.10076,0.10292,0.10896,0.10484,0.103001,0.10416,0.20748,0.1092,0.10624,0.1034,0.105361,0.105,0.1038,0.10524,0.10844,0.10384,0.103561,0.10376,0.10308,0.10236,0.10276,0.10036,0.203841]",0.038759998977184296,0.10124000161886215,0.0429560200124979,0.04031999967992306,0.011217763752076742,50,3,"[0.12684,0.04084,0.04008,0.04072,0.03972,0.04076,0.0404,0.04116,0.03924,0.04252,0.03964,0.03956,0.04256,0.04016,0.0396,0.03904,0.0394,0.0428,0.03948,0.10124,0.04132,0.04128,0.0402,0.04024,0.04184,0.03976,0.03948,0.0408,0.03996,0.03984,0.03936,0.03956,0.04,0.0406,0.04052,0.04116,0.0454,0.04068,0.04052,0.04592,0.03992,0.04016,0.0402,0.04056,0.04288,0.039681,0.04168,0.04392,0.04012,0.04084,0.03928,0.03876,0.09336]",,,,,,,,,32,4,2048,768,151936,True,True,False,1960,3,50,8,2048,768,generic,generic,,,CUDA_EVENT,BF16,none
