time_stats.attn_input_reshape.min,time_stats.attn_input_reshape.max,time_stats.attn_input_reshape.mean,time_stats.attn_input_reshape.median,time_stats.attn_input_reshape.std,time_stats.attn_input_reshape.count,time_stats.attn_kv_cache_save.min,time_stats.attn_kv_cache_save.max,time_stats.attn_kv_cache_save.mean,time_stats.attn_kv_cache_save.median,time_stats.attn_kv_cache_save.std,time_stats.attn_kv_cache_save.count,time_stats.attn_prefill.min,time_stats.attn_prefill.max,time_stats.attn_prefill.mean,time_stats.attn_prefill.median,time_stats.attn_prefill.std,time_stats.attn_prefill.count,time_stats.attn_decode.min,time_stats.attn_decode.max,time_stats.attn_decode.mean,time_stats.attn_decode.median,time_stats.attn_decode.std,time_stats.attn_decode.count,time_stats.attn_output_reshape.min,time_stats.attn_output_reshape.max,time_stats.attn_output_reshape.mean,time_stats.attn_output_reshape.median,time_stats.attn_output_reshape.std,time_stats.attn_output_reshape.count,n_embd,n_q_head,n_kv_head,block_size,num_tensor_parallel_workers,max_model_len,attention_backend,prefill_seq_lens,prefill_kv_cache_sizes,decode_kv_cache_sizes,num_prefill_seqs,num_decode_seqs,decode_batch_size,total_batch_size,total_prefill_tokens,total_decode_tokens,total_tokens,decode_avg_kv_cache_size,batch_composition_ratio,mode,is_true_mixed_batch,is_mixed_batch,is_prefill,batch_size,prefill_chunk_size,kv_cache_size,is_chunked_prefill_sample,chunk_start_token,chunk_end_token,profiling_precision,measurement_type,model_arch,model_architecture_profile,quant_signature
0.009952000342309475,0.011744000017642975,0.010463999956846238,0.010111999697983265,0.0006629485333169342,5,0.018624000251293182,0.022272000089287758,0.019776000082492827,0.01929599978029728,0.0012807997020942504,5,0.04358400031924248,0.054207999259233475,0.046291199326515195,0.04460800066590309,0.003979215043289419,5,0.03638400137424469,0.04025600105524063,0.03796480074524879,0.03734400123357773,0.0013878708281613037,5,0.00902399979531765,0.009824000298976898,0.009420800022780895,0.009440000168979168,0.00026044160071563065,5,2048,32,4,32,1,9216,FLASHINFER,[64],[0],[128],1,1,1,2,64,1,65,128,0.5,true_mixed,True,False,True,2,0,0,False,0,0,BF16,CUDA_EVENT,generic,generic,none
0.009664000011980534,0.012223999947309494,0.010265599936246872,0.009824000298976898,0.000982228007050334,5,0.018592000007629395,0.022016000002622604,0.019545599818229675,0.01897599920630455,0.0012492958418304037,5,0.04364800080657005,0.05011200159788132,0.04538240134716034,0.04374400153756142,0.0024879790632819456,5,0.03673600032925606,0.0387520007789135,0.037459200620651244,0.036928001791238785,0.0008119678069181273,5,0.008895999751985073,0.00979200005531311,0.009337599761784077,0.009151999838650227,0.0003565667870549749,5,2048,32,4,32,1,9216,FLASHINFER,[64],[0],[256],1,1,1,2,64,1,65,256,0.5,true_mixed,True,False,True,2,0,0,False,0,0,BF16,CUDA_EVENT,generic,generic,none
0.0098879998549819,0.011392000131309032,0.010547200031578541,0.01056000031530857,0.0005201748231543943,5,0.019231999292969704,0.02175999991595745,0.020127999782562255,0.019936000928282738,0.0008593655098306373,5,0.04399999976158142,0.0514880008995533,0.04622720032930374,0.044895999133586884,0.0027253485682643785,5,0.037151999771595,0.040800001472234726,0.03852799981832504,0.03766399994492531,0.001411777420815045,5,0.009472000412642956,0.010080000385642052,0.009708800353109837,0.009568000212311745,0.0002564795516830224,5,2048,32,4,32,1,9216,FLASHINFER,[64],[0],[512],1,1,1,2,64,1,65,512,0.5,true_mixed,True,False,True,2,0,0,False,0,0,BF16,CUDA_EVENT,generic,generic,none
0.0098879998549819,0.012703999876976013,0.010764800012111664,0.010432000271975994,0.0009907811449574838,5,0.018719999119639397,0.021663999184966087,0.01953279934823513,0.01897599920630455,0.001098042978274868,5,0.043168000876903534,0.04873599857091904,0.04449920058250427,0.04358400031924248,0.0021302089915153834,5,0.036288000643253326,0.03923200070858002,0.03750400021672249,0.036639999598264694,0.001241831377165217,5,0.008671999908983707,0.009855999611318111,0.009241599962115288,0.009151999838650227,0.0003931704045855798,5,2048,32,4,32,1,9216,FLASHINFER,[64],[0],[1024],1,1,1,2,64,1,65,1024,0.5,true_mixed,True,False,True,2,0,0,False,0,0,BF16,CUDA_EVENT,generic,generic,none
0.009535999968647957,0.011008000001311302,0.01004799995571375,0.009983999654650688,0.0005277574502771315,5,0.018912000581622124,0.02067199908196926,0.0194303996860981,0.019071999937295914,0.0006562415738237782,5,0.04291199892759323,0.04819199815392494,0.04478079974651337,0.044224001467227936,0.0019126893068023233,5,0.0360959991812706,0.039103999733924866,0.03698559924960136,0.03651199862360954,0.0011126434509960322,5,0.008991999551653862,0.009472000412642956,0.009145599976181983,0.009088000282645226,0.0001686010606706611,5,2048,32,4,32,1,9216,FLASHINFER,[64],[0],[2048],1,1,1,2,64,1,65,2048,0.5,true_mixed,True,False,True,2,0,0,False,0,0,BF16,CUDA_EVENT,generic,generic,none
0.009568000212311745,0.011839999817311764,0.010470400005578995,0.010400000028312206,0.0007773825524530699,5,0.019231999292969704,0.02099199965596199,0.019750399515032768,0.019519999623298645,0.0006531137681165718,5,0.04294399917125702,0.047968000173568726,0.04423040002584457,0.04339199885725975,0.001890807583493157,5,0.03596799820661545,0.03907199949026108,0.03672959953546524,0.03625600039958954,0.0011772173980457315,5,0.008832000195980072,0.009472000412642956,0.00912640020251274,0.009184000082314014,0.00025711760365845505,5,2048,32,4,32,1,9216,FLASHINFER,[64],[0],"[128, 128]",1,2,2,3,64,2,66,128,0.3333333333333333,true_mixed,True,False,True,3,0,0,False,0,0,BF16,CUDA_EVENT,generic,generic,none
0.009472000412642956,0.010784000158309937,0.010144000127911567,0.010111999697983265,0.00044616763213815733,5,0.018688000738620758,0.025919999927282333,0.020665600150823592,0.01929599978029728,0.0026815463994984442,5,0.043487999588251114,0.04739199951291084,0.04479999989271164,0.04435199871659279,0.0013481078736744994,5,0.03657599911093712,0.03791999816894531,0.03745279982686043,0.03766399994492531,0.0004897569255363322,5,0.009344000369310379,0.009727999567985535,0.009561599977314473,0.009600000455975533,0.00013022052801467908,5,2048,32,4,32,1,9216,FLASHINFER,[64],[0],"[256, 256]",1,2,2,3,64,2,66,256,0.3333333333333333,true_mixed,True,False,True,3,0,0,False,0,0,BF16,CUDA_EVENT,generic,generic,none
0.009503999724984169,0.012799999676644802,0.010515199787914754,0.010143999941647053,0.0011843631702775901,5,0.01881599985063076,0.022016000002622604,0.019782400131225585,0.01942400075495243,0.0011822516881524053,5,0.04416000097990036,0.05161599814891815,0.04588159993290901,0.044576000422239304,0.0028789606325316827,5,0.036479998379945755,0.039264000952243805,0.03719039931893349,0.036607999354600906,0.0010534571368159406,5,0.008960000239312649,0.0098879998549819,0.009427199885249139,0.009503999724984169,0.00037678546686010844,5,2048,32,4,32,1,9216,FLASHINFER,[64],[0],"[512, 512]",1,2,2,3,64,2,66,512,0.3333333333333333,true_mixed,True,False,True,3,0,0,False,0,0,BF16,CUDA_EVENT,generic,generic,none
0.009952000342309475,0.011359999887645245,0.010585599951446057,0.010367999784648418,0.00048631569065998495,5,0.01852799952030182,0.021088000386953354,0.019308800250291823,0.018880000337958336,0.0009324254121947208,5,0.0435199998319149,0.04831999912858009,0.04499199911952019,0.04444799944758415,0.0017295400317096678,5,0.035999998450279236,0.03763199970126152,0.036665599793195724,0.03651199862360954,0.000539045887587401,5,0.00863999966531992,0.010111999697983265,0.009363199956715107,0.009344000369310379,0.0004657511771898848,5,2048,32,4,32,1,9216,FLASHINFER,[64],[0],"[1024, 1024]",1,2,2,3,64,2,66,1024,0.3333333333333333,true_mixed,True,False,True,3,0,0,False,0,0,BF16,CUDA_EVENT,generic,generic,none
0.009727999567985535,0.011136000044643879,0.010099199786782264,0.00979200005531311,0.0005376001287784192,5,0.018783999606966972,0.021376000717282295,0.01942400000989437,0.019039999693632126,0.000983811730410091,5,0.04214400053024292,0.0498879998922348,0.04479999989271164,0.04399999976158142,0.0026448343081383586,5,0.036288000643253326,0.039744000881910324,0.03712640032172203,0.036479998379945755,0.0013237950845882346,5,0.008608000352978706,0.009472000412642956,0.009107200242578984,0.009056000038981438,0.0003216596918103477,5,2048,32,4,32,1,9216,FLASHINFER,[64],[0],"[2048, 2048]",1,2,2,3,64,2,66,2048,0.3333333333333333,true_mixed,True,False,True,3,0,0,False,0,0,BF16,CUDA_EVENT,generic,generic,none
0.009983999654650688,0.012480000033974648,0.010675199888646602,0.010367999784648418,0.0009171448893452534,5,0.018848000094294548,0.022112000733613968,0.01996160000562668,0.01961600035429001,0.0011201648880051435,5,0.04275200143456459,0.048448000103235245,0.044441600888967515,0.04374400153756142,0.0020459384765265216,5,0.03574400022625923,0.03859199956059456,0.037011200189590455,0.036768000572919846,0.0010112401847602605,5,0.009056000038981438,0.009696000255644321,0.00933120008558035,0.009312000125646591,0.00023392872740056938,5,2048,32,4,32,1,9216,FLASHINFER,[64],[0],"[128, 128, 128, 128]",1,4,4,5,64,4,68,128,0.2,true_mixed,True,False,True,5,0,0,False,0,0,BF16,CUDA_EVENT,generic,generic,none
0.009824000298976898,0.013407999649643898,0.010822400078177452,0.010143999941647053,0.0013206968054439517,5,0.01852799952030182,0.022463999688625336,0.01991039961576462,0.01926399953663349,0.0013841470128409569,5,0.043136000633239746,0.04918399825692177,0.045606399327516554,0.04495999962091446,0.001997517124211292,5,0.0363520011305809,0.03852799907326698,0.03722880035638809,0.037087999284267426,0.000716570659828616,5,0.00902399979531765,0.009568000212311745,0.009337600134313107,0.00940799992531538,0.00019454328430214773,5,2048,32,4,32,1,9216,FLASHINFER,[64],[0],"[256, 256, 256, 256]",1,4,4,5,64,4,68,256,0.2,true_mixed,True,False,True,5,0,0,False,0,0,BF16,CUDA_EVENT,generic,generic,none
0.00979200005531311,0.012128000147640705,0.010624000057578086,0.010400000028312206,0.000794476997488092,5,0.019007999449968338,0.02131200022995472,0.019558399543166162,0.019007999449968338,0.0008938033340590693,5,0.04364800080657005,0.049056001007556915,0.04534399956464767,0.04428799822926521,0.0020229474095434974,5,0.036031998693943024,0.03840000182390213,0.03685120046138764,0.03667199984192848,0.0008129771413925984,5,0.008799999952316284,0.009472000412642956,0.009139200113713742,0.009151999838650227,0.00021475804120261256,5,2048,32,4,32,1,9216,FLASHINFER,[64],[0],"[512, 512, 512, 512]",1,4,4,5,64,4,68,512,0.2,true_mixed,True,False,True,5,0,0,False,0,0,BF16,CUDA_EVENT,generic,generic,none
0.01027199998497963,0.012927999719977379,0.010886399820446969,0.010367999784648418,0.0010274740421093006,5,0.01942400075495243,0.026655999943614006,0.021216000244021416,0.019648000597953796,0.0027703202907472203,5,0.04335999861359596,0.04934399947524071,0.045990399271249774,0.04543999955058098,0.0021774494707897172,5,0.03731200098991394,0.039872001856565475,0.038419201225042346,0.0382080003619194,0.0008741568624473817,5,0.009247999638319016,0.0098879998549819,0.009587199799716473,0.009631999768316746,0.00020599656298800722,5,2048,32,4,32,1,9216,FLASHINFER,[64],[0],"[1024, 1024, 1024, 1024]",1,4,4,5,64,4,68,1024,0.2,true_mixed,True,False,True,5,0,0,False,0,0,BF16,CUDA_EVENT,generic,generic,none
0.01027199998497963,0.011552000418305397,0.01065600011497736,0.010432000271975994,0.00048106561599049383,5,0.01913600042462349,0.02112000063061714,0.01971200034022331,0.019551999866962433,0.0007283077060978056,5,0.043935999274253845,0.048576001077890396,0.046092800050973895,0.04630399867892265,0.0016619806652385719,5,0.03798399865627289,0.03855999931693077,0.03823999911546707,0.03811199963092804,0.00022807713953115156,5,0.009119999594986439,0.010143999941647053,0.009523199871182442,0.009375999681651592,0.00036294277610339476,5,2048,32,4,32,1,9216,FLASHINFER,[64],[0],"[2048, 2048, 2048, 2048]",1,4,4,5,64,4,68,2048,0.2,true_mixed,True,False,True,5,0,0,False,0,0,BF16,CUDA_EVENT,generic,generic,none
0.009664000011980534,0.011935999616980553,0.010598400048911572,0.010432000271975994,0.0007456478982822877,5,0.019231999292969704,0.021088000386953354,0.01985279992222786,0.019711999222636223,0.0006646765976986339,5,0.043007999658584595,0.049695998430252075,0.0455999992787838,0.04499199986457825,0.002260386873268157,5,0.036031998693943024,0.03855999931693077,0.03733119964599609,0.03718400001525879,0.0008537710852442812,5,0.009088000282645226,0.00979200005531311,0.009388799965381622,0.009375999681651592,0.00025727679642760645,5,2048,32,4,32,1,9216,FLASHINFER,[64],[0],"[128, 128, 128, 128, 128, 128, 128, 128]",1,8,8,9,64,8,72,128,0.1111111111111111,true_mixed,True,False,True,9,0,0,False,0,0,BF16,CUDA_EVENT,generic,generic,none
0.009952000342309475,0.01283199992030859,0.010873600095510482,0.01065600011497736,0.0010268758701675012,5,0.019039999693632126,0.022431999444961548,0.019884799793362617,0.019231999292969704,0.001284727095039592,5,0.04419200122356415,0.050912000238895416,0.04587519988417625,0.04451199993491173,0.0025508316801062833,5,0.03619199991226196,0.03951999917626381,0.03736959993839264,0.03686400130391121,0.0011529591071482068,5,0.009312000125646591,0.009824000298976898,0.009574400074779988,0.009535999968647957,0.00019242617825054046,5,2048,32,4,32,1,9216,FLASHINFER,[64],[0],"[256, 256, 256, 256, 256, 256, 256, 256]",1,8,8,9,64,8,72,256,0.1111111111111111,true_mixed,True,False,True,9,0,0,False,0,0,BF16,CUDA_EVENT,generic,generic,none
0.009824000298976898,0.010847999714314938,0.010419199988245965,0.010495999827980995,0.00033353746031748624,5,0.01865600049495697,0.02022399939596653,0.01923840008676052,0.019168000668287277,0.0005480878522993362,5,0.043487999588251114,0.04793599992990494,0.04495999962091446,0.044544000178575516,0.0015613902661407374,5,0.03641600161790848,0.038975998759269714,0.037567999958992,0.037408001720905304,0.0010490920262580948,5,0.00886400043964386,0.0098879998549819,0.009472000226378442,0.009472000412642956,0.000372081581111204,5,2048,32,4,32,1,9216,FLASHINFER,[64],[0],"[512, 512, 512, 512, 512, 512, 512, 512]",1,8,8,9,64,8,72,512,0.1111111111111111,true_mixed,True,False,True,9,0,0,False,0,0,BF16,CUDA_EVENT,generic,generic,none
0.009664000011980534,0.012736000120639801,0.010662399977445603,0.010367999784648418,0.0010788130436173513,5,0.01958400011062622,0.021824000403285027,0.020096000283956528,0.019680000841617584,0.0008679023555303588,5,0.042688000947237015,0.04982399940490723,0.04500480070710182,0.044064000248909,0.002555964242044144,5,0.03763199970126152,0.04435199871659279,0.039699199795722964,0.03840000182390213,0.0025492247088909686,5,0.008895999751985073,0.01027199998497963,0.009363200142979622,0.009216000325977802,0.00047790474756526297,5,2048,32,4,32,1,9216,FLASHINFER,[64],[0],"[1024, 1024, 1024, 1024, 1024, 1024, 1024, 1024]",1,8,8,9,64,8,72,1024,0.1111111111111111,true_mixed,True,False,True,9,0,0,False,0,0,BF16,CUDA_EVENT,generic,generic,none
0.010111999697983265,0.012736000120639801,0.010809599980711937,0.010367999784648418,0.0009740624348696961,5,0.019007999449968338,0.021824000403285027,0.0197952002286911,0.01929599978029728,0.0010354560599144383,5,0.04368000105023384,0.05532800033688545,0.04649600014090538,0.04447999969124794,0.004431324160133934,5,0.03932800143957138,0.040800001472234726,0.03994880020618439,0.039903998374938965,0.00047618765725400734,5,0.008799999952316284,0.01027199998497963,0.009523200057446956,0.009664000011980534,0.0005314698473646951,5,2048,32,4,32,1,9216,FLASHINFER,[64],[0],"[2048, 2048, 2048, 2048, 2048, 2048, 2048, 2048]",1,8,8,9,64,8,72,2048,0.1111111111111111,true_mixed,True,False,True,9,0,0,False,0,0,BF16,CUDA_EVENT,generic,generic,none
0.009727999567985535,0.011327999643981457,0.010233599692583084,0.010111999697983265,0.0005661015994920232,5,0.01852799952030182,0.020896000787615776,0.019564800336956976,0.01961600035429001,0.000779803008877632,5,0.04179200157523155,0.047648001462221146,0.044364800304174425,0.04403200000524521,0.0019448632295756352,5,0.03564799949526787,0.0379519984126091,0.03664639964699745,0.035999998450279236,0.0009721678932748708,5,0.00886400043964386,0.009920000098645687,0.00942080020904541,0.009600000455975533,0.00040608493581144567,5,2048,32,4,32,1,9216,FLASHINFER,[64],[0],"[128, 128, 128, 128, 128, 128, 128, 128, 128, 128, 128, 128, 128, 128, 128, 128]",1,16,16,17,64,16,80,128,0.058823529411764705,true_mixed,True,False,True,17,0,0,False,0,0,BF16,CUDA_EVENT,generic,generic,none
0.009952000342309475,0.012575999833643436,0.010726400092244149,0.010304000228643417,0.0009609380174538543,5,0.018880000337958336,0.02112000063061714,0.019513600319623948,0.01926399953663349,0.0008271614358692248,5,0.04339199885725975,0.04966399818658829,0.04523519948124886,0.04399999976158142,0.0022903234395628877,5,0.03667199984192848,0.039455998688936234,0.03766399919986725,0.03743999823927879,0.0009754489242444542,5,0.008895999751985073,0.009759999811649323,0.009299199841916562,0.009312000125646591,0.00028948953643869406,5,2048,32,4,32,1,9216,FLASHINFER,[64],[0],"[256, 256, 256, 256, 256, 256, 256, 256, 256, 256, 256, 256, 256, 256, 256, 256]",1,16,16,17,64,16,80,256,0.058823529411764705,true_mixed,True,False,True,17,0,0,False,0,0,BF16,CUDA_EVENT,generic,generic,none
0.010048000141978264,0.012319999746978283,0.010662400163710117,0.010208000428974628,0.0008568352637701246,5,0.01926399953663349,0.02099199965596199,0.019916800037026405,0.019807999953627586,0.0005839802457715605,5,0.04287999868392944,0.0480320006608963,0.04506239965558052,0.04416000097990036,0.002172364200870878,5,0.03843199834227562,0.039744000881910324,0.03885439932346344,0.03855999931693077,0.0004938386641429673,5,0.009247999638319016,0.009983999654650688,0.009497599862515926,0.00940799992531538,0.0002571174599309984,5,2048,32,4,32,1,9216,FLASHINFER,[64],[0],"[512, 512, 512, 512, 512, 512, 512, 512, 512, 512, 512, 512, 512, 512, 512, 512]",1,16,16,17,64,16,80,512,0.058823529411764705,true_mixed,True,False,True,17,0,0,False,0,0,BF16,CUDA_EVENT,generic,generic,none
0.009952000342309475,0.011648000217974186,0.010489600151777268,0.010400000028312206,0.000610990572245256,5,0.01881599985063076,0.020959999412298203,0.01955200023949146,0.019360000267624855,0.0007350251188708447,5,0.04403200000524521,0.047680001705884933,0.0455360010266304,0.04521600157022476,0.0014231912484506488,5,0.04070400074124336,0.04124800115823746,0.041088000684976575,0.04118400067090988,0.00019932694966184365,5,0.009279999881982803,0.009535999968647957,0.009414399974048138,0.00940799992531538,8.196003253039433e-05,5,2048,32,4,32,1,9216,FLASHINFER,[64],[0],"[1024, 1024, 1024, 1024, 1024, 1024, 1024, 1024, 1024, 1024, 1024, 1024, 1024, 1024, 1024, 1024]",1,16,16,17,64,16,80,1024,0.058823529411764705,true_mixed,True,False,True,17,0,0,False,0,0,BF16,CUDA_EVENT,generic,generic,none
0.010143999941647053,0.01158399973064661,0.01063039992004633,0.010367999784648418,0.0005073387449039759,5,0.01926399953663349,0.02175999991595745,0.01996160000562668,0.019680000841617584,0.0009204437133800932,5,0.04320000112056732,0.049536000937223434,0.04547200053930282,0.04508800059556961,0.002167040342880652,5,0.05596800148487091,0.06054399907588959,0.05760000050067902,0.05673599988222122,0.0016673190196266744,5,0.0014400000218302011,0.0014720000326633453,0.0014528000261634587,0.0014400000218302011,1.5676739660947454e-05,5,2048,32,4,32,1,9216,FLASHINFER,[64],[0],"[2048, 2048, 2048, 2048, 2048, 2048, 2048, 2048, 2048, 2048, 2048, 2048, 2048, 2048, 2048, 2048]",1,16,16,17,64,16,80,2048,0.058823529411764705,true_mixed,True,False,True,17,0,0,False,0,0,BF16,CUDA_EVENT,generic,generic,none
0.009535999968647957,0.01244799979031086,0.010476800054311753,0.010080000385642052,0.0010241198769741365,5,0.019071999937295914,0.02143999934196472,0.0197952002286911,0.01942400075495243,0.0008426635837872975,5,0.04307200014591217,0.04896000027656555,0.045420800894498826,0.04467200115323067,0.002288982037095255,5,0.03734400123357773,0.03993599861860275,0.03827840015292168,0.03807999938726425,0.0008864396027434055,5,0.008832000195980072,0.009855999611318111,0.009318399988114835,0.009312000125646591,0.00033218385099889153,5,2048,32,4,32,1,9216,FLASHINFER,[64],[0],"[128, 128, 128, 128, 128, 128, 128, 128, 128, 128, 128, 128, 128, 128, 128, 128, 128, 128, 128, 128, 128, 128, 128, 128, 128, 128, 128, 128, 128, 128, 128, 128]",1,32,32,33,64,32,96,128,0.030303030303030304,true_mixed,True,False,True,33,0,0,False,0,0,BF16,CUDA_EVENT,generic,generic,none
0.009824000298976898,0.010879999957978725,0.010220800153911113,0.010208000428974628,0.00037020546604991396,5,0.019328000023961067,0.021183999255299568,0.01971840001642704,0.019360000267624855,0.0007331838042557483,5,0.042367998510599136,0.04771199822425842,0.044281599670648576,0.04390399903059006,0.0018337308095081903,5,0.03859199956059456,0.03993599861860275,0.03925119936466217,0.039423998445272446,0.0005375996675523385,5,0.008927999995648861,0.014879999682307243,0.010457600094377994,0.009600000455975533,0.002233902360150891,5,2048,32,4,32,1,9216,FLASHINFER,[64],[0],"[256, 256, 256, 256, 256, 256, 256, 256, 256, 256, 256, 256, 256, 256, 256, 256, 256, 256, 256, 256, 256, 256, 256, 256, 256, 256, 256, 256, 256, 256, 256, 256]",1,32,32,33,64,32,96,256,0.030303030303030304,true_mixed,True,False,True,33,0,0,False,0,0,BF16,CUDA_EVENT,generic,generic,none
0.0098879998549819,0.011103999800980091,0.01033599991351366,0.010143999941647053,0.0004167377767087344,5,0.019360000267624855,0.0208320003002882,0.019827200472354888,0.01942400075495243,0.0005864300142208242,5,0.04403200000524521,0.05289600044488907,0.04682240039110184,0.045152001082897186,0.0032828571312992025,5,0.041919998824596405,0.04265600070357323,0.04241280034184456,0.04262400045990944,0.0002901965724635743,5,0.009056000038981438,0.009855999611318111,0.009427199885249139,0.00940799992531538,0.00026665800888653156,5,2048,32,4,32,1,9216,FLASHINFER,[64],[0],"[512, 512, 512, 512, 512, 512, 512, 512, 512, 512, 512, 512, 512, 512, 512, 512, 512, 512, 512, 512, 512, 512, 512, 512, 512, 512, 512, 512, 512, 512, 512, 512]",1,32,32,33,64,32,96,512,0.030303030303030304,true_mixed,True,False,True,33,0,0,False,0,0,BF16,CUDA_EVENT,generic,generic,none
0.009952000342309475,0.012671999633312225,0.01063039992004633,0.010048000141978264,0.001039561596599777,5,0.019328000023961067,0.022272000089287758,0.02014079988002777,0.019487999379634857,0.001108623360973001,5,0.04163200035691261,0.04729599878191948,0.043423999845981595,0.0427200011909008,0.001995835188962886,5,0.056832000613212585,0.05920000001788139,0.05804800018668175,0.05814399942755699,0.0008297811092829137,5,0.0014400000218302011,0.0014720000326633453,0.0014528000261634587,0.0014400000218302011,1.5676739660947454e-05,5,2048,32,4,32,1,9216,FLASHINFER,[64],[0],"[1024, 1024, 1024, 1024, 1024, 1024, 1024, 1024, 1024, 1024, 1024, 1024, 1024, 1024, 1024, 1024, 1024, 1024, 1024, 1024, 1024, 1024, 1024, 1024, 1024, 1024, 1024, 1024, 1024, 1024, 1024, 1024]",1,32,32,33,64,32,96,1024,0.030303030303030304,true_mixed,True,False,True,33,0,0,False,0,0,BF16,CUDA_EVENT,generic,generic,none
0.0014400000218302011,0.012992000207304955,0.0037696000654250383,0.0014720000326633453,0.004611216726021525,5,0.019071999937295914,0.02179200015962124,0.019756799936294554,0.01929599978029728,0.0010328815884167572,5,0.041152000427246094,0.04732799902558327,0.04325760006904602,0.04201599955558777,0.002259788646981885,5,0.07686399668455124,0.07872000336647034,0.07780479937791825,0.07779199630022049,0.0006147349917701618,5,0.0014400000218302011,0.0017600000137463212,0.001510400022380054,0.0014400000218302011,0.00012541387094938252,5,2048,32,4,32,1,9216,FLASHINFER,[64],[0],"[2048, 2048, 2048, 2048, 2048, 2048, 2048, 2048, 2048, 2048, 2048, 2048, 2048, 2048, 2048, 2048, 2048, 2048, 2048, 2048, 2048, 2048, 2048, 2048, 2048, 2048, 2048, 2048, 2048, 2048, 2048, 2048]",1,32,32,33,64,32,96,2048,0.030303030303030304,true_mixed,True,False,True,33,0,0,False,0,0,BF16,CUDA_EVENT,generic,generic,none
0.00979200005531311,0.01228800043463707,0.010598400048911572,0.010239999741315842,0.0008917386272479584,5,0.018719999119639397,0.020447999238967896,0.019232000038027764,0.018912000581622124,0.0006273956299076548,5,0.04105599969625473,0.044224001467227936,0.042790400236845015,0.042527999728918076,0.0011554439021691505,5,0.03481600061058998,0.03622400015592575,0.035283200442790985,0.0350399985909462,0.0005025527320350493,5,0.008927999995648861,0.009920000098645687,0.009363199956715107,0.009312000125646591,0.0003191027772556458,5,2048,32,4,32,1,9216,FLASHINFER,[64],[0],"[128, 128, 128, 128, 128, 128, 128, 128, 128, 128, 128, 128, 128, 128, 128, 128, 128, 128, 128, 128, 128, 128, 128, 128, 128, 128, 128, 128, 128, 128, 128, 128, 128, 128, 128, 128, 128, 128, 128, 128, 128, 128, 128, 128, 128, 128, 128, 128, 128, 128, 128, 128, 128, 128, 128, 128, 128, 128, 128, 128, 128, 128, 128, 128]",1,64,64,65,64,64,128,128,0.015384615384615385,true_mixed,True,False,True,65,0,0,False,0,0,BF16,CUDA_EVENT,generic,generic,none
0.009759999811649323,0.011552000418305397,0.01045759990811348,0.01033599954098463,0.0006140000445619629,5,0.019168000668287277,0.02022399939596653,0.01959039978682995,0.01945599913597107,0.0003916045207159301,5,0.04262400045990944,0.04732799902558327,0.044403199851512906,0.04387199878692627,0.0015745295486295236,5,0.03779200091958046,0.03948799893260002,0.038316800445318225,0.0382080003619194,0.0006090424880904287,5,0.009056000038981438,0.009600000455975533,0.009408000111579894,0.00940799992531538,0.00019932703937049635,5,2048,32,4,32,1,9216,FLASHINFER,[64],[0],"[256, 256, 256, 256, 256, 256, 256, 256, 256, 256, 256, 256, 256, 256, 256, 256, 256, 256, 256, 256, 256, 256, 256, 256, 256, 256, 256, 256, 256, 256, 256, 256, 256, 256, 256, 256, 256, 256, 256, 256, 256, 256, 256, 256, 256, 256, 256, 256, 256, 256, 256, 256, 256, 256, 256, 256, 256, 256, 256, 256, 256, 256, 256, 256]",1,64,64,65,64,64,128,256,0.015384615384615385,true_mixed,True,False,True,65,0,0,False,0,0,BF16,CUDA_EVENT,generic,generic,none
0.009759999811649323,0.010975999757647514,0.010169599950313569,0.009952000342309475,0.00043189321105831745,5,0.01881599985063076,0.020608000457286835,0.01961600035429001,0.019519999623298645,0.0006178571119496204,5,0.04092799872159958,0.04473600164055824,0.04275199994444847,0.04275200143456459,0.001215832510792922,5,0.053247999399900436,0.055296000093221664,0.053747200220823285,0.05337600037455559,0.0007769083089043169,5,0.001408000010997057,0.0014400000218302011,0.0014336000196635724,0.0014400000218302011,1.2800004333257675e-05,5,2048,32,4,32,1,9216,FLASHINFER,[64],[0],"[512, 512, 512, 512, 512, 512, 512, 512, 512, 512, 512, 512, 512, 512, 512, 512, 512, 512, 512, 512, 512, 512, 512, 512, 512, 512, 512, 512, 512, 512, 512, 512, 512, 512, 512, 512, 512, 512, 512, 512, 512, 512, 512, 512, 512, 512, 512, 512, 512, 512, 512, 512, 512, 512, 512, 512, 512, 512, 512, 512, 512, 512, 512, 512]",1,64,64,65,64,64,128,512,0.015384615384615385,true_mixed,True,False,True,65,0,0,False,0,0,BF16,CUDA_EVENT,generic,generic,none
0.0014400000218302011,0.011615999974310398,0.003558400017209351,0.0014720000326633453,0.004030851878550914,5,0.0191040001809597,0.02115200087428093,0.019833600148558617,0.019392000511288643,0.0007789620702339013,5,0.04163200035691261,0.04787199944257736,0.044044800102710724,0.043136000633239746,0.0021487802385333956,5,0.0719359964132309,0.0735040009021759,0.07278079986572265,0.07276800274848938,0.0005114407720985026,5,0.001408000010997057,0.0014400000218302011,0.0014336000196635724,0.0014400000218302011,1.2800004333257675e-05,5,2048,32,4,32,1,9216,FLASHINFER,[64],[0],"[1024, 1024, 1024, 1024, 1024, 1024, 1024, 1024, 1024, 1024, 1024, 1024, 1024, 1024, 1024, 1024, 1024, 1024, 1024, 1024, 1024, 1024, 1024, 1024, 1024, 1024, 1024, 1024, 1024, 1024, 1024, 1024, 1024, 1024, 1024, 1024, 1024, 1024, 1024, 1024, 1024, 1024, 1024, 1024, 1024, 1024, 1024, 1024, 1024, 1024, 1024, 1024, 1024, 1024, 1024, 1024, 1024, 1024, 1024, 1024, 1024, 1024, 1024, 1024]",1,64,64,65,64,64,128,1024,0.015384615384615385,true_mixed,True,False,True,65,0,0,False,0,0,BF16,CUDA_EVENT,generic,generic,none
0.0014400000218302011,0.010495999827980995,0.003372799977660179,0.001728000002913177,0.003564208134401006,5,0.005663999821990728,0.021407999098300934,0.009228799864649773,0.006432000081986189,0.006097543993208252,5,0.032416000962257385,0.04694399982690811,0.03665919974446297,0.034272000193595886,0.0054099347898123006,5,0.10784000158309937,0.10902400314807892,0.10858240127563476,0.10883200168609619,0.00044173996781308425,5,0.001408000010997057,0.0014400000218302011,0.0014336000196635724,0.0014400000218302011,1.2800004333257675e-05,5,2048,32,4,32,1,9216,FLASHINFER,[64],[0],"[2048, 2048, 2048, 2048, 2048, 2048, 2048, 2048, 2048, 2048, 2048, 2048, 2048, 2048, 2048, 2048, 2048, 2048, 2048, 2048, 2048, 2048, 2048, 2048, 2048, 2048, 2048, 2048, 2048, 2048, 2048, 2048, 2048, 2048, 2048, 2048, 2048, 2048, 2048, 2048, 2048, 2048, 2048, 2048, 2048, 2048, 2048, 2048, 2048, 2048, 2048, 2048, 2048, 2048, 2048, 2048, 2048, 2048, 2048, 2048, 2048, 2048, 2048, 2048]",1,64,64,65,64,64,128,2048,0.015384615384615385,true_mixed,True,False,True,65,0,0,False,0,0,BF16,CUDA_EVENT,generic,generic,none
0.009952000342309475,0.011711999773979187,0.010329599864780903,0.009983999654650688,0.000691496183326259,5,0.018912000581622124,0.02035200037062168,0.01969280019402504,0.019551999866962433,0.0005639993900004155,5,0.04217600077390671,0.047648001462221146,0.044211200624704364,0.04419200122356415,0.0019497013893555431,5,0.03612799942493439,0.03868800029158592,0.03720320016145706,0.03711999952793121,0.0008409611688062188,5,0.009151999838650227,0.009824000298976898,0.009363199956715107,0.009312000125646591,0.00024671164983831504,5,2048,32,4,32,1,9216,FLASHINFER,[128],[0],[128],1,1,1,2,128,1,129,128,0.5,true_mixed,True,False,True,2,0,0,False,0,0,BF16,CUDA_EVENT,generic,generic,none
0.009568000212311745,0.012191999703645706,0.010515200160443782,0.010304000228643417,0.0009025132630646953,5,0.018400000408291817,0.0306560005992651,0.021676800027489663,0.019007999449968338,0.004627142778809329,5,0.04156799986958504,0.0453759990632534,0.043270400166511534,0.04323200136423111,0.0013463442020978534,5,0.03542400151491165,0.04028800129890442,0.03707520067691803,0.0363520011305809,0.0016821898471495352,5,0.00886400043964386,0.009631999768316746,0.00933120008558035,0.009472000412642956,0.0002757202374647657,5,2048,32,4,32,1,9216,FLASHINFER,[128],[0],[256],1,1,1,2,128,1,129,256,0.5,true_mixed,True,False,True,2,0,0,False,0,0,BF16,CUDA_EVENT,generic,generic,none
0.009855999611318111,0.011807999573647976,0.01058559976518154,0.010432000271975994,0.0006499702817950328,5,0.018848000094294548,0.0208320003002882,0.019385600090026857,0.019007999449968338,0.0007417929399771918,5,0.04169600084424019,0.04838399961590767,0.04405760020017624,0.04342399910092354,0.0023764084083845016,5,0.036607999354600906,0.038047999143600464,0.037030399590730664,0.036768000572919846,0.0005271359712914904,5,0.009247999638319016,0.010143999941647053,0.0095551997423172,0.009279999881982803,0.0003746051272587982,5,2048,32,4,32,1,9216,FLASHINFER,[128],[0],[512],1,1,1,2,128,1,129,512,0.5,true_mixed,True,False,True,2,0,0,False,0,0,BF16,CUDA_EVENT,generic,generic,none
0.0098879998549819,0.010944000445306301,0.010297599993646146,0.010143999941647053,0.0003616993310262285,5,0.018783999606966972,0.021183999255299568,0.019647999852895736,0.0191040001809597,0.0008870407568108766,5,0.04195199906826019,0.04700800031423569,0.043628799915313723,0.042847998440265656,0.0018432224738839911,5,0.03548799827694893,0.03791999816894531,0.03667839914560318,0.036448001861572266,0.0009067693734798116,5,0.008927999995648861,0.00940799992531538,0.0091711999848485,0.009151999838650227,0.00017244407751059124,5,2048,32,4,32,1,9216,FLASHINFER,[128],[0],[1024],1,1,1,2,128,1,129,1024,0.5,true_mixed,True,False,True,2,0,0,False,0,0,BF16,CUDA_EVENT,generic,generic,none
0.009855999611318111,0.011296000331640244,0.010304000042378903,0.010080000385642052,0.0005135976816532865,5,0.019007999449968338,0.02070399932563305,0.01950719989836216,0.019168000668287277,0.0006183867482536644,5,0.04105599969625473,0.0459199994802475,0.04287360012531281,0.04278400167822838,0.0017913596895584448,5,0.03532800078392029,0.03779200091958046,0.03648640066385269,0.03641600161790848,0.0008460108861800821,5,0.008960000239312649,0.009568000212311745,0.00920960009098053,0.009216000325977802,0.00021456714392198556,5,2048,32,4,32,1,9216,FLASHINFER,[128],[0],[2048],1,1,1,2,128,1,129,2048,0.5,true_mixed,True,False,True,2,0,0,False,0,0,BF16,CUDA_EVENT,generic,generic,none
0.009631999768316746,0.011136000044643879,0.010175999999046326,0.010048000141978264,0.0005099961283518294,5,0.018688000738620758,0.02131200022995472,0.019526400417089463,0.01913600042462349,0.000923109782585006,5,0.04150399938225746,0.04668800160288811,0.04360959976911545,0.04294399917125702,0.001735734697364084,5,0.03622400015592575,0.03814399987459183,0.037088000774383546,0.036928001791238785,0.0006438284517986145,5,0.008991999551653862,0.009759999811649323,0.009465599805116654,0.009631999768316746,0.00030653255853807076,5,2048,32,4,32,1,9216,FLASHINFER,[128],[0],"[128, 128]",1,2,2,3,128,2,130,128,0.3333333333333333,true_mixed,True,False,True,3,0,0,False,0,0,BF16,CUDA_EVENT,generic,generic,none
0.009952000342309475,0.010528000071644783,0.01027199998497963,0.010239999741315842,0.00021703445442321478,5,0.01865600049495697,0.023552000522613525,0.020102400332689285,0.0191040001809597,0.0017955851275997167,5,0.04124800115823746,0.04639999940991402,0.043084800243377686,0.04259200021624565,0.0019167537491857434,5,0.035071998834609985,0.03836800158023834,0.03639039993286133,0.03619199991226196,0.001246013585157798,5,0.008704000152647495,0.009664000011980534,0.009158400073647498,0.00902399979531765,0.0003460737287391864,5,2048,32,4,32,1,9216,FLASHINFER,[128],[0],"[256, 256]",1,2,2,3,128,2,130,256,0.3333333333333333,true_mixed,True,False,True,3,0,0,False,0,0,BF16,CUDA_EVENT,generic,generic,none
0.009535999968647957,0.010912000201642513,0.01004799995571375,0.0098879998549819,0.0004606222920924035,5,0.018592000007629395,0.021695999428629875,0.019462400302290916,0.01894400082528591,0.0011334322129173322,5,0.04089599847793579,0.04566400125622749,0.04288639947772026,0.04233599826693535,0.0016466056120124936,5,0.03545600175857544,0.03747199848294258,0.036326400190591815,0.036288000643253326,0.0006612155344493385,5,0.008895999751985073,0.010048000141978264,0.009465599805116654,0.009375999681651592,0.00040141842296181825,5,2048,32,4,32,1,9216,FLASHINFER,[128],[0],"[512, 512]",1,2,2,3,128,2,130,512,0.3333333333333333,true_mixed,True,False,True,3,0,0,False,0,0,BF16,CUDA_EVENT,generic,generic,none
0.009568000212311745,0.010975999757647514,0.010233600065112114,0.010048000141978264,0.00048631569065998495,5,0.018559999763965607,0.020640000700950623,0.019296000152826308,0.019039999693632126,0.0007123866657171824,5,0.04185599833726883,0.05020799860358238,0.04499839916825295,0.04297599941492081,0.0031504257559848607,5,0.036031998693943024,0.038047999143600464,0.036735999584198,0.03654399886727333,0.00068781379288006,5,0.00886400043964386,0.010048000141978264,0.00939520001411438,0.009247999638319016,0.0004528197921074377,5,2048,32,4,32,1,9216,FLASHINFER,[128],[0],"[1024, 1024]",1,2,2,3,128,2,130,1024,0.3333333333333333,true_mixed,True,False,True,3,0,0,False,0,0,BF16,CUDA_EVENT,generic,generic,none
0.010143999941647053,0.012512000277638435,0.01089280005544424,0.01071999967098236,0.0008580775388919851,5,0.019007999449968338,0.021503999829292297,0.020051199942827225,0.01990400068461895,0.0008397424995294153,5,0.04291199892759323,0.046911999583244324,0.04409599974751473,0.04355200007557869,0.001443905696098721,5,0.03654399886727333,0.0379519984126091,0.03728639930486679,0.03728000074625015,0.000455884676850039,5,0.008991999551653862,0.010015999898314476,0.009465599805116654,0.009503999724984169,0.0003565667870549749,5,2048,32,4,32,1,9216,FLASHINFER,[128],[0],"[2048, 2048]",1,2,2,3,128,2,130,2048,0.3333333333333333,true_mixed,True,False,True,3,0,0,False,0,0,BF16,CUDA_EVENT,generic,generic,none
0.009855999611318111,0.010975999757647514,0.01034879982471466,0.010367999784648418,0.00042336856647157644,5,0.019200000911951065,0.02054399996995926,0.019686400517821313,0.019392000511288643,0.0004954937434469371,5,0.04281599819660187,0.04662400111556053,0.04409599974751473,0.04368000105023384,0.0014020245608938405,5,0.035999998450279236,0.038336001336574554,0.036934399604797365,0.036607999354600906,0.0008783176140130477,5,0.008927999995648861,0.00979200005531311,0.00939520001411438,0.009312000125646591,0.0003145781579605665,5,2048,32,4,32,1,9216,FLASHINFER,[128],[0],"[128, 128, 128, 128]",1,4,4,5,128,4,132,128,0.2,true_mixed,True,False,True,5,0,0,False,0,0,BF16,CUDA_EVENT,generic,generic,none
0.009983999654650688,0.011680000461637974,0.010508800111711025,0.01017600018531084,0.0006113928360530797,5,0.01865600049495697,0.020800000056624413,0.019398400187492372,0.019071999937295914,0.0007387495785636356,5,0.041280001401901245,0.04790399968624115,0.04392960071563721,0.043616000562906265,0.002214010976636953,5,0.03587200120091438,0.03807999938726425,0.03699200078845024,0.03683200106024742,0.0007229445575591042,5,0.009088000282645226,0.009824000298976898,0.009516800008714198,0.009759999811649323,0.00032545742449309164,5,2048,32,4,32,1,9216,FLASHINFER,[128],[0],"[256, 256, 256, 256]",1,4,4,5,128,4,132,256,0.2,true_mixed,True,False,True,5,0,0,False,0,0,BF16,CUDA_EVENT,generic,generic,none
0.009824000298976898,0.010879999957978725,0.010233599878847598,0.010111999697983265,0.0003507760095397264,5,0.01852799952030182,0.021183999255299568,0.01952640004456043,0.019328000023961067,0.0008841267948398047,5,0.04188799858093262,0.04726399853825569,0.043539199978113174,0.04297599941492081,0.0019278341495755952,5,0.03519999980926514,0.03855999931693077,0.036563200503587724,0.03593600168824196,0.0011916031980407941,5,0.008832000195980072,0.010111999697983265,0.009427200071513653,0.009312000125646591,0.0005094334103150017,5,2048,32,4,32,1,9216,FLASHINFER,[128],[0],"[512, 512, 512, 512]",1,4,4,5,128,4,132,512,0.2,true_mixed,True,False,True,5,0,0,False,0,0,BF16,CUDA_EVENT,generic,generic,none
0.009727999567985535,0.011455999687314034,0.010419199801981449,0.010400000028312206,0.0005867791412995532,5,0.018880000337958336,0.02099199965596199,0.01950720027089119,0.019168000668287277,0.0007579607518882531,5,0.04275200143456459,0.047040000557899475,0.04409599974751473,0.043455999344587326,0.001511132188494892,5,0.03638400137424469,0.0387520007789135,0.03747200071811676,0.03782400116324425,0.0008989669447245971,5,0.009184000082314014,0.010400000028312206,0.00956800002604723,0.009375999681651592,0.0004340691285519504,5,2048,32,4,32,1,9216,FLASHINFER,[128],[0],"[1024, 1024, 1024, 1024]",1,4,4,5,128,4,132,1024,0.2,true_mixed,True,False,True,5,0,0,False,0,0,BF16,CUDA_EVENT,generic,generic,none
0.0098879998549819,0.011327999643981457,0.010438399948179721,0.01027199998497963,0.0005069347900884664,5,0.018688000738620758,0.020767999812960625,0.019315199926495552,0.019071999937295914,0.0007590409852076064,5,0.04265600070357323,0.04732799902558327,0.04419199973344803,0.043776001781225204,0.001679557638638771,5,0.03734400123357773,0.038495998829603195,0.03795199990272522,0.03807999938726425,0.000465926998758142,5,0.008991999551653862,0.009920000098645687,0.009369600005447865,0.009184000082314014,0.0003700950578056814,5,2048,32,4,32,1,9216,FLASHINFER,[128],[0],"[2048, 2048, 2048, 2048]",1,4,4,5,128,4,132,2048,0.2,true_mixed,True,False,True,5,0,0,False,0,0,BF16,CUDA_EVENT,generic,generic,none
0.009824000298976898,0.011231999844312668,0.010291199944913388,0.009983999654650688,0.0005182022894575256,5,0.019231999292969704,0.0208320003002882,0.01968640014529228,0.019392000511288643,0.000589147887448587,5,0.043007999658584595,0.05875200033187866,0.04669440090656281,0.043296001851558685,0.006075396709822087,5,0.036607999354600906,0.04054399952292442,0.03775359988212586,0.037151999771595,0.0014335712146804353,5,0.00902399979531765,0.01017600018531084,0.009350399859249592,0.009151999838650227,0.0004208457928678246,5,2048,32,4,32,1,9216,FLASHINFER,[128],[0],"[128, 128, 128, 128, 128, 128, 128, 128]",1,8,8,9,128,8,136,128,0.1111111111111111,true_mixed,True,False,True,9,0,0,False,0,0,BF16,CUDA_EVENT,generic,generic,none
0.009920000098645687,0.012543999589979649,0.010547199845314026,0.010015999898314476,0.001005553732438117,5,0.018751999363303185,0.0208320003002882,0.019315199926495552,0.019071999937295914,0.0007686932289307319,5,0.041760001331567764,0.046271998435258865,0.04330880045890808,0.04275200143456459,0.0016866871903427037,5,0.03542400151491165,0.03855999931693077,0.03697280064225197,0.036448001861572266,0.0011962343998474167,5,0.009279999881982803,0.009855999611318111,0.009516799822449684,0.009375999681651592,0.0002416793490472901,5,2048,32,4,32,1,9216,FLASHINFER,[128],[0],"[256, 256, 256, 256, 256, 256, 256, 256]",1,8,8,9,128,8,136,256,0.1111111111111111,true_mixed,True,False,True,9,0,0,False,0,0,BF16,CUDA_EVENT,generic,generic,none
0.010048000141978264,0.011935999616980553,0.010553600080311299,0.010208000428974628,0.0007026603279836875,5,0.01881599985063076,0.020576000213623047,0.01966079995036125,0.01974399946630001,0.0006029604417969585,5,0.0416640006005764,0.047775998711586,0.043961599469184875,0.04335999861359596,0.002054329716094257,5,0.03638400137424469,0.03916800022125244,0.03736959993839264,0.03728000074625015,0.0010032702221110922,5,0.009279999881982803,0.010432000271975994,0.00960640013217926,0.009440000168979168,0.0004218178470602133,5,2048,32,4,32,1,9216,FLASHINFER,[128],[0],"[512, 512, 512, 512, 512, 512, 512, 512]",1,8,8,9,128,8,136,512,0.1111111111111111,true_mixed,True,False,True,9,0,0,False,0,0,BF16,CUDA_EVENT,generic,generic,none
0.009983999654650688,0.017503999173641205,0.012351999804377557,0.010784000158309937,0.0027464872167118144,5,0.01881599985063076,0.02143999934196472,0.019628799706697463,0.019360000267624855,0.0009675646364697863,5,0.04198399931192398,0.04649600014090538,0.04370559975504875,0.04358400031924248,0.0016743556260460672,5,0.03728000074625015,0.03923200070858002,0.03802880048751831,0.03788800165057182,0.0006726398266528464,5,0.00886400043964386,0.009855999611318111,0.009363200142979622,0.009312000125646591,0.00031910250454480305,5,2048,32,4,32,1,9216,FLASHINFER,[128],[0],"[1024, 1024, 1024, 1024, 1024, 1024, 1024, 1024]",1,8,8,9,128,8,136,1024,0.1111111111111111,true_mixed,True,False,True,9,0,0,False,0,0,BF16,CUDA_EVENT,generic,generic,none
0.0098879998549819,0.012992000207304955,0.01063039992004633,0.010111999697983265,0.0011896773456434489,5,0.019007999449968338,0.02179200015962124,0.019923199713230134,0.01945599913597107,0.0009870536804663338,5,0.04224000126123428,0.047968000173568726,0.04468479976058006,0.04342399910092354,0.002472968525680271,5,0.039583999663591385,0.04108799993991852,0.040358399599790575,0.04047999903559685,0.0004946665827144114,5,0.009247999638319016,0.009759999811649323,0.009529599733650685,0.009503999724984169,0.00019348755914920626,5,2048,32,4,32,1,9216,FLASHINFER,[128],[0],"[2048, 2048, 2048, 2048, 2048, 2048, 2048, 2048]",1,8,8,9,128,8,136,2048,0.1111111111111111,true_mixed,True,False,True,9,0,0,False,0,0,BF16,CUDA_EVENT,generic,generic,none
0.010208000428974628,0.01587199978530407,0.01158400010317564,0.010432000271975994,0.002166851169662058,5,0.018880000337958336,0.0208320003002882,0.01947520039975643,0.019039999693632126,0.0007360278455551466,5,0.041600000113248825,0.04633599892258644,0.04367999956011772,0.04342399910092354,0.0015326625787971033,5,0.035232000052928925,0.03891199827194214,0.036716800183057785,0.03638400137424469,0.001205613811649715,5,0.008832000195980072,0.010143999941647053,0.009523199871182442,0.009503999724984169,0.00043388027650627283,5,2048,32,4,32,1,9216,FLASHINFER,[128],[0],"[128, 128, 128, 128, 128, 128, 128, 128, 128, 128, 128, 128, 128, 128, 128, 128]",1,16,16,17,128,16,144,128,0.058823529411764705,true_mixed,True,False,True,17,0,0,False,0,0,BF16,CUDA_EVENT,generic,generic,none
0.009952000342309475,0.01235199999064207,0.010611200146377087,0.01027199998497963,0.0008790626854252735,5,0.01881599985063076,0.02112000063061714,0.01974400021135807,0.019487999379634857,0.0007666657629020547,5,0.04211200028657913,0.04707200080156326,0.04341119974851608,0.0424639992415905,0.001849434376879589,5,0.03596799820661545,0.039103999733924866,0.03724799975752831,0.037248000502586365,0.0010485071822565663,5,0.009056000038981438,0.010111999697983265,0.009446399845182895,0.009440000168979168,0.0003755878054641691,5,2048,32,4,32,1,9216,FLASHINFER,[128],[0],"[256, 256, 256, 256, 256, 256, 256, 256, 256, 256, 256, 256, 256, 256, 256, 256]",1,16,16,17,128,16,144,256,0.058823529411764705,true_mixed,True,False,True,17,0,0,False,0,0,BF16,CUDA_EVENT,generic,generic,none
0.00979200005531311,0.011615999974310398,0.010451200045645237,0.010304000228643417,0.0006180557633205934,5,0.01926399953663349,0.021503999829292297,0.019865599647164344,0.01945599913597107,0.000834801505165676,5,0.042367998510599136,0.047200001776218414,0.04406399950385094,0.043327998369932175,0.0017814555237805096,5,0.03753599897027016,0.03993599861860275,0.038278399407863616,0.0379519984126091,0.0008748121770724962,5,0.00902399979531765,0.009727999567985535,0.00940799992531538,0.009440000168979168,0.00028261639067258203,5,2048,32,4,32,1,9216,FLASHINFER,[128],[0],"[512, 512, 512, 512, 512, 512, 512, 512, 512, 512, 512, 512, 512, 512, 512, 512]",1,16,16,17,128,16,144,512,0.058823529411764705,true_mixed,True,False,True,17,0,0,False,0,0,BF16,CUDA_EVENT,generic,generic,none
0.009759999811649323,0.01158399973064661,0.010572799853980542,0.010495999827980995,0.0005867791006677973,5,0.0191040001809597,0.020735999569296837,0.01987840011715889,0.019840000197291374,0.0006049268120054483,5,0.0416640006005764,0.04771199822425842,0.04403200000524521,0.0427200011909008,0.00222872494492366,5,0.04121600091457367,0.04227200150489807,0.04160000085830688,0.041439998894929886,0.00039968029055336156,5,0.009151999838650227,0.009503999724984169,0.009350400045514106,0.009344000369310379,0.00012041527763804282,5,2048,32,4,32,1,9216,FLASHINFER,[128],[0],"[1024, 1024, 1024, 1024, 1024, 1024, 1024, 1024, 1024, 1024, 1024, 1024, 1024, 1024, 1024, 1024]",1,16,16,17,128,16,144,1024,0.058823529411764705,true_mixed,True,False,True,17,0,0,False,0,0,BF16,CUDA_EVENT,generic,generic,none
0.00979200005531311,0.01724799908697605,0.011987199820578099,0.010304000228643417,0.002837199838342478,5,0.019039999693632126,0.02160000056028366,0.019865600019693376,0.01958400011062622,0.0008988300669488386,5,0.042688000947237015,0.04879999905824661,0.04449280053377151,0.04355200007557869,0.002202715240650016,5,0.055456001311540604,0.0597120001912117,0.05674879997968674,0.056063998490571976,0.001553711313280244,5,0.0014400000218302011,0.0014720000326633453,0.0014592000283300877,0.0014720000326633453,1.5676739660947454e-05,5,2048,32,4,32,1,9216,FLASHINFER,[128],[0],"[2048, 2048, 2048, 2048, 2048, 2048, 2048, 2048, 2048, 2048, 2048, 2048, 2048, 2048, 2048, 2048]",1,16,16,17,128,16,144,2048,0.058823529411764705,true_mixed,True,False,True,17,0,0,False,0,0,BF16,CUDA_EVENT,generic,generic,none
0.009440000168979168,0.012608000077307224,0.01053440012037754,0.010208000428974628,0.0010816567572366556,5,0.018912000581622124,0.02223999984562397,0.019814400374889372,0.019200000911951065,0.001231962308974499,5,0.04095999896526337,0.047520000487565994,0.04350079968571663,0.04262400045990944,0.0023864879287721326,5,0.03638400137424469,0.038656000047922134,0.037427200376987456,0.03728000074625015,0.0007310017003226087,5,0.008799999952316284,0.009631999768316746,0.009337599761784077,0.009375999681651592,0.00028506945624913856,5,2048,32,4,32,1,9216,FLASHINFER,[128],[0],"[128, 128, 128, 128, 128, 128, 128, 128, 128, 128, 128, 128, 128, 128, 128, 128, 128, 128, 128, 128, 128, 128, 128, 128, 128, 128, 128, 128, 128, 128, 128, 128]",1,32,32,33,128,32,160,128,0.030303030303030304,true_mixed,True,False,True,33,0,0,False,0,0,BF16,CUDA_EVENT,generic,generic,none
0.009920000098645687,0.013088000006973743,0.010739200003445148,0.010239999741315842,0.0011808997192573163,5,0.019328000023961067,0.021407999098300934,0.020191999897360802,0.020031999796628952,0.0007965360576479882,5,0.043296001851558685,0.05027199909090996,0.04519679993391037,0.04383999854326248,0.002625606999433637,5,0.038975998759269714,0.04054399952292442,0.039558399468660355,0.039423998445272446,0.0005259694901067927,5,0.009247999638319016,0.0098879998549819,0.009516800008714198,0.009472000412642956,0.00021853924834103447,5,2048,32,4,32,1,9216,FLASHINFER,[128],[0],"[256, 256, 256, 256, 256, 256, 256, 256, 256, 256, 256, 256, 256, 256, 256, 256, 256, 256, 256, 256, 256, 256, 256, 256, 256, 256, 256, 256, 256, 256, 256, 256]",1,32,32,33,128,32,160,256,0.030303030303030304,true_mixed,True,False,True,33,0,0,False,0,0,BF16,CUDA_EVENT,generic,generic,none
0.009759999811649323,0.012864000163972378,0.010649600066244602,0.010208000428974628,0.0011223564539961832,5,0.01881599985063076,0.02127999998629093,0.01961600035429001,0.019392000511288643,0.000859841738417394,5,0.04198399931192398,0.04729599878191948,0.04364160001277924,0.04255999997258186,0.0019674556647178323,5,0.04102399945259094,0.04265600070357323,0.04177279993891716,0.041439998894929886,0.0006953949618595289,5,0.009056000038981438,0.009952000342309475,0.009465600177645684,0.009344000369310379,0.0003183317680841303,5,2048,32,4,32,1,9216,FLASHINFER,[128],[0],"[512, 512, 512, 512, 512, 512, 512, 512, 512, 512, 512, 512, 512, 512, 512, 512, 512, 512, 512, 512, 512, 512, 512, 512, 512, 512, 512, 512, 512, 512, 512, 512]",1,32,32,33,128,32,160,512,0.030303030303030304,true_mixed,True,False,True,33,0,0,False,0,0,BF16,CUDA_EVENT,generic,generic,none
0.009631999768316746,0.012000000104308128,0.010367999970912933,0.010048000141978264,0.0008356842447602486,5,0.019168000668287277,0.021183999255299568,0.019814400374889372,0.019648000597953796,0.000709620664720798,5,0.04249599948525429,0.04947200044989586,0.044364800304174425,0.04297599941492081,0.002610588262202802,5,0.05846399813890457,0.059808000922203064,0.05926400050520897,0.05939200147986412,0.00044016104752867945,5,0.001408000010997057,0.0014720000326633453,0.0014400000218302011,0.0014400000218302011,2.0238583876559597e-05,5,2048,32,4,32,1,9216,FLASHINFER,[128],[0],"[1024, 1024, 1024, 1024, 1024, 1024, 1024, 1024, 1024, 1024, 1024, 1024, 1024, 1024, 1024, 1024, 1024, 1024, 1024, 1024, 1024, 1024, 1024, 1024, 1024, 1024, 1024, 1024, 1024, 1024, 1024, 1024]",1,32,32,33,128,32,160,1024,0.030303030303030304,true_mixed,True,False,True,33,0,0,False,0,0,BF16,CUDA_EVENT,generic,generic,none
0.0014720000326633453,0.011744000017642975,0.0035264000296592714,0.0014720000326633453,0.004108799993991853,5,0.019519999623298645,0.022463999688625336,0.02030719965696335,0.019807999953627586,0.0010879247099809526,5,0.04275200143456459,0.057472001761198044,0.046163201332092285,0.04358400031924248,0.005680792482875693,5,0.07708799839019775,0.07980799674987793,0.0783615991473198,0.0785600021481514,0.001031055024181704,5,0.0014400000218302011,0.0014720000326633453,0.0014528000261634587,0.0014400000218302011,1.5676739660947454e-05,5,2048,32,4,32,1,9216,FLASHINFER,[128],[0],"[2048, 2048, 2048, 2048, 2048, 2048, 2048, 2048, 2048, 2048, 2048, 2048, 2048, 2048, 2048, 2048, 2048, 2048, 2048, 2048, 2048, 2048, 2048, 2048, 2048, 2048, 2048, 2048, 2048, 2048, 2048, 2048]",1,32,32,33,128,32,160,2048,0.030303030303030304,true_mixed,True,False,True,33,0,0,False,0,0,BF16,CUDA_EVENT,generic,generic,none
0.009920000098645687,0.011359999887645245,0.010342400148510933,0.01017600018531084,0.0005173321104033676,5,0.018783999606966972,0.020576000213623047,0.0193792000412941,0.019200000911951065,0.0006295468341771437,5,0.04198399931192398,0.04774399846792221,0.04384640008211136,0.0432640016078949,0.0020412283077871243,5,0.035071998834609985,0.03743999823927879,0.0357247993350029,0.03526400029659271,0.000878829253716571,5,0.00886400043964386,0.010304000228643417,0.009241600148379802,0.008960000239312649,0.0005398050112151126,5,2048,32,4,32,1,9216,FLASHINFER,[128],[0],"[128, 128, 128, 128, 128, 128, 128, 128, 128, 128, 128, 128, 128, 128, 128, 128, 128, 128, 128, 128, 128, 128, 128, 128, 128, 128, 128, 128, 128, 128, 128, 128, 128, 128, 128, 128, 128, 128, 128, 128, 128, 128, 128, 128, 128, 128, 128, 128, 128, 128, 128, 128, 128, 128, 128, 128, 128, 128, 128, 128, 128, 128, 128, 128]",1,64,64,65,128,64,192,128,0.015384615384615385,true_mixed,True,False,True,65,0,0,False,0,0,BF16,CUDA_EVENT,generic,generic,none
0.009952000342309475,0.013024000450968742,0.010790400207042694,0.010048000141978264,0.0011761732120356783,5,0.01836800016462803,0.02131200022995472,0.019148800149559976,0.01849599927663803,0.0011203840320550688,5,0.041600000113248825,0.04793599992990494,0.043372799456119535,0.042527999728918076,0.0023226447210669275,5,0.036768000572919846,0.03852799907326698,0.03765120059251785,0.037728000432252884,0.0007076554338560469,5,0.008991999551653862,0.009375999681651592,0.009164799936115742,0.009056000038981438,0.00016140194290936984,5,2048,32,4,32,1,9216,FLASHINFER,[128],[0],"[256, 256, 256, 256, 256, 256, 256, 256, 256, 256, 256, 256, 256, 256, 256, 256, 256, 256, 256, 256, 256, 256, 256, 256, 256, 256, 256, 256, 256, 256, 256, 256, 256, 256, 256, 256, 256, 256, 256, 256, 256, 256, 256, 256, 256, 256, 256, 256, 256, 256, 256, 256, 256, 256, 256, 256, 256, 256, 256, 256, 256, 256, 256, 256]",1,64,64,65,128,64,192,256,0.015384615384615385,true_mixed,True,False,True,65,0,0,False,0,0,BF16,CUDA_EVENT,generic,generic,none
0.009920000098645687,0.014271999709308147,0.011014399863779546,0.01027199998497963,0.0016357477673240254,5,0.01849599927663803,0.02143999934196472,0.019404799863696098,0.019039999693632126,0.0010407822883119256,5,0.042399998754262924,0.04694399982690811,0.04363519921898842,0.04294399917125702,0.0016883877067209476,5,0.05344000086188316,0.05507199838757515,0.05411200001835823,0.054048001766204834,0.0005568360536995042,5,0.0014400000218302011,0.0014400000218302011,0.0014400000218302011,0.0014400000218302011,0.0,5,2048,32,4,32,1,9216,FLASHINFER,[128],[0],"[512, 512, 512, 512, 512, 512, 512, 512, 512, 512, 512, 512, 512, 512, 512, 512, 512, 512, 512, 512, 512, 512, 512, 512, 512, 512, 512, 512, 512, 512, 512, 512, 512, 512, 512, 512, 512, 512, 512, 512, 512, 512, 512, 512, 512, 512, 512, 512, 512, 512, 512, 512, 512, 512, 512, 512, 512, 512, 512, 512, 512, 512, 512, 512]",1,64,64,65,128,64,192,512,0.015384615384615385,true_mixed,True,False,True,65,0,0,False,0,0,BF16,CUDA_EVENT,generic,generic,none
0.0014400000218302011,0.012543999589979649,0.0036671999376267196,0.0014400000218302011,0.004438417129687933,5,0.019071999937295914,0.022175999358296394,0.019865599647164344,0.01926399953663349,0.0011775650177405464,5,0.042047999799251556,0.04575999826192856,0.04328320026397705,0.04230400174856186,0.00142068360275349,5,0.07184000313282013,0.07356800138950348,0.0728384017944336,0.07267200201749802,0.0006499697260710581,5,0.001408000010997057,0.0018240000354126096,0.001510400022380054,0.0014400000218302011,0.0001572890401379033,5,2048,32,4,32,1,9216,FLASHINFER,[128],[0],"[1024, 1024, 1024, 1024, 1024, 1024, 1024, 1024, 1024, 1024, 1024, 1024, 1024, 1024, 1024, 1024, 1024, 1024, 1024, 1024, 1024, 1024, 1024, 1024, 1024, 1024, 1024, 1024, 1024, 1024, 1024, 1024, 1024, 1024, 1024, 1024, 1024, 1024, 1024, 1024, 1024, 1024, 1024, 1024, 1024, 1024, 1024, 1024, 1024, 1024, 1024, 1024, 1024, 1024, 1024, 1024, 1024, 1024, 1024, 1024, 1024, 1024, 1024, 1024]",1,64,64,65,128,64,192,1024,0.015384615384615385,true_mixed,True,False,True,65,0,0,False,0,0,BF16,CUDA_EVENT,generic,generic,none
0.0014400000218302011,0.010784000158309937,0.0034048000350594522,0.0014400000218302011,0.003694280525977551,5,0.006399999838322401,0.020896000787615776,0.009312000032514334,0.006399999838322401,0.005792053416014366,5,0.029632000252604485,0.04368000105023384,0.035545600950717925,0.03593600168824196,0.004971420387566548,5,0.10815999656915665,0.10972800105810165,0.10895999819040299,0.10921599715948105,0.000635827708137201,5,0.0014400000218302011,0.0017600000137463212,0.001510400022380054,0.0014400000218302011,0.00012541387094938252,5,2048,32,4,32,1,9216,FLASHINFER,[128],[0],"[2048, 2048, 2048, 2048, 2048, 2048, 2048, 2048, 2048, 2048, 2048, 2048, 2048, 2048, 2048, 2048, 2048, 2048, 2048, 2048, 2048, 2048, 2048, 2048, 2048, 2048, 2048, 2048, 2048, 2048, 2048, 2048, 2048, 2048, 2048, 2048, 2048, 2048, 2048, 2048, 2048, 2048, 2048, 2048, 2048, 2048, 2048, 2048, 2048, 2048, 2048, 2048, 2048, 2048, 2048, 2048, 2048, 2048, 2048, 2048, 2048, 2048, 2048, 2048]",1,64,64,65,128,64,192,2048,0.015384615384615385,true_mixed,True,False,True,65,0,0,False,0,0,BF16,CUDA_EVENT,generic,generic,none
0.00979200005531311,0.011103999800980091,0.010137599892914295,0.0098879998549819,0.0004884168192472342,5,0.01958400011062622,0.028416000306606293,0.021888000518083574,0.019936000928282738,0.0033425527274739734,5,0.043807998299598694,0.04902400076389313,0.045471999794244766,0.04451199993491173,0.0019245817335011943,5,0.03667199984192848,0.03923200070858002,0.0374208003282547,0.03702399879693985,0.0009365894951375336,5,0.009216000325977802,0.013856000266969204,0.010380800068378448,0.009535999968647957,0.0017471649244561061,5,2048,32,4,32,1,9216,FLASHINFER,[256],[0],[128],1,1,1,2,256,1,257,128,0.5,true_mixed,True,False,True,2,0,0,False,0,0,BF16,CUDA_EVENT,generic,generic,none
0.0098879998549819,0.01158399973064661,0.010592000000178814,0.010495999827980995,0.0005623265314702491,5,0.01897599920630455,0.02112000063061714,0.019603199884295465,0.019231999292969704,0.0007782256375318067,5,0.042399998754262924,0.045791998505592346,0.043756799399852754,0.0432640016078949,0.0012144155199310853,5,0.03564799949526787,0.038015998899936676,0.036735999584198,0.036479998379945755,0.0007867052224904355,5,0.009184000082314014,0.01017600018531084,0.009670400246977805,0.009568000212311745,0.0003942109431920994,5,2048,32,4,32,1,9216,FLASHINFER,[256],[0],[256],1,1,1,2,256,1,257,256,0.5,true_mixed,True,False,True,2,0,0,False,0,0,BF16,CUDA_EVENT,generic,generic,none
0.009983999654650688,0.011327999643981457,0.010527999885380269,0.010367999784648418,0.00045345248968886115,5,0.019360000267624855,0.021376000717282295,0.02027520015835762,0.020320000126957893,0.0007041748477015577,5,0.04364800080657005,0.04822399839758873,0.045344000309705736,0.04412800073623657,0.001808268562259756,5,0.03680000081658363,0.039135999977588654,0.03763199970126152,0.03718400001525879,0.0008430039528863133,5,0.009184000082314014,0.01033599954098463,0.009580799750983715,0.00940799992531538,0.00042191472615679676,5,2048,32,4,32,1,9216,FLASHINFER,[256],[0],[512],1,1,1,2,256,1,257,512,0.5,true_mixed,True,False,True,2,0,0,False,0,0,BF16,CUDA_EVENT,generic,generic,none
0.010080000385642052,0.011615999974310398,0.01047040019184351,0.01017600018531084,0.0005772075096039866,5,0.019039999693632126,0.020447999238967896,0.01945599988102913,0.019328000023961067,0.0005111990923500252,5,0.042367998510599136,0.0453759990632534,0.04382719993591309,0.04307200014591217,0.0012399499150031704,5,0.03673600032925606,0.037856001406908035,0.03719040006399155,0.037151999771595,0.0004223030732164783,5,0.008832000195980072,0.010111999697983265,0.009286399930715561,0.009184000082314014,0.0004549853739223807,5,2048,32,4,32,1,9216,FLASHINFER,[256],[0],[1024],1,1,1,2,256,1,257,1024,0.5,true_mixed,True,False,True,2,0,0,False,0,0,BF16,CUDA_EVENT,generic,generic,none
0.01033599954098463,0.01283199992030859,0.010995199717581273,0.010463999584317207,0.0009365893449464566,5,0.018848000094294548,0.022304000332951546,0.0198208000510931,0.0191040001809597,0.0012764110492502173,5,0.04201599955558777,0.04755200073122978,0.04407680034637451,0.04368000105023384,0.0018472182016353361,5,0.035711999982595444,0.03920000046491623,0.03685120046138764,0.03638400137424469,0.0012331591145949663,5,0.009216000325977802,0.009535999968647957,0.009408000111579894,0.009440000168979168,0.00010898802760487891,5,2048,32,4,32,1,9216,FLASHINFER,[256],[0],[2048],1,1,1,2,256,1,257,2048,0.5,true_mixed,True,False,True,2,0,0,False,0,0,BF16,CUDA_EVENT,generic,generic,none
0.009952000342309475,0.011487999930977821,0.01043200008571148,0.010304000228643417,0.0005501765872156407,5,0.01913600042462349,0.020416000857949257,0.01955200023949146,0.019328000023961067,0.0004650474568951046,5,0.04179200157523155,0.05110400170087814,0.04527360051870346,0.04524800181388855,0.003220249993592983,5,0.035392001271247864,0.038047999143600464,0.03667839989066124,0.036928001791238785,0.0009065432431787013,5,0.009119999594986439,0.010304000228643417,0.009497599862515926,0.00940799992531538,0.00041742546207454185,5,2048,32,4,32,1,9216,FLASHINFER,[256],[0],"[128, 128]",1,2,2,3,256,2,258,128,0.3333333333333333,true_mixed,True,False,True,3,0,0,False,0,0,BF16,CUDA_EVENT,generic,generic,none
0.010048000141978264,0.011935999616980553,0.010515199974179268,0.01017600018531084,0.0007199926921806713,5,0.019007999449968338,0.022175999358296394,0.019820799678564073,0.019200000911951065,0.001205444532316616,5,0.0427200011909008,0.04793599992990494,0.04442239999771118,0.04358400031924248,0.0019111688041194238,5,0.036288000643253326,0.03968000039458275,0.03728640004992485,0.036928001791238785,0.0012266315896523245,5,0.009056000038981438,0.009568000212311745,0.009376000054180622,0.00940799992531538,0.00018438222565334814,5,2048,32,4,32,1,9216,FLASHINFER,[256],[0],"[256, 256]",1,2,2,3,256,2,258,256,0.3333333333333333,true_mixed,True,False,True,3,0,0,False,0,0,BF16,CUDA_EVENT,generic,generic,none
0.010111999697983265,0.011935999616980553,0.010726399905979633,0.010432000271975994,0.0006512293331449202,5,0.019007999449968338,0.021856000646948814,0.0198208000510931,0.01929599978029728,0.0010376296624538262,5,0.0424639992415905,0.04825599864125252,0.044556799530982974,0.04383999854326248,0.001961847576046147,5,0.03612799942493439,0.042527999728918076,0.038630399852991104,0.037087999284267426,0.002544143275228786,5,0.009184000082314014,0.010048000141978264,0.00951039995998144,0.009279999881982803,0.00034548156948394684,5,2048,32,4,32,1,9216,FLASHINFER,[256],[0],"[512, 512]",1,2,2,3,256,2,258,512,0.3333333333333333,true_mixed,True,False,True,3,0,0,False,0,0,BF16,CUDA_EVENT,generic,generic,none
0.009920000098645687,0.012415999546647072,0.010630399733781815,0.01033599954098463,0.0009074467628732994,5,0.01865600049495697,0.020864000543951988,0.019276800006628035,0.01897599920630455,0.0008144867371077873,5,0.04255999997258186,0.04531199857592583,0.04359039962291718,0.042847998440265656,0.0011225384893209852,5,0.035840000957250595,0.03964800015091896,0.03715839982032776,0.036959998309612274,0.0013348871316055547,5,0.009088000282645226,0.009664000011980534,0.009324800223112106,0.009216000325977802,0.00024420834250359324,5,2048,32,4,32,1,9216,FLASHINFER,[256],[0],"[1024, 1024]",1,2,2,3,256,2,258,1024,0.3333333333333333,true_mixed,True,False,True,3,0,0,False,0,0,BF16,CUDA_EVENT,generic,generic,none
0.009855999611318111,0.012864000163972378,0.010700799897313118,0.010239999741315842,0.001104922668700267,5,0.018912000581622124,0.021856000646948814,0.01963520050048828,0.019168000668287277,0.0011150703815204644,5,0.04255999997258186,0.04809600114822388,0.044352000951766966,0.04371200129389763,0.0019235169857464748,5,0.03651199862360954,0.03846399858593941,0.037164799869060516,0.036896001547575,0.0007111201377521029,5,0.008927999995648861,0.010080000385642052,0.00927360001951456,0.009184000082314014,0.0004237555502282407,5,2048,32,4,32,1,9216,FLASHINFER,[256],[0],"[2048, 2048]",1,2,2,3,256,2,258,2048,0.3333333333333333,true_mixed,True,False,True,3,0,0,False,0,0,BF16,CUDA_EVENT,generic,generic,none
0.00979200005531311,0.011103999800980091,0.010355199873447418,0.010304000228643417,0.0004362339905781424,5,0.018912000581622124,0.02143999934196472,0.019648000225424768,0.01913600042462349,0.0009285511460071842,5,0.043007999658584595,0.047775998711586,0.04431999996304512,0.04374400153756142,0.0017767344758023143,5,0.036159999668598175,0.04383999854326248,0.0384832002222538,0.036896001547575,0.002867070478474364,5,0.009056000038981438,0.009759999811649323,0.009337599948048591,0.009151999838650227,0.0002970315812531133,5,2048,32,4,32,1,9216,FLASHINFER,[256],[0],"[128, 128, 128, 128]",1,4,4,5,256,4,260,128,0.2,true_mixed,True,False,True,5,0,0,False,0,0,BF16,CUDA_EVENT,generic,generic,none
0.009855999611318111,0.011168000288307667,0.010540799982845784,0.010400000028312206,0.0005279904895871413,5,0.018719999119639397,0.020800000056624413,0.01950720027089119,0.019392000511288643,0.0007281952452344027,5,0.04291199892759323,0.047648001462221146,0.04424319937825203,0.04335999861359596,0.0017853142369706533,5,0.036159999668598175,0.03791999816894531,0.0366911992430687,0.036479998379945755,0.0006459240553167636,5,0.009088000282645226,0.009535999968647957,0.00942080020904541,0.009472000412642956,0.00016884352633950622,5,2048,32,4,32,1,9216,FLASHINFER,[256],[0],"[256, 256, 256, 256]",1,4,4,5,256,4,260,256,0.2,true_mixed,True,False,True,5,0,0,False,0,0,BF16,CUDA_EVENT,generic,generic,none
0.010048000141978264,0.01104000024497509,0.010457600094377994,0.010432000271975994,0.0003234376146402831,5,0.01852799952030182,0.020608000457286835,0.019545599818229675,0.019711999222636223,0.0007635606799488773,5,0.04233599826693535,0.054336000233888626,0.04733439981937408,0.04460800066590309,0.004850905042198867,5,0.03558399900794029,0.03932800143957138,0.03728000074625015,0.03734400123357773,0.0012601668523417068,5,0.008671999908983707,0.010623999871313572,0.009548799879848958,0.009503999724984169,0.0006547422183534263,5,2048,32,4,32,1,9216,FLASHINFER,[256],[0],"[512, 512, 512, 512]",1,4,4,5,256,4,260,512,0.2,true_mixed,True,False,True,5,0,0,False,0,0,BF16,CUDA_EVENT,generic,generic,none
0.0098879998549819,0.011744000017642975,0.010496000200510025,0.010208000428974628,0.0006614021005099776,5,0.019200000911951065,0.02127999998629093,0.019654400274157525,0.019231999292969704,0.0008149387630479188,5,0.04355200007557869,0.04931199923157692,0.0452672004699707,0.04416000097990036,0.0021531596113393407,5,0.03750399872660637,0.04009599983692169,0.038073599338531494,0.03759999945759773,0.001013021421349312,5,0.009119999594986439,0.013952000066637993,0.010495999827980995,0.009375999681651592,0.0018240562782774195,5,2048,32,4,32,1,9216,FLASHINFER,[256],[0],"[1024, 1024, 1024, 1024]",1,4,4,5,256,4,260,1024,0.2,true_mixed,True,False,True,5,0,0,False,0,0,BF16,CUDA_EVENT,generic,generic,none
0.010015999898314476,0.012959999963641167,0.010873599909245968,0.010528000071644783,0.0010772932427117528,5,0.019487999379634857,0.022175999358296394,0.02022399976849556,0.01974399946630001,0.0009914835432557332,5,0.043616000562906265,0.05011200159788132,0.0455360010266304,0.044544000178575516,0.0023965417598054606,5,0.03763199970126152,0.04118400067090988,0.03857280090451241,0.03788800165057182,0.001323516225873569,5,0.009119999594986439,0.010111999697983265,0.00966399982571602,0.009727999567985535,0.0003511262136480731,5,2048,32,4,32,1,9216,FLASHINFER,[256],[0],"[2048, 2048, 2048, 2048]",1,4,4,5,256,4,260,2048,0.2,true_mixed,True,False,True,5,0,0,False,0,0,BF16,CUDA_EVENT,generic,generic,none
0.009759999811649323,0.011296000331640244,0.010233600065112114,0.010048000141978264,0.0005686285678668646,5,0.018751999363303185,0.02067199908196926,0.019603199884295465,0.019487999379634857,0.0006193796772840766,5,0.043616000562906265,0.051263999193906784,0.04649600014090538,0.04527999833226204,0.003011742233483194,5,0.036288000643253326,0.0382080003619194,0.037363200634717944,0.03734400123357773,0.0007547115016103759,5,0.009151999838650227,0.00979200005531311,0.009401600062847137,0.009344000369310379,0.00023809377855769055,5,2048,32,4,32,1,9216,FLASHINFER,[256],[0],"[128, 128, 128, 128, 128, 128, 128, 128]",1,8,8,9,256,8,264,128,0.1111111111111111,true_mixed,True,False,True,9,0,0,False,0,0,BF16,CUDA_EVENT,generic,generic,none
0.01017600018531084,0.013439999893307686,0.011040000058710576,0.01065600011497736,0.001218019313538884,5,0.019071999937295914,0.022048000246286392,0.019968000054359437,0.01958400011062622,0.0010580345058345297,5,0.04383999854326248,0.0490880012512207,0.045446399599313736,0.04390399903059006,0.0020913815833159067,5,0.03638400137424469,0.038784001022577286,0.03707519993185997,0.03654399886727333,0.0008947653450712572,5,0.009312000125646591,0.009631999768316746,0.009548800066113472,0.009600000455975533,0.00012075489077847506,5,2048,32,4,32,1,9216,FLASHINFER,[256],[0],"[256, 256, 256, 256, 256, 256, 256, 256]",1,8,8,9,256,8,264,256,0.1111111111111111,true_mixed,True,False,True,9,0,0,False,0,0,BF16,CUDA_EVENT,generic,generic,none
0.009824000298976898,0.01158399973064661,0.01043200008571148,0.010208000428974628,0.0006051298795255243,5,0.019039999693632126,0.021695999428629875,0.019897599518299103,0.019519999623298645,0.0009297417693650604,5,0.04320000112056732,0.04819199815392494,0.04471039995551109,0.043935999274253845,0.0018583588444869854,5,0.03654399886727333,0.0382080003619194,0.03743359968066216,0.03776000067591667,0.0006780378229018243,5,0.008960000239312649,0.009983999654650688,0.009651199914515018,0.009727999567985535,0.00036519261391524066,5,2048,32,4,32,1,9216,FLASHINFER,[256],[0],"[512, 512, 512, 512, 512, 512, 512, 512]",1,8,8,9,256,8,264,512,0.1111111111111111,true_mixed,True,False,True,9,0,0,False,0,0,BF16,CUDA_EVENT,generic,generic,none
0.010080000385642052,0.013024000450968742,0.01091840025037527,0.010623999871313572,0.0010795721456053212,5,0.019168000668287277,0.022495999932289124,0.020076800137758255,0.01942400075495243,0.0012463741848670223,5,0.04262400045990944,0.0490880012512207,0.04455680102109909,0.043776001781225204,0.002387346018336022,5,0.03702399879693985,0.04054399952292442,0.03827200010418892,0.0382080003619194,0.001241665927540135,5,0.009312000125646591,0.010463999584317207,0.009721600078046322,0.009472000412642956,0.0004318931530950657,5,2048,32,4,32,1,9216,FLASHINFER,[256],[0],"[1024, 1024, 1024, 1024, 1024, 1024, 1024, 1024]",1,8,8,9,256,8,264,1024,0.1111111111111111,true_mixed,True,False,True,9,0,0,False,0,0,BF16,CUDA_EVENT,generic,generic,none
0.009824000298976898,0.01196799986064434,0.010572799853980542,0.010463999584317207,0.0007574204179123917,5,0.019168000668287277,0.020576000213623047,0.019571200013160706,0.019328000023961067,0.0005189923243159491,5,0.042367998510599136,0.04726399853825569,0.044492799788713455,0.04451199993491173,0.0015976428132033886,5,0.03951999917626381,0.04163200035691261,0.04028800055384636,0.04028800129890442,0.0007386389496070373,5,0.009088000282645226,0.009727999567985535,0.009427199885249139,0.009503999724984169,0.00022950925712269185,5,2048,32,4,32,1,9216,FLASHINFER,[256],[0],"[2048, 2048, 2048, 2048, 2048, 2048, 2048, 2048]",1,8,8,9,256,8,264,2048,0.1111111111111111,true_mixed,True,False,True,9,0,0,False,0,0,BF16,CUDA_EVENT,generic,generic,none
0.010400000028312206,0.012671999633312225,0.010975999943912029,0.010528000071644783,0.0008660123134041723,5,0.019200000911951065,0.025887999683618546,0.021196800097823144,0.019519999623298645,0.0025378722900991496,5,0.04396799951791763,0.046751998364925385,0.04504319876432419,0.04479999840259552,0.0009635344966147129,5,0.036607999354600906,0.03859199956059456,0.03712639957666397,0.03686400130391121,0.0007459226673841534,5,0.008704000152647495,0.010080000385642052,0.00933120008558035,0.009279999881982803,0.00045191447983439247,5,2048,32,4,32,1,9216,FLASHINFER,[256],[0],"[128, 128, 128, 128, 128, 128, 128, 128, 128, 128, 128, 128, 128, 128, 128, 128]",1,16,16,17,256,16,272,128,0.058823529411764705,true_mixed,True,False,True,17,0,0,False,0,0,BF16,CUDA_EVENT,generic,generic,none
0.010400000028312206,0.01158399973064661,0.010956800170242786,0.010816000401973724,0.0005201746879431783,5,0.019392000511288643,0.020608000457286835,0.019840000197291374,0.019680000841617584,0.00042789154578528357,5,0.043007999658584595,0.048608001321554184,0.04444800019264221,0.043327998369932175,0.0021215789382589595,5,0.03731200098991394,0.03920000046491623,0.037971200048923494,0.03766399994492531,0.0006918518436009062,5,0.009151999838650227,0.011136000044643879,0.009984000027179718,0.010015999898314476,0.0006586094454440836,5,2048,32,4,32,1,9216,FLASHINFER,[256],[0],"[256, 256, 256, 256, 256, 256, 256, 256, 256, 256, 256, 256, 256, 256, 256, 256]",1,16,16,17,256,16,272,256,0.058823529411764705,true_mixed,True,False,True,17,0,0,False,0,0,BF16,CUDA_EVENT,generic,generic,none
0.010304000228643417,0.012736000120639801,0.010988800041377544,0.010432000271975994,0.0009198205071716746,5,0.019200000911951065,0.022112000733613968,0.02003200016915798,0.019711999222636223,0.0010576473525097123,5,0.043296001851558685,0.04732799902558327,0.04469760060310364,0.04412800073623657,0.0015312448652778237,5,0.03753599897027016,0.04105599969625473,0.038790400326251986,0.03830400109291077,0.0012071085366489307,5,0.009279999881982803,0.009920000098645687,0.009542400017380714,0.009503999724984169,0.00023111002311687186,5,2048,32,4,32,1,9216,FLASHINFER,[256],[0],"[512, 512, 512, 512, 512, 512, 512, 512, 512, 512, 512, 512, 512, 512, 512, 512]",1,16,16,17,256,16,272,512,0.058823529411764705,true_mixed,True,False,True,17,0,0,False,0,0,BF16,CUDA_EVENT,generic,generic,none
0.009503999724984169,0.01283199992030859,0.010585599951446057,0.010208000428974628,0.0011559753810878857,5,0.018848000094294548,0.02195199951529503,0.019750399887561797,0.019360000267624855,0.0011205299347689783,5,0.04287999868392944,0.04774399846792221,0.044377599656581876,0.04323200136423111,0.001840196993717558,5,0.04070400074124336,0.04297599941492081,0.04149760007858276,0.04131200164556503,0.0007755359348655012,5,0.00886400043964386,0.010048000141978264,0.009350400045514106,0.009279999881982803,0.0004252028694146817,5,2048,32,4,32,1,9216,FLASHINFER,[256],[0],"[1024, 1024, 1024, 1024, 1024, 1024, 1024, 1024, 1024, 1024, 1024, 1024, 1024, 1024, 1024, 1024]",1,16,16,17,256,16,272,1024,0.058823529411764705,true_mixed,True,False,True,17,0,0,False,0,0,BF16,CUDA_EVENT,generic,generic,none
0.010048000141978264,0.013024000450968742,0.01081600021570921,0.01017600018531084,0.001126291039013972,5,0.019392000511288643,0.022048000246286392,0.020185600221157073,0.019711999222636223,0.0009930110790489631,5,0.04335999861359596,0.05081599950790405,0.045420799404382706,0.044415999203920364,0.0027339764864143684,5,0.0562559999525547,0.05814399942755699,0.05724800005555153,0.05721599981188774,0.0007120990687597775,5,0.0014400000218302011,0.0014720000326633453,0.0014528000261634587,0.0014400000218302011,1.5676739660947454e-05,5,2048,32,4,32,1,9216,FLASHINFER,[256],[0],"[2048, 2048, 2048, 2048, 2048, 2048, 2048, 2048, 2048, 2048, 2048, 2048, 2048, 2048, 2048, 2048]",1,16,16,17,256,16,272,2048,0.058823529411764705,true_mixed,True,False,True,17,0,0,False,0,0,BF16,CUDA_EVENT,generic,generic,none
0.009824000298976898,0.013055999763309956,0.010809599980711937,0.010400000028312206,0.0011518931765822369,5,0.01865600049495697,0.02147199958562851,0.019705600291490554,0.01942400075495243,0.000973851798070114,5,0.04339199885725975,0.04553600028157234,0.04408319965004921,0.04383999854326248,0.000765489626152576,5,0.036031998693943024,0.03916800022125244,0.037228799611330035,0.03734400123357773,0.001153883435255886,5,0.008832000195980072,0.009952000342309475,0.00940799992531538,0.009375999681651592,0.0003753697321261251,5,2048,32,4,32,1,9216,FLASHINFER,[256],[0],"[128, 128, 128, 128, 128, 128, 128, 128, 128, 128, 128, 128, 128, 128, 128, 128, 128, 128, 128, 128, 128, 128, 128, 128, 128, 128, 128, 128, 128, 128, 128, 128]",1,32,32,33,256,32,288,128,0.030303030303030304,true_mixed,True,False,True,33,0,0,False,0,0,BF16,CUDA_EVENT,generic,generic,none
0.009952000342309475,0.01244799979031086,0.01065600011497736,0.010400000028312206,0.0009132060329686049,5,0.019231999292969704,0.02208000048995018,0.020307200029492378,0.019840000197291374,0.0009789283604677828,5,0.041919998824596405,0.04793599992990494,0.044671999663114546,0.04435199871659279,0.0020157463669705964,5,0.03855999931693077,0.04092799872159958,0.03938559964299202,0.03903999924659729,0.0008362716171834472,5,0.009088000282645226,0.009824000298976898,0.00933120008558035,0.009247999638319016,0.00026122675385926276,5,2048,32,4,32,1,9216,FLASHINFER,[256],[0],"[256, 256, 256, 256, 256, 256, 256, 256, 256, 256, 256, 256, 256, 256, 256, 256, 256, 256, 256, 256, 256, 256, 256, 256, 256, 256, 256, 256, 256, 256, 256, 256]",1,32,32,33,256,32,288,256,0.030303030303030304,true_mixed,True,False,True,33,0,0,False,0,0,BF16,CUDA_EVENT,generic,generic,none
0.009920000098645687,0.012575999833643436,0.010585599951446057,0.010111999697983265,0.0009995889809946794,5,0.019039999693632126,0.021056000143289566,0.019564799964427948,0.01926399953663349,0.0007595806654519211,5,0.04262400045990944,0.048128001391887665,0.044102399796247485,0.04287999868392944,0.0020756541563906315,5,0.04217600077390671,0.04444799944758415,0.04322559982538223,0.04303999990224838,0.0008618399267238062,5,0.009119999594986439,0.016416000202298164,0.010694400034844875,0.009312000125646591,0.002862911167684687,5,2048,32,4,32,1,9216,FLASHINFER,[256],[0],"[512, 512, 512, 512, 512, 512, 512, 512, 512, 512, 512, 512, 512, 512, 512, 512, 512, 512, 512, 512, 512, 512, 512, 512, 512, 512, 512, 512, 512, 512, 512, 512]",1,32,32,33,256,32,288,512,0.030303030303030304,true_mixed,True,False,True,33,0,0,False,0,0,BF16,CUDA_EVENT,generic,generic,none
0.010111999697983265,0.013055999763309956,0.01085439994931221,0.010432000271975994,0.0011148498230036802,5,0.019680000841617584,0.021856000646948814,0.02038400024175644,0.02022399939596653,0.0007661311046984982,5,0.04383999854326248,0.04873599857091904,0.046086399257183074,0.045471999794244766,0.002074764831256047,5,0.05673599988222122,0.0589120015501976,0.05793920010328293,0.05801599845290184,0.0007938581268908387,5,0.0014400000218302011,0.0014400000218302011,0.0014400000218302011,0.0014400000218302011,0.0,5,2048,32,4,32,1,9216,FLASHINFER,[256],[0],"[1024, 1024, 1024, 1024, 1024, 1024, 1024, 1024, 1024, 1024, 1024, 1024, 1024, 1024, 1024, 1024, 1024, 1024, 1024, 1024, 1024, 1024, 1024, 1024, 1024, 1024, 1024, 1024, 1024, 1024, 1024, 1024]",1,32,32,33,256,32,288,1024,0.030303030303030304,true_mixed,True,False,True,33,0,0,False,0,0,BF16,CUDA_EVENT,generic,generic,none
0.0014400000218302011,0.011839999817311764,0.0035263999830931424,0.0014400000218302011,0.004156818392831706,5,0.01974399946630001,0.021344000473618507,0.02026880010962486,0.02006400004029274,0.0005829275334732199,5,0.04339199885725975,0.04835199937224388,0.04487679973244667,0.04387199878692627,0.0018174871837445075,5,0.07708799839019775,0.0798719972372055,0.07842559814453125,0.07795199751853943,0.0011876086220693706,5,0.0014400000218302011,0.0017920000245794654,0.001510400022380054,0.0014400000218302011,0.0001408000010997057,5,2048,32,4,32,1,9216,FLASHINFER,[256],[0],"[2048, 2048, 2048, 2048, 2048, 2048, 2048, 2048, 2048, 2048, 2048, 2048, 2048, 2048, 2048, 2048, 2048, 2048, 2048, 2048, 2048, 2048, 2048, 2048, 2048, 2048, 2048, 2048, 2048, 2048, 2048, 2048]",1,32,32,33,256,32,288,2048,0.030303030303030304,true_mixed,True,False,True,33,0,0,False,0,0,BF16,CUDA_EVENT,generic,generic,none
0.010367999784648418,0.01228800043463707,0.010822400078177452,0.010432000271975994,0.000736528671075533,5,0.018912000581622124,0.021407999098300934,0.019577599689364435,0.019039999693632126,0.0009391656003287917,5,0.04195199906826019,0.04915200173854828,0.04451840072870254,0.04368000105023384,0.0025609125856340346,5,0.03481600061058998,0.03673600032925606,0.03562880009412765,0.035392001271247864,0.0006891820772570197,5,0.008832000195980072,0.00979200005531311,0.009267199970781802,0.009056000038981438,0.00037460501906177226,5,2048,32,4,32,1,9216,FLASHINFER,[256],[0],"[128, 128, 128, 128, 128, 128, 128, 128, 128, 128, 128, 128, 128, 128, 128, 128, 128, 128, 128, 128, 128, 128, 128, 128, 128, 128, 128, 128, 128, 128, 128, 128, 128, 128, 128, 128, 128, 128, 128, 128, 128, 128, 128, 128, 128, 128, 128, 128, 128, 128, 128, 128, 128, 128, 128, 128, 128, 128, 128, 128, 128, 128, 128, 128]",1,64,64,65,256,64,320,128,0.015384615384615385,true_mixed,True,False,True,65,0,0,False,0,0,BF16,CUDA_EVENT,generic,generic,none
0.009696000255644321,0.013248000293970108,0.010720000043511391,0.010239999741315842,0.0012859064768593177,5,0.018719999119639397,0.02127999998629093,0.019462399557232855,0.019039999693632126,0.0009251046859547098,5,0.04287999868392944,0.0461760014295578,0.04422400072216988,0.043296001851558685,0.0013552295535676773,5,0.038176000118255615,0.040672000497579575,0.03918080031871796,0.039103999733924866,0.000835341122927763,5,0.008895999751985073,0.009696000255644321,0.009305600076913834,0.009279999881982803,0.0002956496565997101,5,2048,32,4,32,1,9216,FLASHINFER,[256],[0],"[256, 256, 256, 256, 256, 256, 256, 256, 256, 256, 256, 256, 256, 256, 256, 256, 256, 256, 256, 256, 256, 256, 256, 256, 256, 256, 256, 256, 256, 256, 256, 256, 256, 256, 256, 256, 256, 256, 256, 256, 256, 256, 256, 256, 256, 256, 256, 256, 256, 256, 256, 256, 256, 256, 256, 256, 256, 256, 256, 256, 256, 256, 256, 256]",1,64,64,65,256,64,320,256,0.015384615384615385,true_mixed,True,False,True,65,0,0,False,0,0,BF16,CUDA_EVENT,generic,generic,none
0.009824000298976898,0.012799999676644802,0.010694400034844875,0.01027199998497963,0.001107292264962178,5,0.019392000511288643,0.02127999998629093,0.020230400189757348,0.020160000771284103,0.0006153325373993232,5,0.04230400174856186,0.048448000103235245,0.04391680061817169,0.04281599819660187,0.002284593547882127,5,0.05270399898290634,0.05484800040721893,0.053843199461698535,0.05366399884223938,0.00077664471871746,5,0.0014400000218302011,0.0014720000326633453,0.00144640002399683,0.0014400000218302011,1.2800004333257675e-05,5,2048,32,4,32,1,9216,FLASHINFER,[256],[0],"[512, 512, 512, 512, 512, 512, 512, 512, 512, 512, 512, 512, 512, 512, 512, 512, 512, 512, 512, 512, 512, 512, 512, 512, 512, 512, 512, 512, 512, 512, 512, 512, 512, 512, 512, 512, 512, 512, 512, 512, 512, 512, 512, 512, 512, 512, 512, 512, 512, 512, 512, 512, 512, 512, 512, 512, 512, 512, 512, 512, 512, 512, 512, 512]",1,64,64,65,256,64,320,512,0.015384615384615385,true_mixed,True,False,True,65,0,0,False,0,0,BF16,CUDA_EVENT,generic,generic,none
0.0014400000218302011,0.011744000017642975,0.003507200023159385,0.0014400000218302011,0.004118418645230863,5,0.019168000668287277,0.02687999978661537,0.021139200031757354,0.019807999953627586,0.002893380322729948,5,0.0435199998319149,0.04729599878191948,0.04453120008111,0.04416000097990036,0.0014117181935088838,5,0.07260800153017044,0.07516799867153168,0.073887999355793,0.07398399710655212,0.0008292867269476127,5,0.001408000010997057,0.0014400000218302011,0.0014272000174969436,0.0014400000218302011,1.5676739660947454e-05,5,2048,32,4,32,1,9216,FLASHINFER,[256],[0],"[1024, 1024, 1024, 1024, 1024, 1024, 1024, 1024, 1024, 1024, 1024, 1024, 1024, 1024, 1024, 1024, 1024, 1024, 1024, 1024, 1024, 1024, 1024, 1024, 1024, 1024, 1024, 1024, 1024, 1024, 1024, 1024, 1024, 1024, 1024, 1024, 1024, 1024, 1024, 1024, 1024, 1024, 1024, 1024, 1024, 1024, 1024, 1024, 1024, 1024, 1024, 1024, 1024, 1024, 1024, 1024, 1024, 1024, 1024, 1024, 1024, 1024, 1024, 1024]",1,64,64,65,256,64,320,1024,0.015384615384615385,true_mixed,True,False,True,65,0,0,False,0,0,BF16,CUDA_EVENT,generic,generic,none
0.0014400000218302011,0.012160000391304493,0.00366720010060817,0.0014400000218302011,0.004249455564829446,5,0.008031999692320824,0.02239999920129776,0.010982399806380272,0.0080960001796484,0.005709696489183882,5,0.030527999624609947,0.04649600014090538,0.035846400633454324,0.03283200040459633,0.005795177867531624,5,0.10847999900579453,0.11075200140476227,0.10945920050144195,0.10921599715948105,0.0008061468894266775,5,0.0014400000218302011,0.0014400000218302011,0.0014400000218302011,0.0014400000218302011,0.0,5,2048,32,4,32,1,9216,FLASHINFER,[256],[0],"[2048, 2048, 2048, 2048, 2048, 2048, 2048, 2048, 2048, 2048, 2048, 2048, 2048, 2048, 2048, 2048, 2048, 2048, 2048, 2048, 2048, 2048, 2048, 2048, 2048, 2048, 2048, 2048, 2048, 2048, 2048, 2048, 2048, 2048, 2048, 2048, 2048, 2048, 2048, 2048, 2048, 2048, 2048, 2048, 2048, 2048, 2048, 2048, 2048, 2048, 2048, 2048, 2048, 2048, 2048, 2048, 2048, 2048, 2048, 2048, 2048, 2048, 2048, 2048]",1,64,64,65,256,64,320,2048,0.015384615384615385,true_mixed,True,False,True,65,0,0,False,0,0,BF16,CUDA_EVENT,generic,generic,none
0.009759999811649323,0.012927999719977379,0.010553600080311299,0.010080000385642052,0.0011972275663118636,5,0.01897599920630455,0.02127999998629093,0.01974399983882904,0.01958400011062622,0.0008001281526174895,5,0.046879999339580536,0.04867200180888176,0.04780160039663315,0.04816000163555145,0.000689123187658595,5,0.036031998693943024,0.038656000047922134,0.03704959973692894,0.03651199862360954,0.000980767674668419,5,0.008832000195980072,0.009824000298976898,0.009132800064980984,0.008991999551653862,0.00036909757847648414,5,2048,32,4,32,1,9216,FLASHINFER,[512],[0],[128],1,1,1,2,512,1,513,128,0.5,true_mixed,True,False,True,2,0,0,False,0,0,BF16,CUDA_EVENT,generic,generic,none
0.01017600018531084,0.01152000017464161,0.010649600066244602,0.010400000028312206,0.0004979677311505753,5,0.019200000911951065,0.021247999742627144,0.019814400002360344,0.01961600035429001,0.0007456478774989086,5,0.04745600000023842,0.05190400034189224,0.048716799914836885,0.04800000041723251,0.0016191622389646625,5,0.03654399886727333,0.044224001467227936,0.038924799859523775,0.03702399879693985,0.0029577842426780354,5,0.009119999594986439,0.010015999898314476,0.009471999853849411,0.009247999638319016,0.0003731810955213791,5,2048,32,4,32,1,9216,FLASHINFER,[512],[0],[256],1,1,1,2,512,1,513,256,0.5,true_mixed,True,False,True,2,0,0,False,0,0,BF16,CUDA_EVENT,generic,generic,none
0.01017600018531084,0.011648000217974186,0.010649600066244602,0.010495999827980995,0.0005439623736182308,5,0.018783999606966972,0.02127999998629093,0.019475200027227402,0.0191040001809597,0.0009218221900280638,5,0.04755200073122978,0.04927999898791313,0.04814080074429512,0.047648001462221146,0.000690072481362141,5,0.03558399900794029,0.03782400116324425,0.03649279996752739,0.03612799942493439,0.0008682803466631868,5,0.009119999594986439,0.00940799992531538,0.009254400059580803,0.009216000325977802,9.790122606914284e-05,5,2048,32,4,32,1,9216,FLASHINFER,[512],[0],[512],1,1,1,2,512,1,513,512,0.5,true_mixed,True,False,True,2,0,0,False,0,0,BF16,CUDA_EVENT,generic,generic,none
0.010208000428974628,0.012575999833643436,0.01082880012691021,0.010528000071644783,0.0008825503226311558,5,0.01926399953663349,0.022048000246286392,0.020051199942827225,0.019807999953627586,0.0010277134604696554,5,0.04755200073122978,0.05270399898290634,0.04903679937124252,0.04819199815392494,0.001881055410384812,5,0.03654399886727333,0.0387520007789135,0.037503999471664426,0.03721600025892258,0.0007942197274365822,5,0.009119999594986439,0.009631999768316746,0.009324799850583076,0.009184000082314014,0.00021475793018524617,5,2048,32,4,32,1,9216,FLASHINFER,[512],[0],[1024],1,1,1,2,512,1,513,1024,0.5,true_mixed,True,False,True,2,0,0,False,0,0,BF16,CUDA_EVENT,generic,generic,none
0.009472000412642956,0.012319999746978283,0.010534399934113026,0.010304000228643417,0.0009670989247778642,5,0.018848000094294548,0.02147199958562851,0.019468799978494645,0.018880000337958336,0.00101588764966011,5,0.046592000871896744,0.049855999648571014,0.047936000674962995,0.04710400104522705,0.001279519553537496,5,0.036320000886917114,0.03843199834227562,0.036876799911260603,0.036607999354600906,0.0007897186690465581,5,0.00886400043964386,0.009440000168979168,0.009158400073647498,0.009088000282645226,0.00022843603412676757,5,2048,32,4,32,1,9216,FLASHINFER,[512],[0],[2048],1,1,1,2,512,1,513,2048,0.5,true_mixed,True,False,True,2,0,0,False,0,0,BF16,CUDA_EVENT,generic,generic,none
0.009824000298976898,0.01158399973064661,0.010476799868047237,0.010239999741315842,0.0006103867819962696,5,0.018880000337958336,0.021695999428629875,0.019551999866962433,0.019039999693632126,0.0010812020368232281,5,0.046911999583244324,0.05011200159788132,0.04790400043129921,0.04713600128889084,0.0012208748320589582,5,0.0363520011305809,0.038943998515605927,0.03712640032172203,0.036768000572919846,0.0009478473635017643,5,0.009151999838650227,0.00979200005531311,0.009440000168979168,0.009440000168979168,0.00020836894556515716,5,2048,32,4,32,1,9216,FLASHINFER,[512],[0],"[128, 128]",1,2,2,3,512,2,514,128,0.3333333333333333,true_mixed,True,False,True,3,0,0,False,0,0,BF16,CUDA_EVENT,generic,generic,none
0.009920000098645687,0.01235199999064207,0.010572800040245056,0.01017600018531084,0.0008970507845073248,5,0.01865600049495697,0.021376000717282295,0.01932159997522831,0.018880000337958336,0.0010334368677043047,5,0.0469760000705719,0.04982399940490723,0.04824320003390312,0.047648001462221146,0.001084719048506266,5,0.03596799820661545,0.038336001336574554,0.036723199486732486,0.036320000886917114,0.000893849773703515,5,0.009088000282645226,0.009535999968647957,0.009280000068247318,0.009216000325977802,0.00016689149521368867,5,2048,32,4,32,1,9216,FLASHINFER,[512],[0],"[256, 256]",1,2,2,3,512,2,514,256,0.3333333333333333,true_mixed,True,False,True,3,0,0,False,0,0,BF16,CUDA_EVENT,generic,generic,none
0.009696000255644321,0.011327999643981457,0.01043200008571148,0.010400000028312206,0.0005512920757479684,5,0.01865600049495697,0.021215999498963356,0.019404799863696098,0.018880000337958336,0.0009496182679201509,5,0.0469760000705719,0.04950400069355965,0.04796160012483597,0.04732799902558327,0.0009651920264908968,5,0.03561599925160408,0.03868800029158592,0.036985599994659425,0.036768000572919846,0.0010075482282429816,5,0.008895999751985073,0.009727999567985535,0.009228799678385257,0.009119999594986439,0.0002950947685075429,5,2048,32,4,32,1,9216,FLASHINFER,[512],[0],"[512, 512]",1,2,2,3,512,2,514,512,0.3333333333333333,true_mixed,True,False,True,3,0,0,False,0,0,BF16,CUDA_EVENT,generic,generic,none
0.009759999811649323,0.011455999687314034,0.010380799882113934,0.010239999741315842,0.000582575752386258,5,0.018719999119639397,0.020767999812960625,0.019513599574565887,0.019328000023961067,0.0006765258774534902,5,0.04726399853825569,0.05052800104022026,0.048384000360965726,0.048128001391887665,0.0011664873157167595,5,0.0360959991812706,0.03814399987459183,0.03679360002279282,0.03670400008559227,0.0007513941192252634,5,0.008671999908983707,0.009952000342309475,0.009177599847316743,0.009119999594986439,0.000420845809863544,5,2048,32,4,32,1,9216,FLASHINFER,[512],[0],"[1024, 1024]",1,2,2,3,512,2,514,1024,0.3333333333333333,true_mixed,True,False,True,3,0,0,False,0,0,BF16,CUDA_EVENT,generic,generic,none
0.009824000298976898,0.01158399973064661,0.010502399876713753,0.01027199998497963,0.0005933043548865722,5,0.018751999363303185,0.02163200080394745,0.01948160007596016,0.018912000581622124,0.0010916460236264016,5,0.04739199951291084,0.05190400034189224,0.04884480014443397,0.04867200180888176,0.0016389001046856696,5,0.035999998450279236,0.03977600112557411,0.03758719936013222,0.03747199848294258,0.0012281673719463182,5,0.008960000239312649,0.009759999811649323,0.009401600062847137,0.009312000125646591,0.0003144476347823079,5,2048,32,4,32,1,9216,FLASHINFER,[512],[0],"[2048, 2048]",1,2,2,3,512,2,514,2048,0.3333333333333333,true_mixed,True,False,True,3,0,0,False,0,0,BF16,CUDA_EVENT,generic,generic,none
0.010015999898314476,0.01190400030463934,0.010521600022912025,0.010208000428974628,0.0006988613725902312,5,0.01881599985063076,0.020447999238967896,0.01942400000989437,0.019392000511288643,0.0005597711721067504,5,0.0469760000705719,0.05104000121355057,0.04826880097389221,0.047648001462221146,0.0014780537119946629,5,0.036159999668598175,0.03868800029158592,0.03735679984092712,0.03721600025892258,0.0008137319040286378,5,0.008960000239312649,0.010239999741315842,0.009593600034713745,0.009503999724984169,0.0004198710595391902,5,2048,32,4,32,1,9216,FLASHINFER,[512],[0],"[128, 128, 128, 128]",1,4,4,5,512,4,516,128,0.2,true_mixed,True,False,True,5,0,0,False,0,0,BF16,CUDA_EVENT,generic,generic,none
0.010111999697983265,0.011680000461637974,0.010476800054311753,0.010143999941647053,0.0006053333180814776,5,0.019231999292969704,0.0244159996509552,0.020895999670028687,0.020031999796628952,0.0019005953901563442,5,0.047680001705884933,0.0522879995405674,0.04886399954557419,0.047839999198913574,0.0017535297901281886,5,0.03699199855327606,0.047807998955249786,0.03948159962892532,0.03734400123357773,0.004176920317915516,5,0.008960000239312649,0.009727999567985535,0.00938240010291338,0.00940799992531538,0.00024820102376078433,5,2048,32,4,32,1,9216,FLASHINFER,[512],[0],"[256, 256, 256, 256]",1,4,4,5,512,4,516,256,0.2,true_mixed,True,False,True,5,0,0,False,0,0,BF16,CUDA_EVENT,generic,generic,none
0.009920000098645687,0.013055999763309956,0.010681600123643876,0.010143999941647053,0.0011910534092274229,5,0.018783999606966972,0.020576000213623047,0.01955839991569519,0.019519999623298645,0.0005814499577863884,5,0.04700800031423569,0.05020799860358238,0.048083200305700305,0.047680001705884933,0.0011749875466565054,5,0.036320000886917114,0.0390079990029335,0.03719679936766625,0.03667199984192848,0.0009932582080185498,5,0.008799999952316284,0.009727999567985535,0.009312000125646591,0.009344000369310379,0.0003069331466252822,5,2048,32,4,32,1,9216,FLASHINFER,[512],[0],"[512, 512, 512, 512]",1,4,4,5,512,4,516,512,0.2,true_mixed,True,False,True,5,0,0,False,0,0,BF16,CUDA_EVENT,generic,generic,none
0.010304000228643417,0.011935999616980553,0.010809599980711937,0.010591999627649784,0.0005772074393846601,5,0.019168000668287277,0.02115200087428093,0.019961600378155708,0.0197759997099638,0.0007119263777931201,5,0.047520000487565994,0.050303999334573746,0.04873600006103516,0.048767998814582825,0.001082148554566553,5,0.03702399879693985,0.04009599983692169,0.03822079971432686,0.038047999143600464,0.0010287094353902038,5,0.009151999838650227,0.009759999811649323,0.009510399773716927,0.009664000011980534,0.00025711757120387073,5,2048,32,4,32,1,9216,FLASHINFER,[512],[0],"[1024, 1024, 1024, 1024]",1,4,4,5,512,4,516,1024,0.2,true_mixed,True,False,True,5,0,0,False,0,0,BF16,CUDA_EVENT,generic,generic,none
0.00979200005531311,0.012864000163972378,0.010828799940645695,0.010367999784648418,0.0010714220043438008,5,0.019071999937295914,0.020927999168634415,0.01969279982149601,0.019487999379634857,0.0006695876889597439,5,0.04787199944257736,0.05273599922657013,0.04940799996256828,0.04886399954557419,0.0017581951031394813,5,0.03743999823927879,0.04012800008058548,0.038303999602794646,0.0379519984126091,0.0009557242515189195,5,0.009184000082314014,0.010048000141978264,0.009548800066113472,0.009535999968647957,0.00032796481090732965,5,2048,32,4,32,1,9216,FLASHINFER,[512],[0],"[2048, 2048, 2048, 2048]",1,4,4,5,512,4,516,2048,0.2,true_mixed,True,False,True,5,0,0,False,0,0,BF16,CUDA_EVENT,generic,generic,none
0.009759999811649323,0.011455999687314034,0.010393599979579449,0.01027199998497963,0.0005657396320421313,5,0.018880000337958336,0.02191999927163124,0.019750399887561797,0.01926399953663349,0.0011087708177208743,5,0.04729599878191948,0.05084799975156784,0.048588798940181734,0.04790399968624115,0.0012936237703180602,5,0.036959998309612274,0.0387520007789135,0.03751040026545525,0.037248000502586365,0.0006353112908943085,5,0.009279999881982803,0.009983999654650688,0.009657599963247776,0.009535999968647957,0.0002703195444226164,5,2048,32,4,32,1,9216,FLASHINFER,[512],[0],"[128, 128, 128, 128, 128, 128, 128, 128]",1,8,8,9,512,8,520,128,0.1111111111111111,true_mixed,True,False,True,9,0,0,False,0,0,BF16,CUDA_EVENT,generic,generic,none
0.01017600018531084,0.01142400037497282,0.010502400062978267,0.01033599954098463,0.00046654211562218914,5,0.019487999379634857,0.02115200087428093,0.019961600378155708,0.019680000841617584,0.0006056039914139491,5,0.04745600000023842,0.049536000937223434,0.04846080094575882,0.048128001391887665,0.0008915546726500161,5,0.03673600032925606,0.038047999143600464,0.03720320016145706,0.037151999771595,0.00046969149979366755,5,0.009279999881982803,0.010111999697983265,0.00963199995458126,0.009600000455975533,0.0002730332709164918,5,2048,32,4,32,1,9216,FLASHINFER,[512],[0],"[256, 256, 256, 256, 256, 256, 256, 256]",1,8,8,9,512,8,520,256,0.1111111111111111,true_mixed,True,False,True,9,0,0,False,0,0,BF16,CUDA_EVENT,generic,generic,none
0.010367999784648418,0.012608000077307224,0.010905599966645241,0.010495999827980995,0.0008534827190583903,5,0.019519999623298645,0.022304000332951546,0.020256000012159346,0.019711999222636223,0.0010418447049411062,5,0.04742399975657463,0.05193600058555603,0.04867199957370758,0.04787199944257736,0.0016976297489448297,5,0.03750399872660637,0.03996799886226654,0.03838079944252968,0.03798399865627289,0.0009333037572390451,5,0.009088000282645226,0.01027199998497963,0.009548800066113472,0.009535999968647957,0.0004070923194733306,5,2048,32,4,32,1,9216,FLASHINFER,[512],[0],"[512, 512, 512, 512, 512, 512, 512, 512]",1,8,8,9,512,8,520,512,0.1111111111111111,true_mixed,True,False,True,9,0,0,False,0,0,BF16,CUDA_EVENT,generic,generic,none
0.009855999611318111,0.012128000147640705,0.010476799868047237,0.010143999941647053,0.0008463018405545146,5,0.018751999363303185,0.021215999498963356,0.01976960003376007,0.019680000841617584,0.0008134296163935141,5,0.04726399853825569,0.049375999718904495,0.04819199964404106,0.04790399968624115,0.0008700240439347477,5,0.037696000188589096,0.03996799886226654,0.038540799915790555,0.03836800158023834,0.0007611959884281025,5,0.009472000412642956,0.010591999627649784,0.009715200029313564,0.009503999724984169,0.0004390416547507548,5,2048,32,4,32,1,9216,FLASHINFER,[512],[0],"[1024, 1024, 1024, 1024, 1024, 1024, 1024, 1024]",1,8,8,9,512,8,520,1024,0.1111111111111111,true_mixed,True,False,True,9,0,0,False,0,0,BF16,CUDA_EVENT,generic,generic,none
0.009855999611318111,0.013151999562978745,0.011206399649381638,0.01071999967098236,0.001138300759753328,5,0.019999999552965164,0.021183999255299568,0.020665599778294564,0.020767999812960625,0.00039628355620812636,5,0.04822399839758873,0.051072001457214355,0.04927999973297119,0.049247998744249344,0.0010551281671952442,5,0.04255999997258186,0.04560000076889992,0.04382719993591309,0.043487999588251114,0.001148903257087102,5,0.008991999551653862,0.010015999898314476,0.00940799992531538,0.009216000325977802,0.00037700297424406263,5,2048,32,4,32,1,9216,FLASHINFER,[512],[0],"[2048, 2048, 2048, 2048, 2048, 2048, 2048, 2048]",1,8,8,9,512,8,520,2048,0.1111111111111111,true_mixed,True,False,True,9,0,0,False,0,0,BF16,CUDA_EVENT,generic,generic,none
0.009759999811649323,0.016063999384641647,0.011686399951577187,0.010304000228643417,0.0024106343627686684,5,0.018592000007629395,0.02143999934196472,0.01955839991569519,0.019071999937295914,0.00102307930173996,5,0.04713600128889084,0.050944000482559204,0.04856960028409958,0.048287998884916306,0.0013505970780338622,5,0.03641600161790848,0.038784001022577286,0.03729280084371567,0.037151999771595,0.0008790624426845583,5,0.009184000082314014,0.0098879998549819,0.009555199928581715,0.009568000212311745,0.0002268165075017506,5,2048,32,4,32,1,9216,FLASHINFER,[512],[0],"[128, 128, 128, 128, 128, 128, 128, 128, 128, 128, 128, 128, 128, 128, 128, 128]",1,16,16,17,512,16,528,128,0.058823529411764705,true_mixed,True,False,True,17,0,0,False,0,0,BF16,CUDA_EVENT,generic,generic,none
0.00979200005531311,0.012415999546647072,0.010419199988245965,0.009952000342309475,0.001001062893504969,5,0.01913600042462349,0.021344000473618507,0.01990399993956089,0.019711999222636223,0.0007618422088934211,5,0.047775998711586,0.050175998359918594,0.04872319996356964,0.04816000163555145,0.0009652335197928977,5,0.037087999284267426,0.039455998688936234,0.03781119957566261,0.037376001477241516,0.0008699286786762707,5,0.009119999594986439,0.009920000098645687,0.009343999810516835,0.009184000082314014,0.0003029034267939094,5,2048,32,4,32,1,9216,FLASHINFER,[512],[0],"[256, 256, 256, 256, 256, 256, 256, 256, 256, 256, 256, 256, 256, 256, 256, 256]",1,16,16,17,512,16,528,256,0.058823529411764705,true_mixed,True,False,True,17,0,0,False,0,0,BF16,CUDA_EVENT,generic,generic,none
0.009824000298976898,0.011776000261306763,0.010361600108444691,0.010048000141978264,0.0007162284161769248,5,0.018912000581622124,0.020800000056624413,0.01955200023949146,0.01926399953663349,0.0006733699899865666,5,0.04700800031423569,0.05052800104022026,0.04834560006856918,0.047839999198913574,0.001224124570117657,5,0.037728000432252884,0.040832001715898514,0.038835199922323226,0.038495998829603195,0.0010702749898988497,5,0.009375999681651592,0.00979200005531311,0.009561599977314473,0.009535999968647957,0.00014224713613858223,5,2048,32,4,32,1,9216,FLASHINFER,[512],[0],"[512, 512, 512, 512, 512, 512, 512, 512, 512, 512, 512, 512, 512, 512, 512, 512]",1,16,16,17,512,16,528,512,0.058823529411764705,true_mixed,True,False,True,17,0,0,False,0,0,BF16,CUDA_EVENT,generic,generic,none
0.009312000125646591,0.012799999676644802,0.010624000057578086,0.01027199998497963,0.0011649053238128918,5,0.019200000911951065,0.022336000576615334,0.020204800367355346,0.019680000841617584,0.001118554484908076,5,0.04771199822425842,0.049536000937223434,0.04876799955964088,0.04879999905824661,0.0006827341985198294,5,0.0427200011909008,0.04419200122356415,0.043526400625705716,0.04368000105023384,0.0005617435535937085,5,0.009088000282645226,0.009600000455975533,0.009356800094246864,0.009440000168979168,0.0002009641177320665,5,2048,32,4,32,1,9216,FLASHINFER,[512],[0],"[1024, 1024, 1024, 1024, 1024, 1024, 1024, 1024, 1024, 1024, 1024, 1024, 1024, 1024, 1024, 1024]",1,16,16,17,512,16,528,1024,0.058823529411764705,true_mixed,True,False,True,17,0,0,False,0,0,BF16,CUDA_EVENT,generic,generic,none
0.009664000011980534,0.011711999773979187,0.010476800054311753,0.010239999741315842,0.0007256594598138685,5,0.019648000597953796,0.022336000576615334,0.020448000356554984,0.01990400068461895,0.00097943001085776,5,0.04835199937224388,0.05177599936723709,0.04939519986510277,0.04899200052022934,0.001236972544962421,5,0.0568000003695488,0.058079998940229416,0.0572672002017498,0.05696000158786774,0.00047747502277255407,5,0.0014400000218302011,0.0014720000326633453,0.00144640002399683,0.0014400000218302011,1.2800004333257677e-05,5,2048,32,4,32,1,9216,FLASHINFER,[512],[0],"[2048, 2048, 2048, 2048, 2048, 2048, 2048, 2048, 2048, 2048, 2048, 2048, 2048, 2048, 2048, 2048]",1,16,16,17,512,16,528,2048,0.058823529411764705,true_mixed,True,False,True,17,0,0,False,0,0,BF16,CUDA_EVENT,generic,generic,none
0.009696000255644321,0.01228800043463707,0.010688000172376633,0.010528000071644783,0.0008719046310052023,5,0.019392000511288643,0.02143999934196472,0.020134400203824045,0.019936000928282738,0.0006962184363230314,5,0.04707200080156326,0.04995200037956238,0.048473600298166275,0.0480320006608963,0.0011825976788516746,5,0.03622400015592575,0.03936000168323517,0.03735040053725243,0.037087999284267426,0.0010692795000603462,5,0.008704000152647495,0.009279999881982803,0.009023999981582164,0.009056000038981438,0.0001909302155140699,5,2048,32,4,32,1,9216,FLASHINFER,[512],[0],"[128, 128, 128, 128, 128, 128, 128, 128, 128, 128, 128, 128, 128, 128, 128, 128, 128, 128, 128, 128, 128, 128, 128, 128, 128, 128, 128, 128, 128, 128, 128, 128]",1,32,32,33,512,32,544,128,0.030303030303030304,true_mixed,True,False,True,33,0,0,False,0,0,BF16,CUDA_EVENT,generic,generic,none
0.010111999697983265,0.013088000006973743,0.010803199931979179,0.01027199998497963,0.001144795281575341,5,0.019711999222636223,0.02127999998629093,0.0202175997197628,0.019967999309301376,0.0005499535539815268,5,0.0469760000705719,0.04982399940490723,0.04806400015950203,0.047968000173568726,0.0009655305061552204,5,0.03932800143957138,0.040672000497579575,0.039878399670124055,0.039455998688936234,0.0005863603008878934,5,0.009151999838650227,0.009855999611318111,0.009555199928581715,0.009631999768316746,0.0002681896832075443,5,2048,32,4,32,1,9216,FLASHINFER,[512],[0],"[256, 256, 256, 256, 256, 256, 256, 256, 256, 256, 256, 256, 256, 256, 256, 256, 256, 256, 256, 256, 256, 256, 256, 256, 256, 256, 256, 256, 256, 256, 256, 256]",1,32,32,33,512,32,544,256,0.030303030303030304,true_mixed,True,False,True,33,0,0,False,0,0,BF16,CUDA_EVENT,generic,generic,none
0.009983999654650688,0.012640000320971012,0.010662400163710117,0.010208000428974628,0.0009985641776239186,5,0.019392000511288643,0.022431999444961548,0.020556800067424774,0.020608000457286835,0.0010637480798327552,5,0.047231998294591904,0.05724800005555153,0.05013759955763817,0.04771199822425842,0.003794849612460634,5,0.04390399903059006,0.0453759990632534,0.04469119980931282,0.04460800066590309,0.0005260475964451816,5,0.00854399986565113,0.009727999567985535,0.00927360001951456,0.009440000168979168,0.00039937227704170495,5,2048,32,4,32,1,9216,FLASHINFER,[512],[0],"[512, 512, 512, 512, 512, 512, 512, 512, 512, 512, 512, 512, 512, 512, 512, 512, 512, 512, 512, 512, 512, 512, 512, 512, 512, 512, 512, 512, 512, 512, 512, 512]",1,32,32,33,512,32,544,512,0.030303030303030304,true_mixed,True,False,True,33,0,0,False,0,0,BF16,CUDA_EVENT,generic,generic,none
0.009664000011980534,0.012415999546647072,0.010451199859380722,0.009952000342309475,0.0010090101244687533,5,0.01926399953663349,0.022463999688625336,0.020294399559497835,0.019967999309301376,0.001119616018247656,5,0.04816000163555145,0.051072001457214355,0.04919040128588677,0.04912000149488449,0.0010158477066925429,5,0.058368001133203506,0.06137600168585777,0.059456000477075575,0.059167999774217606,0.0010281916684986253,5,0.0014400000218302011,0.0014720000326633453,0.0014592000283300877,0.0014720000326633453,1.5676739660947454e-05,5,2048,32,4,32,1,9216,FLASHINFER,[512],[0],"[1024, 1024, 1024, 1024, 1024, 1024, 1024, 1024, 1024, 1024, 1024, 1024, 1024, 1024, 1024, 1024, 1024, 1024, 1024, 1024, 1024, 1024, 1024, 1024, 1024, 1024, 1024, 1024, 1024, 1024, 1024, 1024]",1,32,32,33,512,32,544,1024,0.030303030303030304,true_mixed,True,False,True,33,0,0,False,0,0,BF16,CUDA_EVENT,generic,generic,none
0.0014400000218302011,0.011744000017642975,0.0038528000004589558,0.0014720000326633453,0.004001284914568943,5,0.01990400068461895,0.021695999428629875,0.02056960016489029,0.02038400061428547,0.0006076290043397763,5,0.04790399968624115,0.052960000932216644,0.04975359961390495,0.04940799996256828,0.00172008911218237,5,0.07744000107049942,0.07996799796819687,0.0789440006017685,0.07916799932718277,0.0008483310505368011,5,0.0014400000218302011,0.0014720000326633453,0.0014592000283300877,0.0014720000326633453,1.5676739660947454e-05,5,2048,32,4,32,1,9216,FLASHINFER,[512],[0],"[2048, 2048, 2048, 2048, 2048, 2048, 2048, 2048, 2048, 2048, 2048, 2048, 2048, 2048, 2048, 2048, 2048, 2048, 2048, 2048, 2048, 2048, 2048, 2048, 2048, 2048, 2048, 2048, 2048, 2048, 2048, 2048]",1,32,32,33,512,32,544,2048,0.030303030303030304,true_mixed,True,False,True,33,0,0,False,0,0,BF16,CUDA_EVENT,generic,generic,none
0.009983999654650688,0.012415999546647072,0.01070719975978136,0.01033599954098463,0.0008915545523113603,5,0.019328000023961067,0.021247999742627144,0.020115200057625772,0.020096000283956528,0.0006826133527750001,5,0.046560000628232956,0.050464000552892685,0.04831359982490539,0.04825599864125252,0.0013264222151293374,5,0.03526400029659271,0.036639999598264694,0.036006399989128114,0.03606399893760681,0.0004417387804113647,5,0.008767999708652496,0.018912000581622124,0.011020800098776817,0.009056000038981438,0.003949821836939169,5,2048,32,4,32,1,9216,FLASHINFER,[512],[0],"[128, 128, 128, 128, 128, 128, 128, 128, 128, 128, 128, 128, 128, 128, 128, 128, 128, 128, 128, 128, 128, 128, 128, 128, 128, 128, 128, 128, 128, 128, 128, 128, 128, 128, 128, 128, 128, 128, 128, 128, 128, 128, 128, 128, 128, 128, 128, 128, 128, 128, 128, 128, 128, 128, 128, 128, 128, 128, 128, 128, 128, 128, 128, 128]",1,64,64,65,512,64,576,128,0.015384615384615385,true_mixed,True,False,True,65,0,0,False,0,0,BF16,CUDA_EVENT,generic,generic,none
0.009855999611318111,0.01206399966031313,0.010553599894046783,0.01017600018531084,0.0007963821211615611,5,0.0197759997099638,0.022207999601960182,0.02054399996995926,0.020096000283956528,0.0009147746288152782,5,0.04710400104522705,0.05164799839258194,0.04865279942750931,0.04787199944257736,0.0015995641200724823,5,0.039712000638246536,0.042399998754262924,0.04074880033731461,0.04032000154256821,0.000954994295649207,5,0.008736000396311283,0.010080000385642052,0.00942080020904541,0.009440000168979168,0.00043103891647211425,5,2048,32,4,32,1,9216,FLASHINFER,[512],[0],"[256, 256, 256, 256, 256, 256, 256, 256, 256, 256, 256, 256, 256, 256, 256, 256, 256, 256, 256, 256, 256, 256, 256, 256, 256, 256, 256, 256, 256, 256, 256, 256, 256, 256, 256, 256, 256, 256, 256, 256, 256, 256, 256, 256, 256, 256, 256, 256, 256, 256, 256, 256, 256, 256, 256, 256, 256, 256, 256, 256, 256, 256, 256, 256]",1,64,64,65,512,64,576,256,0.015384615384615385,true_mixed,True,False,True,65,0,0,False,0,0,BF16,CUDA_EVENT,generic,generic,none
0.010015999898314476,0.011648000217974186,0.010444800183176995,0.010208000428974628,0.0006083704352453404,5,0.019071999937295914,0.02115200087428093,0.019801600277423857,0.01958400011062622,0.0007362508203522422,5,0.04800000041723251,0.05056000128388405,0.049344000220298764,0.04912000149488449,0.0009227991155540614,5,0.05478399991989136,0.055776000022888184,0.05535999909043312,0.05558399856090546,0.00038024835106881575,5,0.001408000010997057,0.0014720000326633453,0.0014336000196635724,0.0014400000218302011,2.394661538213602e-05,5,2048,32,4,32,1,9216,FLASHINFER,[512],[0],"[512, 512, 512, 512, 512, 512, 512, 512, 512, 512, 512, 512, 512, 512, 512, 512, 512, 512, 512, 512, 512, 512, 512, 512, 512, 512, 512, 512, 512, 512, 512, 512, 512, 512, 512, 512, 512, 512, 512, 512, 512, 512, 512, 512, 512, 512, 512, 512, 512, 512, 512, 512, 512, 512, 512, 512, 512, 512, 512, 512, 512, 512, 512, 512]",1,64,64,65,512,64,576,512,0.015384615384615385,true_mixed,True,False,True,65,0,0,False,0,0,BF16,CUDA_EVENT,generic,generic,none
0.0014400000218302011,0.011359999887645245,0.004902399936690926,0.002463999902829528,0.00400163289282819,5,0.01958400011062622,0.022495999932289124,0.020736000314354897,0.020640000700950623,0.0009910704889236311,5,0.04745600000023842,0.05161599814891815,0.04902400001883507,0.04867200180888176,0.0014413496094101846,5,0.07321599870920181,0.07497599720954895,0.07417600005865096,0.07423999905586243,0.0006523604872703502,5,0.0014400000218302011,0.0018560000462457538,0.0015936000272631645,0.0014400000218302011,0.0001892063497371008,5,2048,32,4,32,1,9216,FLASHINFER,[512],[0],"[1024, 1024, 1024, 1024, 1024, 1024, 1024, 1024, 1024, 1024, 1024, 1024, 1024, 1024, 1024, 1024, 1024, 1024, 1024, 1024, 1024, 1024, 1024, 1024, 1024, 1024, 1024, 1024, 1024, 1024, 1024, 1024, 1024, 1024, 1024, 1024, 1024, 1024, 1024, 1024, 1024, 1024, 1024, 1024, 1024, 1024, 1024, 1024, 1024, 1024, 1024, 1024, 1024, 1024, 1024, 1024, 1024, 1024, 1024, 1024, 1024, 1024, 1024, 1024]",1,64,64,65,512,64,576,1024,0.015384615384615385,true_mixed,True,False,True,65,0,0,False,0,0,BF16,CUDA_EVENT,generic,generic,none
0.0014400000218302011,0.011392000131309032,0.0034560000523924826,0.0014720000326633453,0.0039680516520602645,5,0.0098879998549819,0.021663999184966087,0.012537599727511405,0.010591999627649784,0.0045740703649331275,5,0.03030399978160858,0.05049600079655647,0.03792640045285225,0.037408001720905304,0.007041291642989877,5,0.1093439981341362,0.11116799712181091,0.11021439880132675,0.10979200154542923,0.0007914798874802613,5,0.0014400000218302011,0.001728000002913177,0.0014976000180467962,0.0014400000218302011,0.00011519999243319033,5,2048,32,4,32,1,9216,FLASHINFER,[512],[0],"[2048, 2048, 2048, 2048, 2048, 2048, 2048, 2048, 2048, 2048, 2048, 2048, 2048, 2048, 2048, 2048, 2048, 2048, 2048, 2048, 2048, 2048, 2048, 2048, 2048, 2048, 2048, 2048, 2048, 2048, 2048, 2048, 2048, 2048, 2048, 2048, 2048, 2048, 2048, 2048, 2048, 2048, 2048, 2048, 2048, 2048, 2048, 2048, 2048, 2048, 2048, 2048, 2048, 2048, 2048, 2048, 2048, 2048, 2048, 2048, 2048, 2048, 2048, 2048]",1,64,64,65,512,64,576,2048,0.015384615384615385,true_mixed,True,False,True,65,0,0,False,0,0,BF16,CUDA_EVENT,generic,generic,none
0.009503999724984169,0.01142400037497282,0.010246399976313113,0.009920000098645687,0.000688528302896392,5,0.01929599978029728,0.021376000717282295,0.020262400060892104,0.020096000283956528,0.000676525962033366,5,0.07334399968385696,0.0799039974808693,0.07541119903326035,0.07446400076150894,0.002428341378966638,5,0.01532800029963255,0.021856000646948814,0.017273600585758685,0.01648000068962574,0.0023569385169132447,5,0.008767999708652496,0.009983999654650688,0.00922240000218153,0.009056000038981438,0.00042375532798843307,5,2048,32,4,32,1,9216,FLASHINFER,[1024],[0],[128],1,1,1,2,1024,1,1025,128,0.5,true_mixed,True,False,True,2,0,0,False,0,0,BF16,CUDA_EVENT,generic,generic,none
0.010048000141978264,0.011071999557316303,0.010451200045645237,0.010304000228643417,0.0003994745876550612,5,0.019872000440955162,0.021088000386953354,0.020217600092291833,0.02006400004029274,0.00044220263051719785,5,0.07228799909353256,0.07651200145483017,0.07368959933519363,0.07292799651622772,0.001566942556478803,5,0.014495999552309513,0.025855999439954758,0.017664000019431116,0.0161920003592968,0.004153249670283598,5,0.009184000082314014,0.009600000455975533,0.009401600062847137,0.009472000412642956,0.00015858591235913,5,2048,32,4,32,1,9216,FLASHINFER,[1024],[0],[256],1,1,1,2,1024,1,1025,256,0.5,true_mixed,True,False,True,2,0,0,False,0,0,BF16,CUDA_EVENT,generic,generic,none
0.009855999611318111,0.011807999573647976,0.010547199845314026,0.010367999784648418,0.0006689759635563833,5,0.019872000440955162,0.021376000717282295,0.0204352006316185,0.02038400061428547,0.0005066117058706996,5,0.07171200215816498,0.07516799867153168,0.07379840016365051,0.07353600114583969,0.0012654194701432289,5,0.016256000846624374,0.020959999412298203,0.017766400054097176,0.01692800037562847,0.001669823224402808,5,0.009056000038981438,0.00979200005531311,0.009420800022780895,0.00940799992531538,0.000238265697089209,5,2048,32,4,32,1,9216,FLASHINFER,[1024],[0],[512],1,1,1,2,1024,1,1025,512,0.5,true_mixed,True,False,True,2,0,0,False,0,0,BF16,CUDA_EVENT,generic,generic,none
0.010015999898314476,0.01196799986064434,0.01068159993737936,0.010463999584317207,0.0006801486858960011,5,0.01961600035429001,0.021056000143289566,0.02021760046482086,0.020096000283956528,0.0004871571874772516,5,0.07225599884986877,0.07699199765920639,0.07420159876346588,0.0735040009021759,0.001671784304787757,5,0.015263999812304974,0.020128000527620316,0.01681920010596514,0.016448000445961952,0.0017178488680585939,5,0.009216000325977802,0.010080000385642052,0.009632000140845776,0.009664000011980534,0.00027749741687987093,5,2048,32,4,32,1,9216,FLASHINFER,[1024],[0],[1024],1,1,1,2,1024,1,1025,1024,0.5,true_mixed,True,False,True,2,0,0,False,0,0,BF16,CUDA_EVENT,generic,generic,none
0.010239999741315842,0.012736000120639801,0.010950399935245514,0.010432000271975994,0.0009275365173205758,5,0.01958400011062622,0.023264000192284584,0.020614400133490564,0.020160000771284103,0.0013543828482757852,5,0.07215999811887741,0.07705599814653397,0.07377920001745224,0.07318399846553802,0.0017205879946131481,5,0.015776000916957855,0.021344000473618507,0.01759360060095787,0.016992000862956047,0.0019898133671034084,5,0.009312000125646591,0.014944000169634819,0.010688000172376633,0.009696000255644321,0.0021347621904926864,5,2048,32,4,32,1,9216,FLASHINFER,[1024],[0],[2048],1,1,1,2,1024,1,1025,2048,0.5,true_mixed,True,False,True,2,0,0,False,0,0,BF16,CUDA_EVENT,generic,generic,none
0.010143999941647053,0.011648000217974186,0.01064319983124733,0.010463999584317207,0.0005233151253192781,5,0.019872000440955162,0.022143999114632607,0.020428799837827683,0.020031999796628952,0.0008616497841137549,5,0.07264000177383423,0.07516799867153168,0.07367040067911149,0.07340800017118454,0.0008438290624051885,5,0.01500799972563982,0.020479999482631683,0.01639039982110262,0.015519999898970127,0.0020553267250174156,5,0.009279999881982803,0.010975999757647514,0.009683199971914292,0.00940799992531538,0.0006490873799693717,5,2048,32,4,32,1,9216,FLASHINFER,[1024],[0],"[128, 128]",1,2,2,3,1024,2,1026,128,0.3333333333333333,true_mixed,True,False,True,3,0,0,False,0,0,BF16,CUDA_EVENT,generic,generic,none
0.010432000271975994,0.011136000044643879,0.010713599994778633,0.010495999827980995,0.00030786605101240606,5,0.01929599978029728,0.021407999098300934,0.020371199771761894,0.020255999639630318,0.0007214136344430688,5,0.07254400104284286,0.0759039968252182,0.0738304004073143,0.0727040022611618,0.0014937370380112866,5,0.014303999952971935,0.020927999168634415,0.01722240000963211,0.017184000462293625,0.0023302853267152326,5,0.00902399979531765,0.010208000428974628,0.009548799879848958,0.009503999724984169,0.00041159537000906923,5,2048,32,4,32,1,9216,FLASHINFER,[1024],[0],"[256, 256]",1,2,2,3,1024,2,1026,256,0.3333333333333333,true_mixed,True,False,True,3,0,0,False,0,0,BF16,CUDA_EVENT,generic,generic,none
0.009920000098645687,0.012927999719977379,0.010771200060844421,0.010400000028312206,0.0011000926174810602,5,0.019168000668287277,0.021824000403285027,0.020128000155091287,0.019967999309301376,0.0009646820824222676,5,0.0719359964132309,0.07529599964618683,0.07328639924526215,0.07248000055551529,0.001360268301061257,5,0.014495999552309513,0.021247999742627144,0.016204799897968768,0.015263999812304974,0.0025475375961247146,5,0.009151999838650227,0.01027199998497963,0.00951039995998144,0.009440000168979168,0.00039680005922437627,5,2048,32,4,32,1,9216,FLASHINFER,[1024],[0],"[512, 512]",1,2,2,3,1024,2,1026,512,0.3333333333333333,true_mixed,True,False,True,3,0,0,False,0,0,BF16,CUDA_EVENT,generic,generic,none
0.010048000141978264,0.012512000277638435,0.010764800198376178,0.010208000428974628,0.0009158039706934854,5,0.019200000911951065,0.023072000592947006,0.02043520025908947,0.019807999953627586,0.0013777997511504989,5,0.07225599884986877,0.07718399912118912,0.07415679991245269,0.07347200065851212,0.0016958914822875384,5,0.015263999812304974,0.023679999634623528,0.01724799983203411,0.01583999954164028,0.0032240376168286965,5,0.00902399979531765,0.01017600018531084,0.009574400074779988,0.009472000412642956,0.0003815388442698771,5,2048,32,4,32,1,9216,FLASHINFER,[1024],[0],"[1024, 1024]",1,2,2,3,1024,2,1026,1024,0.3333333333333333,true_mixed,True,False,True,3,0,0,False,0,0,BF16,CUDA_EVENT,generic,generic,none
0.010111999697983265,0.011455999687314034,0.010463999770581722,0.01017600018531084,0.0005127993171079278,5,0.01945599913597107,0.021727999672293663,0.020319999754428865,0.02006400004029274,0.0007613042571027747,5,0.07209599763154984,0.07609599828720093,0.0738687977194786,0.07331199944019318,0.00144129371800476,5,0.01775999926030636,0.020128000527620316,0.018451200053095817,0.01820800080895424,0.0008750936154778215,5,0.00886400043964386,0.01027199998497963,0.009472000226378442,0.009440000168979168,0.0004552553987245071,5,2048,32,4,32,1,9216,FLASHINFER,[1024],[0],"[2048, 2048]",1,2,2,3,1024,2,1026,2048,0.3333333333333333,true_mixed,True,False,True,3,0,0,False,0,0,BF16,CUDA_EVENT,generic,generic,none
0.009952000342309475,0.012640000320971012,0.010668800212442875,0.010208000428974628,0.0009944949598898573,5,0.01958400011062622,0.022911999374628067,0.020633600279688837,0.01990400068461895,0.0012226174267334646,5,0.07180800288915634,0.07785599678754807,0.07391360104084015,0.07280000299215317,0.0021625350463034534,5,0.014720000326633453,0.02271999977529049,0.018182400055229662,0.015968000516295433,0.003611516871622395,5,0.009344000369310379,0.009759999811649323,0.009523200057446956,0.00940799992531538,0.0001947533692033223,5,2048,32,4,32,1,9216,FLASHINFER,[1024],[0],"[128, 128, 128, 128]",1,4,4,5,1024,4,1028,128,0.2,true_mixed,True,False,True,5,0,0,False,0,0,BF16,CUDA_EVENT,generic,generic,none
0.010239999741315842,0.011487999930977821,0.010675199888646602,0.010591999627649784,0.000431988183847037,5,0.020096000283956528,0.022048000246286392,0.020787200331687926,0.020479999482631683,0.0007332400721105144,5,0.07331199944019318,0.07705599814653397,0.075135999917984,0.07558400183916092,0.0014991577150919022,5,0.01484800036996603,0.0180479995906353,0.01601919997483492,0.01587199978530407,0.001124215892773315,5,0.009088000282645226,0.010400000028312206,0.009638400189578534,0.009568000212311745,0.00043141879061884327,5,2048,32,4,32,1,9216,FLASHINFER,[1024],[0],"[256, 256, 256, 256]",1,4,4,5,1024,4,1028,256,0.2,true_mixed,True,False,True,5,0,0,False,0,0,BF16,CUDA_EVENT,generic,generic,none
0.009759999811649323,0.011776000261306763,0.010739200003445148,0.010879999957978725,0.0006615880391661257,5,0.019999999552965164,0.022272000089287758,0.020896000042557716,0.02038400061428547,0.0009377692899115385,5,0.07225599884986877,0.07734400033950806,0.0742591992020607,0.07337599992752075,0.0017950377854350477,5,0.01568000018596649,0.02271999977529049,0.017548799887299536,0.01583999954164028,0.002686521505746215,5,0.009184000082314014,0.010816000401973724,0.009791999869048596,0.009727999567985535,0.000565595083705881,5,2048,32,4,32,1,9216,FLASHINFER,[1024],[0],"[512, 512, 512, 512]",1,4,4,5,1024,4,1028,512,0.2,true_mixed,True,False,True,5,0,0,False,0,0,BF16,CUDA_EVENT,generic,generic,none
0.010367999784648418,0.01152000017464161,0.010707199946045876,0.010591999627649784,0.0004209430571022443,5,0.019487999379634857,0.02191999927163124,0.020179199799895287,0.019840000197291374,0.0009056846930183629,5,0.07283200323581696,0.07494399696588516,0.07386879920959473,0.07407999783754349,0.0007660225004845843,5,0.01817600056529045,0.021056000143289566,0.018899199739098548,0.01849599927663803,0.001085663527760188,5,0.008927999995648861,0.009920000098645687,0.00935679990798235,0.009312000125646591,0.00032102241979821997,5,2048,32,4,32,1,9216,FLASHINFER,[1024],[0],"[1024, 1024, 1024, 1024]",1,4,4,5,1024,4,1028,1024,0.2,true_mixed,True,False,True,5,0,0,False,0,0,BF16,CUDA_EVENT,generic,generic,none
0.009952000342309475,0.012864000163972378,0.010848000273108482,0.01056000031530857,0.0010730263070858983,5,0.01961600035429001,0.022495999932289124,0.020499200001358985,0.020031999796628952,0.001060663708728867,5,0.07264000177383423,0.0759039968252182,0.07378559857606888,0.07334399968385696,0.0011570366854457184,5,0.020927999168634415,0.022495999932289124,0.02163199968636036,0.02147199958562851,0.0005426808875896936,5,0.008415999822318554,0.0098879998549819,0.009107199870049954,0.009056000038981438,0.00048259566495145246,5,2048,32,4,32,1,9216,FLASHINFER,[1024],[0],"[2048, 2048, 2048, 2048]",1,4,4,5,1024,4,1028,2048,0.2,true_mixed,True,False,True,5,0,0,False,0,0,BF16,CUDA_EVENT,generic,generic,none
0.009503999724984169,0.01158399973064661,0.010265599749982358,0.010143999941647053,0.0007073085966560031,5,0.01961600035429001,0.021663999184966087,0.020166399702429772,0.0197759997099638,0.0007635602521720908,5,0.07273600250482559,0.07692799717187881,0.07394559979438782,0.07327999919652939,0.0015668091644043967,5,0.014816000126302242,0.017696000635623932,0.015801599994301797,0.015519999898970127,0.0009868047294937005,5,0.008927999995648861,0.015936000272631645,0.010726400092244149,0.009568000212311745,0.002618092959002681,5,2048,32,4,32,1,9216,FLASHINFER,[1024],[0],"[128, 128, 128, 128, 128, 128, 128, 128]",1,8,8,9,1024,8,1032,128,0.1111111111111111,true_mixed,True,False,True,9,0,0,False,0,0,BF16,CUDA_EVENT,generic,generic,none
0.009920000098645687,0.012864000163972378,0.010758399963378906,0.01033599954098463,0.0010658258870195865,5,0.019168000668287277,0.022943999618291855,0.020454400032758713,0.020160000771284103,0.0013374926426570589,5,0.07302399724721909,0.07612799853086472,0.07415039837360382,0.07344000041484833,0.0011989369122542353,5,0.01532800029963255,0.021056000143289566,0.017593600042164325,0.017535999417304993,0.0019326940647523489,5,0.008832000195980072,0.01027199998497963,0.00958079993724823,0.009312000125646591,0.0005755019231721781,5,2048,32,4,32,1,9216,FLASHINFER,[1024],[0],"[256, 256, 256, 256, 256, 256, 256, 256]",1,8,8,9,1024,8,1032,256,0.1111111111111111,true_mixed,True,False,True,9,0,0,False,0,0,BF16,CUDA_EVENT,generic,generic,none
0.01017600018531084,0.01158399973064661,0.010636799968779087,0.010495999827980995,0.0004914265427786559,5,0.01926399953663349,0.02179200015962124,0.020019200071692465,0.01958400011062622,0.0009227104709096935,5,0.0721919983625412,0.07651200145483017,0.07384320050477981,0.07360000163316727,0.0014878592610943003,5,0.018271999433636665,0.020640000700950623,0.01895040012896061,0.01849599927663803,0.0008708237794033118,5,0.008767999708652496,0.009952000342309475,0.009299200028181076,0.009312000125646591,0.0004010101544612991,5,2048,32,4,32,1,9216,FLASHINFER,[1024],[0],"[512, 512, 512, 512, 512, 512, 512, 512]",1,8,8,9,1024,8,1032,512,0.1111111111111111,true_mixed,True,False,True,9,0,0,False,0,0,BF16,CUDA_EVENT,generic,generic,none
0.010080000385642052,0.01235199999064207,0.010643200203776359,0.010304000228643417,0.0008585545818704103,5,0.020031999796628952,0.02223999984562397,0.020608000084757806,0.020255999639630318,0.0008228417956414678,5,0.07344000041484833,0.07766400277614594,0.07466880083084107,0.07401599735021591,0.0015292661038298382,5,0.02143999934196472,0.02703999914228916,0.022918399795889853,0.022112000733613968,0.0020771324927561768,5,0.009151999838650227,0.009824000298976898,0.009484799951314926,0.009440000168979168,0.0002681899187903987,5,2048,32,4,32,1,9216,FLASHINFER,[1024],[0],"[1024, 1024, 1024, 1024, 1024, 1024, 1024, 1024]",1,8,8,9,1024,8,1032,1024,0.1111111111111111,true_mixed,True,False,True,9,0,0,False,0,0,BF16,CUDA_EVENT,generic,generic,none
0.0098879998549819,0.012319999746978283,0.010995199903845787,0.010879999957978725,0.0008058919232976238,5,0.02239999920129776,0.023615999147295952,0.022892799600958823,0.0226879995316267,0.0004918433996212444,5,0.07407999783754349,0.07740800082683563,0.0756160005927086,0.07548800110816956,0.0012000645535624264,5,0.02755199931561947,0.02879999950528145,0.028268799558281897,0.028255999088287354,0.0004248173780638467,5,0.0014720000326633453,0.008832000195980072,0.004928000085055828,0.005216000135987997,0.002383259013007124,5,2048,32,4,32,1,9216,FLASHINFER,[1024],[0],"[2048, 2048, 2048, 2048, 2048, 2048, 2048, 2048]",1,8,8,9,1024,8,1032,2048,0.1111111111111111,true_mixed,True,False,True,9,0,0,False,0,0,BF16,CUDA_EVENT,generic,generic,none
0.00979200005531311,0.01190400030463934,0.010425600036978722,0.010080000385642052,0.000759256995972488,5,0.019360000267624855,0.022175999358296394,0.02019839994609356,0.0197759997099638,0.0010099837387798772,5,0.07241600006818771,0.07593599706888199,0.07387519925832749,0.07353600114583969,0.0012154264763687022,5,0.015615999698638916,0.01865600049495697,0.01664000004529953,0.01583999954164028,0.0011875408105312193,5,0.009247999638319016,0.009920000098645687,0.009439999982714654,0.009312000125646591,0.0002453797766867901,5,2048,32,4,32,1,9216,FLASHINFER,[1024],[0],"[128, 128, 128, 128, 128, 128, 128, 128, 128, 128, 128, 128, 128, 128, 128, 128]",1,16,16,17,1024,16,1040,128,0.058823529411764705,true_mixed,True,False,True,17,0,0,False,0,0,BF16,CUDA_EVENT,generic,generic,none
0.009983999654650688,0.01206399966031313,0.010502399876713753,0.01017600018531084,0.0007839411318487229,5,0.01942400075495243,0.02112000063061714,0.020025600492954255,0.019872000440955162,0.0005981176384000742,5,0.07315199822187424,0.07599999755620956,0.07418879866600037,0.0735040009021759,0.001124397410781002,5,0.01833599992096424,0.02006400004029274,0.0191040001809597,0.019071999937295914,0.0006074945999270495,5,0.009119999594986439,0.010239999741315842,0.009574399888515472,0.009503999724984169,0.000365080588456077,5,2048,32,4,32,1,9216,FLASHINFER,[1024],[0],"[256, 256, 256, 256, 256, 256, 256, 256, 256, 256, 256, 256, 256, 256, 256, 256]",1,16,16,17,1024,16,1040,256,0.058823529411764705,true_mixed,True,False,True,17,0,0,False,0,0,BF16,CUDA_EVENT,generic,generic,none
0.009855999611318111,0.011552000418305397,0.010438399948179721,0.01027199998497963,0.0005933047205688055,5,0.019392000511288643,0.02147199958562851,0.020319999754428865,0.02006400004029274,0.0007042905246439587,5,0.07273600250482559,0.07628799974918365,0.07406080067157746,0.07401599735021591,0.0012856821645291076,5,0.022112000733613968,0.022624000906944275,0.02229120023548603,0.02223999984562397,0.0001782836576451521,5,0.009184000082314014,0.010048000141978264,0.00960640013217926,0.009440000168979168,0.00032470146450374086,5,2048,32,4,32,1,9216,FLASHINFER,[1024],[0],"[512, 512, 512, 512, 512, 512, 512, 512, 512, 512, 512, 512, 512, 512, 512, 512]",1,16,16,17,1024,16,1040,512,0.058823529411764705,true_mixed,True,False,True,17,0,0,False,0,0,BF16,CUDA_EVENT,generic,generic,none
0.009952000342309475,0.011648000217974186,0.010502400062978267,0.010367999784648418,0.0006022124353796151,5,0.02208000048995018,0.024032000452280045,0.022854400053620338,0.02271999977529049,0.0006388470376516514,5,0.07395199686288834,0.07664000242948532,0.07522560060024261,0.07452800124883652,0.001170064540203482,5,0.02876799926161766,0.02940800040960312,0.029107199981808662,0.029152000322937965,0.00024252560476360887,5,0.001728000002913177,0.005535999778658152,0.003302399883978069,0.0025279999244958162,0.0013913781744336925,5,2048,32,4,32,1,9216,FLASHINFER,[1024],[0],"[1024, 1024, 1024, 1024, 1024, 1024, 1024, 1024, 1024, 1024, 1024, 1024, 1024, 1024, 1024, 1024]",1,16,16,17,1024,16,1040,1024,0.058823529411764705,true_mixed,True,False,True,17,0,0,False,0,0,BF16,CUDA_EVENT,generic,generic,none
0.00863999966531992,0.011935999616980553,0.010265599749982358,0.010400000028312206,0.0010650569238564484,5,0.021856000646948814,0.023871999233961105,0.022438399866223334,0.02208000048995018,0.0007472938696501054,5,0.07311999797821045,0.07929600030183792,0.07505279928445815,0.07414399832487106,0.002180570105097957,5,0.04092799872159958,0.04335999861359596,0.042009598761796954,0.04198399931192398,0.0008276562551950076,5,0.0014400000218302011,0.0018560000462457538,0.0015296000288799404,0.0014400000218302011,0.0001636699206882529,5,2048,32,4,32,1,9216,FLASHINFER,[1024],[0],"[2048, 2048, 2048, 2048, 2048, 2048, 2048, 2048, 2048, 2048, 2048, 2048, 2048, 2048, 2048, 2048]",1,16,16,17,1024,16,1040,2048,0.058823529411764705,true_mixed,True,False,True,17,0,0,False,0,0,BF16,CUDA_EVENT,generic,generic,none
0.009855999611318111,0.012256000190973282,0.010419199988245965,0.0098879998549819,0.0009273599157076737,5,0.01945599913597107,0.02236800082027912,0.020198399573564528,0.01974399946630001,0.0011017304687152818,5,0.07215999811887741,0.07587199658155441,0.07306239902973174,0.07222399860620499,0.001431998315589337,5,0.01942400075495243,0.020320000126957893,0.019833600148558617,0.01974399946630001,0.000320255730648935,5,0.009279999881982803,0.009568000212311745,0.009420800022780895,0.00940799992531538,9.18573960560269e-05,5,2048,32,4,32,1,9216,FLASHINFER,[1024],[0],"[128, 128, 128, 128, 128, 128, 128, 128, 128, 128, 128, 128, 128, 128, 128, 128, 128, 128, 128, 128, 128, 128, 128, 128, 128, 128, 128, 128, 128, 128, 128, 128]",1,32,32,33,1024,32,1056,128,0.030303030303030304,true_mixed,True,False,True,33,0,0,False,0,0,BF16,CUDA_EVENT,generic,generic,none
0.01027199998497963,0.012543999589979649,0.010950399935245514,0.010623999871313572,0.0008259222664291426,5,0.020096000283956528,0.02304000034928322,0.020812800154089928,0.020320000126957893,0.001118920747441152,5,0.0727040022611618,0.07651200145483017,0.07415679991245269,0.07353600114583969,0.0014177986853709597,5,0.02300800010561943,0.025151999667286873,0.023929599672555923,0.023423999547958374,0.0008949478018793875,5,0.008704000152647495,0.009503999724984169,0.0091967998072505,0.009151999838650227,0.00029647947257048913,5,2048,32,4,32,1,9216,FLASHINFER,[1024],[0],"[256, 256, 256, 256, 256, 256, 256, 256, 256, 256, 256, 256, 256, 256, 256, 256, 256, 256, 256, 256, 256, 256, 256, 256, 256, 256, 256, 256, 256, 256, 256, 256]",1,32,32,33,1024,32,1056,256,0.030303030303030304,true_mixed,True,False,True,33,0,0,False,0,0,BF16,CUDA_EVENT,generic,generic,none
0.010048000141978264,0.013183999806642532,0.010943999886512757,0.010432000271975994,0.0011403858387750224,5,0.022207999601960182,0.023711999878287315,0.02287360019981861,0.02284800074994564,0.0005045051715184404,5,0.07379200309515,0.07680000364780426,0.07514240145683289,0.07542400062084198,0.001104886501190319,5,0.029632000252604485,0.031328000128269196,0.03036799989640713,0.03017600066959858,0.0005952343537681588,5,0.0014400000218302011,0.008352000266313553,0.0030400000512599947,0.0014720000326633453,0.002686704549484544,5,2048,32,4,32,1,9216,FLASHINFER,[1024],[0],"[512, 512, 512, 512, 512, 512, 512, 512, 512, 512, 512, 512, 512, 512, 512, 512, 512, 512, 512, 512, 512, 512, 512, 512, 512, 512, 512, 512, 512, 512, 512, 512]",1,32,32,33,1024,32,1056,512,0.030303030303030304,true_mixed,True,False,True,33,0,0,False,0,0,BF16,CUDA_EVENT,generic,generic,none
0.006591999903321266,0.012575999833643436,0.00935679990798235,0.009119999594986439,0.0019445470306809869,5,0.022016000002622604,0.023231999948620796,0.022380800172686576,0.02223999984562397,0.00043717189034959264,5,0.07311999797821045,0.0767040029168129,0.07444480061531067,0.07443200051784515,0.0012667489087484142,5,0.04137599840760231,0.04259200021624565,0.042028799653053284,0.042080000042915344,0.0003994756291239126,5,0.0014400000218302011,0.0019519999623298645,0.0016256000148132444,0.0014720000326633453,0.00021835162615366143,5,2048,32,4,32,1,9216,FLASHINFER,[1024],[0],"[1024, 1024, 1024, 1024, 1024, 1024, 1024, 1024, 1024, 1024, 1024, 1024, 1024, 1024, 1024, 1024, 1024, 1024, 1024, 1024, 1024, 1024, 1024, 1024, 1024, 1024, 1024, 1024, 1024, 1024, 1024, 1024]",1,32,32,33,1024,32,1056,1024,0.030303030303030304,true_mixed,True,False,True,33,0,0,False,0,0,BF16,CUDA_EVENT,generic,generic,none
0.0014400000218302011,0.01283199992030859,0.003718400001525879,0.0014400000218302011,0.004556799959391355,5,0.01696000061929226,0.02319999970495701,0.01977600045502186,0.018688000738620758,0.00251862538669523,5,0.07337599992752075,0.07612799853086472,0.07416319996118545,0.07372800260782242,0.0010045341205950232,5,0.06137600168585777,0.06304000318050385,0.0620544008910656,0.061664000153541565,0.0006449097793275383,5,0.0014400000218302011,0.0020800000056624413,0.0016256000148132444,0.0014720000326633453,0.00024654540263001264,5,2048,32,4,32,1,9216,FLASHINFER,[1024],[0],"[2048, 2048, 2048, 2048, 2048, 2048, 2048, 2048, 2048, 2048, 2048, 2048, 2048, 2048, 2048, 2048, 2048, 2048, 2048, 2048, 2048, 2048, 2048, 2048, 2048, 2048, 2048, 2048, 2048, 2048, 2048, 2048]",1,32,32,33,1024,32,1056,2048,0.030303030303030304,true_mixed,True,False,True,33,0,0,False,0,0,BF16,CUDA_EVENT,generic,generic,none
0.009855999611318111,0.011071999557316303,0.010412799939513207,0.010304000228643417,0.00039947482937131797,5,0.020896000787615776,0.022143999114632607,0.021247999742627144,0.02099199965596199,0.0004637237051532785,5,0.07231999933719635,0.07494399696588516,0.07342080026865005,0.07273600250482559,0.0011134153043419186,5,0.01961600035429001,0.021695999428629875,0.020127999782562255,0.019711999222636223,0.0007965362821373646,5,0.005216000135987997,0.009983999654650688,0.0084863998927176,0.009119999594986439,0.001673743634777723,5,2048,32,4,32,1,9216,FLASHINFER,[1024],[0],"[128, 128, 128, 128, 128, 128, 128, 128, 128, 128, 128, 128, 128, 128, 128, 128, 128, 128, 128, 128, 128, 128, 128, 128, 128, 128, 128, 128, 128, 128, 128, 128, 128, 128, 128, 128, 128, 128, 128, 128, 128, 128, 128, 128, 128, 128, 128, 128, 128, 128, 128, 128, 128, 128, 128, 128, 128, 128, 128, 128, 128, 128, 128, 128]",1,64,64,65,1024,64,1088,128,0.015384615384615385,true_mixed,True,False,True,65,0,0,False,0,0,BF16,CUDA_EVENT,generic,generic,none
0.00979200005531311,0.012000000104308128,0.010585600137710571,0.010528000071644783,0.0007606043650684293,5,0.023104000836610794,0.02457600086927414,0.023507200181484222,0.023264000192284584,0.0005451660904110715,5,0.07347200065851212,0.07651200145483017,0.07472640126943589,0.07446400076150894,0.000996716904509881,5,0.026528000831604004,0.027295999228954315,0.026956800371408463,0.027008000761270523,0.0002742303315603892,5,0.001408000010997057,0.005247999913990498,0.0023231999948620796,0.0014400000218302011,0.0014839997437246317,5,2048,32,4,32,1,9216,FLASHINFER,[1024],[0],"[256, 256, 256, 256, 256, 256, 256, 256, 256, 256, 256, 256, 256, 256, 256, 256, 256, 256, 256, 256, 256, 256, 256, 256, 256, 256, 256, 256, 256, 256, 256, 256, 256, 256, 256, 256, 256, 256, 256, 256, 256, 256, 256, 256, 256, 256, 256, 256, 256, 256, 256, 256, 256, 256, 256, 256, 256, 256, 256, 256, 256, 256, 256, 256]",1,64,64,65,1024,64,1088,256,0.015384615384615385,true_mixed,True,False,True,65,0,0,False,0,0,BF16,CUDA_EVENT,generic,generic,none
0.010367999784648418,0.011327999643981457,0.010668799839913845,0.010591999627649784,0.0003526393797355444,5,0.022975999861955643,0.024671999737620354,0.02346879951655865,0.02316799946129322,0.0006160644862932196,5,0.0727040022611618,0.07782399654388428,0.07420800030231475,0.07366400212049484,0.0018827294300918962,5,0.03840000182390213,0.039135999977588654,0.038707200437784195,0.0387520007789135,0.0002627898684645868,5,0.001408000010997057,0.0014400000218302011,0.0014272000174969436,0.0014400000218302011,1.5676739660947454e-05,5,2048,32,4,32,1,9216,FLASHINFER,[1024],[0],"[512, 512, 512, 512, 512, 512, 512, 512, 512, 512, 512, 512, 512, 512, 512, 512, 512, 512, 512, 512, 512, 512, 512, 512, 512, 512, 512, 512, 512, 512, 512, 512, 512, 512, 512, 512, 512, 512, 512, 512, 512, 512, 512, 512, 512, 512, 512, 512, 512, 512, 512, 512, 512, 512, 512, 512, 512, 512, 512, 512, 512, 512, 512, 512]",1,64,64,65,1024,64,1088,512,0.015384615384615385,true_mixed,True,False,True,65,0,0,False,0,0,BF16,CUDA_EVENT,generic,generic,none
0.0014400000218302011,0.011935999616980553,0.0035391999408602715,0.0014400000218302011,0.004198399838060141,5,0.01852799952030182,0.024000000208616257,0.02242560014128685,0.023264000192284584,0.001975248091089096,5,0.07321599870920181,0.07699199765920639,0.07440640032291412,0.07369600236415863,0.0013536253358042768,5,0.056703999638557434,0.059647999703884125,0.057945600152015685,0.057631999254226685,0.0011361397066456914,5,0.0014400000218302011,0.0017600000137463212,0.0015680000185966491,0.0014400000218302011,0.0001567673395778472,5,2048,32,4,32,1,9216,FLASHINFER,[1024],[0],"[1024, 1024, 1024, 1024, 1024, 1024, 1024, 1024, 1024, 1024, 1024, 1024, 1024, 1024, 1024, 1024, 1024, 1024, 1024, 1024, 1024, 1024, 1024, 1024, 1024, 1024, 1024, 1024, 1024, 1024, 1024, 1024, 1024, 1024, 1024, 1024, 1024, 1024, 1024, 1024, 1024, 1024, 1024, 1024, 1024, 1024, 1024, 1024, 1024, 1024, 1024, 1024, 1024, 1024, 1024, 1024, 1024, 1024, 1024, 1024, 1024, 1024, 1024, 1024]",1,64,64,65,1024,64,1088,1024,0.015384615384615385,true_mixed,True,False,True,65,0,0,False,0,0,BF16,CUDA_EVENT,generic,generic,none
0.0014400000218302011,0.011327999643981457,0.0034239999484270813,0.0014400000218302011,0.0039520192809416954,5,0.01360000018030405,0.024351999163627625,0.015980799868702888,0.014015999622642994,0.004188876648192684,5,0.050335999578237534,0.07782399654388428,0.05761279910802841,0.05100800096988678,0.0104978053006192,5,0.09283199906349182,0.09334400296211243,0.09314560145139694,0.09328000247478485,0.00019871094918381214,5,0.001408000010997057,0.0014400000218302011,0.0014336000196635724,0.0014400000218302011,1.2800004333257677e-05,5,2048,32,4,32,1,9216,FLASHINFER,[1024],[0],"[2048, 2048, 2048, 2048, 2048, 2048, 2048, 2048, 2048, 2048, 2048, 2048, 2048, 2048, 2048, 2048, 2048, 2048, 2048, 2048, 2048, 2048, 2048, 2048, 2048, 2048, 2048, 2048, 2048, 2048, 2048, 2048, 2048, 2048, 2048, 2048, 2048, 2048, 2048, 2048, 2048, 2048, 2048, 2048, 2048, 2048, 2048, 2048, 2048, 2048, 2048, 2048, 2048, 2048, 2048, 2048, 2048, 2048, 2048, 2048, 2048, 2048, 2048, 2048]",1,64,64,65,1024,64,1088,2048,0.015384615384615385,true_mixed,True,False,True,65,0,0,False,0,0,BF16,CUDA_EVENT,generic,generic,none
0.010111999697983265,0.011807999573647976,0.010572799667716026,0.010239999741315842,0.0006421084739043943,5,0.019360000267624855,0.021183999255299568,0.01982720009982586,0.01958400011062622,0.0006859052238650601,5,0.043136000633239746,0.047648001462221146,0.044300800561904906,0.04364800080657005,0.00168510966014194,5,0.036159999668598175,0.03903999924659729,0.03707519993185997,0.03680000081658363,0.0010158877271083664,5,0.009088000282645226,0.0098879998549819,0.00939520001411438,0.009279999881982803,0.00030599768636106495,5,2048,32,4,32,1,9216,FLASHINFER,"[64, 64]","[0, 0]",[128],2,1,1,3,128,1,129,128,0.6666666666666666,true_mixed,True,False,True,3,0,0,False,0,0,BF16,CUDA_EVENT,generic,generic,none
0.009983999654650688,0.013120000250637531,0.011116799898445606,0.010975999757647514,0.001105108061173489,5,0.019007999449968338,0.022048000246286392,0.019948800280690192,0.01961600035429001,0.001074094733345889,5,0.04294399917125702,0.047359999269247055,0.04431999996304512,0.043455999344587326,0.0016329407681706198,5,0.036320000886917114,0.0382080003619194,0.03728639930486679,0.036959998309612274,0.0007046977345024767,5,0.00863999966531992,0.009568000212311745,0.009241599962115288,0.009375999681651592,0.00034548156258294406,5,2048,32,4,32,1,9216,FLASHINFER,"[64, 64]","[0, 0]",[256],2,1,1,3,128,1,129,256,0.6666666666666666,true_mixed,True,False,True,3,0,0,False,0,0,BF16,CUDA_EVENT,generic,generic,none
0.009983999654650688,0.012575999833643436,0.010751999914646149,0.010367999784648418,0.0009289925566996394,5,0.018848000094294548,0.021536000072956085,0.01961600035429001,0.019200000911951065,0.0009779651481410532,5,0.04179200157523155,0.04639999940991402,0.04317440092563629,0.04278400167822838,0.001691271047781859,5,0.03654399886727333,0.03939199820160866,0.037427198886871335,0.037087999284267426,0.0010039228823681106,5,0.008736000396311283,0.009759999811649323,0.009184000082314014,0.009216000325977802,0.0003823965093853096,5,2048,32,4,32,1,9216,FLASHINFER,"[64, 64]","[0, 0]",[512],2,1,1,3,128,1,129,512,0.6666666666666666,true_mixed,True,False,True,3,0,0,False,0,0,BF16,CUDA_EVENT,generic,generic,none
0.009759999811649323,0.010975999757647514,0.010239999927580356,0.010048000141978264,0.00046017741575606524,5,0.01881599985063076,0.02175999991595745,0.01959040015935898,0.0191040001809597,0.0010916455606122142,5,0.041120000183582306,0.051263999193906784,0.044038400053977966,0.04230400174856186,0.0037546457135026376,5,0.03494400158524513,0.03884800150990486,0.0363584004342556,0.03596799820661545,0.0013122968098885702,5,0.00886400043964386,0.009631999768316746,0.009267199970781802,0.009247999638319016,0.00028735909834330886,5,2048,32,4,32,1,9216,FLASHINFER,"[64, 64]","[0, 0]",[1024],2,1,1,3,128,1,129,1024,0.6666666666666666,true_mixed,True,False,True,3,0,0,False,0,0,BF16,CUDA_EVENT,generic,generic,none
0.009920000098645687,0.012608000077307224,0.010662399977445603,0.01033599954098463,0.0009975380919933817,5,0.019168000668287277,0.02179200015962124,0.01985280029475689,0.019392000511288643,0.0009787187489737042,5,0.04233599826693535,0.04873599857091904,0.04431999921798706,0.0432640016078949,0.0023078188194261212,5,0.036479998379945755,0.03830400109291077,0.03703679963946342,0.036607999354600906,0.0006790043424677296,5,0.009119999594986439,0.009568000212311745,0.009286399930715561,0.009247999638319016,0.00015466316414396882,5,2048,32,4,32,1,9216,FLASHINFER,"[64, 64]","[0, 0]",[2048],2,1,1,3,128,1,129,2048,0.6666666666666666,true_mixed,True,False,True,3,0,0,False,0,0,BF16,CUDA_EVENT,generic,generic,none
0.009952000342309475,0.011872000060975552,0.01050880029797554,0.010208000428974628,0.0006997982501370982,5,0.018464000895619392,0.02195199951529503,0.0195007998496294,0.019231999292969704,0.0012794556909117671,5,0.04233599826693535,0.04572800174355507,0.043622399866580966,0.04339199885725975,0.0011753028637976125,5,0.03641600161790848,0.0398080013692379,0.037478400766849516,0.036959998309612274,0.001199278930221352,5,0.008704000152647495,0.009312000125646591,0.008979200012981891,0.00902399979531765,0.0002213327656912472,5,2048,32,4,32,1,9216,FLASHINFER,"[64, 64]","[0, 0]","[128, 128]",2,2,2,4,128,2,130,128,0.5,true_mixed,True,False,True,4,0,0,False,0,0,BF16,CUDA_EVENT,generic,generic,none
0.0098879998549819,0.011615999974310398,0.010451199859380722,0.010304000228643417,0.0006187182150611787,5,0.018400000408291817,0.02067199908196926,0.01932159997522831,0.019200000911951065,0.0007723605049200387,5,0.04153599962592125,0.04713600128889084,0.04336640015244484,0.04297599941492081,0.001962558184904353,5,0.03519999980926514,0.037087999284267426,0.03628799989819527,0.03622400015592575,0.0006812321829360946,5,0.008832000195980072,0.009375999681651592,0.009164799936115742,0.009344000369310379,0.00024671143723346606,5,2048,32,4,32,1,9216,FLASHINFER,"[64, 64]","[0, 0]","[256, 256]",2,2,2,4,128,2,130,256,0.5,true_mixed,True,False,True,4,0,0,False,0,0,BF16,CUDA_EVENT,generic,generic,none
0.009664000011980534,0.012608000077307224,0.010463999956846238,0.010048000141978264,0.0010846065373380195,5,0.018624000251293182,0.021856000646948814,0.01960960030555725,0.019071999937295914,0.0011737329833463594,5,0.041439998894929886,0.048128001391887665,0.04375680014491081,0.043136000633239746,0.0024509249016473594,5,0.03561599925160408,0.037856001406908035,0.03629439994692803,0.03606399893760681,0.0008119183576384637,5,0.008960000239312649,0.009759999811649323,0.009292799979448318,0.009247999638319016,0.000262009344886318,5,2048,32,4,32,1,9216,FLASHINFER,"[64, 64]","[0, 0]","[512, 512]",2,2,2,4,128,2,130,512,0.5,true_mixed,True,False,True,4,0,0,False,0,0,BF16,CUDA_EVENT,generic,generic,none
0.009568000212311745,0.011359999887645245,0.010214400105178356,0.010080000385642052,0.0006045881981390229,5,0.018303999677300453,0.021056000143289566,0.019193600118160247,0.019071999937295914,0.0009956887080882324,5,0.042080000042915344,0.04918399825692177,0.044889599084854126,0.042367998510599136,0.0033281471200794412,5,0.03561599925160408,0.03788800165057182,0.036563200503587724,0.036448001861572266,0.0008753278976831561,5,0.009119999594986439,0.009600000455975533,0.009305600076913834,0.009279999881982803,0.0001611481107896959,5,2048,32,4,32,1,9216,FLASHINFER,"[64, 64]","[0, 0]","[1024, 1024]",2,2,2,4,128,2,130,1024,0.5,true_mixed,True,False,True,4,0,0,False,0,0,BF16,CUDA_EVENT,generic,generic,none
0.009983999654650688,0.011552000418305397,0.01043200008571148,0.010111999697983265,0.0005798981235072847,5,0.019039999693632126,0.021344000473618507,0.019680000096559524,0.01929599978029728,0.0008490561214451245,5,0.04281599819660187,0.047520000487565994,0.044095999002456664,0.04297599941492081,0.0017962242503013759,5,0.03651199862360954,0.04012800008058548,0.03745919987559319,0.036768000572919846,0.0013604481523995856,5,0.00902399979531765,0.009375999681651592,0.009228799864649773,0.009279999881982803,0.00013515986923017252,5,2048,32,4,32,1,9216,FLASHINFER,"[64, 64]","[0, 0]","[2048, 2048]",2,2,2,4,128,2,130,2048,0.5,true_mixed,True,False,True,4,0,0,False,0,0,BF16,CUDA_EVENT,generic,generic,none
0.009696000255644321,0.011552000418305397,0.010265600122511386,0.009920000098645687,0.0006950413616207622,5,0.018880000337958336,0.020735999569296837,0.01953279972076416,0.019328000023961067,0.0006738563602027148,5,0.04102399945259094,0.0480320006608963,0.04401920065283775,0.04416000097990036,0.0023935146667849213,5,0.03670400008559227,0.03907199949026108,0.037401600182056426,0.036768000572919846,0.0009195529887408979,5,0.008704000152647495,0.010208000428974628,0.009472000040113926,0.009568000212311745,0.0005191501929861831,5,2048,32,4,32,1,9216,FLASHINFER,"[64, 64]","[0, 0]","[128, 128, 128, 128]",2,4,4,6,128,4,132,128,0.3333333333333333,true_mixed,True,False,True,6,0,0,False,0,0,BF16,CUDA_EVENT,generic,generic,none
0.010080000385642052,0.013024000450968742,0.010892800241708755,0.010432000271975994,0.001087548193952033,5,0.01865600049495697,0.022016000002622604,0.01971200034022331,0.01913600042462349,0.0012127955475699477,5,0.04230400174856186,0.048895999789237976,0.044262401014566424,0.04278400167822838,0.0024490678317456815,5,0.03494400158524513,0.03843199834227562,0.036512000113725664,0.03641600161790848,0.0011271987387306377,5,0.009056000038981438,0.009631999768316746,0.009388799965381622,0.00940799992531538,0.00021665684985670519,5,2048,32,4,32,1,9216,FLASHINFER,"[64, 64]","[0, 0]","[256, 256, 256, 256]",2,4,4,6,128,4,132,256,0.3333333333333333,true_mixed,True,False,True,6,0,0,False,0,0,BF16,CUDA_EVENT,generic,generic,none
0.009920000098645687,0.012032000347971916,0.010393600165843963,0.010015999898314476,0.0008204491359160694,5,0.01849599927663803,0.020640000700950623,0.01911040022969246,0.01865600049495697,0.0007950956622548499,5,0.04201599955558777,0.04700800031423569,0.04357120022177696,0.04278400167822838,0.0018108271229335781,5,0.035551998764276505,0.03766399994492531,0.03644799962639809,0.03619199991226196,0.0006999157115043574,5,0.008960000239312649,0.009664000011980534,0.009254400059580803,0.009184000082314014,0.00023895239373806842,5,2048,32,4,32,1,9216,FLASHINFER,"[64, 64]","[0, 0]","[512, 512, 512, 512]",2,4,4,6,128,4,132,512,0.3333333333333333,true_mixed,True,False,True,6,0,0,False,0,0,BF16,CUDA_EVENT,generic,generic,none
0.010080000385642052,0.012608000077307224,0.010732800140976906,0.010208000428974628,0.0009567089664998271,5,0.019039999693632126,0.022336000576615334,0.019999999925494193,0.01961600035429001,0.0011920164233082172,5,0.042080000042915344,0.047488000243902206,0.04453120008111,0.043616000562906265,0.0019727789145304307,5,0.03606399893760681,0.03923200070858002,0.037228799611330035,0.03728000074625015,0.0011513959104116052,5,0.009344000369310379,0.009952000342309475,0.009587200172245503,0.009503999724984169,0.0002157094906396429,5,2048,32,4,32,1,9216,FLASHINFER,"[64, 64]","[0, 0]","[1024, 1024, 1024, 1024]",2,4,4,6,128,4,132,1024,0.3333333333333333,true_mixed,True,False,True,6,0,0,False,0,0,BF16,CUDA_EVENT,generic,generic,none
0.009824000298976898,0.012128000147640705,0.010540799982845784,0.01027199998497963,0.0008129763935630902,5,0.019200000911951065,0.021056000143289566,0.0197248000651598,0.01945599913597107,0.0006756775176861536,5,0.04047999903559685,0.05276799947023392,0.04391039982438087,0.041919998824596405,0.004522287228885316,5,0.03782400116324425,0.03830400109291077,0.03804160058498383,0.038015998899936676,0.00018920619537720628,5,0.009151999838650227,0.009983999654650688,0.009548799879848958,0.009440000168979168,0.00034262424943583687,5,2048,32,4,32,1,9216,FLASHINFER,"[64, 64]","[0, 0]","[2048, 2048, 2048, 2048]",2,4,4,6,128,4,132,2048,0.3333333333333333,true_mixed,True,False,True,6,0,0,False,0,0,BF16,CUDA_EVENT,generic,generic,none
0.009920000098645687,0.012608000077307224,0.010719999857246875,0.01033599954098463,0.0009695525410360493,5,0.018559999763965607,0.050144001841545105,0.02587520033121109,0.019648000597953796,0.012182524748841364,5,0.04233599826693535,0.046592000871896744,0.04456959962844849,0.04416000097990036,0.0016886065511715763,5,0.03612799942493439,0.03840000182390213,0.037036800384521486,0.036639999598264694,0.0009025142959763618,5,0.009216000325977802,0.009920000098645687,0.00959360022097826,0.009600000455975533,0.00022573037671991684,5,2048,32,4,32,1,9216,FLASHINFER,"[64, 64]","[0, 0]","[128, 128, 128, 128, 128, 128, 128, 128]",2,8,8,10,128,8,136,128,0.2,true_mixed,True,False,True,10,0,0,False,0,0,BF16,CUDA_EVENT,generic,generic,none
0.009600000455975533,0.012864000163972378,0.01053440012037754,0.010111999697983265,0.001181905166496063,5,0.018783999606966972,0.022336000576615334,0.019833600148558617,0.019168000668287277,0.001288515853568047,5,0.04153599962592125,0.048448000103235245,0.04326400011777878,0.04214400053024292,0.0026087360422461835,5,0.03526400029659271,0.038975998759269714,0.03671040013432503,0.03622400015592575,0.001249950856049476,5,0.008960000239312649,0.009503999724984169,0.009215999953448772,0.009151999838650227,0.00021891363320564774,5,2048,32,4,32,1,9216,FLASHINFER,"[64, 64]","[0, 0]","[256, 256, 256, 256, 256, 256, 256, 256]",2,8,8,10,128,8,136,256,0.2,true_mixed,True,False,True,10,0,0,False,0,0,BF16,CUDA_EVENT,generic,generic,none
0.01027199998497963,0.012543999589979649,0.010899199917912484,0.010463999584317207,0.0008583160129684651,5,0.019328000023961067,0.02208000048995018,0.0201664000749588,0.01958400011062622,0.001014435550649064,5,0.042208001017570496,0.04806400090456009,0.04408960044384003,0.04303999990224838,0.0020824504895486312,5,0.03657599911093712,0.038816001266241074,0.03731840029358864,0.03718400001525879,0.0007862894389429009,5,0.009184000082314014,0.010784000158309937,0.00960640013217926,0.009247999638319016,0.0006076294104478564,5,2048,32,4,32,1,9216,FLASHINFER,"[64, 64]","[0, 0]","[512, 512, 512, 512, 512, 512, 512, 512]",2,8,8,10,128,8,136,512,0.2,true_mixed,True,False,True,10,0,0,False,0,0,BF16,CUDA_EVENT,generic,generic,none
0.009983999654650688,0.012000000104308128,0.010572799853980542,0.010367999784648418,0.0007304417651233485,5,0.01881599985063076,0.021344000473618507,0.019468799978494645,0.01897599920630455,0.0009541370078574022,5,0.04064000025391579,0.04543999955058098,0.04338559955358505,0.043487999588251114,0.0015502535670267215,5,0.03686400130391121,0.03993599861860275,0.03786239996552467,0.03759999945759773,0.0010810878794236412,5,0.008927999995648861,0.009535999968647957,0.009311999939382077,0.009375999681651592,0.00020934946828652672,5,2048,32,4,32,1,9216,FLASHINFER,"[64, 64]","[0, 0]","[1024, 1024, 1024, 1024, 1024, 1024, 1024, 1024]",2,8,8,10,128,8,136,1024,0.2,true_mixed,True,False,True,10,0,0,False,0,0,BF16,CUDA_EVENT,generic,generic,none
0.010208000428974628,0.011744000017642975,0.010803200118243695,0.01071999967098236,0.0005142350334529507,5,0.01945599913597107,0.02160000056028366,0.02006399966776371,0.01961600035429001,0.0008143359611434974,5,0.0427200011909008,0.046911999583244324,0.04449919983744621,0.04428799822926521,0.0015542380100135704,5,0.039135999977588654,0.041280001401901245,0.04026240035891533,0.04016000032424927,0.0007159428736438423,5,0.008767999708652496,0.009568000212311745,0.009203199855983257,0.009151999838650227,0.0002992300562853047,5,2048,32,4,32,1,9216,FLASHINFER,"[64, 64]","[0, 0]","[2048, 2048, 2048, 2048, 2048, 2048, 2048, 2048]",2,8,8,10,128,8,136,2048,0.2,true_mixed,True,False,True,10,0,0,False,0,0,BF16,CUDA_EVENT,generic,generic,none
0.009696000255644321,0.011359999887645245,0.010182400047779084,0.009920000098645687,0.0005981174829402348,5,0.018783999606966972,0.02067199908196926,0.019551999494433404,0.01926399953663349,0.0006827330810417887,5,0.0416640006005764,0.047520000487565994,0.04366720020771027,0.04259200021624565,0.0022418823480649885,5,0.03542400151491165,0.03824000060558319,0.03644799962639809,0.035999998450279236,0.0010406644003522424,5,0.008960000239312649,0.010015999898314476,0.00933120008558035,0.009216000325977802,0.0003885596037467856,5,2048,32,4,32,1,9216,FLASHINFER,"[64, 64]","[0, 0]","[128, 128, 128, 128, 128, 128, 128, 128, 128, 128, 128, 128, 128, 128, 128, 128]",2,16,16,18,128,16,144,128,0.1111111111111111,true_mixed,True,False,True,18,0,0,False,0,0,BF16,CUDA_EVENT,generic,generic,none
0.009983999654650688,0.01158399973064661,0.010534399934113026,0.01033599954098463,0.0005786250870079706,5,0.018751999363303185,0.0208320003002882,0.01948160007596016,0.01929599978029728,0.0007122141248262135,5,0.04307200014591217,0.045632001012563705,0.04405120089650154,0.043296001851558685,0.0010961764049492785,5,0.03667199984192848,0.04371200129389763,0.038681600242853165,0.037856001406908035,0.002559472459666245,5,0.008960000239312649,0.009855999611318111,0.009523199871182442,0.009631999768316746,0.00031910253816664225,5,2048,32,4,32,1,9216,FLASHINFER,"[64, 64]","[0, 0]","[256, 256, 256, 256, 256, 256, 256, 256, 256, 256, 256, 256, 256, 256, 256, 256]",2,16,16,18,128,16,144,256,0.1111111111111111,true_mixed,True,False,True,18,0,0,False,0,0,BF16,CUDA_EVENT,generic,generic,none
0.009855999611318111,0.011935999616980553,0.010598399862647056,0.010367999784648418,0.0007683731963470965,5,0.0191040001809597,0.02300800010561943,0.020313600078225136,0.01942400075495243,0.001452729349859488,5,0.04179200157523155,0.04745600000023842,0.0435199998319149,0.04281599819660187,0.0020211236434869214,5,0.03788800165057182,0.039872001856565475,0.03863680064678192,0.03846399858593941,0.0006674438819359136,5,0.008991999551653862,0.009855999611318111,0.009401599876582623,0.009535999968647957,0.00032846407698173906,5,2048,32,4,32,1,9216,FLASHINFER,"[64, 64]","[0, 0]","[512, 512, 512, 512, 512, 512, 512, 512, 512, 512, 512, 512, 512, 512, 512, 512]",2,16,16,18,128,16,144,512,0.1111111111111111,true_mixed,True,False,True,18,0,0,False,0,0,BF16,CUDA_EVENT,generic,generic,none
0.010208000428974628,0.012319999746978283,0.010688000172376633,0.010304000228643417,0.0008168464036191008,5,0.01897599920630455,0.02252800017595291,0.019833599776029588,0.019007999449968338,0.0013706167300880994,5,0.043007999658584595,0.047839999198913574,0.04451839923858643,0.043935999274253845,0.0017896439806067543,5,0.04009599983692169,0.04188799858093262,0.04073600023984909,0.040511999279260635,0.0006234658322209757,5,0.009056000038981438,0.010111999697983265,0.00958079993724823,0.009664000011980534,0.0003520581285845461,5,2048,32,4,32,1,9216,FLASHINFER,"[64, 64]","[0, 0]","[1024, 1024, 1024, 1024, 1024, 1024, 1024, 1024, 1024, 1024, 1024, 1024, 1024, 1024, 1024, 1024]",2,16,16,18,128,16,144,1024,0.1111111111111111,true_mixed,True,False,True,18,0,0,False,0,0,BF16,CUDA_EVENT,generic,generic,none
0.009759999811649323,0.012480000033974648,0.010649599879980088,0.010367999784648418,0.0009577360443087222,5,0.01913600042462349,0.021247999742627144,0.01968640014529228,0.019328000023961067,0.0007917394962730604,5,0.0424639992415905,0.04566400125622749,0.04373759999871254,0.043455999344587326,0.0011810388031208547,5,0.05555199831724167,0.05804799869656563,0.05686399936676025,0.056832000613212585,0.000979848775201537,5,0.0014400000218302011,0.0014720000326633453,0.00144640002399683,0.0014400000218302011,1.2800004333257675e-05,5,2048,32,4,32,1,9216,FLASHINFER,"[64, 64]","[0, 0]","[2048, 2048, 2048, 2048, 2048, 2048, 2048, 2048, 2048, 2048, 2048, 2048, 2048, 2048, 2048, 2048]",2,16,16,18,128,16,144,2048,0.1111111111111111,true_mixed,True,False,True,18,0,0,False,0,0,BF16,CUDA_EVENT,generic,generic,none
0.009952000342309475,0.012128000147640705,0.01052160020917654,0.01017600018531084,0.0008119175970881344,5,0.018912000581622124,0.02191999927163124,0.019699200242757797,0.019200000911951065,0.0011185539989286611,5,0.043007999658584595,0.04979199916124344,0.04576639980077744,0.04342399910092354,0.0032126728855692323,5,0.03622400015592575,0.03951999917626381,0.03750400021672249,0.03721600025892258,0.0011164281019215244,5,0.008895999751985073,0.009216000325977802,0.00910080000758171,0.009184000082314014,0.00012243940176735236,5,2048,32,4,32,1,9216,FLASHINFER,"[64, 64]","[0, 0]","[128, 128, 128, 128, 128, 128, 128, 128, 128, 128, 128, 128, 128, 128, 128, 128, 128, 128, 128, 128, 128, 128, 128, 128, 128, 128, 128, 128, 128, 128, 128, 128]",2,32,32,34,128,32,160,128,0.058823529411764705,true_mixed,True,False,True,34,0,0,False,0,0,BF16,CUDA_EVENT,generic,generic,none
0.01017600018531084,0.011327999643981457,0.010624000057578086,0.01056000031530857,0.00042065083985550226,5,0.01926399953663349,0.019967999309301376,0.01958400011062622,0.01958400011062622,0.0002386091725419381,5,0.04163200035691261,0.0469760000705719,0.04373759999871254,0.04387199878692627,0.0019181219423833617,5,0.03843199834227562,0.040800001472234726,0.03916800022125244,0.038784001022577286,0.0008543468502818521,5,0.008991999551653862,0.009727999567985535,0.00945919994264841,0.009503999724984169,0.0002500100402021611,5,2048,32,4,32,1,9216,FLASHINFER,"[64, 64]","[0, 0]","[256, 256, 256, 256, 256, 256, 256, 256, 256, 256, 256, 256, 256, 256, 256, 256, 256, 256, 256, 256, 256, 256, 256, 256, 256, 256, 256, 256, 256, 256, 256, 256]",2,32,32,34,128,32,160,256,0.058823529411764705,true_mixed,True,False,True,34,0,0,False,0,0,BF16,CUDA_EVENT,generic,generic,none
0.009375999681651592,0.011615999974310398,0.010214399918913842,0.010015999898314476,0.000744823696621005,5,0.019231999292969704,0.02070399932563305,0.01968639940023422,0.019487999379634857,0.0005469660513803713,5,0.04153599962592125,0.04684799909591675,0.04399359971284866,0.04342399910092354,0.0019278132240435652,5,0.04182400181889534,0.04255999997258186,0.04212480038404465,0.042080000042915344,0.00026818978099911234,5,0.008608000352978706,0.00979200005531311,0.00923519991338253,0.009247999638319016,0.0004050748938581135,5,2048,32,4,32,1,9216,FLASHINFER,"[64, 64]","[0, 0]","[512, 512, 512, 512, 512, 512, 512, 512, 512, 512, 512, 512, 512, 512, 512, 512, 512, 512, 512, 512, 512, 512, 512, 512, 512, 512, 512, 512, 512, 512, 512, 512]",2,32,32,34,128,32,160,512,0.058823529411764705,true_mixed,True,False,True,34,0,0,False,0,0,BF16,CUDA_EVENT,generic,generic,none
0.009855999611318111,0.012160000391304493,0.010624000057578086,0.01056000031530857,0.0008205990690259786,5,0.01894400082528591,0.021695999428629875,0.01955839991569519,0.01897599920630455,0.0010727207407780065,5,0.04198399931192398,0.05167999863624573,0.04478719905018806,0.04339199885725975,0.003538603662127081,5,0.05708799883723259,0.059487998485565186,0.05853439942002296,0.058400001376867294,0.000889438471323106,5,0.0014400000218302011,0.0014720000326633453,0.0014528000261634587,0.0014400000218302011,1.5676739660947454e-05,5,2048,32,4,32,1,9216,FLASHINFER,"[64, 64]","[0, 0]","[1024, 1024, 1024, 1024, 1024, 1024, 1024, 1024, 1024, 1024, 1024, 1024, 1024, 1024, 1024, 1024, 1024, 1024, 1024, 1024, 1024, 1024, 1024, 1024, 1024, 1024, 1024, 1024, 1024, 1024, 1024, 1024]",2,32,32,34,128,32,160,1024,0.058823529411764705,true_mixed,True,False,True,34,0,0,False,0,0,BF16,CUDA_EVENT,generic,generic,none
0.0014400000218302011,0.012223999947309494,0.0037312000058591366,0.0014720000326633453,0.004253405495333475,5,0.019392000511288643,0.020959999412298203,0.019942400231957435,0.019840000197291374,0.0005435853768268324,5,0.04233599826693535,0.047520000487565994,0.044556799530982974,0.044064000248909,0.0017016786759272034,5,0.07689599692821503,0.07846400141716003,0.0776639997959137,0.07760000228881836,0.0006878157686851171,5,0.0014400000218302011,0.0017600000137463212,0.0015168000245466828,0.0014720000326633453,0.00012243920460922768,5,2048,32,4,32,1,9216,FLASHINFER,"[64, 64]","[0, 0]","[2048, 2048, 2048, 2048, 2048, 2048, 2048, 2048, 2048, 2048, 2048, 2048, 2048, 2048, 2048, 2048, 2048, 2048, 2048, 2048, 2048, 2048, 2048, 2048, 2048, 2048, 2048, 2048, 2048, 2048, 2048, 2048]",2,32,32,34,128,32,160,2048,0.058823529411764705,true_mixed,True,False,True,34,0,0,False,0,0,BF16,CUDA_EVENT,generic,generic,none
0.010015999898314476,0.011071999557316303,0.01047039981931448,0.010495999827980995,0.00035368315719657643,5,0.018624000251293182,0.021056000143289566,0.019654399901628494,0.019711999222636223,0.0008181993307887176,5,0.042688000947237015,0.04710400104522705,0.04398720040917396,0.04342399910092354,0.0015971305409024548,5,0.0352960005402565,0.036959998309612274,0.03576319962739945,0.03548799827694893,0.0006117267849479933,5,0.008576000109314919,0.009631999768316746,0.00907519981265068,0.009056000038981438,0.00033720156277113105,5,2048,32,4,32,1,9216,FLASHINFER,"[64, 64]","[0, 0]","[128, 128, 128, 128, 128, 128, 128, 128, 128, 128, 128, 128, 128, 128, 128, 128, 128, 128, 128, 128, 128, 128, 128, 128, 128, 128, 128, 128, 128, 128, 128, 128, 128, 128, 128, 128, 128, 128, 128, 128, 128, 128, 128, 128, 128, 128, 128, 128, 128, 128, 128, 128, 128, 128, 128, 128, 128, 128, 128, 128, 128, 128, 128, 128]",2,64,64,66,128,64,192,128,0.030303030303030304,true_mixed,True,False,True,66,0,0,False,0,0,BF16,CUDA_EVENT,generic,generic,none
0.009952000342309475,0.011648000217974186,0.010502400062978267,0.010111999697983265,0.0006382055134178372,5,0.018848000094294548,0.02143999934196472,0.01959039978682995,0.019231999292969704,0.0009387294545261752,5,0.04095999896526337,0.04806400090456009,0.04322559982538223,0.042080000042915344,0.0025021795822200476,5,0.03718400001525879,0.03884800150990486,0.03808000013232231,0.03814399987459183,0.0006660314057797199,5,0.008799999952316284,0.009983999654650688,0.009107199870049954,0.008832000195980072,0.00045462514993204237,5,2048,32,4,32,1,9216,FLASHINFER,"[64, 64]","[0, 0]","[256, 256, 256, 256, 256, 256, 256, 256, 256, 256, 256, 256, 256, 256, 256, 256, 256, 256, 256, 256, 256, 256, 256, 256, 256, 256, 256, 256, 256, 256, 256, 256, 256, 256, 256, 256, 256, 256, 256, 256, 256, 256, 256, 256, 256, 256, 256, 256, 256, 256, 256, 256, 256, 256, 256, 256, 256, 256, 256, 256, 256, 256, 256, 256]",2,64,64,66,128,64,192,256,0.030303030303030304,true_mixed,True,False,True,66,0,0,False,0,0,BF16,CUDA_EVENT,generic,generic,none
0.009727999567985535,0.012384000234305859,0.010579200088977813,0.010400000028312206,0.0009575650272835358,5,0.018751999363303185,0.020767999812960625,0.019551999866962433,0.019392000511288643,0.0006901918621865982,5,0.04131200164556503,0.04739199951291084,0.04306560009717941,0.04224000126123428,0.0021993473150019663,5,0.05363199859857559,0.05580800026655197,0.054374399781227115,0.0541439987719059,0.0007823727572443508,5,0.0014400000218302011,0.0014400000218302011,0.0014400000218302011,0.0014400000218302011,0.0,5,2048,32,4,32,1,9216,FLASHINFER,"[64, 64]","[0, 0]","[512, 512, 512, 512, 512, 512, 512, 512, 512, 512, 512, 512, 512, 512, 512, 512, 512, 512, 512, 512, 512, 512, 512, 512, 512, 512, 512, 512, 512, 512, 512, 512, 512, 512, 512, 512, 512, 512, 512, 512, 512, 512, 512, 512, 512, 512, 512, 512, 512, 512, 512, 512, 512, 512, 512, 512, 512, 512, 512, 512, 512, 512, 512, 512]",2,64,64,66,128,64,192,512,0.030303030303030304,true_mixed,True,False,True,66,0,0,False,0,0,BF16,CUDA_EVENT,generic,generic,none
0.0014400000218302011,0.012864000163972378,0.0042623999994248155,0.0014400000218302011,0.004425006524596795,5,0.0191040001809597,0.021056000143289566,0.01966079995036125,0.019392000511288643,0.0007076560234537906,5,0.04294399917125702,0.05663999915122986,0.0466559998691082,0.044704001396894455,0.005115477706852914,5,0.07187200337648392,0.07519999891519547,0.07300480008125305,0.07254400104284286,0.0011795104961843511,5,0.0014400000218302011,0.001888000057078898,0.0015424000332131982,0.0014400000218302011,0.00017456873872485266,5,2048,32,4,32,1,9216,FLASHINFER,"[64, 64]","[0, 0]","[1024, 1024, 1024, 1024, 1024, 1024, 1024, 1024, 1024, 1024, 1024, 1024, 1024, 1024, 1024, 1024, 1024, 1024, 1024, 1024, 1024, 1024, 1024, 1024, 1024, 1024, 1024, 1024, 1024, 1024, 1024, 1024, 1024, 1024, 1024, 1024, 1024, 1024, 1024, 1024, 1024, 1024, 1024, 1024, 1024, 1024, 1024, 1024, 1024, 1024, 1024, 1024, 1024, 1024, 1024, 1024, 1024, 1024, 1024, 1024, 1024, 1024, 1024, 1024]",2,64,64,66,128,64,192,1024,0.030303030303030304,true_mixed,True,False,True,66,0,0,False,0,0,BF16,CUDA_EVENT,generic,generic,none
0.0014400000218302011,0.01071999967098236,0.0033727999543771148,0.0014720000326633453,0.0036759962892969913,5,0.006175999995321035,0.021088000386953354,0.009420800022780895,0.006591999903321266,0.005837789572003705,5,0.031328000128269196,0.047648001462221146,0.03769600093364715,0.03686400130391121,0.005572926821341509,5,0.10751999914646149,0.10899200290441513,0.1082048013806343,0.10806400328874588,0.0005299268713369737,5,0.001408000010997057,0.0014400000218302011,0.0014336000196635724,0.0014400000218302011,1.2800004333257677e-05,5,2048,32,4,32,1,9216,FLASHINFER,"[64, 64]","[0, 0]","[2048, 2048, 2048, 2048, 2048, 2048, 2048, 2048, 2048, 2048, 2048, 2048, 2048, 2048, 2048, 2048, 2048, 2048, 2048, 2048, 2048, 2048, 2048, 2048, 2048, 2048, 2048, 2048, 2048, 2048, 2048, 2048, 2048, 2048, 2048, 2048, 2048, 2048, 2048, 2048, 2048, 2048, 2048, 2048, 2048, 2048, 2048, 2048, 2048, 2048, 2048, 2048, 2048, 2048, 2048, 2048, 2048, 2048, 2048, 2048, 2048, 2048, 2048, 2048]",2,64,64,66,128,64,192,2048,0.030303030303030304,true_mixed,True,False,True,66,0,0,False,0,0,BF16,CUDA_EVENT,generic,generic,none
0.009568000212311745,0.011455999687314034,0.010259200073778629,0.010080000385642052,0.0006414701166126949,5,0.018912000581622124,0.022048000246286392,0.019859200343489647,0.019168000668287277,0.0011643074847874758,5,0.04275200143456459,0.0490880012512207,0.044844800978899,0.044064000248909,0.0022116237788551564,5,0.03593600168824196,0.038943998515605927,0.037567999958992,0.037567999213933945,0.0011235590838450519,5,0.009216000325977802,0.010143999941647053,0.009715200029313564,0.009631999768316746,0.0003623777097622794,5,2048,32,4,32,1,9216,FLASHINFER,"[128, 128]","[0, 0]",[128],2,1,1,3,256,1,257,128,0.6666666666666666,true_mixed,True,False,True,3,0,0,False,0,0,BF16,CUDA_EVENT,generic,generic,none
0.009824000298976898,0.01142400037497282,0.010624000057578086,0.010495999827980995,0.0005300808268170767,5,0.01945599913597107,0.020767999812960625,0.0198015995323658,0.019519999623298645,0.0004963200684655952,5,0.04195199906826019,0.04864000156521797,0.044057600945234296,0.0432640016078949,0.0023708874263095735,5,0.035999998450279236,0.04297599941492081,0.0383103996515274,0.036607999354600906,0.0026821575486136793,5,0.008832000195980072,0.009631999768316746,0.009260799922049045,0.009247999638319016,0.00029647948865380524,5,2048,32,4,32,1,9216,FLASHINFER,"[128, 128]","[0, 0]",[256],2,1,1,3,256,1,257,256,0.6666666666666666,true_mixed,True,False,True,3,0,0,False,0,0,BF16,CUDA_EVENT,generic,generic,none
0.0098879998549819,0.01206399966031313,0.010483199916779994,0.01017600018531084,0.0008063998457695238,5,0.019039999693632126,0.022143999114632607,0.019993600249290467,0.019680000841617584,0.0011197983638605929,5,0.04259200021624565,0.04915200173854828,0.04478720054030418,0.044096000492572784,0.002293541423334569,5,0.035999998450279236,0.039135999977588654,0.03704959973692894,0.036639999598264694,0.0010940819448759206,5,0.009151999838650227,0.009759999811649323,0.00939520001411438,0.009216000325977802,0.00027348303658758906,5,2048,32,4,32,1,9216,FLASHINFER,"[128, 128]","[0, 0]",[512],2,1,1,3,256,1,257,512,0.6666666666666666,true_mixed,True,False,True,3,0,0,False,0,0,BF16,CUDA_EVENT,generic,generic,none
0.0098879998549819,0.011744000017642975,0.010406400077044964,0.01017600018531084,0.0006786414696054409,5,0.019039999693632126,0.023360000923275948,0.020172800123691558,0.019551999866962433,0.0016187829497268295,5,0.042047999799251556,0.047648001462221146,0.0438336007297039,0.04320000112056732,0.001996595443437523,5,0.03593600168824196,0.03859199956059456,0.037036800384521486,0.036607999354600906,0.0009463772468515024,5,0.008832000195980072,0.009727999567985535,0.00930559989064932,0.009312000125646591,0.00028863910940158077,5,2048,32,4,32,1,9216,FLASHINFER,"[128, 128]","[0, 0]",[1024],2,1,1,3,256,1,257,1024,0.6666666666666666,true_mixed,True,False,True,3,0,0,False,0,0,BF16,CUDA_EVENT,generic,generic,none
0.009759999811649323,0.01104000024497509,0.010265599936246872,0.010143999941647053,0.0004227878609081655,5,0.01894400082528591,0.02127999998629093,0.019673600047826766,0.01929599978029728,0.0008283982710489403,5,0.04281599819660187,0.04854400083422661,0.04423040002584457,0.04323200136423111,0.002181020666809286,5,0.03612799942493439,0.038975998759269714,0.0375231996178627,0.037151999771595,0.0010022899353298684,5,0.009056000038981438,0.009535999968647957,0.009311999939382077,0.009247999638319016,0.00018214710763415063,5,2048,32,4,32,1,9216,FLASHINFER,"[128, 128]","[0, 0]",[2048],2,1,1,3,256,1,257,2048,0.6666666666666666,true_mixed,True,False,True,3,0,0,False,0,0,BF16,CUDA_EVENT,generic,generic,none
0.009600000455975533,0.011455999687314034,0.010425600223243237,0.010304000228643417,0.0006039101994782767,5,0.019200000911951065,0.021503999829292297,0.01974399983882904,0.019231999292969704,0.0008893467159654157,5,0.042080000042915344,0.049375999718904495,0.044281599670648576,0.04291199892759323,0.0026623845456984407,5,0.03580800071358681,0.03855999931693077,0.037011200189590455,0.03683200106024742,0.0009624708078775057,5,0.008895999751985073,0.0098879998549819,0.00933120008558035,0.009216000325977802,0.0003543774096488746,5,2048,32,4,32,1,9216,FLASHINFER,"[128, 128]","[0, 0]","[128, 128]",2,2,2,4,256,2,258,128,0.5,true_mixed,True,False,True,4,0,0,False,0,0,BF16,CUDA_EVENT,generic,generic,none
0.009568000212311745,0.011455999687314034,0.010297599993646146,0.010015999898314476,0.0006556172940900817,5,0.018400000408291817,0.021663999184966087,0.019366400316357613,0.018912000581622124,0.001176346621510529,5,0.04243199899792671,0.050783999264240265,0.0455872006714344,0.04473600164055824,0.002971461180219202,5,0.03551999852061272,0.038656000047922134,0.03706879913806915,0.03699199855327606,0.0010267167841208037,5,0.008960000239312649,0.009696000255644321,0.009331200271844864,0.009344000369310379,0.00025000996391096465,5,2048,32,4,32,1,9216,FLASHINFER,"[128, 128]","[0, 0]","[256, 256]",2,2,2,4,256,2,258,256,0.5,true_mixed,True,False,True,4,0,0,False,0,0,BF16,CUDA_EVENT,generic,generic,none
0.010015999898314476,0.011839999817311764,0.010444799996912479,0.01017600018531084,0.0007012600466862009,5,0.019007999449968338,0.021568000316619873,0.01980159990489483,0.0191040001809597,0.0009975382401777213,5,0.0427200011909008,0.04758400097489357,0.04464640021324158,0.04412800073623657,0.0017259130006862604,5,0.036639999598264694,0.03920000046491623,0.03724799975752831,0.03670400008559227,0.000985683410785593,5,0.008991999551653862,0.009824000298976898,0.009427199885249139,0.009503999724984169,0.0003222960662314581,5,2048,32,4,32,1,9216,FLASHINFER,"[128, 128]","[0, 0]","[512, 512]",2,2,2,4,256,2,258,512,0.5,true_mixed,True,False,True,4,0,0,False,0,0,BF16,CUDA_EVENT,generic,generic,none
0.010400000028312206,0.01119999960064888,0.01073279995471239,0.010784000158309937,0.0003046560004323422,5,0.019168000668287277,0.02735999971628189,0.02101760022342205,0.019487999379634857,0.003174967432358557,5,0.04198399931192398,0.04774399846792221,0.044275198876857755,0.043327998369932175,0.0019794113926093725,5,0.03596799820661545,0.03929600119590759,0.03741440027952194,0.037151999771595,0.0011201654562946841,5,0.009216000325977802,0.010751999914646149,0.009644800052046775,0.009440000168979168,0.0005683401299643112,5,2048,32,4,32,1,9216,FLASHINFER,"[128, 128]","[0, 0]","[1024, 1024]",2,2,2,4,256,2,258,1024,0.5,true_mixed,True,False,True,4,0,0,False,0,0,BF16,CUDA_EVENT,generic,generic,none
0.010208000428974628,0.012703999876976013,0.010905599966645241,0.010463999584317207,0.0009159828081055604,5,0.018880000337958336,0.02236800082027912,0.019980800151824952,0.019360000267624855,0.0012499843425792642,5,0.042527999728918076,0.04848000034689903,0.04463999941945076,0.0435199998319149,0.0022479405826367244,5,0.03728000074625015,0.0395519994199276,0.038060799986124036,0.03788800165057182,0.0007798022689822662,5,0.009247999638319016,0.010015999898314476,0.009644799865782261,0.009535999968647957,0.0003046561060810239,5,2048,32,4,32,1,9216,FLASHINFER,"[128, 128]","[0, 0]","[2048, 2048]",2,2,2,4,256,2,258,2048,0.5,true_mixed,True,False,True,4,0,0,False,0,0,BF16,CUDA_EVENT,generic,generic,none
0.010080000385642052,0.011839999817311764,0.010764800012111664,0.010463999584317207,0.0006140664375550343,5,0.019328000023961067,0.021088000386953354,0.019859200343489647,0.01961600035429001,0.0006433831030939732,5,0.042367998510599136,0.04800000041723251,0.0442111998796463,0.04303999990224838,0.002167003366631731,5,0.035711999982595444,0.038495998829603195,0.0367296002805233,0.03673600032925606,0.0009901189082319733,5,0.009184000082314014,0.010015999898314476,0.009548800066113472,0.009440000168979168,0.0002999134466242595,5,2048,32,4,32,1,9216,FLASHINFER,"[128, 128]","[0, 0]","[128, 128, 128, 128]",2,4,4,6,256,4,260,128,0.3333333333333333,true_mixed,True,False,True,6,0,0,False,0,0,BF16,CUDA_EVENT,generic,generic,none
0.010239999741315842,0.011648000217974186,0.010636799968779087,0.010432000271975994,0.0005126397368396632,5,0.018912000581622124,0.020735999569296837,0.019545600190758704,0.019360000267624855,0.0006521720439017951,5,0.04243199899792671,0.04966399818658829,0.045606399327516554,0.04575999826192856,0.002801591919388972,5,0.03577600046992302,0.03929600119590759,0.03681920021772385,0.03619199991226196,0.0012733592288832764,5,0.008960000239312649,0.009952000342309475,0.009574400074779988,0.009696000255644321,0.0003346410304522816,5,2048,32,4,32,1,9216,FLASHINFER,"[128, 128]","[0, 0]","[256, 256, 256, 256]",2,4,4,6,256,4,260,256,0.3333333333333333,true_mixed,True,False,True,6,0,0,False,0,0,BF16,CUDA_EVENT,generic,generic,none
0.010111999697983265,0.011776000261306763,0.010534399934113026,0.01017600018531084,0.0006333738351527236,5,0.01852799952030182,0.02163200080394745,0.019571200013160706,0.019328000023961067,0.0010881133217569793,5,0.04121600091457367,0.04787199944257736,0.043513599783182144,0.04211200028657913,0.00244881745817824,5,0.03542400151491165,0.039455998688936234,0.036844799667596816,0.03651199862360954,0.0013745250141758841,5,0.008832000195980072,0.009952000342309475,0.009356800094246864,0.009472000412642956,0.00040203020103835626,5,2048,32,4,32,1,9216,FLASHINFER,"[128, 128]","[0, 0]","[512, 512, 512, 512]",2,4,4,6,256,4,260,512,0.3333333333333333,true_mixed,True,False,True,6,0,0,False,0,0,BF16,CUDA_EVENT,generic,generic,none
0.010111999697983265,0.012543999589979649,0.01073279995471239,0.010367999784648418,0.0009126676539655382,5,0.018912000581622124,0.02579200081527233,0.02090880014002323,0.019328000023961067,0.0026130975887665568,5,0.04224000126123428,0.0488319993019104,0.04423040002584457,0.04259200021624565,0.0025127964460791553,5,0.03619199991226196,0.03951999917626381,0.03733119964599609,0.037151999771595,0.0011657138288996849,5,0.008960000239312649,0.009952000342309475,0.009337600134313107,0.009184000082314014,0.0003559919049620614,5,2048,32,4,32,1,9216,FLASHINFER,"[128, 128]","[0, 0]","[1024, 1024, 1024, 1024]",2,4,4,6,256,4,260,1024,0.3333333333333333,true_mixed,True,False,True,6,0,0,False,0,0,BF16,CUDA_EVENT,generic,generic,none
0.010143999941647053,0.01244799979031086,0.010777599737048149,0.01033599954098463,0.0008491524508299713,5,0.019328000023961067,0.022112000733613968,0.019923200458288194,0.019392000511288643,0.0010948678810299847,5,0.04214400053024292,0.04809600114822388,0.04397440031170845,0.04307200014591217,0.0022097524701416285,5,0.03718400001525879,0.03903999924659729,0.03814399987459183,0.03798399865627289,0.0006931528811819585,5,0.008991999551653862,0.010143999941647053,0.009311999753117561,0.009151999838650227,0.0004201638843668985,5,2048,32,4,32,1,9216,FLASHINFER,"[128, 128]","[0, 0]","[2048, 2048, 2048, 2048]",2,4,4,6,256,4,260,2048,0.3333333333333333,true_mixed,True,False,True,6,0,0,False,0,0,BF16,CUDA_EVENT,generic,generic,none
0.010015999898314476,0.011744000017642975,0.01047040019184351,0.010208000428974628,0.0006445914574402105,5,0.018559999763965607,0.02160000056028366,0.0198208000510931,0.019680000841617584,0.0009858080332980895,5,0.042208001017570496,0.047775998711586,0.0439423993229866,0.04281599819660187,0.0020634810679738868,5,0.036639999598264694,0.03766399994492531,0.03699840009212494,0.036928001791238785,0.00035942702404149975,5,0.009184000082314014,0.010208000428974628,0.0095040000975132,0.009440000168979168,0.00036653640835192236,5,2048,32,4,32,1,9216,FLASHINFER,"[128, 128]","[0, 0]","[128, 128, 128, 128, 128, 128, 128, 128]",2,8,8,10,256,8,264,128,0.2,true_mixed,True,False,True,10,0,0,False,0,0,BF16,CUDA_EVENT,generic,generic,none
0.0098879998549819,0.012736000120639801,0.011174399964511394,0.010463999584317207,0.0012001324352199046,5,0.01852799952030182,0.020896000787615776,0.019635200127959253,0.019648000597953796,0.0008272113170476783,5,0.04224000126123428,0.04713600128889084,0.04402560070157051,0.04358400031924248,0.001748781823315155,5,0.03542400151491165,0.0379519984126091,0.03628160059452057,0.03593600168824196,0.0008834307810452563,5,0.00863999966531992,0.009472000412642956,0.009132800064980984,0.009216000325977802,0.00030127636033707784,5,2048,32,4,32,1,9216,FLASHINFER,"[128, 128]","[0, 0]","[256, 256, 256, 256, 256, 256, 256, 256]",2,8,8,10,256,8,264,256,0.2,true_mixed,True,False,True,10,0,0,False,0,0,BF16,CUDA_EVENT,generic,generic,none
0.009983999654650688,0.011680000461637974,0.010655999928712846,0.010528000071644783,0.0005561009789508323,5,0.018912000581622124,0.020767999812960625,0.01961599998176098,0.019487999379634857,0.000668792267846554,5,0.041760001331567764,0.04620800167322159,0.043852800875902175,0.0432640016078949,0.0018116177205524935,5,0.03587200120091438,0.038975998759269714,0.03699200004339218,0.036607999354600906,0.0010483107440963121,5,0.008895999751985073,0.009920000098645687,0.009318399988114835,0.009247999638319016,0.0003334149099155515,5,2048,32,4,32,1,9216,FLASHINFER,"[128, 128]","[0, 0]","[512, 512, 512, 512, 512, 512, 512, 512]",2,8,8,10,256,8,264,512,0.2,true_mixed,True,False,True,10,0,0,False,0,0,BF16,CUDA_EVENT,generic,generic,none
0.010143999941647053,0.017055999487638474,0.012134399823844432,0.010879999957978725,0.0025950715409515743,5,0.018848000094294548,0.02115200087428093,0.01982080042362213,0.019872000440955162,0.0007708217796202943,5,0.04179200157523155,0.04732799902558327,0.04426240026950836,0.04399999976158142,0.0018691279624391806,5,0.03667199984192848,0.03859199956059456,0.03775359988212586,0.03776000067591667,0.0006349882868053937,5,0.009312000125646591,0.010080000385642052,0.009625600092113018,0.009631999768316746,0.00028362905707155216,5,2048,32,4,32,1,9216,FLASHINFER,"[128, 128]","[0, 0]","[1024, 1024, 1024, 1024, 1024, 1024, 1024, 1024]",2,8,8,10,256,8,264,1024,0.2,true_mixed,True,False,True,10,0,0,False,0,0,BF16,CUDA_EVENT,generic,generic,none
0.010015999898314476,0.012191999703645706,0.010879999771714211,0.010847999714314938,0.0007403004241996798,5,0.01945599913597107,0.020896000787615776,0.019974399730563162,0.01974399946630001,0.0005488355534734444,5,0.04233599826693535,0.0480320006608963,0.04397439956665039,0.04249599948525429,0.002188145619407084,5,0.039423998445272446,0.041471999138593674,0.040422399342060086,0.04070400074124336,0.0007710339967153866,5,0.008832000195980072,0.009696000255644321,0.009369600005447865,0.009568000212311745,0.0003364720853229594,5,2048,32,4,32,1,9216,FLASHINFER,"[128, 128]","[0, 0]","[2048, 2048, 2048, 2048, 2048, 2048, 2048, 2048]",2,8,8,10,256,8,264,2048,0.2,true_mixed,True,False,True,10,0,0,False,0,0,BF16,CUDA_EVENT,generic,generic,none
0.00979200005531311,0.01158399973064661,0.010668799839913845,0.01071999967098236,0.000576923631519045,5,0.019039999693632126,0.020735999569296837,0.019756799936294554,0.01958400011062622,0.0005668969965864769,5,0.042367998510599136,0.047839999198913574,0.04391679912805557,0.04262400045990944,0.002089440675545067,5,0.035232000052928925,0.038656000047922134,0.036524799466133115,0.03622400015592575,0.0011471186891887654,5,0.00902399979531765,0.010432000271975994,0.00963199995458126,0.00979200005531311,0.0005143946217039757,5,2048,32,4,32,1,9216,FLASHINFER,"[128, 128]","[0, 0]","[128, 128, 128, 128, 128, 128, 128, 128, 128, 128, 128, 128, 128, 128, 128, 128]",2,16,16,18,256,16,272,128,0.1111111111111111,true_mixed,True,False,True,18,0,0,False,0,0,BF16,CUDA_EVENT,generic,generic,none
0.009952000342309475,0.012927999719977379,0.010899199917912484,0.01065600011497736,0.0010525226285789415,5,0.019487999379634857,0.022272000089287758,0.02040960006415844,0.020096000283956528,0.0009658276998902173,5,0.04153599962592125,0.04992000013589859,0.04378240033984184,0.0424639992415905,0.0031226752944455457,5,0.0363520011305809,0.039583999663591385,0.03711999952793121,0.03654399886727333,0.0012355481674015687,5,0.008767999708652496,0.009920000098645687,0.00942080020904541,0.009472000412642956,0.0003696521082411022,5,2048,32,4,32,1,9216,FLASHINFER,"[128, 128]","[0, 0]","[256, 256, 256, 256, 256, 256, 256, 256, 256, 256, 256, 256, 256, 256, 256, 256]",2,16,16,18,256,16,272,256,0.1111111111111111,true_mixed,True,False,True,18,0,0,False,0,0,BF16,CUDA_EVENT,generic,generic,none
0.010143999941647053,0.01228800043463707,0.010751999914646149,0.010367999784648418,0.0007830527423356896,5,0.01865600049495697,0.021407999098300934,0.019494399800896643,0.019168000668287277,0.001007140886572794,5,0.04198399931192398,0.04636799916625023,0.043782399594783784,0.04307200014591217,0.0017633592788718541,5,0.037856001406908035,0.039903998374938965,0.038579199463129044,0.03843199834227562,0.0006992119669160488,5,0.009216000325977802,0.009472000412642956,0.009286399930715561,0.009247999638319016,9.362413215334434e-05,5,2048,32,4,32,1,9216,FLASHINFER,"[128, 128]","[0, 0]","[512, 512, 512, 512, 512, 512, 512, 512, 512, 512, 512, 512, 512, 512, 512, 512]",2,16,16,18,256,16,272,512,0.1111111111111111,true_mixed,True,False,True,18,0,0,False,0,0,BF16,CUDA_EVENT,generic,generic,none
0.009824000298976898,0.011711999773979187,0.010643200017511845,0.010623999871313572,0.0006150661724757437,5,0.019999999552965164,0.021983999758958817,0.020531199872493744,0.020128000527620316,0.0007533536517796867,5,0.04291199892759323,0.04873599857091904,0.044460800290107724,0.043616000562906265,0.002156865709030427,5,0.04137599840760231,0.04790399968624115,0.04293119981884956,0.0416640006005764,0.0025064479416928944,5,0.009312000125646591,0.010304000228643417,0.009772800095379352,0.009696000255644321,0.00038110905801028156,5,2048,32,4,32,1,9216,FLASHINFER,"[128, 128]","[0, 0]","[1024, 1024, 1024, 1024, 1024, 1024, 1024, 1024, 1024, 1024, 1024, 1024, 1024, 1024, 1024, 1024]",2,16,16,18,256,16,272,1024,0.1111111111111111,true_mixed,True,False,True,18,0,0,False,0,0,BF16,CUDA_EVENT,generic,generic,none
0.009920000098645687,0.011359999887645245,0.010547200031578541,0.010463999584317207,0.0004964023260912812,5,0.019360000267624855,0.021407999098300934,0.02006399966776371,0.019551999866962433,0.0007955071787820333,5,0.043136000633239746,0.046720001846551895,0.04501120075583458,0.045184001326560974,0.0014761128760406679,5,0.056352000683546066,0.05942400172352791,0.05786240100860596,0.05772799998521805,0.0013402464119157663,5,0.0014400000218302011,0.0014720000326633453,0.00144640002399683,0.0014400000218302011,1.2800004333257677e-05,5,2048,32,4,32,1,9216,FLASHINFER,"[128, 128]","[0, 0]","[2048, 2048, 2048, 2048, 2048, 2048, 2048, 2048, 2048, 2048, 2048, 2048, 2048, 2048, 2048, 2048]",2,16,16,18,256,16,272,2048,0.1111111111111111,true_mixed,True,False,True,18,0,0,False,0,0,BF16,CUDA_EVENT,generic,generic,none
0.010208000428974628,0.012415999546647072,0.01073279995471239,0.010239999741315842,0.0008513682193421499,5,0.019231999292969704,0.02131200022995472,0.01985919997096062,0.01958400011062622,0.0007718838414750654,5,0.04179200157523155,0.04771199822425842,0.04449919983744621,0.04447999969124794,0.0020360240056386306,5,0.03699199855327606,0.040383998304605484,0.03802879974246025,0.03731200098991394,0.0012693311682954187,5,0.009216000325977802,0.009855999611318111,0.009388800151646138,0.009312000125646591,0.00023912346564511849,5,2048,32,4,32,1,9216,FLASHINFER,"[128, 128]","[0, 0]","[128, 128, 128, 128, 128, 128, 128, 128, 128, 128, 128, 128, 128, 128, 128, 128, 128, 128, 128, 128, 128, 128, 128, 128, 128, 128, 128, 128, 128, 128, 128, 128]",2,32,32,34,256,32,288,128,0.058823529411764705,true_mixed,True,False,True,34,0,0,False,0,0,BF16,CUDA_EVENT,generic,generic,none
0.009824000298976898,0.011008000001311302,0.010380800068378448,0.01027199998497963,0.0004040624539539338,5,0.019360000267624855,0.02070399932563305,0.019680000096559524,0.01942400075495243,0.0005167773067501672,5,0.04275200143456459,0.04848000034689903,0.044230400770902636,0.043136000633239746,0.002151428164570053,5,0.03855999931693077,0.03999999910593033,0.03925760015845299,0.039264000952243805,0.00045633382437110703,5,0.009151999838650227,0.015456000342965126,0.010745599865913391,0.009503999724984169,0.002383293551444339,5,2048,32,4,32,1,9216,FLASHINFER,"[128, 128]","[0, 0]","[256, 256, 256, 256, 256, 256, 256, 256, 256, 256, 256, 256, 256, 256, 256, 256, 256, 256, 256, 256, 256, 256, 256, 256, 256, 256, 256, 256, 256, 256, 256, 256]",2,32,32,34,256,32,288,256,0.058823529411764705,true_mixed,True,False,True,34,0,0,False,0,0,BF16,CUDA_EVENT,generic,generic,none
0.009664000011980534,0.013535999692976475,0.010873599722981454,0.01033599954098463,0.0013653766196345598,5,0.018880000337958336,0.02191999927163124,0.019846400246024132,0.019551999866962433,0.001073865368226107,5,0.04307200014591217,0.049375999718904495,0.0444863997399807,0.04310400038957596,0.002460914336404494,5,0.041471999138593674,0.04374400153756142,0.04279039949178696,0.04294399917125702,0.0007345801133896659,5,0.009088000282645226,0.009855999611318111,0.009497600048780442,0.009600000455975533,0.0003202558125397325,5,2048,32,4,32,1,9216,FLASHINFER,"[128, 128]","[0, 0]","[512, 512, 512, 512, 512, 512, 512, 512, 512, 512, 512, 512, 512, 512, 512, 512, 512, 512, 512, 512, 512, 512, 512, 512, 512, 512, 512, 512, 512, 512, 512, 512]",2,32,32,34,256,32,288,512,0.058823529411764705,true_mixed,True,False,True,34,0,0,False,0,0,BF16,CUDA_EVENT,generic,generic,none
0.01027199998497963,0.011839999817311764,0.010687999986112117,0.010367999784648418,0.0005917836676441338,5,0.020031999796628952,0.02147199958562851,0.02067199982702732,0.020800000056624413,0.0005546255209844378,5,0.04243199899792671,0.04710400104522705,0.04408319965004921,0.04364800080657005,0.0016468787568664541,5,0.05772799998521805,0.0594559982419014,0.05858559980988502,0.05859199911355972,0.0007113502395959588,5,0.0014400000218302011,0.0014720000326633453,0.0014528000261634587,0.0014400000218302011,1.5676739660947454e-05,5,2048,32,4,32,1,9216,FLASHINFER,"[128, 128]","[0, 0]","[1024, 1024, 1024, 1024, 1024, 1024, 1024, 1024, 1024, 1024, 1024, 1024, 1024, 1024, 1024, 1024, 1024, 1024, 1024, 1024, 1024, 1024, 1024, 1024, 1024, 1024, 1024, 1024, 1024, 1024, 1024, 1024]",2,32,32,34,256,32,288,1024,0.058823529411764705,true_mixed,True,False,True,34,0,0,False,0,0,BF16,CUDA_EVENT,generic,generic,none
0.0014400000218302011,0.013248000293970108,0.003820800082758069,0.0014720000326633453,0.004713616398867549,5,0.019807999953627586,0.02271999977529049,0.020518400147557257,0.020096000283956528,0.0011102476795371954,5,0.04297599941492081,0.049855999648571014,0.044582399725914004,0.04339199885725975,0.0026415335673458515,5,0.07673600316047668,0.08012799918651581,0.07874560058116913,0.07923199981451035,0.0011538460935167348,5,0.0014400000218302011,0.0014720000326633453,0.00144640002399683,0.0014400000218302011,1.2800004333257675e-05,5,2048,32,4,32,1,9216,FLASHINFER,"[128, 128]","[0, 0]","[2048, 2048, 2048, 2048, 2048, 2048, 2048, 2048, 2048, 2048, 2048, 2048, 2048, 2048, 2048, 2048, 2048, 2048, 2048, 2048, 2048, 2048, 2048, 2048, 2048, 2048, 2048, 2048, 2048, 2048, 2048, 2048]",2,32,32,34,256,32,288,2048,0.058823529411764705,true_mixed,True,False,True,34,0,0,False,0,0,BF16,CUDA_EVENT,generic,generic,none
0.010239999741315842,0.011711999773979187,0.010636799968779087,0.010400000028312206,0.0005417741930062915,5,0.018464000895619392,0.021568000316619873,0.0193792000412941,0.018751999363303185,0.0011363561518401395,5,0.04163200035691261,0.04841599985957146,0.04341759979724884,0.04195199906826019,0.002584395679257555,5,0.03484800085425377,0.03721600025892258,0.035475199669599534,0.03510399907827377,0.0008769637173243489,5,0.008832000195980072,0.00940799992531538,0.009094399958848953,0.008991999551653862,0.00021456702169431256,5,2048,32,4,32,1,9216,FLASHINFER,"[128, 128]","[0, 0]","[128, 128, 128, 128, 128, 128, 128, 128, 128, 128, 128, 128, 128, 128, 128, 128, 128, 128, 128, 128, 128, 128, 128, 128, 128, 128, 128, 128, 128, 128, 128, 128, 128, 128, 128, 128, 128, 128, 128, 128, 128, 128, 128, 128, 128, 128, 128, 128, 128, 128, 128, 128, 128, 128, 128, 128, 128, 128, 128, 128, 128, 128, 128, 128]",2,64,64,66,256,64,320,128,0.030303030303030304,true_mixed,True,False,True,66,0,0,False,0,0,BF16,CUDA_EVENT,generic,generic,none
0.009983999654650688,0.011872000060975552,0.010412799939513207,0.010048000141978264,0.0007307220057780442,5,0.018751999363303185,0.020576000213623047,0.019456000253558158,0.018912000581622124,0.000747458737121694,5,0.04092799872159958,0.047839999198913574,0.0436223991215229,0.04307200014591217,0.002275863847215999,5,0.03840000182390213,0.04575999826192856,0.0402368001639843,0.0390079990029335,0.0027763452661703674,5,0.008704000152647495,0.009568000212311745,0.00922240000218153,0.009247999638319016,0.0003118316658401742,5,2048,32,4,32,1,9216,FLASHINFER,"[128, 128]","[0, 0]","[256, 256, 256, 256, 256, 256, 256, 256, 256, 256, 256, 256, 256, 256, 256, 256, 256, 256, 256, 256, 256, 256, 256, 256, 256, 256, 256, 256, 256, 256, 256, 256, 256, 256, 256, 256, 256, 256, 256, 256, 256, 256, 256, 256, 256, 256, 256, 256, 256, 256, 256, 256, 256, 256, 256, 256, 256, 256, 256, 256, 256, 256, 256, 256]",2,64,64,66,256,64,320,256,0.030303030303030304,true_mixed,True,False,True,66,0,0,False,0,0,BF16,CUDA_EVENT,generic,generic,none
0.009344000369310379,0.01142400037497282,0.010304000042378903,0.010495999827980995,0.0007355824678442956,5,0.019487999379634857,0.020640000700950623,0.019980800151824952,0.019840000197291374,0.0004455249639168273,5,0.04227200150489807,0.046751998364925385,0.04373119994997978,0.04307200014591217,0.0015908334461309914,5,0.05315199866890907,0.05459199845790863,0.05365759953856468,0.05350400134921074,0.000540563196700108,5,0.001408000010997057,0.0014400000218302011,0.0014272000174969436,0.0014400000218302011,1.5676739660947454e-05,5,2048,32,4,32,1,9216,FLASHINFER,"[128, 128]","[0, 0]","[512, 512, 512, 512, 512, 512, 512, 512, 512, 512, 512, 512, 512, 512, 512, 512, 512, 512, 512, 512, 512, 512, 512, 512, 512, 512, 512, 512, 512, 512, 512, 512, 512, 512, 512, 512, 512, 512, 512, 512, 512, 512, 512, 512, 512, 512, 512, 512, 512, 512, 512, 512, 512, 512, 512, 512, 512, 512, 512, 512, 512, 512, 512, 512]",2,64,64,66,256,64,320,512,0.030303030303030304,true_mixed,True,False,True,66,0,0,False,0,0,BF16,CUDA_EVENT,generic,generic,none
0.0014400000218302011,0.018015999346971512,0.005030399886891246,0.0014720000326633453,0.006513313406307849,5,0.019231999292969704,0.021536000072956085,0.020243199542164803,0.020191999152302742,0.000739082482230732,5,0.043136000633239746,0.049247998744249344,0.045024000108242035,0.043327998369932175,0.002408815493302175,5,0.07251200079917908,0.07481600344181061,0.07388800084590912,0.07388799637556076,0.000857218845587925,5,0.001408000010997057,0.0014400000218302011,0.0014336000196635724,0.0014400000218302011,1.2800004333257677e-05,5,2048,32,4,32,1,9216,FLASHINFER,"[128, 128]","[0, 0]","[1024, 1024, 1024, 1024, 1024, 1024, 1024, 1024, 1024, 1024, 1024, 1024, 1024, 1024, 1024, 1024, 1024, 1024, 1024, 1024, 1024, 1024, 1024, 1024, 1024, 1024, 1024, 1024, 1024, 1024, 1024, 1024, 1024, 1024, 1024, 1024, 1024, 1024, 1024, 1024, 1024, 1024, 1024, 1024, 1024, 1024, 1024, 1024, 1024, 1024, 1024, 1024, 1024, 1024, 1024, 1024, 1024, 1024, 1024, 1024, 1024, 1024, 1024, 1024]",2,64,64,66,256,64,320,1024,0.030303030303030304,true_mixed,True,False,True,66,0,0,False,0,0,BF16,CUDA_EVENT,generic,generic,none
0.0014400000218302011,0.010944000445306301,0.003340800106525421,0.0014400000218302011,0.0038016001693904396,5,0.008063999935984612,0.020767999812960625,0.01069439984858036,0.00825599953532219,0.005037552146920028,5,0.029888000339269638,0.05331199988722801,0.03578240051865578,0.03142400085926056,0.008836089179527247,5,0.10684800148010254,0.10972800105810165,0.10874880105257034,0.1090880036354065,0.001008197759675109,5,0.001408000010997057,0.0014720000326633453,0.0014400000218302011,0.0014400000218302011,2.0238583876559597e-05,5,2048,32,4,32,1,9216,FLASHINFER,"[128, 128]","[0, 0]","[2048, 2048, 2048, 2048, 2048, 2048, 2048, 2048, 2048, 2048, 2048, 2048, 2048, 2048, 2048, 2048, 2048, 2048, 2048, 2048, 2048, 2048, 2048, 2048, 2048, 2048, 2048, 2048, 2048, 2048, 2048, 2048, 2048, 2048, 2048, 2048, 2048, 2048, 2048, 2048, 2048, 2048, 2048, 2048, 2048, 2048, 2048, 2048, 2048, 2048, 2048, 2048, 2048, 2048, 2048, 2048, 2048, 2048, 2048, 2048, 2048, 2048, 2048, 2048]",2,64,64,66,256,64,320,2048,0.030303030303030304,true_mixed,True,False,True,66,0,0,False,0,0,BF16,CUDA_EVENT,generic,generic,none
0.009855999611318111,0.011359999887645245,0.010438399948179721,0.010111999697983265,0.0005926137866770286,5,0.019200000911951065,0.021183999255299568,0.019833599776029588,0.019487999379634857,0.0007020770460651214,5,0.043296001851558685,0.04800000041723251,0.04469760060310364,0.044256001710891724,0.0017291137383149897,5,0.0360959991812706,0.03798399865627289,0.03704959973692894,0.036768000572919846,0.000722208261247169,5,0.008927999995648861,0.010015999898314476,0.009523200057446956,0.00940799992531538,0.00040960003971125244,5,2048,32,4,32,1,9216,FLASHINFER,"[256, 256]","[0, 0]",[128],2,1,1,3,512,1,513,128,0.6666666666666666,true_mixed,True,False,True,3,0,0,False,0,0,BF16,CUDA_EVENT,generic,generic,none
0.00979200005531311,0.012927999719977379,0.01068159993737936,0.01027199998497963,0.0011540247886392657,5,0.018688000738620758,0.021695999428629875,0.019571200385689734,0.019200000911951065,0.0010849080461754971,5,0.043007999658584595,0.04819199815392494,0.044467199593782425,0.04358400031924248,0.0019047495625541186,5,0.036159999668598175,0.038943998515605927,0.03688960000872612,0.036320000886917114,0.001048193486760609,5,0.008671999908983707,0.013344000093638897,0.009913599863648415,0.009119999594986439,0.0017327816583529373,5,2048,32,4,32,1,9216,FLASHINFER,"[256, 256]","[0, 0]",[256],2,1,1,3,512,1,513,256,0.6666666666666666,true_mixed,True,False,True,3,0,0,False,0,0,BF16,CUDA_EVENT,generic,generic,none
0.009759999811649323,0.011264000087976456,0.010348800010979176,0.010048000141978264,0.000569420221627566,5,0.018783999606966972,0.02035200037062168,0.019424000382423402,0.01942400075495243,0.000562690832208805,5,0.04259200021624565,0.04870399832725525,0.04538239985704422,0.04412800073623657,0.0024046792111708346,5,0.03561599925160408,0.0390079990029335,0.037177599221467975,0.036639999598264694,0.0012160673880838113,5,0.008991999551653862,0.010208000428974628,0.00945919994264841,0.009375999681651592,0.00041159536711285764,5,2048,32,4,32,1,9216,FLASHINFER,"[256, 256]","[0, 0]",[512],2,1,1,3,512,1,513,512,0.6666666666666666,true_mixed,True,False,True,3,0,0,False,0,0,BF16,CUDA_EVENT,generic,generic,none
0.009696000255644321,0.011744000017642975,0.010585599951446057,0.010367999784648418,0.0006852483840546161,5,0.018912000581622124,0.021023999899625778,0.019596800580620764,0.019200000911951065,0.0007514479796612115,5,0.043007999658584595,0.04992000013589859,0.04462080076336861,0.0432640016078949,0.0026584737430709374,5,0.036288000643253326,0.04032000154256821,0.037459200620651244,0.03657599911093712,0.0015265849201874652,5,0.008832000195980072,0.010239999741315842,0.009343999996781349,0.009216000325977802,0.00047592928586275555,5,2048,32,4,32,1,9216,FLASHINFER,"[256, 256]","[0, 0]",[1024],2,1,1,3,512,1,513,1024,0.6666666666666666,true_mixed,True,False,True,3,0,0,False,0,0,BF16,CUDA_EVENT,generic,generic,none
0.009952000342309475,0.01142400037497282,0.010451200045645237,0.010367999784648418,0.0005138368273312475,5,0.01881599985063076,0.020735999569296837,0.019539199769496918,0.01945599913597107,0.0006519208208164139,5,0.04243199899792671,0.04790399968624115,0.04433919936418533,0.04355200007557869,0.001887034489290097,5,0.03587200120091438,0.03884800150990486,0.03699200078845024,0.03641600161790848,0.0011112804801960356,5,0.009184000082314014,0.01056000031530857,0.009855999983847142,0.00979200005531311,0.0004457085155796319,5,2048,32,4,32,1,9216,FLASHINFER,"[256, 256]","[0, 0]",[2048],2,1,1,3,512,1,513,2048,0.6666666666666666,true_mixed,True,False,True,3,0,0,False,0,0,BF16,CUDA_EVENT,generic,generic,none
0.009824000298976898,0.012703999876976013,0.010809599980711937,0.010400000028312206,0.000992598440597358,5,0.019200000911951065,0.02208000048995018,0.02006400004029274,0.019519999623298645,0.0010430234452932286,5,0.0435199998319149,0.0490880012512207,0.04493440091609955,0.04419200122356415,0.0020977363250544484,5,0.03577600046992302,0.03999999910593033,0.037011200189590455,0.03667199984192848,0.0015494868751310625,5,0.00886400043964386,0.01027199998497963,0.009529600106179714,0.009440000168979168,0.0005193078437946767,5,2048,32,4,32,1,9216,FLASHINFER,"[256, 256]","[0, 0]","[128, 128]",2,2,2,4,512,2,514,128,0.5,true_mixed,True,False,True,4,0,0,False,0,0,BF16,CUDA_EVENT,generic,generic,none
0.009920000098645687,0.012799999676644802,0.010643200017511845,0.01017600018531084,0.0010837751485945329,5,0.01913600042462349,0.02115200087428093,0.019833600148558617,0.019487999379634857,0.0007222084197065397,5,0.04287999868392944,0.04931199923157692,0.0449599988758564,0.043807998299598694,0.0023291957705102394,5,0.03606399893760681,0.03916800022125244,0.037171199917793274,0.03680000081658363,0.001064903392811276,5,0.00940799992531538,0.009920000098645687,0.009625600092113018,0.009568000212311745,0.00018920628358205219,5,2048,32,4,32,1,9216,FLASHINFER,"[256, 256]","[0, 0]","[256, 256]",2,2,2,4,512,2,514,256,0.5,true_mixed,True,False,True,4,0,0,False,0,0,BF16,CUDA_EVENT,generic,generic,none
0.009727999567985535,0.012640000320971012,0.010585599951446057,0.010111999697983265,0.0010491708519305162,5,0.019007999449968338,0.022624000906944275,0.019846400246024132,0.019168000668287277,0.0013938786238829924,5,0.0432640016078949,0.04879999905824661,0.04467840045690537,0.043776001781225204,0.002071207741059148,5,0.03641600161790848,0.044096000492572784,0.03871360048651695,0.036768000572919846,0.002933155547070171,5,0.009056000038981438,0.009696000255644321,0.009311999939382077,0.009247999638319016,0.0002179762192766965,5,2048,32,4,32,1,9216,FLASHINFER,"[256, 256]","[0, 0]","[512, 512]",2,2,2,4,512,2,514,512,0.5,true_mixed,True,False,True,4,0,0,False,0,0,BF16,CUDA_EVENT,generic,generic,none
0.009664000011980534,0.012671999633312225,0.010623999871313572,0.010367999784648418,0.0010584213429698115,5,0.01894400082528591,0.021344000473618507,0.019596799835562707,0.019007999449968338,0.0009191525261442166,5,0.0432640016078949,0.04825599864125252,0.04556799978017807,0.04636799916625023,0.0019033940234254312,5,0.03561599925160408,0.037728000432252884,0.03646720051765442,0.0363520011305809,0.0007609276885904778,5,0.00863999966531992,0.010080000385642052,0.009446400031447411,0.009568000212311745,0.0005529247749364805,5,2048,32,4,32,1,9216,FLASHINFER,"[256, 256]","[0, 0]","[1024, 1024]",2,2,2,4,512,2,514,1024,0.5,true_mixed,True,False,True,4,0,0,False,0,0,BF16,CUDA_EVENT,generic,generic,none
0.009631999768316746,0.012640000320971012,0.010470400005578995,0.0098879998549819,0.0011059972190729764,5,0.019071999937295914,0.021407999098300934,0.019571200013160706,0.0191040001809597,0.0009195973865345963,5,0.043327998369932175,0.047648001462221146,0.044646399468183516,0.044064000248909,0.0015357876716478364,5,0.03641600161790848,0.042399998754262924,0.03861119970679283,0.038015998899936676,0.0020022482655366494,5,0.008799999952316284,0.009664000011980534,0.00923519991338253,0.009184000082314014,0.00028948951996703366,5,2048,32,4,32,1,9216,FLASHINFER,"[256, 256]","[0, 0]","[2048, 2048]",2,2,2,4,512,2,514,2048,0.5,true_mixed,True,False,True,4,0,0,False,0,0,BF16,CUDA_EVENT,generic,generic,none
0.009824000298976898,0.012864000163972378,0.01055999994277954,0.009983999654650688,0.001160678514817572,5,0.018624000251293182,0.02115200087428093,0.019443200156092643,0.019168000668287277,0.0008839420585886585,5,0.042847998440265656,0.04873599857091904,0.04445439949631691,0.04307200014591217,0.0022245313753137524,5,0.03638400137424469,0.03891199827194214,0.03721600025892258,0.03680000081658363,0.0008849594896851172,5,0.008960000239312649,0.009952000342309475,0.009440000168979168,0.009375999681651592,0.0003231842028868008,5,2048,32,4,32,1,9216,FLASHINFER,"[256, 256]","[0, 0]","[128, 128, 128, 128]",2,4,4,6,512,4,516,128,0.3333333333333333,true_mixed,True,False,True,6,0,0,False,0,0,BF16,CUDA_EVENT,generic,generic,none
0.010111999697983265,0.011327999643981457,0.01047039981931448,0.01033599954098463,0.00044497257138644225,5,0.019168000668287277,0.022175999358296394,0.02006400004029274,0.019680000841617584,0.0010919453780163498,5,0.042688000947237015,0.04771199822425842,0.044595199078321456,0.04390399903059006,0.0019279404210437903,5,0.036159999668598175,0.0390079990029335,0.03736319914460182,0.03718400001525879,0.0009346189936663593,5,0.008927999995648861,0.00979200005531311,0.009465600177645684,0.009600000455975533,0.00029495609657137934,5,2048,32,4,32,1,9216,FLASHINFER,"[256, 256]","[0, 0]","[256, 256, 256, 256]",2,4,4,6,512,4,516,256,0.3333333333333333,true_mixed,True,False,True,6,0,0,False,0,0,BF16,CUDA_EVENT,generic,generic,none
0.009696000255644321,0.01119999960064888,0.010342399962246418,0.01027199998497963,0.0004938377009825477,5,0.018783999606966972,0.021088000386953354,0.01937279999256134,0.019007999449968338,0.0008663909846565964,5,0.04342399910092354,0.04729599878191948,0.04450559988617897,0.043807998299598694,0.0014180582000695309,5,0.03558399900794029,0.03859199956059456,0.03664639964699745,0.03667199984192848,0.0010946434370744328,5,0.008991999551653862,0.009855999611318111,0.009337599761784077,0.009279999881982803,0.0002935640202356566,5,2048,32,4,32,1,9216,FLASHINFER,"[256, 256]","[0, 0]","[512, 512, 512, 512]",2,4,4,6,512,4,516,512,0.3333333333333333,true_mixed,True,False,True,6,0,0,False,0,0,BF16,CUDA_EVENT,generic,generic,none
0.009855999611318111,0.013248000293970108,0.010713599994778633,0.010015999898314476,0.0012815032959231588,5,0.019007999449968338,0.021856000646948814,0.019891199842095374,0.01961600035429001,0.0010140722832895528,5,0.04275200143456459,0.04947200044989586,0.044684800505638125,0.04364800080657005,0.0024543476467226454,5,0.03667199984192848,0.03948799893260002,0.0375231996178627,0.03711999952793121,0.0010314921540713934,5,0.008895999751985073,0.0098879998549819,0.009279999881982803,0.009216000325977802,0.0003522908490258392,5,2048,32,4,32,1,9216,FLASHINFER,"[256, 256]","[0, 0]","[1024, 1024, 1024, 1024]",2,4,4,6,512,4,516,1024,0.3333333333333333,true_mixed,True,False,True,6,0,0,False,0,0,BF16,CUDA_EVENT,generic,generic,none
0.009983999654650688,0.012736000120639801,0.01081599984318018,0.01065600011497736,0.0010105113199720456,5,0.01913600042462349,0.021376000717282295,0.01977600045502186,0.019551999866962433,0.0008218458063951307,5,0.04259200021624565,0.047680001705884933,0.044204800575971606,0.043776001781225204,0.001796520533738,5,0.03728000074625015,0.038816001266241074,0.03795200064778328,0.037856001406908035,0.0005285333446688912,5,0.009216000325977802,0.009920000098645687,0.009523200057446956,0.009472000412642956,0.00023997861532133933,5,2048,32,4,32,1,9216,FLASHINFER,"[256, 256]","[0, 0]","[2048, 2048, 2048, 2048]",2,4,4,6,512,4,516,2048,0.3333333333333333,true_mixed,True,False,True,6,0,0,False,0,0,BF16,CUDA_EVENT,generic,generic,none
0.009855999611318111,0.013472000136971474,0.01073279995471239,0.009920000098645687,0.0013919964286804565,5,0.01926399953663349,0.021727999672293663,0.01993599981069565,0.019328000023961067,0.0009442982273268371,5,0.04297599941492081,0.05164799839258194,0.04563839957118034,0.04374400153756142,0.0032393985168332013,5,0.03513599932193756,0.037856001406908035,0.036550399661064145,0.037087999284267426,0.0010310563468580818,5,0.008767999708652496,0.010143999941647053,0.009465599991381168,0.009344000369310379,0.0004696048375847714,5,2048,32,4,32,1,9216,FLASHINFER,"[256, 256]","[0, 0]","[128, 128, 128, 128, 128, 128, 128, 128]",2,8,8,10,512,8,520,128,0.2,true_mixed,True,False,True,10,0,0,False,0,0,BF16,CUDA_EVENT,generic,generic,none
0.009920000098645687,0.013248000293970108,0.010860800184309483,0.010304000228643417,0.001209515395602537,5,0.01865600049495697,0.020864000543951988,0.019539200514554978,0.019360000267624855,0.0007332400298398931,5,0.0427200011909008,0.04838399961590767,0.04444160014390945,0.04387199878692627,0.0020424321343022046,5,0.03593600168824196,0.03884800150990486,0.03685120046138764,0.03654399886727333,0.001027713567185294,5,0.009151999838650227,0.00979200005531311,0.009420800022780895,0.009375999681651592,0.00021284218155448556,5,2048,32,4,32,1,9216,FLASHINFER,"[256, 256]","[0, 0]","[256, 256, 256, 256, 256, 256, 256, 256]",2,8,8,10,512,8,520,256,0.2,true_mixed,True,False,True,10,0,0,False,0,0,BF16,CUDA_EVENT,generic,generic,none
0.009568000212311745,0.012512000277638435,0.010566400177776814,0.010208000428974628,0.0010284702338152296,5,0.01897599920630455,0.022272000089287758,0.020096000283956528,0.019936000928282738,0.0011473685701129711,5,0.04303999990224838,0.04918399825692177,0.044703999906778334,0.04364800080657005,0.0023079957720721126,5,0.036607999354600906,0.038943998515605927,0.03736319988965988,0.03699199855327606,0.0008242340140207875,5,0.008671999908983707,0.00979200005531311,0.00927360001951456,0.009312000125646591,0.00036731770226486663,5,2048,32,4,32,1,9216,FLASHINFER,"[256, 256]","[0, 0]","[512, 512, 512, 512, 512, 512, 512, 512]",2,8,8,10,512,8,520,512,0.2,true_mixed,True,False,True,10,0,0,False,0,0,BF16,CUDA_EVENT,generic,generic,none
0.010111999697983265,0.012896000407636166,0.010995200090110301,0.010688000358641148,0.000996552292258968,5,0.019328000023961067,0.02332800067961216,0.020499200001358985,0.020031999796628952,0.001437594754332121,5,0.04323200136423111,0.04944000020623207,0.04488960057497025,0.04374400153756142,0.002323508351250639,5,0.03728000074625015,0.03907199949026108,0.038112000375986096,0.03807999938726425,0.0006074942859579034,5,0.008960000239312649,0.009535999968647957,0.009305600076913834,0.009440000168979168,0.00023549897385271337,5,2048,32,4,32,1,9216,FLASHINFER,"[256, 256]","[0, 0]","[1024, 1024, 1024, 1024, 1024, 1024, 1024, 1024]",2,8,8,10,512,8,520,1024,0.2,true_mixed,True,False,True,10,0,0,False,0,0,BF16,CUDA_EVENT,generic,generic,none
0.009759999811649323,0.012640000320971012,0.010534399934113026,0.009983999654650688,0.0010812782118671807,5,0.019231999292969704,0.02179200015962124,0.019948799908161164,0.01945599913597107,0.0009455122015620127,5,0.043007999658584595,0.04838399961590767,0.04442239925265312,0.04342399910092354,0.002002842308803632,5,0.04179200157523155,0.04505600035190582,0.04277120009064674,0.042367998510599136,0.0011982880797725042,5,0.009151999838650227,0.009535999968647957,0.009356800094246864,0.009440000168979168,0.00015754932535293848,5,2048,32,4,32,1,9216,FLASHINFER,"[256, 256]","[0, 0]","[2048, 2048, 2048, 2048, 2048, 2048, 2048, 2048]",2,8,8,10,512,8,520,2048,0.2,true_mixed,True,False,True,10,0,0,False,0,0,BF16,CUDA_EVENT,generic,generic,none
0.009952000342309475,0.012575999833643436,0.010726400278508663,0.010208000428974628,0.0009711141213225034,5,0.019071999937295914,0.022304000332951546,0.020102399960160257,0.019711999222636223,0.0011739072884559623,5,0.043327998369932175,0.05167999863624573,0.046380799263715744,0.044256001710891724,0.003274060937088899,5,0.035551998764276505,0.03993599861860275,0.03673599883913994,0.03596799820661545,0.0016328153289431595,5,0.008927999995648861,0.009696000255644321,0.009228800050914287,0.008991999551653862,0.00034441300642187487,5,2048,32,4,32,1,9216,FLASHINFER,"[256, 256]","[0, 0]","[128, 128, 128, 128, 128, 128, 128, 128, 128, 128, 128, 128, 128, 128, 128, 128]",2,16,16,18,512,16,528,128,0.1111111111111111,true_mixed,True,False,True,18,0,0,False,0,0,BF16,CUDA_EVENT,generic,generic,none
0.009920000098645687,0.012191999703645706,0.010649600066244602,0.010528000071644783,0.0008318521512911474,5,0.01913600042462349,0.02239999920129776,0.020204799994826318,0.019840000197291374,0.0011322028536340995,5,0.04294399917125702,0.047807998955249786,0.044607999920845035,0.04355200007557869,0.0017769654558338012,5,0.03593600168824196,0.03907199949026108,0.037184000760316846,0.03680000081658363,0.0010494823015647441,5,0.009056000038981438,0.009920000098645687,0.009503999911248683,0.009503999724984169,0.0003464285556454693,5,2048,32,4,32,1,9216,FLASHINFER,"[256, 256]","[0, 0]","[256, 256, 256, 256, 256, 256, 256, 256, 256, 256, 256, 256, 256, 256, 256, 256]",2,16,16,18,512,16,528,256,0.1111111111111111,true_mixed,True,False,True,18,0,0,False,0,0,BF16,CUDA_EVENT,generic,generic,none
0.009983999654650688,0.012256000190973282,0.010617599822580814,0.010239999741315842,0.000852041888024977,5,0.01894400082528591,0.022495999932289124,0.019923199713230134,0.019487999379634857,0.0013197973486296917,5,0.04294399917125702,0.04915200173854828,0.04472960084676743,0.04368000105023384,0.002292898276060484,5,0.03743999823927879,0.040063999593257904,0.03819519951939583,0.03766399994492531,0.0009783005147406866,5,0.009119999594986439,0.00979200005531311,0.009350399859249592,0.009247999638319016,0.0002354992168280771,5,2048,32,4,32,1,9216,FLASHINFER,"[256, 256]","[0, 0]","[512, 512, 512, 512, 512, 512, 512, 512, 512, 512, 512, 512, 512, 512, 512, 512]",2,16,16,18,512,16,528,512,0.1111111111111111,true_mixed,True,False,True,18,0,0,False,0,0,BF16,CUDA_EVENT,generic,generic,none
0.0098879998549819,0.01244799979031086,0.010604799911379813,0.01033599954098463,0.0009468106730035154,5,0.01913600042462349,0.021568000316619873,0.020083200186491013,0.0197759997099638,0.0008513685581925585,5,0.04310400038957596,0.048287998884916306,0.04456320032477379,0.04364800080657005,0.0019338797705899787,5,0.04281599819660187,0.04483199864625931,0.0438400000333786,0.043776001781225204,0.0007510119625915819,5,0.008832000195980072,0.009344000369310379,0.00919680017977953,0.009312000125646591,0.00019580240951990165,5,2048,32,4,32,1,9216,FLASHINFER,"[256, 256]","[0, 0]","[1024, 1024, 1024, 1024, 1024, 1024, 1024, 1024, 1024, 1024, 1024, 1024, 1024, 1024, 1024, 1024]",2,16,16,18,512,16,528,1024,0.1111111111111111,true_mixed,True,False,True,18,0,0,False,0,0,BF16,CUDA_EVENT,generic,generic,none
0.009952000342309475,0.012671999633312225,0.01066880002617836,0.01017600018531084,0.001015686011881336,5,0.01945599913597107,0.02195199951529503,0.020364799723029136,0.019807999953627586,0.0009791373037324079,5,0.04371200129389763,0.04745600000023842,0.04517119973897934,0.044415999203920364,0.001459508437415244,5,0.05724800005555153,0.059487998485565186,0.05852160006761551,0.05852799862623215,0.0007370841246180269,5,0.0014720000326633453,0.0014720000326633453,0.0014720000326633453,0.0014720000326633453,0.0,5,2048,32,4,32,1,9216,FLASHINFER,"[256, 256]","[0, 0]","[2048, 2048, 2048, 2048, 2048, 2048, 2048, 2048, 2048, 2048, 2048, 2048, 2048, 2048, 2048, 2048]",2,16,16,18,512,16,528,2048,0.1111111111111111,true_mixed,True,False,True,18,0,0,False,0,0,BF16,CUDA_EVENT,generic,generic,none
0.009664000011980534,0.01196799986064434,0.010387199930846691,0.010111999697983265,0.0008114634474897909,5,0.01945599913597107,0.021856000646948814,0.02017279975116253,0.019999999552965164,0.0008783640716629347,5,0.042688000947237015,0.04851200059056282,0.044249600172042845,0.04307200014591217,0.0021679286546735263,5,0.03641600161790848,0.038495998829603195,0.03720320090651512,0.036928001791238785,0.0007154263194399055,5,0.008671999908983707,0.009759999811649323,0.00927360001951456,0.009344000369310379,0.00035135938169690437,5,2048,32,4,32,1,9216,FLASHINFER,"[256, 256]","[0, 0]","[128, 128, 128, 128, 128, 128, 128, 128, 128, 128, 128, 128, 128, 128, 128, 128, 128, 128, 128, 128, 128, 128, 128, 128, 128, 128, 128, 128, 128, 128, 128, 128]",2,32,32,34,512,32,544,128,0.058823529411764705,true_mixed,True,False,True,34,0,0,False,0,0,BF16,CUDA_EVENT,generic,generic,none
0.009568000212311745,0.013279999606311321,0.010745599865913391,0.01033599954098463,0.0013058821515162674,5,0.019039999693632126,0.022495999932289124,0.02022399976849556,0.0197759997099638,0.0011978434401934228,5,0.04249599948525429,0.049984000623226166,0.044985600560903546,0.04320000112056732,0.00280889312137638,5,0.03907199949026108,0.040800001472234726,0.03982080072164536,0.03964800015091896,0.0006203714206249797,5,0.00902399979531765,0.009727999567985535,0.009337599948048591,0.009312000125646591,0.0002389522939614117,5,2048,32,4,32,1,9216,FLASHINFER,"[256, 256]","[0, 0]","[256, 256, 256, 256, 256, 256, 256, 256, 256, 256, 256, 256, 256, 256, 256, 256, 256, 256, 256, 256, 256, 256, 256, 256, 256, 256, 256, 256, 256, 256, 256, 256]",2,32,32,34,512,32,544,256,0.058823529411764705,true_mixed,True,False,True,34,0,0,False,0,0,BF16,CUDA_EVENT,generic,generic,none
0.00979200005531311,0.01235199999064207,0.010611199960112571,0.01027199998497963,0.000928022034115821,5,0.01929599978029728,0.021727999672293663,0.02022400014102459,0.019872000440955162,0.0008676661837337419,5,0.04297599941492081,0.0490880012512207,0.04477439969778061,0.043807998299598694,0.0022031629487251235,5,0.04416000097990036,0.04560000076889992,0.04474240094423294,0.04473600164055824,0.0005499531681440367,5,0.00848000030964613,0.010015999898314476,0.009254400245845317,0.009344000369310379,0.0005747184435187014,5,2048,32,4,32,1,9216,FLASHINFER,"[256, 256]","[0, 0]","[512, 512, 512, 512, 512, 512, 512, 512, 512, 512, 512, 512, 512, 512, 512, 512, 512, 512, 512, 512, 512, 512, 512, 512, 512, 512, 512, 512, 512, 512, 512, 512]",2,32,32,34,512,32,544,512,0.058823529411764705,true_mixed,True,False,True,34,0,0,False,0,0,BF16,CUDA_EVENT,generic,generic,none
0.010048000141978264,0.012319999746978283,0.010553600080311299,0.010080000385642052,0.0008871330973611096,5,0.019551999866962433,0.022975999861955643,0.020524799823760986,0.019967999309301376,0.0012636717806574877,5,0.043616000562906265,0.051072001457214355,0.04651520028710365,0.04566400125622749,0.002588292115700628,5,0.05910399928689003,0.06147199869155884,0.059756799787282947,0.05926400050520897,0.0008785961819574499,5,0.0014400000218302011,0.0014720000326633453,0.0014528000261634587,0.0014400000218302011,1.5676739660947454e-05,5,2048,32,4,32,1,9216,FLASHINFER,"[256, 256]","[0, 0]","[1024, 1024, 1024, 1024, 1024, 1024, 1024, 1024, 1024, 1024, 1024, 1024, 1024, 1024, 1024, 1024, 1024, 1024, 1024, 1024, 1024, 1024, 1024, 1024, 1024, 1024, 1024, 1024, 1024, 1024, 1024, 1024]",2,32,32,34,512,32,544,1024,0.058823529411764705,true_mixed,True,False,True,34,0,0,False,0,0,BF16,CUDA_EVENT,generic,generic,none
0.0014400000218302011,0.01235199999064207,0.003628800017759204,0.0014400000218302011,0.004361617594635035,5,0.019648000597953796,0.022752000018954277,0.02056960016489029,0.020191999152302742,0.0011234506014343745,5,0.043327998369932175,0.04713600128889084,0.04496639966964722,0.04540799930691719,0.0014538579676588957,5,0.07833600044250488,0.08035200089216232,0.0790143996477127,0.0788159966468811,0.0007064395782833742,5,0.0014400000218302011,0.0014720000326633453,0.0014592000283300877,0.0014720000326633453,1.5676739660947454e-05,5,2048,32,4,32,1,9216,FLASHINFER,"[256, 256]","[0, 0]","[2048, 2048, 2048, 2048, 2048, 2048, 2048, 2048, 2048, 2048, 2048, 2048, 2048, 2048, 2048, 2048, 2048, 2048, 2048, 2048, 2048, 2048, 2048, 2048, 2048, 2048, 2048, 2048, 2048, 2048, 2048, 2048]",2,32,32,34,512,32,544,2048,0.058823529411764705,true_mixed,True,False,True,34,0,0,False,0,0,BF16,CUDA_EVENT,generic,generic,none
0.010111999697983265,0.010879999957978725,0.010572799853980542,0.01056000031530857,0.00028087184894919965,5,0.019007999449968338,0.02131200022995472,0.019724799692630766,0.019231999292969704,0.0008404741230577686,5,0.042688000947237015,0.047200001776218414,0.043884800374507905,0.04307200014591217,0.0016754810194883805,5,0.03510399907827377,0.03651199862360954,0.03566079959273338,0.03558399900794029,0.0004770465501618359,5,0.008799999952316284,0.00940799992531538,0.009075199998915196,0.009056000038981438,0.00022861516324861996,5,2048,32,4,32,1,9216,FLASHINFER,"[256, 256]","[0, 0]","[128, 128, 128, 128, 128, 128, 128, 128, 128, 128, 128, 128, 128, 128, 128, 128, 128, 128, 128, 128, 128, 128, 128, 128, 128, 128, 128, 128, 128, 128, 128, 128, 128, 128, 128, 128, 128, 128, 128, 128, 128, 128, 128, 128, 128, 128, 128, 128, 128, 128, 128, 128, 128, 128, 128, 128, 128, 128, 128, 128, 128, 128, 128, 128]",2,64,64,66,512,64,576,128,0.030303030303030304,true_mixed,True,False,True,66,0,0,False,0,0,BF16,CUDA_EVENT,generic,generic,none
0.009824000298976898,0.01104000024497509,0.010387200117111205,0.010432000271975994,0.0003989618190546896,5,0.019392000511288643,0.021247999742627144,0.020108800008893014,0.020031999796628952,0.0006180555858729644,5,0.04275200143456459,0.04662400111556053,0.043833599984645845,0.04307200014591217,0.0014497664006044683,5,0.03968000039458275,0.04291199892759323,0.04131200015544891,0.041280001401901245,0.0010241994688059489,5,0.00848000030964613,0.010208000428974628,0.009164800122380256,0.00902399979531765,0.0005715742005692151,5,2048,32,4,32,1,9216,FLASHINFER,"[256, 256]","[0, 0]","[256, 256, 256, 256, 256, 256, 256, 256, 256, 256, 256, 256, 256, 256, 256, 256, 256, 256, 256, 256, 256, 256, 256, 256, 256, 256, 256, 256, 256, 256, 256, 256, 256, 256, 256, 256, 256, 256, 256, 256, 256, 256, 256, 256, 256, 256, 256, 256, 256, 256, 256, 256, 256, 256, 256, 256, 256, 256, 256, 256, 256, 256, 256, 256]",2,64,64,66,512,64,576,256,0.030303030303030304,true_mixed,True,False,True,66,0,0,False,0,0,BF16,CUDA_EVENT,generic,generic,none
0.009759999811649323,0.01071999967098236,0.010233599878847598,0.010304000228643417,0.00032596045063707033,5,0.01926399953663349,0.020576000213623047,0.019788799807429314,0.019711999222636223,0.000478333233979561,5,0.0432640016078949,0.04742399975657463,0.04444800093770027,0.044096000492572784,0.0015394621114472715,5,0.05375999957323074,0.05516799911856651,0.054572800546884535,0.05452800169587135,0.0004830198494018442,5,0.0014400000218302011,0.0014720000326633453,0.00144640002399683,0.0014400000218302011,1.2800004333257677e-05,5,2048,32,4,32,1,9216,FLASHINFER,"[256, 256]","[0, 0]","[512, 512, 512, 512, 512, 512, 512, 512, 512, 512, 512, 512, 512, 512, 512, 512, 512, 512, 512, 512, 512, 512, 512, 512, 512, 512, 512, 512, 512, 512, 512, 512, 512, 512, 512, 512, 512, 512, 512, 512, 512, 512, 512, 512, 512, 512, 512, 512, 512, 512, 512, 512, 512, 512, 512, 512, 512, 512, 512, 512, 512, 512, 512, 512]",2,64,64,66,512,64,576,512,0.030303030303030304,true_mixed,True,False,True,66,0,0,False,0,0,BF16,CUDA_EVENT,generic,generic,none
0.001408000010997057,0.011711999773979187,0.0034879999700933697,0.0014400000218302011,0.004112018578956385,5,0.019392000511288643,0.022495999932289124,0.020563200116157532,0.02035200037062168,0.001058150280602926,5,0.04368000105023384,0.048128001391887665,0.04505600035190582,0.04444799944758415,0.0015700236287337912,5,0.07366400212049484,0.0753600001335144,0.07461760044097901,0.07481600344181061,0.0005772068796989414,5,0.0014400000218302011,0.0014400000218302011,0.0014400000218302011,0.0014400000218302011,0.0,5,2048,32,4,32,1,9216,FLASHINFER,"[256, 256]","[0, 0]","[1024, 1024, 1024, 1024, 1024, 1024, 1024, 1024, 1024, 1024, 1024, 1024, 1024, 1024, 1024, 1024, 1024, 1024, 1024, 1024, 1024, 1024, 1024, 1024, 1024, 1024, 1024, 1024, 1024, 1024, 1024, 1024, 1024, 1024, 1024, 1024, 1024, 1024, 1024, 1024, 1024, 1024, 1024, 1024, 1024, 1024, 1024, 1024, 1024, 1024, 1024, 1024, 1024, 1024, 1024, 1024, 1024, 1024, 1024, 1024, 1024, 1024, 1024, 1024]",2,64,64,66,512,64,576,1024,0.030303030303030304,true_mixed,True,False,True,66,0,0,False,0,0,BF16,CUDA_EVENT,generic,generic,none
0.0014400000218302011,0.011071999557316303,0.003385599935427308,0.0014720000326633453,0.0038432197942542684,5,0.010111999697983265,0.020800000056624413,0.012319999933242797,0.010208000428974628,0.004240694343085637,5,0.026048000901937485,0.04575999826192856,0.03356800004839897,0.03433600068092346,0.00723709503095314,5,0.10972800105810165,0.11158400028944016,0.11041920185089112,0.11004800349473953,0.0007371397648447339,5,0.0014400000218302011,0.0014400000218302011,0.0014400000218302011,0.0014400000218302011,0.0,5,2048,32,4,32,1,9216,FLASHINFER,"[256, 256]","[0, 0]","[2048, 2048, 2048, 2048, 2048, 2048, 2048, 2048, 2048, 2048, 2048, 2048, 2048, 2048, 2048, 2048, 2048, 2048, 2048, 2048, 2048, 2048, 2048, 2048, 2048, 2048, 2048, 2048, 2048, 2048, 2048, 2048, 2048, 2048, 2048, 2048, 2048, 2048, 2048, 2048, 2048, 2048, 2048, 2048, 2048, 2048, 2048, 2048, 2048, 2048, 2048, 2048, 2048, 2048, 2048, 2048, 2048, 2048, 2048, 2048, 2048, 2048, 2048, 2048]",2,64,64,66,512,64,576,2048,0.030303030303030304,true_mixed,True,False,True,66,0,0,False,0,0,BF16,CUDA_EVENT,generic,generic,none
0.010048000141978264,0.012160000391304493,0.01066880002617836,0.010367999784648418,0.0007582313530509926,5,0.019039999693632126,0.022112000733613968,0.019942400231957435,0.019680000841617584,0.0011207131677187067,5,0.0605119988322258,0.0623680017888546,0.06130560040473938,0.06111999973654747,0.0006673830170108374,5,0.026815999299287796,0.03129599988460541,0.02823679968714714,0.027295999228954315,0.001663581772053948,5,0.009119999594986439,0.009503999724984169,0.009388799965381622,0.009440000168979168,0.00013815718401259224,5,2048,32,4,32,1,9216,FLASHINFER,"[512, 512]","[0, 0]",[128],2,1,1,3,1024,1,1025,128,0.6666666666666666,true_mixed,True,False,True,3,0,0,False,0,0,BF16,CUDA_EVENT,generic,generic,none
0.009696000255644321,0.011136000044643879,0.010412800125777721,0.010432000271975994,0.0004770468250402338,5,0.0191040001809597,0.02175999991595745,0.020371200144290925,0.020160000771284103,0.0008753270941721159,5,0.06028800085186958,0.06496000289916992,0.06165120080113411,0.06111999973654747,0.001694684312375555,5,0.026335999369621277,0.032287999987602234,0.028339199721813202,0.027904000133275986,0.0021287674845466525,5,0.009056000038981438,0.009952000342309475,0.009401600062847137,0.009184000082314014,0.0003466651412762939,5,2048,32,4,32,1,9216,FLASHINFER,"[512, 512]","[0, 0]",[256],2,1,1,3,1024,1,1025,256,0.6666666666666666,true_mixed,True,False,True,3,0,0,False,0,0,BF16,CUDA_EVENT,generic,generic,none
0.009631999768316746,0.012575999833643436,0.01047039981931448,0.010111999697983265,0.0010673619079120118,5,0.01926399953663349,0.02163200080394745,0.019833599776029588,0.01945599913597107,0.0009042822285672721,5,0.05990400165319443,0.06272000074386597,0.06074240058660507,0.06019200012087822,0.0010479990236426655,5,0.025728000327944756,0.03311999887228012,0.029439999535679818,0.02800000086426735,0.0030561583624103507,5,0.009056000038981438,0.009375999681651592,0.009254399873316287,0.009279999881982803,0.00012210406385976754,5,2048,32,4,32,1,9216,FLASHINFER,"[512, 512]","[0, 0]",[512],2,1,1,3,1024,1,1025,512,0.6666666666666666,true_mixed,True,False,True,3,0,0,False,0,0,BF16,CUDA_EVENT,generic,generic,none
0.009664000011980534,0.011392000131309032,0.010265599936246872,0.010015999898314476,0.0006028922622403423,5,0.01945599913597107,0.022143999114632607,0.020377599447965623,0.020031999796628952,0.0009215554492883495,5,0.05984000116586685,0.06374400109052658,0.06116480082273483,0.06032000109553337,0.001421837396275025,5,0.02627200074493885,0.032896000891923904,0.02885120064020157,0.02796800062060356,0.002291754157281167,5,0.00902399979531765,0.009503999724984169,0.00935679990798235,0.00940799992531538,0.00017244415355292106,5,2048,32,4,32,1,9216,FLASHINFER,"[512, 512]","[0, 0]",[1024],2,1,1,3,1024,1,1025,1024,0.6666666666666666,true_mixed,True,False,True,3,0,0,False,0,0,BF16,CUDA_EVENT,generic,generic,none
0.010304000228643417,0.012640000320971012,0.010822400078177452,0.010367999784648418,0.0009097010837413351,5,0.01926399953663349,0.021663999184966087,0.020134399831295013,0.0197759997099638,0.0008474623184602126,5,0.06063999980688095,0.06239999830722809,0.06120319962501526,0.060864001512527466,0.0006714199064265791,5,0.026048000901937485,0.03235200047492981,0.028012800589203836,0.027488000690937042,0.0022951474278924914,5,0.008415999822318554,0.009568000212311745,0.009036799892783165,0.009088000282645226,0.0003685423307817363,5,2048,32,4,32,1,9216,FLASHINFER,"[512, 512]","[0, 0]",[2048],2,1,1,3,1024,1,1025,2048,0.6666666666666666,true_mixed,True,False,True,3,0,0,False,0,0,BF16,CUDA_EVENT,generic,generic,none
0.010015999898314476,0.011392000131309032,0.010566399991512298,0.010528000071644783,0.0004691685651711235,5,0.01926399953663349,0.021856000646948814,0.020204800367355346,0.019936000928282738,0.0008711058358313853,5,0.05993599817156792,0.061824001371860504,0.06092160046100616,0.06080000102519989,0.0006433205325021447,5,0.02473600022494793,0.030368000268936157,0.027718400210142137,0.02783999964594841,0.0018292584085551067,5,0.008736000396311283,0.0098879998549819,0.00920960009098053,0.009216000325977802,0.00038686909537577864,5,2048,32,4,32,1,9216,FLASHINFER,"[512, 512]","[0, 0]","[128, 128]",2,2,2,4,1024,2,1026,128,0.5,true_mixed,True,False,True,4,0,0,False,0,0,BF16,CUDA_EVENT,generic,generic,none
0.009824000298976898,0.011776000261306763,0.010374400205910206,0.010080000385642052,0.0007090437660005275,5,0.019648000597953796,0.02163200080394745,0.020134400576353073,0.019840000197291374,0.0007538429430396944,5,0.0597120001912117,0.06339199841022491,0.06120959967374802,0.0607680007815361,0.0013126077504612538,5,0.024224000051617622,0.032735999673604965,0.02755200006067753,0.027264000847935677,0.0029253669685396283,5,0.00886400043964386,0.009696000255644321,0.009254400245845317,0.009375999681651592,0.0003352523948900339,5,2048,32,4,32,1,9216,FLASHINFER,"[512, 512]","[0, 0]","[256, 256]",2,2,2,4,1024,2,1026,256,0.5,true_mixed,True,False,True,4,0,0,False,0,0,BF16,CUDA_EVENT,generic,generic,none
0.010015999898314476,0.011008000001311302,0.01037440001964569,0.010304000228643417,0.00037064790226154243,5,0.01942400075495243,0.021695999428629875,0.020083199813961984,0.01974399946630001,0.0008182492046895382,5,0.05974400043487549,0.06233600154519081,0.06112000122666359,0.060864001512527466,0.000911186050400853,5,0.024224000051617622,0.03840000182390213,0.028300800174474717,0.026815999299287796,0.005148823641596705,5,0.008799999952316284,0.009535999968647957,0.00923519991338253,0.00940799992531538,0.00030866313406572823,5,2048,32,4,32,1,9216,FLASHINFER,"[512, 512]","[0, 0]","[512, 512]",2,2,2,4,1024,2,1026,512,0.5,true_mixed,True,False,True,4,0,0,False,0,0,BF16,CUDA_EVENT,generic,generic,none
0.009855999611318111,0.013088000006973743,0.010713599994778633,0.010208000428974628,0.0011956872120874214,5,0.01894400082528591,0.023072000592947006,0.02030079998075962,0.01974399946630001,0.0014304538653482125,5,0.05974400043487549,0.06355199962854385,0.0614144004881382,0.060864001512527466,0.00146298427198269,5,0.02630399912595749,0.03145600110292435,0.027987199649214745,0.02755199931561947,0.0018143301709050428,5,0.009184000082314014,0.01027199998497963,0.009491200186312198,0.009312000125646591,0.0004030475122551123,5,2048,32,4,32,1,9216,FLASHINFER,"[512, 512]","[0, 0]","[1024, 1024]",2,2,2,4,1024,2,1026,1024,0.5,true_mixed,True,False,True,4,0,0,False,0,0,BF16,CUDA_EVENT,generic,generic,none
0.009952000342309475,0.011455999687314034,0.010380800068378448,0.01017600018531084,0.0005515149675580146,5,0.019680000841617584,0.021536000072956085,0.02035840004682541,0.020191999152302742,0.0006226116514668161,5,0.06032000109553337,0.06239999830722809,0.06133120059967041,0.061344001442193985,0.000705335914875173,5,0.023840000852942467,0.03203200176358223,0.027955200523138046,0.028095999732613564,0.0028285252837975303,5,0.008895999751985073,0.010015999898314476,0.00943360012024641,0.009472000412642956,0.0004044678772687406,5,2048,32,4,32,1,9216,FLASHINFER,"[512, 512]","[0, 0]","[2048, 2048]",2,2,2,4,1024,2,1026,2048,0.5,true_mixed,True,False,True,4,0,0,False,0,0,BF16,CUDA_EVENT,generic,generic,none
0.010080000385642052,0.020096000283956528,0.012339200265705586,0.010208000428974628,0.0039024049056065593,5,0.019200000911951065,0.021568000316619873,0.02003200016915798,0.019872000440955162,0.0008213471846938677,5,0.06006399914622307,0.06406400352716446,0.06140800043940544,0.060736000537872314,0.001421896611209901,5,0.02643200010061264,0.032287999987602234,0.028614399954676628,0.027904000133275986,0.0021902029941842554,5,0.008704000152647495,0.009568000212311745,0.009081600047647954,0.008991999551653862,0.00028721675795764453,5,2048,32,4,32,1,9216,FLASHINFER,"[512, 512]","[0, 0]","[128, 128, 128, 128]",2,4,4,6,1024,4,1028,128,0.3333333333333333,true_mixed,True,False,True,6,0,0,False,0,0,BF16,CUDA_EVENT,generic,generic,none
0.009855999611318111,0.011615999974310398,0.010540799982845784,0.010495999827980995,0.0006376276290135701,5,0.019487999379634857,0.021824000403285027,0.020115200057625772,0.0197759997099638,0.0008666273416529454,5,0.060127999633550644,0.06230400130152702,0.060768000036478045,0.060447998344898224,0.0007887859911430004,5,0.026496000587940216,0.03276799991726875,0.02890240028500557,0.028863999992609024,0.002283768753891669,5,0.008927999995648861,0.009279999881982803,0.009113599918782711,0.009151999838650227,0.00012377010803607086,5,2048,32,4,32,1,9216,FLASHINFER,"[512, 512]","[0, 0]","[256, 256, 256, 256]",2,4,4,6,1024,4,1028,256,0.3333333333333333,true_mixed,True,False,True,6,0,0,False,0,0,BF16,CUDA_EVENT,generic,generic,none
0.009759999811649323,0.011711999773979187,0.01033599991351366,0.010048000141978264,0.0007169712974783927,5,0.01961600035429001,0.022112000733613968,0.020211200043559075,0.019711999222636223,0.0009549953192317199,5,0.05951999872922897,0.06313599646091461,0.06121599972248078,0.060416001826524734,0.0015176232886041823,5,0.025151999667286873,0.0323840007185936,0.02786560021340847,0.027008000761270523,0.002503243252229155,5,0.00902399979531765,0.009503999724984169,0.009311999939382077,0.009440000168979168,0.00019932703937049632,5,2048,32,4,32,1,9216,FLASHINFER,"[512, 512]","[0, 0]","[512, 512, 512, 512]",2,4,4,6,1024,4,1028,512,0.3333333333333333,true_mixed,True,False,True,6,0,0,False,0,0,BF16,CUDA_EVENT,generic,generic,none
0.00979200005531311,0.013120000250637531,0.010751999914646149,0.010239999741315842,0.0012163369524199497,5,0.019360000267624855,0.02195199951529503,0.020300799608230592,0.019807999953627586,0.0009315461314750417,5,0.060256000608205795,0.06272000074386597,0.061222399771213534,0.060575999319553375,0.0009679459665807358,5,0.025696000084280968,0.034591998904943466,0.028735999763011933,0.027871999889612198,0.0030441398847976804,5,0.008767999708652496,0.009664000011980534,0.009113599918782711,0.009056000038981438,0.00032343753724059363,5,2048,32,4,32,1,9216,FLASHINFER,"[512, 512]","[0, 0]","[1024, 1024, 1024, 1024]",2,4,4,6,1024,4,1028,1024,0.3333333333333333,true_mixed,True,False,True,6,0,0,False,0,0,BF16,CUDA_EVENT,generic,generic,none
0.010048000141978264,0.01152000017464161,0.01047040019184351,0.010304000228643417,0.0005413204347660072,5,0.019648000597953796,0.022112000733613968,0.02046720013022423,0.020287999883294106,0.0008767300979583462,5,0.060416001826524734,0.06431999802589417,0.0618879996240139,0.06111999973654747,0.0013851221203433882,5,0.0289280004799366,0.034432001411914825,0.031193600594997407,0.03001599945127964,0.0021046567550518785,5,0.008895999751985073,0.009824000298976898,0.009446400031447411,0.009535999968647957,0.0003065327879865681,5,2048,32,4,32,1,9216,FLASHINFER,"[512, 512]","[0, 0]","[2048, 2048, 2048, 2048]",2,4,4,6,1024,4,1028,2048,0.3333333333333333,true_mixed,True,False,True,6,0,0,False,0,0,BF16,CUDA_EVENT,generic,generic,none
0.009920000098645687,0.01206399966031313,0.010598400048911572,0.010367999784648418,0.0007657030423933831,5,0.019648000597953796,0.021344000473618507,0.020134400203824045,0.019840000197291374,0.0006229407745250181,5,0.05999999865889549,0.0631679967045784,0.0611519992351532,0.06083200126886368,0.0010832829892754514,5,0.02643200010061264,0.03356799855828285,0.028857599943876266,0.02783999964594841,0.002524992058068209,5,0.009056000038981438,0.009952000342309475,0.009420800022780895,0.00940799992531538,0.00031652526491859434,5,2048,32,4,32,1,9216,FLASHINFER,"[512, 512]","[0, 0]","[128, 128, 128, 128, 128, 128, 128, 128]",2,8,8,10,1024,8,1032,128,0.2,true_mixed,True,False,True,10,0,0,False,0,0,BF16,CUDA_EVENT,generic,generic,none
0.009472000412642956,0.012671999633312225,0.010451200045645237,0.010143999941647053,0.0011377966479004487,5,0.019392000511288643,0.022816000506281853,0.02032640017569065,0.01958400011062622,0.0012904217651860629,5,0.0597120001912117,0.06467200070619583,0.06181120052933693,0.0613120011985302,0.0017665164272685988,5,0.027135999873280525,0.032607998698949814,0.0294015996158123,0.029600000008940697,0.0018645208294936634,5,0.00886400043964386,0.00979200005531311,0.009337600134313107,0.009375999681651592,0.00030786584579023336,5,2048,32,4,32,1,9216,FLASHINFER,"[512, 512]","[0, 0]","[256, 256, 256, 256, 256, 256, 256, 256]",2,8,8,10,1024,8,1032,256,0.2,true_mixed,True,False,True,10,0,0,False,0,0,BF16,CUDA_EVENT,generic,generic,none
0.010015999898314476,0.01190400030463934,0.010655999928712846,0.010463999584317207,0.0006598522964095837,5,0.019519999623298645,0.021983999758958817,0.020262400060892104,0.019872000440955162,0.0008801802456205648,5,0.060447998344898224,0.06406400352716446,0.0614656001329422,0.06080000102519989,0.0013569526299998746,5,0.02550400048494339,0.03328000009059906,0.028991999849677087,0.028896000236272812,0.0025417750748444965,5,0.009056000038981438,0.010080000385642052,0.009510400146245957,0.009472000412642956,0.0003957666170761455,5,2048,32,4,32,1,9216,FLASHINFER,"[512, 512]","[0, 0]","[512, 512, 512, 512, 512, 512, 512, 512]",2,8,8,10,1024,8,1032,512,0.2,true_mixed,True,False,True,10,0,0,False,0,0,BF16,CUDA_EVENT,generic,generic,none
0.00979200005531311,0.013088000006973743,0.010758399963378906,0.010495999827980995,0.0012069389207608947,5,0.01961600035429001,0.023072000592947006,0.02065280042588711,0.02038400061428547,0.0012665857577683706,5,0.060416001826524734,0.06460800021886826,0.06167680025100708,0.0613120011985302,0.0015210740045702134,5,0.028063999488949776,0.042688000947237015,0.03241599984467029,0.030719999223947525,0.005240893290912175,5,0.008895999751985073,0.009503999724984169,0.0092095997184515,0.009247999638319016,0.0001997374385588239,5,2048,32,4,32,1,9216,FLASHINFER,"[512, 512]","[0, 0]","[1024, 1024, 1024, 1024, 1024, 1024, 1024, 1024]",2,8,8,10,1024,8,1032,1024,0.2,true_mixed,True,False,True,10,0,0,False,0,0,BF16,CUDA_EVENT,generic,generic,none
0.009535999968647957,0.01190400030463934,0.010502400062978267,0.010463999584317207,0.0007847246427078574,5,0.022336000576615334,0.023231999948620796,0.02274559997022152,0.022655999287962914,0.00029840722212736115,5,0.062144000083208084,0.06438399851322174,0.06272640004754067,0.06233600154519081,0.0008438289719898557,5,0.03497600182890892,0.03964800015091896,0.03658239990472793,0.03561599925160408,0.001775512465605851,5,0.008352000266313553,0.009952000342309475,0.009017599932849407,0.009119999594986439,0.0005994857586696025,5,2048,32,4,32,1,9216,FLASHINFER,"[512, 512]","[0, 0]","[2048, 2048, 2048, 2048, 2048, 2048, 2048, 2048]",2,8,8,10,1024,8,1032,2048,0.2,true_mixed,True,False,True,10,0,0,False,0,0,BF16,CUDA_EVENT,generic,generic,none
0.009631999768316746,0.011327999643981457,0.010329599678516387,0.01033599954098463,0.00062162420327728,5,0.01942400075495243,0.021695999428629875,0.02019839994609356,0.01974399946630001,0.0008496344081672716,5,0.06095999851822853,0.06415999680757523,0.06213759928941727,0.06191999837756157,0.0011176011021262118,5,0.02751999907195568,0.031328000128269196,0.029260800033807755,0.02864000014960766,0.0015534478304172123,5,0.008895999751985073,0.009983999654650688,0.009503999724984169,0.009664000011980534,0.00042356204062759585,5,2048,32,4,32,1,9216,FLASHINFER,"[512, 512]","[0, 0]","[128, 128, 128, 128, 128, 128, 128, 128, 128, 128, 128, 128, 128, 128, 128, 128]",2,16,16,18,1024,16,1040,128,0.1111111111111111,true_mixed,True,False,True,18,0,0,False,0,0,BF16,CUDA_EVENT,generic,generic,none
0.0098879998549819,0.011327999643981457,0.010342399962246418,0.010143999941647053,0.0005109588147799677,5,0.01958400011062622,0.02147199958562851,0.020339200273156166,0.020128000527620316,0.0007281949210980131,5,0.060575999319553375,0.06348799914121628,0.061798398941755296,0.06102399900555611,0.0012489669670097405,5,0.025760000571608543,0.031007999554276466,0.02860799990594387,0.028672000393271446,0.0019850316587676996,5,0.008736000396311283,0.015424000099301338,0.010547200031578541,0.00940799992531538,0.0024734654661575646,5,2048,32,4,32,1,9216,FLASHINFER,"[512, 512]","[0, 0]","[256, 256, 256, 256, 256, 256, 256, 256, 256, 256, 256, 256, 256, 256, 256, 256]",2,16,16,18,1024,16,1040,256,0.1111111111111111,true_mixed,True,False,True,18,0,0,False,0,0,BF16,CUDA_EVENT,generic,generic,none
0.010111999697983265,0.012384000234305859,0.010694400034844875,0.010304000228643417,0.0008575523547192219,5,0.020031999796628952,0.021536000072956085,0.020416000112891197,0.020128000527620316,0.0005645075423961951,5,0.060575999319553375,0.06390400230884552,0.061689600348472595,0.06140799820423126,0.0011958594645876516,5,0.030079999938607216,0.03296000137925148,0.03118080012500286,0.031007999554276466,0.0010645186457980149,5,0.009151999838650227,0.009920000098645687,0.009433599933981896,0.009279999881982803,0.0002799955765419096,5,2048,32,4,32,1,9216,FLASHINFER,"[512, 512]","[0, 0]","[512, 512, 512, 512, 512, 512, 512, 512, 512, 512, 512, 512, 512, 512, 512, 512]",2,16,16,18,1024,16,1040,512,0.1111111111111111,true_mixed,True,False,True,18,0,0,False,0,0,BF16,CUDA_EVENT,generic,generic,none
0.0098879998549819,0.010912000201642513,0.01040639989078045,0.010495999827980995,0.0003565668004279902,5,0.02223999984562397,0.023552000522613525,0.02268799990415573,0.022495999932289124,0.00045839400894797137,5,0.06176000088453293,0.06400000303983688,0.06288639977574348,0.0631679967045784,0.0008503578013970998,5,0.03532800078392029,0.044224001467227936,0.038201600313186646,0.03654399886727333,0.0032222210879562837,5,0.0054720002226531506,0.009759999811649323,0.007724799960851669,0.007840000092983246,0.0014432814764935606,5,2048,32,4,32,1,9216,FLASHINFER,"[512, 512]","[0, 0]","[1024, 1024, 1024, 1024, 1024, 1024, 1024, 1024, 1024, 1024, 1024, 1024, 1024, 1024, 1024, 1024]",2,16,16,18,1024,16,1040,1024,0.1111111111111111,true_mixed,True,False,True,18,0,0,False,0,0,BF16,CUDA_EVENT,generic,generic,none
0.009983999654650688,0.014015999622642994,0.01100159976631403,0.01017600018531084,0.001528032594188414,5,0.02160000056028366,0.02287999913096428,0.02220799997448921,0.02208000048995018,0.0004406245781320346,5,0.06185600161552429,0.06406400352716446,0.06245120093226433,0.06195199862122536,0.0008394995473878665,5,0.04806400090456009,0.05260799825191498,0.0502591997385025,0.05011200159788132,0.0014822038568681256,5,0.001408000010997057,0.0014720000326633453,0.0014400000218302011,0.0014400000218302011,2.0238583876559597e-05,5,2048,32,4,32,1,9216,FLASHINFER,"[512, 512]","[0, 0]","[2048, 2048, 2048, 2048, 2048, 2048, 2048, 2048, 2048, 2048, 2048, 2048, 2048, 2048, 2048, 2048]",2,16,16,18,1024,16,1040,2048,0.1111111111111111,true_mixed,True,False,True,18,0,0,False,0,0,BF16,CUDA_EVENT,generic,generic,none
0.009983999654650688,0.011296000331640244,0.010534399934113026,0.010400000028312206,0.0004896734225590673,5,0.01958400011062622,0.02191999927163124,0.020134399831295013,0.019711999222636223,0.0008958625544549661,5,0.05984000116586685,0.06188800185918808,0.060844800621271136,0.06102399900555611,0.0008412041409560715,5,0.02672000043094158,0.03376000002026558,0.028678400442004204,0.027488000690937042,0.002571924030675141,5,0.008799999952316284,0.009535999968647957,0.009203200042247773,0.009279999881982803,0.0002532654307159194,5,2048,32,4,32,1,9216,FLASHINFER,"[512, 512]","[0, 0]","[128, 128, 128, 128, 128, 128, 128, 128, 128, 128, 128, 128, 128, 128, 128, 128, 128, 128, 128, 128, 128, 128, 128, 128, 128, 128, 128, 128, 128, 128, 128, 128]",2,32,32,34,1024,32,1056,128,0.058823529411764705,true_mixed,True,False,True,34,0,0,False,0,0,BF16,CUDA_EVENT,generic,generic,none
0.009759999811649323,0.012319999746978283,0.010527999885380269,0.010208000428974628,0.0009120841527198484,5,0.019967999309301376,0.02300800010561943,0.0209343995898962,0.02067199908196926,0.001079382628893082,5,0.05990400165319443,0.06406400352716446,0.0613632008433342,0.06063999980688095,0.0014793013917694473,5,0.02969600073993206,0.04230400174856186,0.03372160010039806,0.03219199925661087,0.004437301149284998,5,0.008960000239312649,0.009727999567985535,0.009388799779117107,0.00940799992531538,0.0003119628899327621,5,2048,32,4,32,1,9216,FLASHINFER,"[512, 512]","[0, 0]","[256, 256, 256, 256, 256, 256, 256, 256, 256, 256, 256, 256, 256, 256, 256, 256, 256, 256, 256, 256, 256, 256, 256, 256, 256, 256, 256, 256, 256, 256, 256, 256]",2,32,32,34,1024,32,1056,256,0.058823529411764705,true_mixed,True,False,True,34,0,0,False,0,0,BF16,CUDA_EVENT,generic,generic,none
0.009664000011980534,0.011872000060975552,0.010502399876713753,0.010143999941647053,0.0007868097037219925,5,0.022655999287962914,0.02470399998128414,0.023270399868488313,0.02287999913096428,0.0007565549346390437,5,0.062144000083208084,0.06505600363016129,0.06330880224704742,0.06300800293684006,0.0011086246126119682,5,0.03807999938726425,0.04095999896526337,0.039206399023532866,0.0390079990029335,0.000979304367330035,5,0.004352000076323748,0.008448000065982342,0.006783999968320131,0.006463999859988689,0.0015418555327058605,5,2048,32,4,32,1,9216,FLASHINFER,"[512, 512]","[0, 0]","[512, 512, 512, 512, 512, 512, 512, 512, 512, 512, 512, 512, 512, 512, 512, 512, 512, 512, 512, 512, 512, 512, 512, 512, 512, 512, 512, 512, 512, 512, 512, 512]",2,32,32,34,1024,32,1056,512,0.058823529411764705,true_mixed,True,False,True,34,0,0,False,0,0,BF16,CUDA_EVENT,generic,generic,none
0.009503999724984169,0.011487999930977821,0.010169599950313569,0.010048000141978264,0.0006962188078787517,5,0.02179200015962124,0.023711999878287315,0.02237439975142479,0.022048000246286392,0.0006988612378348916,5,0.06143999844789505,0.06464000046253204,0.06229119971394539,0.061792001128196716,0.0011994841132724468,5,0.04979199916124344,0.05375999957323074,0.051398399472236636,0.05052800104022026,0.0015313795336524517,5,0.001408000010997057,0.0014720000326633453,0.0014400000218302011,0.0014400000218302011,2.0238583876559597e-05,5,2048,32,4,32,1,9216,FLASHINFER,"[512, 512]","[0, 0]","[1024, 1024, 1024, 1024, 1024, 1024, 1024, 1024, 1024, 1024, 1024, 1024, 1024, 1024, 1024, 1024, 1024, 1024, 1024, 1024, 1024, 1024, 1024, 1024, 1024, 1024, 1024, 1024, 1024, 1024, 1024, 1024]",2,32,32,34,1024,32,1056,1024,0.058823529411764705,true_mixed,True,False,True,34,0,0,False,0,0,BF16,CUDA_EVENT,generic,generic,none
0.0014400000218302011,0.012864000163972378,0.00391040004324168,0.0017600000137463212,0.004481709447758749,5,0.020864000543951988,0.023391999304294586,0.022022399678826333,0.022048000246286392,0.0008199493174096018,5,0.06080000102519989,0.06454399973154068,0.06199679970741272,0.06124800071120262,0.0013961095748291708,5,0.06697600334882736,0.07321599870920181,0.07028480172157288,0.06969600170850754,0.0024253038088073472,5,0.0014400000218302011,0.0014720000326633453,0.00144640002399683,0.0014400000218302011,1.2800004333257677e-05,5,2048,32,4,32,1,9216,FLASHINFER,"[512, 512]","[0, 0]","[2048, 2048, 2048, 2048, 2048, 2048, 2048, 2048, 2048, 2048, 2048, 2048, 2048, 2048, 2048, 2048, 2048, 2048, 2048, 2048, 2048, 2048, 2048, 2048, 2048, 2048, 2048, 2048, 2048, 2048, 2048, 2048]",2,32,32,34,1024,32,1056,2048,0.058823529411764705,true_mixed,True,False,True,34,0,0,False,0,0,BF16,CUDA_EVENT,generic,generic,none
0.009568000212311745,0.01235199999064207,0.0105791999027133,0.010239999741315842,0.0009658700631594612,5,0.02067199908196926,0.022495999932289124,0.021356799826025962,0.021215999498963356,0.0006066850487781944,5,0.060095999389886856,0.06310400366783142,0.06112000122666359,0.06032000109553337,0.0011896097412166136,5,0.027712000533938408,0.03296000137925148,0.029760000482201576,0.028672000393271446,0.0020366689600484025,5,0.009056000038981438,0.009503999724984169,0.009164799936115742,0.009088000282645226,0.0001712522054396668,5,2048,32,4,32,1,9216,FLASHINFER,"[512, 512]","[0, 0]","[128, 128, 128, 128, 128, 128, 128, 128, 128, 128, 128, 128, 128, 128, 128, 128, 128, 128, 128, 128, 128, 128, 128, 128, 128, 128, 128, 128, 128, 128, 128, 128, 128, 128, 128, 128, 128, 128, 128, 128, 128, 128, 128, 128, 128, 128, 128, 128, 128, 128, 128, 128, 128, 128, 128, 128, 128, 128, 128, 128, 128, 128, 128, 128]",2,64,64,66,1024,64,1088,128,0.030303030303030304,true_mixed,True,False,True,66,0,0,False,0,0,BF16,CUDA_EVENT,generic,generic,none
0.01027199998497963,0.015584000386297703,0.011782400123775006,0.01065600011497736,0.0019790804811647108,5,0.023391999304294586,0.024831999093294144,0.023891199380159378,0.02364799939095974,0.000500920024761754,5,0.06169600039720535,0.06415999680757523,0.06270719915628434,0.062272001057863235,0.0008809229824893942,5,0.03299200162291527,0.040063999593257904,0.03514880016446113,0.03420799970626831,0.0025672372810053496,5,0.006335999816656113,0.010015999898314476,0.007475199922919273,0.006816000211983919,0.001340735061939089,5,2048,32,4,32,1,9216,FLASHINFER,"[512, 512]","[0, 0]","[256, 256, 256, 256, 256, 256, 256, 256, 256, 256, 256, 256, 256, 256, 256, 256, 256, 256, 256, 256, 256, 256, 256, 256, 256, 256, 256, 256, 256, 256, 256, 256, 256, 256, 256, 256, 256, 256, 256, 256, 256, 256, 256, 256, 256, 256, 256, 256, 256, 256, 256, 256, 256, 256, 256, 256, 256, 256, 256, 256, 256, 256, 256, 256]",2,64,64,66,1024,64,1088,256,0.030303030303030304,true_mixed,True,False,True,66,0,0,False,0,0,BF16,CUDA_EVENT,generic,generic,none
0.009600000455975533,0.012095999903976917,0.010380800068378448,0.010015999898314476,0.0008979634478854316,5,0.02287999913096428,0.023840000852942467,0.023206399753689766,0.022975999861955643,0.00036451964387189487,5,0.0613120011985302,0.06444799900054932,0.06224000006914139,0.06201599910855293,0.0011502200925243905,5,0.044863998889923096,0.051231998950242996,0.04696960002183914,0.04601600021123886,0.002338794774826382,5,0.001408000010997057,0.0014400000218302011,0.0014272000174969436,0.0014400000218302011,1.5676739660947454e-05,5,2048,32,4,32,1,9216,FLASHINFER,"[512, 512]","[0, 0]","[512, 512, 512, 512, 512, 512, 512, 512, 512, 512, 512, 512, 512, 512, 512, 512, 512, 512, 512, 512, 512, 512, 512, 512, 512, 512, 512, 512, 512, 512, 512, 512, 512, 512, 512, 512, 512, 512, 512, 512, 512, 512, 512, 512, 512, 512, 512, 512, 512, 512, 512, 512, 512, 512, 512, 512, 512, 512, 512, 512, 512, 512, 512, 512]",2,64,64,66,1024,64,1088,512,0.030303030303030304,true_mixed,True,False,True,66,0,0,False,0,0,BF16,CUDA_EVENT,generic,generic,none
0.0014400000218302011,0.011807999573647976,0.003519999934360385,0.0014400000218302011,0.004144018352434242,5,0.023135999217629433,0.02470399998128414,0.0236735999584198,0.023584000766277313,0.0005635636897379086,5,0.06128000095486641,0.06438399851322174,0.062387199699878694,0.06195199862122536,0.0010843413677051638,5,0.06204799935221672,0.07196799665689468,0.06618239954113961,0.06524799764156342,0.003466554977298603,5,0.001408000010997057,0.0014720000326633453,0.0014400000218302011,0.0014400000218302011,2.0238583876559597e-05,5,2048,32,4,32,1,9216,FLASHINFER,"[512, 512]","[0, 0]","[1024, 1024, 1024, 1024, 1024, 1024, 1024, 1024, 1024, 1024, 1024, 1024, 1024, 1024, 1024, 1024, 1024, 1024, 1024, 1024, 1024, 1024, 1024, 1024, 1024, 1024, 1024, 1024, 1024, 1024, 1024, 1024, 1024, 1024, 1024, 1024, 1024, 1024, 1024, 1024, 1024, 1024, 1024, 1024, 1024, 1024, 1024, 1024, 1024, 1024, 1024, 1024, 1024, 1024, 1024, 1024, 1024, 1024, 1024, 1024, 1024, 1024, 1024, 1024]",2,64,64,66,1024,64,1088,1024,0.030303030303030304,true_mixed,True,False,True,66,0,0,False,0,0,BF16,CUDA_EVENT,generic,generic,none
0.001408000010997057,0.012575999833643436,0.003660799982026219,0.0014400000218302011,0.004457617154789418,5,0.014015999622642994,0.024768000468611717,0.016300800256431103,0.014240000396966934,0.004235262673643723,5,0.03951999917626381,0.06304000318050385,0.04675840064883232,0.04214400053024292,0.008550372508141725,5,0.09929600358009338,0.1035199984908104,0.10194560140371323,0.10211200267076492,0.0014422581113852373,5,0.001408000010997057,0.0014400000218302011,0.0014272000174969436,0.0014400000218302011,1.5676739660947454e-05,5,2048,32,4,32,1,9216,FLASHINFER,"[512, 512]","[0, 0]","[2048, 2048, 2048, 2048, 2048, 2048, 2048, 2048, 2048, 2048, 2048, 2048, 2048, 2048, 2048, 2048, 2048, 2048, 2048, 2048, 2048, 2048, 2048, 2048, 2048, 2048, 2048, 2048, 2048, 2048, 2048, 2048, 2048, 2048, 2048, 2048, 2048, 2048, 2048, 2048, 2048, 2048, 2048, 2048, 2048, 2048, 2048, 2048, 2048, 2048, 2048, 2048, 2048, 2048, 2048, 2048, 2048, 2048, 2048, 2048, 2048, 2048, 2048, 2048]",2,64,64,66,1024,64,1088,2048,0.030303030303030304,true_mixed,True,False,True,66,0,0,False,0,0,BF16,CUDA_EVENT,generic,generic,none
0.006783999968320131,0.011359999887645245,0.009913599956780672,0.01056000031530857,0.0016072029821522366,5,0.02844800055027008,0.030112000182271004,0.028921600058674814,0.02876799926161766,0.0006159978674217084,5,0.10204800218343735,0.10761599987745285,0.10430720150470733,0.10361599922180176,0.0019267714639342227,5,0.013952000066637993,0.014655999839305878,0.01439359989017248,0.014495999552309513,0.00025631978005468835,5,0.0014400000218302011,0.0014720000326633453,0.00144640002399683,0.0014400000218302011,1.2800004333257675e-05,5,2048,32,4,32,1,9216,FLASHINFER,"[1024, 1024]","[0, 0]",[128],2,1,1,3,2048,1,2049,128,0.6666666666666666,true_mixed,True,False,True,3,0,0,False,0,0,BF16,CUDA_EVENT,generic,generic,none
0.006271999794989824,0.012160000391304493,0.009663999918848276,0.009855999611318111,0.0019330756026675743,5,0.027904000133275986,0.03001599945127964,0.028831999748945236,0.028575999662280083,0.0008495382555121226,5,0.10307200253009796,0.1064319983124733,0.10423039942979813,0.10393600165843964,0.0011772163935120225,5,0.0144640002399683,0.016607999801635742,0.015212800167500973,0.014688000082969666,0.0008448485204248191,5,0.0014400000218302011,0.0017600000137463212,0.0015232000267133116,0.0014720000326633453,0.00011904687551005517,5,2048,32,4,32,1,9216,FLASHINFER,"[1024, 1024]","[0, 0]",[256],2,1,1,3,2048,1,2049,256,0.6666666666666666,true_mixed,True,False,True,3,0,0,False,0,0,BF16,CUDA_EVENT,generic,generic,none
0.006016000173985958,0.012768000364303589,0.009478400088846683,0.009568000212311745,0.0022026974460280396,5,0.02940800040960312,0.03046399913728237,0.029689599946141242,0.029440000653266907,0.0004054787315819222,5,0.10268799960613251,0.10809600353240967,0.1047104001045227,0.10444799810647964,0.0020186306886287087,5,0.014368000440299511,0.016127999871969223,0.015187200158834457,0.015072000212967396,0.000564725021891925,5,0.0014720000326633453,0.0018560000462457538,0.0015552000375464558,0.0014720000326633453,0.00015090977904818703,5,2048,32,4,32,1,9216,FLASHINFER,"[1024, 1024]","[0, 0]",[512],2,1,1,3,2048,1,2049,512,0.6666666666666666,true_mixed,True,False,True,3,0,0,False,0,0,BF16,CUDA_EVENT,generic,generic,none
0.0014400000218302011,0.012256000190973282,0.007174400007352233,0.006240000016987324,0.0038716244707001166,5,0.02969600073993206,0.03001599945127964,0.029817599803209305,0.029759999364614487,0.00011870221633098653,5,0.10067199915647507,0.10899200290441513,0.10419839918613434,0.10371199995279312,0.003101552486321995,5,0.015456000342965126,0.017376000061631203,0.016281599923968316,0.01603199914097786,0.0007486633534778683,5,0.0014720000326633453,0.0015040000434964895,0.0014784000348299741,0.0014720000326633453,1.2800004333257677e-05,5,2048,32,4,32,1,9216,FLASHINFER,"[1024, 1024]","[0, 0]",[1024],2,1,1,3,2048,1,2049,1024,0.6666666666666666,true_mixed,True,False,True,3,0,0,False,0,0,BF16,CUDA_EVENT,generic,generic,none
0.001408000010997057,0.012608000077307224,0.005900800041854381,0.0050559998489916325,0.0036852887449680466,5,0.02969600073993206,0.031039999797940254,0.03023359999060631,0.030112000182271004,0.0004449723838547444,5,0.10063999891281128,0.10755199939012527,0.1031808003783226,0.10278400033712387,0.002437433352580739,5,0.0161920003592968,0.019392000511288643,0.017536000162363053,0.016863999888300896,0.0013229592151667274,5,0.0014720000326633453,0.0017920000245794654,0.0015552000375464558,0.0015040000434964895,0.00012075495371219811,5,2048,32,4,32,1,9216,FLASHINFER,"[1024, 1024]","[0, 0]",[2048],2,1,1,3,2048,1,2049,2048,0.6666666666666666,true_mixed,True,False,True,3,0,0,False,0,0,BF16,CUDA_EVENT,generic,generic,none
0.0037440001033246517,0.01283199992030859,0.009164799842983485,0.010239999741315842,0.003631716550849881,5,0.027904000133275986,0.02956799976527691,0.028627200052142143,0.02831999957561493,0.0006177241996407001,5,0.10179200023412704,0.10649599879980087,0.10322559922933579,0.1024319976568222,0.0017409171330812561,5,0.014240000396966934,0.015904000028967857,0.014912000112235545,0.014655999839305878,0.000636791800919355,5,0.0014400000218302011,0.0014720000326633453,0.0014592000283300877,0.0014720000326633453,1.5676739660947454e-05,5,2048,32,4,32,1,9216,FLASHINFER,"[1024, 1024]","[0, 0]","[128, 128]",2,2,2,4,2048,2,2050,128,0.5,true_mixed,True,False,True,4,0,0,False,0,0,BF16,CUDA_EVENT,generic,generic,none
0.005216000135987997,0.01142400037497282,0.00797440018504858,0.006688000168651342,0.0025107584625894946,5,0.028896000236272812,0.030432000756263733,0.029497600346803664,0.02937600016593933,0.0005053165814193838,5,0.10115200281143188,0.10729599744081497,0.10327679961919785,0.1021760031580925,0.0023034295186854558,5,0.015104000456631184,0.01679999940097332,0.01580160018056631,0.015456000342965126,0.000690310277755514,5,0.0014400000218302011,0.0014720000326633453,0.0014656000304967165,0.0014720000326633453,1.2800004333257675e-05,5,2048,32,4,32,1,9216,FLASHINFER,"[1024, 1024]","[0, 0]","[256, 256]",2,2,2,4,2048,2,2050,256,0.5,true_mixed,True,False,True,4,0,0,False,0,0,BF16,CUDA_EVENT,generic,generic,none
0.0025919999461621046,0.012671999633312225,0.007315199868753552,0.005888000130653381,0.003568744519927229,5,0.028896000236272812,0.03017600066959858,0.029664000123739244,0.03001599945127964,0.0005546257359210697,5,0.09961599856615067,0.10707200318574905,0.10250240117311478,0.10220800340175629,0.002505778937322287,5,0.015104000456631184,0.016127999871969223,0.01559040006250143,0.015552000142633915,0.0003272144907410811,5,0.0014720000326633453,0.0015040000434964895,0.001491200039163232,0.0015040000434964895,1.5676739660947454e-05,5,2048,32,4,32,1,9216,FLASHINFER,"[1024, 1024]","[0, 0]","[512, 512]",2,2,2,4,2048,2,2050,512,0.5,true_mixed,True,False,True,4,0,0,False,0,0,BF16,CUDA_EVENT,generic,generic,none
0.002176000038161874,0.013055999763309956,0.006739199953153729,0.005375999957323074,0.004092878748471068,5,0.029472000896930695,0.03136000037193298,0.03019520007073879,0.029983999207615852,0.0006363414844909161,5,0.09987200051546097,0.10784000158309937,0.10307199954986572,0.10175999999046326,0.0027569817415199435,5,0.016063999384641647,0.019200000911951065,0.017363200336694716,0.01692800037562847,0.001152462468477148,5,0.0014720000326633453,0.0015040000434964895,0.001484800036996603,0.0014720000326633453,1.5676739660947454e-05,5,2048,32,4,32,1,9216,FLASHINFER,"[1024, 1024]","[0, 0]","[1024, 1024]",2,2,2,4,2048,2,2050,1024,0.5,true_mixed,True,False,True,4,0,0,False,0,0,BF16,CUDA_EVENT,generic,generic,none
0.0014400000218302011,0.011648000217974186,0.004051200021058321,0.0014720000326633453,0.003950754855414166,5,0.029888000339269638,0.03203200176358223,0.030457600578665735,0.03017600066959858,0.0008038059056948844,5,0.1008640006184578,0.10739199817180634,0.10291839987039567,0.10208000242710114,0.0023024341073537916,5,0.01945599913597107,0.022016000002622604,0.021094400063157083,0.02131200022995472,0.0008799480654631137,5,0.0014400000218302011,0.0019839999731630087,0.0016576000023633241,0.0014720000326633453,0.00024150988521239681,5,2048,32,4,32,1,9216,FLASHINFER,"[1024, 1024]","[0, 0]","[2048, 2048]",2,2,2,4,2048,2,2050,2048,0.5,true_mixed,True,False,True,4,0,0,False,0,0,BF16,CUDA_EVENT,generic,generic,none
0.005183999892324209,0.012128000147640705,0.008576000202447176,0.009472000412642956,0.002461713347301514,5,0.02879999950528145,0.03097599931061268,0.029817599803209305,0.029823999851942062,0.0008505980053246245,5,0.09967999905347824,0.10857599973678589,0.10282879918813706,0.10134399682283401,0.003112045685009877,5,0.015072000212967396,0.016736000776290894,0.01569920051842928,0.01571200042963028,0.0005871282719345509,5,0.0014720000326633453,0.0015040000434964895,0.0014784000348299741,0.0014720000326633453,1.2800004333257675e-05,5,2048,32,4,32,1,9216,FLASHINFER,"[1024, 1024]","[0, 0]","[128, 128, 128, 128]",2,4,4,6,2048,4,2052,128,0.3333333333333333,true_mixed,True,False,True,6,0,0,False,0,0,BF16,CUDA_EVENT,generic,generic,none
0.002816000021994114,0.011455999687314034,0.007737599965184927,0.007040000054985285,0.0030398584401716638,5,0.02924799919128418,0.030592000111937523,0.029580799862742424,0.02937600016593933,0.00051103930397141,5,0.10140799731016159,0.106175996363163,0.1034751996397972,0.1027199998497963,0.0017704525647745306,5,0.015519999898970127,0.017343999817967415,0.016377600096166133,0.0161920003592968,0.0006679956997072093,5,0.0014720000326633453,0.0015040000434964895,0.001491200039163232,0.0015040000434964895,1.5676739660947454e-05,5,2048,32,4,32,1,9216,FLASHINFER,"[1024, 1024]","[0, 0]","[256, 256, 256, 256]",2,4,4,6,2048,4,2052,256,0.3333333333333333,true_mixed,True,False,True,6,0,0,False,0,0,BF16,CUDA_EVENT,generic,generic,none
0.0019839999731630087,0.011615999974310398,0.006009599985554814,0.0033599999733269215,0.003983422895354771,5,0.029600000008940697,0.03145600110292435,0.030297600105404852,0.03014400042593479,0.0006553053887164706,5,0.09971199929714203,0.10672000050544739,0.10252799838781357,0.10233599692583084,0.002484404535016674,5,0.01600000075995922,0.018751999363303185,0.016723199933767318,0.0161920003592968,0.001039797856854231,5,0.0014720000326633453,0.0015040000434964895,0.001491200039163232,0.0015040000434964895,1.5676739660947454e-05,5,2048,32,4,32,1,9216,FLASHINFER,"[1024, 1024]","[0, 0]","[512, 512, 512, 512]",2,4,4,6,2048,4,2052,512,0.3333333333333333,true_mixed,True,False,True,6,0,0,False,0,0,BF16,CUDA_EVENT,generic,generic,none
0.0014400000218302011,0.012319999746978283,0.004678399953991175,0.0014720000326633453,0.004331688969050117,5,0.029823999851942062,0.03110400028526783,0.030272000283002854,0.030208000913262367,0.0004520955797365729,5,0.10067199915647507,0.10918399691581726,0.10302719920873642,0.1011200025677681,0.003210579350913031,5,0.019551999866962433,0.02115200087428093,0.02040320001542568,0.020479999482631683,0.000649718524784375,5,0.0014400000218302011,0.001567999948747456,0.0014848000137135386,0.0014720000326633453,4.3406881959088265e-05,5,2048,32,4,32,1,9216,FLASHINFER,"[1024, 1024]","[0, 0]","[1024, 1024, 1024, 1024]",2,4,4,6,2048,4,2052,1024,0.3333333333333333,true_mixed,True,False,True,6,0,0,False,0,0,BF16,CUDA_EVENT,generic,generic,none
0.0014400000218302011,0.01244799979031086,0.004025599965825677,0.0014720000326633453,0.004270742494972985,5,0.03014400042593479,0.03235200047492981,0.031436800584197046,0.031808000057935715,0.000792308617365414,5,0.09942399710416794,0.10886400192975998,0.10263679921627045,0.10124800354242325,0.003367009603569942,5,0.02300800010561943,0.02393599972128868,0.023449600115418433,0.02332800067961216,0.00034070596251618824,5,0.001408000010997057,0.0014720000326633453,0.00144640002399683,0.0014400000218302011,2.3946615382136017e-05,5,2048,32,4,32,1,9216,FLASHINFER,"[1024, 1024]","[0, 0]","[2048, 2048, 2048, 2048]",2,4,4,6,2048,4,2052,2048,0.3333333333333333,true_mixed,True,False,True,6,0,0,False,0,0,BF16,CUDA_EVENT,generic,generic,none
0.005024000070989132,0.012128000147640705,0.008716800063848496,0.009952000342309475,0.0026650141920545405,5,0.028736000880599022,0.030432000756263733,0.02921600006520748,0.029055999591946602,0.0006247792935288118,5,0.10009600222110748,0.10611200332641602,0.1029312014579773,0.10265599936246872,0.0019835460256926066,5,0.015776000916957855,0.017920000478625298,0.016601600497961045,0.016416000202298164,0.000721356840710035,5,0.0014720000326633453,0.0015040000434964895,0.0014784000348299741,0.0014720000326633453,1.2800004333257675e-05,5,2048,32,4,32,1,9216,FLASHINFER,"[1024, 1024]","[0, 0]","[128, 128, 128, 128, 128, 128, 128, 128]",2,8,8,10,2048,8,2056,128,0.2,true_mixed,True,False,True,10,0,0,False,0,0,BF16,CUDA_EVENT,generic,generic,none
0.0037440001033246517,0.011776000261306763,0.006982400082051754,0.0046720001846551895,0.003304247575531447,5,0.029279999434947968,0.031647998839616776,0.02990719974040985,0.02953599952161312,0.0008781299533123097,5,0.10153599828481674,0.10867200046777725,0.10375040024518967,0.10195200145244598,0.0027242059188320074,5,0.01616000011563301,0.017343999817967415,0.016761599853634835,0.01692800037562847,0.00046035541270183085,5,0.0014720000326633453,0.0015040000434964895,0.0014976000413298607,0.0015040000434964895,1.2800004333257675e-05,5,2048,32,4,32,1,9216,FLASHINFER,"[1024, 1024]","[0, 0]","[256, 256, 256, 256, 256, 256, 256, 256]",2,8,8,10,2048,8,2056,256,0.2,true_mixed,True,False,True,10,0,0,False,0,0,BF16,CUDA_EVENT,generic,generic,none
0.001408000010997057,0.011552000418305397,0.004979200102388859,0.0014400000218302011,0.004418763316339164,5,0.029983999207615852,0.03171199932694435,0.030540799722075462,0.03033600002527237,0.0006043171941093843,5,0.10227199643850327,0.10735999792814255,0.10383999794721603,0.10268799960613251,0.001945958123943826,5,0.019487999379634857,0.02051199972629547,0.0200959999114275,0.020096000283956528,0.0003563371903975342,5,0.0014400000218302011,0.0016639999812468886,0.0014976000180467962,0.0014720000326633453,8.442178082054589e-05,5,2048,32,4,32,1,9216,FLASHINFER,"[1024, 1024]","[0, 0]","[512, 512, 512, 512, 512, 512, 512, 512]",2,8,8,10,2048,8,2056,512,0.2,true_mixed,True,False,True,10,0,0,False,0,0,BF16,CUDA_EVENT,generic,generic,none
0.0014400000218302011,0.012864000163972378,0.0039680000394582745,0.0014720000326633453,0.004471168497142351,5,0.030719999223947525,0.03174399957060814,0.031148799881339072,0.031039999797940254,0.00036519280324394783,5,0.10022400319576263,0.11110399663448334,0.10451840013265609,0.10249599814414978,0.003959752466892616,5,0.02348800003528595,0.025119999423623085,0.02417919971048832,0.02409599907696247,0.0005636359392666336,5,0.0014400000218302011,0.0014720000326633453,0.0014528000261634587,0.0014400000218302011,1.5676739660947454e-05,5,2048,32,4,32,1,9216,FLASHINFER,"[1024, 1024]","[0, 0]","[1024, 1024, 1024, 1024, 1024, 1024, 1024, 1024]",2,8,8,10,2048,8,2056,1024,0.2,true_mixed,True,False,True,10,0,0,False,0,0,BF16,CUDA_EVENT,generic,generic,none
0.0014400000218302011,0.012032000347971916,0.003692800085991621,0.0017600000137463212,0.0041723191215514545,5,0.02940800040960312,0.03280000016093254,0.030937600508332254,0.031231999397277832,0.0012501150833119617,5,0.10022400319576263,0.1056319996714592,0.10197120159864426,0.10092800110578537,0.0020590289994496668,5,0.029472000896930695,0.03161599859595299,0.030271999910473822,0.02969600073993206,0.0008735465199769723,5,0.0014400000218302011,0.0014720000326633453,0.0014528000261634587,0.0014400000218302011,1.5676739660947454e-05,5,2048,32,4,32,1,9216,FLASHINFER,"[1024, 1024]","[0, 0]","[2048, 2048, 2048, 2048, 2048, 2048, 2048, 2048]",2,8,8,10,2048,8,2056,2048,0.2,true_mixed,True,False,True,10,0,0,False,0,0,BF16,CUDA_EVENT,generic,generic,none
0.0014720000326633453,0.011392000131309032,0.005158399976789951,0.0025279999244958162,0.003855934981836206,5,0.030047999694943428,0.03145600110292435,0.030528000369668008,0.030208000913262367,0.0005385138025697767,5,0.10019200295209885,0.10543999820947647,0.10236160010099411,0.10147199779748917,0.0018897223854688837,5,0.016672000288963318,0.017823999747633934,0.017324799671769142,0.017343999817967415,0.00038110892350824927,5,0.0014720000326633453,0.0015040000434964895,0.001484800036996603,0.0014720000326633453,1.5676739660947454e-05,5,2048,32,4,32,1,9216,FLASHINFER,"[1024, 1024]","[0, 0]","[128, 128, 128, 128, 128, 128, 128, 128, 128, 128, 128, 128, 128, 128, 128, 128]",2,16,16,18,2048,16,2064,128,0.1111111111111111,true_mixed,True,False,True,18,0,0,False,0,0,BF16,CUDA_EVENT,generic,generic,none
0.0014400000218302011,0.012608000077307224,0.00487679997459054,0.0024319998919963837,0.004286977811439982,5,0.029920000582933426,0.03167999908328056,0.030374399945139886,0.030079999938607216,0.0006599758521950387,5,0.10188800096511841,0.10745599865913391,0.10367359966039658,0.10281600058078766,0.00196370457142119,5,0.020128000527620316,0.02239999920129776,0.020857600122690202,0.02054399996995926,0.0008124215542545091,5,0.0014400000218302011,0.0014720000326633453,0.00144640002399683,0.0014400000218302011,1.2800004333257675e-05,5,2048,32,4,32,1,9216,FLASHINFER,"[1024, 1024]","[0, 0]","[256, 256, 256, 256, 256, 256, 256, 256, 256, 256, 256, 256, 256, 256, 256, 256]",2,16,16,18,2048,16,2064,256,0.1111111111111111,true_mixed,True,False,True,18,0,0,False,0,0,BF16,CUDA_EVENT,generic,generic,none
0.0014400000218302011,0.012768000364303589,0.003961600083857775,0.0014400000218302011,0.00443101923516951,5,0.0307839997112751,0.032575998455286026,0.03142399974167347,0.03126399964094162,0.0006081678342655432,5,0.100832000374794,0.10729599744081497,0.10271999835968018,0.10185600072145462,0.002344007629303406,5,0.02412799932062626,0.025887999683618546,0.025119999423623085,0.025119999423623085,0.0005727911772480293,5,0.0014400000218302011,0.0014720000326633453,0.0014528000261634587,0.0014400000218302011,1.5676739660947454e-05,5,2048,32,4,32,1,9216,FLASHINFER,"[1024, 1024]","[0, 0]","[512, 512, 512, 512, 512, 512, 512, 512, 512, 512, 512, 512, 512, 512, 512, 512]",2,16,16,18,2048,16,2064,512,0.1111111111111111,true_mixed,True,False,True,18,0,0,False,0,0,BF16,CUDA_EVENT,generic,generic,none
0.0014400000218302011,0.011296000331640244,0.00341120008379221,0.0014400000218302011,0.003942400123924016,5,0.028863999992609024,0.03286400064826012,0.03118720054626465,0.03139200061559677,0.0013398185786712455,5,0.1000640019774437,0.10486400127410889,0.10273279994726181,0.10268799960613251,0.0018931026686118339,5,0.029472000896930695,0.03244800120592117,0.031110400706529616,0.03145600110292435,0.0010983790951116412,5,0.001408000010997057,0.0014720000326633453,0.0014400000218302011,0.0014400000218302011,2.0238583876559597e-05,5,2048,32,4,32,1,9216,FLASHINFER,"[1024, 1024]","[0, 0]","[1024, 1024, 1024, 1024, 1024, 1024, 1024, 1024, 1024, 1024, 1024, 1024, 1024, 1024, 1024, 1024]",2,16,16,18,2048,16,2064,1024,0.1111111111111111,true_mixed,True,False,True,18,0,0,False,0,0,BF16,CUDA_EVENT,generic,generic,none
0.0014400000218302011,0.013088000006973743,0.0037824000231921674,0.0014720000326633453,0.004652822000106772,5,0.021247999742627144,0.0318400003015995,0.023455999791622162,0.021407999098300934,0.004192513197111571,5,0.09241600334644318,0.10627199709415436,0.09701119959354401,0.09356799721717834,0.00524919205413945,5,0.04198399931192398,0.044704001396894455,0.04344319999217987,0.04342399910092354,0.0009468115543466585,5,0.0014400000218302011,0.0021120000164955854,0.0016576000256463886,0.0014400000218302011,0.00027852870761915836,5,2048,32,4,32,1,9216,FLASHINFER,"[1024, 1024]","[0, 0]","[2048, 2048, 2048, 2048, 2048, 2048, 2048, 2048, 2048, 2048, 2048, 2048, 2048, 2048, 2048, 2048]",2,16,16,18,2048,16,2064,2048,0.1111111111111111,true_mixed,True,False,True,18,0,0,False,0,0,BF16,CUDA_EVENT,generic,generic,none
0.0014400000218302011,0.011327999643981457,0.0037951999343931674,0.0014720000326633453,0.003833626563117598,5,0.030208000913262367,0.03190400078892708,0.030739200487732887,0.030592000111937523,0.0005995540432652459,5,0.10140799731016159,0.10678400099277496,0.10303999930620193,0.10179200023412704,0.0019971698637983324,5,0.02115200087428093,0.022975999861955643,0.021804799884557725,0.021695999428629875,0.000647823943072237,5,0.0014400000218302011,0.0018240000354126096,0.0016000000294297933,0.0014720000326633453,0.00017053328214402416,5,2048,32,4,32,1,9216,FLASHINFER,"[1024, 1024]","[0, 0]","[128, 128, 128, 128, 128, 128, 128, 128, 128, 128, 128, 128, 128, 128, 128, 128, 128, 128, 128, 128, 128, 128, 128, 128, 128, 128, 128, 128, 128, 128, 128, 128]",2,32,32,34,2048,32,2080,128,0.058823529411764705,true_mixed,True,False,True,34,0,0,False,0,0,BF16,CUDA_EVENT,generic,generic,none
0.0014720000326633453,0.012736000120639801,0.003980800020508468,0.0017600000137463212,0.004392591918637302,5,0.02985600009560585,0.03308799862861633,0.031334399804472925,0.03097599931061268,0.0010848703872893435,5,0.100832000374794,0.10787200182676315,0.10330240130424499,0.10118400305509567,0.0029064313584654146,5,0.025407999753952026,0.02675200067460537,0.02584960013628006,0.025631999596953392,0.000508145921058715,5,0.0014400000218302011,0.0014720000326633453,0.0014592000283300877,0.0014720000326633453,1.5676739660947454e-05,5,2048,32,4,32,1,9216,FLASHINFER,"[1024, 1024]","[0, 0]","[256, 256, 256, 256, 256, 256, 256, 256, 256, 256, 256, 256, 256, 256, 256, 256, 256, 256, 256, 256, 256, 256, 256, 256, 256, 256, 256, 256, 256, 256, 256, 256]",2,32,32,34,2048,32,2080,256,0.058823529411764705,true_mixed,True,False,True,34,0,0,False,0,0,BF16,CUDA_EVENT,generic,generic,none
0.001408000010997057,0.011008000001311302,0.0033472000155597924,0.0014400000218302011,0.0038304200429622043,5,0.026016000658273697,0.03324799984693527,0.029932800307869913,0.031328000128269196,0.0026639378174081285,5,0.09967999905347824,0.10710400342941284,0.10200320035219193,0.1016639992594719,0.0026939073350530076,5,0.031007999554276466,0.03161599859595299,0.03142400048673153,0.03152000159025192,0.0002170348389113297,5,0.0014400000218302011,0.0014720000326633453,0.0014528000261634587,0.0014400000218302011,1.5676739660947454e-05,5,2048,32,4,32,1,9216,FLASHINFER,"[1024, 1024]","[0, 0]","[512, 512, 512, 512, 512, 512, 512, 512, 512, 512, 512, 512, 512, 512, 512, 512, 512, 512, 512, 512, 512, 512, 512, 512, 512, 512, 512, 512, 512, 512, 512, 512]",2,32,32,34,2048,32,2080,512,0.058823529411764705,true_mixed,True,False,True,34,0,0,False,0,0,BF16,CUDA_EVENT,generic,generic,none
0.0014400000218302011,0.011807999573647976,0.0035327999386936424,0.0014400000218302011,0.004137766867589698,5,0.021183999255299568,0.03215999901294708,0.02356479987502098,0.021376000717282295,0.004304997551801172,5,0.08963199704885483,0.10684800148010254,0.09600639790296554,0.09350399672985077,0.0059830741530548515,5,0.042527999728918076,0.045951999723911285,0.0442111998796463,0.04390399903059006,0.0011933212468467802,5,0.0014400000218302011,0.0018240000354126096,0.0015168000245466828,0.0014400000218302011,0.00015360000543296337,5,2048,32,4,32,1,9216,FLASHINFER,"[1024, 1024]","[0, 0]","[1024, 1024, 1024, 1024, 1024, 1024, 1024, 1024, 1024, 1024, 1024, 1024, 1024, 1024, 1024, 1024, 1024, 1024, 1024, 1024, 1024, 1024, 1024, 1024, 1024, 1024, 1024, 1024, 1024, 1024, 1024, 1024]",2,32,32,34,2048,32,2080,1024,0.058823529411764705,true_mixed,True,False,True,34,0,0,False,0,0,BF16,CUDA_EVENT,generic,generic,none
0.0014400000218302011,0.013024000450968742,0.0038784001022577285,0.0014720000326633453,0.004577293417065893,5,0.020479999482631683,0.031808000057935715,0.02282239980995655,0.020640000700950623,0.00449339267855446,5,0.07868800312280655,0.10665600001811981,0.08452479988336563,0.07897599786520004,0.01106794105216641,5,0.06265600025653839,0.06486400216817856,0.06372480094432831,0.06406400352716446,0.0008316553962384398,5,0.0014400000218302011,0.0015040000434964895,0.0014528000261634587,0.0014400000218302011,2.5600008666515353e-05,5,2048,32,4,32,1,9216,FLASHINFER,"[1024, 1024]","[0, 0]","[2048, 2048, 2048, 2048, 2048, 2048, 2048, 2048, 2048, 2048, 2048, 2048, 2048, 2048, 2048, 2048, 2048, 2048, 2048, 2048, 2048, 2048, 2048, 2048, 2048, 2048, 2048, 2048, 2048, 2048, 2048, 2048]",2,32,32,34,2048,32,2080,2048,0.058823529411764705,true_mixed,True,False,True,34,0,0,False,0,0,BF16,CUDA_EVENT,generic,generic,none
0.0014400000218302011,0.012415999546647072,0.003955199941992759,0.0014720000326633453,0.004270895843851469,5,0.03033600002527237,0.03206399828195572,0.03102719970047474,0.03097599931061268,0.0005940628574917223,5,0.10089600086212158,0.1072319969534874,0.10281600058078766,0.10195200145244598,0.0022976783130737844,5,0.021888000890612602,0.0226879995316267,0.022387199848890305,0.022431999444961548,0.00029230503791287637,5,0.001408000010997057,0.0014400000218302011,0.0014336000196635724,0.0014400000218302011,1.2800004333257675e-05,5,2048,32,4,32,1,9216,FLASHINFER,"[1024, 1024]","[0, 0]","[128, 128, 128, 128, 128, 128, 128, 128, 128, 128, 128, 128, 128, 128, 128, 128, 128, 128, 128, 128, 128, 128, 128, 128, 128, 128, 128, 128, 128, 128, 128, 128, 128, 128, 128, 128, 128, 128, 128, 128, 128, 128, 128, 128, 128, 128, 128, 128, 128, 128, 128, 128, 128, 128, 128, 128, 128, 128, 128, 128, 128, 128, 128, 128]",2,64,64,66,2048,64,2112,128,0.030303030303030304,true_mixed,True,False,True,66,0,0,False,0,0,BF16,CUDA_EVENT,generic,generic,none
0.0014720000326633453,0.012703999876976013,0.0038463999982923268,0.0017920000245794654,0.004431111474752082,5,0.028192000463604927,0.03209599852561951,0.030457599833607674,0.03081599995493889,0.001448493339934655,5,0.09961599856615067,0.1069440022110939,0.10248959958553314,0.10195200145244598,0.002554667477514971,5,0.027775999158620834,0.029152000322937965,0.028377600014209747,0.028224000707268715,0.00046916872524570226,5,0.0014400000218302011,0.0014400000218302011,0.0014400000218302011,0.0014400000218302011,0.0,5,2048,32,4,32,1,9216,FLASHINFER,"[1024, 1024]","[0, 0]","[256, 256, 256, 256, 256, 256, 256, 256, 256, 256, 256, 256, 256, 256, 256, 256, 256, 256, 256, 256, 256, 256, 256, 256, 256, 256, 256, 256, 256, 256, 256, 256, 256, 256, 256, 256, 256, 256, 256, 256, 256, 256, 256, 256, 256, 256, 256, 256, 256, 256, 256, 256, 256, 256, 256, 256, 256, 256, 256, 256, 256, 256, 256, 256]",2,64,64,66,2048,64,2112,256,0.030303030303030304,true_mixed,True,False,True,66,0,0,False,0,0,BF16,CUDA_EVENT,generic,generic,none
0.001408000010997057,0.01228800043463707,0.003692800109274685,0.0014400000218302011,0.004301285850035655,5,0.021503999829292297,0.03145600110292435,0.023878400027751923,0.021663999184966087,0.0038408217681271625,5,0.09161599725484848,0.10665600001811981,0.09848959892988204,0.09747199714183807,0.004965237342814502,5,0.039872001856565475,0.04108799993991852,0.04052480012178421,0.04057599976658821,0.00039118551316663067,5,0.001408000010997057,0.0014400000218302011,0.0014208000153303145,0.001408000010997057,1.5676739660947454e-05,5,2048,32,4,32,1,9216,FLASHINFER,"[1024, 1024]","[0, 0]","[512, 512, 512, 512, 512, 512, 512, 512, 512, 512, 512, 512, 512, 512, 512, 512, 512, 512, 512, 512, 512, 512, 512, 512, 512, 512, 512, 512, 512, 512, 512, 512, 512, 512, 512, 512, 512, 512, 512, 512, 512, 512, 512, 512, 512, 512, 512, 512, 512, 512, 512, 512, 512, 512, 512, 512, 512, 512, 512, 512, 512, 512, 512, 512]",2,64,64,66,2048,64,2112,512,0.030303030303030304,true_mixed,True,False,True,66,0,0,False,0,0,BF16,CUDA_EVENT,generic,generic,none
0.0014400000218302011,0.01142400037497282,0.0035136000951752067,0.0014720000326633453,0.003956908508593112,5,0.020896000787615776,0.031039999797940254,0.023033599928021432,0.021023999899625778,0.004005469474351174,5,0.07823999971151352,0.1072319969534874,0.08617600053548813,0.08032000064849854,0.010823021102711796,5,0.05926400050520897,0.05987200140953064,0.059558399766683576,0.059487998485565186,0.00021168486891094365,5,0.001408000010997057,0.0014720000326633453,0.0014400000218302011,0.0014400000218302011,2.0238583876559597e-05,5,2048,32,4,32,1,9216,FLASHINFER,"[1024, 1024]","[0, 0]","[1024, 1024, 1024, 1024, 1024, 1024, 1024, 1024, 1024, 1024, 1024, 1024, 1024, 1024, 1024, 1024, 1024, 1024, 1024, 1024, 1024, 1024, 1024, 1024, 1024, 1024, 1024, 1024, 1024, 1024, 1024, 1024, 1024, 1024, 1024, 1024, 1024, 1024, 1024, 1024, 1024, 1024, 1024, 1024, 1024, 1024, 1024, 1024, 1024, 1024, 1024, 1024, 1024, 1024, 1024, 1024, 1024, 1024, 1024, 1024, 1024, 1024, 1024, 1024]",2,64,64,66,2048,64,2112,1024,0.030303030303030304,true_mixed,True,False,True,66,0,0,False,0,0,BF16,CUDA_EVENT,generic,generic,none
0.0014400000218302011,0.011487999930977821,0.003456000005826354,0.0014400000218302011,0.004016019086049305,5,0.020864000543951988,0.03171199932694435,0.02327040024101734,0.02112000063061714,0.004226975461002259,5,0.07817599922418594,0.10662399977445602,0.08431999981403351,0.07916799932718277,0.011161900905477537,5,0.09577599912881851,0.09676799923181534,0.09632640033960342,0.09622400254011154,0.00038898060633103863,5,0.0014400000218302011,0.0014400000218302011,0.0014400000218302011,0.0014400000218302011,0.0,5,2048,32,4,32,1,9216,FLASHINFER,"[1024, 1024]","[0, 0]","[2048, 2048, 2048, 2048, 2048, 2048, 2048, 2048, 2048, 2048, 2048, 2048, 2048, 2048, 2048, 2048, 2048, 2048, 2048, 2048, 2048, 2048, 2048, 2048, 2048, 2048, 2048, 2048, 2048, 2048, 2048, 2048, 2048, 2048, 2048, 2048, 2048, 2048, 2048, 2048, 2048, 2048, 2048, 2048, 2048, 2048, 2048, 2048, 2048, 2048, 2048, 2048, 2048, 2048, 2048, 2048, 2048, 2048, 2048, 2048, 2048, 2048, 2048, 2048]",2,64,64,66,2048,64,2112,2048,0.030303030303030304,true_mixed,True,False,True,66,0,0,False,0,0,BF16,CUDA_EVENT,generic,generic,none
0.009824000298976898,0.01119999960064888,0.01063039992004633,0.010751999914646149,0.0005081451961546059,5,0.019071999937295914,0.02070399932563305,0.019622400030493738,0.019168000668287277,0.000654679318577127,5,0.041919998824596405,0.04614400118589401,0.04402560070157051,0.044064000248909,0.0014147336904970413,5,0.03574400022625923,0.0390079990029335,0.03696639984846115,0.03699199855327606,0.0012082952354446467,5,0.009056000038981438,0.01065600011497736,0.009664000011980534,0.009535999968647957,0.0005358447959956917,5,2048,32,4,32,1,9216,FLASHINFER,"[64, 64, 64, 64]","[0, 0, 0, 0]",[128],4,1,1,5,256,1,257,128,0.8,true_mixed,True,False,True,5,0,0,False,0,0,BF16,CUDA_EVENT,generic,generic,none
0.009824000298976898,0.012160000391304493,0.010592000186443329,0.010432000271975994,0.0008258233211579103,5,0.018880000337958336,0.021215999498963356,0.019539199769496918,0.01913600042462349,0.0008599845417066798,5,0.04224000126123428,0.04710400104522705,0.044121600687503815,0.04294399917125702,0.0020354011439577585,5,0.035840000957250595,0.04499199986457825,0.03802239969372749,0.03596799820661545,0.0035281594691206563,5,0.009184000082314014,0.010048000141978264,0.00948480013757944,0.009344000369310379,0.0003033086743805976,5,2048,32,4,32,1,9216,FLASHINFER,"[64, 64, 64, 64]","[0, 0, 0, 0]",[256],4,1,1,5,256,1,257,256,0.8,true_mixed,True,False,True,5,0,0,False,0,0,BF16,CUDA_EVENT,generic,generic,none
0.010015999898314476,0.01142400037497282,0.010643200017511845,0.010528000071644783,0.0004864002234841969,5,0.019168000668287277,0.0208320003002882,0.01985280029475689,0.019392000511288643,0.0006918514197307182,5,0.04243199899792671,0.0461760014295578,0.0442560002207756,0.04364800080657005,0.0015271750968547605,5,0.03654399886727333,0.038784001022577286,0.03722880035638809,0.036928001791238785,0.0007977187418698188,5,0.009056000038981438,0.010304000228643417,0.009548800252377986,0.009472000412642956,0.00041506358559244424,5,2048,32,4,32,1,9216,FLASHINFER,"[64, 64, 64, 64]","[0, 0, 0, 0]",[512],4,1,1,5,256,1,257,512,0.8,true_mixed,True,False,True,5,0,0,False,0,0,BF16,CUDA_EVENT,generic,generic,none
0.010015999898314476,0.01152000017464161,0.010591999813914298,0.01033599954098463,0.0005195445859587707,5,0.019071999937295914,0.02163200080394745,0.019936000183224677,0.019648000597953796,0.000884960904095713,5,0.04227200150489807,0.048928000032901764,0.04450559988617897,0.043616000562906265,0.002364918867286375,5,0.03651199862360954,0.03846399858593941,0.037062399089336395,0.03673600032925606,0.0007317860363227735,5,0.009151999838650227,0.009664000011980534,0.009433599933981896,0.009472000412642956,0.00020379763021597015,5,2048,32,4,32,1,9216,FLASHINFER,"[64, 64, 64, 64]","[0, 0, 0, 0]",[1024],4,1,1,5,256,1,257,1024,0.8,true_mixed,True,False,True,5,0,0,False,0,0,BF16,CUDA_EVENT,generic,generic,none
0.009568000212311745,0.011935999616980553,0.010476799868047237,0.01027199998497963,0.0007884216323683723,5,0.01894400082528591,0.02127999998629093,0.019513600319623948,0.01913600042462349,0.0008866712715544144,5,0.04259200021624565,0.046751998364925385,0.04406399950385094,0.04355200007557869,0.0014588623626632417,5,0.03574400022625923,0.03859199956059456,0.03701759949326515,0.03711999952793121,0.0009971270531693548,5,0.008736000396311283,0.013024000450968742,0.009836800396442413,0.009216000325977802,0.0016090114466987982,5,2048,32,4,32,1,9216,FLASHINFER,"[64, 64, 64, 64]","[0, 0, 0, 0]",[2048],4,1,1,5,256,1,257,2048,0.8,true_mixed,True,False,True,5,0,0,False,0,0,BF16,CUDA_EVENT,generic,generic,none
0.010015999898314476,0.012608000077307224,0.010931199789047242,0.01071999967098236,0.0008853308782948773,5,0.019231999292969704,0.021247999742627144,0.019897600263357164,0.019648000597953796,0.00071479710460952,5,0.041728001087903976,0.04793599992990494,0.04458240047097206,0.04387199878692627,0.0023416827089157446,5,0.036320000886917114,0.038784001022577286,0.037567999958992,0.03743999823927879,0.0008062474746822347,5,0.009375999681651592,0.010688000358641148,0.009823999926447868,0.009727999567985535,0.0004772188321927026,5,2048,32,4,32,1,9216,FLASHINFER,"[64, 64, 64, 64]","[0, 0, 0, 0]","[128, 128]",4,2,2,6,256,2,258,128,0.6666666666666666,true_mixed,True,False,True,6,0,0,False,0,0,BF16,CUDA_EVENT,generic,generic,none
0.00979200005531311,0.012000000104308128,0.010310399904847145,0.0098879998549819,0.0008469790983957206,5,0.019039999693632126,0.025919999927282333,0.020972799882292746,0.01929599978029728,0.0026323068220854536,5,0.04291199892759323,0.047968000173568726,0.04462080001831055,0.044319998472929,0.0017871477623717705,5,0.036959998309612274,0.03891199827194214,0.037542399019002914,0.03705599904060364,0.0007505757017625175,5,0.008832000195980072,0.009696000255644321,0.009318400174379349,0.009312000125646591,0.00031183184933798123,5,2048,32,4,32,1,9216,FLASHINFER,"[64, 64, 64, 64]","[0, 0, 0, 0]","[256, 256]",4,2,2,6,256,2,258,256,0.6666666666666666,true_mixed,True,False,True,6,0,0,False,0,0,BF16,CUDA_EVENT,generic,generic,none
0.0098879998549819,0.012128000147640705,0.010592000000178814,0.010400000028312206,0.0007962793929750466,5,0.018880000337958336,0.022207999601960182,0.020012800022959708,0.01945599913597107,0.0012098537895446333,5,0.04214400053024292,0.04944000020623207,0.04410240054130554,0.04323200136423111,0.0027046644746242447,5,0.03561599925160408,0.040800001472234726,0.03738880008459091,0.03702399879693985,0.0018044829647195627,5,0.008832000195980072,0.010080000385642052,0.009459200128912926,0.009440000168979168,0.0004532719976751487,5,2048,32,4,32,1,9216,FLASHINFER,"[64, 64, 64, 64]","[0, 0, 0, 0]","[512, 512]",4,2,2,6,256,2,258,512,0.6666666666666666,true_mixed,True,False,True,6,0,0,False,0,0,BF16,CUDA_EVENT,generic,generic,none
0.009727999567985535,0.01360000018030405,0.010719999857246875,0.010015999898314476,0.0014502746333473486,5,0.018719999119639397,0.022175999358296394,0.019839999824762346,0.01897599920630455,0.001308169983978168,5,0.04179200157523155,0.04809600114822388,0.04380800053477287,0.04297599941492081,0.002254308543854007,5,0.035840000957250595,0.039264000952243805,0.03703680112957954,0.03680000081658363,0.00125276622663532,5,0.009312000125646591,0.00979200005531311,0.009542400203645229,0.009568000212311745,0.00018920629618295065,5,2048,32,4,32,1,9216,FLASHINFER,"[64, 64, 64, 64]","[0, 0, 0, 0]","[1024, 1024]",4,2,2,6,256,2,258,1024,0.6666666666666666,true_mixed,True,False,True,6,0,0,False,0,0,BF16,CUDA_EVENT,generic,generic,none
0.010528000071644783,0.012896000407636166,0.011078400164842605,0.01065600011497736,0.0009137444209143112,5,0.018751999363303185,0.021056000143289566,0.0195007998496294,0.019039999693632126,0.000836566269491411,5,0.04163200035691261,0.04774399846792221,0.04364160001277924,0.04259200021624565,0.002183834409294633,5,0.03667199984192848,0.038975998759269714,0.03747199922800064,0.037151999771595,0.0008054849352916011,5,0.009056000038981438,0.010495999827980995,0.009811199828982353,0.009631999768316746,0.0005333929365925778,5,2048,32,4,32,1,9216,FLASHINFER,"[64, 64, 64, 64]","[0, 0, 0, 0]","[2048, 2048]",4,2,2,6,256,2,258,2048,0.6666666666666666,true_mixed,True,False,True,6,0,0,False,0,0,BF16,CUDA_EVENT,generic,generic,none
0.009759999811649323,0.012512000277638435,0.010476800054311753,0.009952000342309475,0.0010293063541523743,5,0.01836800016462803,0.021376000717282295,0.019302399829030037,0.018783999606966972,0.001101358320627878,5,0.041760001331567764,0.04636799916625023,0.04359039962291718,0.04281599819660187,0.001672029643324587,5,0.03516799956560135,0.037696000188589096,0.03643520027399063,0.03641600161790848,0.0010039239938071235,5,0.008960000239312649,0.009727999567985535,0.00927360001951456,0.009184000082314014,0.00025391125907960337,5,2048,32,4,32,1,9216,FLASHINFER,"[64, 64, 64, 64]","[0, 0, 0, 0]","[128, 128, 128, 128]",4,4,4,8,256,4,260,128,0.5,true_mixed,True,False,True,8,0,0,False,0,0,BF16,CUDA_EVENT,generic,generic,none
0.01017600018531084,0.012671999633312225,0.010879999957978725,0.010528000071644783,0.0009071306791437534,5,0.018912000581622124,0.02127999998629093,0.019776000082492827,0.019648000597953796,0.0008037032883693627,5,0.04214400053024292,0.04700800031423569,0.04384640082716942,0.04275200143456459,0.0017994586114038415,5,0.03561599925160408,0.04569600149989128,0.03996800035238266,0.039712000638246536,0.0038243420996466773,5,0.00902399979531765,0.010208000428974628,0.009446400031447411,0.009312000125646591,0.00044772584707292835,5,2048,32,4,32,1,9216,FLASHINFER,"[64, 64, 64, 64]","[0, 0, 0, 0]","[256, 256, 256, 256]",4,4,4,8,256,4,260,256,0.5,true_mixed,True,False,True,8,0,0,False,0,0,BF16,CUDA_EVENT,generic,generic,none
0.009983999654650688,0.012671999633312225,0.010809599980711937,0.01056000031530857,0.0009841026789457665,5,0.018880000337958336,0.02271999977529049,0.01998720020055771,0.01942400075495243,0.0014125887537664358,5,0.04217600077390671,0.046720001846551895,0.04344320073723793,0.04291199892759323,0.0016756030455506023,5,0.03561599925160408,0.039135999977588654,0.036646398901939395,0.036031998693943024,0.00127477380017059,5,0.009119999594986439,0.009503999724984169,0.009324799664318562,0.009375999681651592,0.00013053494373870618,5,2048,32,4,32,1,9216,FLASHINFER,"[64, 64, 64, 64]","[0, 0, 0, 0]","[512, 512, 512, 512]",4,4,4,8,256,4,260,512,0.5,true_mixed,True,False,True,8,0,0,False,0,0,BF16,CUDA_EVENT,generic,generic,none
0.01027199998497963,0.013024000450968742,0.010995200090110301,0.010432000271975994,0.0010326833392309209,5,0.018848000094294548,0.02143999934196472,0.019923199713230134,0.019807999953627586,0.0008892543532540496,5,0.0427200011909008,0.049375999718904495,0.044960000365972516,0.04399999976158142,0.0023836879769343917,5,0.037087999284267426,0.03964800015091896,0.03781760036945343,0.03728000074625015,0.0009568803694904236,5,0.008832000195980072,0.0098879998549819,0.009452799893915653,0.009727999567985535,0.0004248171479609851,5,2048,32,4,32,1,9216,FLASHINFER,"[64, 64, 64, 64]","[0, 0, 0, 0]","[1024, 1024, 1024, 1024]",4,4,4,8,256,4,260,1024,0.5,true_mixed,True,False,True,8,0,0,False,0,0,BF16,CUDA_EVENT,generic,generic,none
0.010111999697983265,0.011711999773979187,0.010540799796581268,0.010367999784648418,0.0005981860672133403,5,0.018751999363303185,0.02147199958562851,0.01974399946630001,0.019487999379634857,0.000923686591176623,5,0.040800001472234726,0.046431999653577805,0.04332800060510635,0.04303999990224838,0.0020477996909495266,5,0.036896001547575,0.03840000182390213,0.037779200822114944,0.037856001406908035,0.0005170154059455648,5,0.008799999952316284,0.009568000212311745,0.009203200042247773,0.009312000125646591,0.00027273331812417007,5,2048,32,4,32,1,9216,FLASHINFER,"[64, 64, 64, 64]","[0, 0, 0, 0]","[2048, 2048, 2048, 2048]",4,4,4,8,256,4,260,2048,0.5,true_mixed,True,False,True,8,0,0,False,0,0,BF16,CUDA_EVENT,generic,generic,none
0.009855999611318111,0.01158399973064661,0.010438399948179721,0.01017600018531084,0.000608639571848341,5,0.018848000094294548,0.02038400061428547,0.01931520029902458,0.0191040001809597,0.0005451659898244443,5,0.04243199899792671,0.047231998294591904,0.043820799142122266,0.04339199885725975,0.0017689485484448438,5,0.03548799827694893,0.038015998899936676,0.036607999354600906,0.036607999354600906,0.0009192413971751188,5,0.008895999751985073,0.009759999811649323,0.009388799779117107,0.00940799992531538,0.0003033087176138375,5,2048,32,4,32,1,9216,FLASHINFER,"[64, 64, 64, 64]","[0, 0, 0, 0]","[128, 128, 128, 128, 128, 128, 128, 128]",4,8,8,12,256,8,264,128,0.3333333333333333,true_mixed,True,False,True,12,0,0,False,0,0,BF16,CUDA_EVENT,generic,generic,none
0.010015999898314476,0.011231999844312668,0.010476799868047237,0.010239999741315842,0.00048174608399508895,5,0.018912000581622124,0.026208000257611275,0.02085760049521923,0.019200000911951065,0.002753740644300284,5,0.04243199899792671,0.047807998955249786,0.04392959922552109,0.0424639992415905,0.002092065878681519,5,0.036288000643253326,0.0382080003619194,0.03701760023832321,0.036768000572919846,0.0006474446000716858,5,0.00886400043964386,0.009855999611318111,0.00930559989064932,0.009119999594986439,0.00038474580129009615,5,2048,32,4,32,1,9216,FLASHINFER,"[64, 64, 64, 64]","[0, 0, 0, 0]","[256, 256, 256, 256, 256, 256, 256, 256]",4,8,8,12,256,8,264,256,0.3333333333333333,true_mixed,True,False,True,12,0,0,False,0,0,BF16,CUDA_EVENT,generic,generic,none
0.010080000385642052,0.012480000033974648,0.010771200060844421,0.010367999784648418,0.0008743908216770626,5,0.01897599920630455,0.02179200015962124,0.01969279982149601,0.019168000668287277,0.0010672085822437916,5,0.0416640006005764,0.04790399968624115,0.043667200952768326,0.04275200143456459,0.002307694296717653,5,0.036639999598264694,0.03891199827194214,0.03733119964599609,0.03699199855327606,0.0008257234718279251,5,0.009312000125646591,0.012480000033974648,0.01017600018531084,0.009600000455975533,0.001189952503535865,5,2048,32,4,32,1,9216,FLASHINFER,"[64, 64, 64, 64]","[0, 0, 0, 0]","[512, 512, 512, 512, 512, 512, 512, 512]",4,8,8,12,256,8,264,512,0.3333333333333333,true_mixed,True,False,True,12,0,0,False,0,0,BF16,CUDA_EVENT,generic,generic,none
0.01027199998497963,0.012736000120639801,0.010848000086843968,0.010400000028312206,0.0009499204475278364,5,0.018880000337958336,0.02195199951529503,0.02014079988002777,0.01958400011062622,0.0011322028388934303,5,0.04259200021624565,0.04729599878191948,0.04408320039510727,0.0435199998319149,0.0017125943646647333,5,0.037376001477241516,0.03923200070858002,0.03800320029258728,0.03782400116324425,0.000641470282009212,5,0.008927999995648861,0.009952000342309475,0.00951039995998144,0.00940799992531538,0.00037558793876959486,5,2048,32,4,32,1,9216,FLASHINFER,"[64, 64, 64, 64]","[0, 0, 0, 0]","[1024, 1024, 1024, 1024, 1024, 1024, 1024, 1024]",4,8,8,12,256,8,264,1024,0.3333333333333333,true_mixed,True,False,True,12,0,0,False,0,0,BF16,CUDA_EVENT,generic,generic,none
0.010143999941647053,0.011807999573647976,0.010751999914646149,0.01056000031530857,0.0005865696030054931,5,0.019551999866962433,0.021407999098300934,0.020057599991559982,0.019648000597953796,0.0007032428209941408,5,0.04275200143456459,0.051263999193906784,0.04503680020570755,0.043616000562906265,0.003149527894509066,5,0.039712000638246536,0.04150399938225746,0.04046720042824745,0.040352001786231995,0.0006063468427187394,5,0.009119999594986439,0.010432000271975994,0.009606399945914746,0.009440000168979168,0.0004576784477778062,5,2048,32,4,32,1,9216,FLASHINFER,"[64, 64, 64, 64]","[0, 0, 0, 0]","[2048, 2048, 2048, 2048, 2048, 2048, 2048, 2048]",4,8,8,12,256,8,264,2048,0.3333333333333333,true_mixed,True,False,True,12,0,0,False,0,0,BF16,CUDA_EVENT,generic,generic,none
0.009920000098645687,0.012512000277638435,0.010643200017511845,0.010304000228643417,0.000947459548403093,5,0.018624000251293182,0.020640000700950623,0.01929600052535534,0.019168000668287277,0.000704872345287235,5,0.04179200157523155,0.044863998889923096,0.0430527999997139,0.04281599819660187,0.0010965492180276808,5,0.03519999980926514,0.03907199949026108,0.03638399988412857,0.03564799949526787,0.0014399286584815018,5,0.008671999908983707,0.009472000412642956,0.009017600119113922,0.008991999551653862,0.0002665046212035122,5,2048,32,4,32,1,9216,FLASHINFER,"[64, 64, 64, 64]","[0, 0, 0, 0]","[128, 128, 128, 128, 128, 128, 128, 128, 128, 128, 128, 128, 128, 128, 128, 128]",4,16,16,20,256,16,272,128,0.2,true_mixed,True,False,True,20,0,0,False,0,0,BF16,CUDA_EVENT,generic,generic,none
0.010015999898314476,0.012032000347971916,0.01068159993737936,0.010463999584317207,0.0006962190030739953,5,0.019168000668287277,0.021568000316619873,0.019910399988293647,0.019551999866962433,0.0008513203809135335,5,0.04275200143456459,0.05321599915623665,0.04590080007910728,0.044096000492572784,0.00390497524761782,5,0.03680000081658363,0.04016000032424927,0.03779840096831322,0.03728000074625015,0.0012329593074062594,5,0.009247999638319016,0.010463999584317207,0.009612799994647503,0.009440000168979168,0.0004385749833861893,5,2048,32,4,32,1,9216,FLASHINFER,"[64, 64, 64, 64]","[0, 0, 0, 0]","[256, 256, 256, 256, 256, 256, 256, 256, 256, 256, 256, 256, 256, 256, 256, 256]",4,16,16,20,256,16,272,256,0.2,true_mixed,True,False,True,20,0,0,False,0,0,BF16,CUDA_EVENT,generic,generic,none
0.009824000298976898,0.011744000017642975,0.010560000129044057,0.010304000228643417,0.000689003818906668,5,0.01836800016462803,0.021023999899625778,0.01921279989182949,0.01881599985063076,0.0009315462952756146,5,0.04185599833726883,0.04700800031423569,0.04352639988064766,0.04307200014591217,0.0018276905218872104,5,0.03753599897027016,0.03907199949026108,0.03813119977712631,0.037728000432252884,0.0006262851333169162,5,0.00886400043964386,0.0098879998549819,0.009401599876582623,0.009503999724984169,0.0004468096747961242,5,2048,32,4,32,1,9216,FLASHINFER,"[64, 64, 64, 64]","[0, 0, 0, 0]","[512, 512, 512, 512, 512, 512, 512, 512, 512, 512, 512, 512, 512, 512, 512, 512]",4,16,16,20,256,16,272,512,0.2,true_mixed,True,False,True,20,0,0,False,0,0,BF16,CUDA_EVENT,generic,generic,none
0.009824000298976898,0.012703999876976013,0.010873600095510482,0.010432000271975994,0.0010397586856587628,5,0.019231999292969704,0.02304000034928322,0.020160000026226043,0.01942400075495243,0.0014498509046567344,5,0.04198399931192398,0.05129599943757057,0.04447359964251518,0.04307200014591217,0.0034367105587771347,5,0.04054399952292442,0.04310400038957596,0.04160640016198158,0.041120000183582306,0.0009888774332298647,5,0.008895999751985073,0.009631999768316746,0.009311999939382077,0.009440000168979168,0.00025838893018880583,5,2048,32,4,32,1,9216,FLASHINFER,"[64, 64, 64, 64]","[0, 0, 0, 0]","[1024, 1024, 1024, 1024, 1024, 1024, 1024, 1024, 1024, 1024, 1024, 1024, 1024, 1024, 1024, 1024]",4,16,16,20,256,16,272,1024,0.2,true_mixed,True,False,True,20,0,0,False,0,0,BF16,CUDA_EVENT,generic,generic,none
0.010367999784648418,0.012191999703645706,0.010924799926578998,0.01071999967098236,0.0006497181156273777,5,0.01926399953663349,0.021695999428629875,0.020019199699163437,0.019487999379634857,0.0009070403994053585,5,0.042399998754262924,0.048895999789237976,0.04426879957318306,0.04342399910092354,0.0023907749796425034,5,0.05673599988222122,0.057760000228881836,0.05720960050821304,0.05728000029921532,0.00035483941720475633,5,0.0014400000218302011,0.003008000086992979,0.0017664000391960145,0.0014720000326633453,0.0006209649505495623,5,2048,32,4,32,1,9216,FLASHINFER,"[64, 64, 64, 64]","[0, 0, 0, 0]","[2048, 2048, 2048, 2048, 2048, 2048, 2048, 2048, 2048, 2048, 2048, 2048, 2048, 2048, 2048, 2048]",4,16,16,20,256,16,272,2048,0.2,true_mixed,True,False,True,20,0,0,False,0,0,BF16,CUDA_EVENT,generic,generic,none
0.0098879998549819,0.012223999947309494,0.010783999972045422,0.010751999914646149,0.0008329840220774864,5,0.01913600042462349,0.02191999927163124,0.01998079977929592,0.01958400011062622,0.0009936705784886748,5,0.04227200150489807,0.04972799867391586,0.04444160014390945,0.04320000112056732,0.0027048151937318003,5,0.03683200106024742,0.040352001786231995,0.037728000432252884,0.037087999284267426,0.0013207907371075806,5,0.008927999995648861,0.010015999898314476,0.00942080020904541,0.009472000412642956,0.00035897092757799853,5,2048,32,4,32,1,9216,FLASHINFER,"[64, 64, 64, 64]","[0, 0, 0, 0]","[128, 128, 128, 128, 128, 128, 128, 128, 128, 128, 128, 128, 128, 128, 128, 128, 128, 128, 128, 128, 128, 128, 128, 128, 128, 128, 128, 128, 128, 128, 128, 128]",4,32,32,36,256,32,288,128,0.1111111111111111,true_mixed,True,False,True,36,0,0,False,0,0,BF16,CUDA_EVENT,generic,generic,none
0.010048000141978264,0.011648000217974186,0.010700799897313118,0.010495999827980995,0.0006262850876342986,5,0.019360000267624855,0.02112000063061714,0.01982719972729683,0.01945599913597107,0.0006591072070876978,5,0.042367998510599136,0.04729599878191948,0.04380159974098206,0.04303999990224838,0.0017990031265444485,5,0.038975998759269714,0.046560000628232956,0.04090880006551743,0.03964800015091896,0.0028470724931184037,5,0.009056000038981438,0.010015999898314476,0.009535999968647957,0.009535999968647957,0.00030425249256129695,5,2048,32,4,32,1,9216,FLASHINFER,"[64, 64, 64, 64]","[0, 0, 0, 0]","[256, 256, 256, 256, 256, 256, 256, 256, 256, 256, 256, 256, 256, 256, 256, 256, 256, 256, 256, 256, 256, 256, 256, 256, 256, 256, 256, 256, 256, 256, 256, 256]",4,32,32,36,256,32,288,256,0.1111111111111111,true_mixed,True,False,True,36,0,0,False,0,0,BF16,CUDA_EVENT,generic,generic,none
0.009631999768316746,0.011392000131309032,0.010246399976313113,0.010048000141978264,0.0005988021022037478,5,0.019360000267624855,0.021247999742627144,0.019846400246024132,0.019551999866962433,0.0007078871974359151,5,0.042847998440265656,0.047359999269247055,0.04409599974751473,0.0432640016078949,0.0016719806446619538,5,0.04227200150489807,0.04403200000524521,0.04312960058450699,0.04287999868392944,0.0006568656177671967,5,0.00940799992531538,0.00979200005531311,0.009587199985980987,0.009535999968647957,0.00013815712361268617,5,2048,32,4,32,1,9216,FLASHINFER,"[64, 64, 64, 64]","[0, 0, 0, 0]","[512, 512, 512, 512, 512, 512, 512, 512, 512, 512, 512, 512, 512, 512, 512, 512, 512, 512, 512, 512, 512, 512, 512, 512, 512, 512, 512, 512, 512, 512, 512, 512]",4,32,32,36,256,32,288,512,0.1111111111111111,true_mixed,True,False,True,36,0,0,False,0,0,BF16,CUDA_EVENT,generic,generic,none
0.009535999968647957,0.011455999687314034,0.010316799953579902,0.01017600018531084,0.0006275916191609255,5,0.01974399946630001,0.021247999742627144,0.02022400014102459,0.020096000283956528,0.0005304668459199614,5,0.04156799986958504,0.046431999653577805,0.04353279992938042,0.04335999861359596,0.001824347814260795,5,0.05769599974155426,0.05929600074887276,0.05820799991488457,0.05814399942755699,0.0005851718093205947,5,0.0014400000218302011,0.0014720000326633453,0.00144640002399683,0.0014400000218302011,1.2800004333257675e-05,5,2048,32,4,32,1,9216,FLASHINFER,"[64, 64, 64, 64]","[0, 0, 0, 0]","[1024, 1024, 1024, 1024, 1024, 1024, 1024, 1024, 1024, 1024, 1024, 1024, 1024, 1024, 1024, 1024, 1024, 1024, 1024, 1024, 1024, 1024, 1024, 1024, 1024, 1024, 1024, 1024, 1024, 1024, 1024, 1024]",4,32,32,36,256,32,288,1024,0.1111111111111111,true_mixed,True,False,True,36,0,0,False,0,0,BF16,CUDA_EVENT,generic,generic,none
0.0014400000218302011,0.019168000668287277,0.004998400155454874,0.0014720000326633453,0.007084814709888589,5,0.01942400075495243,0.021983999758958817,0.020499200001358985,0.020255999639630318,0.0008530503154065028,5,0.0424639992415905,0.050655998289585114,0.045215999335050584,0.04435199871659279,0.003029370576445289,5,0.07715199887752533,0.08006399869918823,0.07811200022697448,0.07747200131416321,0.001109066523692647,5,0.0014400000218302011,0.0014720000326633453,0.0014528000261634587,0.0014400000218302011,1.5676739660947454e-05,5,2048,32,4,32,1,9216,FLASHINFER,"[64, 64, 64, 64]","[0, 0, 0, 0]","[2048, 2048, 2048, 2048, 2048, 2048, 2048, 2048, 2048, 2048, 2048, 2048, 2048, 2048, 2048, 2048, 2048, 2048, 2048, 2048, 2048, 2048, 2048, 2048, 2048, 2048, 2048, 2048, 2048, 2048, 2048, 2048]",4,32,32,36,256,32,288,2048,0.1111111111111111,true_mixed,True,False,True,36,0,0,False,0,0,BF16,CUDA_EVENT,generic,generic,none
0.010015999898314476,0.011296000331640244,0.010470400005578995,0.010400000028312206,0.0004361403332060235,5,0.01894400082528591,0.02067199908196926,0.01971840001642704,0.01961600035429001,0.0006612157724282458,5,0.04265600070357323,0.04556800052523613,0.043776000291109084,0.043616000562906265,0.001035535271996474,5,0.03519999980926514,0.03747199848294258,0.035711999982595444,0.03532800078392029,0.0008814816617900368,5,0.008671999908983707,0.009247999638319016,0.009011199884116649,0.00902399979531765,0.00022317543972876665,5,2048,32,4,32,1,9216,FLASHINFER,"[64, 64, 64, 64]","[0, 0, 0, 0]","[128, 128, 128, 128, 128, 128, 128, 128, 128, 128, 128, 128, 128, 128, 128, 128, 128, 128, 128, 128, 128, 128, 128, 128, 128, 128, 128, 128, 128, 128, 128, 128, 128, 128, 128, 128, 128, 128, 128, 128, 128, 128, 128, 128, 128, 128, 128, 128, 128, 128, 128, 128, 128, 128, 128, 128, 128, 128, 128, 128, 128, 128, 128, 128]",4,64,64,68,256,64,320,128,0.058823529411764705,true_mixed,True,False,True,68,0,0,False,0,0,BF16,CUDA_EVENT,generic,generic,none
0.009664000011980534,0.012512000277638435,0.010560000129044057,0.010239999741315842,0.0010101058105085104,5,0.018559999763965607,0.022431999444961548,0.01987839974462986,0.01945599913597107,0.0013411625623811598,5,0.04243199899792671,0.04902400076389313,0.044972799718379974,0.04294399917125702,0.0027634079700270273,5,0.03859199956059456,0.04012800008058548,0.03936000019311905,0.03923200070858002,0.0005388940243496661,5,0.008960000239312649,0.0098879998549819,0.009337599948048591,0.009056000038981438,0.0004124898054125683,5,2048,32,4,32,1,9216,FLASHINFER,"[64, 64, 64, 64]","[0, 0, 0, 0]","[256, 256, 256, 256, 256, 256, 256, 256, 256, 256, 256, 256, 256, 256, 256, 256, 256, 256, 256, 256, 256, 256, 256, 256, 256, 256, 256, 256, 256, 256, 256, 256, 256, 256, 256, 256, 256, 256, 256, 256, 256, 256, 256, 256, 256, 256, 256, 256, 256, 256, 256, 256, 256, 256, 256, 256, 256, 256, 256, 256, 256, 256, 256, 256]",4,64,64,68,256,64,320,256,0.058823529411764705,true_mixed,True,False,True,68,0,0,False,0,0,BF16,CUDA_EVENT,generic,generic,none
0.009535999968647957,0.011168000288307667,0.00999039988964796,0.009727999567985535,0.0005977752472114089,5,0.01926399953663349,0.02054399996995926,0.019897599890828132,0.01990400068461895,0.00040799697748026675,5,0.0416640006005764,0.04800000041723251,0.04399999976158142,0.043455999344587326,0.0022096227683745195,5,0.053568001836538315,0.05523199960589409,0.054336000233888626,0.054207999259233475,0.0005369896016693128,5,0.0014400000218302011,0.00431999983265996,0.0020287999883294105,0.0014720000326633453,0.0011456893042198428,5,2048,32,4,32,1,9216,FLASHINFER,"[64, 64, 64, 64]","[0, 0, 0, 0]","[512, 512, 512, 512, 512, 512, 512, 512, 512, 512, 512, 512, 512, 512, 512, 512, 512, 512, 512, 512, 512, 512, 512, 512, 512, 512, 512, 512, 512, 512, 512, 512, 512, 512, 512, 512, 512, 512, 512, 512, 512, 512, 512, 512, 512, 512, 512, 512, 512, 512, 512, 512, 512, 512, 512, 512, 512, 512, 512, 512, 512, 512, 512, 512]",4,64,64,68,256,64,320,512,0.058823529411764705,true_mixed,True,False,True,68,0,0,False,0,0,BF16,CUDA_EVENT,generic,generic,none
0.0014400000218302011,0.012480000033974648,0.003654400026425719,0.0014400000218302011,0.004412817407667793,5,0.019328000023961067,0.02236800082027912,0.02022400051355362,0.019840000197291374,0.0011127538826039807,5,0.041919998824596405,0.05215999856591225,0.045203199982643126,0.04368000105023384,0.003686621678004168,5,0.07308799773454666,0.07686399668455124,0.07446399927139283,0.07440000027418137,0.0013098901139496797,5,0.001408000010997057,0.0014400000218302011,0.0014336000196635724,0.0014400000218302011,1.2800004333257677e-05,5,2048,32,4,32,1,9216,FLASHINFER,"[64, 64, 64, 64]","[0, 0, 0, 0]","[1024, 1024, 1024, 1024, 1024, 1024, 1024, 1024, 1024, 1024, 1024, 1024, 1024, 1024, 1024, 1024, 1024, 1024, 1024, 1024, 1024, 1024, 1024, 1024, 1024, 1024, 1024, 1024, 1024, 1024, 1024, 1024, 1024, 1024, 1024, 1024, 1024, 1024, 1024, 1024, 1024, 1024, 1024, 1024, 1024, 1024, 1024, 1024, 1024, 1024, 1024, 1024, 1024, 1024, 1024, 1024, 1024, 1024, 1024, 1024, 1024, 1024, 1024, 1024]",4,64,64,68,256,64,320,1024,0.058823529411764705,true_mixed,True,False,True,68,0,0,False,0,0,BF16,CUDA_EVENT,generic,generic,none
0.0014400000218302011,0.011776000261306763,0.003616000059992075,0.0014720000326633453,0.004084634330263167,5,0.007935999892652035,0.02131200022995472,0.01079040002077818,0.0080960001796484,0.005264263679531278,5,0.029632000252604485,0.04758400097489357,0.035948799923062325,0.03455999866127968,0.006161927461355554,5,0.10835199803113937,0.11139199882745743,0.1093056008219719,0.10896000266075134,0.0010708095293806394,5,0.001408000010997057,0.0014400000218302011,0.0014336000196635724,0.0014400000218302011,1.2800004333257677e-05,5,2048,32,4,32,1,9216,FLASHINFER,"[64, 64, 64, 64]","[0, 0, 0, 0]","[2048, 2048, 2048, 2048, 2048, 2048, 2048, 2048, 2048, 2048, 2048, 2048, 2048, 2048, 2048, 2048, 2048, 2048, 2048, 2048, 2048, 2048, 2048, 2048, 2048, 2048, 2048, 2048, 2048, 2048, 2048, 2048, 2048, 2048, 2048, 2048, 2048, 2048, 2048, 2048, 2048, 2048, 2048, 2048, 2048, 2048, 2048, 2048, 2048, 2048, 2048, 2048, 2048, 2048, 2048, 2048, 2048, 2048, 2048, 2048, 2048, 2048, 2048, 2048]",4,64,64,68,256,64,320,2048,0.058823529411764705,true_mixed,True,False,True,68,0,0,False,0,0,BF16,CUDA_EVENT,generic,generic,none
0.009503999724984169,0.011776000261306763,0.010329600051045417,0.010048000141978264,0.0007919984811196408,5,0.018912000581622124,0.020416000857949257,0.019539200514554978,0.019328000023961067,0.0005574251777539963,5,0.04150399938225746,0.05392000079154968,0.04501760005950928,0.042527999728918076,0.004586813752418445,5,0.035360001027584076,0.03852799907326698,0.03625599965453148,0.03558399900794029,0.0011757548231434497,5,0.008736000396311283,0.009247999638319016,0.00903680007904768,0.009056000038981438,0.00018056599778314668,5,2048,32,4,32,1,9216,FLASHINFER,"[128, 128, 128, 128]","[0, 0, 0, 0]",[128],4,1,1,5,512,1,513,128,0.8,true_mixed,True,False,True,5,0,0,False,0,0,BF16,CUDA_EVENT,generic,generic,none
0.009727999567985535,0.01119999960064888,0.010201599821448326,0.010048000141978264,0.0005224532567289558,5,0.018688000738620758,0.02099199965596199,0.0194496002048254,0.01913600042462349,0.0008035502397980672,5,0.042847998440265656,0.04732799902558327,0.044351999461650846,0.043776001781225204,0.0015692402264873538,5,0.03619199991226196,0.03862399980425835,0.037139199674129486,0.03670400008559227,0.0008599846387391674,5,0.009088000282645226,0.009440000168979168,0.00926080010831356,0.009312000125646591,0.00013515986923017255,5,2048,32,4,32,1,9216,FLASHINFER,"[128, 128, 128, 128]","[0, 0, 0, 0]",[256],4,1,1,5,512,1,513,256,0.8,true_mixed,True,False,True,5,0,0,False,0,0,BF16,CUDA_EVENT,generic,generic,none
0.010111999697983265,0.01283199992030859,0.010777600109577179,0.010304000228643417,0.0010326434410153594,5,0.018559999763965607,0.02112000063061714,0.019385600090026857,0.018848000094294548,0.0009319422610760403,5,0.042047999799251556,0.047648001462221146,0.04407040104269981,0.0432640016078949,0.001910526302845199,5,0.03542400151491165,0.04025600105524063,0.03693440034985542,0.0363520011305809,0.0017073014435373248,5,0.009184000082314014,0.009727999567985535,0.009497600048780442,0.009600000455975533,0.00019348757763277419,5,2048,32,4,32,1,9216,FLASHINFER,"[128, 128, 128, 128]","[0, 0, 0, 0]",[512],4,1,1,5,512,1,513,512,0.8,true_mixed,True,False,True,5,0,0,False,0,0,BF16,CUDA_EVENT,generic,generic,none
0.009503999724984169,0.01104000024497509,0.010188800096511842,0.010304000228643417,0.0005466665174277567,5,0.019200000911951065,0.02070399932563305,0.01964159980416298,0.01945599913597107,0.0005394251287977894,5,0.04262400045990944,0.04569600149989128,0.043833599984645845,0.043455999344587326,0.001033238935042403,5,0.03580800071358681,0.03993599861860275,0.03715839982032776,0.036639999598264694,0.0014439617869101713,5,0.008832000195980072,0.009696000255644321,0.009280000254511834,0.009312000125646591,0.0003797093341101193,5,2048,32,4,32,1,9216,FLASHINFER,"[128, 128, 128, 128]","[0, 0, 0, 0]",[1024],4,1,1,5,512,1,513,1024,0.8,true_mixed,True,False,True,5,0,0,False,0,0,BF16,CUDA_EVENT,generic,generic,none
0.009727999567985535,0.011455999687314034,0.010265599936246872,0.010048000141978264,0.0006083030109874175,5,0.019007999449968338,0.02035200037062168,0.01964160017669201,0.019680000841617584,0.0005020636483118444,5,0.042367998510599136,0.04912000149488449,0.04474880024790764,0.04339199885725975,0.0024500058828800216,5,0.035999998450279236,0.0387520007789135,0.036998399347066876,0.03625600039958954,0.0011265457863205743,5,0.009344000369310379,0.010143999941647053,0.009651200100779533,0.009696000255644321,0.0002887811408710013,5,2048,32,4,32,1,9216,FLASHINFER,"[128, 128, 128, 128]","[0, 0, 0, 0]",[2048],4,1,1,5,512,1,513,2048,0.8,true_mixed,True,False,True,5,0,0,False,0,0,BF16,CUDA_EVENT,generic,generic,none
0.01027199998497963,0.01190400030463934,0.010809599980711937,0.01056000031530857,0.0005779169474798655,5,0.018848000094294548,0.023072000592947006,0.020044799894094467,0.019487999379634857,0.0015324762692770783,5,0.04323200136423111,0.05471999943256378,0.04640640020370483,0.04447999969124794,0.0042376213629023805,5,0.03622400015592575,0.040832001715898514,0.03792640045285225,0.03734400123357773,0.0015615742466279538,5,0.008991999551653862,0.009920000098645687,0.009555199928581715,0.009727999567985535,0.00034082637746655705,5,2048,32,4,32,1,9216,FLASHINFER,"[128, 128, 128, 128]","[0, 0, 0, 0]","[128, 128]",4,2,2,6,512,2,514,128,0.6666666666666666,true_mixed,True,False,True,6,0,0,False,0,0,BF16,CUDA_EVENT,generic,generic,none
0.010048000141978264,0.012768000364303589,0.010905600152909756,0.010528000071644783,0.0009609383114644287,5,0.01913600042462349,0.021247999742627144,0.019814400374889372,0.01942400075495243,0.0007640965251739534,5,0.04368000105023384,0.04681599885225296,0.04489599987864494,0.044256001710891724,0.00123885821711453,5,0.03622400015592575,0.03929600119590759,0.0373248003423214,0.03718400001525879,0.0011065895883447592,5,0.009503999724984169,0.01017600018531084,0.009747199900448322,0.009727999567985535,0.0002304000831729159,5,2048,32,4,32,1,9216,FLASHINFER,"[128, 128, 128, 128]","[0, 0, 0, 0]","[256, 256]",4,2,2,6,512,2,514,256,0.6666666666666666,true_mixed,True,False,True,6,0,0,False,0,0,BF16,CUDA_EVENT,generic,generic,none
0.009696000255644321,0.012608000077307224,0.010624000057578086,0.010143999941647053,0.0010390888334792425,5,0.019200000911951065,0.022463999688625336,0.02006400004029274,0.019551999866962433,0.001213808306985426,5,0.04278400167822838,0.048448000103235245,0.04473600015044212,0.04342399910092354,0.002130151793370744,5,0.03593600168824196,0.03852799907326698,0.03707519993185997,0.03673600032925606,0.0009072656621040572,5,0.008736000396311283,0.009664000011980534,0.00915200002491474,0.009247999638319016,0.00034465045680250533,5,2048,32,4,32,1,9216,FLASHINFER,"[128, 128, 128, 128]","[0, 0, 0, 0]","[512, 512]",4,2,2,6,512,2,514,512,0.6666666666666666,true_mixed,True,False,True,6,0,0,False,0,0,BF16,CUDA_EVENT,generic,generic,none
0.009696000255644321,0.017632000148296356,0.012204799987375736,0.010463999584317207,0.002913061838410845,5,0.019039999693632126,0.021376000717282295,0.019750399887561797,0.019519999623298645,0.0008338199619165787,5,0.04281599819660187,0.04956800118088722,0.04453120008111,0.0435199998319149,0.002542549207058684,5,0.03580800071358681,0.038975998759269714,0.03677439913153648,0.03651199862360954,0.0011361393876741133,5,0.008832000195980072,0.010784000158309937,0.009484799951314926,0.009088000282645226,0.0007174283187792831,5,2048,32,4,32,1,9216,FLASHINFER,"[128, 128, 128, 128]","[0, 0, 0, 0]","[1024, 1024]",4,2,2,6,512,2,514,1024,0.6666666666666666,true_mixed,True,False,True,6,0,0,False,0,0,BF16,CUDA_EVENT,generic,generic,none
0.009600000455975533,0.012415999546647072,0.010438400134444237,0.009952000342309475,0.0010114021931280105,5,0.018624000251293182,0.022816000506281853,0.019999999925494193,0.019487999379634857,0.0014505570887275293,5,0.04294399917125702,0.04931199923157692,0.044819200038909913,0.043616000562906265,0.0023111530686717716,5,0.036607999354600906,0.04044799879193306,0.037670399993658066,0.03686400130391121,0.00143998521879138,5,0.009151999838650227,0.009503999724984169,0.009343999996781349,0.009344000369310379,0.00011626173605489748,5,2048,32,4,32,1,9216,FLASHINFER,"[128, 128, 128, 128]","[0, 0, 0, 0]","[2048, 2048]",4,2,2,6,512,2,514,2048,0.6666666666666666,true_mixed,True,False,True,6,0,0,False,0,0,BF16,CUDA_EVENT,generic,generic,none
0.010432000271975994,0.011264000087976456,0.010675200074911118,0.010528000071644783,0.00030733334833229917,5,0.018464000895619392,0.020959999412298203,0.01928960010409355,0.01897599920630455,0.0008687038631046679,5,0.04217600077390671,0.04787199944257736,0.044096000492572784,0.04323200136423111,0.0019836897785810346,5,0.03558399900794029,0.03759999945759773,0.0364159993827343,0.03622400015592575,0.000667873093897946,5,0.008832000195980072,0.009664000011980534,0.00933120008558035,0.009535999968647957,0.00033720171125173055,5,2048,32,4,32,1,9216,FLASHINFER,"[128, 128, 128, 128]","[0, 0, 0, 0]","[128, 128, 128, 128]",4,4,4,8,512,4,516,128,0.5,true_mixed,True,False,True,8,0,0,False,0,0,BF16,CUDA_EVENT,generic,generic,none
0.010143999941647053,0.011296000331640244,0.010675200074911118,0.010495999827980995,0.0004262613044979035,5,0.019648000597953796,0.020800000056624413,0.019999999925494193,0.019807999953627586,0.00041624607162153704,5,0.043007999658584595,0.04854400083422661,0.04504959955811501,0.04451199993491173,0.0018519574800723066,5,0.036031998693943024,0.03999999910593033,0.03731840029358864,0.036928001791238785,0.0014233919830944444,5,0.009247999638319016,0.009600000455975533,0.009427200071513653,0.00940799992531538,0.00012735856610727268,5,2048,32,4,32,1,9216,FLASHINFER,"[128, 128, 128, 128]","[0, 0, 0, 0]","[256, 256, 256, 256]",4,4,4,8,512,4,516,256,0.5,true_mixed,True,False,True,8,0,0,False,0,0,BF16,CUDA_EVENT,generic,generic,none
0.009920000098645687,0.012575999833643436,0.010707199946045876,0.010143999941647053,0.0009787188025662905,5,0.01865600049495697,0.021247999742627144,0.019519999995827673,0.019328000023961067,0.0009236863588719444,5,0.04265600070357323,0.0496320016682148,0.04452480003237724,0.04355200007557869,0.002598164342886692,5,0.036448001861572266,0.0390079990029335,0.03726079985499382,0.03654399886727333,0.0009990149360520535,5,0.008799999952316284,0.010111999697983265,0.009280000068247318,0.00902399979531765,0.000502715739570395,5,2048,32,4,32,1,9216,FLASHINFER,"[128, 128, 128, 128]","[0, 0, 0, 0]","[512, 512, 512, 512]",4,4,4,8,512,4,516,512,0.5,true_mixed,True,False,True,8,0,0,False,0,0,BF16,CUDA_EVENT,generic,generic,none
0.010208000428974628,0.012384000234305859,0.010873600281774998,0.01056000031530857,0.0007935483468565951,5,0.01942400075495243,0.021888000890612602,0.020262400433421136,0.019967999309301376,0.0008745783728138999,5,0.042399998754262924,0.05004800111055374,0.044595200568437576,0.0432640016078949,0.0027913544390781504,5,0.03641600161790848,0.04399999976158142,0.03893760070204735,0.037408001720905304,0.0027922926945820165,5,0.008799999952316284,0.010400000028312206,0.009382399916648864,0.009312000125646591,0.0005492080564345811,5,2048,32,4,32,1,9216,FLASHINFER,"[128, 128, 128, 128]","[0, 0, 0, 0]","[1024, 1024, 1024, 1024]",4,4,4,8,512,4,516,1024,0.5,true_mixed,True,False,True,8,0,0,False,0,0,BF16,CUDA_EVENT,generic,generic,none
0.009983999654650688,0.011872000060975552,0.01050879992544651,0.01027199998497963,0.0006912593553601145,5,0.018912000581622124,0.021888000890612602,0.019737600535154342,0.019168000668287277,0.0010968862077506804,5,0.04259200021624565,0.047520000487565994,0.04391679987311363,0.04339199885725975,0.0018329717843734235,5,0.03728000074625015,0.03923200070858002,0.03822080045938492,0.03811199963092804,0.0007188544328115804,5,0.009119999594986439,0.00979200005531311,0.009433599933981896,0.009344000369310379,0.00025391162528310795,5,2048,32,4,32,1,9216,FLASHINFER,"[128, 128, 128, 128]","[0, 0, 0, 0]","[2048, 2048, 2048, 2048]",4,4,4,8,512,4,516,2048,0.5,true_mixed,True,False,True,8,0,0,False,0,0,BF16,CUDA_EVENT,generic,generic,none
0.009696000255644321,0.012256000190973282,0.010400000028312206,0.010015999898314476,0.0009416921754912304,5,0.018592000007629395,0.022816000506281853,0.019686399772763253,0.01897599920630455,0.0015786612291733082,5,0.04118400067090988,0.05040000006556511,0.04414720013737679,0.04214400053024292,0.0034425571909022096,5,0.035360001027584076,0.039712000638246536,0.03684480041265488,0.03625600039958954,0.0015861934538035838,5,0.009088000282645226,0.009824000298976898,0.00927360001951456,0.009151999838650227,0.00027705435318940057,5,2048,32,4,32,1,9216,FLASHINFER,"[128, 128, 128, 128]","[0, 0, 0, 0]","[128, 128, 128, 128, 128, 128, 128, 128]",4,8,8,12,512,8,520,128,0.3333333333333333,true_mixed,True,False,True,12,0,0,False,0,0,BF16,CUDA_EVENT,generic,generic,none
0.009855999611318111,0.012415999546647072,0.010515199787914754,0.010143999941647053,0.0009658699755300916,5,0.01881599985063076,0.02179200015962124,0.01966719999909401,0.01929599978029728,0.001092620805965117,5,0.042847998440265656,0.047775998711586,0.04447359964251518,0.044096000492572784,0.00179991397570072,5,0.035551998764276505,0.03763199970126152,0.03659520000219345,0.03641600161790848,0.0007270694339310678,5,0.008895999751985073,0.009983999654650688,0.009414399787783623,0.009279999881982803,0.0004099998477286412,5,2048,32,4,32,1,9216,FLASHINFER,"[128, 128, 128, 128]","[0, 0, 0, 0]","[256, 256, 256, 256, 256, 256, 256, 256]",4,8,8,12,512,8,520,256,0.3333333333333333,true_mixed,True,False,True,12,0,0,False,0,0,BF16,CUDA_EVENT,generic,generic,none
0.0098879998549819,0.012000000104308128,0.01066880002617836,0.010304000228643417,0.0007426758993368009,5,0.019360000267624855,0.02179200015962124,0.01991040036082268,0.019360000267624855,0.0009489280825294654,5,0.04281599819660187,0.04992000013589859,0.044947200268507,0.043296001851558685,0.002653847728412426,5,0.03625600039958954,0.03984000161290169,0.03759360015392303,0.037087999284267426,0.0013664263254261455,5,0.009151999838650227,0.009727999567985535,0.009401599876582623,0.00940799992531538,0.00020679014495131163,5,2048,32,4,32,1,9216,FLASHINFER,"[128, 128, 128, 128]","[0, 0, 0, 0]","[512, 512, 512, 512, 512, 512, 512, 512]",4,8,8,12,512,8,520,512,0.3333333333333333,true_mixed,True,False,True,12,0,0,False,0,0,BF16,CUDA_EVENT,generic,generic,none
0.009727999567985535,0.02054399996995926,0.012748800031840802,0.010912000201642513,0.003949925280600455,5,0.01926399953663349,0.020896000787615776,0.019987199828028678,0.019967999309301376,0.000536074513096527,5,0.04278400167822838,0.04927999898791313,0.04506880044937134,0.04419200122356415,0.0023616423532075116,5,0.03830400109291077,0.038943998515605927,0.03858560025691986,0.03852799907326698,0.00024403989233936235,5,0.008832000195980072,0.010080000385642052,0.009497600048780442,0.009535999968647957,0.00040243740805412555,5,2048,32,4,32,1,9216,FLASHINFER,"[128, 128, 128, 128]","[0, 0, 0, 0]","[1024, 1024, 1024, 1024, 1024, 1024, 1024, 1024]",4,8,8,12,512,8,520,1024,0.3333333333333333,true_mixed,True,False,True,12,0,0,False,0,0,BF16,CUDA_EVENT,generic,generic,none
0.009983999654650688,0.01142400037497282,0.010553600080311299,0.010528000071644783,0.0005036928402731665,5,0.019711999222636223,0.02223999984562397,0.0205887995660305,0.020287999883294106,0.0008637868112985383,5,0.043616000562906265,0.04822399839758873,0.045344000309705736,0.045184001326560974,0.0016080430071629059,5,0.0414079986512661,0.04598399996757507,0.04386560022830963,0.043296001851558685,0.001695867514834856,5,0.009151999838650227,0.010080000385642052,0.009472000040113926,0.00940799992531538,0.00032444930075368496,5,2048,32,4,32,1,9216,FLASHINFER,"[128, 128, 128, 128]","[0, 0, 0, 0]","[2048, 2048, 2048, 2048, 2048, 2048, 2048, 2048]",4,8,8,12,512,8,520,2048,0.3333333333333333,true_mixed,True,False,True,12,0,0,False,0,0,BF16,CUDA_EVENT,generic,generic,none
0.009696000255644321,0.012703999876976013,0.010464000143110752,0.009952000342309475,0.0011340827792732783,5,0.018848000094294548,0.021824000403285027,0.01955840028822422,0.019007999449968338,0.0011375809389188468,5,0.04198399931192398,0.04816000163555145,0.044096000492572784,0.04323200136423111,0.002215639689655315,5,0.03513599932193756,0.038336001336574554,0.03655680045485497,0.03680000081658363,0.0010969240909589836,5,0.00886400043964386,0.010015999898314476,0.009376000054180622,0.009344000369310379,0.0003715307480740539,5,2048,32,4,32,1,9216,FLASHINFER,"[128, 128, 128, 128]","[0, 0, 0, 0]","[128, 128, 128, 128, 128, 128, 128, 128, 128, 128, 128, 128, 128, 128, 128, 128]",4,16,16,20,512,16,528,128,0.2,true_mixed,True,False,True,20,0,0,False,0,0,BF16,CUDA_EVENT,generic,generic,none
0.009600000455975533,0.013120000250637531,0.010681600123643876,0.010239999741315842,0.0012483117774460576,5,0.01926399953663349,0.02300800010561943,0.020076799765229227,0.019360000267624855,0.0014670666791002961,5,0.04265600070357323,0.050175998359918594,0.04529919922351837,0.044415999203920364,0.002556845491164349,5,0.03577600046992302,0.040672000497579575,0.03790080025792122,0.03766399994492531,0.001595975743531753,5,0.00886400043964386,0.010304000228643417,0.009427200257778167,0.009312000125646591,0.0004817461310110662,5,2048,32,4,32,1,9216,FLASHINFER,"[128, 128, 128, 128]","[0, 0, 0, 0]","[256, 256, 256, 256, 256, 256, 256, 256, 256, 256, 256, 256, 256, 256, 256, 256]",4,16,16,20,512,16,528,256,0.2,true_mixed,True,False,True,20,0,0,False,0,0,BF16,CUDA_EVENT,generic,generic,none
0.010111999697983265,0.012959999963641167,0.010771199688315391,0.01033599954098463,0.001098975362439702,5,0.0191040001809597,0.02127999998629093,0.019680000096559524,0.019328000023961067,0.0008193499253787768,5,0.04185599833726883,0.0488319993019104,0.04408319965004921,0.043168000876903534,0.0024807410511316695,5,0.03788800165057182,0.03939199820160866,0.03841279968619347,0.03827200084924698,0.0005225306977837511,5,0.008832000195980072,0.0098879998549819,0.009324800036847592,0.009279999881982803,0.000381646126188684,5,2048,32,4,32,1,9216,FLASHINFER,"[128, 128, 128, 128]","[0, 0, 0, 0]","[512, 512, 512, 512, 512, 512, 512, 512, 512, 512, 512, 512, 512, 512, 512, 512]",4,16,16,20,512,16,528,512,0.2,true_mixed,True,False,True,20,0,0,False,0,0,BF16,CUDA_EVENT,generic,generic,none
0.00979200005531311,0.012095999903976917,0.010425600036978722,0.009952000342309475,0.0008608891495833594,5,0.01945599913597107,0.022752000018954277,0.020524799823760986,0.019999999552965164,0.0011665921844176996,5,0.0424639992415905,0.050592001527547836,0.04456320032477379,0.04320000112056732,0.00303744632759128,5,0.04335999861359596,0.04771199822425842,0.04543359950184822,0.04543999955058098,0.0013900527214734274,5,0.006240000016987324,0.009920000098645687,0.00823039999231696,0.00854399986565113,0.0013941720894244448,5,2048,32,4,32,1,9216,FLASHINFER,"[128, 128, 128, 128]","[0, 0, 0, 0]","[1024, 1024, 1024, 1024, 1024, 1024, 1024, 1024, 1024, 1024, 1024, 1024, 1024, 1024, 1024, 1024]",4,16,16,20,512,16,528,1024,0.2,true_mixed,True,False,True,20,0,0,False,0,0,BF16,CUDA_EVENT,generic,generic,none
0.009759999811649323,0.012640000320971012,0.01055999994277954,0.009983999654650688,0.0010724538428074403,5,0.01942400075495243,0.02223999984562397,0.020281599834561348,0.019967999309301376,0.0010346248759901693,5,0.04281599819660187,0.04774399846792221,0.04460159912705421,0.043776001781225204,0.0019138459437909056,5,0.05689600110054016,0.05942400172352791,0.05831039994955063,0.058240000158548355,0.0008689398790822808,5,0.001408000010997057,0.0014720000326633453,0.0014592000283300877,0.0014720000326633453,2.560000866651535e-05,5,2048,32,4,32,1,9216,FLASHINFER,"[128, 128, 128, 128]","[0, 0, 0, 0]","[2048, 2048, 2048, 2048, 2048, 2048, 2048, 2048, 2048, 2048, 2048, 2048, 2048, 2048, 2048, 2048]",4,16,16,20,512,16,528,2048,0.2,true_mixed,True,False,True,20,0,0,False,0,0,BF16,CUDA_EVENT,generic,generic,none
0.010015999898314476,0.012032000347971916,0.010560000129044057,0.010208000428974628,0.000744438684304037,5,0.019519999623298645,0.021824000403285027,0.02024959996342659,0.019872000440955162,0.0008219456133647086,5,0.04310400038957596,0.04825599864125252,0.04452480003237724,0.04342399910092354,0.0019406456717456645,5,0.03657599911093712,0.03903999924659729,0.03731840029358864,0.036896001547575,0.0009026947084791126,5,0.008799999952316284,0.009375999681651592,0.009158400073647498,0.009312000125646591,0.00023375336419488506,5,2048,32,4,32,1,9216,FLASHINFER,"[128, 128, 128, 128]","[0, 0, 0, 0]","[128, 128, 128, 128, 128, 128, 128, 128, 128, 128, 128, 128, 128, 128, 128, 128, 128, 128, 128, 128, 128, 128, 128, 128, 128, 128, 128, 128, 128, 128, 128, 128]",4,32,32,36,512,32,544,128,0.1111111111111111,true_mixed,True,False,True,36,0,0,False,0,0,BF16,CUDA_EVENT,generic,generic,none
0.009600000455975533,0.011071999557316303,0.010214400105178356,0.010080000385642052,0.0005004289618263562,5,0.019551999866962433,0.021536000072956085,0.020204799994826318,0.020031999796628952,0.00069539476643273,5,0.043136000633239746,0.04819199815392494,0.04462720006704331,0.04383999854326248,0.001866298790330497,5,0.03872000053524971,0.03964800015091896,0.03914240002632141,0.039103999733924866,0.0003157479619124276,5,0.009344000369310379,0.010048000141978264,0.00961920004338026,0.009440000168979168,0.0002909009229319238,5,2048,32,4,32,1,9216,FLASHINFER,"[128, 128, 128, 128]","[0, 0, 0, 0]","[256, 256, 256, 256, 256, 256, 256, 256, 256, 256, 256, 256, 256, 256, 256, 256, 256, 256, 256, 256, 256, 256, 256, 256, 256, 256, 256, 256, 256, 256, 256, 256]",4,32,32,36,512,32,544,256,0.1111111111111111,true_mixed,True,False,True,36,0,0,False,0,0,BF16,CUDA_EVENT,generic,generic,none
0.0098879998549819,0.01235199999064207,0.01066880002617836,0.009983999654650688,0.000966929704276376,5,0.019392000511288643,0.02239999920129776,0.020665600150823592,0.020096000283956528,0.0010790024813928654,5,0.04335999861359596,0.04918399825692177,0.04546559900045395,0.04447999969124794,0.0022538904359807855,5,0.04416000097990036,0.046592000871896744,0.04508800059556961,0.044544000178575516,0.000996839599933056,5,0.00825599953532219,0.010463999584317207,0.009100799821317196,0.009088000282645226,0.0007649539729175293,5,2048,32,4,32,1,9216,FLASHINFER,"[128, 128, 128, 128]","[0, 0, 0, 0]","[512, 512, 512, 512, 512, 512, 512, 512, 512, 512, 512, 512, 512, 512, 512, 512, 512, 512, 512, 512, 512, 512, 512, 512, 512, 512, 512, 512, 512, 512, 512, 512]",4,32,32,36,512,32,544,512,0.1111111111111111,true_mixed,True,False,True,36,0,0,False,0,0,BF16,CUDA_EVENT,generic,generic,none
0.010080000385642052,0.011487999930977821,0.01050879992544651,0.01027199998497963,0.0005221395443625678,5,0.019680000841617584,0.021727999672293663,0.020479999855160712,0.020255999639630318,0.0007201064638571895,5,0.04259200021624565,0.047648001462221146,0.04434560015797615,0.04371200129389763,0.0017566111501422486,5,0.05859199911355972,0.06140799820423126,0.0600895993411541,0.06006399914622307,0.0009058656347909111,5,0.001408000010997057,0.0014720000326633453,0.00144640002399683,0.0014400000218302011,2.3946615382136017e-05,5,2048,32,4,32,1,9216,FLASHINFER,"[128, 128, 128, 128]","[0, 0, 0, 0]","[1024, 1024, 1024, 1024, 1024, 1024, 1024, 1024, 1024, 1024, 1024, 1024, 1024, 1024, 1024, 1024, 1024, 1024, 1024, 1024, 1024, 1024, 1024, 1024, 1024, 1024, 1024, 1024, 1024, 1024, 1024, 1024]",4,32,32,36,512,32,544,1024,0.1111111111111111,true_mixed,True,False,True,36,0,0,False,0,0,BF16,CUDA_EVENT,generic,generic,none
0.0014400000218302011,0.01228800043463707,0.0036160001065582035,0.0014400000218302011,0.0043360178761917,5,0.01929599978029728,0.023104000836610794,0.02062720023095608,0.020287999883294106,0.0012977335233430192,5,0.043455999344587326,0.04940799996256828,0.04542719945311546,0.04447999969124794,0.0021464918807941715,5,0.07766400277614594,0.08102399855852127,0.07930240035057068,0.07958400249481201,0.0012615299640835716,5,0.0014400000218302011,0.0014720000326633453,0.0014528000261634587,0.0014400000218302011,1.5676739660947454e-05,5,2048,32,4,32,1,9216,FLASHINFER,"[128, 128, 128, 128]","[0, 0, 0, 0]","[2048, 2048, 2048, 2048, 2048, 2048, 2048, 2048, 2048, 2048, 2048, 2048, 2048, 2048, 2048, 2048, 2048, 2048, 2048, 2048, 2048, 2048, 2048, 2048, 2048, 2048, 2048, 2048, 2048, 2048, 2048, 2048]",4,32,32,36,512,32,544,2048,0.1111111111111111,true_mixed,True,False,True,36,0,0,False,0,0,BF16,CUDA_EVENT,generic,generic,none
0.009600000455975533,0.011711999773979187,0.010592000000178814,0.01056000031530857,0.0007880058740203955,5,0.018688000738620758,0.020896000787615776,0.01955840028822422,0.019551999866962433,0.000767839927332014,5,0.04169600084424019,0.047359999269247055,0.04338560104370117,0.04230400174856186,0.002116009932746071,5,0.03471999987959862,0.03711999952793121,0.03546239957213402,0.03516799956560135,0.0008464952250703922,5,0.008704000152647495,0.009952000342309475,0.009126400016248227,0.00902399979531765,0.0004477257858342501,5,2048,32,4,32,1,9216,FLASHINFER,"[128, 128, 128, 128]","[0, 0, 0, 0]","[128, 128, 128, 128, 128, 128, 128, 128, 128, 128, 128, 128, 128, 128, 128, 128, 128, 128, 128, 128, 128, 128, 128, 128, 128, 128, 128, 128, 128, 128, 128, 128, 128, 128, 128, 128, 128, 128, 128, 128, 128, 128, 128, 128, 128, 128, 128, 128, 128, 128, 128, 128, 128, 128, 128, 128, 128, 128, 128, 128, 128, 128, 128, 128]",4,64,64,68,512,64,576,128,0.058823529411764705,true_mixed,True,False,True,68,0,0,False,0,0,BF16,CUDA_EVENT,generic,generic,none
0.00979200005531311,0.013663999736309052,0.011001599952578545,0.010239999741315842,0.0013979860753587795,5,0.019392000511288643,0.021247999742627144,0.020160000026226043,0.019872000440955162,0.0006598519260553905,5,0.04214400053024292,0.047520000487565994,0.044428800791502,0.04368000105023384,0.0018203022225486399,5,0.03907199949026108,0.041280001401901245,0.04058239981532097,0.040863998234272,0.0007810625208002551,5,0.009056000038981438,0.010048000141978264,0.009369600191712379,0.009312000125646591,0.00035828568925315755,5,2048,32,4,32,1,9216,FLASHINFER,"[128, 128, 128, 128]","[0, 0, 0, 0]","[256, 256, 256, 256, 256, 256, 256, 256, 256, 256, 256, 256, 256, 256, 256, 256, 256, 256, 256, 256, 256, 256, 256, 256, 256, 256, 256, 256, 256, 256, 256, 256, 256, 256, 256, 256, 256, 256, 256, 256, 256, 256, 256, 256, 256, 256, 256, 256, 256, 256, 256, 256, 256, 256, 256, 256, 256, 256, 256, 256, 256, 256, 256, 256]",4,64,64,68,512,64,576,256,0.058823529411764705,true_mixed,True,False,True,68,0,0,False,0,0,BF16,CUDA_EVENT,generic,generic,none
0.009600000455975533,0.010975999757647514,0.010214399918913842,0.01033599954098463,0.0004773899483316477,5,0.019007999449968338,0.02131200022995472,0.019872000068426134,0.019680000841617584,0.0007973076192280942,5,0.042208001017570496,0.046751998364925385,0.04359680041670799,0.04278400167822838,0.0016553118017509226,5,0.05395200103521347,0.05584000051021576,0.05507839992642403,0.05523199960589409,0.0006909033659321919,5,0.001408000010997057,0.003936000168323517,0.0019392000511288642,0.0014400000218302011,0.000998605165861099,5,2048,32,4,32,1,9216,FLASHINFER,"[128, 128, 128, 128]","[0, 0, 0, 0]","[512, 512, 512, 512, 512, 512, 512, 512, 512, 512, 512, 512, 512, 512, 512, 512, 512, 512, 512, 512, 512, 512, 512, 512, 512, 512, 512, 512, 512, 512, 512, 512, 512, 512, 512, 512, 512, 512, 512, 512, 512, 512, 512, 512, 512, 512, 512, 512, 512, 512, 512, 512, 512, 512, 512, 512, 512, 512, 512, 512, 512, 512, 512, 512]",4,64,64,68,512,64,576,512,0.058823529411764705,true_mixed,True,False,True,68,0,0,False,0,0,BF16,CUDA_EVENT,generic,generic,none
0.0014400000218302011,0.011136000044643879,0.003392000030726194,0.0014720000326633453,0.003872026453167377,5,0.019519999623298645,0.02236800082027912,0.020377600193023683,0.019872000440955162,0.0010536509908281903,5,0.041919998824596405,0.051072001457214355,0.04490239918231964,0.04383999854326248,0.0031857870900315354,5,0.07379200309515,0.07753600180149078,0.07504640072584152,0.07459200173616409,0.0013322767039658564,5,0.001408000010997057,0.0014400000218302011,0.0014336000196635724,0.0014400000218302011,1.2800004333257675e-05,5,2048,32,4,32,1,9216,FLASHINFER,"[128, 128, 128, 128]","[0, 0, 0, 0]","[1024, 1024, 1024, 1024, 1024, 1024, 1024, 1024, 1024, 1024, 1024, 1024, 1024, 1024, 1024, 1024, 1024, 1024, 1024, 1024, 1024, 1024, 1024, 1024, 1024, 1024, 1024, 1024, 1024, 1024, 1024, 1024, 1024, 1024, 1024, 1024, 1024, 1024, 1024, 1024, 1024, 1024, 1024, 1024, 1024, 1024, 1024, 1024, 1024, 1024, 1024, 1024, 1024, 1024, 1024, 1024, 1024, 1024, 1024, 1024, 1024, 1024, 1024, 1024]",4,64,64,68,512,64,576,1024,0.058823529411764705,true_mixed,True,False,True,68,0,0,False,0,0,BF16,CUDA_EVENT,generic,generic,none
0.0014400000218302011,0.01235199999064207,0.0037120000226423143,0.0014720000326633453,0.0043222986318096285,5,0.009759999811649323,0.021663999184966087,0.012364799715578556,0.010143999941647053,0.004654326857032615,5,0.025631999596953392,0.04806400090456009,0.03259520009160042,0.028736000880599022,0.008111216913079821,5,0.10921599715948105,0.11155200004577637,0.11032319962978362,0.1101439967751503,0.0008076698212310313,5,0.001408000010997057,0.0018240000354126096,0.0015040000202134252,0.0014400000218302011,0.00016063873309552035,5,2048,32,4,32,1,9216,FLASHINFER,"[128, 128, 128, 128]","[0, 0, 0, 0]","[2048, 2048, 2048, 2048, 2048, 2048, 2048, 2048, 2048, 2048, 2048, 2048, 2048, 2048, 2048, 2048, 2048, 2048, 2048, 2048, 2048, 2048, 2048, 2048, 2048, 2048, 2048, 2048, 2048, 2048, 2048, 2048, 2048, 2048, 2048, 2048, 2048, 2048, 2048, 2048, 2048, 2048, 2048, 2048, 2048, 2048, 2048, 2048, 2048, 2048, 2048, 2048, 2048, 2048, 2048, 2048, 2048, 2048, 2048, 2048, 2048, 2048, 2048, 2048]",4,64,64,68,512,64,576,2048,0.058823529411764705,true_mixed,True,False,True,68,0,0,False,0,0,BF16,CUDA_EVENT,generic,generic,none
0.009727999567985535,0.010816000401973724,0.010131199844181538,0.009983999654650688,0.0003805716265929662,5,0.019392000511288643,0.021344000473618507,0.020070400461554526,0.02006400004029274,0.0007075980210470509,5,0.051552001386880875,0.05299200117588043,0.052319999784231186,0.052671998739242554,0.0005983230029749985,5,0.03440000116825104,0.03846399858593941,0.03626879900693893,0.03596799820661545,0.0013090457409584266,5,0.00902399979531765,0.009535999968647957,0.009241599962115288,0.009279999881982803,0.0001791999808380372,5,2048,32,4,32,1,9216,FLASHINFER,"[256, 256, 256, 256]","[0, 0, 0, 0]",[128],4,1,1,5,1024,1,1025,128,0.8,true_mixed,True,False,True,5,0,0,False,0,0,BF16,CUDA_EVENT,generic,generic,none
0.009696000255644321,0.011711999773979187,0.010425600036978722,0.010304000228643417,0.0006825531489271247,5,0.01961600035429001,0.021856000646948814,0.020179200172424316,0.019807999953627586,0.0008477525890787211,5,0.0506879985332489,0.054687999188899994,0.05224959999322891,0.05193600058555603,0.0013171255842265338,5,0.03551999852061272,0.039712000638246536,0.036902400106191634,0.036288000643253326,0.0015324497180151525,5,0.008991999551653862,0.009696000255644321,0.009280000068247318,0.009216000325977802,0.00023688668928248142,5,2048,32,4,32,1,9216,FLASHINFER,"[256, 256, 256, 256]","[0, 0, 0, 0]",[256],4,1,1,5,1024,1,1025,256,0.8,true_mixed,True,False,True,5,0,0,False,0,0,BF16,CUDA_EVENT,generic,generic,none
0.00979200005531311,0.011711999773979187,0.010425600036978722,0.01027199998497963,0.0006789430355088978,5,0.019487999379634857,0.022175999358296394,0.02037759982049465,0.020128000527620316,0.0009673106105771616,5,0.051711998879909515,0.05417599901556969,0.052595199644565584,0.05183999985456467,0.001028510268420068,5,0.03440000116825104,0.03916800022125244,0.03621760085225105,0.03545600175857544,0.0017851753631224503,5,0.009312000125646591,0.009535999968647957,0.009414399974048138,0.00940799992531538,7.408535712239546e-05,5,2048,32,4,32,1,9216,FLASHINFER,"[256, 256, 256, 256]","[0, 0, 0, 0]",[512],4,1,1,5,1024,1,1025,512,0.8,true_mixed,True,False,True,5,0,0,False,0,0,BF16,CUDA_EVENT,generic,generic,none
0.01017600018531084,0.012543999589979649,0.010847999900579452,0.010463999584317207,0.0008617450446482277,5,0.019840000197291374,0.022304000332951546,0.020518400147557257,0.020096000283956528,0.0009058657769148575,5,0.051552001386880875,0.053888000547885895,0.05262720063328743,0.05209600180387497,0.0009457278015606706,5,0.03654399886727333,0.03891199827194214,0.03730559945106506,0.03680000081658363,0.0009056392209164501,5,0.009312000125646591,0.0098879998549819,0.00951039995998144,0.009440000168979168,0.00020279008890992833,5,2048,32,4,32,1,9216,FLASHINFER,"[256, 256, 256, 256]","[0, 0, 0, 0]",[1024],4,1,1,5,1024,1,1025,1024,0.8,true_mixed,True,False,True,5,0,0,False,0,0,BF16,CUDA_EVENT,generic,generic,none
0.0098879998549819,0.012703999876976013,0.010643200017511845,0.010208000428974628,0.0010503801039978588,5,0.019999999552965164,0.022048000246286392,0.020550400018692017,0.020287999883294106,0.0007581773109845325,5,0.050944000482559204,0.056352000683546066,0.052966400235891345,0.05283199995756149,0.001847417658177858,5,0.03532800078392029,0.039712000638246536,0.03702400028705597,0.03657599911093712,0.0014676806185806518,5,0.008608000352978706,0.010304000228643417,0.009318399988114835,0.009279999881982803,0.0005510693836581649,5,2048,32,4,32,1,9216,FLASHINFER,"[256, 256, 256, 256]","[0, 0, 0, 0]",[2048],4,1,1,5,1024,1,1025,2048,0.8,true_mixed,True,False,True,5,0,0,False,0,0,BF16,CUDA_EVENT,generic,generic,none
0.010208000428974628,0.01158399973064661,0.010534399934113026,0.01033599954098463,0.0005279125758645131,5,0.019551999866962433,0.02191999927163124,0.02027519978582859,0.019999999552965164,0.0008412042146459009,5,0.05142400041222572,0.05516799911856651,0.05278719961643219,0.05225599929690361,0.0013807694241736164,5,0.035679999738931656,0.04054399952292442,0.037350399792194365,0.03705599904060364,0.0016780206976895306,5,0.008832000195980072,0.01027199998497963,0.009574400074779988,0.009472000412642956,0.00048462825700592145,5,2048,32,4,32,1,9216,FLASHINFER,"[256, 256, 256, 256]","[0, 0, 0, 0]","[128, 128]",4,2,2,6,1024,2,1026,128,0.6666666666666666,true_mixed,True,False,True,6,0,0,False,0,0,BF16,CUDA_EVENT,generic,generic,none
0.010304000228643417,0.011935999616980553,0.010662399791181087,0.01033599954098463,0.000637563274493424,5,0.01958400011062622,0.0225600004196167,0.020480000227689744,0.020096000283956528,0.0010618987360929877,5,0.052032001316547394,0.05593600124120712,0.05295360088348389,0.0522879995405674,0.001498939708272335,5,0.03580800071358681,0.04016000032424927,0.0373248003423214,0.037087999284267426,0.0015033324464524672,5,0.008895999751985073,0.01017600018531084,0.009427200071513653,0.009472000412642956,0.00046133326908248315,5,2048,32,4,32,1,9216,FLASHINFER,"[256, 256, 256, 256]","[0, 0, 0, 0]","[256, 256]",4,2,2,6,1024,2,1026,256,0.6666666666666666,true_mixed,True,False,True,6,0,0,False,0,0,BF16,CUDA_EVENT,generic,generic,none
0.0098879998549819,0.01190400030463934,0.010700800083577633,0.01056000031530857,0.0006701996493158846,5,0.019967999309301376,0.021376000717282295,0.020364800095558168,0.020160000771284103,0.0005209619559305878,5,0.051263999193906784,0.055135998874902725,0.05274239927530289,0.052191998809576035,0.001346344354391644,5,0.03612799942493439,0.0390079990029335,0.037305600196123126,0.03711999952793121,0.0009512989578095306,5,0.009216000325977802,0.009824000298976898,0.009465599991381168,0.009375999681651592,0.00020579764880125444,5,2048,32,4,32,1,9216,FLASHINFER,"[256, 256, 256, 256]","[0, 0, 0, 0]","[512, 512]",4,2,2,6,1024,2,1026,512,0.6666666666666666,true_mixed,True,False,True,6,0,0,False,0,0,BF16,CUDA_EVENT,generic,generic,none
0.009952000342309475,0.011744000017642975,0.010528000071644783,0.010400000028312206,0.0006338908171567192,5,0.01961600035429001,0.02191999927163124,0.02026880010962486,0.019872000440955162,0.0008597461061536923,5,0.051711998879909515,0.05548800155520439,0.05289599969983101,0.05225599929690361,0.0013505375368015736,5,0.035679999738931656,0.039744000881910324,0.03728000074625015,0.03728000074625015,0.0014771390635487933,5,0.008927999995648861,0.010143999941647053,0.009503999911248683,0.009375999681651592,0.0004302781398918836,5,2048,32,4,32,1,9216,FLASHINFER,"[256, 256, 256, 256]","[0, 0, 0, 0]","[1024, 1024]",4,2,2,6,1024,2,1026,1024,0.6666666666666666,true_mixed,True,False,True,6,0,0,False,0,0,BF16,CUDA_EVENT,generic,generic,none
0.010015999898314476,0.012703999876976013,0.010816000029444694,0.01027199998497963,0.0009873438294220268,5,0.01913600042462349,0.021663999184966087,0.020031999796628952,0.019551999866962433,0.0008971417984365304,5,0.05119999870657921,0.054048001766204834,0.05254399999976158,0.05196800082921982,0.0011418224203950727,5,0.034432001411914825,0.038656000047922134,0.03678719997406006,0.036959998309612274,0.0013550171517754653,5,0.009279999881982803,0.01017600018531084,0.009638400003314018,0.009568000212311745,0.00029703182606760387,5,2048,32,4,32,1,9216,FLASHINFER,"[256, 256, 256, 256]","[0, 0, 0, 0]","[2048, 2048]",4,2,2,6,1024,2,1026,2048,0.6666666666666666,true_mixed,True,False,True,6,0,0,False,0,0,BF16,CUDA_EVENT,generic,generic,none
0.009855999611318111,0.012799999676644802,0.010566399805247784,0.010015999898314476,0.0011214435944134431,5,0.019487999379634857,0.023072000592947006,0.021004800125956534,0.02006400004029274,0.001597387027442368,5,0.05129599943757057,0.05455999821424484,0.052716799825429914,0.052000001072883606,0.0012808953812956556,5,0.03376000002026558,0.038656000047922134,0.03587199971079826,0.035551998764276505,0.0016975088793066613,5,0.009056000038981438,0.009855999611318111,0.009350399859249592,0.009279999881982803,0.0002680368874062846,5,2048,32,4,32,1,9216,FLASHINFER,"[256, 256, 256, 256]","[0, 0, 0, 0]","[128, 128, 128, 128]",4,4,4,8,1024,4,1028,128,0.5,true_mixed,True,False,True,8,0,0,False,0,0,BF16,CUDA_EVENT,generic,generic,none
0.01017600018531084,0.011744000017642975,0.010617600008845329,0.01027199998497963,0.0005877556108877723,5,0.019680000841617584,0.02252800017595291,0.02065280042588711,0.02035200037062168,0.0009732628817266119,5,0.05161599814891815,0.05539200082421303,0.05266559943556785,0.05177599936723709,0.001443254113612665,5,0.03526400029659271,0.03968000039458275,0.03717120066285133,0.03667199984192848,0.0015012878184842576,5,0.009056000038981438,0.010304000228643417,0.009555199928581715,0.009568000212311745,0.00045372355287168496,5,2048,32,4,32,1,9216,FLASHINFER,"[256, 256, 256, 256]","[0, 0, 0, 0]","[256, 256, 256, 256]",4,4,4,8,1024,4,1028,256,0.5,true_mixed,True,False,True,8,0,0,False,0,0,BF16,CUDA_EVENT,generic,generic,none
0.010048000141978264,0.012575999833643436,0.01066880002617836,0.010208000428974628,0.0009592742865968354,5,0.019680000841617584,0.022112000733613968,0.02051840052008629,0.02035200037062168,0.0008705883343997689,5,0.05167999863624573,0.05407999828457832,0.05281919911503792,0.05225599929690361,0.0009736840388924959,5,0.03542400151491165,0.03951999917626381,0.03688960000872612,0.03670400008559227,0.0014450960906818241,5,0.008991999551653862,0.009920000098645687,0.009427200071513653,0.009440000168979168,0.0002992301120595213,5,2048,32,4,32,1,9216,FLASHINFER,"[256, 256, 256, 256]","[0, 0, 0, 0]","[512, 512, 512, 512]",4,4,4,8,1024,4,1028,512,0.5,true_mixed,True,False,True,8,0,0,False,0,0,BF16,CUDA_EVENT,generic,generic,none
0.009983999654650688,0.012736000120639801,0.010790399834513664,0.010528000071644783,0.0010004083912421853,5,0.019487999379634857,0.02163200080394745,0.02024319991469383,0.020191999152302742,0.0007670932056146776,5,0.05167999863624573,0.05555199831724167,0.052851198613643645,0.05212799832224846,0.001455855704374127,5,0.03743999823927879,0.039583999663591385,0.03803519904613495,0.037567999213933945,0.0008169975100426469,5,0.00902399979531765,0.010367999784648418,0.009676799923181535,0.009664000011980534,0.00046266297650673606,5,2048,32,4,32,1,9216,FLASHINFER,"[256, 256, 256, 256]","[0, 0, 0, 0]","[1024, 1024, 1024, 1024]",4,4,4,8,1024,4,1028,1024,0.5,true_mixed,True,False,True,8,0,0,False,0,0,BF16,CUDA_EVENT,generic,generic,none
0.010143999941647053,0.010912000201642513,0.010367999970912933,0.01027199998497963,0.00028043402312522345,5,0.020128000527620316,0.026335999369621277,0.02195200026035309,0.020576000213623047,0.0023257634650424904,5,0.052352000027894974,0.05536000058054924,0.05312640070915222,0.0525440014898777,0.0011337938712078683,5,0.03670400008559227,0.03993599861860275,0.03825279995799065,0.038784001022577286,0.0012023826640235595,5,0.008671999908983707,0.010111999697983265,0.009350400045514106,0.009312000125646591,0.0004567824075931084,5,2048,32,4,32,1,9216,FLASHINFER,"[256, 256, 256, 256]","[0, 0, 0, 0]","[2048, 2048, 2048, 2048]",4,4,4,8,1024,4,1028,2048,0.5,true_mixed,True,False,True,8,0,0,False,0,0,BF16,CUDA_EVENT,generic,generic,none
0.010015999898314476,0.013376000337302685,0.010873599909245968,0.01027199998497963,0.0012592561096892267,5,0.01894400082528591,0.022304000332951546,0.020351999998092653,0.020447999238967896,0.001148795542941862,5,0.05129599943757057,0.054336000233888626,0.05240960046648979,0.051552001386880875,0.0012859704881940744,5,0.03376000002026558,0.03846399858593941,0.03548159971833229,0.03510399907827377,0.0016359976742240533,5,0.009216000325977802,0.009727999567985535,0.009433599933981896,0.009440000168979168,0.00018920620167573317,5,2048,32,4,32,1,9216,FLASHINFER,"[256, 256, 256, 256]","[0, 0, 0, 0]","[128, 128, 128, 128, 128, 128, 128, 128]",4,8,8,12,1024,8,1032,128,0.3333333333333333,true_mixed,True,False,True,12,0,0,False,0,0,BF16,CUDA_EVENT,generic,generic,none
0.009503999724984169,0.012480000033974648,0.010361599922180175,0.010048000141978264,0.0011013580889974992,5,0.01929599978029728,0.02284800074994564,0.020339199900627138,0.0197759997099638,0.0012752877305124456,5,0.05119999870657921,0.05507199838757515,0.05262719914317131,0.0522879995405674,0.0013329217454784623,5,0.03385600075125694,0.039103999733924866,0.03656319975852966,0.03670400008559227,0.001696856874711076,5,0.008960000239312649,0.009920000098645687,0.00948480013757944,0.009472000412642956,0.0003566816502803011,5,2048,32,4,32,1,9216,FLASHINFER,"[256, 256, 256, 256]","[0, 0, 0, 0]","[256, 256, 256, 256, 256, 256, 256, 256]",4,8,8,12,1024,8,1032,256,0.3333333333333333,true_mixed,True,False,True,12,0,0,False,0,0,BF16,CUDA_EVENT,generic,generic,none
0.00940799992531538,0.011839999817311764,0.010470400005578995,0.010304000228643417,0.0008111604790870087,5,0.01942400075495243,0.026815999299287796,0.0215999998152256,0.020096000283956528,0.002711742387346742,5,0.05129599943757057,0.054496001452207565,0.052313600480556485,0.05209600180387497,0.0011524271122960838,5,0.03478400036692619,0.040672000497579575,0.036928000301122664,0.036031998693943024,0.002041790778745772,5,0.00886400043964386,0.009759999811649323,0.009254400059580803,0.009056000038981438,0.0003364718762907071,5,2048,32,4,32,1,9216,FLASHINFER,"[256, 256, 256, 256]","[0, 0, 0, 0]","[512, 512, 512, 512, 512, 512, 512, 512]",4,8,8,12,1024,8,1032,512,0.3333333333333333,true_mixed,True,False,True,12,0,0,False,0,0,BF16,CUDA_EVENT,generic,generic,none
0.009824000298976898,0.011168000288307667,0.010457600094377994,0.010432000271975994,0.00043046842824053373,5,0.01974399946630001,0.021376000717282295,0.02040960006415844,0.02038400061428547,0.0005657402136128708,5,0.05190400034189224,0.054016001522541046,0.05269759967923164,0.052671998739242554,0.0007244738680283121,5,0.036448001861572266,0.03923200070858002,0.03813759982585907,0.0379519984126091,0.0010130208094297133,5,0.009088000282645226,0.009568000212311745,0.00924800019711256,0.009216000325977802,0.00016689160235746524,5,2048,32,4,32,1,9216,FLASHINFER,"[256, 256, 256, 256]","[0, 0, 0, 0]","[1024, 1024, 1024, 1024, 1024, 1024, 1024, 1024]",4,8,8,12,1024,8,1032,1024,0.3333333333333333,true_mixed,True,False,True,12,0,0,False,0,0,BF16,CUDA_EVENT,generic,generic,none
0.009344000369310379,0.012640000320971012,0.010668800212442875,0.010400000028312206,0.0010835863691780942,5,0.022336000576615334,0.02956799976527691,0.02389120012521744,0.022495999932289124,0.002841095252140639,5,0.05299200117588043,0.056223999708890915,0.05410560071468353,0.05353600159287453,0.0012361108399959922,5,0.04262400045990944,0.047648001462221146,0.04419200047850609,0.04374400153756142,0.001786620929938442,5,0.007903999648988247,0.009855999611318111,0.008697599731385708,0.00854399986565113,0.0007176565525186224,5,2048,32,4,32,1,9216,FLASHINFER,"[256, 256, 256, 256]","[0, 0, 0, 0]","[2048, 2048, 2048, 2048, 2048, 2048, 2048, 2048]",4,8,8,12,1024,8,1032,2048,0.3333333333333333,true_mixed,True,False,True,12,0,0,False,0,0,BF16,CUDA_EVENT,generic,generic,none
0.009472000412642956,0.010944000445306301,0.01029760017991066,0.010432000271975994,0.0004909263310448911,5,0.01942400075495243,0.020959999412298203,0.02006400004029274,0.019872000440955162,0.0005147919054330098,5,0.051711998879909515,0.05289600044488907,0.0521856002509594,0.05190400034189224,0.00045498608920126736,5,0.03455999866127968,0.043007999658584595,0.03773439899086952,0.03596799820661545,0.0031366143079188044,5,0.009119999594986439,0.010304000228643417,0.009497599862515926,0.00940799992531538,0.0004347293851270065,5,2048,32,4,32,1,9216,FLASHINFER,"[256, 256, 256, 256]","[0, 0, 0, 0]","[128, 128, 128, 128, 128, 128, 128, 128, 128, 128, 128, 128, 128, 128, 128, 128]",4,16,16,20,1024,16,1040,128,0.2,true_mixed,True,False,True,20,0,0,False,0,0,BF16,CUDA_EVENT,generic,generic,none
0.010015999898314476,0.012864000163972378,0.010694400034844875,0.010143999941647053,0.0010931455450662656,5,0.01929599978029728,0.021727999672293663,0.019993599876761435,0.019648000597953796,0.000879947537117797,5,0.05113599821925163,0.054016001522541046,0.05225600004196167,0.052032001316547394,0.0009710310032736982,5,0.03641600161790848,0.03903999924659729,0.03712640032172203,0.036768000572919846,0.0009780482241661646,5,0.008799999952316284,0.009535999968647957,0.009190399944782258,0.009119999594986439,0.00027705435318940057,5,2048,32,4,32,1,9216,FLASHINFER,"[256, 256, 256, 256]","[0, 0, 0, 0]","[256, 256, 256, 256, 256, 256, 256, 256, 256, 256, 256, 256, 256, 256, 256, 256]",4,16,16,20,1024,16,1040,256,0.2,true_mixed,True,False,True,20,0,0,False,0,0,BF16,CUDA_EVENT,generic,generic,none
0.009759999811649323,0.012736000120639801,0.01081599984318018,0.010528000071644783,0.001005839080493485,5,0.019360000267624855,0.022911999374628067,0.0204415999352932,0.020096000283956528,0.001285013929763096,5,0.05129599943757057,0.05407999828457832,0.05239679962396622,0.052352000027894974,0.00100941555328994,5,0.03721600025892258,0.040832001715898514,0.038892800360918044,0.03846399858593941,0.0012688481089559072,5,0.00902399979531765,0.009759999811649323,0.009401599876582623,0.009279999881982803,0.0003038483429065757,5,2048,32,4,32,1,9216,FLASHINFER,"[256, 256, 256, 256]","[0, 0, 0, 0]","[512, 512, 512, 512, 512, 512, 512, 512, 512, 512, 512, 512, 512, 512, 512, 512]",4,16,16,20,1024,16,1040,512,0.2,true_mixed,True,False,True,20,0,0,False,0,0,BF16,CUDA_EVENT,generic,generic,none
0.009759999811649323,0.012512000277638435,0.010534399934113026,0.010111999697983265,0.001006734585518203,5,0.022272000089287758,0.02396799996495247,0.022700800001621245,0.022463999688625336,0.0006417894740001638,5,0.05244800075888634,0.0560000017285347,0.0537600003182888,0.053247999399900436,0.0012897236671100527,5,0.044319998472929,0.048287998884916306,0.046105599403381346,0.04556800052523613,0.001447786567515406,5,0.004639999940991402,0.008352000266313553,0.006745600141584873,0.0072639998979866505,0.0014476455771004636,5,2048,32,4,32,1,9216,FLASHINFER,"[256, 256, 256, 256]","[0, 0, 0, 0]","[1024, 1024, 1024, 1024, 1024, 1024, 1024, 1024, 1024, 1024, 1024, 1024, 1024, 1024, 1024, 1024]",4,16,16,20,1024,16,1040,1024,0.2,true_mixed,True,False,True,20,0,0,False,0,0,BF16,CUDA_EVENT,generic,generic,none
0.009600000455975533,0.011231999844312668,0.010278400219976901,0.01017600018531084,0.0005329319103108501,5,0.02163200080394745,0.023072000592947006,0.02208000048995018,0.021888000890612602,0.0005075809193276191,5,0.0525440014898777,0.055776000022888184,0.05395199954509735,0.05423999950289726,0.001233557321461128,5,0.05641600117087364,0.059039998799562454,0.057683199644088745,0.05753599852323532,0.0008506455424380779,5,0.001408000010997057,0.0014720000326633453,0.0014400000218302011,0.0014400000218302011,2.0238583876559597e-05,5,2048,32,4,32,1,9216,FLASHINFER,"[256, 256, 256, 256]","[0, 0, 0, 0]","[2048, 2048, 2048, 2048, 2048, 2048, 2048, 2048, 2048, 2048, 2048, 2048, 2048, 2048, 2048, 2048]",4,16,16,20,1024,16,1040,2048,0.2,true_mixed,True,False,True,20,0,0,False,0,0,BF16,CUDA_EVENT,generic,generic,none
0.009696000255644321,0.011455999687314034,0.010207999870181084,0.0098879998549819,0.0006403198156654388,5,0.019200000911951065,0.02163200080394745,0.02006400004029274,0.019711999222636223,0.0008615077660672287,5,0.05116799846291542,0.05369599908590317,0.052038399130105974,0.05167999863624573,0.00088897811940315,5,0.03606399893760681,0.03840000182390213,0.036902400106191634,0.03683200106024742,0.0008269144846094272,5,0.008832000195980072,0.009631999768316746,0.009094399958848953,0.008927999995648861,0.0002886391630921061,5,2048,32,4,32,1,9216,FLASHINFER,"[256, 256, 256, 256]","[0, 0, 0, 0]","[128, 128, 128, 128, 128, 128, 128, 128, 128, 128, 128, 128, 128, 128, 128, 128, 128, 128, 128, 128, 128, 128, 128, 128, 128, 128, 128, 128, 128, 128, 128, 128]",4,32,32,36,1024,32,1056,128,0.1111111111111111,true_mixed,True,False,True,36,0,0,False,0,0,BF16,CUDA_EVENT,generic,generic,none
0.009824000298976898,0.01158399973064661,0.010419199988245965,0.010048000141978264,0.0006695879043805222,5,0.02006400004029274,0.021983999758958817,0.0208127997815609,0.02067199908196926,0.0006314954216865715,5,0.051263999193906784,0.05366399884223938,0.0523903988301754,0.05225599929690361,0.0009042817144396941,5,0.03798399865627289,0.04137599840760231,0.04011519923806191,0.04032000154256821,0.0011821132300381286,5,0.008704000152647495,0.009535999968647957,0.009094399958848953,0.009119999594986439,0.00029146345180493277,5,2048,32,4,32,1,9216,FLASHINFER,"[256, 256, 256, 256]","[0, 0, 0, 0]","[256, 256, 256, 256, 256, 256, 256, 256, 256, 256, 256, 256, 256, 256, 256, 256, 256, 256, 256, 256, 256, 256, 256, 256, 256, 256, 256, 256, 256, 256, 256, 256]",4,32,32,36,1024,32,1056,256,0.1111111111111111,true_mixed,True,False,True,36,0,0,False,0,0,BF16,CUDA_EVENT,generic,generic,none
0.009216000325977802,0.012319999746978283,0.010521599836647511,0.010463999584317207,0.001010997303937525,5,0.022431999444961548,0.024288000538945198,0.023238400369882582,0.023264000192284584,0.0006196445554266199,5,0.053119998425245285,0.05587200075387955,0.05422080010175705,0.05353600159287453,0.0011026962132101139,5,0.04499199986457825,0.04992000013589859,0.04736640006303787,0.04639999940991402,0.0020939248191774442,5,0.00431999983265996,0.008960000239312649,0.006412800028920173,0.005183999892324209,0.001914295724219479,5,2048,32,4,32,1,9216,FLASHINFER,"[256, 256, 256, 256]","[0, 0, 0, 0]","[512, 512, 512, 512, 512, 512, 512, 512, 512, 512, 512, 512, 512, 512, 512, 512, 512, 512, 512, 512, 512, 512, 512, 512, 512, 512, 512, 512, 512, 512, 512, 512]",4,32,32,36,1024,32,1056,512,0.1111111111111111,true_mixed,True,False,True,36,0,0,False,0,0,BF16,CUDA_EVENT,generic,generic,none
0.010015999898314476,0.011392000131309032,0.010451200045645237,0.01017600018531084,0.0005001018057235583,5,0.021983999758958817,0.02393599972128868,0.02250880002975464,0.022143999114632607,0.0007242469316776935,5,0.05161599814891815,0.055615998804569244,0.053228799253702164,0.052960000932216644,0.001324444544917694,5,0.05539200082421303,0.0607680007815361,0.05819520056247711,0.058368001133203506,0.0019082947432093153,5,0.0014400000218302011,0.0014400000218302011,0.0014400000218302011,0.0014400000218302011,0.0,5,2048,32,4,32,1,9216,FLASHINFER,"[256, 256, 256, 256]","[0, 0, 0, 0]","[1024, 1024, 1024, 1024, 1024, 1024, 1024, 1024, 1024, 1024, 1024, 1024, 1024, 1024, 1024, 1024, 1024, 1024, 1024, 1024, 1024, 1024, 1024, 1024, 1024, 1024, 1024, 1024, 1024, 1024, 1024, 1024]",4,32,32,36,1024,32,1056,1024,0.1111111111111111,true_mixed,True,False,True,36,0,0,False,0,0,BF16,CUDA_EVENT,generic,generic,none
0.0014400000218302011,0.011680000461637974,0.0034944001119583843,0.0014400000218302011,0.004092818939468573,5,0.019680000841617584,0.02300800010561943,0.021798400208353996,0.022048000246286392,0.0011239971935493667,5,0.05289600044488907,0.054687999188899994,0.0536191999912262,0.05302400141954422,0.0008353400611852119,5,0.0764480009675026,0.08048000186681747,0.07840000092983246,0.07807999849319458,0.001726932899971914,5,0.0014400000218302011,0.0014720000326633453,0.0014592000283300877,0.0014720000326633453,1.5676739660947454e-05,5,2048,32,4,32,1,9216,FLASHINFER,"[256, 256, 256, 256]","[0, 0, 0, 0]","[2048, 2048, 2048, 2048, 2048, 2048, 2048, 2048, 2048, 2048, 2048, 2048, 2048, 2048, 2048, 2048, 2048, 2048, 2048, 2048, 2048, 2048, 2048, 2048, 2048, 2048, 2048, 2048, 2048, 2048, 2048, 2048]",4,32,32,36,1024,32,1056,2048,0.1111111111111111,true_mixed,True,False,True,36,0,0,False,0,0,BF16,CUDA_EVENT,generic,generic,none
0.009983999654650688,0.01104000024497509,0.010367999970912933,0.010208000428974628,0.0004093000504627935,5,0.021183999255299568,0.02175999991595745,0.021491199731826782,0.02147199958562851,0.00021475793573647934,5,0.051552001386880875,0.054816000163555145,0.052985601127147675,0.05209600180387497,0.0013451265945791447,5,0.035071998834609985,0.0382080003619194,0.03656319975852966,0.03641600161790848,0.0011604316448345212,5,0.008704000152647495,0.010239999741315842,0.009273599833250046,0.008991999551653862,0.0005566160165635395,5,2048,32,4,32,1,9216,FLASHINFER,"[256, 256, 256, 256]","[0, 0, 0, 0]","[128, 128, 128, 128, 128, 128, 128, 128, 128, 128, 128, 128, 128, 128, 128, 128, 128, 128, 128, 128, 128, 128, 128, 128, 128, 128, 128, 128, 128, 128, 128, 128, 128, 128, 128, 128, 128, 128, 128, 128, 128, 128, 128, 128, 128, 128, 128, 128, 128, 128, 128, 128, 128, 128, 128, 128, 128, 128, 128, 128, 128, 128, 128, 128]",4,64,64,68,1024,64,1088,128,0.058823529411764705,true_mixed,True,False,True,68,0,0,False,0,0,BF16,CUDA_EVENT,generic,generic,none
0.00979200005531311,0.012768000364303589,0.010553600080311299,0.010048000141978264,0.001117052247914078,5,0.023552000522613525,0.024320000782608986,0.023820800334215166,0.02377600036561489,0.00027047131073855885,5,0.052960000932216644,0.05475199967622757,0.053676800429821016,0.053279999643564224,0.0007630773448520599,5,0.04121600091457367,0.04569600149989128,0.0430527999997139,0.042847998440265656,0.00152752365423698,5,0.005504000000655651,0.007935999892652035,0.006662399973720312,0.006719999946653843,0.0007870698957153948,5,2048,32,4,32,1,9216,FLASHINFER,"[256, 256, 256, 256]","[0, 0, 0, 0]","[256, 256, 256, 256, 256, 256, 256, 256, 256, 256, 256, 256, 256, 256, 256, 256, 256, 256, 256, 256, 256, 256, 256, 256, 256, 256, 256, 256, 256, 256, 256, 256, 256, 256, 256, 256, 256, 256, 256, 256, 256, 256, 256, 256, 256, 256, 256, 256, 256, 256, 256, 256, 256, 256, 256, 256, 256, 256, 256, 256, 256, 256, 256, 256]",4,64,64,68,1024,64,1088,256,0.058823529411764705,true_mixed,True,False,True,68,0,0,False,0,0,BF16,CUDA_EVENT,generic,generic,none
0.009983999654650688,0.011487999930977821,0.01050879992544651,0.01027199998497963,0.0005511436409350887,5,0.02300800010561943,0.026688000187277794,0.024371200054883958,0.023423999547958374,0.00147319629544946,5,0.05302400141954422,0.05724800005555153,0.05466879978775978,0.05411199852824211,0.0014680431978595007,5,0.05350400134921074,0.05740800127387047,0.05535360053181648,0.054976001381874084,0.0016797288835473875,5,0.0014400000218302011,0.0014400000218302011,0.0014400000218302011,0.0014400000218302011,0.0,5,2048,32,4,32,1,9216,FLASHINFER,"[256, 256, 256, 256]","[0, 0, 0, 0]","[512, 512, 512, 512, 512, 512, 512, 512, 512, 512, 512, 512, 512, 512, 512, 512, 512, 512, 512, 512, 512, 512, 512, 512, 512, 512, 512, 512, 512, 512, 512, 512, 512, 512, 512, 512, 512, 512, 512, 512, 512, 512, 512, 512, 512, 512, 512, 512, 512, 512, 512, 512, 512, 512, 512, 512, 512, 512, 512, 512, 512, 512, 512, 512]",4,64,64,68,1024,64,1088,512,0.058823529411764705,true_mixed,True,False,True,68,0,0,False,0,0,BF16,CUDA_EVENT,generic,generic,none
0.0014400000218302011,0.011327999643981457,0.0034175999462604523,0.0014400000218302011,0.003955199848860502,5,0.023072000592947006,0.023584000766277313,0.02330880016088486,0.023296000435948372,0.00018169698804877595,5,0.0530879981815815,0.055135998874902725,0.05383679941296578,0.05350400134921074,0.0007253769395579574,5,0.0732479989528656,0.07635200023651123,0.07503999918699264,0.07552000135183334,0.001216000671450178,5,0.001408000010997057,0.0014720000326633453,0.0014400000218302011,0.0014400000218302011,2.0238583876559597e-05,5,2048,32,4,32,1,9216,FLASHINFER,"[256, 256, 256, 256]","[0, 0, 0, 0]","[1024, 1024, 1024, 1024, 1024, 1024, 1024, 1024, 1024, 1024, 1024, 1024, 1024, 1024, 1024, 1024, 1024, 1024, 1024, 1024, 1024, 1024, 1024, 1024, 1024, 1024, 1024, 1024, 1024, 1024, 1024, 1024, 1024, 1024, 1024, 1024, 1024, 1024, 1024, 1024, 1024, 1024, 1024, 1024, 1024, 1024, 1024, 1024, 1024, 1024, 1024, 1024, 1024, 1024, 1024, 1024, 1024, 1024, 1024, 1024, 1024, 1024, 1024, 1024]",4,64,64,68,1024,64,1088,1024,0.058823529411764705,true_mixed,True,False,True,68,0,0,False,0,0,BF16,CUDA_EVENT,generic,generic,none
0.001408000010997057,0.011615999974310398,0.0034688000101596116,0.0014400000218302011,0.004073618835147521,5,0.013663999736309052,0.0244159996509552,0.015942399762570857,0.013887999579310417,0.004237911582306293,5,0.03139200061559677,0.05500800162553787,0.039123200625181195,0.03619199991226196,0.008474760295789257,5,0.10956799983978271,0.11296000331640244,0.11117440164089203,0.11151999980211258,0.001244862341119898,5,0.001408000010997057,0.0014720000326633453,0.0014400000218302011,0.0014400000218302011,2.0238583876559597e-05,5,2048,32,4,32,1,9216,FLASHINFER,"[256, 256, 256, 256]","[0, 0, 0, 0]","[2048, 2048, 2048, 2048, 2048, 2048, 2048, 2048, 2048, 2048, 2048, 2048, 2048, 2048, 2048, 2048, 2048, 2048, 2048, 2048, 2048, 2048, 2048, 2048, 2048, 2048, 2048, 2048, 2048, 2048, 2048, 2048, 2048, 2048, 2048, 2048, 2048, 2048, 2048, 2048, 2048, 2048, 2048, 2048, 2048, 2048, 2048, 2048, 2048, 2048, 2048, 2048, 2048, 2048, 2048, 2048, 2048, 2048, 2048, 2048, 2048, 2048, 2048, 2048]",4,64,64,68,1024,64,1088,2048,0.058823529411764705,true_mixed,True,False,True,68,0,0,False,0,0,BF16,CUDA_EVENT,generic,generic,none
0.009727999567985535,0.011807999573647976,0.010470400005578995,0.010208000428974628,0.0007046977006689821,5,0.029023999348282814,0.030271999537944794,0.029420799762010574,0.029184000566601753,0.0004550753991193136,5,0.08105599880218506,0.08611200004816055,0.08270719945430756,0.08195199817419052,0.0018315187076810417,5,0.014368000440299511,0.015072000212967396,0.014784000255167485,0.014816000126302242,0.0002462128782984216,5,0.005535999778658152,0.01017600018531084,0.008198399841785432,0.008991999551653862,0.0016238101029737919,5,2048,32,4,32,1,9216,FLASHINFER,"[512, 512, 512, 512]","[0, 0, 0, 0]",[128],4,1,1,5,2048,1,2049,128,0.8,true_mixed,True,False,True,5,0,0,False,0,0,BF16,CUDA_EVENT,generic,generic,none
0.010080000385642052,0.01104000024497509,0.010323200188577176,0.010111999697983265,0.00036798611246512716,5,0.027936000376939774,0.029055999591946602,0.028614399954676628,0.02876799926161766,0.000392126998439533,5,0.08048000186681747,0.08540800213813782,0.08283520042896271,0.08294399827718735,0.0018683840064251192,5,0.01484800036996603,0.01587199978530407,0.015142400003969669,0.015039999969303608,0.00037230168293084063,5,0.008031999692320824,0.009696000255644321,0.008486399985849857,0.00825599953532219,0.0006153327718142498,5,2048,32,4,32,1,9216,FLASHINFER,"[512, 512, 512, 512]","[0, 0, 0, 0]",[256],4,1,1,5,2048,1,2049,256,0.8,true_mixed,True,False,True,5,0,0,False,0,0,BF16,CUDA_EVENT,generic,generic,none
0.00979200005531311,0.01206399966031313,0.010662399977445603,0.010432000271975994,0.000780537473777882,5,0.028896000236272812,0.030527999624609947,0.029439999908208846,0.02924799919128418,0.0006007140331372798,5,0.0806720033288002,0.08601599931716919,0.08269440084695816,0.08233600109815598,0.0019354466907724303,5,0.014976000413298607,0.015615999698638916,0.0151936000213027,0.015168000012636185,0.00022390836236230638,5,0.0054720002226531506,0.009600000455975533,0.008006400056183338,0.009119999594986439,0.001628092491738152,5,2048,32,4,32,1,9216,FLASHINFER,"[512, 512, 512, 512]","[0, 0, 0, 0]",[512],4,1,1,5,2048,1,2049,512,0.8,true_mixed,True,False,True,5,0,0,False,0,0,BF16,CUDA_EVENT,generic,generic,none
0.010208000428974628,0.01321600005030632,0.010982399992644786,0.01033599954098463,0.0011388403856833359,5,0.028672000393271446,0.03126399964094162,0.02953599989414215,0.02940800040960312,0.0009316341657321046,5,0.0814720019698143,0.08409599959850311,0.08273279964923859,0.0828159973025322,0.0008508861975206813,5,0.015200000256299973,0.01740800030529499,0.016051200218498707,0.01600000075995922,0.0007509030481486557,5,0.005152000114321709,0.009696000255644321,0.007059200014919042,0.0066559999249875546,0.0015792057305343936,5,2048,32,4,32,1,9216,FLASHINFER,"[512, 512, 512, 512]","[0, 0, 0, 0]",[1024],4,1,1,5,2048,1,2049,1024,0.8,true_mixed,True,False,True,5,0,0,False,0,0,BF16,CUDA_EVENT,generic,generic,none
0.009696000255644321,0.012415999546647072,0.010476800054311753,0.010048000141978264,0.0009893329401036446,5,0.029791999608278275,0.0307839997112751,0.03016959987580776,0.029952000826597214,0.0003983451969155724,5,0.0801599994301796,0.08425600081682205,0.08159999996423721,0.08083199709653854,0.001552314132082576,5,0.016607999801635742,0.0180479995906353,0.017407999932765962,0.017664000391960144,0.0005464414428877178,5,0.003456000005826354,0.009759999811649323,0.006342399911954999,0.004767999984323978,0.002719314621354238,5,2048,32,4,32,1,9216,FLASHINFER,"[512, 512, 512, 512]","[0, 0, 0, 0]",[2048],4,1,1,5,2048,1,2049,2048,0.8,true_mixed,True,False,True,5,0,0,False,0,0,BF16,CUDA_EVENT,generic,generic,none
0.009824000298976898,0.012640000320971012,0.010739200189709664,0.010208000428974628,0.0010154846592392438,5,0.027936000376939774,0.030271999537944794,0.02885119989514351,0.028575999662280083,0.0007904968455325165,5,0.08032000064849854,0.0857279971241951,0.08318079859018326,0.08310399949550629,0.0018947228287253671,5,0.014655999839305878,0.01539199985563755,0.015039999783039094,0.01500799972563982,0.00029675574167767777,5,0.005632000043988228,0.009472000412642956,0.0075968001037836075,0.007296000141650438,0.0013485030128125232,5,2048,32,4,32,1,9216,FLASHINFER,"[512, 512, 512, 512]","[0, 0, 0, 0]","[128, 128]",4,2,2,6,2048,2,2050,128,0.6666666666666666,true_mixed,True,False,True,6,0,0,False,0,0,BF16,CUDA_EVENT,generic,generic,none
0.01017600018531084,0.012896000407636166,0.010860799998044967,0.01033599954098463,0.0010249197997225607,5,0.02844800055027008,0.03097599931061268,0.02956799976527691,0.029503999277949333,0.0008097956390843489,5,0.07980799674987793,0.08505599945783615,0.08218879848718644,0.08198399841785431,0.0016814601367719304,5,0.015200000256299973,0.015904000028967857,0.015462400019168853,0.015263999812304974,0.00028934808753389754,5,0.004927999805659056,0.0098879998549819,0.007295999862253666,0.007455999962985516,0.0017721182194805835,5,2048,32,4,32,1,9216,FLASHINFER,"[512, 512, 512, 512]","[0, 0, 0, 0]","[256, 256]",4,2,2,6,2048,2,2050,256,0.6666666666666666,true_mixed,True,False,True,6,0,0,False,0,0,BF16,CUDA_EVENT,generic,generic,none
0.01017600018531084,0.012896000407636166,0.010803200118243695,0.010239999741315842,0.0010544669073273834,5,0.029120000079274178,0.030239999294281006,0.029651199653744697,0.029632000252604485,0.0003640692102711067,5,0.08019199967384338,0.08793599903583527,0.08302080035209655,0.08230400085449219,0.0028717103140792235,5,0.015519999898970127,0.01651199907064438,0.016006400063633918,0.015968000516295433,0.00041644264584615536,5,0.005439999978989363,0.008991999551653862,0.00703999986872077,0.006912000011652708,0.0011521776212745952,5,2048,32,4,32,1,9216,FLASHINFER,"[512, 512, 512, 512]","[0, 0, 0, 0]","[512, 512]",4,2,2,6,2048,2,2050,512,0.6666666666666666,true_mixed,True,False,True,6,0,0,False,0,0,BF16,CUDA_EVENT,generic,generic,none
0.009952000342309475,0.012864000163972378,0.01084160003811121,0.010463999584317207,0.0010401526589108759,5,0.029503999277949333,0.031072000041604042,0.030112000182271004,0.029664000496268272,0.000630651840650967,5,0.07955200225114822,0.08627200126647949,0.08190720230340957,0.08150400221347809,0.002306895524116739,5,0.016543999314308167,0.01945599913597107,0.017439999803900718,0.01708799973130226,0.0010479203054864102,5,0.0029440000653266907,0.009824000298976898,0.005753600038588047,0.005311999935656786,0.0022536181249659727,5,2048,32,4,32,1,9216,FLASHINFER,"[512, 512, 512, 512]","[0, 0, 0, 0]","[1024, 1024]",4,2,2,6,2048,2,2050,1024,0.6666666666666666,true_mixed,True,False,True,6,0,0,False,0,0,BF16,CUDA_EVENT,generic,generic,none
0.0098879998549819,0.012927999719977379,0.010783999972045422,0.010304000228643417,0.001111095912701381,5,0.029952000826597214,0.03136000037193298,0.03065600022673607,0.030688000842928886,0.00045118852105591905,5,0.07983999699354172,0.08528000116348267,0.08195200115442276,0.0806720033288002,0.0020390809268831006,5,0.020320000126957893,0.021407999098300934,0.02062080018222332,0.020416000857949257,0.00041059832028678535,5,0.0014400000218302011,0.006719999946653843,0.00325119998306036,0.0031999999191612005,0.0019241128990340607,5,2048,32,4,32,1,9216,FLASHINFER,"[512, 512, 512, 512]","[0, 0, 0, 0]","[2048, 2048]",4,2,2,6,2048,2,2050,2048,0.6666666666666666,true_mixed,True,False,True,6,0,0,False,0,0,BF16,CUDA_EVENT,generic,generic,none
0.0098879998549819,0.017664000391960144,0.011712000146508217,0.010111999697983265,0.0030000236089888954,5,0.028991999104619026,0.03017600066959858,0.029836799949407578,0.03001599945127964,0.00044183232758094124,5,0.08156800270080566,0.08383999764919281,0.08261120021343231,0.08262400329113007,0.0008549684255261823,5,0.015456000342965126,0.015807999297976494,0.01567359995096922,0.015744000673294067,0.0001436793189338965,5,0.0041600000113248825,0.0098879998549819,0.00737279998138547,0.007071999832987785,0.0021753033649230427,5,2048,32,4,32,1,9216,FLASHINFER,"[512, 512, 512, 512]","[0, 0, 0, 0]","[128, 128, 128, 128]",4,4,4,8,2048,4,2052,128,0.5,true_mixed,True,False,True,8,0,0,False,0,0,BF16,CUDA_EVENT,generic,generic,none
0.010015999898314476,0.013120000250637531,0.010988800041377544,0.010528000071644783,0.0010941193814961183,5,0.02876799926161766,0.030559999868273735,0.029523199796676634,0.02953599952161312,0.0006032998625723517,5,0.0799039974808693,0.08489599823951721,0.08212479948997498,0.08144000172615051,0.001795836372356042,5,0.01568000018596649,0.017952000722289085,0.016416000202298164,0.015936000272631645,0.0008282996532135602,5,0.002240000059828162,0.009824000298976898,0.006304000178351999,0.0060800001956522465,0.002557118491543213,5,2048,32,4,32,1,9216,FLASHINFER,"[512, 512, 512, 512]","[0, 0, 0, 0]","[256, 256, 256, 256]",4,4,4,8,2048,4,2052,256,0.5,true_mixed,True,False,True,8,0,0,False,0,0,BF16,CUDA_EVENT,generic,generic,none
0.009727999567985535,0.012703999876976013,0.010604799911379813,0.010304000228643417,0.001085851974598675,5,0.030047999694943428,0.03136000037193298,0.030540800467133523,0.030432000756263733,0.00046487101546467295,5,0.07923199981451035,0.08579199761152267,0.08195199966430664,0.08060800284147263,0.0024893437588383617,5,0.016416000202298164,0.018880000337958336,0.01719680018723011,0.016831999644637108,0.0008776638953422525,5,0.002848000032827258,0.01017600018531084,0.0060159999411553144,0.005119999870657921,0.002451709669957337,5,2048,32,4,32,1,9216,FLASHINFER,"[512, 512, 512, 512]","[0, 0, 0, 0]","[512, 512, 512, 512]",4,4,4,8,2048,4,2052,512,0.5,true_mixed,True,False,True,8,0,0,False,0,0,BF16,CUDA_EVENT,generic,generic,none
0.0098879998549819,0.012992000207304955,0.010854400135576725,0.01056000031530857,0.0011135632538033684,5,0.029983999207615852,0.03136000037193298,0.030483200028538705,0.030271999537944794,0.0004914269745676368,5,0.08060800284147263,0.08684799820184708,0.08223359882831574,0.08092799782752991,0.002347273103082232,5,0.019840000197291374,0.022048000246286392,0.0208831999450922,0.020479999482631683,0.0008862558247487662,5,0.0014400000218302011,0.009279999881982803,0.003020799998193979,0.0014720000326633453,0.0031296326615825334,5,2048,32,4,32,1,9216,FLASHINFER,"[512, 512, 512, 512]","[0, 0, 0, 0]","[1024, 1024, 1024, 1024]",4,4,4,8,2048,4,2052,1024,0.5,true_mixed,True,False,True,8,0,0,False,0,0,BF16,CUDA_EVENT,generic,generic,none
0.010080000385642052,0.011615999974310398,0.010700800269842149,0.01056000031530857,0.0005402599782548013,5,0.0307839997112751,0.032255999743938446,0.03131520003080368,0.03129599988460541,0.0005345437047299453,5,0.08089599758386612,0.08707199990749359,0.08238079994916916,0.08128000050783157,0.0023607762176803375,5,0.023615999147295952,0.025280000641942024,0.02428159974515438,0.024032000452280045,0.0006643067310885067,5,0.0014400000218302011,0.005183999892324209,0.0021951999980956314,0.0014400000218302011,0.0014944513381302139,5,2048,32,4,32,1,9216,FLASHINFER,"[512, 512, 512, 512]","[0, 0, 0, 0]","[2048, 2048, 2048, 2048]",4,4,4,8,2048,4,2052,2048,0.5,true_mixed,True,False,True,8,0,0,False,0,0,BF16,CUDA_EVENT,generic,generic,none
0.010143999941647053,0.011296000331640244,0.010553600080311299,0.010400000028312206,0.0004024374732221059,5,0.02937600016593933,0.031007999554276466,0.029785600304603577,0.029472000896930695,0.0006193133264800516,5,0.08131200075149536,0.08361600339412689,0.082259202003479,0.08236800134181976,0.0008217467532639479,5,0.016095999628305435,0.01727999933063984,0.016774399578571318,0.01708799973130226,0.000545466102996767,5,0.005216000135987997,0.009631999768316746,0.007001600041985512,0.006496000103652477,0.0015020786663461725,5,2048,32,4,32,1,9216,FLASHINFER,"[512, 512, 512, 512]","[0, 0, 0, 0]","[128, 128, 128, 128, 128, 128, 128, 128]",4,8,8,12,2048,8,2056,128,0.3333333333333333,true_mixed,True,False,True,12,0,0,False,0,0,BF16,CUDA_EVENT,generic,generic,none
0.009759999811649323,0.012032000347971916,0.010463999956846238,0.010048000141978264,0.0008158432851255624,5,0.0297279991209507,0.03203200176358223,0.030406400188803674,0.03017600066959858,0.000841886731571437,5,0.08070400357246399,0.08825600147247314,0.08351360112428666,0.08297599852085114,0.002682538946833887,5,0.017023999243974686,0.017376000061631203,0.017158399522304534,0.01708799973130226,0.0001333292234976993,5,0.004127999767661095,0.01017600018531084,0.007180800009518862,0.00687999976798892,0.0019588183948305044,5,2048,32,4,32,1,9216,FLASHINFER,"[512, 512, 512, 512]","[0, 0, 0, 0]","[256, 256, 256, 256, 256, 256, 256, 256]",4,8,8,12,2048,8,2056,256,0.3333333333333333,true_mixed,True,False,True,12,0,0,False,0,0,BF16,CUDA_EVENT,generic,generic,none
0.009855999611318111,0.01196799986064434,0.010476799868047237,0.01017600018531084,0.0007758531634633006,5,0.03001599945127964,0.030912000685930252,0.030348800495266913,0.030208000913262367,0.00031130614356798055,5,0.08028800040483475,0.08617600053548813,0.08231040090322495,0.08150400221347809,0.0020736792564098705,5,0.02022399939596653,0.021727999672293663,0.02072319984436035,0.020576000213623047,0.0005201747452361895,5,0.0014400000218302011,0.006976000033318996,0.0026368000311776997,0.0015040000434964895,0.0021732311805574282,5,2048,32,4,32,1,9216,FLASHINFER,"[512, 512, 512, 512]","[0, 0, 0, 0]","[512, 512, 512, 512, 512, 512, 512, 512]",4,8,8,12,2048,8,2056,512,0.3333333333333333,true_mixed,True,False,True,12,0,0,False,0,0,BF16,CUDA_EVENT,generic,generic,none
0.009855999611318111,0.011008000001311302,0.01047039981931448,0.010591999627649784,0.000392127466609547,5,0.030592000111937523,0.03190400078892708,0.031027200073003768,0.0307839997112751,0.0004868210120905356,5,0.08073599636554718,0.08271999657154083,0.08138879835605621,0.08115199953317642,0.00069833319565189,5,0.023711999878287315,0.024191999807953835,0.024038399755954742,0.02412799932062626,0.0001825963004291423,5,0.0014400000218302011,0.0029120000544935465,0.0017472000326961279,0.0014720000326633453,0.0005825758086579643,5,2048,32,4,32,1,9216,FLASHINFER,"[512, 512, 512, 512]","[0, 0, 0, 0]","[1024, 1024, 1024, 1024, 1024, 1024, 1024, 1024]",4,8,8,12,2048,8,2056,1024,0.3333333333333333,true_mixed,True,False,True,12,0,0,False,0,0,BF16,CUDA_EVENT,generic,generic,none
0.009535999968647957,0.012640000320971012,0.010393600165843963,0.009920000098645687,0.0011465472014425902,5,0.031007999554276466,0.03254399821162224,0.031404799595475194,0.03110400028526783,0.00058397966195291,5,0.0791039988398552,0.08483199775218964,0.08083840012550354,0.08028800040483475,0.0020735793778979055,5,0.029343999922275543,0.031808000057935715,0.030355200171470642,0.03030399978160858,0.0008197498334297351,5,0.0014400000218302011,0.0017600000137463212,0.0015296000288799404,0.0014720000326633453,0.00011696426178083479,5,2048,32,4,32,1,9216,FLASHINFER,"[512, 512, 512, 512]","[0, 0, 0, 0]","[2048, 2048, 2048, 2048, 2048, 2048, 2048, 2048]",4,8,8,12,2048,8,2056,2048,0.3333333333333333,true_mixed,True,False,True,12,0,0,False,0,0,BF16,CUDA_EVENT,generic,generic,none
0.0098879998549819,0.012415999546647072,0.010662399791181087,0.01027199998497963,0.0008965482723204111,5,0.029632000252604485,0.03791999816894531,0.03183999918401241,0.03001599945127964,0.0031193019093228194,5,0.07939200103282928,0.0854400023818016,0.08176000118255615,0.08166400343179703,0.002160605583766645,5,0.017343999817967415,0.018400000408291817,0.017747200280427932,0.017472000792622566,0.00041703251576522785,5,0.0014720000326633453,0.009600000455975533,0.004710400057956576,0.003903999924659729,0.00267818415206476,5,2048,32,4,32,1,9216,FLASHINFER,"[512, 512, 512, 512]","[0, 0, 0, 0]","[128, 128, 128, 128, 128, 128, 128, 128, 128, 128, 128, 128, 128, 128, 128, 128]",4,16,16,20,2048,16,2064,128,0.2,true_mixed,True,False,True,20,0,0,False,0,0,BF16,CUDA_EVENT,generic,generic,none
0.009759999811649323,0.011711999773979187,0.010515199787914754,0.01033599954098463,0.0006912593087979794,5,0.030047999694943428,0.031072000041604042,0.030425599962472915,0.030239999294281006,0.0003777627952417598,5,0.08105599880218506,0.08649600297212601,0.08305280059576034,0.08291199803352356,0.0018971016902556174,5,0.020640000700950623,0.022624000906944275,0.02151680029928684,0.021344000473618507,0.0007946317215875168,5,0.0014400000218302011,0.0058559998869895935,0.0026240000035613774,0.0014720000326633453,0.001706893264949409,5,2048,32,4,32,1,9216,FLASHINFER,"[512, 512, 512, 512]","[0, 0, 0, 0]","[256, 256, 256, 256, 256, 256, 256, 256, 256, 256, 256, 256, 256, 256, 256, 256]",4,16,16,20,2048,16,2064,256,0.2,true_mixed,True,False,True,20,0,0,False,0,0,BF16,CUDA_EVENT,generic,generic,none
0.009600000455975533,0.012384000234305859,0.010489600151777268,0.010143999941647053,0.0009738520624757911,5,0.031231999397277832,0.032896000891923904,0.03164160028100014,0.031328000128269196,0.0006333740930050721,5,0.08022399991750717,0.08793599903583527,0.08298240154981613,0.08262400329113007,0.002777879480963831,5,0.024191999807953835,0.02630399912595749,0.025363199412822723,0.025599999353289604,0.0009050058912074514,5,0.0014400000218302011,0.002400000113993883,0.0016448000445961953,0.0014720000326633453,0.0003778711239870446,5,2048,32,4,32,1,9216,FLASHINFER,"[512, 512, 512, 512]","[0, 0, 0, 0]","[512, 512, 512, 512, 512, 512, 512, 512, 512, 512, 512, 512, 512, 512, 512, 512]",4,16,16,20,2048,16,2064,512,0.2,true_mixed,True,False,True,20,0,0,False,0,0,BF16,CUDA_EVENT,generic,generic,none
0.008767999708652496,0.01283199992030859,0.01020160000771284,0.010048000141978264,0.0014367109333479255,5,0.031007999554276466,0.032287999987602234,0.031513600051403044,0.03145600110292435,0.00047047619915362794,5,0.07939200103282928,0.08432000130414963,0.08096000105142594,0.08012799918651581,0.001858426373241828,5,0.03030399978160858,0.03254399821162224,0.03155839964747429,0.03177599981427193,0.0007303850842021487,5,0.0014400000218302011,0.0015040000434964895,0.0014656000304967165,0.0014720000326633453,2.3946615382136017e-05,5,2048,32,4,32,1,9216,FLASHINFER,"[512, 512, 512, 512]","[0, 0, 0, 0]","[1024, 1024, 1024, 1024, 1024, 1024, 1024, 1024, 1024, 1024, 1024, 1024, 1024, 1024, 1024, 1024]",4,16,16,20,2048,16,2064,1024,0.2,true_mixed,True,False,True,20,0,0,False,0,0,BF16,CUDA_EVENT,generic,generic,none
0.0014400000218302011,0.011839999817311764,0.005145599925890565,0.0014720000326633453,0.004572368789041619,5,0.03062400035560131,0.03292800113558769,0.03134080022573471,0.03097599931061268,0.000834114714240167,5,0.07852800190448761,0.08607999980449677,0.08089600056409836,0.07974400371313095,0.0026901317009421304,5,0.04201599955558777,0.04396799951791763,0.043033599853515625,0.043136000633239746,0.0007570964940847701,5,0.0014400000218302011,0.001728000002913177,0.0015552000142633915,0.0014400000218302011,0.00014109059991689976,5,2048,32,4,32,1,9216,FLASHINFER,"[512, 512, 512, 512]","[0, 0, 0, 0]","[2048, 2048, 2048, 2048, 2048, 2048, 2048, 2048, 2048, 2048, 2048, 2048, 2048, 2048, 2048, 2048]",4,16,16,20,2048,16,2064,2048,0.2,true_mixed,True,False,True,20,0,0,False,0,0,BF16,CUDA_EVENT,generic,generic,none
0.00979200005531311,0.012927999719977379,0.010713599808514118,0.01027199998497963,0.0011289062354371358,5,0.029920000582933426,0.03167999908328056,0.030419199913740157,0.030079999938607216,0.0006506627960555869,5,0.08022399991750717,0.0862400010228157,0.08238719999790192,0.0820159986615181,0.0020885591728787827,5,0.022016000002622604,0.022463999688625336,0.022297600284218788,0.02236800082027912,0.0001533331805693569,5,0.0014400000218302011,0.00687999976798892,0.002527999971061945,0.0014400000218302011,0.0021759998984634873,5,2048,32,4,32,1,9216,FLASHINFER,"[512, 512, 512, 512]","[0, 0, 0, 0]","[128, 128, 128, 128, 128, 128, 128, 128, 128, 128, 128, 128, 128, 128, 128, 128, 128, 128, 128, 128, 128, 128, 128, 128, 128, 128, 128, 128, 128, 128, 128, 128]",4,32,32,36,2048,32,2080,128,0.1111111111111111,true_mixed,True,False,True,36,0,0,False,0,0,BF16,CUDA_EVENT,generic,generic,none
0.010015999898314476,0.011392000131309032,0.01049600001424551,0.01027199998497963,0.00048488184562277384,5,0.03062400035560131,0.03267199918627739,0.031276799738407135,0.03097599931061268,0.0007242466683214345,5,0.08022399991750717,0.08515200018882751,0.08194559961557388,0.08118399977684021,0.0017560281581886167,5,0.02582399919629097,0.027712000533938408,0.026393600180745123,0.02595200017094612,0.0007029522665233489,5,0.0014400000218302011,0.002495999913662672,0.0016576000023633241,0.0014400000218302011,0.0004193831218834239,5,2048,32,4,32,1,9216,FLASHINFER,"[512, 512, 512, 512]","[0, 0, 0, 0]","[256, 256, 256, 256, 256, 256, 256, 256, 256, 256, 256, 256, 256, 256, 256, 256, 256, 256, 256, 256, 256, 256, 256, 256, 256, 256, 256, 256, 256, 256, 256, 256]",4,32,32,36,2048,32,2080,256,0.1111111111111111,true_mixed,True,False,True,36,0,0,False,0,0,BF16,CUDA_EVENT,generic,generic,none
0.004800000227987766,0.011168000288307667,0.00782719999551773,0.0063680000603199005,0.0025151755216942678,5,0.030880000442266464,0.03292800113558769,0.031558400765061376,0.03136000037193298,0.0007227754144970883,5,0.07859200239181519,0.08537600189447403,0.08098560124635697,0.08070400357246399,0.0024494037842501923,5,0.03139200061559677,0.033535998314619064,0.032390399277210234,0.032255999743938446,0.0008259218189916487,5,0.0014400000218302011,0.0014720000326633453,0.00144640002399683,0.0014400000218302011,1.2800004333257677e-05,5,2048,32,4,32,1,9216,FLASHINFER,"[512, 512, 512, 512]","[0, 0, 0, 0]","[512, 512, 512, 512, 512, 512, 512, 512, 512, 512, 512, 512, 512, 512, 512, 512, 512, 512, 512, 512, 512, 512, 512, 512, 512, 512, 512, 512, 512, 512, 512, 512]",4,32,32,36,2048,32,2080,512,0.1111111111111111,true_mixed,True,False,True,36,0,0,False,0,0,BF16,CUDA_EVENT,generic,generic,none
0.0014400000218302011,0.01142400037497282,0.0040640001185238365,0.0014720000326633453,0.0038701219943772613,5,0.030271999537944794,0.0318400003015995,0.030739199742674826,0.030527999624609947,0.0005607221230158224,5,0.07875200361013412,0.08451200276613235,0.08076160103082657,0.0801599994301796,0.001985279610949697,5,0.043455999344587326,0.045504000037908554,0.04479359984397888,0.04495999962091446,0.0007073089994654579,5,0.0014400000218302011,0.0017920000245794654,0.0015168000245466828,0.0014400000218302011,0.00013815701252020864,5,2048,32,4,32,1,9216,FLASHINFER,"[512, 512, 512, 512]","[0, 0, 0, 0]","[1024, 1024, 1024, 1024, 1024, 1024, 1024, 1024, 1024, 1024, 1024, 1024, 1024, 1024, 1024, 1024, 1024, 1024, 1024, 1024, 1024, 1024, 1024, 1024, 1024, 1024, 1024, 1024, 1024, 1024, 1024, 1024]",4,32,32,36,2048,32,2080,1024,0.1111111111111111,true_mixed,True,False,True,36,0,0,False,0,0,BF16,CUDA_EVENT,generic,generic,none
0.0014400000218302011,0.012703999876976013,0.0037248000036925076,0.0014720000326633453,0.004489708274682474,5,0.020576000213623047,0.03167999908328056,0.02295679934322834,0.02067199908196926,0.004366826372088449,5,0.07433599978685379,0.08515200018882751,0.07867520004510879,0.07798399776220322,0.003842431241158263,5,0.06313599646091461,0.0647680014371872,0.06382719874382019,0.06355199962854385,0.0006266132553040992,5,0.0014400000218302011,0.0015360000543296337,0.0014720000326633453,0.0014720000326633453,3.505425554744551e-05,5,2048,32,4,32,1,9216,FLASHINFER,"[512, 512, 512, 512]","[0, 0, 0, 0]","[2048, 2048, 2048, 2048, 2048, 2048, 2048, 2048, 2048, 2048, 2048, 2048, 2048, 2048, 2048, 2048, 2048, 2048, 2048, 2048, 2048, 2048, 2048, 2048, 2048, 2048, 2048, 2048, 2048, 2048, 2048, 2048]",4,32,32,36,2048,32,2080,2048,0.1111111111111111,true_mixed,True,False,True,36,0,0,False,0,0,BF16,CUDA_EVENT,generic,generic,none
0.0098879998549819,0.012959999963641167,0.01063039992004633,0.010048000141978264,0.0011779130196141803,5,0.030880000442266464,0.032287999987602234,0.03123840019106865,0.031039999797940254,0.0005321628591773485,5,0.08111999928951263,0.08617600053548813,0.08265600055456161,0.0817599967122078,0.0018258519882430233,5,0.021856000646948814,0.022816000506281853,0.022521600127220154,0.0226879995316267,0.00034960620509584935,5,0.001408000010997057,0.005311999935656786,0.0022080000024288894,0.0014400000218302011,0.0015520494503957322,5,2048,32,4,32,1,9216,FLASHINFER,"[512, 512, 512, 512]","[0, 0, 0, 0]","[128, 128, 128, 128, 128, 128, 128, 128, 128, 128, 128, 128, 128, 128, 128, 128, 128, 128, 128, 128, 128, 128, 128, 128, 128, 128, 128, 128, 128, 128, 128, 128, 128, 128, 128, 128, 128, 128, 128, 128, 128, 128, 128, 128, 128, 128, 128, 128, 128, 128, 128, 128, 128, 128, 128, 128, 128, 128, 128, 128, 128, 128, 128, 128]",4,64,64,68,2048,64,2112,128,0.058823529411764705,true_mixed,True,False,True,68,0,0,False,0,0,BF16,CUDA_EVENT,generic,generic,none
0.00723200011998415,0.01283199992030859,0.010131200030446052,0.010304000228643417,0.001779338057210244,5,0.031136000528931618,0.032575998455286026,0.03153279982507229,0.031328000128269196,0.0005264357713765177,5,0.07814399898052216,0.08575999736785889,0.08058879971504211,0.07974400371313095,0.002681102656909493,5,0.02768000029027462,0.02879999950528145,0.02845440022647381,0.028575999662280083,0.00040345380477672965,5,0.0014400000218302011,0.0014400000218302011,0.0014400000218302011,0.0014400000218302011,0.0,5,2048,32,4,32,1,9216,FLASHINFER,"[512, 512, 512, 512]","[0, 0, 0, 0]","[256, 256, 256, 256, 256, 256, 256, 256, 256, 256, 256, 256, 256, 256, 256, 256, 256, 256, 256, 256, 256, 256, 256, 256, 256, 256, 256, 256, 256, 256, 256, 256, 256, 256, 256, 256, 256, 256, 256, 256, 256, 256, 256, 256, 256, 256, 256, 256, 256, 256, 256, 256, 256, 256, 256, 256, 256, 256, 256, 256, 256, 256, 256, 256]",4,64,64,68,2048,64,2112,256,0.058823529411764705,true_mixed,True,False,True,68,0,0,False,0,0,BF16,CUDA_EVENT,generic,generic,none
0.001408000010997057,0.011807999573647976,0.0044223999604582785,0.0014400000218302011,0.004097869425203117,5,0.03046399913728237,0.03203200176358223,0.03112960010766983,0.031136000528931618,0.0005216695212927857,5,0.078015998005867,0.08336000144481659,0.08037119954824448,0.07958400249481201,0.002021793383238104,5,0.040031999349594116,0.04124800115823746,0.040486400574445726,0.04028800129890442,0.00042278802162601706,5,0.0014400000218302011,0.0017600000137463212,0.0015040000202134252,0.0014400000218302011,0.000127999996766448,5,2048,32,4,32,1,9216,FLASHINFER,"[512, 512, 512, 512]","[0, 0, 0, 0]","[512, 512, 512, 512, 512, 512, 512, 512, 512, 512, 512, 512, 512, 512, 512, 512, 512, 512, 512, 512, 512, 512, 512, 512, 512, 512, 512, 512, 512, 512, 512, 512, 512, 512, 512, 512, 512, 512, 512, 512, 512, 512, 512, 512, 512, 512, 512, 512, 512, 512, 512, 512, 512, 512, 512, 512, 512, 512, 512, 512, 512, 512, 512, 512]",4,64,64,68,2048,64,2112,512,0.058823529411764705,true_mixed,True,False,True,68,0,0,False,0,0,BF16,CUDA_EVENT,generic,generic,none
0.0014400000218302011,0.011935999616980553,0.003551999945193529,0.0014720000326633453,0.004192024263320751,5,0.020735999569296837,0.031039999797940254,0.023238399997353554,0.021023999899625778,0.003959650527854893,5,0.07241600006818771,0.08416000008583069,0.07695360034704209,0.07580800354480743,0.004254310234283685,5,0.05894400179386139,0.060864001512527466,0.06006400063633919,0.060575999319553375,0.0007957644071142342,5,0.001408000010997057,0.0019199999514967203,0.0015679999953135848,0.0014400000218302011,0.00019306369279102346,5,2048,32,4,32,1,9216,FLASHINFER,"[512, 512, 512, 512]","[0, 0, 0, 0]","[1024, 1024, 1024, 1024, 1024, 1024, 1024, 1024, 1024, 1024, 1024, 1024, 1024, 1024, 1024, 1024, 1024, 1024, 1024, 1024, 1024, 1024, 1024, 1024, 1024, 1024, 1024, 1024, 1024, 1024, 1024, 1024, 1024, 1024, 1024, 1024, 1024, 1024, 1024, 1024, 1024, 1024, 1024, 1024, 1024, 1024, 1024, 1024, 1024, 1024, 1024, 1024, 1024, 1024, 1024, 1024, 1024, 1024, 1024, 1024, 1024, 1024, 1024, 1024]",4,64,64,68,2048,64,2112,1024,0.058823529411764705,true_mixed,True,False,True,68,0,0,False,0,0,BF16,CUDA_EVENT,generic,generic,none
0.0014400000218302011,0.012864000163972378,0.003737600054591894,0.0014720000326633453,0.0045632224950426965,5,0.020927999168634415,0.031488001346588135,0.023212800174951552,0.021056000143289566,0.004145481742178559,5,0.059487998485565186,0.08505599945783615,0.0650688000023365,0.06032000109553337,0.010002497486876361,5,0.09484799951314926,0.09731200337409973,0.09596800059080124,0.09567999839782715,0.0008814828789287818,5,0.0014400000218302011,0.0019199999514967203,0.001536000007763505,0.0014400000218302011,0.0001919999718666077,5,2048,32,4,32,1,9216,FLASHINFER,"[512, 512, 512, 512]","[0, 0, 0, 0]","[2048, 2048, 2048, 2048, 2048, 2048, 2048, 2048, 2048, 2048, 2048, 2048, 2048, 2048, 2048, 2048, 2048, 2048, 2048, 2048, 2048, 2048, 2048, 2048, 2048, 2048, 2048, 2048, 2048, 2048, 2048, 2048, 2048, 2048, 2048, 2048, 2048, 2048, 2048, 2048, 2048, 2048, 2048, 2048, 2048, 2048, 2048, 2048, 2048, 2048, 2048, 2048, 2048, 2048, 2048, 2048, 2048, 2048, 2048, 2048, 2048, 2048, 2048, 2048]",4,64,64,68,2048,64,2112,2048,0.058823529411764705,true_mixed,True,False,True,68,0,0,False,0,0,BF16,CUDA_EVENT,generic,generic,none
0.0014720000326633453,0.01158399973064661,0.0035007999744266272,0.0014720000326633453,0.0040416188804540554,5,0.038176000118255615,0.04886399954557419,0.04046079963445663,0.03843199834227562,0.004203275156749633,5,0.1451520025730133,0.15014399588108063,0.146630397439003,0.14604799449443817,0.001832277749211281,5,0.01484800036996603,0.015904000028967857,0.01531520001590252,0.015072000212967396,0.00046088869880524225,5,0.0014400000218302011,0.0014720000326633453,0.0014592000283300877,0.0014720000326633453,1.5676739660947454e-05,5,2048,32,4,32,1,9216,FLASHINFER,"[1024, 1024, 1024, 1024]","[0, 0, 0, 0]",[128],4,1,1,5,4096,1,4097,128,0.8,true_mixed,True,False,True,5,0,0,False,0,0,BF16,CUDA_EVENT,generic,generic,none
0.0014400000218302011,0.01152000017464161,0.003475200058892369,0.0014720000326633453,0.004022419150920717,5,0.037856001406908035,0.048928000032901764,0.04035840034484863,0.038336001336574554,0.0042892605222250545,5,0.14486399292945862,0.15238399803638458,0.14701440036296845,0.14579200744628906,0.0027351587973882805,5,0.015072000212967396,0.016287999227643013,0.01566079966723919,0.015615999698638916,0.000460888546201212,5,0.0014720000326633453,0.0014720000326633453,0.0014720000326633453,0.0014720000326633453,0.0,5,2048,32,4,32,1,9216,FLASHINFER,"[1024, 1024, 1024, 1024]","[0, 0, 0, 0]",[256],4,1,1,5,4096,1,4097,256,0.8,true_mixed,True,False,True,5,0,0,False,0,0,BF16,CUDA_EVENT,generic,generic,none
0.0014400000218302011,0.011744000017642975,0.003571200021542609,0.0014720000326633453,0.004088172518751098,5,0.0379519984126091,0.048576001077890396,0.04035199955105782,0.0382080003619194,0.004127777492973453,5,0.14560000598430634,0.1523520052433014,0.14745600521564484,0.1467200070619583,0.002495425315011843,5,0.014816000126302242,0.01724799908697605,0.0159487996250391,0.016095999628305435,0.0008033462815330225,5,0.0014720000326633453,0.0014720000326633453,0.0014720000326633453,0.0014720000326633453,0.0,5,2048,32,4,32,1,9216,FLASHINFER,"[1024, 1024, 1024, 1024]","[0, 0, 0, 0]",[512],4,1,1,5,4096,1,4097,512,0.8,true_mixed,True,False,True,5,0,0,False,0,0,BF16,CUDA_EVENT,generic,generic,none
0.0014400000218302011,0.012480000033974648,0.0036672000307589768,0.0014720000326633453,0.004406463908231957,5,0.03798399865627289,0.04835199937224388,0.04046079963445663,0.038816001266241074,0.003966017479991414,5,0.14608000218868256,0.15123200416564941,0.14737920165061952,0.14614400267601013,0.0019872599743258586,5,0.016127999871969223,0.017983999103307724,0.016710399836301803,0.016575999557971954,0.0006707489529149656,5,0.0014400000218302011,0.0014720000326633453,0.0014656000304967165,0.0014720000326633453,1.2800004333257677e-05,5,2048,32,4,32,1,9216,FLASHINFER,"[1024, 1024, 1024, 1024]","[0, 0, 0, 0]",[1024],4,1,1,5,4096,1,4097,1024,0.8,true_mixed,True,False,True,5,0,0,False,0,0,BF16,CUDA_EVENT,generic,generic,none
0.0014400000218302011,0.012319999746978283,0.0036223999690264464,0.0014400000218302011,0.0043488175489966195,5,0.03747199848294258,0.048576001077890396,0.039987200498580934,0.03788800165057182,0.004300809846808873,5,0.14588800072669983,0.15775999426841736,0.14849919974803924,0.14617599546909332,0.004636116005670503,5,0.017216000705957413,0.0197759997099638,0.018412800133228303,0.01817600056529045,0.000917591076435961,5,0.0014400000218302011,0.0015040000434964895,0.0014720000326633453,0.0014720000326633453,2.0238583876559597e-05,5,2048,32,4,32,1,9216,FLASHINFER,"[1024, 1024, 1024, 1024]","[0, 0, 0, 0]",[2048],4,1,1,5,4096,1,4097,2048,0.8,true_mixed,True,False,True,5,0,0,False,0,0,BF16,CUDA_EVENT,generic,generic,none
0.0014400000218302011,0.011296000331640244,0.0034240000881254674,0.0014720000326633453,0.003936026137948381,5,0.03827200084924698,0.048767998814582825,0.040569599717855453,0.03855999931693077,0.004105308913200134,5,0.14604799449443817,0.15027199685573578,0.14746879935264587,0.14681600034236908,0.0014988293838318297,5,0.01532800029963255,0.01788800023496151,0.01619199998676777,0.015904000028967857,0.000913654668129927,5,0.0014400000218302011,0.0015360000543296337,0.0014784000348299741,0.0014720000326633453,3.135347932189491e-05,5,2048,32,4,32,1,9216,FLASHINFER,"[1024, 1024, 1024, 1024]","[0, 0, 0, 0]","[128, 128]",4,2,2,6,4096,2,4098,128,0.6666666666666666,true_mixed,True,False,True,6,0,0,False,0,0,BF16,CUDA_EVENT,generic,generic,none
0.0014400000218302011,0.012000000104308128,0.0035584000404924156,0.0014400000218302011,0.004220818227483549,5,0.03788800165057182,0.04879999905824661,0.04030079990625381,0.0382080003619194,0.004254079104863211,5,0.14655999839305878,0.1509760022163391,0.14756480157375335,0.14668799936771393,0.0017103217635060515,5,0.01548799965530634,0.016992000862956047,0.01614720020443201,0.016256000846624374,0.0005233152597194837,5,0.0014400000218302011,0.0015040000434964895,0.0014720000326633453,0.0014720000326633453,2.0238583876559597e-05,5,2048,32,4,32,1,9216,FLASHINFER,"[1024, 1024, 1024, 1024]","[0, 0, 0, 0]","[256, 256]",4,2,2,6,4096,2,4098,256,0.6666666666666666,true_mixed,True,False,True,6,0,0,False,0,0,BF16,CUDA_EVENT,generic,generic,none
0.0014400000218302011,0.013055999763309956,0.0037887999787926674,0.0014720000326633453,0.004633644090973825,5,0.03788800165057182,0.054976001381874084,0.041619201004505155,0.03840000182390213,0.006681845375906217,5,0.14591999351978302,0.15321600437164307,0.14787199795246125,0.146464005112648,0.00275408589723564,5,0.015807999297976494,0.016575999557971954,0.016230399534106255,0.0163199994713068,0.00026727199063196076,5,0.0014720000326633453,0.0014720000326633453,0.0014720000326633453,0.0014720000326633453,0.0,5,2048,32,4,32,1,9216,FLASHINFER,"[1024, 1024, 1024, 1024]","[0, 0, 0, 0]","[512, 512]",4,2,2,6,4096,2,4098,512,0.6666666666666666,true_mixed,True,False,True,6,0,0,False,0,0,BF16,CUDA_EVENT,generic,generic,none
0.0014400000218302011,0.011168000288307667,0.0034496000735089183,0.0014400000218302011,0.0038611896441608884,5,0.037696000188589096,0.04867200180888176,0.040038400888442995,0.03779200091958046,0.004320943765190159,5,0.1456640064716339,0.1515520066022873,0.14718080163002015,0.14630399644374847,0.0022053198458806688,5,0.017343999817967415,0.01990400068461895,0.01849600039422512,0.017920000478625298,0.0010760761620451143,5,0.0014720000326633453,0.0014720000326633453,0.0014720000326633453,0.0014720000326633453,0.0,5,2048,32,4,32,1,9216,FLASHINFER,"[1024, 1024, 1024, 1024]","[0, 0, 0, 0]","[1024, 1024]",4,2,2,6,4096,2,4098,1024,0.6666666666666666,true_mixed,True,False,True,6,0,0,False,0,0,BF16,CUDA_EVENT,generic,generic,none
0.0014400000218302011,0.011552000418305397,0.0034880001097917558,0.0014720000326633453,0.004032050947620125,5,0.03807999938726425,0.048895999789237976,0.04042240008711815,0.03836800158023834,0.004239361010194711,5,0.14652800559997559,0.15123200416564941,0.1479296028614044,0.1475200057029724,0.001698281173236738,5,0.020447999238967896,0.02195199951529503,0.020921599864959717,0.02054399996995926,0.000574362180465486,5,0.0014400000218302011,0.0014720000326633453,0.00144640002399683,0.0014400000218302011,1.2800004333257675e-05,5,2048,32,4,32,1,9216,FLASHINFER,"[1024, 1024, 1024, 1024]","[0, 0, 0, 0]","[2048, 2048]",4,2,2,6,4096,2,4098,2048,0.6666666666666666,true_mixed,True,False,True,6,0,0,False,0,0,BF16,CUDA_EVENT,generic,generic,none
0.0014400000218302011,0.011615999974310398,0.0034752000123262406,0.0014400000218302011,0.004070399980992079,5,0.03782400116324425,0.04851200059056282,0.04015360027551651,0.0382080003619194,0.004181625175429402,5,0.1457280069589615,0.15248000621795654,0.14782080352306365,0.14694400131702423,0.0023853729501658147,5,0.015584000386297703,0.017983999103307724,0.016691199876368044,0.01635199971497059,0.0010519386391081274,5,0.0014400000218302011,0.0018240000354126096,0.0015232000267133116,0.0014400000218302011,0.00015090977904818703,5,2048,32,4,32,1,9216,FLASHINFER,"[1024, 1024, 1024, 1024]","[0, 0, 0, 0]","[128, 128, 128, 128]",4,4,4,8,4096,4,4100,128,0.5,true_mixed,True,False,True,8,0,0,False,0,0,BF16,CUDA_EVENT,generic,generic,none
0.0014400000218302011,0.012799999676644802,0.0037119999527931214,0.0014400000218302011,0.004543999861925841,5,0.03776000067591667,0.04825599864125252,0.04003200009465217,0.038015998899936676,0.004117144698988272,5,0.14505599439144135,0.15123200416564941,0.1471807986497879,0.1467200070619583,0.002122893917283609,5,0.016543999314308167,0.017855999991297722,0.017030400037765504,0.016736000776290894,0.0005053164162823966,5,0.0014720000326633453,0.0014720000326633453,0.0014720000326633453,0.0014720000326633453,0.0,5,2048,32,4,32,1,9216,FLASHINFER,"[1024, 1024, 1024, 1024]","[0, 0, 0, 0]","[256, 256, 256, 256]",4,4,4,8,4096,4,4100,256,0.5,true_mixed,True,False,True,8,0,0,False,0,0,BF16,CUDA_EVENT,generic,generic,none
0.0014400000218302011,0.011935999616980553,0.003609599941410124,0.0014400000218302011,0.0041654313689731045,5,0.03776000067591667,0.0480320006608963,0.04007679969072342,0.03811199963092804,0.003983330831394327,5,0.14617599546909332,0.15219199657440186,0.1477631986141205,0.1467839926481247,0.0022294233490519747,5,0.016863999888300896,0.019487999379634857,0.018246399983763695,0.01865600049495697,0.0011366801592486283,5,0.0014400000218302011,0.0014720000326633453,0.0014592000283300877,0.0014720000326633453,1.5676739660947454e-05,5,2048,32,4,32,1,9216,FLASHINFER,"[1024, 1024, 1024, 1024]","[0, 0, 0, 0]","[512, 512, 512, 512]",4,4,4,8,4096,4,4100,512,0.5,true_mixed,True,False,True,8,0,0,False,0,0,BF16,CUDA_EVENT,generic,generic,none
0.0014400000218302011,0.01206399966031313,0.003692799946293235,0.0014720000326633453,0.004192004742078481,5,0.0379519984126091,0.0488319993019104,0.04028799906373024,0.0382080003619194,0.004275276766103308,5,0.1462080031633377,0.15132799744606018,0.1473536014556885,0.14633600413799286,0.001993513434255107,5,0.020735999569296837,0.02287999913096428,0.021433600038290024,0.02115200087428093,0.0007522107143843891,5,0.0014400000218302011,0.0014720000326633453,0.0014656000304967165,0.0014720000326633453,1.2800004333257677e-05,5,2048,32,4,32,1,9216,FLASHINFER,"[1024, 1024, 1024, 1024]","[0, 0, 0, 0]","[1024, 1024, 1024, 1024]",4,4,4,8,4096,4,4100,1024,0.5,true_mixed,True,False,True,8,0,0,False,0,0,BF16,CUDA_EVENT,generic,generic,none
0.0014720000326633453,0.012543999589979649,0.003686399944126606,0.0014720000326633453,0.004428799822926521,5,0.03824000060558319,0.04979199916124344,0.040863999724388124,0.0387520007789135,0.004469977052551095,5,0.14579200744628906,0.15328000485897064,0.14780160486698152,0.1467200070619583,0.0027608710893916753,5,0.024191999807953835,0.02707199938595295,0.025708799809217454,0.026335999369621277,0.0012221483771967232,5,0.0014400000218302011,0.0014720000326633453,0.0014528000261634587,0.0014400000218302011,1.5676739660947454e-05,5,2048,32,4,32,1,9216,FLASHINFER,"[1024, 1024, 1024, 1024]","[0, 0, 0, 0]","[2048, 2048, 2048, 2048]",4,4,4,8,4096,4,4100,2048,0.5,true_mixed,True,False,True,8,0,0,False,0,0,BF16,CUDA_EVENT,generic,generic,none
0.0014400000218302011,0.012223999947309494,0.0036096000112593174,0.0014720000326633453,0.004307223742121366,5,0.03791999816894531,0.04915200173854828,0.040512000769376756,0.03836800158023834,0.00433015750126156,5,0.1459520012140274,0.15225599706172943,0.14812799990177156,0.14659200608730316,0.00236306298332203,5,0.016448000445961952,0.017184000462293625,0.01674880012869835,0.016736000776290894,0.0002500100020569821,5,0.0014400000218302011,0.0014720000326633453,0.0014592000283300877,0.0014720000326633453,1.5676739660947454e-05,5,2048,32,4,32,1,9216,FLASHINFER,"[1024, 1024, 1024, 1024]","[0, 0, 0, 0]","[128, 128, 128, 128, 128, 128, 128, 128]",4,8,8,12,4096,8,4104,128,0.3333333333333333,true_mixed,True,False,True,12,0,0,False,0,0,BF16,CUDA_EVENT,generic,generic,none
0.0014720000326633453,0.012128000147640705,0.003680000058375299,0.0015040000434964895,0.004226084378838321,5,0.03779200091958046,0.04806400090456009,0.04005119949579239,0.038047999143600464,0.004012121826296761,5,0.14534400403499603,0.15196800231933594,0.1472000002861023,0.14604799449443817,0.0024695212003230374,5,0.017216000705957413,0.017952000722289085,0.01768320016562939,0.01775999926030636,0.0002627898503176757,5,0.0014720000326633453,0.0015999999595806003,0.0014976000180467962,0.0014720000326633453,5.119997076690198e-05,5,2048,32,4,32,1,9216,FLASHINFER,"[1024, 1024, 1024, 1024]","[0, 0, 0, 0]","[256, 256, 256, 256, 256, 256, 256, 256]",4,8,8,12,4096,8,4104,256,0.3333333333333333,true_mixed,True,False,True,12,0,0,False,0,0,BF16,CUDA_EVENT,generic,generic,none
0.0014400000218302011,0.012608000077307224,0.00373760003130883,0.0014720000326633453,0.004436515844920447,5,0.03830400109291077,0.04867200180888176,0.040409601479768756,0.038336001336574554,0.004131317902854547,5,0.14640000462532043,0.15238399803638458,0.1482495993375778,0.14735999703407288,0.002157321785103386,5,0.020896000787615776,0.02300800010561943,0.02173440046608448,0.02163200080394745,0.0007101979810890171,5,0.0014400000218302011,0.0014400000218302011,0.0014400000218302011,0.0014400000218302011,0.0,5,2048,32,4,32,1,9216,FLASHINFER,"[1024, 1024, 1024, 1024]","[0, 0, 0, 0]","[512, 512, 512, 512, 512, 512, 512, 512]",4,8,8,12,4096,8,4104,512,0.3333333333333333,true_mixed,True,False,True,12,0,0,False,0,0,BF16,CUDA_EVENT,generic,generic,none
0.0014400000218302011,0.01283199992030859,0.003718400001525879,0.0014400000218302011,0.004556799959391355,5,0.0382080003619194,0.048576001077890396,0.04065920040011406,0.03872000053524971,0.003970146852537916,5,0.14614400267601013,0.15356799960136414,0.14794239699840545,0.1467839926481247,0.0028303933039155347,5,0.024800000712275505,0.025248000398278236,0.025049600377678873,0.02502400055527687,0.00015063789527841405,5,0.0014400000218302011,0.0014720000326633453,0.00144640002399683,0.0014400000218302011,1.2800004333257675e-05,5,2048,32,4,32,1,9216,FLASHINFER,"[1024, 1024, 1024, 1024]","[0, 0, 0, 0]","[1024, 1024, 1024, 1024, 1024, 1024, 1024, 1024]",4,8,8,12,4096,8,4104,1024,0.3333333333333333,true_mixed,True,False,True,12,0,0,False,0,0,BF16,CUDA_EVENT,generic,generic,none
0.0014400000218302011,0.011487999930977821,0.0036159999901428817,0.0017600000137463212,0.003940082405020131,5,0.03814399987459183,0.04899200052022934,0.04071040004491806,0.03868800029158592,0.0041527767388385645,5,0.14416000247001648,0.15039999783039093,0.1464383989572525,0.1451520025730133,0.0022830506201825043,5,0.030719999223947525,0.03324799984693527,0.03182720020413399,0.03139200061559677,0.001071422303640622,5,0.0014400000218302011,0.0014720000326633453,0.0014528000261634587,0.0014400000218302011,1.5676739660947454e-05,5,2048,32,4,32,1,9216,FLASHINFER,"[1024, 1024, 1024, 1024]","[0, 0, 0, 0]","[2048, 2048, 2048, 2048, 2048, 2048, 2048, 2048]",4,8,8,12,4096,8,4104,2048,0.3333333333333333,true_mixed,True,False,True,12,0,0,False,0,0,BF16,CUDA_EVENT,generic,generic,none
0.0014400000218302011,0.012160000391304493,0.003660800098441541,0.0014720000326633453,0.004251671930494475,5,0.037856001406908035,0.049247998744249344,0.040294399857521056,0.038015998899936676,0.004479514854139058,5,0.14505599439144135,0.1600320041179657,0.14880000054836273,0.14601600170135498,0.005674893497690002,5,0.01756799966096878,0.019039999693632126,0.018137599527835845,0.017983999103307724,0.0005117600109850646,5,0.0014400000218302011,0.0014720000326633453,0.0014656000304967165,0.0014720000326633453,1.2800004333257675e-05,5,2048,32,4,32,1,9216,FLASHINFER,"[1024, 1024, 1024, 1024]","[0, 0, 0, 0]","[128, 128, 128, 128, 128, 128, 128, 128, 128, 128, 128, 128, 128, 128, 128, 128]",4,16,16,20,4096,16,4112,128,0.2,true_mixed,True,False,True,20,0,0,False,0,0,BF16,CUDA_EVENT,generic,generic,none
0.0014400000218302011,0.011872000060975552,0.0035328000318259,0.0014400000218302011,0.004169618433579551,5,0.03827200084924698,0.04947200044989586,0.040799999982118605,0.03852799907326698,0.004350305827731528,5,0.14505599439144135,0.15270400047302246,0.1476736009120941,0.14688000082969666,0.0026326810012281023,5,0.02179200015962124,0.023520000278949738,0.022406399622559546,0.022143999114632607,0.000592613959673444,5,0.001408000010997057,0.0018240000354126096,0.0015232000267133116,0.0014720000326633453,0.00015226083439184604,5,2048,32,4,32,1,9216,FLASHINFER,"[1024, 1024, 1024, 1024]","[0, 0, 0, 0]","[256, 256, 256, 256, 256, 256, 256, 256, 256, 256, 256, 256, 256, 256, 256, 256]",4,16,16,20,4096,16,4112,256,0.2,true_mixed,True,False,True,20,0,0,False,0,0,BF16,CUDA_EVENT,generic,generic,none
0.0014400000218302011,0.011168000288307667,0.0033984000794589518,0.0014720000326633453,0.003884826463495398,5,0.0387520007789135,0.04912000149488449,0.04100480079650879,0.039135999977588654,0.004060778898461443,5,0.14531199634075165,0.1520320028066635,0.14732159972190856,0.1467519998550415,0.0024364937567150006,5,0.02518399991095066,0.026399999856948853,0.02558720000088215,0.025312000885605812,0.0004675065039990614,5,0.0014400000218302011,0.001888000057078898,0.0015360000310465694,0.0014400000218302011,0.00017643583730548679,5,2048,32,4,32,1,9216,FLASHINFER,"[1024, 1024, 1024, 1024]","[0, 0, 0, 0]","[512, 512, 512, 512, 512, 512, 512, 512, 512, 512, 512, 512, 512, 512, 512, 512]",4,16,16,20,4096,16,4112,512,0.2,true_mixed,True,False,True,20,0,0,False,0,0,BF16,CUDA_EVENT,generic,generic,none
0.0014400000218302011,0.012512000277638435,0.0037056000670418142,0.0014720000326633453,0.0044039907316618014,5,0.03852799907326698,0.05023999884724617,0.04100480005145073,0.038816001266241074,0.004619256783575015,5,0.14537599682807922,0.15164799988269806,0.1473855972290039,0.14668799936771393,0.002194874646269602,5,0.03171199932694435,0.03267199918627739,0.0320703998208046,0.03200000151991844,0.0003454812347838975,5,0.0014400000218302011,0.0019839999731630087,0.0016256000148132444,0.0014720000326633453,0.00022299200106836654,5,2048,32,4,32,1,9216,FLASHINFER,"[1024, 1024, 1024, 1024]","[0, 0, 0, 0]","[1024, 1024, 1024, 1024, 1024, 1024, 1024, 1024, 1024, 1024, 1024, 1024, 1024, 1024, 1024, 1024]",4,16,16,20,4096,16,4112,1024,0.2,true_mixed,True,False,True,20,0,0,False,0,0,BF16,CUDA_EVENT,generic,generic,none
0.0014400000218302011,0.01196799986064434,0.003551999991759658,0.0014400000218302011,0.004208018185365974,5,0.037248000502586365,0.04854400083422661,0.03991680070757866,0.03782400116324425,0.004324411439492546,5,0.14281600713729858,0.15360000729560852,0.1460864007472992,0.14425599575042725,0.003871944517538548,5,0.043296001851558685,0.04569600149989128,0.04472960084676743,0.04451199993491173,0.0008912790046105608,5,0.0014400000218302011,0.0014720000326633453,0.0014528000261634587,0.0014400000218302011,1.5676739660947454e-05,5,2048,32,4,32,1,9216,FLASHINFER,"[1024, 1024, 1024, 1024]","[0, 0, 0, 0]","[2048, 2048, 2048, 2048, 2048, 2048, 2048, 2048, 2048, 2048, 2048, 2048, 2048, 2048, 2048, 2048]",4,16,16,20,4096,16,4112,2048,0.2,true_mixed,True,False,True,20,0,0,False,0,0,BF16,CUDA_EVENT,generic,generic,none
0.0014400000218302011,0.011487999930977821,0.003456000005826354,0.0014400000218302011,0.004016019086049305,5,0.038047999143600464,0.04835199937224388,0.04046079963445663,0.03862399980425835,0.003966224020549086,5,0.1457280069589615,0.1502400040626526,0.1469760000705719,0.1462399959564209,0.0016536307394439407,5,0.02287999913096428,0.02364799939095974,0.02316799946129322,0.02316799946129322,0.00027001632099138786,5,0.0014400000218302011,0.0014400000218302011,0.0014400000218302011,0.0014400000218302011,0.0,5,2048,32,4,32,1,9216,FLASHINFER,"[1024, 1024, 1024, 1024]","[0, 0, 0, 0]","[128, 128, 128, 128, 128, 128, 128, 128, 128, 128, 128, 128, 128, 128, 128, 128, 128, 128, 128, 128, 128, 128, 128, 128, 128, 128, 128, 128, 128, 128, 128, 128]",4,32,32,36,4096,32,4128,128,0.1111111111111111,true_mixed,True,False,True,36,0,0,False,0,0,BF16,CUDA_EVENT,generic,generic,none
0.0014400000218302011,0.012671999633312225,0.0037055999506264924,0.0014720000326633453,0.004483216971943328,5,0.038495998829603195,0.04867200180888176,0.04073600023984909,0.038784001022577286,0.003972488576669994,5,0.14505599439144135,0.15174399316310883,0.14673279821872712,0.14553600549697876,0.0025185093017637138,5,0.026528000831604004,0.028095999732613564,0.027033600211143493,0.026784000918269157,0.0005599173431741401,5,0.0014400000218302011,0.001888000057078898,0.0015360000310465694,0.0014400000218302011,0.00017643583730548679,5,2048,32,4,32,1,9216,FLASHINFER,"[1024, 1024, 1024, 1024]","[0, 0, 0, 0]","[256, 256, 256, 256, 256, 256, 256, 256, 256, 256, 256, 256, 256, 256, 256, 256, 256, 256, 256, 256, 256, 256, 256, 256, 256, 256, 256, 256, 256, 256, 256, 256]",4,32,32,36,4096,32,4128,256,0.1111111111111111,true_mixed,True,False,True,36,0,0,False,0,0,BF16,CUDA_EVENT,generic,generic,none
0.0014400000218302011,0.013311999849975109,0.00394879998639226,0.0014720000326633453,0.00468712503731431,5,0.03855999931693077,0.04918399825692177,0.04087039977312088,0.03884800150990486,0.004160954217347531,5,0.1449279934167862,0.1523520052433014,0.14725759923458098,0.14614400267601013,0.002648273264807143,5,0.03267199918627739,0.03484800085425377,0.033542400598526,0.03340800106525421,0.000754386228144083,5,0.0014400000218302011,0.0016959999920800328,0.0014976000180467962,0.0014400000218302011,9.997118348852049e-05,5,2048,32,4,32,1,9216,FLASHINFER,"[1024, 1024, 1024, 1024]","[0, 0, 0, 0]","[512, 512, 512, 512, 512, 512, 512, 512, 512, 512, 512, 512, 512, 512, 512, 512, 512, 512, 512, 512, 512, 512, 512, 512, 512, 512, 512, 512, 512, 512, 512, 512]",4,32,32,36,4096,32,4128,512,0.1111111111111111,true_mixed,True,False,True,36,0,0,False,0,0,BF16,CUDA_EVENT,generic,generic,none
0.0014400000218302011,0.011648000217974186,0.00355840006377548,0.0014720000326633453,0.0040469767065931,5,0.037728000432252884,0.04864000156521797,0.04012160077691078,0.038176000118255615,0.004263159475711656,5,0.14467200636863708,0.15136000514030457,0.14650880098342894,0.14528000354766846,0.0024815680214393745,5,0.045504000037908554,0.04668800160288811,0.045945600420236585,0.04585599899291992,0.0004299929403783127,5,0.0014400000218302011,0.0014720000326633453,0.00144640002399683,0.0014400000218302011,1.2800004333257677e-05,5,2048,32,4,32,1,9216,FLASHINFER,"[1024, 1024, 1024, 1024]","[0, 0, 0, 0]","[1024, 1024, 1024, 1024, 1024, 1024, 1024, 1024, 1024, 1024, 1024, 1024, 1024, 1024, 1024, 1024, 1024, 1024, 1024, 1024, 1024, 1024, 1024, 1024, 1024, 1024, 1024, 1024, 1024, 1024, 1024, 1024]",4,32,32,36,4096,32,4128,1024,0.1111111111111111,true_mixed,True,False,True,36,0,0,False,0,0,BF16,CUDA_EVENT,generic,generic,none
0.0014400000218302011,0.013279999606311321,0.003814399940893054,0.0014400000218302011,0.004732816059873403,5,0.036288000643253326,0.04710400104522705,0.03866240084171295,0.03667199984192848,0.004224504305482649,5,0.1432960033416748,0.15452800691127777,0.14613120257854462,0.14454400539398193,0.004252058883277201,5,0.0655359998345375,0.06800000369548798,0.06659200191497802,0.06659200042486191,0.0008786911437653503,5,0.0014400000218302011,0.0014720000326633453,0.00144640002399683,0.0014400000218302011,1.2800004333257675e-05,5,2048,32,4,32,1,9216,FLASHINFER,"[1024, 1024, 1024, 1024]","[0, 0, 0, 0]","[2048, 2048, 2048, 2048, 2048, 2048, 2048, 2048, 2048, 2048, 2048, 2048, 2048, 2048, 2048, 2048, 2048, 2048, 2048, 2048, 2048, 2048, 2048, 2048, 2048, 2048, 2048, 2048, 2048, 2048, 2048, 2048]",4,32,32,36,4096,32,4128,2048,0.1111111111111111,true_mixed,True,False,True,36,0,0,False,0,0,BF16,CUDA_EVENT,generic,generic,none
0.001408000010997057,0.011680000461637974,0.0034944001119583843,0.0014720000326633453,0.004092868978058053,5,0.03868800029158592,0.0490880012512207,0.04101760014891624,0.03916800022125244,0.004039379201924687,5,0.14511999487876892,0.15158399939537048,0.14691839814186097,0.14604799449443817,0.002370628733393719,5,0.023135999217629433,0.023903999477624893,0.023526399582624435,0.02364799939095974,0.00030452176077789216,5,0.001408000010997057,0.0014400000218302011,0.0014208000153303145,0.001408000010997057,1.5676739660947454e-05,5,2048,32,4,32,1,9216,FLASHINFER,"[1024, 1024, 1024, 1024]","[0, 0, 0, 0]","[128, 128, 128, 128, 128, 128, 128, 128, 128, 128, 128, 128, 128, 128, 128, 128, 128, 128, 128, 128, 128, 128, 128, 128, 128, 128, 128, 128, 128, 128, 128, 128, 128, 128, 128, 128, 128, 128, 128, 128, 128, 128, 128, 128, 128, 128, 128, 128, 128, 128, 128, 128, 128, 128, 128, 128, 128, 128, 128, 128, 128, 128, 128, 128]",4,64,64,68,4096,64,4160,128,0.058823529411764705,true_mixed,True,False,True,68,0,0,False,0,0,BF16,CUDA_EVENT,generic,generic,none
0.0014400000218302011,0.011648000217974186,0.0035968000534921884,0.0014720000326633453,0.00403091295042037,5,0.03891199827194214,0.04975999891757965,0.041228799521923064,0.039135999977588654,0.004267105831570659,5,0.14422400295734406,0.1499200016260147,0.14608000218868256,0.1454080045223236,0.002051895185854548,5,0.02956799976527691,0.031007999554276466,0.03011840023100376,0.03014400042593479,0.0005117597873629753,5,0.001408000010997057,0.0014400000218302011,0.0014336000196635724,0.0014400000218302011,1.2800004333257675e-05,5,2048,32,4,32,1,9216,FLASHINFER,"[1024, 1024, 1024, 1024]","[0, 0, 0, 0]","[256, 256, 256, 256, 256, 256, 256, 256, 256, 256, 256, 256, 256, 256, 256, 256, 256, 256, 256, 256, 256, 256, 256, 256, 256, 256, 256, 256, 256, 256, 256, 256, 256, 256, 256, 256, 256, 256, 256, 256, 256, 256, 256, 256, 256, 256, 256, 256, 256, 256, 256, 256, 256, 256, 256, 256, 256, 256, 256, 256, 256, 256, 256, 256]",4,64,64,68,4096,64,4160,256,0.058823529411764705,true_mixed,True,False,True,68,0,0,False,0,0,BF16,CUDA_EVENT,generic,generic,none
0.0014400000218302011,0.01152000017464161,0.0034560000523924826,0.0014400000218302011,0.004032000061124562,5,0.03798399865627289,0.04854400083422661,0.04024320021271706,0.03827200084924698,0.004152342830876008,5,0.14300799369812012,0.1491519957780838,0.14491519927978516,0.14403200149536133,0.0021944241846415477,5,0.041471999138593674,0.04297599941492081,0.04216959998011589,0.04224000126123428,0.0005689884858908332,5,0.001408000010997057,0.0014400000218302011,0.0014144000131636858,0.001408000010997057,1.2800004333257675e-05,5,2048,32,4,32,1,9216,FLASHINFER,"[1024, 1024, 1024, 1024]","[0, 0, 0, 0]","[512, 512, 512, 512, 512, 512, 512, 512, 512, 512, 512, 512, 512, 512, 512, 512, 512, 512, 512, 512, 512, 512, 512, 512, 512, 512, 512, 512, 512, 512, 512, 512, 512, 512, 512, 512, 512, 512, 512, 512, 512, 512, 512, 512, 512, 512, 512, 512, 512, 512, 512, 512, 512, 512, 512, 512, 512, 512, 512, 512, 512, 512, 512, 512]",4,64,64,68,4096,64,4160,512,0.058823529411764705,true_mixed,True,False,True,68,0,0,False,0,0,BF16,CUDA_EVENT,generic,generic,none
0.0014400000218302011,0.010879999957978725,0.003334400011226535,0.0014400000218302011,0.0037728203295692023,5,0.03657599911093712,0.04787199944257736,0.039020799845457074,0.03680000081658363,0.004429132735481196,5,0.142752006649971,0.14950400590896606,0.14457600116729735,0.14345599710941315,0.0025265835676484085,5,0.06172800064086914,0.06384000182151794,0.06291840001940727,0.06339199841022491,0.0009074474210267999,5,0.001408000010997057,0.0014400000218302011,0.0014208000153303145,0.001408000010997057,1.5676739660947454e-05,5,2048,32,4,32,1,9216,FLASHINFER,"[1024, 1024, 1024, 1024]","[0, 0, 0, 0]","[1024, 1024, 1024, 1024, 1024, 1024, 1024, 1024, 1024, 1024, 1024, 1024, 1024, 1024, 1024, 1024, 1024, 1024, 1024, 1024, 1024, 1024, 1024, 1024, 1024, 1024, 1024, 1024, 1024, 1024, 1024, 1024, 1024, 1024, 1024, 1024, 1024, 1024, 1024, 1024, 1024, 1024, 1024, 1024, 1024, 1024, 1024, 1024, 1024, 1024, 1024, 1024, 1024, 1024, 1024, 1024, 1024, 1024, 1024, 1024, 1024, 1024, 1024, 1024]",4,64,64,68,4096,64,4160,1024,0.058823529411764705,true_mixed,True,False,True,68,0,0,False,0,0,BF16,CUDA_EVENT,generic,generic,none
0.001408000010997057,0.011839999817311764,0.0035583999706432223,0.0014720000326633453,0.004141517017036251,5,0.03670400008559227,0.04758400097489357,0.03911680057644844,0.03728000074625015,0.00424101322435027,5,0.14182400703430176,0.1541759967803955,0.14517120122909546,0.14336000382900238,0.004538928730532276,5,0.09798400104045868,0.10016000270843506,0.09907840043306351,0.09904000163078308,0.0007073087972207789,5,0.001408000010997057,0.0014400000218302011,0.0014336000196635724,0.0014400000218302011,1.2800004333257675e-05,5,2048,32,4,32,1,9216,FLASHINFER,"[1024, 1024, 1024, 1024]","[0, 0, 0, 0]","[2048, 2048, 2048, 2048, 2048, 2048, 2048, 2048, 2048, 2048, 2048, 2048, 2048, 2048, 2048, 2048, 2048, 2048, 2048, 2048, 2048, 2048, 2048, 2048, 2048, 2048, 2048, 2048, 2048, 2048, 2048, 2048, 2048, 2048, 2048, 2048, 2048, 2048, 2048, 2048, 2048, 2048, 2048, 2048, 2048, 2048, 2048, 2048, 2048, 2048, 2048, 2048, 2048, 2048, 2048, 2048, 2048, 2048, 2048, 2048, 2048, 2048, 2048, 2048]",4,64,64,68,4096,64,4160,2048,0.058823529411764705,true_mixed,True,False,True,68,0,0,False,0,0,BF16,CUDA_EVENT,generic,generic,none
