time_stats.emb.min,time_stats.emb.max,time_stats.emb.mean,time_stats.emb.median,time_stats.emb.std,time_stats.emb.count,time_stats.input_layernorm.min,time_stats.input_layernorm.max,time_stats.input_layernorm.mean,time_stats.input_layernorm.median,time_stats.input_layernorm.std,time_stats.input_layernorm.count,time_stats.attn_pre_proj.min,time_stats.attn_pre_proj.max,time_stats.attn_pre_proj.mean,time_stats.attn_pre_proj.median,time_stats.attn_pre_proj.std,time_stats.attn_pre_proj.count,time_stats.attn_rope.min,time_stats.attn_rope.max,time_stats.attn_rope.mean,time_stats.attn_rope.median,time_stats.attn_rope.std,time_stats.attn_rope.count,time_stats.attn_post_proj.min,time_stats.attn_post_proj.max,time_stats.attn_post_proj.mean,time_stats.attn_post_proj.median,time_stats.attn_post_proj.std,time_stats.attn_post_proj.count,time_stats.post_attention_layernorm.min,time_stats.post_attention_layernorm.max,time_stats.post_attention_layernorm.mean,time_stats.post_attention_layernorm.median,time_stats.post_attention_layernorm.std,time_stats.post_attention_layernorm.count,n_head,n_kv_head,n_embd,n_expanded_embd,vocab_size,use_gated_mlp,use_qk_norm,attn_output_gate,num_tokens,num_tensor_parallel_workers,padded_n_embd,padded_n_expanded_embd,model_arch,model_architecture_profile,share_expert_dim,share_q_dim,measurement_type,profiling_precision,quant_signature
0.0453759990632534,0.06774400174617767,0.04721119971945882,0.04684799909591675,0.0033358798633464216,40,0.05923200026154518,0.07651200145483017,0.06860000025480986,0.07124799862504005,0.005639394162494765,20,1.2730560302734375,1.421504020690918,1.3447567880153657,1.3766239881515503,0.05845978987798747,20,0.1992959976196289,0.23014399409294128,0.21473439931869506,0.22084800153970718,0.01248656428213715,20,0.5160319805145264,0.5628799796104431,0.5426048010587692,0.5525760054588318,0.01744106117453446,20,0.08064000308513641,0.0825280025601387,0.08132160007953644,0.08134400099515915,0.0004851041230127414,20,32,4,2048,768,151936,True,True,False,16384,1,2048,768,generic,generic,,,CUDA_EVENT,BF16,none
0.04585599899291992,0.06278400123119354,0.04760960005223751,0.04721600003540516,0.002520883268895678,40,0.07391999661922455,0.078015998005867,0.07530399896204472,0.07507199794054031,0.00109853145189613,20,1.3915200233459473,1.4179519414901733,1.4031888008117677,1.4025440216064453,0.007004194082283045,20,0.2253440022468567,0.23049600422382355,0.22749599888920785,0.227183997631073,0.0015757825966709223,20,0.5452160239219666,0.5581759810447693,0.5512304067611694,0.5513280034065247,0.003598191353438239,20,0.08038400113582611,0.08220800012350082,0.08114880099892616,0.08123200014233589,0.000493662069009646,20,32,4,2048,768,151936,True,True,False,16256,1,2048,768,generic,generic,,,CUDA_EVENT,BF16,none
0.04476799815893173,0.05939200147986412,0.04607360009104013,0.04568000137805939,0.002205334241428276,40,0.0721919983625412,0.07503999769687653,0.07375680059194564,0.07427199929952621,0.001055462132382774,20,1.3792959451675415,1.403264045715332,1.3928559958934783,1.396016001701355,0.008163856360321624,20,0.22035199403762817,0.22729599475860596,0.22350720018148423,0.2250239998102188,0.002410546228164681,20,0.5386559963226318,0.5553920269012451,0.5467328071594239,0.5471360087394714,0.0038163639311521004,20,0.07926400005817413,0.08105599880218506,0.08001120015978813,0.07999999821186066,0.0005132249751679353,20,32,4,2048,768,151936,True,True,False,16128,1,2048,768,generic,generic,,,CUDA_EVENT,BF16,none
0.04460800066590309,0.058848001062870026,0.04601120017468929,0.04568000137805939,0.0021179619995676975,40,0.07427199929952621,0.07692799717187881,0.07494719959795475,0.07487999647855759,0.000534399123699596,20,1.3891520500183105,1.4040000438690186,1.3950191974639892,1.3951039910316467,0.003795857090539553,20,0.22368000447750092,0.22710399329662323,0.2249584011733532,0.2247840017080307,0.000961409966879023,20,0.5339199900627136,0.5468479990959167,0.542071995139122,0.5427680015563965,0.003246309413664555,20,0.07913599908351898,0.0809599980711937,0.07997279986739159,0.07993599772453308,0.0004995764150195654,20,32,4,2048,768,151936,True,True,False,16000,1,2048,768,generic,generic,,,CUDA_EVENT,BF16,none
0.044256001710891724,0.058848001062870026,0.045746400207281115,0.0453919991850853,0.002178914447987686,40,0.07388799637556076,0.07689599692821503,0.07461599968373775,0.07441600039601326,0.0006637108679849605,20,1.3849600553512573,1.3969279527664185,1.3908768057823182,1.390928030014038,0.0028601832091523674,20,0.22281600534915924,0.22595199942588806,0.2240384005010128,0.22361599653959274,0.0010112515370342208,20,0.5279039740562439,0.543936014175415,0.5376848012208939,0.5382560193538666,0.004299168723272898,20,0.07884799689054489,0.07996799796819687,0.07936799973249435,0.07932800054550171,0.00035989436035753714,20,32,4,2048,768,151936,True,True,False,15872,1,2048,768,generic,generic,,,CUDA_EVENT,BF16,none
0.044704001396894455,0.061824001371860504,0.04609040003269911,0.04569599963724613,0.0025825844866797397,40,0.06678400188684464,0.07481600344181061,0.07165599949657916,0.07121599838137627,0.0027623407275908837,20,1.338752031326294,1.4084479808807373,1.3823280036449432,1.3892959952354431,0.02104318955351343,20,0.208639994263649,0.2237119972705841,0.2177104003727436,0.21694400161504745,0.005208706530657157,20,0.5261440277099609,0.5380799770355225,0.5316351979970932,0.5321759879589081,0.003338873077303054,20,0.07711999863386154,0.07929600030183792,0.07823520042002201,0.07823999971151352,0.0005749564071941454,20,32,4,2048,768,151936,True,True,False,15744,1,2048,768,generic,generic,,,CUDA_EVENT,BF16,none
0.044224001467227936,0.060095999389886856,0.04569279979914427,0.0453759990632534,0.0023581394347454644,40,0.07222399860620499,0.07606399804353714,0.0730304006487131,0.07273600250482559,0.0008268510563829523,20,1.3414720296859741,1.358240008354187,1.3485135972499847,1.3471999764442444,0.004415306553172001,20,0.21878400444984436,0.2216320037841797,0.21979039907455444,0.21943999826908112,0.0008442473960340835,20,0.5237439870834351,0.5315840244293213,0.5274527966976166,0.5275039970874786,0.0019799972098201086,20,0.0769599974155426,0.07891199737787247,0.07805120013654232,0.07814399898052216,0.0005612245636851084,20,32,4,2048,768,151936,True,True,False,15616,1,2048,768,generic,generic,,,CUDA_EVENT,BF16,none
0.043168000876903534,0.05910399928689003,0.04479200020432472,0.044544000178575516,0.0023881813744801887,40,0.07215999811887741,0.07472000271081924,0.0727168008685112,0.07262400165200233,0.000504891100308977,20,1.3397120237350464,1.352128028869629,1.3435568153858184,1.343280017375946,0.002776915376778397,20,0.21769599616527557,0.219200000166893,0.2183888003230095,0.21831999719142914,0.0003634897359108382,20,0.5239999890327454,0.5314880013465881,0.5277983963489532,0.5275519788265228,0.0020306544799644183,20,0.07680000364780426,0.07817599922418594,0.07750399969518185,0.07755200192332268,0.0003964640555103898,20,32,4,2048,768,151936,True,True,False,15488,1,2048,768,generic,generic,,,CUDA_EVENT,BF16,none
0.043455999344587326,0.06006399914622307,0.044824800081551076,0.04447999969124794,0.0024799119505282317,40,0.07107199728488922,0.0737600028514862,0.07174239978194237,0.07174400240182877,0.0005810871555692267,20,1.3244800567626953,1.3364479541778564,1.3292335987091064,1.3281599879264832,0.003269737796225299,20,0.21491199731826782,0.21731199324131012,0.2157648004591465,0.21566399931907654,0.0005900741668434363,20,0.5229439735412598,0.5323839783668518,0.5274239987134933,0.5274880230426788,0.002568249943733207,20,0.07542400062084198,0.07734400033950806,0.07648639939725399,0.07657600194215775,0.0005726654788495132,20,32,4,2048,768,151936,True,True,False,15360,1,2048,768,generic,generic,,,CUDA_EVENT,BF16,none
0.04310400038957596,0.057631999254226685,0.044567199982702733,0.044224001467227936,0.002146159741850348,40,0.0697920024394989,0.07209599763154984,0.07059519961476327,0.07017599791288376,0.0007783228300820538,20,1.3059519529342651,1.324288010597229,1.3150735914707183,1.3133119940757751,0.005561343615329334,20,0.2104959934949875,0.21475200355052948,0.2128111995756626,0.21267200261354446,0.0012447259820882112,20,0.5172160267829895,0.527999997138977,0.5230304092168808,0.5236160159111023,0.0028232835518709355,20,0.07487999647855759,0.0767040029168129,0.07584639936685562,0.0759039968252182,0.00048123646911785016,20,32,4,2048,768,151936,True,True,False,15232,1,2048,768,generic,generic,,,CUDA_EVENT,BF16,none
0.04233599826693535,0.05788800120353699,0.04404080007225275,0.043696001172065735,0.002273970992301384,40,0.06812799721956253,0.07203199714422226,0.07006400004029274,0.07070400193333626,0.001246132115840673,20,1.2833600044250488,1.304960012435913,1.293799990415573,1.2961919903755188,0.006683027736805593,20,0.20681600272655487,0.21452799439430237,0.21067839935421945,0.21187199652194977,0.0024386230003806335,20,0.5208640098571777,0.5314880013465881,0.5247887969017029,0.5243839919567108,0.002679156812227894,20,0.07472000271081924,0.07651200145483017,0.07565760016441345,0.0756320022046566,0.0004462935476316024,20,32,4,2048,768,151936,True,True,False,15104,1,2048,768,generic,generic,,,CUDA_EVENT,BF16,none
0.0427200011909008,0.05801599845290184,0.044117600005120036,0.04379200004041195,0.0022932231866695145,40,0.06675200164318085,0.07168000191450119,0.06975839883089066,0.07009599730372429,0.0016090140781551774,20,1.2785919904708862,1.3113919496536255,1.2967951953411103,1.3005760312080383,0.011480917844565595,20,0.20403200387954712,0.21369600296020508,0.20966720059514046,0.21040000021457672,0.003510867327121769,20,0.5084159970283508,0.5274239778518677,0.5192607939243317,0.5194880068302155,0.004860920484006832,20,0.0740479975938797,0.07683199644088745,0.07543039992451668,0.0756480023264885,0.0008704710289929139,20,32,4,2048,768,151936,True,True,False,14976,1,2048,768,generic,generic,,,CUDA_EVENT,BF16,none
0.044415999203920364,0.058400001376867294,0.04550160001963377,0.0451200008392334,0.002115892233644646,40,0.07507199794054031,0.0772479996085167,0.07574879899621009,0.07580799981951714,0.0004649669021782109,20,1.3372160196304321,1.349503993988037,1.343200010061264,1.3432480096817017,0.003399237353594184,20,0.2210559993982315,0.2231999933719635,0.22213119864463807,0.22206399589776993,0.0006071909994659355,20,0.5142080187797546,0.5248640179634094,0.5179520040750504,0.5174719989299774,0.002946474378271965,20,0.07705599814653397,0.07868800312280655,0.07777919992804527,0.0777759999036789,0.00045304637232342575,20,32,4,2048,768,151936,True,True,False,14848,1,2048,768,generic,generic,,,CUDA_EVENT,BF16,none
0.04303999990224838,0.05862399935722351,0.04474799996241927,0.04451199993491173,0.002306661621475082,40,0.07158400118350983,0.0735040009021759,0.07217439934611321,0.07199999690055847,0.0005626429244580404,20,1.3233599662780762,1.3419519662857056,1.3287471890449525,1.327023983001709,0.004829725727665038,20,0.2128320038318634,0.21651199460029602,0.2142319992184639,0.2138879969716072,0.001039230078478817,20,0.48233601450920105,0.4923200011253357,0.4871968001127243,0.48761598765850067,0.0027316811503088415,20,0.0748480036854744,0.0767040029168129,0.07575520016252994,0.07577600330114365,0.0005258406456190044,20,32,4,2048,768,151936,True,True,False,14720,1,2048,768,generic,generic,,,CUDA_EVENT,BF16,none
0.043007999658584595,0.057440001517534256,0.04437520010396838,0.044096000492572784,0.0021661424583540607,40,0.07119999825954437,0.07423999905586243,0.07188159972429276,0.07145600020885468,0.0008438597985914205,20,1.2845439910888672,1.3030400276184082,1.2900768101215363,1.2875360250473022,0.005604569541274632,20,0.2115519940853119,0.21452799439430237,0.21265920028090476,0.21241600066423416,0.0008880446209255069,20,0.4776639938354492,0.48812800645828247,0.4840719968080521,0.48447999358177185,0.0026230800389808193,20,0.07423999905586243,0.07622399926185608,0.07523199990391731,0.07519999891519547,0.0005136968518901489,20,32,4,2048,768,151936,True,True,False,14592,1,2048,768,generic,generic,,,CUDA_EVENT,BF16,none
0.04217600077390671,0.057920001447200775,0.043798400275409224,0.043535999953746796,0.002342032886715119,40,0.06831999868154526,0.07199999690055847,0.06972160004079342,0.06948800012469292,0.0009340273516598683,20,1.2894400358200073,1.3139519691467285,1.3015583992004394,1.3021439909934998,0.007012418626306441,20,0.20505599677562714,0.2107200026512146,0.20745760053396226,0.2069920003414154,0.0016029256512111007,20,0.4657280147075653,0.4739519953727722,0.4697040006518364,0.4697919934988022,0.0017666167360397573,20,0.07283200323581696,0.07497599720954895,0.07384159937500953,0.0737759992480278,0.0006387564130524243,20,32,4,2048,768,151936,True,True,False,14464,1,2048,768,generic,generic,,,CUDA_EVENT,BF16,none
0.04124800115823746,0.0562559999525547,0.042652799654752015,0.04243199899792671,0.0022342189158629346,40,0.06719999760389328,0.06969600170850754,0.0677712008357048,0.0676800012588501,0.0004925589273480931,20,1.2350080013275146,1.2435840368270874,1.2387424170970918,1.2387999892234802,0.0025721752076366534,20,0.20214399695396423,0.2033279985189438,0.20262560099363328,0.2024639993906021,0.0003765239063711125,20,0.4817599952220917,0.4925439953804016,0.487729600071907,0.48793599009513855,0.0027466632170947127,20,0.07161600142717361,0.07327999919652939,0.07232479937374592,0.07225599884986877,0.0004729367660463641,20,32,4,2048,768,151936,True,True,False,14336,1,2048,768,generic,generic,,,CUDA_EVENT,BF16,none
0.04108799993991852,0.055743999779224396,0.04253999972715974,0.04230400174856186,0.002180626691720769,40,0.06675200164318085,0.07049600034952164,0.06865440011024475,0.06868800148367882,0.0011320708461412846,20,1.214176058769226,1.2421760559082031,1.2265056192874908,1.2262880206108093,0.006851613813999105,20,0.20080000162124634,0.20787200331687927,0.20385919883847237,0.20363199710845947,0.0020257142300361373,20,0.49164798855781555,0.5073599815368652,0.4998736009001732,0.5000800043344498,0.004329264077844797,20,0.07161600142717361,0.07391999661922455,0.07298880070447922,0.07308799773454666,0.0006316973422021947,20,32,4,2048,768,151936,True,True,False,14208,1,2048,768,generic,generic,,,CUDA_EVENT,BF16,none
0.04095999896526337,0.05558399856090546,0.042382399830967185,0.04211200028657913,0.0021819323278769384,40,0.06796800345182419,0.0724480003118515,0.06933760084211826,0.06918399780988693,0.0009253253243272842,20,1.225823998451233,1.242784023284912,1.232726401090622,1.2314559817314148,0.0046333926418129475,20,0.20179200172424316,0.20681600272655487,0.20390079990029336,0.20345599949359894,0.001360316997597099,20,0.4750080108642578,0.48371198773384094,0.47911840081214907,0.4787999987602234,0.002306741139556758,20,0.07142399996519089,0.07315199822187424,0.07217120006680489,0.07215999811887741,0.000505080325890932,20,32,4,2048,768,151936,True,True,False,14080,1,2048,768,generic,generic,,,CUDA_EVENT,BF16,none
0.04025600105524063,0.05612799897789955,0.0420175994746387,0.04185599833726883,0.0023419424439659053,40,0.06614399701356888,0.06992000341415405,0.06687840074300766,0.06675200164318085,0.0007282010743834948,20,1.2212480306625366,1.2349439859390259,1.2272943913936616,1.2265759706497192,0.0035341931758660337,20,0.19673599302768707,0.20028799772262573,0.1981631986796856,0.19806399941444397,0.0007692252911628192,20,0.46188798546791077,0.4719040095806122,0.4665167972445488,0.4655199944972992,0.002755798367487264,20,0.07011199742555618,0.07180800288915634,0.07086559943854809,0.070847999304533,0.0005429149082356943,20,32,4,2048,768,151936,True,True,False,13952,1,2048,768,generic,generic,,,CUDA_EVENT,BF16,none
0.039264000952243805,0.053888000547885895,0.040806399937719104,0.040431998670101166,0.0021531055296130116,40,0.06403200328350067,0.06569600105285645,0.06484000012278557,0.06480000168085098,0.0005310336499984522,20,1.1904319524765015,1.2164160013198853,1.203185600042343,1.2038400173187256,0.007069298918431279,20,0.19152000546455383,0.19590400159358978,0.19371039941906928,0.19387199729681015,0.001194866766009634,20,0.461216002702713,0.469760000705719,0.464833602309227,0.4644480049610138,0.002572178333966945,20,0.06911999732255936,0.07100799679756165,0.06986240036785603,0.06982400268316269,0.0004932154282645961,20,32,4,2048,768,151936,True,True,False,13824,1,2048,768,generic,generic,,,CUDA_EVENT,BF16,none
0.03920000046491623,0.0544000007212162,0.04038560036569834,0.03999999910593033,0.0022860965573277686,40,0.06390400230884552,0.06585600227117538,0.06460960023105145,0.06443199887871742,0.0005254703120562273,20,1.208672046661377,1.2214080095291138,1.2148544013500213,1.2144480347633362,0.003991248712291335,20,0.19171200692653656,0.19439999759197235,0.19272959902882575,0.19256000220775604,0.0006858450621773477,20,0.45795199275016785,0.4702399969100952,0.4658799976110458,0.4659840017557144,0.0026031348168077503,20,0.06835199892520905,0.06995200365781784,0.06902880109846592,0.06880000233650208,0.000572458946448987,20,32,4,2048,768,151936,True,True,False,13696,1,2048,768,generic,generic,,,CUDA_EVENT,BF16,none
0.03916800022125244,0.05337600037455559,0.04051040010526776,0.04017600044608116,0.002118051458220445,40,0.06473600119352341,0.06764800101518631,0.06528960093855858,0.06507200002670288,0.0006019994529594725,20,1.1772160530090332,1.1823999881744385,1.180052798986435,1.1798719763755798,0.0013022490848306804,20,0.19283199310302734,0.1944960057735443,0.19372479915618895,0.19380799680948257,0.0004174620210162749,20,0.4496319890022278,0.46137601137161255,0.4542367994785309,0.45443199574947357,0.0032781818325080723,20,0.06800000369548798,0.06963200122117996,0.06886400021612644,0.06880000233650208,0.0004200413548789251,20,32,4,2048,768,151936,True,True,False,13568,1,2048,768,generic,generic,,,CUDA_EVENT,BF16,none
0.03862399980425835,0.053888000547885895,0.04002479994669557,0.03964800015091896,0.0022832117162151495,40,0.06351999938488007,0.06665600091218948,0.0642527997493744,0.06417599692940712,0.0006893677029288798,20,1.1663999557495117,1.1749759912490845,1.1716800034046173,1.17220801115036,0.002287998251179448,20,0.18931199610233307,0.19206400215625763,0.19080160036683083,0.19089599698781967,0.0008596915007801272,20,0.4517439901828766,0.46086400747299194,0.45563839823007585,0.45475199818611145,0.0027606071470420504,20,0.06694400310516357,0.06841599941253662,0.06763999983668327,0.06750399991869926,0.0004752699666083247,20,32,4,2048,768,151936,True,True,False,13440,1,2048,768,generic,generic,,,CUDA_EVENT,BF16,none
0.0382080003619194,0.052960000932216644,0.03950240025296807,0.039184000343084335,0.0021991935026808864,40,0.06300800293684006,0.06569600105285645,0.0634447991847992,0.06329599767923355,0.0005535425395691436,20,1.1562559604644775,1.1689599752426147,1.1636544048786164,1.1634559631347656,0.002942436386623216,20,0.1878719925880432,0.18998399376869202,0.18864959850907326,0.18863999843597412,0.0006252805913138836,20,0.44620800018310547,0.46294400095939636,0.45730559825897216,0.45744000375270844,0.003634439734063556,20,0.0660799965262413,0.06780800223350525,0.0668368000537157,0.06675200164318085,0.00047391157314104307,20,32,4,2048,768,151936,True,True,False,13312,1,2048,768,generic,generic,,,CUDA_EVENT,BF16,none
0.03807999938726425,0.05145600065588951,0.03912560027092695,0.0387520007789135,0.0020309590004301097,40,0.06185600161552429,0.06431999802589417,0.0629535997286439,0.06296000257134438,0.0005805236827852379,20,1.1458560228347778,1.1595200300216675,1.1534832179546357,1.1545119881629944,0.0038041211345855954,20,0.18508799374103546,0.1884160041809082,0.18641759902238847,0.1863359957933426,0.0010131178923030424,20,0.4503040015697479,0.4583039879798889,0.45471360087394713,0.4545920044183731,0.0022087073553821866,20,0.06585600227117538,0.06726399809122086,0.06654559969902038,0.06654400005936623,0.000386720243156158,20,32,4,2048,768,151936,True,True,False,13184,1,2048,768,generic,generic,,,CUDA_EVENT,BF16,none
0.03734400123357773,0.05222399905323982,0.038876000046730044,0.03852799907326698,0.0021921538323212445,40,0.06169600039720535,0.06524799764156342,0.063225600682199,0.06310399994254112,0.0008904743823044029,20,1.1370240449905396,1.1527680158615112,1.1442351996898652,1.1435839533805847,0.004528188623546243,20,0.1833599954843521,0.18982400000095367,0.18624640107154847,0.18614400178194046,0.0018153224231219453,20,0.450655996799469,0.4607680141925812,0.45577279627323153,0.4554559886455536,0.00285351454476237,20,0.06460800021886826,0.06694400310516357,0.06570720113813877,0.06574400141835213,0.0006622745311154011,20,32,4,2048,768,151936,True,True,False,13056,1,2048,768,generic,generic,,,CUDA_EVENT,BF16,none
0.03807999938726425,0.0530879981815815,0.03937440002337098,0.03892799839377403,0.0022634760657215965,40,0.06201599910855293,0.0650240033864975,0.06318720038980245,0.06347199901938438,0.0008552090169218161,20,1.130911946296692,1.1484800577163696,1.1410575926303863,1.1438719630241394,0.006160697238688541,20,0.18380799889564514,0.18748800456523895,0.18593599945306777,0.18678399920463562,0.0013811428505533946,20,0.44761601090431213,0.45558398962020874,0.4517807990312576,0.45185600221157074,0.0021512980322955836,20,0.06470400094985962,0.06639999896287918,0.06556320004165173,0.0655359998345375,0.0005341475788630236,20,32,4,2048,768,151936,True,True,False,12928,1,2048,768,generic,generic,,,CUDA_EVENT,BF16,none
0.03824000060558319,0.053119998425245285,0.03943599974736571,0.03920000046491623,0.0022400190292721873,40,0.061216000467538834,0.06560000032186508,0.06183200012892485,0.061535999178886414,0.0009552350051852509,20,1.1209919452667236,1.1372159719467163,1.1281584084033967,1.1271840333938599,0.004391089498051716,20,0.1812800019979477,0.18582400679588318,0.18276960104703904,0.1823359951376915,0.001231417428384659,20,0.4469119906425476,0.45795199275016785,0.4518127992749214,0.4513760060071945,0.0027364646871346253,20,0.06377600133419037,0.06531199812889099,0.06453439891338349,0.064495999366045,0.0004920192180331859,20,32,4,2048,768,151936,True,True,False,12800,1,2048,768,generic,generic,,,CUDA_EVENT,BF16,none
0.03721600025892258,0.052480001002550125,0.03900880012661219,0.03867200016975403,0.0022826959416969673,40,0.06022400036454201,0.06319999694824219,0.06116959974169731,0.060655999928712845,0.001044468708620399,20,1.126911997795105,1.1519360542297363,1.1375903904438018,1.1345600485801697,0.00667445189008647,20,0.17817600071430206,0.1855359971523285,0.18084319829940795,0.17953599989414215,0.0024877464356820103,20,0.4159359931945801,0.4302079975605011,0.42370399832725525,0.42374400794506073,0.003950886894729254,20,0.063680000603199,0.0663359984755516,0.06494719982147217,0.06499200314283371,0.0007125587164743301,20,32,4,2048,768,151936,True,True,False,12672,1,2048,768,generic,generic,,,CUDA_EVENT,BF16,none
0.038015998899936676,0.05241600051522255,0.03939439998939633,0.03911999985575676,0.0021804002104168665,40,0.062144000083208084,0.06444799900054932,0.06307360045611858,0.06312000006437302,0.0006003276015238736,20,1.1095679998397827,1.126688003540039,1.117801582813263,1.1203519701957703,0.0059038846861887585,20,0.18249599635601044,0.1857919991016388,0.184307199716568,0.18452800065279007,0.0010705140507869188,20,0.4122239947319031,0.42422398924827576,0.41834559887647627,0.41865599155426025,0.0029351200652593438,20,0.06435199826955795,0.06643199920654297,0.0655519999563694,0.06540799885988235,0.000580030136420156,20,32,4,2048,768,151936,True,True,False,12544,1,2048,768,generic,generic,,,CUDA_EVENT,BF16,none
0.036896001547575,0.05273599922657013,0.03861840041354299,0.038384001702070236,0.0023723944575759007,40,0.05984000116586685,0.06281600147485733,0.06113600041717291,0.06116800010204315,0.0007431654281954817,20,1.090656042098999,1.106943964958191,1.0985104024410248,1.0999360084533691,0.0052852204710092604,20,0.17776000499725342,0.18172800540924072,0.17962400168180465,0.1794399991631508,0.0013415552595489617,20,0.3972479999065399,0.4076479971408844,0.4036975994706154,0.40404799580574036,0.002552579224319776,20,0.06335999816656113,0.06496000289916992,0.06429120004177094,0.06441599875688553,0.0004959387698299222,20,32,4,2048,768,151936,True,True,False,12416,1,2048,768,generic,generic,,,CUDA_EVENT,BF16,none
0.03667199984192848,0.052639998495578766,0.03804480005055666,0.037696000188589096,0.0023894570743899653,40,0.05951999872922897,0.062431998550891876,0.06025919988751412,0.060256000608205795,0.0006154408168508329,20,1.0767040252685547,1.088479995727539,1.0825728118419646,1.0827999711036682,0.0036789805522148967,20,0.1753920018672943,0.17785599827766418,0.1767312005162239,0.17684800177812576,0.0007129805137038642,20,0.405023992061615,0.41420799493789673,0.4082063972949982,0.40825599431991577,0.001901307697572955,20,0.06278400123119354,0.06467200070619583,0.06356320008635521,0.06340799853205681,0.0005761133771348543,20,32,4,2048,768,151936,True,True,False,12288,1,2048,768,generic,generic,,,CUDA_EVENT,BF16,none
0.03596799820661545,0.05167999863624573,0.03778559993952513,0.03734400123357773,0.002326668294599606,40,0.058848001062870026,0.06204799935221672,0.059455999545753,0.05920000001788139,0.0006869944835030676,20,1.0676480531692505,1.0802240371704102,1.073254406452179,1.0730400085449219,0.003092075043189609,20,0.17283199727535248,0.17577600479125977,0.17421920001506805,0.17396800220012665,0.000886422026776687,20,0.3945600092411041,0.403903990983963,0.3998783975839615,0.4004799872636795,0.002183458303564388,20,0.062111999839544296,0.06387200206518173,0.06289600022137165,0.06296000257134438,0.0005470500464827581,20,32,4,2048,768,151936,True,True,False,12160,1,2048,768,generic,generic,,,CUDA_EVENT,BF16,none
0.035232000052928925,0.050944000482559204,0.03699200013652444,0.0366239994764328,0.002326578292209886,40,0.05724800005555153,0.061535999178886414,0.0582863999530673,0.05827200040221214,0.000910987433199252,20,1.0551040172576904,1.0666240453720093,1.060398405790329,1.0604000091552734,0.0028866421822877028,20,0.16944000124931335,0.17324799299240112,0.17142399847507478,0.1722240000963211,0.0013955443135064518,20,0.40351998805999756,0.4140479862689972,0.40815839916467667,0.40720000863075256,0.0032806533642166943,20,0.061535999178886414,0.0628800019621849,0.062305600568652156,0.06233600154519081,0.00038658831793791904,20,32,4,2048,768,151936,True,True,False,12032,1,2048,768,generic,generic,,,CUDA_EVENT,BF16,none
0.03551999852061272,0.05071999877691269,0.036949599906802175,0.03657599911093712,0.0022928326300198447,40,0.057151999324560165,0.06070400029420853,0.05808479990810156,0.057951999828219414,0.0007369229643638682,20,1.0466879606246948,1.0575679540634155,1.0506399869918823,1.0498719811439514,0.002761259893326475,20,0.16889600455760956,0.17203199863433838,0.1697952002286911,0.1695839986205101,0.0008899169842238162,20,0.39583998918533325,0.40374401211738586,0.39936639964580534,0.39977601170539856,0.002348471670405554,20,0.0607680007815361,0.06252799928188324,0.06174079980701208,0.06185599975287914,0.0005697793675950826,20,32,4,2048,768,151936,True,True,False,11904,1,2048,768,generic,generic,,,CUDA_EVENT,BF16,none
0.03513599932193756,0.04960000142455101,0.036505600064992906,0.036159999668598175,0.0021679405875994194,40,0.05628800019621849,0.05881600081920624,0.056963199749588966,0.05684800073504448,0.0005585717928297252,20,1.0198719501495361,1.0334080457687378,1.0265919983386993,1.0267200469970703,0.0032810608735999586,20,0.16550399363040924,0.16838400065898895,0.16719360053539276,0.16728000342845917,0.0007415183238167059,20,0.4025920033454895,0.4164479970932007,0.4088224023580551,0.4090080112218857,0.003636106403236017,20,0.06003199890255928,0.06185600161552429,0.0608943996950984,0.06099199876189232,0.00043788317079255146,20,32,4,2048,768,151936,True,True,False,11776,1,2048,768,generic,generic,,,CUDA_EVENT,BF16,none
0.03471999987959862,0.04838399961590767,0.03591120010241866,0.035599999129772186,0.002044427845254586,40,0.05619199946522713,0.0578560009598732,0.05699680019170046,0.05713599920272827,0.000472396087196429,20,1.0010559558868408,1.0120960474014282,1.0084927916526794,1.0089280009269714,0.0025521695607944924,20,0.16569599509239197,0.16828800737857819,0.1668335996568203,0.1669600009918213,0.000729396013426856,20,0.4068480134010315,0.42048001289367676,0.4124432012438774,0.4126880019903183,0.0033870027517926755,20,0.06047999858856201,0.06172800064086914,0.0610591996461153,0.061103999614715576,0.000338792408824523,20,32,4,2048,768,151936,True,True,False,11648,1,2048,768,generic,generic,,,CUDA_EVENT,BF16,none
0.03404799848794937,0.047839999198913574,0.03525120010599494,0.03492800146341324,0.002064828212074922,40,0.05619199946522713,0.058687999844551086,0.05671520009636879,0.05663999915122986,0.0004946329651349194,20,1.006592035293579,1.0121599435806274,1.0084895968437195,1.007856011390686,0.001646489413869372,20,0.16438399255275726,0.16655999422073364,0.16546399965882302,0.16551999747753143,0.0006451712338488926,20,0.3774079978466034,0.392767995595932,0.3839008003473282,0.3852800130844116,0.003645765292014284,20,0.05984000116586685,0.06111999973654747,0.060297599621117116,0.060095999389886856,0.00038160593453850857,20,32,4,2048,768,151936,True,True,False,11520,1,2048,768,generic,generic,,,CUDA_EVENT,BF16,none
0.033663999289274216,0.04758400097489357,0.03488400001078844,0.034591998904943466,0.002094291862165259,40,0.05446400120854378,0.05795200169086456,0.05542559996247291,0.05510399863123894,0.0008092572120276916,20,0.9935680031776428,1.0016000270843506,0.9976736009120941,0.997376024723053,0.0024379164398339284,20,0.1605439931154251,0.1645440012216568,0.16241439878940583,0.1621759980916977,0.001093702397062765,20,0.376800000667572,0.3924480080604553,0.3861136019229889,0.3872320055961609,0.0042771135298678,20,0.058880001306533813,0.061055999249219894,0.05978239998221398,0.05976000055670738,0.0006859953661615382,20,32,4,2048,768,151936,True,True,False,11392,1,2048,768,generic,generic,,,CUDA_EVENT,BF16,none
0.03324799984693527,0.047520000487565994,0.034472799953073265,0.03407999873161316,0.0021378418315788883,40,0.05321599915623665,0.055743999779224396,0.053716799803078176,0.05363199859857559,0.0004927661872594477,20,0.98198401927948,0.9904639720916748,0.9861216008663177,0.9861440062522888,0.002004077417365818,20,0.15769599378108978,0.1592320054769516,0.15852640196681023,0.15848000347614288,0.00041642890450679465,20,0.38198399543762207,0.39030399918556213,0.38623359650373457,0.3868959993124008,0.00263190032589827,20,0.05782400071620941,0.05936000123620033,0.05852320026606321,0.05835200101137161,0.00044042478166456383,20,32,4,2048,768,151936,True,True,False,11264,1,2048,768,generic,generic,,,CUDA_EVENT,BF16,none
0.03276799991726875,0.05145600065588951,0.034141600225120784,0.033663999289274216,0.002808530058335305,40,0.05209600180387497,0.055615998804569244,0.05304960012435913,0.05299200117588043,0.0007532310727684557,20,0.9608319997787476,0.9737920165061951,0.9676111966371537,0.9689759910106659,0.004679370407768729,20,0.15459200739860535,0.15801599621772766,0.15653280019760132,0.1565599963068962,0.0010324276517398167,20,0.37119999527931213,0.38230401277542114,0.3779599964618683,0.3781599998474121,0.0027304639342161704,20,0.057151999324560165,0.05852799862623215,0.057743999734520914,0.057631999254226685,0.000411109469963753,20,32,4,2048,768,151936,True,True,False,11136,1,2048,768,generic,generic,,,CUDA_EVENT,BF16,none
0.03299200162291527,0.04668800160288811,0.03393760025501251,0.03359999880194664,0.0020699321551481053,40,0.05331199988722801,0.05676800012588501,0.053865600191056726,0.05369599908590317,0.0007164069765934094,20,0.9663040041923523,0.9742720127105713,0.97084159553051,0.9710080027580261,0.0023543558460343735,20,0.15583999454975128,0.15795199573040009,0.1570223994553089,0.157151997089386,0.000549288452790563,20,0.37571200728416443,0.3819519877433777,0.3786544010043144,0.37854400277137756,0.0016770996781482104,20,0.05615999922156334,0.05814399942755699,0.057108800299465655,0.05713599920272827,0.0005389197585173205,20,32,4,2048,768,151936,True,True,False,11008,1,2048,768,generic,generic,,,CUDA_EVENT,BF16,none
0.03286400064826012,0.046720001846551895,0.034105600137263534,0.03380800038576126,0.0020877666082237886,40,0.052032001316547394,0.0551999993622303,0.052726400271058085,0.05265599861741066,0.0006707106783156509,20,0.9529920220375061,0.9633280038833618,0.9585055977106094,0.9587199985980988,0.0031149777827744344,20,0.15225599706172943,0.1552319973707199,0.15383679941296577,0.15396799892187119,0.0008668630786399307,20,0.38467198610305786,0.3956800103187561,0.3903247982263565,0.3904000073671341,0.0027795910017302788,20,0.056063998490571976,0.057440001517534256,0.05667679999023676,0.05668799951672554,0.0003739042660970179,20,32,4,2048,768,151936,True,True,False,10880,1,2048,768,generic,generic,,,CUDA_EVENT,BF16,none
0.032607998698949814,0.04668800160288811,0.03398560006171465,0.03372799977660179,0.002080565734994524,40,0.05222399905323982,0.05443200096487999,0.05271840021014214,0.05257600173354149,0.0004800507471604283,20,0.9393919706344604,0.9468479752540588,0.9428367912769318,0.9429279863834381,0.0017831606163846649,20,0.15279999375343323,0.1546880006790161,0.1535695992410183,0.15361599624156952,0.000459562744048802,20,0.37779200077056885,0.38761600852012634,0.3825679987668991,0.38233600556850433,0.002783262141860449,20,0.055456001311540604,0.05708799883723259,0.056257599778473374,0.056223999708890915,0.00045855806869936106,20,32,4,2048,768,151936,True,True,False,10752,1,2048,768,generic,generic,,,CUDA_EVENT,BF16,none
0.03232000023126602,0.047231998294591904,0.03358239978551865,0.03331200033426285,0.0022389589507080645,40,0.05135999992489815,0.053599998354911804,0.05202559996396303,0.051920000463724136,0.0004945628637740304,20,0.920799970626831,0.9319360256195068,0.924438402056694,0.9245760142803192,0.0023707306057900975,20,0.15113599598407745,0.15353600680828094,0.15189120173454285,0.15164799988269806,0.0006121461639907941,20,0.37542399764060974,0.3894079923629761,0.38217599838972094,0.38203200697898865,0.0035395664632832395,20,0.05488000065088272,0.056543998420238495,0.05575200039893389,0.055663999170064926,0.0004711585194417715,20,32,4,2048,768,151936,True,True,False,10624,1,2048,768,generic,generic,,,CUDA_EVENT,BF16,none
0.03235200047492981,0.04755200073122978,0.033547999989241364,0.03324799984693527,0.0023068171593911856,40,0.051072001457214355,0.054368000477552414,0.0520015999674797,0.05190400034189224,0.0006494877318552029,20,0.9188799858093262,0.9289600253105164,0.9246992021799088,0.9253920018672943,0.0028669490245143386,20,0.150176003575325,0.1520639955997467,0.15119839906692506,0.15136000514030457,0.0005447958582114814,20,0.34355199337005615,0.35014399886131287,0.34656639993190763,0.34651200473308563,0.0016813456217285546,20,0.05507199838757515,0.05708799883723259,0.05588479973375797,0.055776000022888184,0.0004917391215714038,20,32,4,2048,768,151936,True,True,False,10496,1,2048,768,generic,generic,,,CUDA_EVENT,BF16,none
0.03155200183391571,0.04713600128889084,0.03317679995670915,0.032976001501083374,0.002330947987657394,40,0.04995200037956238,0.05305600166320801,0.050467200204730035,0.05028799921274185,0.0006753366189132775,20,0.907039999961853,0.9141759872436523,0.9112959980964661,0.9115040004253387,0.0017815699353920633,20,0.1467200070619583,0.14883199334144592,0.14746079966425896,0.14718399941921234,0.000696415012455466,20,0.3331199884414673,0.3423680067062378,0.33821440041065215,0.33747200667858124,0.002729385381992385,20,0.0541439987719059,0.055776000022888184,0.05489439982920885,0.05471999943256378,0.0005517076633446745,20,32,4,2048,768,151936,True,True,False,10368,1,2048,768,generic,generic,,,CUDA_EVENT,BF16,none
0.03081599995493889,0.045791998505592346,0.03247040016576648,0.03206400014460087,0.002205914081268103,40,0.049536000937223434,0.05180799961090088,0.049990399926900866,0.04992000013589859,0.00045588483635891527,20,0.9010879993438721,0.9083200097084045,0.9046783983707428,0.904911994934082,0.0019408619862213872,20,0.14480000734329224,0.14611199498176575,0.14560800269246102,0.14560000598430634,0.00034299166690364137,20,0.34246399998664856,0.3487359881401062,0.34604480266571047,0.34620799124240875,0.0018517152618196624,20,0.053408000618219376,0.05462399870157242,0.05403360016644001,0.05390400066971779,0.0003941944143091516,20,32,4,2048,768,151936,True,True,False,10240,1,2048,768,generic,generic,,,CUDA_EVENT,BF16,none
0.030719999223947525,0.04601600021123886,0.032356800185516475,0.03190400078892708,0.002290309817676719,40,0.04848000034689903,0.051231998950242996,0.04930560011416674,0.049247998744249344,0.0005805683804906963,20,0.8874880075454712,0.8987200260162354,0.8928544044494628,0.8923200070858002,0.0035240260116257156,20,0.14268800616264343,0.14502400159835815,0.14385600090026857,0.14390400052070618,0.0006948120490753492,20,0.32950401306152344,0.340831995010376,0.33544639945030214,0.3352320045232773,0.002723272611933092,20,0.05241600051522255,0.05363199859857559,0.05305919945240021,0.05313599854707718,0.00039838396462149557,20,32,4,2048,768,151936,True,True,False,10112,1,2048,768,generic,generic,,,CUDA_EVENT,BF16,none
0.03046399913728237,0.04540799930691719,0.031996000092476606,0.03155200183391571,0.002215721797361111,40,0.04831999912858009,0.05158400163054466,0.04875679984688759,0.048496000468730927,0.0007120470816218028,20,0.8652480244636536,0.8808000087738037,0.874111995100975,0.8741759955883026,0.0037697941087287655,20,0.14057600498199463,0.14390400052070618,0.14196640104055405,0.14177600294351578,0.0008074194283486843,20,0.34143999218940735,0.3487040102481842,0.3455647945404053,0.3458719998598099,0.0020464480135435666,20,0.051392000168561935,0.052799999713897705,0.05195199977606535,0.05183999985456467,0.0004259123346021372,20,32,4,2048,768,151936,True,True,False,9984,1,2048,768,generic,generic,,,CUDA_EVENT,BF16,none
0.030432000756263733,0.04604800045490265,0.031887999875470995,0.03161599859595299,0.0023488524131395814,40,0.04800000041723251,0.050783999264240265,0.04867040012031794,0.0485600009560585,0.0005613672198159277,20,0.8749759793281555,0.8834879994392395,0.879246398806572,0.8792479932308197,0.002618654947496255,20,0.1406719982624054,0.14271999895572662,0.14142719954252242,0.14135999977588654,0.0005061055767720499,20,0.33638399839401245,0.34832000732421875,0.34247520118951796,0.34248000383377075,0.0027664245841220163,20,0.05142400041222572,0.05305600166320801,0.05193599984049797,0.0517599992454052,0.00045277496428386735,20,32,4,2048,768,151936,True,True,False,9856,1,2048,768,generic,generic,,,CUDA_EVENT,BF16,none
0.030079999938607216,0.04524800181388855,0.03146880008280277,0.031183999963104725,0.0022813196895939535,40,0.047231998294591904,0.05180799961090088,0.04805279970169067,0.047839999198913574,0.0009113134444415834,20,0.8562880158424377,0.8746560215950012,0.8630448073148728,0.862415999174118,0.004600355644297879,20,0.1387840062379837,0.1409599930047989,0.13956799805164338,0.13942399621009827,0.0005825834769950059,20,0.3401919901371002,0.3449920117855072,0.3428975999355316,0.34244799613952637,0.001305800009497997,20,0.0506879985332489,0.052352000027894974,0.0513247998431325,0.05129599943757057,0.0004227028985717082,20,32,4,2048,768,151936,True,True,False,9728,1,2048,768,generic,generic,,,CUDA_EVENT,BF16,none
0.029600000008940697,0.04460800066590309,0.031132800225168466,0.030880000442266464,0.0022579488242146246,40,0.04585599899291992,0.04835199937224388,0.0464096000418067,0.046351999044418335,0.0005135076866102284,20,0.8325120210647583,0.8525760173797607,0.8369472056627274,0.8357120156288147,0.0041386493866646746,20,0.1345919966697693,0.13782399892807007,0.13582400009036064,0.13572800159454346,0.0007445420918862075,20,0.3277760148048401,0.3364480137825012,0.3325007990002632,0.3325120061635971,0.002253543434018763,20,0.049536000937223434,0.051072001457214355,0.05018720012158155,0.050016000866889954,0.0004679310060334499,20,32,4,2048,768,151936,True,True,False,9600,1,2048,768,generic,generic,,,CUDA_EVENT,BF16,none
0.029152000322937965,0.04355200007557869,0.03062800006009638,0.03033600002527237,0.002157772994984453,40,0.04633599892258644,0.049695998430252075,0.04671519976109266,0.04652800038456917,0.0007046739495021389,20,0.8315520286560059,0.8432319760322571,0.836064001917839,0.8361600041389465,0.0026868336610813863,20,0.13478399813175201,0.13651199638843536,0.13550559878349305,0.13545600324869156,0.0004079811313205038,20,0.3325439989566803,0.3394559919834137,0.3356431990861893,0.3357120007276535,0.0017434323601937223,20,0.049695998430252075,0.051263999193906784,0.050295999832451345,0.050143999978899956,0.0004597180414851863,20,32,4,2048,768,151936,True,True,False,9472,1,2048,768,generic,generic,,,CUDA_EVENT,BF16,none
0.028863999992609024,0.04527999833226204,0.03056560014374554,0.03024000022560358,0.0024466596451225486,40,0.04585599899291992,0.04873599857091904,0.0464351998642087,0.04631999880075455,0.0005797122462933799,20,0.823199987411499,0.8427839875221252,0.8299583941698074,0.829039990901947,0.004768049524572727,20,0.13344000279903412,0.13583999872207642,0.13457759991288185,0.13444799929857254,0.0007070817767460615,20,0.3277119994163513,0.3360320031642914,0.3311328008770943,0.3312000036239624,0.0020809328822004544,20,0.049536000937223434,0.05084799975156784,0.05006719976663589,0.049936000257730484,0.0003656135945894065,20,32,4,2048,768,151936,True,True,False,9344,1,2048,768,generic,generic,,,CUDA_EVENT,BF16,none
0.028704000636935234,0.04303999990224838,0.029867999954149127,0.029583999887108803,0.002162874335265372,40,0.04467200115323067,0.050016000866889954,0.04539200011640787,0.04513600096106529,0.0011147996008848203,20,0.8122879862785339,0.8320639729499817,0.8173023939132691,0.8159040212631226,0.0042766132559707085,20,0.13091200590133667,0.13312000036239624,0.13184479996562004,0.13167999684810638,0.0006421794563002017,20,0.31014400720596313,0.3185279965400696,0.31495520025491713,0.31515200436115265,0.0021000434438573027,20,0.04806400090456009,0.04979199916124344,0.04870879985392094,0.04862400144338608,0.00039390856503780647,20,32,4,2048,768,151936,True,True,False,9216,1,2048,768,generic,generic,,,CUDA_EVENT,BF16,none
0.02844800055027008,0.0432640016078949,0.029616800043731926,0.029360000044107437,0.0022254960091140402,40,0.043487999588251114,0.04729599878191948,0.04410239960998297,0.04388799890875816,0.0007977309882964711,20,0.783456027507782,0.8032000064849854,0.789070400595665,0.7877439856529236,0.0047695477350328365,20,0.12783999741077423,0.1303360015153885,0.1288911998271942,0.12905600666999817,0.0005917210838153931,20,0.30716800689697266,0.3158079981803894,0.31190239936113356,0.3126560002565384,0.0023025386323178164,20,0.04713600128889084,0.04912000149488449,0.04792800024151802,0.04782399907708168,0.00043886418563523306,20,32,4,2048,768,151936,True,True,False,9088,1,2048,768,generic,generic,,,CUDA_EVENT,BF16,none
0.027488000690937042,0.04390399903059006,0.028858399810269476,0.028432000428438187,0.002467767226107045,40,0.04195199906826019,0.047040000557899475,0.04304639976471662,0.04262400045990944,0.0011015441907009772,20,0.7721920013427734,0.8072320222854614,0.7831519991159439,0.7811039984226227,0.007345215573241248,20,0.12476799637079239,0.1279039978981018,0.12602079957723616,0.12543999403715134,0.0010970584428513235,20,0.3020159900188446,0.31174400448799133,0.3055552005767822,0.30454400181770325,0.0028658041893812243,20,0.0469760000705719,0.048448000103235245,0.04763520024716854,0.04753600060939789,0.00046673924236766194,20,32,4,2048,768,151936,True,True,False,8960,1,2048,768,generic,generic,,,CUDA_EVENT,BF16,none
0.027583999559283257,0.04265600070357323,0.028760000178590418,0.02836799994111061,0.002264050962941336,40,0.04262400045990944,0.04841599985957146,0.043238399736583236,0.04287999868392944,0.0012104970697725391,20,0.7820159792900085,0.798911988735199,0.7870703935623169,0.7866080105304718,0.003670072457839456,20,0.12508800625801086,0.1265600025653839,0.12567199915647506,0.12558399885892868,0.00037507999860595916,20,0.2961600124835968,0.3001919984817505,0.29848320335149764,0.2988000065088272,0.001333879176332413,20,0.046271998435258865,0.04774399846792221,0.04686239995062351,0.04684799909591675,0.0003504658511813934,20,32,4,2048,768,151936,True,True,False,8832,1,2048,768,generic,generic,,,CUDA_EVENT,BF16,none
0.02735999971628189,0.04108799993991852,0.028581600170582533,0.028239999897778034,0.002071451770326539,40,0.04150399938225746,0.04623999819159508,0.04247679989784956,0.042239999398589134,0.0010644215626388978,20,0.7685120105743408,0.800000011920929,0.7783343970775605,0.7771199941635132,0.007967674696548127,20,0.12223999947309494,0.12563200294971466,0.12369920015335083,0.12351999804377556,0.0012156375831870927,20,0.2882879972457886,0.2993600070476532,0.2961679995059967,0.2969920039176941,0.002580716895698427,20,0.04569600149989128,0.04710400104522705,0.046209600381553174,0.04620800167322159,0.00035539765167600203,20,32,4,2048,768,151936,True,True,False,8704,1,2048,768,generic,generic,,,CUDA_EVENT,BF16,none
0.02687999978661537,0.04182400181889534,0.028230399964377283,0.02779199928045273,0.002276111487968893,40,0.04057599976658821,0.04831999912858009,0.04199520014226436,0.04201599955558777,0.0015654270608420173,20,0.756767988204956,0.7886719703674316,0.7681455999612808,0.7667039930820465,0.008209783160096804,20,0.12041600048542023,0.12352000176906586,0.1218160007148981,0.12172799929976463,0.0011841672505744723,20,0.2874239981174469,0.29945600032806396,0.2935056000947952,0.29340800642967224,0.003307155209659497,20,0.044895999133586884,0.04623999819159508,0.045537600107491014,0.045584000647068024,0.00034472092931446725,20,32,4,2048,768,151936,True,True,False,8576,1,2048,768,generic,generic,,,CUDA_EVENT,BF16,none
0.026464000344276428,0.04156799986958504,0.02821999997831881,0.02800000086426735,0.002245412744777268,40,0.03993599861860275,0.044895999133586884,0.04088159967213869,0.040591999888420105,0.000999428975988547,20,0.7290239930152893,0.7540479898452759,0.7358735978603363,0.7350879907608032,0.005472656273452728,20,0.11820799857378006,0.12092799693346024,0.11944479942321777,0.11921599879860878,0.0007926887319358244,20,0.2773120105266571,0.2852799892425537,0.2811535969376564,0.2810239940881729,0.002183547446995917,20,0.04479999840259552,0.04694399982690811,0.04564640000462532,0.04553600028157234,0.0005002118350100942,20,32,4,2048,768,151936,True,True,False,8448,1,2048,768,generic,generic,,,CUDA_EVENT,BF16,none
0.02675200067460537,0.0416640006005764,0.028212800063192843,0.027936000376939774,0.0022721865065483027,40,0.04064000025391579,0.04684799909591675,0.04138399977236986,0.0411360003054142,0.0012687453655368833,20,0.7337920069694519,0.7517439723014832,0.7370735943317414,0.7364799976348877,0.003651145705089123,20,0.11948800086975098,0.12111999839544296,0.12024159990251064,0.12030399963259697,0.0004214379413024068,20,0.2656959891319275,0.2725760042667389,0.26908319890499116,0.26865600049495697,0.001645539322126312,20,0.04460800066590309,0.04614400118589401,0.04523840025067329,0.045184001326560974,0.0004147796968208752,20,32,4,2048,768,151936,True,True,False,8320,1,2048,768,generic,generic,,,CUDA_EVENT,BF16,none
0.0261439997702837,0.040991999208927155,0.027702399902045725,0.027408000081777573,0.0022370630999019453,40,0.03977600112557411,0.04636799916625023,0.040528000146150586,0.04032000154256821,0.0013556257166703939,20,0.7266560196876526,0.7493759989738464,0.7311039984226226,0.7303999960422516,0.004820297740191125,20,0.11737599968910217,0.11833599954843521,0.11785280033946037,0.11777600273489952,0.0002895768607773094,20,0.27401599287986755,0.2808319926261902,0.27791840136051177,0.2781440019607544,0.0015542409113983434,20,0.043296001851558685,0.04464000090956688,0.04394400026649237,0.04391999915242195,0.0003329957095774885,20,32,4,2048,768,151936,True,True,False,8192,1,2048,768,generic,generic,,,CUDA_EVENT,BF16,none
0.02595200017094612,0.04041599854826927,0.027540000062435864,0.02734400052577257,0.002171638774663827,40,0.0390079990029335,0.04566400125622749,0.03989279996603727,0.03961599990725517,0.0013671261506397728,20,0.7174080014228821,0.7361279726028442,0.7226176023483276,0.7221760153770447,0.0036127445979004507,20,0.1154559999704361,0.11715199798345566,0.11631679981946945,0.11633599922060966,0.00045501917705246923,20,0.2742080092430115,0.27980801463127136,0.276596799492836,0.2765920013189316,0.0015225208377523957,20,0.04307200014591217,0.04473600164055824,0.043654400296509265,0.04355200007557869,0.00046080011460662815,20,32,4,2048,768,151936,True,True,False,8128,1,2048,768,generic,generic,,,CUDA_EVENT,BF16,none
0.02521600015461445,0.04054399952292442,0.026876800088211895,0.026736000552773476,0.0023166186910263996,40,0.037376001477241516,0.04710400104522705,0.03849759995937348,0.03799999877810478,0.002023060275843795,20,0.7154560089111328,0.7380800247192383,0.7234496057033539,0.722351998090744,0.00474723435523232,20,0.11158400028944016,0.11452800035476685,0.11287839971482753,0.11270400136709213,0.0009712132789571338,20,0.26214399933815,0.2696000039577484,0.26489119678735734,0.2646079957485199,0.0019022181307039535,20,0.04230400174856186,0.04467200115323067,0.04313120003789663,0.0429919995367527,0.0005440260093146139,20,32,4,2048,768,151936,True,True,False,8064,1,2048,768,generic,generic,,,CUDA_EVENT,BF16,none
0.025119999423623085,0.040031999349594116,0.026941599836573005,0.02659199945628643,0.002221608821129844,40,0.03728000074625015,0.04476799815893173,0.038537599891424176,0.03828800097107887,0.0015781578500936593,20,0.7154560089111328,0.7441279888153076,0.7247119963169097,0.7231360077857971,0.00723579614796398,20,0.11104000359773636,0.11529599875211716,0.11299360021948815,0.11292800307273865,0.0014484546107319785,20,0.2606399953365326,0.2693440020084381,0.26375520080327985,0.2637439966201782,0.0021310019922716533,20,0.04214400053024292,0.04374400153756142,0.042918399721384046,0.04291199892759323,0.00040281912629703653,20,32,4,2048,768,151936,True,True,False,8000,1,2048,768,generic,generic,,,CUDA_EVENT,BF16,none
0.02486399933695793,0.04047999903559685,0.026695199916139244,0.026335999369621277,0.0023929868442392906,40,0.036479998379945755,0.04521600157022476,0.03780959956347942,0.037151999771595,0.0018607798016184072,20,0.6899200081825256,0.7288320064544678,0.6972928047180176,0.6926880180835724,0.00946514665194354,20,0.10924799740314484,0.11456000059843063,0.1110287994146347,0.1101439967751503,0.0016706721083574565,20,0.2699199914932251,0.2758080065250397,0.2731727987527847,0.27321599423885345,0.0012670657815159908,20,0.041471999138593674,0.043168000876903534,0.0422623997554183,0.04230399988591671,0.0004761554432908534,20,32,4,2048,768,151936,True,True,False,7936,1,2048,768,generic,generic,,,CUDA_EVENT,BF16,none
0.02521600015461445,0.04016000032424927,0.02657040013000369,0.026480000466108322,0.0022730971058653043,40,0.037408001720905304,0.045152001082897186,0.03813760001212359,0.037808001041412354,0.001628187162716047,20,0.6954560279846191,0.7188159823417664,0.6993551999330521,0.6981760263442993,0.004694890370027262,20,0.11062400043010712,0.11235199868679047,0.11153600029647351,0.11163200065493584,0.00039341755205817957,20,0.27113598585128784,0.28176000714302063,0.278412801027298,0.2789119929075241,0.0024337577258271713,20,0.041919998824596405,0.043455999344587326,0.042617599852383135,0.042608000338077545,0.00032501660955544694,20,32,4,2048,768,151936,True,True,False,7872,1,2048,768,generic,generic,,,CUDA_EVENT,BF16,none
0.02502400055527687,0.03996799886226654,0.026636799937114118,0.026480000466108322,0.002247493617941985,40,0.03711999952793121,0.04633599892258644,0.03823359962552786,0.037776000797748566,0.0019012038395301392,20,0.6921280026435852,0.7168319821357727,0.6974287986755371,0.6951680183410645,0.005592421404835584,20,0.11007999628782272,0.11299200356006622,0.11147520095109939,0.11097600311040878,0.0008920138017736248,20,0.27110400795936584,0.27811199426651,0.2753263995051384,0.2755360007286072,0.0020859327927453563,20,0.041919998824596405,0.04358400031924248,0.042579200118780136,0.04254399985074997,0.0004391586088492951,20,32,4,2048,768,151936,True,True,False,7808,1,2048,768,generic,generic,,,CUDA_EVENT,BF16,none
0.024800000712275505,0.04089599847793579,0.026379199931398034,0.02582399919629097,0.002455638049183529,40,0.036896001547575,0.04588799923658371,0.03790079969912767,0.03723200038075447,0.0018873596862684129,20,0.6874240040779114,0.7199680209159851,0.6926224023103714,0.6892639994621277,0.007313145573014061,20,0.10947199910879135,0.11215999722480774,0.11054559983313084,0.11031999811530113,0.0007800036817121459,20,0.2675839960575104,0.2756800055503845,0.27135679721832273,0.2712959945201874,0.0020439924686688625,20,0.04156799986958504,0.042399998754262924,0.04211200028657913,0.042208001017570496,0.0002437045895451244,20,32,4,2048,768,151936,True,True,False,7744,1,2048,768,generic,generic,,,CUDA_EVENT,BF16,none
0.024320000782608986,0.039903998374938965,0.02615360007621348,0.025824000127613544,0.002377905517445068,40,0.03500799834728241,0.04585599899291992,0.03711999990046024,0.03734399937093258,0.0022804572329850887,20,0.6596480011940002,0.7148159742355347,0.6767279982566834,0.6854880154132843,0.014869897892320192,20,0.10630399733781815,0.1117120012640953,0.10920000039041042,0.11057600006461143,0.0021448000445360433,20,0.263839989900589,0.27369600534439087,0.2693167969584465,0.26974399387836456,0.002681617254276932,20,0.04153599962592125,0.04265600070357323,0.0420032000169158,0.04198399931192398,0.0002910768855326278,20,32,4,2048,768,151936,True,True,False,7680,1,2048,768,generic,generic,,,CUDA_EVENT,BF16,none
0.024320000782608986,0.03916800022125244,0.02606559996493161,0.02574400044977665,0.0023021208715360746,40,0.034623999148607254,0.04428799822926521,0.035982399620115756,0.03519999980926514,0.0020281151759249092,20,0.6547520160675049,0.6943359971046448,0.6628976076841354,0.656544029712677,0.010329238192457676,20,0.10422399640083313,0.1088000014424324,0.10608319975435734,0.10523200035095215,0.001554352905575988,20,0.2666560113430023,0.2754240036010742,0.2705936014652252,0.27113600075244904,0.0022157424607888014,20,0.04095999896526337,0.0427200011909008,0.041518399678170684,0.04145599901676178,0.00041997824305599395,20,32,4,2048,768,151936,True,True,False,7616,1,2048,768,generic,generic,,,CUDA_EVENT,BF16,none
0.02412799932062626,0.038975998759269714,0.02575039998628199,0.02532800007611513,0.00224330251961441,40,0.03545600175857544,0.04374400153756142,0.036179200373589994,0.03577600046992302,0.00174716514483967,20,0.6580479741096497,0.6822080016136169,0.6624191969633102,0.6616640090942383,0.004894826265011714,20,0.10604800283908844,0.10745599865913391,0.10659199990332127,0.10654399916529655,0.00041894269622743036,20,0.26870399713516235,0.2747519910335541,0.27203199863433836,0.27160000801086426,0.0017394299862270905,20,0.040511999279260635,0.04201599955558777,0.041214399971067905,0.04121600091457367,0.00039471374697385185,20,32,4,2048,768,151936,True,True,False,7552,1,2048,768,generic,generic,,,CUDA_EVENT,BF16,none
0.024224000051617622,0.03907199949026108,0.02573680002242327,0.025200000032782555,0.0023794316863033718,40,0.035232000052928925,0.044096000492572784,0.03666560016572475,0.03604799881577492,0.0018201112053163554,20,0.6546239852905273,0.6787840127944946,0.6622256070375443,0.6593919992446899,0.006460043490252116,20,0.10531199723482132,0.1090560033917427,0.10701440013945103,0.1064159981906414,0.001182901264597561,20,0.26550400257110596,0.27644801139831543,0.27011519968509673,0.2698400020599365,0.0027689688275784555,20,0.04022400081157684,0.04182400181889534,0.04091359991580248,0.04094399884343147,0.0003605473913504147,20,32,4,2048,768,151936,True,True,False,7488,1,2048,768,generic,generic,,,CUDA_EVENT,BF16,none
0.02380800060927868,0.03920000046491623,0.025477599864825607,0.02521600015461445,0.0024483335232856917,40,0.03494400158524513,0.0432640016078949,0.03567680027335882,0.0352960005402565,0.001748966464160213,20,0.6488639712333679,0.6802880167961121,0.6543007999658584,0.6529599726200104,0.006571053582321992,20,0.10390400141477585,0.10566399991512299,0.1047712005674839,0.10480000078678131,0.0003375816704294494,20,0.2677760124206543,0.2749119997024536,0.2719727993011475,0.2720800042152405,0.0019358648177644905,20,0.039903998374938965,0.04134399816393852,0.040489600226283076,0.04049599915742874,0.0003657112252946284,20,32,4,2048,768,151936,True,True,False,7424,1,2048,768,generic,generic,,,CUDA_EVENT,BF16,none
0.023744000121951103,0.039264000952243805,0.02541119991801679,0.025119999423623085,0.00237669558988222,40,0.03407999873161316,0.04265600070357323,0.034972799569368364,0.03455999866127968,0.0017865032378989092,20,0.6430400013923645,0.6795520186424255,0.6484127998352051,0.6458719968795776,0.007570252896105675,20,0.1024319976568222,0.10480000078678131,0.10325919985771179,0.10313600301742554,0.0006163034560463576,20,0.2675839960575104,0.27558401226997375,0.2716352015733719,0.2720640003681183,0.0020507616254682405,20,0.03932800143957138,0.04131200164556503,0.04014560021460056,0.040031999349594116,0.0005296434055943106,20,32,4,2048,768,151936,True,True,False,7360,1,2048,768,generic,generic,,,CUDA_EVENT,BF16,none
0.02377600036561489,0.04016000032424927,0.025346400076523425,0.024992000311613083,0.0024794052647925794,40,0.034432001411914825,0.04396799951791763,0.0355120001360774,0.03511999920010567,0.001963503623184959,20,0.6484479904174805,0.6846719980239868,0.6542048007249832,0.6522879898548126,0.007612622818395542,20,0.10288000106811523,0.10566399991512299,0.10378879941999912,0.10345599800348282,0.0007990006626033257,20,0.2656959891319275,0.2743679881095886,0.26911999881267545,0.2685920000076294,0.0026167122107902067,20,0.039455998688936234,0.04124800115823746,0.04009600020945072,0.040031999349594116,0.0004555930775327603,20,32,4,2048,768,151936,True,True,False,7296,1,2048,768,generic,generic,,,CUDA_EVENT,BF16,none
0.023679999634623528,0.03932800143957138,0.025184000097215175,0.02478400059044361,0.0023928856381450463,40,0.03564799949526787,0.043807998299598694,0.03636480029672384,0.03593600168824196,0.0017284558036656566,20,0.6535999774932861,0.6784639954566956,0.6579088002443314,0.6568319797515869,0.005141169001044427,20,0.10502400249242783,0.10649599879980087,0.10557759888470172,0.10551999881863594,0.0003854770108402902,20,0.26470398902893066,0.27507200837135315,0.2684032008051872,0.26819199323654175,0.002411141287302359,20,0.03932800143957138,0.040608000010252,0.040081600099802016,0.04009599983692169,0.0003780164582597652,20,32,4,2048,768,151936,True,True,False,7232,1,2048,768,generic,generic,,,CUDA_EVENT,BF16,none
0.02364799939095974,0.03872000053524971,0.02548079998232424,0.025295999832451344,0.0022854138998454118,40,0.034623999148607254,0.04281599819660187,0.0360240001231432,0.035760000348091125,0.001597946287119441,20,0.6388159990310669,0.6620799899101257,0.6447663962841034,0.6441120207309723,0.004583739928738266,20,0.10288000106811523,0.10559999942779541,0.10480640046298503,0.10494400188326836,0.0006531918881978691,20,0.2452159970998764,0.24969600141048431,0.24718239903450012,0.24723199754953384,0.0011352777583135954,20,0.0390079990029335,0.04057599976658821,0.039668799936771394,0.039583999663591385,0.00034691235835150933,20,32,4,2048,768,151936,True,True,False,7168,1,2048,768,generic,generic,,,CUDA_EVENT,BF16,none
0.02304000034928322,0.038495998829603195,0.024774400051683187,0.024431999772787094,0.002466535600072272,40,0.03363199904561043,0.044256001710891724,0.0345728000625968,0.03412799909710884,0.0022313298914431205,20,0.6257280111312866,0.6628159880638123,0.630236804485321,0.6285920143127441,0.007687431725153512,20,0.10038399696350098,0.10259199887514114,0.10126399919390679,0.10126399993896484,0.0005606394809722396,20,0.24278399348258972,0.25145599246025085,0.24529919773340225,0.2447359934449196,0.0021316998232834682,20,0.03840000182390213,0.039903998374938965,0.03906239978969097,0.03903999924659729,0.00044537496700054356,20,32,4,2048,768,151936,True,True,False,7104,1,2048,768,generic,generic,,,CUDA_EVENT,BF16,none
0.02284800074994564,0.03798399865627289,0.024210399808362128,0.023775999434292316,0.002412085504679301,40,0.03126399964094162,0.0424639992415905,0.03259839992970228,0.03174399957060814,0.002407414588177178,20,0.6140480041503906,0.6602879762649536,0.6241039991378784,0.6191039979457855,0.011692958096426603,20,0.09536000341176987,0.10067199915647507,0.09712639972567558,0.0963519997894764,0.0017354382603252613,20,0.23427200317382812,0.2459840029478073,0.240921600908041,0.24131199717521667,0.0033106860472058167,20,0.03788800165057182,0.039872001856565475,0.038715199939906596,0.03860799968242645,0.0004781058140407685,20,32,4,2048,768,151936,True,True,False,7040,1,2048,768,generic,generic,,,CUDA_EVENT,BF16,none
0.02304000034928322,0.037087999284267426,0.024296000180765987,0.02401600033044815,0.0022180955752621905,40,0.03292800113558769,0.04121600091457367,0.03376160003244877,0.033344000577926636,0.001727777193795553,20,0.6269760131835938,0.6546559929847717,0.6325456023216247,0.6314239799976349,0.005548655726657846,20,0.09855999797582626,0.0997759997844696,0.09923039898276328,0.09937599673867226,0.0003759789633820291,20,0.23718400299549103,0.24489599466323853,0.2408303998410702,0.24118399620056152,0.0022229175708888076,20,0.038015998899936676,0.03961599990725517,0.03854080010205507,0.038495998829603195,0.0003876361327815507,20,32,4,2048,768,151936,True,True,False,6976,1,2048,768,generic,generic,,,CUDA_EVENT,BF16,none
0.022975999861955643,0.0382080003619194,0.024499999918043615,0.02425600029528141,0.0024229589811107168,40,0.033504001796245575,0.04262400045990944,0.03452479988336563,0.03415999934077263,0.0018796262777110036,20,0.6199039816856384,0.6483520269393921,0.6251344054937362,0.624096006155014,0.005837190102891325,20,0.09913600236177444,0.10108800232410431,0.10025120079517365,0.10028800368309021,0.0005060936551427558,20,0.23321600258350372,0.24009600281715393,0.23491039872169495,0.23452799767255783,0.001560061544578032,20,0.037248000502586365,0.03891199827194214,0.03809920009225607,0.038127999752759933,0.00041358016307934027,20,32,4,2048,768,151936,True,True,False,6912,1,2048,768,generic,generic,,,CUDA_EVENT,BF16,none
0.022143999114632607,0.03721600025892258,0.02390239988453686,0.023471999913454056,0.0024505812407472076,40,0.031647998839616776,0.04233599826693535,0.03285119961947203,0.03219199925661087,0.002246126102506686,20,0.6043519973754883,0.648639976978302,0.6108880072832108,0.6081120073795319,0.009447830066356331,20,0.09539200365543365,0.09993600100278854,0.09658560045063495,0.09611200168728828,0.001260170394118591,20,0.22819200158119202,0.23638400435447693,0.23237920105457305,0.2327199950814247,0.0022814514825183277,20,0.03673600032925606,0.03843199834227562,0.03742239978164434,0.03742399998009205,0.00033400917113797713,20,32,4,2048,768,151936,True,True,False,6848,1,2048,768,generic,generic,,,CUDA_EVENT,BF16,none
0.022655999287962914,0.03721600025892258,0.024065599916502832,0.02369599975645542,0.002258811885291551,40,0.03222399950027466,0.041280001401901245,0.0331615999341011,0.03268799930810928,0.001880312876146322,20,0.6077759861946106,0.6359360218048096,0.6123487979173661,0.6107040047645569,0.005931705417043431,20,0.09612800180912018,0.09747199714183807,0.0969456009566784,0.09705600142478943,0.00038246008683529286,20,0.22339199483394623,0.2349119931459427,0.22987039759755135,0.22990399599075317,0.0025812020786643466,20,0.03683200106024742,0.037728000432252884,0.03725279998034239,0.03723200038075447,0.0002664419076685842,20,32,4,2048,768,151936,True,True,False,6784,1,2048,768,generic,generic,,,CUDA_EVENT,BF16,none
0.022304000332951546,0.03622400015592575,0.02384639997035265,0.02340799942612648,0.002266135579074768,40,0.032127998769283295,0.040672000497579575,0.03291999995708465,0.03254400007426739,0.0017936244145237506,20,0.602400004863739,0.6250240206718445,0.6056943982839584,0.6045759916305542,0.004519527310583059,20,0.09507200121879578,0.0966079980134964,0.0959440004080534,0.09595200046896935,0.0003866412112073406,20,0.2237119972705841,0.23110400140285492,0.22835199981927873,0.22889599949121475,0.002103936978864661,20,0.03651199862360954,0.0379519984126091,0.03699680007994175,0.036896001547575,0.000439377317709534,20,32,4,2048,768,151936,True,True,False,6720,1,2048,768,generic,generic,,,CUDA_EVENT,BF16,none
0.02179200015962124,0.03654399886727333,0.02357040005736053,0.023280000314116478,0.0023689065071701475,40,0.03152000159025192,0.04064000025391579,0.03228479977697134,0.03182400017976761,0.001933364230262602,20,0.5807999968528748,0.6065919995307922,0.58542560338974,0.5843519866466522,0.005284538135841337,20,0.09337600320577621,0.09564799815416336,0.0943792000412941,0.09427200257778168,0.0006083588265777218,20,0.22470399737358093,0.23340800404548645,0.228345600515604,0.228752002120018,0.002688470736992552,20,0.03606399893760681,0.03791999816894531,0.0369311997666955,0.03699199855327606,0.0004836023195635772,20,32,4,2048,768,151936,True,True,False,6656,1,2048,768,generic,generic,,,CUDA_EVENT,BF16,none
0.021695999428629875,0.036607999354600906,0.023277599923312665,0.02292799949645996,0.0023330159697249678,40,0.03145600110292435,0.040991999208927155,0.03230559974908829,0.031808000057935715,0.002008760852557083,20,0.5760959982872009,0.5991359949111938,0.5823824048042298,0.5814080238342285,0.0042732568067529834,20,0.09308800101280212,0.09484799951314926,0.09416159987449646,0.09412800148129463,0.000412473839942232,20,0.22460800409317017,0.23183999955654144,0.2280031993985176,0.227743998169899,0.00250745829388234,20,0.03606399893760681,0.03759999945759773,0.03650080021470785,0.03638400137424469,0.00037472443139225547,20,32,4,2048,768,151936,True,True,False,6592,1,2048,768,generic,generic,,,CUDA_EVENT,BF16,none
0.021663999184966087,0.036607999354600906,0.02330560004338622,0.02300800010561943,0.0024586558733529894,40,0.030112000182271004,0.03932800143957138,0.03103040000423789,0.030511999502778053,0.001932548721487536,20,0.5641599893569946,0.5952320098876953,0.5693248033523559,0.5671519935131073,0.006902619767424406,20,0.09084799885749817,0.09372799843549728,0.09185439944267274,0.09175999835133553,0.000743369968059239,20,0.21561600267887115,0.22403199970722198,0.21825120002031326,0.2181279957294464,0.0018741528712275487,20,0.03478400036692619,0.036768000572919846,0.035479999519884585,0.03548799827694893,0.0004941775702732792,20,32,4,2048,768,151936,True,True,False,6528,1,2048,768,generic,generic,,,CUDA_EVENT,BF16,none
0.021407999098300934,0.036288000643253326,0.023095199977979063,0.022671999409794807,0.002424757657383347,40,0.030527999624609947,0.03948799893260002,0.0313471999950707,0.030943999998271465,0.001881463714561397,20,0.5655679702758789,0.602944016456604,0.571206396818161,0.5696159899234772,0.007585799187491141,20,0.09071999788284302,0.09318400174379349,0.09186719954013825,0.0918239988386631,0.0006520681577323425,20,0.2181439995765686,0.2215999960899353,0.21985920146107674,0.21980800479650497,0.0009734182735406744,20,0.03465599939227104,0.03577600046992302,0.035136000253260136,0.03513599932193756,0.0002995037603422497,20,32,4,2048,768,151936,True,True,False,6464,1,2048,768,generic,generic,,,CUDA_EVENT,BF16,none
0.021407999098300934,0.03551999852061272,0.023123199958354233,0.022896000184118748,0.0024056230589367222,40,0.030527999624609947,0.03840000182390213,0.031332800071686505,0.03096000012010336,0.0016520893333131616,20,0.5622720122337341,0.5896639823913574,0.5677152007818222,0.5656960010528564,0.005587373114662146,20,0.09081599861383438,0.09232000261545181,0.0915023997426033,0.09148799628019333,0.0003853940376433857,20,0.2170879989862442,0.2250880002975464,0.2211007997393608,0.221343994140625,0.0020429037745222545,20,0.03494400158524513,0.036639999598264694,0.035744000039994714,0.03561599925160408,0.0004021063136157522,20,32,4,2048,768,151936,True,True,False,6400,1,2048,768,generic,generic,,,CUDA_EVENT,BF16,none
0.021056000143289566,0.036479998379945755,0.022829600051045416,0.02246400061994791,0.0025105103646653575,40,0.030079999938607216,0.03993599861860275,0.031007999926805495,0.030511999502778053,0.002063615169818419,20,0.557919979095459,0.5933120250701904,0.5618735909461975,0.560368001461029,0.007341700225691679,20,0.08959999680519104,0.09177599847316742,0.09081120006740093,0.09089599922299385,0.0005095221661158684,20,0.21430400013923645,0.22323200106620789,0.21882720068097114,0.21924800425767899,0.002573468987926274,20,0.03497600182890892,0.03654399886727333,0.03548959977924824,0.03540800139307976,0.00040735304578751056,20,32,4,2048,768,151936,True,True,False,6336,1,2048,768,generic,generic,,,CUDA_EVENT,BF16,none
0.021056000143289566,0.035999998450279236,0.02290559993125498,0.02271999977529049,0.002428863082867448,40,0.029632000252604485,0.03977600112557411,0.03101920010522008,0.030559999868273735,0.002038937033018124,20,0.5626879930496216,0.599232017993927,0.5699567943811417,0.5682239830493927,0.007354051374699486,20,0.08908800035715103,0.09187199920415878,0.09067039899528026,0.09084799885749817,0.0006906720016141741,20,0.20057600736618042,0.21279999613761902,0.20792480036616326,0.2080960050225258,0.0033384028645476217,20,0.034304000437259674,0.035840000957250595,0.0348512003198266,0.03481600061058998,0.00038010010116485874,20,32,4,2048,768,151936,True,True,False,6272,1,2048,768,generic,generic,,,CUDA_EVENT,BF16,none
0.020896000787615776,0.03670400008559227,0.022640799963846804,0.022447999566793442,0.0025283340489641783,40,0.02937600016593933,0.03859199956059456,0.030264000222086907,0.029888000339269638,0.0019232204839906904,20,0.5582720041275024,0.5891519784927368,0.5626064002513885,0.5608479976654053,0.006319565315654509,20,0.08793599903583527,0.08908800035715103,0.08863200023770332,0.08873599767684937,0.00035803834264196767,20,0.19916799664497375,0.2130880057811737,0.20618560016155243,0.20747199654579163,0.0033587685953098438,20,0.03372799977660179,0.03500799834728241,0.034223999828100204,0.03420799970626831,0.00030027142389346564,20,32,4,2048,768,151936,True,True,False,6208,1,2048,768,generic,generic,,,CUDA_EVENT,BF16,none
0.02070399932563305,0.03481600061058998,0.022408800013363362,0.02217600028961897,0.002307707994263012,40,0.029152000322937965,0.03788800165057182,0.030024000070989133,0.029632000252604485,0.0018192468038197374,20,0.5380160212516785,0.5694400072097778,0.5441824078559876,0.5431199967861176,0.0063034640818053125,20,0.08710400015115738,0.08857599645853043,0.0876240000128746,0.08760000020265579,0.00040132510859439315,20,0.20073600113391876,0.20867200195789337,0.2043936014175415,0.20419200509786606,0.002369386547525542,20,0.03340800106525421,0.034752000123262405,0.033881600201129916,0.033824000507593155,0.0003273710154120527,20,32,4,2048,768,151936,True,True,False,6144,1,2048,768,generic,generic,,,CUDA_EVENT,BF16,none
0.020416000857949257,0.035711999982595444,0.02218320001848042,0.021887999959290028,0.002473389830367071,40,0.02831999957561493,0.03759999945759773,0.029440000001341105,0.028959999792277813,0.0019034216056178653,20,0.5320320129394531,0.5745279788970947,0.5365104019641876,0.5334239900112152,0.009006818735009992,20,0.08495999872684479,0.08720000088214874,0.08596959933638573,0.08587199822068214,0.000666067104901805,20,0.20032000541687012,0.20636799931526184,0.2021888017654419,0.2022400051355362,0.0012979695608233029,20,0.032735999673604965,0.0342399999499321,0.03339999970048666,0.033344000577926636,0.00032395544800236926,20,32,4,2048,768,151936,True,True,False,6080,1,2048,768,generic,generic,,,CUDA_EVENT,BF16,none
0.020320000126957893,0.035392001271247864,0.02213600017130375,0.021808000281453133,0.0024687825873402135,40,0.02940800040960312,0.038015998899936676,0.030316799972206356,0.029904000461101532,0.001779683154775296,20,0.5509120225906372,0.5782080292701721,0.5573935985565186,0.5567519962787628,0.005250058633480671,20,0.08694399893283844,0.088639996945858,0.08766399994492531,0.08766399696469307,0.0004623414920072778,20,0.19686399400234222,0.2024960070848465,0.19900799915194511,0.19916799664497375,0.001427144445470802,20,0.03302399814128876,0.03376000002026558,0.03330079931765795,0.03323199972510338,0.00022451970703953283,20,32,4,2048,768,151936,True,True,False,6016,1,2048,768,generic,generic,,,CUDA_EVENT,BF16,none
0.020128000527620316,0.034591998904943466,0.022140799835324288,0.021727999672293663,0.0023302591076269836,40,0.028896000236272812,0.037696000188589096,0.029963200259953738,0.029632000252604485,0.0017934072864686458,20,0.5431039929389954,0.582144021987915,0.5532160043716431,0.552592009305954,0.007512831290201652,20,0.08508799970149994,0.08777599781751633,0.08651840016245842,0.08660800009965897,0.0007249315219709936,20,0.1956160068511963,0.20041599869728088,0.1981455996632576,0.19793599843978882,0.0013665331344306713,20,0.032416000962257385,0.033695999532938004,0.03312160018831491,0.03319999948143959,0.0003478266125516813,20,32,4,2048,768,151936,True,True,False,5952,1,2048,768,generic,generic,,,CUDA_EVENT,BF16,none
0.019840000197291374,0.03488000109791756,0.021601600060239434,0.021344000473618507,0.0024812484078464135,40,0.027744000777602196,0.036288000643253326,0.028734399843961,0.028335999697446823,0.0017588790880585692,20,0.5147839784622192,0.5478399991989136,0.5191295951604843,0.5177119970321655,0.006870801131080246,20,0.08240000158548355,0.08419200032949448,0.08361440002918244,0.08366400003433228,0.0004163037952652586,20,0.1992959976196289,0.20390400290489197,0.20188639983534812,0.20187199860811234,0.0012111697782754601,20,0.031488001346588135,0.03299200162291527,0.03207840025424957,0.03214399889111519,0.0003612566261432322,20,32,4,2048,768,151936,True,True,False,5888,1,2048,768,generic,generic,,,CUDA_EVENT,BF16,none
0.01929599978029728,0.03420799970626831,0.021323200035840272,0.021215999498963356,0.0024733386293289863,40,0.027615999802947044,0.03564799949526787,0.028302400000393392,0.02792000025510788,0.0016935974323672351,20,0.5104640126228333,0.5427200198173523,0.5148656040430069,0.5133600234985352,0.006563634854903929,20,0.08211199939250946,0.08284799754619598,0.08245440050959588,0.0825280025601387,0.00023122065460957553,20,0.19916799664497375,0.20310400426387787,0.2011760003864765,0.20111999660730362,0.0010190820522072127,20,0.031231999397277832,0.03254399821162224,0.031814399734139444,0.03177599981427193,0.0002641889682859109,20,32,4,2048,768,151936,True,True,False,5824,1,2048,768,generic,generic,,,CUDA_EVENT,BF16,none
0.019007999449968338,0.033984001725912094,0.02101919995620847,0.020767999812960625,0.0024717030178425265,40,0.025631999596953392,0.0344959981739521,0.026463999692350627,0.026079999282956123,0.0018529074311171322,20,0.4790399968624115,0.5110399723052979,0.48162719905376433,0.47991999983787537,0.006804974691365911,20,0.07740800082683563,0.07919999957084656,0.07837920039892196,0.07840000092983246,0.0005104243249336635,20,0.1868479996919632,0.18966400623321533,0.18826399967074395,0.18823999911546707,0.0007173206996739685,20,0.030912000685930252,0.03177599981427193,0.03137920005246997,0.03137600049376488,0.00023523791967809235,20,32,4,2048,768,151936,True,True,False,5760,1,2048,768,generic,generic,,,CUDA_EVENT,BF16,none
0.019200000911951065,0.033695999532938004,0.020902400137856603,0.020672000013291836,0.002415154254194003,40,0.025567999109625816,0.03440000116825104,0.026423999946564435,0.02595200017094612,0.001844346442669517,20,0.47488000988960266,0.5095999836921692,0.47921439856290815,0.47811199724674225,0.007146209192118021,20,0.07711999863386154,0.07913599908351898,0.07796000018715858,0.0780319981276989,0.0005365008605054029,20,0.18755200505256653,0.19072000682353973,0.1888656012713909,0.18881600350141525,0.0007690972650943688,20,0.030559999868273735,0.031328000128269196,0.030979200080037118,0.030991999432444572,0.00018874590052839739,20,32,4,2048,768,151936,True,True,False,5696,1,2048,768,generic,generic,,,CUDA_EVENT,BF16,none
0.018624000251293182,0.033663999289274216,0.020377600099891424,0.01998399943113327,0.0024811784586281213,40,0.02505600079894066,0.03340800106525421,0.025803200248628855,0.025439999997615814,0.0017579706231318378,20,0.4726719856262207,0.5089920163154602,0.476459202170372,0.47411200404167175,0.0077864731414797736,20,0.0756480023264885,0.07744000107049942,0.07650720030069351,0.07652800157666206,0.0005030486977993696,20,0.18857599794864655,0.19740800559520721,0.19247520044445993,0.19219199568033218,0.002144030894012915,20,0.03081599995493889,0.03190400078892708,0.03149760020896793,0.031536001712083817,0.0002724887492413157,20,32,4,2048,768,151936,True,True,False,5632,1,2048,768,generic,generic,,,CUDA_EVENT,BF16,none
0.018464000895619392,0.032575998455286026,0.020315999910235406,0.01996800024062395,0.00234180285218482,40,0.02675200067460537,0.03468799963593483,0.02754880003631115,0.02723200060427189,0.001649099325590236,20,0.4868159890174866,0.521120011806488,0.49020320028066633,0.48848000168800354,0.007188504581468106,20,0.07852800190448761,0.08025600016117096,0.07937760092318058,0.07937600091099739,0.000406724621972452,20,0.1958400011062622,0.20236800611019135,0.19805279970169068,0.1982560008764267,0.0015596280317782135,20,0.031328000128269196,0.032255999743938446,0.03166400007903576,0.03166399896144867,0.00021286601193834046,20,32,4,2048,768,151936,True,True,False,5568,1,2048,768,generic,generic,,,CUDA_EVENT,BF16,none
0.018271999433636665,0.033440001308918,0.02016560025513172,0.019759999588131905,0.0024710641798181424,40,0.026496000587940216,0.035360001027584076,0.027382400166243315,0.027023999951779842,0.001841435453410976,20,0.48422399163246155,0.5258880257606506,0.4884928032755852,0.48579199612140656,0.008803166498683384,20,0.07772800326347351,0.0788159966468811,0.07830719985067844,0.07840000092983246,0.00032991127849212113,20,0.1932159960269928,0.1992959976196289,0.19599839970469474,0.19624000042676926,0.001517134961392718,20,0.03110400028526783,0.031936001032590866,0.03137600030750036,0.03134400025010109,0.00019790944761350805,20,32,4,2048,768,151936,True,True,False,5504,1,2048,768,generic,generic,,,CUDA_EVENT,BF16,none
0.01817600056529045,0.03267199918627739,0.019832800049334763,0.019600000232458115,0.0023666100738572093,40,0.025472000241279602,0.03411199897527695,0.026537600066512824,0.0261439997702837,0.0017716585697974433,20,0.47603198885917664,0.5176960229873657,0.4809663981199265,0.4782560020685196,0.008799386279049332,20,0.07603199779987335,0.07791999727487564,0.07672159932553768,0.07657600194215775,0.0005095413953160525,20,0.1894720047712326,0.19952000677585602,0.19439680129289627,0.1948319971561432,0.00237199557865469,20,0.0306560005992651,0.03152000159025192,0.031054400280117987,0.03102399967610836,0.0002301944768003663,20,32,4,2048,768,151936,True,True,False,5440,1,2048,768,generic,generic,,,CUDA_EVENT,BF16,none
0.018015999346971512,0.03376000002026558,0.019884799933061005,0.01952000055462122,0.0025438872584604357,40,0.026335999369621277,0.03471999987959862,0.02707039974629879,0.0266720000654459,0.0017699927563082606,20,0.476608008146286,0.5156800150871277,0.48289760053157804,0.48155200481414795,0.007773226614045532,20,0.07631999999284744,0.07820799946784973,0.0772767998278141,0.07732800021767616,0.0004746258880046281,20,0.18111999332904816,0.19062399864196777,0.1856672003865242,0.18558400124311447,0.002486174079461752,20,0.03033600002527237,0.03145600110292435,0.030763200111687185,0.030767999589443207,0.00026296058774522794,20,32,4,2048,768,151936,True,True,False,5376,1,2048,768,generic,generic,,,CUDA_EVENT,BF16,none
0.017855999991297722,0.03248000144958496,0.019664799980819225,0.019279999658465385,0.0024442324735960844,40,0.02521600015461445,0.033984001725912094,0.02620959999039769,0.02574400044977665,0.0018126379981196089,20,0.46665599942207336,0.5171520113945007,0.47363200336694716,0.47145600616931915,0.010372958085980247,20,0.07391999661922455,0.07631999999284744,0.07535679936408997,0.0753600001335144,0.0006403120112517348,20,0.17974400520324707,0.18803200125694275,0.18326240107417108,0.1831040009856224,0.0025839368629039542,20,0.02969600073993206,0.03110400028526783,0.030369600001722574,0.030415999703109264,0.0003876460017153501,20,32,4,2048,768,151936,True,True,False,5312,1,2048,768,generic,generic,,,CUDA_EVENT,BF16,none
0.017535999417304993,0.03356799855828285,0.01947040008381009,0.019183999858796597,0.0026041683286751687,40,0.02454400062561035,0.03376000002026558,0.02550880014896393,0.02510399930179119,0.0019049617447751336,20,0.46000000834465027,0.4978559911251068,0.46614240258932116,0.46430400013923645,0.0076991956007068235,20,0.07308799773454666,0.07465600222349167,0.07381919957697392,0.07387199997901917,0.00040175917074938524,20,0.1780800074338913,0.18428799510002136,0.18211840018630027,0.1820640042424202,0.0015395147083693125,20,0.029440000653266907,0.030719999223947525,0.029990400187671185,0.029984000138938427,0.0002810902453090281,20,32,4,2048,768,151936,True,True,False,5248,1,2048,768,generic,generic,,,CUDA_EVENT,BF16,none
0.017472000792622566,0.03315199911594391,0.019449600018560886,0.019216000102460384,0.00256594489162258,40,0.025855999439954758,0.034432001411914825,0.026713599823415278,0.026319999247789383,0.0017881848572832272,20,0.46911999583244324,0.5117759704589844,0.4736767992377281,0.47150400280952454,0.008929790572958732,20,0.07542400062084198,0.07702399790287018,0.07616319991648197,0.07612799853086472,0.00038184732537912744,20,0.17452800273895264,0.18515199422836304,0.17974879890680312,0.1804959997534752,0.0032708049937441148,20,0.02969600073993206,0.0307839997112751,0.030164800211787225,0.030112000182271004,0.00026002321564386964,20,32,4,2048,768,151936,True,True,False,5184,1,2048,768,generic,generic,,,CUDA_EVENT,BF16,none
0.016992000862956047,0.03315199911594391,0.019098399905487895,0.019071999937295914,0.0026174540152566865,40,0.02470399998128414,0.03328000009059906,0.025998400058597326,0.025824000127613544,0.0017449971807368813,20,0.45107200741767883,0.4960319995880127,0.4584191992878914,0.4565120041370392,0.00946246079856562,20,0.07199999690055847,0.07529599964618683,0.07395360022783279,0.07404800131917,0.0010948238604234315,20,0.17238399386405945,0.18006399273872375,0.17585919797420502,0.17531199753284454,0.002093797769357416,20,0.028991999104619026,0.030271999537944794,0.02944960007444024,0.02940800040960312,0.00030894522662362815,20,32,4,2048,768,151936,True,True,False,5120,1,2048,768,generic,generic,,,CUDA_EVENT,BF16,none
0.016831999644637108,0.03248000144958496,0.01863120007328689,0.018687999807298183,0.0025682816626875376,40,0.023455999791622162,0.03280000016093254,0.024436799995601177,0.023839999921619892,0.0019915283623648714,20,0.43324801325798035,0.485727995634079,0.4389360025525093,0.434224009513855,0.011768252642604293,20,0.06943999975919724,0.07267200201749802,0.07043200060725212,0.06995199993252754,0.0010566299925536672,20,0.1666879951953888,0.17871999740600586,0.17096640095114707,0.16988800466060638,0.003150644409012415,20,0.028351999819278717,0.02940800040960312,0.028825599793344737,0.02884799987077713,0.0002942608816015777,20,32,4,2048,768,151936,True,True,False,5056,1,2048,768,generic,generic,,,CUDA_EVENT,BF16,none
0.016543999314308167,0.03296000137925148,0.01857599983923137,0.018511999398469925,0.0026569446452856943,40,0.023264000192284584,0.032255999743938446,0.024703999888151883,0.024607999250292778,0.0018073626586342514,20,0.4270400106906891,0.46137601137161255,0.43864160031080246,0.4397759884595871,0.007000547184506736,20,0.06870400160551071,0.07206399738788605,0.07063839957118034,0.0711359977722168,0.0010851952683698506,20,0.16873599588871002,0.17641599476337433,0.17203679978847503,0.17155200242996216,0.0021487042248873054,20,0.028255999088287354,0.029983999207615852,0.028815999906510115,0.028720000758767128,0.00038179360638785866,20,32,4,2048,768,151936,True,True,False,4992,1,2048,768,generic,generic,,,CUDA_EVENT,BF16,none
0.0163199994713068,0.03097599931061268,0.01827839994803071,0.018303999677300453,0.0025047354334275297,40,0.02300800010561943,0.031968001276254654,0.024110399931669236,0.02372800000011921,0.0018357651732984722,20,0.4233599901199341,0.4657920002937317,0.4305071994662285,0.4296160042285919,0.008559042336884006,20,0.0676800012588501,0.06985600292682648,0.0689760010689497,0.06891200318932533,0.0005814414698020754,20,0.16627199947834015,0.1717119961977005,0.1695647992193699,0.16966400295495987,0.0014233312231188536,20,0.02751999907195568,0.028831999748945236,0.02812959998846054,0.028047999367117882,0.00033614866896247415,20,32,4,2048,768,151936,True,True,False,4928,1,2048,768,generic,generic,,,CUDA_EVENT,BF16,none
0.015647999942302704,0.031328000128269196,0.017791999969631433,0.017760000191628933,0.002578771178967931,40,0.022463999688625336,0.03062400035560131,0.023313600104302168,0.02292799949645996,0.001700717295653582,20,0.41308799386024475,0.45347198843955994,0.4189071998000145,0.416703999042511,0.008211675203416037,20,0.0660799965262413,0.06771200150251389,0.0669711995869875,0.06704000011086464,0.00044447498790627446,20,0.16492800414562225,0.17033599317073822,0.16739840134978295,0.16724800318479538,0.0013133872214115391,20,0.02703999914228916,0.028192000463604927,0.02768479995429516,0.027712000533938408,0.00030714574739217114,20,32,4,2048,768,151936,True,True,False,4864,1,2048,768,generic,generic,,,CUDA_EVENT,BF16,none
0.01532800029963255,0.030751999467611313,0.01759520003106445,0.01771199982613325,0.0025858450456867207,40,0.021983999758958817,0.030559999868273735,0.022756800055503845,0.02238400001078844,0.0018030593970583863,20,0.40544000267982483,0.44223999977111816,0.40941759943962097,0.40782400965690613,0.0076466484568667795,20,0.06483200192451477,0.0663359984755516,0.06566240079700947,0.06571200117468834,0.0003075128607825128,20,0.15241600573062897,0.1544959992170334,0.15357760041952134,0.1536480039358139,0.0005636086950353461,20,0.026784000918269157,0.027712000533938408,0.027176000084728,0.02715199999511242,0.00021150885872931694,20,32,4,2048,768,151936,True,True,False,4800,1,2048,768,generic,generic,,,CUDA_EVENT,BF16,none
0.015424000099301338,0.030719999223947525,0.017535999952815472,0.01764800027012825,0.0025516963733829452,40,0.021856000646948814,0.03014400042593479,0.02255040016025305,0.022143999114632607,0.0017502596558727384,20,0.4036479890346527,0.44198399782180786,0.4089216023683548,0.40699200332164764,0.007766351359756541,20,0.06406400352716446,0.06569600105285645,0.06468480043113231,0.06472000107169151,0.00039470426051457287,20,0.1581439971923828,0.16275200247764587,0.15975840091705323,0.15932800620794296,0.0013372195918585955,20,0.026784000918269157,0.027904000133275986,0.027193599939346315,0.027135999873280525,0.000299947749345961,20,32,4,2048,768,151936,True,True,False,4736,1,2048,768,generic,generic,,,CUDA_EVENT,BF16,none
0.015231999568641186,0.03046399913728237,0.01739839990623295,0.01747199986129999,0.0025498216298804285,40,0.022048000246286392,0.030400000512599945,0.022840000130236147,0.022495999932289124,0.0017440404621717818,20,0.4060159921646118,0.44620800018310547,0.4101503983139992,0.40808001160621643,0.008377436815431218,20,0.06406400352716446,0.06550399959087372,0.06464320048689842,0.0647680014371872,0.00033621423020931807,20,0.15564799308776855,0.1594880074262619,0.15754719972610473,0.157663993537426,0.0011403996893120858,20,0.026240000501275063,0.02755199931561947,0.0267984002828598,0.02675200067460537,0.00029406472827445503,20,32,4,2048,768,151936,True,True,False,4672,1,2048,768,generic,generic,,,CUDA_EVENT,BF16,none
0.015039999969303608,0.030751999467611313,0.0169736000476405,0.017184000462293625,0.002625149765720614,40,0.021215999498963356,0.031072000041604042,0.02220480013638735,0.021631999872624874,0.0020681731271174463,20,0.384799987077713,0.4307839870452881,0.39050239622592925,0.3866399973630905,0.009869587330306748,20,0.06159999966621399,0.06428799778223038,0.06296159978955984,0.06270400062203407,0.0007549872171838349,20,0.1419840008020401,0.1510400027036667,0.1474048003554344,0.14771199971437454,0.0022577459505621817,20,0.025728000327944756,0.026944000273942947,0.026217600051313638,0.026256000623106956,0.0002775158875742959,20,32,4,2048,768,151936,True,True,False,4608,1,2048,768,generic,generic,,,CUDA_EVENT,BF16,none
0.014303999952971935,0.030239999294281006,0.016660000011324883,0.016991999931633472,0.002647714138156582,40,0.02070399932563305,0.02924799919128418,0.021531199757009744,0.021183999255299568,0.001781979727077855,20,0.3761279881000519,0.4216639995574951,0.3806544005870819,0.37777599692344666,0.00965172485233122,20,0.060127999633550644,0.06195199862122536,0.06097599994391203,0.060912000015378,0.000520872759518783,20,0.13820800185203552,0.14608000218868256,0.14152959883213043,0.14124799519777298,0.0023493447961195624,20,0.025280000641942024,0.02630399912595749,0.025892799813300373,0.025919999927282333,0.00025784809312594074,20,32,4,2048,768,151936,True,True,False,4544,1,2048,768,generic,generic,,,CUDA_EVENT,BF16,none
0.014368000440299511,0.030208000913262367,0.016508800047449767,0.01657600048929453,0.0026177077274627176,40,0.020320000126957893,0.028575999662280083,0.021204799972474576,0.020816000178456306,0.0016995968642629085,20,0.3733760118484497,0.4119040071964264,0.3767168015241623,0.37507200241088867,0.00809579487576757,20,0.05926400050520897,0.06115199998021126,0.05989759992808104,0.05987200140953064,0.00039576633996294596,20,0.13817599415779114,0.14271999895572662,0.14018240049481392,0.14052800089120865,0.0012962198363877637,20,0.025407999753952026,0.0261439997702837,0.02566239992156625,0.025599999353289604,0.00018115376636231866,20,32,4,2048,768,151936,True,True,False,4480,1,2048,768,generic,generic,,,CUDA_EVENT,BF16,none
0.014175999909639359,0.029791999608278275,0.016438400000333787,0.01664000004529953,0.002646984179986997,40,0.02054399996995926,0.028351999819278717,0.021411200053989887,0.021088000386953354,0.0016059696202342967,20,0.3776960074901581,0.41942399740219116,0.3821744009852409,0.3802400082349777,0.008639681962470868,20,0.05929600074887276,0.061503998935222626,0.06030240021646023,0.06027200073003769,0.0005039847059222232,20,0.14204800128936768,0.14902399480342865,0.14590879902243614,0.14575999975204468,0.0019257322278698698,20,0.02489599958062172,0.026016000658273697,0.0253760002553463,0.025312000885605812,0.00026484730821100177,20,32,4,2048,768,151936,True,True,False,4416,1,2048,768,generic,generic,,,CUDA_EVENT,BF16,none
0.01375999953597784,0.028351999819278717,0.016159999929368497,0.016527999192476273,0.0025156762041736373,40,0.021536000072956085,0.029472000896930695,0.022291200049221516,0.021983999758958817,0.0016559932374848685,20,0.38387200236320496,0.42236799001693726,0.387084798514843,0.38521599769592285,0.008141702661810054,20,0.06102399900555611,0.06239999830722809,0.06150080002844334,0.06147199869155884,0.00029587443575902257,20,0.14691199362277985,0.15216000378131866,0.15018879994750023,0.15051200240850449,0.001435171146735934,20,0.024768000468611717,0.025599999353289604,0.02523040007799864,0.025248000398278236,0.00019105748742046172,20,32,4,2048,768,151936,True,True,False,4352,1,2048,768,generic,generic,,,CUDA_EVENT,BF16,none
0.013663999736309052,0.029120000079274178,0.016017599985934793,0.016272000037133694,0.0026084313583587143,40,0.02160000056028366,0.029311999678611755,0.022435200121253728,0.022096000611782074,0.0015941620516178527,20,0.384223997592926,0.4237760007381439,0.38803359866142273,0.385903999209404,0.008277711710667794,20,0.0605119988322258,0.061535999178886414,0.060985599644482136,0.06099199876189232,0.0002333148828052997,20,0.14828799664974213,0.15452800691127777,0.1508768007159233,0.1501919999718666,0.001834660955951015,20,0.02457600086927414,0.025407999753952026,0.025019200146198274,0.02505600079894066,0.0002450193487307222,20,32,4,2048,768,151936,True,True,False,4288,1,2048,768,generic,generic,,,CUDA_EVENT,BF16,none
0.013376000337302685,0.02924799919128418,0.015943200001493095,0.016383999958634377,0.0026924103992257116,40,0.02131200022995472,0.0297279991209507,0.02203200003132224,0.02167999930679798,0.0017726813732198625,20,0.37644800543785095,0.4180159866809845,0.38083359897136687,0.3792320042848587,0.00858589277738354,20,0.05993599817156792,0.061664000153541565,0.060649600066244605,0.06062399968504906,0.0003783721486090606,20,0.13868799805641174,0.1451839953660965,0.14156799912452697,0.14103999733924866,0.0017539384698379487,20,0.02409599907696247,0.02537599951028824,0.02478719996288419,0.024768000468611717,0.0002961341068561393,20,32,4,2048,768,151936,True,True,False,4224,1,2048,768,generic,generic,,,CUDA_EVENT,BF16,none
0.013376000337302685,0.030271999537944794,0.015761599922552706,0.0161920003592968,0.002864321218507466,40,0.021023999899625778,0.02908799983561039,0.02179200006648898,0.021391999907791615,0.0016889816636639684,20,0.3684160113334656,0.4189760088920593,0.3764352023601532,0.37406399846076965,0.010047865376840697,20,0.058559998869895935,0.06047999858856201,0.05956480000168085,0.05967999994754791,0.0004228846333614983,20,0.13606399297714233,0.14361600577831268,0.14050719812512397,0.14006399363279343,0.001785654945229406,20,0.02409599907696247,0.024960000067949295,0.024467199947685002,0.024431999772787094,0.0002378356502108355,20,32,4,2048,768,151936,True,True,False,4160,1,2048,768,generic,generic,,,CUDA_EVENT,BF16,none
0.01321600005030632,0.029343999922275543,0.01575519994366914,0.01649599988013506,0.002860221338476634,40,0.02006400004029274,0.028575999662280083,0.02120159985497594,0.020816000178456306,0.001712507560900549,20,0.35199999809265137,0.400160014629364,0.3609664008021355,0.3596799969673157,0.009375782348970936,20,0.05615999922156334,0.058368001133203506,0.05769439991563559,0.05780800059437752,0.0005613676923061022,20,0.13513599336147308,0.13971200585365295,0.1381327986717224,0.13838399946689606,0.0012178632921224367,20,0.023615999147295952,0.024607999250292778,0.024092799983918667,0.024064000695943832,0.0002650210608662883,20,32,4,2048,768,151936,True,True,False,4096,1,2048,768,generic,generic,,,CUDA_EVENT,BF16,none
0.01321600005030632,0.02908799983561039,0.015795999951660634,0.016416000202298164,0.00281495149394437,40,0.019231999292969704,0.02691200003027916,0.020415999926626682,0.020175999961793423,0.0015257659567004362,20,0.3367359936237335,0.3850559890270233,0.3443567991256714,0.34352000057697296,0.00978000808125393,20,0.05526399984955788,0.05718399956822395,0.05634559988975525,0.056623999029397964,0.0006193135516894983,20,0.1281919926404953,0.1372479945421219,0.13278879970312119,0.13340800255537033,0.002342812688205585,20,0.023584000766277313,0.024831999093294144,0.024065599776804447,0.02396799996495247,0.0003184722192086715,20,32,4,2048,768,151936,True,True,False,4064,1,2048,768,generic,generic,,,CUDA_EVENT,BF16,none
0.012768000364303589,0.02937600016593933,0.015611199941486121,0.01643200032413006,0.0029239276372131488,40,0.019039999693632126,0.026623999699950218,0.019895999785512687,0.019487999379634857,0.001558727675695099,20,0.3410559892654419,0.3869119882583618,0.3456623986363411,0.34360000491142273,0.009543793370585365,20,0.0544000007212162,0.05580800026655197,0.05522079989314079,0.05524799972772598,0.00032148058836425393,20,0.12611199915409088,0.13331200182437897,0.13016480058431626,0.13067200034856796,0.002369842260035195,20,0.02332800067961216,0.02454400062561035,0.023921599704772235,0.02393599972128868,0.00028324501981167975,20,32,4,2048,768,151936,True,True,False,4032,1,2048,768,generic,generic,,,CUDA_EVENT,BF16,none
0.012480000033974648,0.029279999434947968,0.015375999989919365,0.016064000315964222,0.002953627655532876,40,0.0191040001809597,0.026655999943614006,0.019785600062459708,0.01942400075495243,0.0015884736318458258,20,0.3315199911594391,0.3758400082588196,0.3359967991709709,0.3340799957513809,0.009227267427656297,20,0.05411199852824211,0.05548800155520439,0.054755200259387495,0.054735999554395676,0.0003363656083047067,20,0.12457600235939026,0.1326719969511032,0.127479999512434,0.12651199847459793,0.0023598536880936926,20,0.023296000435948372,0.024032000452280045,0.023678399808704852,0.023679999634623528,0.0001742384344999592,20,32,4,2048,768,151936,True,True,False,4000,1,2048,768,generic,generic,,,CUDA_EVENT,BF16,none
0.012640000320971012,0.029152000322937965,0.015359200001694263,0.016176000237464905,0.002931909903059656,40,0.01897599920630455,0.02691200003027916,0.01970240008085966,0.01937600038945675,0.001662371499510109,20,0.3399359881877899,0.38332799077033997,0.3449904009699821,0.34252800047397614,0.008991078497861373,20,0.053727999329566956,0.05475199967622757,0.05410080011934042,0.05406400002539158,0.00028822681076244594,20,0.12374400347471237,0.12755200266838074,0.12545920051634313,0.12545599788427353,0.0008360771996695226,20,0.022784000262618065,0.02396799996495247,0.02338879993185401,0.023312000557780266,0.0002962204573611072,20,32,4,2048,768,151936,True,True,False,3968,1,2048,768,generic,generic,,,CUDA_EVENT,BF16,none
0.012480000033974648,0.028704000636935234,0.015243200003169477,0.01611199975013733,0.0029084599009324003,40,0.018880000337958336,0.026976000517606735,0.01959520038217306,0.019200000911951065,0.0017031479868270848,20,0.32844799757003784,0.37305599451065063,0.33260639756917953,0.3303840011358261,0.009339480548852478,20,0.052928000688552856,0.05459199845790863,0.053600000031292436,0.05352000147104263,0.0003763230422611098,20,0.12332800030708313,0.1257600039243698,0.12467039972543717,0.12468800321221352,0.0007099727357465206,20,0.0226879995316267,0.023584000766277313,0.023119999933987855,0.023104000836610794,0.00024982571764519036,20,32,4,2048,768,151936,True,True,False,3936,1,2048,768,generic,generic,,,CUDA_EVENT,BF16,none
0.012384000234305859,0.028575999662280083,0.015057600056752562,0.015792000107467175,0.0028979435757630055,40,0.018751999363303185,0.026496000587940216,0.019543999899178745,0.019231999292969704,0.0016139830377927197,20,0.337119996547699,0.3846080005168915,0.3427567988634109,0.34007999300956726,0.00993054094327421,20,0.052639998495578766,0.05452800169587135,0.053360000066459176,0.0533440001308918,0.0005133484821338849,20,0.12319999933242798,0.1276479959487915,0.12529599852859974,0.1252799928188324,0.0010117000609725993,20,0.022752000018954277,0.02393599972128868,0.02314559994265437,0.023072000592947006,0.0002788041705630226,20,32,4,2048,768,151936,True,True,False,3904,1,2048,768,generic,generic,,,CUDA_EVENT,BF16,none
0.01228800043463707,0.029503999277949333,0.014999999990686774,0.015792000107467175,0.0030540537158928595,40,0.019200000911951065,0.026815999299287796,0.01984960017725825,0.019487999379634857,0.0016021135960898587,20,0.3298240005970001,0.3776639997959137,0.33434720188379285,0.33208000659942627,0.009979420542712465,20,0.05273599922657013,0.05385600030422211,0.05344799961894751,0.05345600098371506,0.0002879777085079349,20,0.12438400089740753,0.1279039978981018,0.1259903997182846,0.12585600465536118,0.0008053320861806003,20,0.02252800017595291,0.02332800067961216,0.022812800109386445,0.02276800014078617,0.00022397720520773772,20,32,4,2048,768,151936,True,True,False,3872,1,2048,768,generic,generic,,,CUDA_EVENT,BF16,none
0.012160000391304493,0.029055999591946602,0.014969599945470691,0.015647999942302704,0.0029253512926416124,40,0.01897599920630455,0.026815999299287796,0.01974720014259219,0.019392000511288643,0.001634285289717859,20,0.3362239897251129,0.37852799892425537,0.3400576010346413,0.33803199231624603,0.008880686190816766,20,0.052671998739242554,0.05455999821424484,0.05352159980684519,0.05345600098371506,0.0004225302268578062,20,0.12652799487113953,0.1340160071849823,0.13180959969758987,0.13201599568128586,0.0018139933767745476,20,0.02252800017595291,0.023584000766277313,0.02305600019171834,0.023104000836610794,0.0002738758858810926,20,32,4,2048,768,151936,True,True,False,3840,1,2048,768,generic,generic,,,CUDA_EVENT,BF16,none
0.012095999903976917,0.03046399913728237,0.014817599952220917,0.01550400024279952,0.0031337292628178135,40,0.017952000722289085,0.025728000327944756,0.018659199867397547,0.018271999433636665,0.0016361954878921473,20,0.306335985660553,0.3577280044555664,0.3118943989276886,0.3079040050506592,0.010972609693765227,20,0.04879999905824661,0.05152000114321709,0.050188799388706684,0.05007999949157238,0.0007703564557083278,20,0.11244799941778183,0.12534399330615997,0.11556640006601811,0.11415999755263329,0.003114430703750164,20,0.021824000403285027,0.023423999547958374,0.022713600005954505,0.022784000262618065,0.00036703872671065224,20,32,4,2048,768,151936,True,True,False,3808,1,2048,768,generic,generic,,,CUDA_EVENT,BF16,none
0.01152000017464161,0.028192000463604927,0.014556800038553775,0.015343999955803156,0.0029719181367874195,40,0.017184000462293625,0.024800000712275505,0.018401600047945978,0.018112000077962875,0.0015084692609293282,20,0.31139200925827026,0.35340800881385803,0.3157088026404381,0.31403200328350067,0.008715505009271918,20,0.047648001462221146,0.04912000149488449,0.048596800304949284,0.04867199994623661,0.00038095772595218543,20,0.11177600175142288,0.12057600170373917,0.11599360108375549,0.1164960004389286,0.002165778347928211,20,0.02147199958562851,0.02332800067961216,0.022555200010538103,0.0226879995316267,0.0004818393263116521,20,32,4,2048,768,151936,True,True,False,3776,1,2048,768,generic,generic,,,CUDA_EVENT,BF16,none
0.011680000461637974,0.02956799976527691,0.01437920005992055,0.015072000212967396,0.003112750974820834,40,0.01740800030529499,0.02473600022494793,0.018089600000530483,0.01775999926030636,0.0015327332492561412,20,0.29635199904441833,0.3407360017299652,0.2999184027314186,0.29787200689315796,0.009401388020438712,20,0.04700800031423569,0.04822399839758873,0.04738400038331747,0.04731199890375137,0.0002893961449197805,20,0.10844799876213074,0.11052799969911575,0.10944799967110157,0.10943999886512756,0.0006528212162082461,20,0.021568000316619873,0.022495999932289124,0.021944000013172628,0.021983999758958817,0.00023446957564319788,20,32,4,2048,768,151936,True,True,False,3744,1,2048,768,generic,generic,,,CUDA_EVENT,BF16,none
0.011103999800980091,0.029600000008940697,0.014432000019587577,0.01550400024279952,0.003225609582365733,40,0.017311999574303627,0.024159999564290047,0.017961599957197906,0.017664000391960144,0.001436728641009376,20,0.3024959862232208,0.33827200531959534,0.3060911998152733,0.30425600707530975,0.007446012283872203,20,0.04598399996757507,0.04771199822425842,0.046689600311219694,0.04667200148105621,0.00042818768608289683,20,0.11075200140476227,0.11324799805879593,0.11182079948484898,0.11160000041127205,0.0006451311632027969,20,0.02051199972629547,0.02131200022995472,0.02084160000085831,0.020816000178456306,0.0002156383123792637,20,32,4,2048,768,151936,True,True,False,3712,1,2048,768,generic,generic,,,CUDA_EVENT,BF16,none
0.011359999887645245,0.027744000777602196,0.014234400005079806,0.01515199989080429,0.002919856626999535,40,0.017472000792622566,0.02396799996495247,0.018235199991613625,0.017999999225139618,0.0013280683820903938,20,0.2958720028400421,0.3259519934654236,0.29854719787836076,0.2967040091753006,0.00650414621751951,20,0.045951999723911285,0.04838399961590767,0.04715200010687113,0.046959999948740005,0.0006967262602565083,20,0.10777600109577179,0.11276800185441971,0.1106847994029522,0.11140799894928932,0.0015655130619260662,20,0.02112000063061714,0.02208000048995018,0.021593600045889616,0.021584000438451767,0.0002585077490874507,20,32,4,2048,768,151936,True,True,False,3680,1,2048,768,generic,generic,,,CUDA_EVENT,BF16,none
0.011136000044643879,0.02831999957561493,0.014268800057470799,0.015087999869138002,0.0030141366206076245,40,0.017664000391960144,0.025280000641942024,0.0184256000444293,0.0180479995906353,0.0015816743645274607,20,0.3040960133075714,0.34540799260139465,0.30663520097732544,0.3044320046901703,0.008904542344883196,20,0.04822399839758873,0.04972799867391586,0.04897759966552258,0.04896000027656555,0.0004074791361658681,20,0.11587200313806534,0.12031999975442886,0.11740319989621639,0.11694399639964104,0.0011157986284036031,20,0.02160000056028366,0.022911999374628067,0.022313599847257136,0.022352000698447227,0.00038878349271509455,20,32,4,2048,768,151936,True,True,False,3648,1,2048,768,generic,generic,,,CUDA_EVENT,BF16,none
0.011296000331640244,0.02969600073993206,0.014232000079937279,0.015024000313133001,0.003198629835056145,40,0.01756799966096878,0.025119999423623085,0.018359999731183053,0.0180479995906353,0.001562664324803474,20,0.30348798632621765,0.3468160033226013,0.3064687982201576,0.3043520003557205,0.009278524160084454,20,0.047968000173568726,0.04931199923157692,0.04872159995138645,0.04870399832725525,0.0003337024945606015,20,0.11584000289440155,0.11833599954843521,0.11699359975755215,0.11697599664330482,0.0006741660844526562,20,0.021344000473618507,0.02236800082027912,0.021812800131738187,0.021695999428629875,0.0002806666410167172,20,32,4,2048,768,151936,True,True,False,3616,1,2048,768,generic,generic,,,CUDA_EVENT,BF16,none
0.011296000331640244,0.02796800062060356,0.0140808000927791,0.014784000348299742,0.0029500502809419503,40,0.01788800023496151,0.026016000658273697,0.018673599977046252,0.01828799955546856,0.0016969500303610082,20,0.30723199248313904,0.3495680093765259,0.31015999913215636,0.30796800553798676,0.009060690841222052,20,0.04816000163555145,0.04918399825692177,0.04871040005236864,0.04873599857091904,0.0002980642280796042,20,0.12054400146007538,0.12326399981975555,0.12212640047073364,0.12214399874210358,0.000672340183167897,20,0.020128000527620316,0.021023999899625778,0.02067679986357689,0.02070399932563305,0.00024998428931665817,20,32,4,2048,768,151936,True,True,False,3584,1,2048,768,generic,generic,,,CUDA_EVENT,BF16,none
0.011103999800980091,0.028736000880599022,0.013958400068804621,0.014864000026136637,0.003052129207762969,40,0.01759999990463257,0.025855999439954758,0.018481599912047387,0.01809599995613098,0.001711999137714682,20,0.29974400997161865,0.3455680012702942,0.30305120050907136,0.3007519990205765,0.00977291892058368,20,0.04790399968624115,0.04944000020623207,0.0484351996332407,0.04838399961590767,0.0003592563871319652,20,0.10918399691581726,0.11177600175142288,0.11050879992544652,0.11060800030827522,0.0006349726669736579,20,0.021088000386953354,0.022016000002622604,0.021545600052922963,0.021568000316619873,0.000268704542911283,20,32,4,2048,768,151936,True,True,False,3552,1,2048,768,generic,generic,,,CUDA_EVENT,BF16,none
0.010879999957978725,0.02908799983561039,0.013908799993805588,0.014752000104635954,0.0031849931823055566,40,0.01759999990463257,0.02550400048494339,0.01833119997754693,0.018015999346971512,0.0016565766254017793,20,0.30351999402046204,0.3452160060405731,0.306393601000309,0.30452799797058105,0.008918020552520611,20,0.04732799902558327,0.04944000020623207,0.04813440013676882,0.04816000163555145,0.00048799770225323305,20,0.11715199798345566,0.11990399658679962,0.11882240027189254,0.11867200210690498,0.0006297256959758252,20,0.020927999168634415,0.022175999358296394,0.021566399931907655,0.021743999794125557,0.00038299546591527773,20,32,4,2048,768,151936,True,True,False,3520,1,2048,768,generic,generic,,,CUDA_EVENT,BF16,none
0.011008000001311302,0.027712000533938408,0.013806400052271784,0.014816000126302242,0.003035229614856086,40,0.017632000148296356,0.02537599951028824,0.018316800240427256,0.017952000722289085,0.0016304116095219466,20,0.29651200771331787,0.3394240140914917,0.3004544034600258,0.29849599301815033,0.008979299400492823,20,0.047040000557899475,0.04819199815392494,0.04775839969515801,0.04782399907708168,0.00028378663015329284,20,0.10943999886512756,0.11161600053310394,0.11039840057492256,0.11044799908995628,0.0005539313171464662,20,0.02070399932563305,0.021663999184966087,0.021147199999541046,0.02107200026512146,0.00025384577655196406,20,32,4,2048,768,151936,True,True,False,3488,1,2048,768,generic,generic,,,CUDA_EVENT,BF16,none
0.01056000031530857,0.027295999228954315,0.013579199998639524,0.014527999795973301,0.0030659234437741996,40,0.01708799973130226,0.024800000712275505,0.017896000016480684,0.0175199992954731,0.0016015633951392625,20,0.295199990272522,0.34115201234817505,0.29882719963788984,0.2961760014295578,0.009791915306700275,20,0.04598399996757507,0.047359999269247055,0.04670560006052256,0.04668800160288811,0.0003692465702057857,20,0.11654400080442429,0.11872000247240067,0.11756800003349781,0.11760000139474869,0.0005706417857359326,20,0.020287999883294106,0.02179200015962124,0.021006399858742954,0.021023999899625778,0.00030667878127367873,20,32,4,2048,768,151936,True,True,False,3456,1,2048,768,generic,generic,,,CUDA_EVENT,BF16,none
0.010944000445306301,0.0272000003606081,0.013580800010822713,0.014367999974638224,0.0029345919730074457,40,0.016736000776290894,0.024800000712275505,0.017571200150996447,0.017184000462293625,0.0016847902488659992,20,0.2887359857559204,0.33507201075553894,0.2934368014335632,0.2905440032482147,0.009727522887161432,20,0.044704001396894455,0.04636799916625023,0.04541919995099306,0.0453919991850853,0.00043102396235557386,20,0.10601600259542465,0.10956799983978271,0.1074448000639677,0.10713599994778633,0.0009810637706646125,20,0.020128000527620316,0.020896000787615776,0.020478400215506554,0.020527999848127365,0.0002297490839552506,20,32,4,2048,768,151936,True,True,False,3424,1,2048,768,generic,generic,,,CUDA_EVENT,BF16,none
0.010623999871313572,0.02675200067460537,0.013347200071439146,0.014160000253468752,0.002949766609118465,40,0.016543999314308167,0.024768000468611717,0.017313600052148104,0.01696000061929226,0.001725315791751183,20,0.28438401222229004,0.3306879997253418,0.2889168009161949,0.28646400570869446,0.00971745302716138,20,0.043807998299598694,0.04508800059556961,0.044367999956011775,0.044255999848246574,0.00038246380920597955,20,0.11334399878978729,0.11686400324106216,0.11464800015091896,0.11459200084209442,0.0009107855760903181,20,0.01974399946630001,0.02099199965596199,0.020556799694895746,0.020576000213623047,0.0002938778409380092,20,32,4,2048,768,151936,True,True,False,3392,1,2048,768,generic,generic,,,CUDA_EVENT,BF16,none
0.01033599954098463,0.027103999629616737,0.013398399949073792,0.01435199985280633,0.0029711891726491727,40,0.016383999958634377,0.02364799939095974,0.017038399912416936,0.016736000776290894,0.0015241701732384577,20,0.28352001309394836,0.3250240087509155,0.2866624027490616,0.28459200263023376,0.008823745882994283,20,0.04342399910092354,0.04464000090956688,0.0439360000193119,0.043935999274253845,0.0002849622692396558,20,0.10249599814414978,0.10515200346708298,0.10402560010552406,0.10408000275492668,0.0006674597527703638,20,0.019519999623298645,0.020191999152302742,0.01984319994226098,0.01982400007545948,0.00018518577550040517,20,32,4,2048,768,151936,True,True,False,3360,1,2048,768,generic,generic,,,CUDA_EVENT,BF16,none
0.010111999697983265,0.02783999964594841,0.012941600033082068,0.013616000302135944,0.0030251670298033317,40,0.01616000011563301,0.023584000766277313,0.01693280003964901,0.016575999557971954,0.001539438830245083,20,0.2685439884662628,0.3067519962787628,0.27187039852142336,0.2698879987001419,0.008053195651395098,20,0.04150399938225746,0.043136000633239746,0.04230240024626255,0.04217600077390671,0.0004130947658721801,20,0.1008640006184578,0.11113599687814713,0.10507039986550808,0.10503999888896942,0.002693070396469134,20,0.019872000440955162,0.021215999498963356,0.020569599885493516,0.020560000091791153,0.000369402561203893,20,32,4,2048,768,151936,True,True,False,3328,1,2048,768,generic,generic,,,CUDA_EVENT,BF16,none
0.01056000031530857,0.026815999299287796,0.013269599946215748,0.014239999931305647,0.0030088797090406906,40,0.016063999384641647,0.024000000208616257,0.016731199994683265,0.016335999593138695,0.0016790176487785332,20,0.26822400093078613,0.30771198868751526,0.2714351981878281,0.26955199241638184,0.008348621099451049,20,0.04169600084424019,0.042847998440265656,0.04234880022704601,0.042367998510599136,0.0003399238370428115,20,0.10172799974679947,0.10307200253009796,0.1024608001112938,0.10241599753499031,0.0003713794499651813,20,0.018751999363303185,0.01990400068461895,0.019419200252741575,0.019360000267624855,0.0003096364739875543,20,32,4,2048,768,151936,True,True,False,3296,1,2048,768,generic,generic,,,CUDA_EVENT,BF16,none
0.010304000228643417,0.02691200003027916,0.012934400024823845,0.013423999771475792,0.002933103286647276,40,0.015904000028967857,0.024447999894618988,0.01689439993351698,0.016543999314308167,0.0017540984612822682,20,0.26864001154899597,0.31228798627853394,0.2718879997730255,0.26974399387836456,0.009293418944804472,20,0.041471999138593674,0.04255999997258186,0.0420592000707984,0.04209600016474724,0.00026080982828719114,20,0.10304000228643417,0.10710400342941284,0.10448959954082966,0.10423999652266502,0.000980219014679312,20,0.01990400068461895,0.02115200087428093,0.02050400013104081,0.020495999604463577,0.000327883032551037,20,32,4,2048,768,151936,True,True,False,3264,1,2048,768,generic,generic,,,CUDA_EVENT,BF16,none
0.010208000428974628,0.027295999228954315,0.013063200004398822,0.013888000044971704,0.0031182065355289776,40,0.01648000068962574,0.02380800060927868,0.0172367999330163,0.01688000001013279,0.0015206997734986208,20,0.27539199590682983,0.31782400608062744,0.27849760204553603,0.27646400034427643,0.009039207777452058,20,0.04255999997258186,0.043776001781225204,0.043121599778532985,0.04310400038957596,0.0003256267845279277,20,0.10598400235176086,0.10787200182676315,0.10720159932971,0.10729599744081497,0.000483345547052121,20,0.018912000581622124,0.019840000197291374,0.01938079996034503,0.019392000511288643,0.00023542849673784921,20,32,4,2048,768,151936,True,True,False,3232,1,2048,768,generic,generic,,,CUDA_EVENT,BF16,none
0.009952000342309475,0.02828799933195114,0.012930399971082807,0.013712000101804733,0.003122971918363901,40,0.01583999954164028,0.024831999093294144,0.016843199729919434,0.01643200032413006,0.0018500669081626111,20,0.2670080065727234,0.3152959942817688,0.27069119811058046,0.26790399849414825,0.010300266249874018,20,0.04150399938225746,0.042847998440265656,0.04200959987938404,0.04201599955558777,0.0003649399243802058,20,0.10489600151777267,0.10950399935245514,0.10630719996988773,0.10568000003695488,0.0013337468344308328,20,0.019551999866962433,0.020640000700950623,0.020096000004559755,0.02011200040578842,0.00032555198373025935,20,32,4,2048,768,151936,True,True,False,3200,1,2048,768,generic,generic,,,CUDA_EVENT,BF16,none
0.010015999898314476,0.027424000203609467,0.012907200050540269,0.01387199992313981,0.0030696454201353408,40,0.015615999698638916,0.024191999807953835,0.016340799815952777,0.015936000272631645,0.0018087297582804992,20,0.2680000066757202,0.31059199571609497,0.27164479792118074,0.2696319967508316,0.008986405399592508,20,0.04022400081157684,0.041120000183582306,0.04075199943035841,0.0408799983561039,0.0002807074682539129,20,0.09551999717950821,0.10150399804115295,0.09698240011930466,0.09673599898815155,0.0013307186736779455,20,0.01926399953663349,0.02038400061428547,0.020043199975043537,0.020096000283956528,0.0002885817322702393,20,32,4,2048,768,151936,True,True,False,3168,1,2048,768,generic,generic,,,CUDA_EVENT,BF16,none
0.009920000098645687,0.02687999978661537,0.012649599951691926,0.013344000093638897,0.002991727842833023,40,0.01548799965530634,0.02316799946129322,0.016147200018167496,0.015776000916957855,0.0016168202448946002,20,0.2624000012874603,0.30502399802207947,0.267215995490551,0.2650559991598129,0.008820581398909937,20,0.03903999924659729,0.04124800115823746,0.04012639969587326,0.03999999910593033,0.0005215585137840387,20,0.09251199662685394,0.09743999689817429,0.09459839947521687,0.09465599805116653,0.001390936115022344,20,0.019328000023961067,0.020576000213623047,0.01991680022329092,0.01990400068461895,0.0002877155278900063,20,32,4,2048,768,151936,True,True,False,3136,1,2048,768,generic,generic,,,CUDA_EVENT,BF16,none
0.009727999567985535,0.028704000636935234,0.012791200075298548,0.013520000036805868,0.0032663442879559824,40,0.015072000212967396,0.023423999547958374,0.015851200046017765,0.015471999999135733,0.0017490355583689883,20,0.25916799902915955,0.29900801181793213,0.262883198261261,0.2608639895915985,0.00839027776479654,20,0.038495998829603195,0.04012800008058548,0.03926240000873804,0.039264000952243805,0.00036632323661673315,20,0.09219200164079666,0.0997759997844696,0.0940735999494791,0.09355199709534645,0.0017557941155525037,20,0.01852799952030182,0.020320000126957893,0.019667199905961753,0.01974399946630001,0.0003974187967939187,20,32,4,2048,768,151936,True,True,False,3104,1,2048,768,generic,generic,,,CUDA_EVENT,BF16,none
0.008991999551653862,0.026623999699950218,0.011542399949394166,0.011632000096142292,0.002848001806251235,40,0.015168000012636185,0.02287999913096428,0.015876800008118152,0.015536000020802021,0.0016154222767976586,20,0.2579840123653412,0.2961600124835968,0.26094080209732057,0.25913600623607635,0.008103381687671527,20,0.03907199949026108,0.03999999910593033,0.03947519958019256,0.03948799893260002,0.0002069882608597026,20,0.09372799843549728,0.09603200107812881,0.09527680017054081,0.0952800028026104,0.0005718432482694975,20,0.018303999677300453,0.019487999379634857,0.01911039985716343,0.01913600042462349,0.00030317358060751476,20,32,4,2048,768,151936,True,True,False,3072,1,2048,768,generic,generic,,,CUDA_EVENT,BF16,none
0.009664000011980534,0.02611199952661991,0.011981599917635321,0.0121760000474751,0.002775692251616442,40,0.01548799965530634,0.023072000592947006,0.016200000187382102,0.015887999907135963,0.0015880152123748637,20,0.2571200132369995,0.2984960079193115,0.26072960048913957,0.25886400043964386,0.008682531546894266,20,0.039135999977588654,0.040511999279260635,0.0397487998008728,0.039712000638246536,0.0003756802952720126,20,0.0963200032711029,0.09881599992513657,0.09737759940326214,0.09743999689817429,0.0005782599321444328,20,0.018464000895619392,0.01990400068461895,0.01917120022699237,0.019168000668287277,0.0002955283397802061,20,32,4,2048,768,151936,True,True,False,3040,1,2048,768,generic,generic,,,CUDA_EVENT,BF16,none
0.009568000212311745,0.026976000517606735,0.011887999996542931,0.012095999903976917,0.0029002047344110072,40,0.015231999568641186,0.022911999374628067,0.01588320001028478,0.015536000020802021,0.001617860967671571,20,0.25679999589920044,0.29580798745155334,0.26003199964761736,0.25798399746418,0.008241963735352907,20,0.037856001406908035,0.03891199827194214,0.03843039982020855,0.03846399858593941,0.0002674392971785533,20,0.09424000233411789,0.09708800166845322,0.09597919993102551,0.09598400071263313,0.0006601063002185934,20,0.01833599992096424,0.019328000023961067,0.018908799905329943,0.018912000581622124,0.00023944461357994817,20,32,4,2048,768,151936,True,True,False,3008,1,2048,768,generic,generic,,,CUDA_EVENT,BF16,none
0.009440000168979168,0.027264000847935677,0.011766400071792305,0.01193600008264184,0.002960477489207003,40,0.015168000012636185,0.02300800010561943,0.01581919998861849,0.015456000342965126,0.0016544425962735597,20,0.25203201174736023,0.29180800914764404,0.2548592001199722,0.2527199983596802,0.008501820268380448,20,0.03728000074625015,0.038784001022577286,0.038063999637961386,0.03806399926543236,0.0003157318590543026,20,0.09433600306510925,0.09673599898815155,0.09593279957771302,0.09596800059080124,0.0005748332534975511,20,0.018015999346971512,0.019392000511288643,0.018801600113511084,0.018848000094294548,0.00034841449113442503,20,32,4,2048,768,151936,True,True,False,2976,1,2048,768,generic,generic,,,CUDA_EVENT,BF16,none
0.009535999968647957,0.026240000501275063,0.011686399998143315,0.012000000104308128,0.002846527292425149,40,0.014527999795973301,0.02191999927163124,0.01538399988785386,0.015103999990969896,0.0015123469063223814,20,0.2486719936132431,0.28966400027275085,0.2533472001552582,0.2521120011806488,0.008453718806300584,20,0.03606399893760681,0.037696000188589096,0.037041600234806536,0.03699200041592121,0.0004502198169002124,20,0.09385599941015244,0.09651199728250504,0.09519999958574772,0.09558399766683578,0.0009053786830615429,20,0.01817600056529045,0.021215999498963356,0.018915199860930442,0.018831999972462654,0.0005870843731682256,20,32,4,2048,768,151936,True,True,False,2944,1,2048,768,generic,generic,,,CUDA_EVENT,BF16,none
0.008895999751985073,0.02473600022494793,0.01171519998461008,0.012048000004142523,0.002676832014652693,40,0.014368000440299511,0.021824000403285027,0.015179200004786253,0.014895999804139137,0.0015374419157014362,20,0.23792000114917755,0.27926400303840637,0.24126239940524102,0.23934400081634521,0.008749671919376258,20,0.036159999668598175,0.036959998309612274,0.03651680015027523,0.03651199862360954,0.00022474709481066664,20,0.09216000139713287,0.09532800316810608,0.09401759989559651,0.09388799965381622,0.0006644511304576285,20,0.01833599992096424,0.019168000668287277,0.01872960003092885,0.018703999929130077,0.00019935257952664434,20,32,4,2048,768,151936,True,True,False,2912,1,2048,768,generic,generic,,,CUDA_EVENT,BF16,none
0.009216000325977802,0.02659199945628643,0.012132799928076565,0.012767999898642302,0.0030729293377557967,40,0.01484800036996603,0.0225600004196167,0.015559999970719218,0.015231999568641186,0.001614014712487065,20,0.2512960135936737,0.2901119887828827,0.2538591995835304,0.25200000405311584,0.008331896109807967,20,0.03657599911093712,0.03743999823927879,0.03692799974232912,0.03694400005042553,0.0002551988207968494,20,0.09331200271844864,0.09516800194978714,0.09453280009329319,0.09459199756383896,0.0004911008180278218,20,0.017503999173641205,0.018239999189972878,0.017795199900865553,0.017791999503970146,0.00022351966127838178,20,32,4,2048,768,151936,True,True,False,2880,1,2048,768,generic,generic,,,CUDA_EVENT,BF16,none
0.009535999968647957,0.03286400064826012,0.012189599988050758,0.012575999833643436,0.0038340580843241445,40,0.01462399959564209,0.022943999618291855,0.015304000023752451,0.014911999925971031,0.0017579296066774206,20,0.23836800456047058,0.2783359885215759,0.24112319946289062,0.23921599984169006,0.008557900202332453,20,0.03574400022625923,0.036768000572919846,0.036244799941778184,0.03619199991226196,0.000294899705459492,20,0.09232000261545181,0.09398400038480759,0.09330239966511726,0.09332800284028053,0.00042574361902950227,20,0.016992000862956047,0.018015999346971512,0.017537599988281728,0.0175199992954731,0.00022433672061557419,20,32,4,2048,768,151936,True,True,False,2848,1,2048,768,generic,generic,,,CUDA_EVENT,BF16,none
0.009247999638319016,0.025887999683618546,0.011733600054867566,0.012399999890476465,0.0029479398298335336,40,0.014208000153303146,0.021536000072956085,0.014932800084352493,0.014607999939471483,0.0015307669120805392,20,0.22899200022220612,0.2678399980068207,0.2330272004008293,0.23080000281333923,0.008138240997017727,20,0.03420799970626831,0.03606399893760681,0.03507039975374937,0.03500799834728241,0.0004453033735586241,20,0.08329600095748901,0.08617600053548813,0.08455039970576764,0.08448000252246857,0.0006502856260585435,20,0.017696000635623932,0.018880000337958336,0.018339200131595134,0.018319999799132347,0.00033939615309235466,20,32,4,2048,768,151936,True,True,False,2816,1,2048,768,generic,generic,,,CUDA_EVENT,BF16,none
0.008960000239312649,0.025439999997615814,0.011763199977576733,0.012159999925643206,0.0028582718438461487,40,0.01408000010997057,0.022431999444961548,0.01485439999960363,0.014527999795973301,0.0017502448325197708,20,0.23100799322128296,0.27024000883102417,0.2347263999283314,0.23295999318361282,0.008177142322478901,20,0.033695999532938004,0.03478400036692619,0.034396799840033056,0.03441600129008293,0.00030406736906989784,20,0.08300799876451492,0.08611200004816055,0.0839999996125698,0.08395199850201607,0.0007384998975727885,20,0.01711999997496605,0.01865600049495697,0.018195199966430663,0.01825599931180477,0.0003265569096121275,20,32,4,2048,768,151936,True,True,False,2784,1,2048,768,generic,generic,,,CUDA_EVENT,BF16,none
0.008608000352978706,0.0261439997702837,0.01124320002272725,0.011392000131309032,0.002853402068974968,40,0.014015999622642994,0.021663999184966087,0.014734399924054741,0.014431999996304512,0.0016027007592445271,20,0.22553600370883942,0.2648639976978302,0.228718401491642,0.22676800191402435,0.008321472655616263,20,0.03299200162291527,0.034304000437259674,0.03386400043964386,0.033952001482248306,0.0002811406078987589,20,0.08214399963617325,0.08515200018882751,0.08379199989140033,0.08382399752736092,0.0007359654186492442,20,0.01744000054895878,0.01852799952030182,0.01788159990683198,0.01780799962580204,0.0003007996985892222,20,32,4,2048,768,151936,True,True,False,2752,1,2048,768,generic,generic,,,CUDA_EVENT,BF16,none
0.008895999751985073,0.02454400062561035,0.011160799930803478,0.01131199998781085,0.0027585364218927085,40,0.014271999709308147,0.021727999672293663,0.015004799934104085,0.014688000082969666,0.0015543536344532146,20,0.23641599714756012,0.27663999795913696,0.24059840068221092,0.2388319969177246,0.008302313564500534,20,0.03363199904561043,0.034752000123262405,0.03423679992556572,0.034304000437259674,0.0003136815783496615,20,0.08566399663686752,0.0878399983048439,0.08645919933915139,0.08630400151014328,0.0006292931024492295,20,0.016672000288963318,0.01865600049495697,0.018020799942314626,0.018015999346971512,0.0004212924420580632,20,32,4,2048,768,151936,True,True,False,2720,1,2048,768,generic,generic,,,CUDA_EVENT,BF16,none
0.008799999952316284,0.026464000344276428,0.011164000048302114,0.011360000353306532,0.0029715940524104828,40,0.013791999779641628,0.02179200015962124,0.014671999961137772,0.014352000318467617,0.0016508248203296225,20,0.2221439927816391,0.2662400007247925,0.22651839926838874,0.22299200296401978,0.00945040321741101,20,0.03251200169324875,0.03404799848794937,0.0332847997546196,0.03311999887228012,0.00047455807507139347,20,0.0828159973025322,0.08713600039482117,0.08474239967763424,0.08441600203514099,0.0012899855764805768,20,0.01724799908697605,0.01820800080895424,0.017750400025397538,0.017760000191628933,0.0002901432684395945,20,32,4,2048,768,151936,True,True,False,2688,1,2048,768,generic,generic,,,CUDA_EVENT,BF16,none
0.008415999822318554,0.026815999299287796,0.011089599994011223,0.011200000066310167,0.0030690230055464727,40,0.013728000223636627,0.020896000787615776,0.014364799950271845,0.014047999866306782,0.0015072953002281612,20,0.21939200162887573,0.2595840096473694,0.2229168012738228,0.22113599628210068,0.008448052015766348,20,0.03235200047492981,0.0331839993596077,0.03285439983010292,0.0329120010137558,0.00024685666280332817,20,0.08256000280380249,0.08489599823951721,0.08353440016508103,0.08350400254130363,0.000607281380900918,20,0.016256000846624374,0.021183999255299568,0.017635200172662735,0.01750400010496378,0.0009030519911535134,20,32,4,2048,768,151936,True,True,False,2656,1,2048,768,generic,generic,,,CUDA_EVENT,BF16,none
0.00854399986565113,0.028063999488949776,0.010992800001986325,0.011087999679148197,0.0032775091283752497,40,0.013344000093638897,0.021215999498963356,0.014180799992755056,0.013807999901473522,0.0016279250100457092,20,0.21667200326919556,0.2551040053367615,0.22026720121502877,0.21833600103855133,0.00805437143788459,20,0.03126399964094162,0.03244800120592117,0.03196000028401613,0.031968001276254654,0.00036846928536014416,20,0.08150400221347809,0.08432000130414963,0.08316160030663014,0.08316799998283386,0.0007092602214617515,20,0.016863999888300896,0.01775999926030636,0.01729760002344847,0.017295999452471733,0.0002324078749882493,20,32,4,2048,768,151936,True,True,False,2624,1,2048,768,generic,generic,,,CUDA_EVENT,BF16,none
0.00848000030964613,0.026335999369621277,0.010887199989520013,0.011151999700814486,0.0029861459245963027,40,0.013535999692976475,0.021536000072956085,0.014353599958121776,0.014015999622642994,0.0016606574493827208,20,0.21820800006389618,0.25676798820495605,0.22164160162210464,0.21992000192403793,0.008076394428927143,20,0.03136000037193298,0.03251200169324875,0.031945600360631946,0.03192000091075897,0.00033009690091582994,20,0.0791039988398552,0.0854400023818016,0.08052160032093525,0.08032000064849854,0.0013636321908655625,20,0.01635199971497059,0.018432000651955605,0.017585600074380637,0.017472000792622566,0.00046915483817378396,20,32,4,2048,768,151936,True,True,False,2592,1,2048,768,generic,generic,,,CUDA_EVENT,BF16,none
0.008736000396311283,0.027904000133275986,0.01087999998126179,0.011039999779313803,0.003215410867733732,40,0.013279999606311321,0.021376000717282295,0.014244800014421344,0.013935999944806099,0.0016510040224998184,20,0.21011200547218323,0.24502399563789368,0.21294719949364663,0.21145600080490112,0.007379280859648628,20,0.030688000842928886,0.03219199925661087,0.03134400034323335,0.0313120000064373,0.0003098385790137982,20,0.07606399804353714,0.07827199995517731,0.07714080028235912,0.07713599875569344,0.000561258262192379,20,0.016287999227643013,0.017343999817967415,0.016897600051015614,0.01696000061929226,0.00030667871810828633,20,32,4,2048,768,151936,True,True,False,2560,1,2048,768,generic,generic,,,CUDA_EVENT,BF16,none
0.00825599953532219,0.024320000782608986,0.01058400000911206,0.010608000215142965,0.0027533277027532556,40,0.013055999763309956,0.020320000126957893,0.013707199972122908,0.013311999849975109,0.0015280218236248565,20,0.20470400154590607,0.2409919947385788,0.2085903987288475,0.2072479948401451,0.007604666106374792,20,0.02921600081026554,0.030880000442266464,0.03016959996894002,0.030224000103771687,0.0004730807928467272,20,0.07196799665689468,0.07539200037717819,0.07386240027844906,0.07407999783754349,0.0009747979942793031,20,0.015231999568641186,0.016448000445961952,0.0156719998922199,0.015647999942302704,0.00029999467970116475,20,32,4,2048,768,151936,True,True,False,2528,1,2048,768,generic,generic,,,CUDA_EVENT,BF16,none
0.0081599997356534,0.027871999889612198,0.010571999941021204,0.01056000031530857,0.003329758612569778,40,0.012799999676644802,0.02054399996995926,0.013476799940690398,0.013088000006973743,0.001638583576076792,20,0.20345599949359894,0.24233600497245789,0.20698719769716262,0.20495999604463577,0.008253280445236995,20,0.028543999418616295,0.02969600073993206,0.02895519994199276,0.028880000114440918,0.0002887590188545888,20,0.07289600372314453,0.0751039981842041,0.07371839918196202,0.07369600236415863,0.0006147083464180146,20,0.015936000272631645,0.016767999157309532,0.01646240008994937,0.016575999557971954,0.0002637770338380721,20,32,4,2048,768,151936,True,True,False,2496,1,2048,768,generic,generic,,,CUDA_EVENT,BF16,none
0.008287999778985977,0.03299200162291527,0.010546400002203882,0.010415999684482813,0.003922206242768081,40,0.012640000320971012,0.02112000063061714,0.013371200067922473,0.012943999841809273,0.0017867717805296242,20,0.20214399695396423,0.24358400702476501,0.20807360038161277,0.204864002764225,0.01008993251832884,20,0.028255999088287354,0.029023999348282814,0.028567999973893164,0.028560000471770763,0.0002377226074161748,20,0.0719359964132309,0.0737600028514862,0.07275039963424206,0.0727200023829937,0.0005466744664724165,20,0.014783999882638454,0.015936000272631645,0.015256000077351927,0.015263999812304974,0.0002902798255895082,20,32,4,2048,768,151936,True,True,False,2464,1,2048,768,generic,generic,,,CUDA_EVENT,BF16,none
0.008031999692320824,0.02707199938595295,0.010284000006504358,0.010463999584317207,0.0031491616014210936,40,0.01244799979031086,0.020160000771284103,0.013092799950391055,0.01268799975514412,0.0016293714050748052,20,0.1958719938993454,0.23926399648189545,0.2003072001039982,0.19763199985027313,0.009330012943166384,20,0.027295999228954315,0.028704000636935234,0.027820799872279166,0.02777600008994341,0.00035263947946016896,20,0.07049600034952164,0.07443200051784515,0.07244479991495609,0.07231999933719635,0.0011147728846552637,20,0.01539199985563755,0.01679999940097332,0.016164799919351935,0.0161920003592968,0.00042007531352961666,20,32,4,2048,768,151936,True,True,False,2432,1,2048,768,generic,generic,,,CUDA_EVENT,BF16,none
0.008063999935984612,0.024800000712275505,0.009960800036787986,0.010079999919980764,0.0028769405984390554,40,0.012223999947309494,0.019648000597953796,0.012817600090056658,0.012480000033974648,0.0015731988411519411,20,0.1934719979763031,0.22947199642658234,0.20184799879789353,0.1972159966826439,0.010237783834321185,20,0.026399999856948853,0.027712000533938408,0.0268928000703454,0.026863999664783478,0.0002610306904045519,20,0.06857600063085556,0.07088000327348709,0.07000640071928502,0.07009599730372429,0.0006685702921407433,20,0.01408000010997057,0.015231999568641186,0.01468159994110465,0.014671999961137772,0.0002946086172758352,20,32,4,2048,768,151936,True,True,False,2400,1,2048,768,generic,generic,,,CUDA_EVENT,BF16,none
0.007903999648988247,0.025119999423623085,0.009843199886381626,0.010111999697983265,0.002943598201906086,40,0.011935999616980553,0.019487999379634857,0.012510399939492345,0.012128000147640705,0.0016034353847791981,20,0.19129599630832672,0.22563199698925018,0.201003198325634,0.19817599654197693,0.008824653530138202,20,0.025599999353289604,0.0261439997702837,0.025897599942982196,0.025887999683618546,0.00014456780666400853,20,0.06889600306749344,0.07103999704122543,0.06978240013122558,0.06964800134301186,0.0005039459640893085,20,0.014720000326633453,0.015519999898970127,0.015039999922737479,0.015023999847471714,0.00020439958303416754,20,32,4,2048,768,151936,True,True,False,2368,1,2048,768,generic,generic,,,CUDA_EVENT,BF16,none
0.007807999849319458,0.024800000712275505,0.009797600004822016,0.009984000120311975,0.0029858495081412826,40,0.01190400030463934,0.019807999953627586,0.01274720006622374,0.012128000147640705,0.001989213132365463,20,0.2008959949016571,0.22780799865722656,0.21088639944791793,0.21113599836826324,0.006810835112366692,20,0.025312000885605812,0.025919999927282333,0.025617599952965975,0.025615999475121498,0.00015854526515471896,20,0.06825599819421768,0.07011199742555618,0.06899039968848228,0.06894399970769882,0.0005144415272114066,20,0.013952000066637993,0.01484800036996603,0.014401600044220687,0.014399999752640724,0.00023041668546060616,20,32,4,2048,768,151936,True,True,False,2336,1,2048,768,generic,generic,,,CUDA_EVENT,BF16,none
0.007872000336647034,0.026784000918269157,0.009940800024196506,0.009711999911814928,0.003507487289439028,40,0.011872000060975552,0.019807999953627586,0.013182400027289987,0.0122079998254776,0.0024536190980946446,20,0.20483200252056122,0.2218559980392456,0.21158719882369043,0.21223999559879303,0.004350279634230687,20,0.025119999423623085,0.025439999997615814,0.025257599912583827,0.025280000641942024,0.00010761727598841852,20,0.06124800071120262,0.0639680027961731,0.0626240000128746,0.06249599903821945,0.0006839322786204249,20,0.014688000082969666,0.015456000342965126,0.015033600060269237,0.014992000069469213,0.00021216749946377682,20,32,4,2048,768,151936,True,True,False,2304,1,2048,768,generic,generic,,,CUDA_EVENT,BF16,none
0.00774399982765317,0.02473600022494793,0.009577599982731045,0.00955200009047985,0.0029632345601158573,40,0.011872000060975552,0.02006400004029274,0.012879999959841371,0.01206399966031313,0.002230574360370774,20,0.2022400051355362,0.2186879962682724,0.2101631999015808,0.21094399690628052,0.004083747346278952,20,0.02489599958062172,0.025599999353289604,0.025171199906617404,0.025151999667286873,0.00017567961111808532,20,0.062111999839544296,0.06374400109052658,0.06276319976896047,0.06267200037837029,0.00042068417566818014,20,0.014399999752640724,0.015168000012636185,0.014808000018820166,0.014783999882638454,0.00020057523480600752,20,32,4,2048,768,151936,True,True,False,2272,1,2048,768,generic,generic,,,CUDA_EVENT,BF16,none
0.007648000027984381,0.025887999683618546,0.009537600004114211,0.00964799989014864,0.00312712168863573,40,0.011776000261306763,0.01961600035429001,0.013004800071939826,0.011983999982476234,0.0024358161418433794,20,0.2006720006465912,0.21827200055122375,0.2104480005800724,0.2112320065498352,0.003691272351759189,20,0.024191999807953835,0.02489599958062172,0.024513599835336207,0.02449600026011467,0.00017276291688871501,20,0.061983998864889145,0.06380800157785416,0.06311199981719255,0.0631519965827465,0.0004877116115099832,20,0.014240000396966934,0.015039999969303608,0.014612799929454922,0.014607999939471483,0.00021281194274622446,20,32,4,2048,768,151936,True,True,False,2240,1,2048,768,generic,generic,,,CUDA_EVENT,BF16,none
0.007552000228315592,0.024671999737620354,0.009487999975681305,0.009567999746650457,0.0029104346837024618,40,0.011455999687314034,0.019231999292969704,0.013969599874690175,0.011872000060975552,0.003062743915738136,20,0.20361599326133728,0.2128320038318634,0.20657599940896035,0.2064480036497116,0.0018239029470200835,20,0.023871999233961105,0.024288000538945198,0.024099200032651424,0.02407999988645315,0.00011840009608876545,20,0.062111999839544296,0.06400000303983688,0.06302880104631185,0.06307200342416763,0.0005275903218256262,20,0.013952000066637993,0.014944000169634819,0.0145647999830544,0.01459199981763959,0.00022970455724250882,20,32,4,2048,768,151936,True,True,False,2208,1,2048,768,generic,generic,,,CUDA_EVENT,BF16,none
0.007424000184983015,0.02687999978661537,0.009675199992489069,0.009471999946981668,0.003416361848285748,40,0.011648000217974186,0.01894400082528591,0.016174400225281715,0.017487999983131886,0.0026167995385774525,20,0.2006080001592636,0.20761600136756897,0.20189279913902283,0.20161599665880203,0.0014616438013156216,20,0.023871999233961105,0.024383999407291412,0.02408479982987046,0.024064000695943832,0.0001435637590314366,20,0.06224000081419945,0.06400000303983688,0.06322079990059137,0.06335999816656113,0.0004570822917195047,20,0.013824000023305416,0.014944000169634819,0.014332800032570958,0.014352000318467617,0.0002579724869359559,20,32,4,2048,768,151936,True,True,False,2176,1,2048,768,generic,generic,,,CUDA_EVENT,BF16,none
0.007360000163316727,0.024927999824285507,0.0096879999502562,0.00940799992531538,0.003278007120216149,40,0.011487999930977821,0.019519999623298645,0.017187200020998716,0.018031999468803406,0.0021696117141243327,20,0.19894400238990784,0.20550400018692017,0.2008688010275364,0.20054400712251663,0.0015292595634247646,20,0.023679999634623528,0.024351999163627625,0.02390239993110299,0.023856000043451786,0.00019132536932473494,20,0.0623680017888546,0.06364800035953522,0.06304480042308569,0.06296000257134438,0.0003749970646329211,20,0.013632000423967838,0.014816000126302242,0.014198399940505623,0.014159999787807465,0.0003198558925479465,20,32,4,2048,768,151936,True,True,False,2144,1,2048,768,generic,generic,,,CUDA_EVENT,BF16,none
0.007327999919652939,0.02457600086927414,0.010211999947205185,0.009375999681651592,0.003554458202129175,40,0.01679999940097332,0.023711999878287315,0.01802240014076233,0.01764800027012825,0.0014855239027080933,20,0.19670400023460388,0.20768000185489655,0.19883359894156455,0.19809599965810776,0.002501625132034788,20,0.022784000262618065,0.02377600036561489,0.023175999987870455,0.02316799946129322,0.0002585623691170604,20,0.06217600032687187,0.06390400230884552,0.06298240032047034,0.06300800293684006,0.0004777116568124578,20,0.013472000136971474,0.014399999752640724,0.013987200101837516,0.01398400031030178,0.00024908659503061254,20,32,4,2048,768,151936,True,True,False,2112,1,2048,768,generic,generic,,,CUDA_EVENT,BF16,none
0.007648000027984381,0.025119999423623085,0.012153599958401174,0.010096000041812658,0.0038222737506978318,40,0.017152000218629837,0.02131200022995472,0.017892799992114305,0.01756799966096878,0.0009188667436111741,20,0.18742400407791138,0.19244800508022308,0.18934400007128716,0.18915199488401413,0.0011730516094038553,20,0.022752000018954277,0.023840000852942467,0.023014399968087674,0.02295999974012375,0.00024571350669040366,20,0.06191999837756157,0.06454399973154068,0.0630495997145772,0.06304000318050385,0.0005406104640577253,20,0.013439999893307686,0.014816000126302242,0.013937600003555418,0.013903999701142311,0.00034263544333694153,20,32,4,2048,768,151936,True,True,False,2080,1,2048,768,generic,generic,,,CUDA_EVENT,BF16,none
0.00979200005531311,0.025151999667286873,0.014832000038586557,0.016512000001966953,0.004193795061465403,40,0.016767999157309532,0.018624000251293182,0.017651200108230115,0.01759999990463257,0.0003766497596573304,20,0.18876799941062927,0.19676800072193146,0.19067520052194595,0.19011200219392776,0.0018347018537806402,20,0.02252800017595291,0.023072000592947006,0.022779200039803982,0.02276800014078617,0.00015052755777989228,20,0.054816000163555145,0.05657599866390228,0.0557472001761198,0.05580800026655197,0.00047451808507658315,20,0.01360000018030405,0.014560000039637089,0.014003200037404896,0.013999999966472387,0.0002339285363017624,20,32,4,2048,768,151936,True,True,False,2048,1,2048,768,generic,generic,,,CUDA_EVENT,BF16,none
0.0098879998549819,0.024671999737620354,0.01541840003337711,0.017103999853134155,0.004048429330580545,40,0.01711999997496605,0.018848000094294548,0.017735999915748833,0.017551999539136887,0.0005123875718305517,20,0.1855040043592453,0.19065600633621216,0.18707839995622635,0.18691200017929077,0.0011461462646973823,20,0.022463999688625336,0.023072000592947006,0.022702400106936693,0.022703999653458595,0.00016363084329121591,20,0.054496001452207565,0.05571199953556061,0.05518559981137514,0.055215999484062195,0.0003423360433877248,20,0.013504000380635262,0.014527999795973301,0.013955200091004372,0.013935999944806099,0.0002076057030482314,20,32,4,2048,768,151936,True,True,False,2032,1,2048,768,generic,generic,,,CUDA_EVENT,BF16,none
0.009824000298976898,0.025439999997615814,0.016014400171115994,0.017343999817967415,0.004259937704603692,40,0.017152000218629837,0.018559999763965607,0.017691200040280818,0.01759999990463257,0.0003851017683821283,20,0.18467199802398682,0.191103994846344,0.18661439940333366,0.1865760013461113,0.0013671925195462488,20,0.02236800082027912,0.02287999913096428,0.022646400053054093,0.022640000097453594,0.00014350117849300183,20,0.05488000065088272,0.05657599866390228,0.0553616002202034,0.05527999997138977,0.0004314037550273944,20,0.013567999936640263,0.014303999952971935,0.013838399993255734,0.013855999801307917,0.00019371894950320922,20,32,4,2048,768,151936,True,True,False,2016,1,2048,768,generic,generic,,,CUDA_EVENT,BF16,none
0.009664000011980534,0.02489599958062172,0.01576640009880066,0.017152000218629837,0.003940168142564589,40,0.01692800037562847,0.019519999623298645,0.01765919988974929,0.017632000148296356,0.0005649857778547131,20,0.1842239946126938,0.18998399376869202,0.1856752008199692,0.18528000265359879,0.0012356419235295699,20,0.022272000089287758,0.022784000262618065,0.022534400038421155,0.02252800017595291,0.00011608548139855762,20,0.05452800169587135,0.05580800026655197,0.05519200004637241,0.05523199960589409,0.00034832638650280723,20,0.013344000093638897,0.01408000010997057,0.0138047999702394,0.013775999657809734,0.0001844932691367309,20,32,4,2048,768,151936,True,True,False,2000,1,2048,768,generic,generic,,,CUDA_EVENT,BF16,none
0.009727999567985535,0.025728000327944756,0.015810399944894016,0.01711999997496605,0.0039584555876326566,40,0.016736000776290894,0.01849599927663803,0.017499199882149697,0.01750400010496378,0.00040920910145638545,20,0.1855040043592453,0.19164800643920898,0.18730720058083533,0.18695999681949615,0.0013423349074786737,20,0.022048000246286392,0.022911999374628067,0.02235839990898967,0.022304000332951546,0.00020063257202819444,20,0.054655998945236206,0.056543998420238495,0.055388799868524075,0.055376000702381134,0.00040916231520988605,20,0.013248000293970108,0.01414399966597557,0.0136911999899894,0.013712000101804733,0.0002094166301539028,20,32,4,2048,768,151936,True,True,False,1984,1,2048,768,generic,generic,,,CUDA_EVENT,BF16,none
0.009600000455975533,0.02579200081527233,0.016023200005292892,0.017392000183463097,0.004122054586123531,40,0.01696000061929226,0.023264000192284584,0.01790560018271208,0.017472000792622566,0.0014703111130037019,20,0.18211199343204498,0.19222399592399597,0.18470879793167114,0.18431999534368515,0.0021119581092124027,20,0.021536000072956085,0.02223999984562397,0.021721599996089934,0.021695999428629875,0.00016429418432199703,20,0.05382400006055832,0.0560000017285347,0.05513600017875433,0.05511999875307083,0.00047247447895476595,20,0.013151999562978745,0.013952000066637993,0.013536000018939376,0.013504000380635262,0.00022445672676603556,20,32,4,2048,768,151936,True,True,False,1968,1,2048,768,generic,generic,,,CUDA_EVENT,BF16,none
0.00979200005531311,0.026048000901937485,0.016830399981699884,0.01756799966096878,0.0035489569170220046,40,0.016672000288963318,0.02195199951529503,0.017912000045180322,0.017695999704301357,0.001129870722427967,20,0.18188799917697906,0.19075199961662292,0.1846111997961998,0.18419199436903,0.0020607073428023062,20,0.02143999934196472,0.022112000733613968,0.021715200133621694,0.021663999184966087,0.00016975112248654114,20,0.054496001452207565,0.05612799897789955,0.055211199633777144,0.055135998874902725,0.0004264860857852132,20,0.013055999763309956,0.01408000010997057,0.01357120000757277,0.013504000380635262,0.00028709194876598305,20,32,4,2048,768,151936,True,True,False,1952,1,2048,768,generic,generic,,,CUDA_EVENT,BF16,none
0.009568000212311745,0.026559999212622643,0.017832800024189056,0.017791999503970146,0.0033491022128123156,40,0.016863999888300896,0.019200000911951065,0.017584000062197448,0.017535999417304993,0.0004974432821441388,20,0.18188799917697906,0.18928000330924988,0.18371840044856072,0.18316800147294998,0.0015206438893999347,20,0.021376000717282295,0.022304000332951546,0.021673599909991025,0.021663999184966087,0.00019960924362140122,20,0.054336000233888626,0.05619199946522713,0.055259199999272826,0.05515199899673462,0.0004276847390667049,20,0.013183999806642532,0.013632000423967838,0.01338880006223917,0.013376000337302685,0.0001164379158742129,20,32,4,2048,768,151936,True,True,False,1936,1,2048,768,generic,generic,,,CUDA_EVENT,BF16,none
0.009344000369310379,0.026528000831604004,0.015498400013893843,0.017152000218629837,0.004115835718816884,40,0.01664000004529953,0.019967999309301376,0.01753439987078309,0.017520000226795673,0.0006916348132509903,20,0.18275199830532074,0.19363200664520264,0.18520960211753845,0.1842079982161522,0.003048705686503629,20,0.02143999934196472,0.021888000890612602,0.02160960016772151,0.02160000056028366,0.00010174803953883401,20,0.054687999188899994,0.05708799883723259,0.056030400283634665,0.05593600124120712,0.0005303197282457533,20,0.013088000006973743,0.014336000196635723,0.013471999997273087,0.013423999771475792,0.0002955455938524576,20,32,4,2048,768,151936,True,True,False,1920,1,2048,768,generic,generic,,,CUDA_EVENT,BF16,none
0.01244799979031086,0.025631999596953392,0.01833439995534718,0.017616000026464462,0.0028189253166536667,40,0.01692800037562847,0.020031999796628952,0.01779360007494688,0.0175199992954731,0.0008413914975585919,20,0.1796479970216751,0.1871040016412735,0.1819871984422207,0.18166399747133255,0.001950344790962711,20,0.021407999098300934,0.022272000089287758,0.02168480008840561,0.021616000682115555,0.00022451928625835495,20,0.05196800082921982,0.05395200103521347,0.053006400167942044,0.05297600105404854,0.0004909132176030387,20,0.013183999806642532,0.01398400031030178,0.01356000006198883,0.013504000380635262,0.0002309494648157555,20,32,4,2048,768,151936,True,True,False,1904,1,2048,768,generic,generic,,,CUDA_EVENT,BF16,none
0.009824000298976898,0.02537599951028824,0.01745439993683249,0.01732799969613552,0.003055002515990974,40,0.016736000776290894,0.018880000337958336,0.01750240009278059,0.01740800030529499,0.0005660903438296449,20,0.17951999604701996,0.1860159933567047,0.18099519833922387,0.1807039976119995,0.0013806759268323529,20,0.021344000473618507,0.021824000403285027,0.021572800073772668,0.021568000316619873,0.00011235382534629902,20,0.05212799832224846,0.05382400006055832,0.05284799952059984,0.05275199934840202,0.0004697032444821013,20,0.013183999806642532,0.014336000196635723,0.013476799940690398,0.013407999649643898,0.0002706366436110417,20,32,4,2048,768,151936,True,True,False,1888,1,2048,768,generic,generic,,,CUDA_EVENT,BF16,none
0.014592000283300877,0.025760000571608543,0.01923679995816201,0.017791999503970146,0.0026405193013182963,40,0.016383999958634377,0.01961600035429001,0.017590400110930205,0.017632000148296356,0.0006860325069431689,20,0.17318400740623474,0.18425600230693817,0.17588480040431023,0.17550399899482727,0.0021848146419711366,20,0.02127999998629093,0.022112000733613968,0.021595200058072805,0.02155200019478798,0.00021827551765891812,20,0.05212799832224846,0.05331199988722801,0.05286720003932714,0.05291200056672096,0.0003554595075310179,20,0.013120000250637531,0.014592000283300877,0.013519999990239739,0.013408000115305185,0.00034694560873853737,20,32,4,2048,768,151936,True,True,False,1872,1,2048,768,generic,generic,,,CUDA_EVENT,BF16,none
0.009312000125646591,0.02534399926662445,0.01599840000271797,0.016944000497460365,0.003839146144577175,40,0.016383999958634377,0.018464000895619392,0.017320000007748602,0.01724799908697605,0.0004909549686264861,20,0.18041600286960602,0.18928000330924988,0.18232959881424904,0.18191999942064285,0.0017834263326177312,20,0.02115200087428093,0.02175999991595745,0.021396799944341183,0.021376000717282295,0.0001600879382086207,20,0.055135998874902725,0.05648000165820122,0.055764800123870376,0.05571199953556061,0.0003623604122788888,20,0.01283199992030859,0.013567999936640263,0.013203199999406934,0.013199999928474426,0.00020649301880748132,20,32,4,2048,768,151936,True,True,False,1856,1,2048,768,generic,generic,,,CUDA_EVENT,BF16,none
0.01648000068962574,0.0244159996509552,0.019717599963769317,0.019456000067293644,0.0025475787296201295,40,0.016416000202298164,0.047807998955249786,0.01897599995136261,0.017536000348627567,0.006642771239191546,20,0.17312000691890717,0.18220800161361694,0.17546400055289268,0.17443199455738068,0.0025944054801211197,20,0.02051199972629547,0.021056000143289566,0.02073439974337816,0.02070399932563305,0.00012778991662739894,20,0.05209600180387497,0.05417599901556969,0.05307360012084246,0.05291200056672096,0.000539318399806474,20,0.012992000207304955,0.014240000396966934,0.013289600005373358,0.013248000293970108,0.0002550182293384863,20,32,4,2048,768,151936,True,True,False,1840,1,2048,768,generic,generic,,,CUDA_EVENT,BF16,none
0.015552000142633915,0.026944000273942947,0.019435200025327504,0.017680000513792038,0.002812502821875823,40,0.016863999888300896,0.019200000911951065,0.017484799865633248,0.017343999817967415,0.0005155279641593825,20,0.1769919991493225,0.18409599363803864,0.17904959842562676,0.17921600490808487,0.0016069632481663964,20,0.02038400061428547,0.02112000063061714,0.020649600122123957,0.02062400057911873,0.0001726518618442401,20,0.052000001072883606,0.05353600159287453,0.05286720003932714,0.0528159998357296,0.0004469589141880595,20,0.012927999719977379,0.01398400031030178,0.013419200060889125,0.01336000021547079,0.00027810109471942333,20,32,4,2048,768,151936,True,True,False,1824,1,2048,768,generic,generic,,,CUDA_EVENT,BF16,none
0.016863999888300896,0.025696000084280968,0.020004799915477635,0.01982400007545948,0.0025402594272569455,40,0.016672000288963318,0.018592000007629395,0.017470399849116802,0.017424000427126884,0.0006022017824057786,20,0.17161600291728973,0.17776000499725342,0.17302560061216354,0.17268799990415573,0.001415959203843337,20,0.02035200037062168,0.020640000700950623,0.020518400054425002,0.02051199972629547,8.196015616268824e-05,20,0.05110400170087814,0.0530879981815815,0.052432000264525415,0.05252800136804581,0.0004816502403162533,20,0.012768000364303589,0.013919999822974205,0.013308800058439374,0.013183999806642532,0.0003242753550278888,20,32,4,2048,768,151936,True,True,False,1808,1,2048,768,generic,generic,,,CUDA_EVENT,BF16,none
0.016448000445961952,0.02582399919629097,0.0199904000852257,0.019663999788463116,0.0029006830316326716,40,0.01651199907064438,0.019680000841617584,0.017545599956065416,0.017535999417304993,0.0007530615861880098,20,0.17580799758434296,0.1873600035905838,0.17857760116457938,0.1780959963798523,0.0027012712215182116,20,0.020320000126957893,0.02112000063061714,0.020500800386071206,0.020432000048458576,0.00017270371148894783,20,0.05382400006055832,0.05491200089454651,0.05429920013993979,0.05419199913740158,0.0003824335023738211,20,0.012095999903976917,0.013919999822974205,0.012612800020724535,0.012543999589979649,0.0003590957708135931,20,32,4,2048,768,151936,True,True,False,1792,1,2048,768,generic,generic,,,CUDA_EVENT,BF16,none
0.016448000445961952,0.025087999179959297,0.019807200087234376,0.020848000422120094,0.0026024921722210812,40,0.016736000776290894,0.018783999606966972,0.017372799944132565,0.017248000018298626,0.0005367897331197515,20,0.16860799491405487,0.17708800733089447,0.17152320072054864,0.1714719980955124,0.0017329103486928201,20,0.020191999152302742,0.020896000787615776,0.020473599992692472,0.02044800017029047,0.00019295770968370276,20,0.047488000243902206,0.04899200052022934,0.04820479992777109,0.0481759998947382,0.00040532775280624906,20,0.012512000277638435,0.013376000337302685,0.012840000027790666,0.012784000020474195,0.00022782454604510787,20,32,4,2048,768,151936,True,True,False,1776,1,2048,768,generic,generic,,,CUDA_EVENT,BF16,none
0.01651199907064438,0.02505600079894066,0.019971200032159686,0.02092800009995699,0.0025843225245679126,40,0.016767999157309532,0.019360000267624855,0.017428799904882906,0.017392000183463097,0.0006050687938348476,20,0.17312000691890717,0.18367999792099,0.17591359987854957,0.17551999539136887,0.0020353378264356303,20,0.020160000771284103,0.021023999899625778,0.020436800085008144,0.020368000492453575,0.0001965526326290661,20,0.047648001462221146,0.048895999789237976,0.04810720011591911,0.04808000102639198,0.0003091396360066003,20,0.012384000234305859,0.013055999763309956,0.01274080011062324,0.012671999633312225,0.00017767206969259116,20,32,4,2048,768,151936,True,True,False,1760,1,2048,768,generic,generic,,,CUDA_EVENT,BF16,none
0.01648000068962574,0.02521600015461445,0.019687999924644827,0.020944000221788883,0.002642139802462577,40,0.016224000602960587,0.020735999569296837,0.017390399985015393,0.017248000018298626,0.0009369210516066703,20,0.16713599860668182,0.18006399273872375,0.1702991984784603,0.17000000178813934,0.002686727527173217,20,0.020096000283956528,0.020927999168634415,0.02040320001542568,0.02038400061428547,0.0002194741162641296,20,0.04694399982690811,0.048767998814582825,0.04782239980995655,0.047839999198913574,0.0004541827807290474,20,0.01228800043463707,0.013183999806642532,0.012628799909725786,0.012639999855309725,0.00020670982256877396,20,32,4,2048,768,151936,True,True,False,1744,1,2048,768,generic,generic,,,CUDA_EVENT,BF16,none
0.016095999628305435,0.02816000021994114,0.0200959999114275,0.021023999899625778,0.0031433953553427012,40,0.016287999227643013,0.019168000668287277,0.017335999757051468,0.01735999993979931,0.0006930698279838344,20,0.16755199432373047,0.1754560023546219,0.16951680034399033,0.16915200650691986,0.0018156844510938581,20,0.019936000928282738,0.020864000543951988,0.020206400007009507,0.020175999961793423,0.00020675941488926082,20,0.05299200117588043,0.05471999943256378,0.053628800064325334,0.05355200171470642,0.00039255770703404413,20,0.011935999616980553,0.012575999833643436,0.012204799940809608,0.0122079998254776,0.00016701425389690252,20,32,4,2048,768,151936,True,True,False,1728,1,2048,768,generic,generic,,,CUDA_EVENT,BF16,none
0.016256000846624374,0.02470399998128414,0.01960800001397729,0.019183999858796597,0.0026698218596389626,40,0.016287999227643013,0.019039999693632126,0.017404799815267324,0.017392000183463097,0.0007034106144534396,20,0.16592000424861908,0.1725119948387146,0.16786400228738785,0.1676959991455078,0.0015613512123345127,20,0.019231999292969704,0.02006400004029274,0.019473599921911954,0.01943999994546175,0.0001836797431783944,20,0.04608000069856644,0.04761600121855736,0.046803200244903566,0.04676799848675728,0.0003717236036240559,20,0.012191999703645706,0.013311999849975109,0.01263840002939105,0.012559999711811543,0.0003215124069868448,20,32,4,2048,768,151936,True,True,False,1712,1,2048,768,generic,generic,,,CUDA_EVENT,BF16,none
0.01651199907064438,0.024927999824285507,0.019837599992752076,0.019935999996960163,0.0025968783599493446,40,0.016127999871969223,0.01852799952030182,0.017329599987715483,0.017311999574303627,0.0005663615485495454,20,0.16732800006866455,0.17283199727535248,0.16869119927287102,0.1685439944267273,0.0011383369578798412,20,0.019200000911951065,0.020128000527620316,0.019475200120359658,0.019408000633120537,0.0002286154161477669,20,0.047200001776218414,0.04867200180888176,0.047827199846506116,0.047775998711586,0.0004015205862900712,20,0.012095999903976917,0.012896000407636166,0.01243039988912642,0.012415999546647072,0.0002077475340217974,20,32,4,2048,768,151936,True,True,False,1696,1,2048,768,generic,generic,,,CUDA_EVENT,BF16,none
0.01616000011563301,0.02956799976527691,0.019778400054201485,0.01953599974513054,0.0031935885436124947,40,0.01635199971497059,0.018559999763965607,0.01728480001911521,0.01720000058412552,0.0005114272391810223,20,0.16547200083732605,0.17097599804401398,0.16698239967226983,0.166703999042511,0.0011345152994292355,20,0.019231999292969704,0.020096000283956528,0.019519999995827673,0.019471999257802963,0.00023318330387673715,20,0.04608000069856644,0.04771199822425842,0.047151999361813066,0.04726399853825569,0.0003390336111487431,20,0.012160000391304493,0.013344000093638897,0.012598400004208088,0.012511999811977148,0.0003524506661957291,20,32,4,2048,768,151936,True,True,False,1680,1,2048,768,generic,generic,,,CUDA_EVENT,BF16,none
0.016607999801635742,0.02502400055527687,0.019939200021326542,0.02113599982112646,0.0025743379218198196,40,0.0161920003592968,0.024000000208616257,0.017606399860233067,0.01727999933063984,0.001615020738365324,20,0.16035200655460358,0.16729600727558136,0.16156160235404968,0.1610880047082901,0.0015374207444755175,20,0.019071999937295914,0.01958400011062622,0.01932800021022558,0.01934400014579296,0.00012638991580016755,20,0.04886399954557419,0.057792000472545624,0.054412799701094625,0.05447999946773052,0.001986383202095281,20,0.01228800043463707,0.013407999649643898,0.01280800006352365,0.012768000364303589,0.0002553742439668636,20,32,4,2048,768,151936,True,True,False,1664,1,2048,768,generic,generic,,,CUDA_EVENT,BF16,none
0.016287999227643013,0.02627200074493885,0.019684000033885242,0.019519999623298645,0.002805062470937157,40,0.01648000068962574,0.019519999623298645,0.017559999786317348,0.01759999990463257,0.000738838007520037,20,0.1592320054769516,0.1653759926557541,0.16087999939918518,0.16060799360275269,0.0013362225389675,20,0.019168000668287277,0.019936000928282738,0.01940480014309287,0.019392000511288643,0.0001831005993689256,20,0.044256001710891724,0.04601600021123886,0.04474399983882904,0.0445920005440712,0.0004106580802344665,20,0.011776000261306763,0.012608000077307224,0.012161599937826395,0.012128000147640705,0.00021596445416973876,20,32,4,2048,768,151936,True,True,False,1648,1,2048,768,generic,generic,,,CUDA_EVENT,BF16,none
0.016416000202298164,0.057440001517534256,0.020401600003242492,0.01919999998062849,0.006457573063574808,40,0.016672000288963318,0.0197759997099638,0.01753759989514947,0.017392000183463097,0.0006964301731961722,20,0.15807999670505524,0.16793599724769592,0.1600480020046234,0.15937600284814835,0.002199647470866534,20,0.0191040001809597,0.019680000841617584,0.01929280012845993,0.01929599978029728,0.0001247180445980077,20,0.047040000557899475,0.048928000032901764,0.047880000062286855,0.047839999198913574,0.0004541150192219012,20,0.011935999616980553,0.01283199992030859,0.012271999940276146,0.0122079998254776,0.0002459008111072185,20,32,4,2048,768,151936,True,True,False,1632,1,2048,768,generic,generic,,,CUDA_EVENT,BF16,none
0.016383999958634377,0.024607999250292778,0.019444799842312933,0.019231999292969704,0.0026047937147826235,40,0.016127999871969223,0.018144000321626663,0.017196800000965594,0.01726400014013052,0.0005281843129272796,20,0.15785600244998932,0.1685439944267273,0.15990879982709885,0.15912000089883804,0.002397229479190516,20,0.01897599920630455,0.01961600035429001,0.019252799823880194,0.019231999292969704,0.00015848072301261114,20,0.04399999976158142,0.04566400125622749,0.044700799696147445,0.04465600103139877,0.0004460416102805145,20,0.011711999773979187,0.01244799979031086,0.012113599991425871,0.012160000391304493,0.0002012378104509238,20,32,4,2048,768,151936,True,True,False,1616,1,2048,768,generic,generic,,,CUDA_EVENT,BF16,none
0.016287999227643013,0.025760000571608543,0.01963119991123676,0.01937600038945675,0.0026693255319211445,40,0.01616000011563301,0.019360000267624855,0.01739840004593134,0.017216000705957413,0.00081741693528034,20,0.1570879966020584,0.16361600160598755,0.15891999900341033,0.1586880013346672,0.0014629948492090768,20,0.019007999449968338,0.019840000197291374,0.019251199997961523,0.019231999292969704,0.00018421555999995485,20,0.05158400163054466,0.05644800141453743,0.0534960001707077,0.053839998319745064,0.0014388572138920239,20,0.012223999947309494,0.013439999893307686,0.01264959997497499,0.012559999711811543,0.00028908239356945255,20,32,4,2048,768,151936,True,True,False,1600,1,2048,768,generic,generic,,,CUDA_EVENT,BF16,none
0.01635199971497059,0.024480000138282776,0.019638400012627243,0.019407999701797962,0.0027313383049586645,40,0.01603199914097786,0.019711999222636223,0.0176143997348845,0.01756799966096878,0.0008458220216994879,20,0.15663999319076538,0.16278399527072906,0.15817439928650856,0.15799999982118607,0.0012123936697420307,20,0.01817600056529045,0.019007999449968338,0.01852800017222762,0.018464000895619392,0.00022239412885933374,20,0.04419200122356415,0.04556800052523613,0.044734399579465386,0.04476799815893173,0.0003523599693755011,20,0.011648000217974186,0.012640000320971012,0.012020800029858947,0.011968000326305628,0.0002677837693393412,20,32,4,2048,768,151936,True,True,False,1584,1,2048,768,generic,generic,,,CUDA_EVENT,BF16,none
0.01664000004529953,0.025728000327944756,0.019689600029960275,0.019407999701797962,0.002730475850838589,40,0.016095999628305435,0.01897599920630455,0.01741439988836646,0.01735999993979931,0.0007796184993610681,20,0.15513600409030914,0.16313600540161133,0.1577247992157936,0.15747199952602386,0.0016958472002982926,20,0.01817600056529045,0.018719999119639397,0.01835679989308119,0.018303999677300453,0.0001442752197670795,20,0.04694399982690811,0.048128001391887665,0.04750079996883869,0.04745600000023842,0.00032054378124868403,20,0.011359999887645245,0.012256000190973282,0.011793600022792816,0.011776000261306763,0.00028843964135498847,20,32,4,2048,768,151936,True,True,False,1568,1,2048,768,generic,generic,,,CUDA_EVENT,BF16,none
0.016383999958634377,0.02473600022494793,0.01961759994737804,0.020911999978125095,0.0026427423051425827,40,0.016383999958634377,0.019711999222636223,0.017315199971199034,0.01720000058412552,0.0006806227657473998,20,0.15590399503707886,0.1621759980916977,0.1573200009763241,0.1566080003976822,0.0015924577918675705,20,0.018079999834299088,0.0191040001809597,0.018451200053095817,0.01836800016462803,0.0002627901043500251,20,0.04390399903059006,0.045343998819589615,0.04444959983229637,0.044319998472929,0.0004107327710304295,20,0.011552000418305397,0.01235199999064207,0.011952000111341477,0.01193600008264184,0.00024631680275332275,20,32,4,2048,768,151936,True,True,False,1552,1,2048,768,generic,generic,,,CUDA_EVENT,BF16,none
0.016256000846624374,0.0261439997702837,0.01968720005825162,0.019296000711619854,0.002604920708262258,40,0.01616000011563301,0.01945599913597107,0.017260799929499627,0.017295999452471733,0.0007358884418739187,20,0.15423999726772308,0.1642879992723465,0.15671840086579322,0.15622400492429733,0.002208335882927277,20,0.0180479995906353,0.018624000251293182,0.01832159999758005,0.01828799955546856,0.00015626835899071456,20,0.04169600084424019,0.043007999658584595,0.04230239987373352,0.04225599952042103,0.0003523596826517503,20,0.011296000331640244,0.012160000391304493,0.011729600140824914,0.011728000361472368,0.0002552939699156381,20,32,4,2048,768,151936,True,True,False,1536,1,2048,768,generic,generic,,,CUDA_EVENT,BF16,none
0.016127999871969223,0.025151999667286873,0.019592800037935378,0.019343999214470387,0.0025748965446053414,40,0.0163199994713068,0.01961600035429001,0.017350399866700172,0.01724799908697605,0.0007246145932903339,20,0.1533759981393814,0.16067199409008026,0.15568479970097543,0.15556800365447998,0.0013572011896284815,20,0.018079999834299088,0.018848000094294548,0.018316800147294997,0.018303999677300453,0.00017392217330297434,20,0.04179200157523155,0.04297599941492081,0.042227200046181676,0.04214400053024292,0.0003654734585736989,20,0.011392000131309032,0.012191999703645706,0.011665600072592496,0.011632000096142292,0.00021310043724285266,20,32,4,2048,768,151936,True,True,False,1520,1,2048,768,generic,generic,,,CUDA_EVENT,BF16,none
0.016416000202298164,0.02521600015461445,0.019662399869412185,0.02094399929046631,0.002527675511584868,40,0.016543999314308167,0.024064000695943832,0.018012799974530935,0.01740800030529499,0.0017880787158612746,20,0.15356799960136414,0.16368000209331512,0.15591999962925912,0.15494399517774582,0.002651515762356639,20,0.0180479995906353,0.01852799952030182,0.018222400080412628,0.01820800080895424,0.00011289915780879422,20,0.04169600084424019,0.043007999658584595,0.04228960033506155,0.04227200150489807,0.0004121018768297832,20,0.011231999844312668,0.012000000104308128,0.011612799996510149,0.011584000196307898,0.00020160004274848115,20,32,4,2048,768,151936,True,True,False,1504,1,2048,768,generic,generic,,,CUDA_EVENT,BF16,none
0.016287999227643013,0.03049599938094616,0.01995520000346005,0.019791999831795692,0.0030764367447933785,40,0.015776000916957855,0.018848000094294548,0.017404799815267324,0.01740800030529499,0.0006536853785612366,20,0.15296000242233276,0.15855999290943146,0.15456959903240203,0.15441600233316422,0.0010655608879552184,20,0.017952000722289085,0.018592000007629395,0.01814880007877946,0.018144000321626663,0.00014068174771698797,20,0.041280001401901245,0.04303999990224838,0.04218240007758141,0.04209600016474724,0.0004854727376879256,20,0.011231999844312668,0.012319999746978283,0.01164640006609261,0.011615999974310398,0.0002682040704385516,20,32,4,2048,768,151936,True,True,False,1488,1,2048,768,generic,generic,,,CUDA_EVENT,BF16,none
0.016224000602960587,0.029311999678611755,0.019739999994635583,0.02116800006479025,0.0030439316946752133,40,0.01568000018596649,0.018624000251293182,0.017212799936532974,0.01735999993979931,0.0007796384697014028,20,0.1520320028066635,0.15727999806404114,0.15329280123114586,0.15305600315332413,0.0012055719948881028,20,0.017791999503970146,0.01865600049495697,0.018073600064963103,0.018079999834299088,0.00019375206049734766,20,0.041280001401901245,0.042367998510599136,0.04170240014791489,0.04164800047874451,0.00032924252969663507,20,0.011136000044643879,0.012256000190973282,0.011507200030609965,0.011471999809145927,0.00029248059187690786,20,32,4,2048,768,151936,True,True,False,1472,1,2048,768,generic,generic,,,CUDA_EVENT,BF16,none
0.01616000011563301,0.024607999250292778,0.019680799869820475,0.019632000476121902,0.0025979042593036582,40,0.015807999297976494,0.01894400082528591,0.017305599991232157,0.017343999817967415,0.0006824036441234442,20,0.14601600170135498,0.15433600544929504,0.14763679951429368,0.1472639963030815,0.0016587084692402062,20,0.017632000148296356,0.018112000077962875,0.017899199854582548,0.017904000356793404,0.0001332040270373387,20,0.04121600091457367,0.04233599826693535,0.041663999669253826,0.04153599962592125,0.0003107464357598959,20,0.010975999757647514,0.012160000391304493,0.01142240003682673,0.011391999665647745,0.0002866591919368158,20,32,4,2048,768,151936,True,True,False,1456,1,2048,768,generic,generic,,,CUDA_EVENT,BF16,none
0.015968000516295433,0.029152000322937965,0.01958639994263649,0.01934400014579296,0.0029320836556134787,40,0.01651199907064438,0.018239999189972878,0.017182399984449148,0.017023999243974686,0.00045665633419214667,20,0.14790399372577667,0.15279999375343323,0.14923999905586244,0.14900799840688705,0.0010425255908150213,20,0.017055999487638474,0.01744000054895878,0.017203199863433837,0.01716800034046173,0.00011331802834937116,20,0.04095999896526337,0.04265600070357323,0.0415455998852849,0.04148799926042557,0.0003700257387283089,20,0.011008000001311302,0.011935999616980553,0.01136160003952682,0.01134399976581335,0.0002229633346267448,20,32,4,2048,768,151936,True,True,False,1440,1,2048,768,generic,generic,,,CUDA_EVENT,BF16,none
0.016224000602960587,0.02751999907195568,0.019729599962010978,0.019744000397622585,0.002907996581946136,40,0.016704000532627106,0.02396799996495247,0.01795840011909604,0.01756799966096878,0.0016454536211793736,20,0.14502400159835815,0.15136000514030457,0.14665280058979988,0.14633599668741226,0.001462680720567465,20,0.01696000061929226,0.017343999817967415,0.017150399927049875,0.01711999997496605,8.906976385788001e-05,20,0.04105599969625473,0.042527999728918076,0.041488000005483625,0.041359998285770416,0.00036309777354602644,20,0.010944000445306301,0.012095999903976917,0.011361599946394563,0.011359999887645245,0.000278873082884162,20,32,4,2048,768,151936,True,True,False,1424,1,2048,768,generic,generic,,,CUDA_EVENT,BF16,none
0.016224000602960587,0.024064000695943832,0.01933360015973449,0.01937600038945675,0.0024455087169312543,40,0.01664000004529953,0.01942400075495243,0.017548799980431795,0.01744000054895878,0.0006247300117617374,20,0.14476799964904785,0.15094399452209473,0.1462591990828514,0.14601599425077438,0.0013829179108871405,20,0.01696000061929226,0.017376000061631203,0.017139199748635293,0.01711999997496605,0.0001257398785630547,20,0.038047999143600464,0.03936000168323517,0.038436800427734855,0.03828800097107887,0.0003388491216750141,20,0.010623999871313572,0.011359999887645245,0.011075199861079455,0.011071999557316303,0.00021559072273746958,20,32,4,2048,768,151936,True,True,False,1408,1,2048,768,generic,generic,,,CUDA_EVENT,BF16,none
0.01648000068962574,0.02409599907696247,0.01983999996446073,0.01958400011062622,0.002584334233903022,40,0.016416000202298164,0.018719999119639397,0.017539200000464918,0.017583999782800674,0.0005825317632790776,20,0.1435839980840683,0.15263999998569489,0.14549600034952165,0.14502399414777756,0.001992186251850565,20,0.01692800037562847,0.01724799908697605,0.01708000022917986,0.01708799973130226,9.53978867796079e-05,20,0.03788800165057182,0.03903999924659729,0.03830080032348633,0.038256000727415085,0.000273202135990816,20,0.010816000401973724,0.011552000418305397,0.011152000026777386,0.011136000044643879,0.00022818935309565697,20,32,4,2048,768,151936,True,True,False,1392,1,2048,768,generic,generic,,,CUDA_EVENT,BF16,none
0.01603199914097786,0.024960000067949295,0.019476799853146078,0.021040000021457672,0.002669887308093047,40,0.016095999628305435,0.018400000408291817,0.01726560005918145,0.017215999774634838,0.0005532830881036755,20,0.143327996134758,0.14931200444698334,0.14515200182795523,0.14505600184202194,0.0013044477454287676,20,0.016863999888300896,0.017152000218629837,0.016995199862867592,0.017023999243974686,8.025538957204408e-05,20,0.03798399865627289,0.03920000046491623,0.03843680005520582,0.03828800097107887,0.00040252347311333633,20,0.010623999871313572,0.011392000131309032,0.010976000130176545,0.010943999979645014,0.00023860925997131423,20,32,4,2048,768,151936,True,True,False,1376,1,2048,768,generic,generic,,,CUDA_EVENT,BF16,none
0.016256000846624374,0.025472000241279602,0.019442400010302664,0.01915199961513281,0.0025603988813269985,40,0.016575999557971954,0.019231999292969704,0.01738720005378127,0.01726400014013052,0.000572189545269823,20,0.14271999895572662,0.1515199989080429,0.14445120096206665,0.14393600076436996,0.0018395655023778223,20,0.016896000131964684,0.01727999933063984,0.01699839998036623,0.016992000862956047,8.91413607679551e-05,20,0.038015998899936676,0.03903999924659729,0.0383823998272419,0.03830400109291077,0.00031181127668047085,20,0.010591999627649784,0.011455999687314034,0.011137600010260939,0.011215999722480774,0.00022974914394895384,20,32,4,2048,768,151936,True,True,False,1360,1,2048,768,generic,generic,,,CUDA_EVENT,BF16,none
0.016416000202298164,0.02953599952161312,0.01997840004041791,0.019967999309301376,0.003020301453133496,40,0.0161920003592968,0.018783999606966972,0.017222399823367596,0.01711999997496605,0.0006224471836369712,20,0.1424960047006607,0.15087999403476715,0.14492159932851792,0.14449600130319595,0.0017488395112229386,20,0.016767999157309532,0.017311999574303627,0.01693759998306632,0.016912000253796577,0.00013915407910090557,20,0.03807999938726425,0.04195199906826019,0.038619199953973296,0.03836800158023834,0.0008283780536676759,20,0.010400000028312206,0.011327999643981457,0.010929600009694696,0.011008000001311302,0.0002610452609895385,20,32,4,2048,768,151936,True,True,False,1344,1,2048,768,generic,generic,,,CUDA_EVENT,BF16,none
0.016448000445961952,0.02412799932062626,0.01941600008867681,0.01934400014579296,0.0025446614716410584,40,0.016448000445961952,0.019168000668287277,0.017372800130397083,0.017248000018298626,0.0005819162021859519,20,0.13955199718475342,0.14800000190734863,0.1416207991540432,0.1408959999680519,0.0020764108179285147,20,0.01664000004529953,0.017503999173641205,0.016907199751585722,0.016815999522805214,0.000241653047731909,20,0.03670400008559227,0.04169600084424019,0.03720800057053566,0.036896001547575,0.001067183244116891,20,0.010367999784648418,0.011392000131309032,0.010932800034061075,0.010928000323474407,0.00025605509059738494,20,32,4,2048,768,151936,True,True,False,1328,1,2048,768,generic,generic,,,CUDA_EVENT,BF16,none
0.0163199994713068,0.025728000327944756,0.01954399994574487,0.019311999902129173,0.0025871536381803354,40,0.01651199907064438,0.020191999152302742,0.017590399738401173,0.017536000348627567,0.0008192935944920615,20,0.13971200585365295,0.14873600006103516,0.1412767991423607,0.14102399349212646,0.0018335436482318204,20,0.015904000028967857,0.016416000202298164,0.01613440001383424,0.016143999993801117,0.0001393377644948791,20,0.03763199970126152,0.05081599950790405,0.038838399760425094,0.03814399987459183,0.0027688987676229696,20,0.010432000271975994,0.011327999643981457,0.010908800037577748,0.010912000201642513,0.00020058151206982965,20,32,4,2048,768,151936,True,True,False,1312,1,2048,768,generic,generic,,,CUDA_EVENT,BF16,none
0.015968000516295433,0.024639999493956566,0.019251200091093778,0.019023999571800232,0.002548200761341221,40,0.01616000011563301,0.019007999449968338,0.017339199874550106,0.01716800034046173,0.0007227519326800699,20,0.13728000223636627,0.144896000623703,0.13941439837217331,0.13886399567127228,0.001726283020982685,20,0.015936000272631645,0.01651199907064438,0.01613599993288517,0.016127999871969223,0.00014484185121820944,20,0.036607999354600906,0.043136000633239746,0.03747040014714002,0.036896001547575,0.0018565646189583366,20,0.010400000028312206,0.012095999903976917,0.01090400004759431,0.010832000058144331,0.0003628685891205591,20,32,4,2048,768,151936,True,True,False,1296,1,2048,768,generic,generic,,,CUDA_EVENT,BF16,none
0.015904000028967857,0.024768000468611717,0.01943359998986125,0.020192000083625317,0.002690876644656363,40,0.016543999314308167,0.01961600035429001,0.01723999986425042,0.017071999609470367,0.0006872088858813463,20,0.13859200477600098,0.14585599303245544,0.14049440026283264,0.1403679996728897,0.001488100851464962,20,0.01587199978530407,0.0163199994713068,0.01605759998783469,0.01607999950647354,0.00011250162041060482,20,0.03484800085425377,0.04396799951791763,0.035800000093877314,0.035151999443769455,0.0019667604059412135,20,0.010463999584317207,0.012000000104308128,0.010900799976661801,0.010847999714314938,0.00035204003685286464,20,32,4,2048,768,151936,True,True,False,1280,1,2048,768,generic,generic,,,CUDA_EVENT,BF16,none
0.016127999871969223,0.02518399991095066,0.019171199994161725,0.018928000703454018,0.0025103872683959307,40,0.0163199994713068,0.018144000321626663,0.017019199952483178,0.01679999940097332,0.0005740656938183717,20,0.13766400516033173,0.14368000626564026,0.13933120146393776,0.13915199786424637,0.0012481194409555637,20,0.015968000516295433,0.01679999940097332,0.01623039981350303,0.016176000237464905,0.0002270872901881743,20,0.03526400029659271,0.03920000046491623,0.03575840014964342,0.03561599925160408,0.0008029051474179203,20,0.010495999827980995,0.011776000261306763,0.010979199968278407,0.01089600007981062,0.0003471520980221386,20,32,4,2048,768,151936,True,True,False,1264,1,2048,768,generic,generic,,,CUDA_EVENT,BF16,none
0.016383999958634377,0.025472000241279602,0.0193527998868376,0.019375999458134174,0.0024859848947545527,40,0.01603199914097786,0.019071999937295914,0.01711680004373193,0.01702400017529726,0.0006449330896113368,20,0.13344000279903412,0.1417279988527298,0.13560160100460053,0.13476800173521042,0.002069967326196038,20,0.01587199978530407,0.016416000202298164,0.01609760019928217,0.01611199975013733,0.0001378137274259368,20,0.0352960005402565,0.04758400097489357,0.03646720014512539,0.03558399900794029,0.0026483437851080346,20,0.010432000271975994,0.011071999557316303,0.010790399927645921,0.010847999714314938,0.0002341909533448705,20,32,4,2048,768,151936,True,True,False,1248,1,2048,768,generic,generic,,,CUDA_EVENT,BF16,none
0.016383999958634377,0.025599999353289604,0.01933279992081225,0.019071999937295914,0.0025700954468659454,40,0.015904000028967857,0.01929599978029728,0.017108800169080497,0.016863999888300896,0.0008533429835623116,20,0.13286399841308594,0.14230400323867798,0.1348640017211437,0.13441599905490875,0.0018925101434127593,20,0.01587199978530407,0.016383999958634377,0.016123199835419655,0.01607999950647354,0.00016167920304649384,20,0.03548799827694893,0.047168001532554626,0.03696480020880699,0.0358240008354187,0.0028740790675827574,20,0.010528000071644783,0.01152000017464161,0.010899199964478612,0.010847999714314938,0.00025164285284709584,20,32,4,2048,768,151936,True,True,False,1232,1,2048,768,generic,generic,,,CUDA_EVENT,BF16,none
0.016543999314308167,0.025312000885605812,0.019206400075927377,0.019071999937295914,0.002358502085724327,40,0.01616000011563301,0.018624000251293182,0.0170672002248466,0.017071999609470367,0.0005948278985607772,20,0.1318719983100891,0.13676799833774567,0.13320480063557624,0.13313599675893784,0.0011381503131581876,20,0.015807999297976494,0.016287999227643013,0.01601919988170266,0.01601599995046854,0.0001293528588412345,20,0.035360001027584076,0.04371200129389763,0.036358400247991085,0.03548799827694893,0.002127208642815361,20,0.01033599954098463,0.011615999974310398,0.010796799929812551,0.010751999914646149,0.0003403753740050479,20,32,4,2048,768,151936,True,True,False,1216,1,2048,768,generic,generic,,,CUDA_EVENT,BF16,none
0.015936000272631645,0.02425600029528141,0.019334399979561566,0.01950399950146675,0.002481085877091578,40,0.0163199994713068,0.01820800080895424,0.017150399927049875,0.01711999997496605,0.0005437624945134469,20,0.13209599256515503,0.13699199259281158,0.1334015980362892,0.13334399461746216,0.001161057033374654,20,0.015776000916957855,0.01635199971497059,0.015964800026267767,0.015936000272631645,0.000151079411954122,20,0.03545600175857544,0.04630399867892265,0.03772319983690977,0.0358240008354187,0.0031553889932081224,20,0.010432000271975994,0.019007999449968338,0.011167999869212509,0.010784000158309937,0.0018066542725083848,20,32,4,2048,768,151936,True,True,False,1200,1,2048,768,generic,generic,,,CUDA_EVENT,BF16,none
0.01635199971497059,0.02505600079894066,0.01957360007800162,0.01943999994546175,0.002481159894006902,40,0.015807999297976494,0.019007999449968338,0.017263999953866006,0.017071999609470367,0.0008073580554135903,20,0.1311360001564026,0.13711999356746674,0.1325008012354374,0.13220799714326859,0.0012218069925298018,20,0.01484800036996603,0.015615999698638916,0.015158399986103178,0.015135999768972397,0.0001631998393102309,20,0.03532800078392029,0.04755200073122978,0.038137600384652616,0.03742399998009205,0.0030987271144161214,20,0.01027199998497963,0.011103999800980091,0.010592000000178814,0.010575999971479177,0.00016565987667266463,20,32,4,2048,768,151936,True,True,False,1184,1,2048,768,generic,generic,,,CUDA_EVENT,BF16,none
0.01616000011563301,0.023520000278949738,0.019232000038027764,0.01905599981546402,0.0023491685328510337,40,0.01603199914097786,0.018783999606966972,0.017259199731051923,0.01727999933063984,0.0006655903388389268,20,0.13072000443935394,0.13529600203037262,0.13216160014271736,0.13193600624799728,0.0010052012585757802,20,0.014911999925971031,0.015552000142633915,0.015228800056502224,0.015263999812304974,0.00014414215485246236,20,0.035360001027584076,0.044064000248909,0.03722239956259728,0.036720000207424164,0.002050014040432647,20,0.01027199998497963,0.013856000266969204,0.010775999957695603,0.01065600011497736,0.0007332732946892839,20,32,4,2048,768,151936,True,True,False,1168,1,2048,768,generic,generic,,,CUDA_EVENT,BF16,none
0.016256000846624374,0.024927999824285507,0.019210399920120837,0.01891199965029955,0.0024147323893450407,40,0.015776000916957855,0.019039999693632126,0.0170864000916481,0.017103999853134155,0.0007863458290482648,20,0.1287360042333603,0.1340160071849823,0.13009280040860177,0.1300159990787506,0.0010978573233091549,20,0.014751999638974667,0.015200000256299973,0.014971200097352266,0.014976000413298607,0.00011638284623833507,20,0.035232000052928925,0.048448000103235245,0.04117120038717985,0.04070399887859821,0.00417903842764859,20,0.010048000141978264,0.010751999914646149,0.010431999946013093,0.0104160001501441,0.0001860408706519037,20,32,4,2048,768,151936,True,True,False,1152,1,2048,768,generic,generic,,,CUDA_EVENT,BF16,none
0.015968000516295433,0.02377600036561489,0.019418400013819337,0.020255999639630318,0.0023519224960376612,40,0.0163199994713068,0.018848000094294548,0.017331199906766414,0.017263999208807945,0.0005515151761417245,20,0.12729600071907043,0.1335040032863617,0.1294463999569416,0.12918399274349213,0.0012601494952630737,20,0.014720000326633453,0.01548799965530634,0.014995199954137206,0.014960000291466713,0.00018642571249291814,20,0.033663999289274216,0.04575999826192856,0.03915839958935976,0.03920000046491623,0.0032058839573722684,20,0.010015999898314476,0.014112000353634357,0.01095360005274415,0.010432000271975994,0.001048120982456239,20,32,4,2048,768,151936,True,True,False,1136,1,2048,768,generic,generic,,,CUDA_EVENT,BF16,none
0.016095999628305435,0.025280000641942024,0.01933840005658567,0.01919999998062849,0.0026167059316074075,40,0.01600000075995922,0.019007999449968338,0.017199999745935203,0.01711999997496605,0.0006821706814745737,20,0.12755200266838074,0.13353599607944489,0.1290863998234272,0.12907200306653976,0.0012337837284200886,20,0.014688000082969666,0.015904000028967857,0.015048000123351812,0.014976000413298607,0.00026904274964997143,20,0.03420799970626831,0.04633599892258644,0.03784000016748905,0.03689599968492985,0.00296999819434261,20,0.009983999654650688,0.012640000320971012,0.010841599898412824,0.010768000036478043,0.0006779622321232341,20,32,4,2048,768,151936,True,True,False,1120,1,2048,768,generic,generic,,,CUDA_EVENT,BF16,none
0.016224000602960587,0.024351999163627625,0.019400000059977173,0.01929599978029728,0.0024376223677512205,40,0.016287999227643013,0.018239999189972878,0.017361600045114757,0.01740800030529499,0.0004990847027443956,20,0.12707200646400452,0.13251200318336487,0.12825119942426683,0.12801600247621536,0.0011941743717593348,20,0.014655999839305878,0.015456000342965126,0.01496640001423657,0.014895999804139137,0.00022470751342167395,20,0.033984001725912094,0.045152001082897186,0.03869599997997284,0.03751999884843826,0.003391499765695787,20,0.009920000098645687,0.012959999963641167,0.010636799968779087,0.010415999684482813,0.0007181415733474744,20,32,4,2048,768,151936,True,True,False,1104,1,2048,768,generic,generic,,,CUDA_EVENT,BF16,none
0.016287999227643013,0.024671999737620354,0.019235999835655094,0.01905599981546402,0.002355884608676552,40,0.016287999227643013,0.018079999834299088,0.016983999777585267,0.016767999157309532,0.0005055469697126629,20,0.12639999389648438,0.13152000308036804,0.12789759933948516,0.12777599692344666,0.0011329359288031462,20,0.014592000283300877,0.015519999898970127,0.014876799983903765,0.014832000248134136,0.00022602514292564704,20,0.03721600025892258,0.04841599985957146,0.04175680018961429,0.04116800054907799,0.0032768513727106188,20,0.009631999768316746,0.01033599954098463,0.009980800049379467,0.009952000342309475,0.00019409521446380837,20,32,4,2048,768,151936,True,True,False,1088,1,2048,768,generic,generic,,,CUDA_EVENT,BF16,none
0.016256000846624374,0.02409599907696247,0.019572000252082944,0.019456000067293644,0.0025202482120676682,40,0.01603199914097786,0.018239999189972878,0.017187199834734202,0.017215999774634838,0.00057758892508708,20,0.12601600587368011,0.13145600259304047,0.12740160077810286,0.12716799974441528,0.0012021993835537965,20,0.014592000283300877,0.015456000342965126,0.014764799876138568,0.014688000082969666,0.00020273978179538018,20,0.03580800071358681,0.046431999653577805,0.04112159982323647,0.04065599851310253,0.003200615801021792,20,0.009600000455975533,0.013183999806642532,0.010695999953895807,0.0104160001501441,0.0010168184972972583,20,32,4,2048,768,151936,True,True,False,1072,1,2048,768,generic,generic,,,CUDA_EVENT,BF16,none
0.01616000011563301,0.026688000187277794,0.019401600025594233,0.019039999693632126,0.002820679751537508,40,0.016127999871969223,0.017472000792622566,0.016728000063449145,0.016704000532627106,0.0004235471641403611,20,0.1247360035777092,0.12876799702644348,0.12600320093333722,0.12588799744844437,0.0009757305765880404,20,0.01375999953597784,0.014240000396966934,0.013958399975672364,0.013919999822974205,0.00014116327806997295,20,0.04249599948525429,0.04793599992990494,0.045444799773395064,0.04572799988090992,0.0013670132803891293,20,0.008895999751985073,0.012512000277638435,0.009655999997630716,0.009360000025480986,0.0008931312355310501,20,32,4,2048,768,151936,True,True,False,1056,1,2048,768,generic,generic,,,CUDA_EVENT,BF16,none
0.0161920003592968,0.025151999667286873,0.01929199998266995,0.019120000302791595,0.0024604668446222087,40,0.016224000602960587,0.017823999747633934,0.016772799845784902,0.01664000004529953,0.00046507725192761846,20,0.1266240030527115,0.13174399733543396,0.1285135991871357,0.12852799892425537,0.0011364488529431575,20,0.01375999953597784,0.01408000010997057,0.013903999980539084,0.013903999701142311,9.022644139808579e-05,20,0.03836800158023834,0.04831999912858009,0.04372320044785738,0.044463999569416046,0.0026673734179571383,20,0.009056000038981438,0.012640000320971012,0.009708799980580806,0.009279999881982803,0.0010553889366201712,20,32,4,2048,768,151936,True,True,False,1040,1,2048,768,generic,generic,,,CUDA_EVENT,BF16,none
0.01635199971497059,0.02643200010061264,0.01975040012039244,0.020527999848127365,0.002647351765983037,40,0.01600000075995922,0.018144000321626663,0.016843199916183948,0.01670399960130453,0.0005339567400697697,20,0.11734399944543839,0.1218239963054657,0.11867039985954761,0.11846400052309036,0.0010436832762221347,20,0.01369599997997284,0.017920000478625298,0.014203200023621321,0.013903999701142311,0.0010009034654942495,20,0.04137599840760231,0.04281599819660187,0.042075200006365776,0.04206399992108345,0.0003550811127111023,20,0.01228800043463707,0.01568000018596649,0.013673599902540445,0.013647999614477158,0.0009423497047718312,20,32,4,2048,768,151936,True,True,False,1024,1,2048,768,generic,generic,,,CUDA_EVENT,BF16,none
0.01616000011563301,0.02534399926662445,0.019373599952086807,0.020735999569296837,0.002550099680077885,40,0.01648000068962574,0.02319999970495701,0.017438399977982043,0.01716800034046173,0.0013767987294251056,20,0.11644800007343292,0.12358400225639343,0.11828000023961067,0.11790399998426437,0.0014155754582212273,20,0.01369599997997284,0.016383999958634377,0.014105600025504827,0.013952000066637993,0.0005545887352442049,20,0.04124800115823746,0.042847998440265656,0.041961600072681904,0.04190399870276451,0.00041453262503246736,20,0.01244799979031086,0.016383999958634377,0.013779200054705143,0.013616000302135944,0.0010702267238725963,20,32,4,2048,768,151936,True,True,False,1016,1,2048,768,generic,generic,,,CUDA_EVENT,BF16,none
0.01648000068962574,0.02611199952661991,0.019632000103592874,0.019231999292969704,0.0025760993789501747,40,0.016383999958634377,0.01894400082528591,0.01713919984176755,0.017008000053465366,0.000569869675157248,20,0.11680000275373459,0.12086399644613266,0.11792799942195416,0.11790399998426437,0.0008436032826611687,20,0.01369599997997284,0.01775999926030636,0.014107199897989631,0.013887999579310417,0.000851360760079754,20,0.04124800115823746,0.043296001851558685,0.04184320010244846,0.0418079998344183,0.00050183916233012,20,0.011392000131309032,0.01539199985563755,0.013273599976673722,0.013231999706476927,0.0010167543340541514,20,32,4,2048,768,151936,True,True,False,1008,1,2048,768,generic,generic,,,CUDA_EVENT,BF16,none
0.016287999227643013,0.02828799933195114,0.019504799880087374,0.019791999831795692,0.0028072042317218715,40,0.016127999871969223,0.018112000077962875,0.016822399944067,0.016751999966800213,0.00048815468710059504,20,0.11577600240707397,0.12070400267839432,0.11747199967503548,0.11727999895811081,0.0010175798904855974,20,0.013663999736309052,0.018015999346971512,0.014033599849790334,0.013824000023305416,0.0009180974010121211,20,0.04131200164556503,0.04265600070357323,0.04196959994733333,0.04195199906826019,0.00033231884501197463,20,0.011168000288307667,0.01635199971497059,0.013494399935007095,0.013183999806642532,0.0013216852430748482,20,32,4,2048,768,151936,True,True,False,1000,1,2048,768,generic,generic,,,CUDA_EVENT,BF16,none
0.016256000846624374,0.025536000728607178,0.019744800077751277,0.01950399950146675,0.0027393149315907295,40,0.01600000075995922,0.017983999103307724,0.016814400255680085,0.016623999923467636,0.0005705048939183881,20,0.11603199690580368,0.12150400131940842,0.11742880009114742,0.1172959990799427,0.0011782469334962599,20,0.013663999736309052,0.01603199914097786,0.014028799952939153,0.013856000266969204,0.0005150308790820798,20,0.04108799993991852,0.04297599941492081,0.04192479979246855,0.041840000078082085,0.00045652156512352164,20,0.012896000407636166,0.015424000099301338,0.01390880006365478,0.013807999901473522,0.0006836532449399914,20,32,4,2048,768,151936,True,True,False,992,1,2048,768,generic,generic,,,CUDA_EVENT,BF16,none
0.01616000011563301,0.024831999093294144,0.019444799842312933,0.019247999414801598,0.0025117098448589896,40,0.01568000018596649,0.018079999834299088,0.016739199962466957,0.01673599984496832,0.0005718873461098115,20,0.11568000167608261,0.1249919980764389,0.1172960001975298,0.11657600104808807,0.00198896127661938,20,0.013632000423967838,0.016287999227643013,0.014055999973788858,0.01387199992313981,0.0005590275692947083,20,0.04134399816393852,0.04259200021624565,0.04182719979435205,0.041728001087903976,0.0003807734420671135,20,0.012000000104308128,0.015296000055968761,0.013793600164353848,0.01369599997997284,0.0008244254827910339,20,32,4,2048,768,151936,True,True,False,984,1,2048,768,generic,generic,,,CUDA_EVENT,BF16,none
0.016127999871969223,0.027775999158620834,0.019595200102776288,0.01923200022429228,0.0028384427466025225,40,0.015904000028967857,0.01836800016462803,0.016715200059115885,0.016672000288963318,0.0005314577225371387,20,0.11523199826478958,0.12115199863910675,0.11677759997546673,0.11643199995160103,0.0013214914630108115,20,0.013728000223636627,0.019519999623298645,0.014179199887439608,0.013887999579310417,0.0012315177782479243,20,0.0414079986512661,0.04287999868392944,0.04197440017014742,0.04190399870276451,0.0003547673760278668,20,0.012095999903976917,0.020800000056624413,0.014006399922072888,0.013552000280469656,0.001915036342616691,20,32,4,2048,768,151936,True,True,False,976,1,2048,768,generic,generic,,,CUDA_EVENT,BF16,none
0.016575999557971954,0.026048000901937485,0.019621600024402143,0.01919999998062849,0.0026340966533683194,40,0.015936000272631645,0.018239999189972878,0.016702399775385856,0.01659199967980385,0.000531669570024709,20,0.11488000303506851,0.12031999975442886,0.11618079952895641,0.11595200002193451,0.0011972991327073715,20,0.013535999692976475,0.022175999358296394,0.014438399951905012,0.013935999944806099,0.0018172110898509234,20,0.04105599969625473,0.04297599941492081,0.041844799742102624,0.04187199845910072,0.00043937685647485995,20,0.011231999844312668,0.016416000202298164,0.013288000086322426,0.013232000172138214,0.001180703504454613,20,32,4,2048,768,151936,True,True,False,968,1,2048,768,generic,generic,,,CUDA_EVENT,BF16,none
0.016383999958634377,0.025919999927282333,0.019490400096401572,0.019007999449968338,0.0026946432389773514,40,0.01616000011563301,0.017664000391960144,0.016902399994432927,0.017008000053465366,0.00043929841390089725,20,0.1141119971871376,0.11987199634313583,0.1160911999642849,0.11577600240707397,0.001199393170722939,20,0.01360000018030405,0.017632000148296356,0.014028799952939153,0.013824000023305416,0.0008449697141520449,20,0.041439998894929886,0.045791998505592346,0.04312959983944893,0.04327999986708164,0.001132799818649228,20,0.009312000125646591,0.0161920003592968,0.012454400071874261,0.012896000407636166,0.0015729098481621095,20,32,4,2048,768,151936,True,True,False,960,1,2048,768,generic,generic,,,CUDA_EVENT,BF16,none
0.016543999314308167,0.02691200003027916,0.019757600175216793,0.01952000055462122,0.002537772501011849,40,0.01635199971497059,0.02377600036561489,0.017484799958765507,0.017103999853134155,0.001572121949690542,20,0.11379200220108032,0.12383999675512314,0.11558720022439957,0.11510399729013443,0.001979966788018803,20,0.013663999736309052,0.020767999812960625,0.01427519991993904,0.013807999901473522,0.0015487768352847773,20,0.03993599861860275,0.04198399931192398,0.0406352000311017,0.04064000025391579,0.0004607639271569262,20,0.013344000093638897,0.016896000131964684,0.014862400107085704,0.014720000326633453,0.0009530132433590011,20,32,4,2048,768,151936,True,True,False,952,1,2048,768,generic,generic,,,CUDA_EVENT,BF16,none
0.016224000602960587,0.02470399998128414,0.01942399996332824,0.019167999736964703,0.0024714589618940186,40,0.015584000386297703,0.018783999606966972,0.016745599871501326,0.016575999557971954,0.0006552659134620982,20,0.11372800171375275,0.12179200351238251,0.11541440039873123,0.11508800089359283,0.0016512472706329575,20,0.013535999692976475,0.024383999407291412,0.014431999996304512,0.013807999901473522,0.0023200329849351296,20,0.04076800122857094,0.04543999955058098,0.04310879986733198,0.04264000058174133,0.0013753029267202428,20,0.008799999952316284,0.015456000342965126,0.012395199993625284,0.012655999977141619,0.0018005019223818039,20,32,4,2048,768,151936,True,True,False,944,1,2048,768,generic,generic,,,CUDA_EVENT,BF16,none
0.016607999801635742,0.025855999439954758,0.01990080000832677,0.01972800027579069,0.0026652925463854804,40,0.015968000516295433,0.01775999926030636,0.0168464002199471,0.016736000776290894,0.0005040861820840041,20,0.1133119985461235,0.11827199906110764,0.1143984004855156,0.11400000005960464,0.0010875984723319088,20,0.013535999692976475,0.01648000068962574,0.013951999973505736,0.013728000223636627,0.0006837825527752853,20,0.03993599861860275,0.042367998510599136,0.04072159994393587,0.040608000010252,0.0005315734831179431,20,0.01360000018030405,0.01756799966096878,0.015160000091418624,0.014928000047802925,0.0010391319920337258,20,32,4,2048,768,151936,True,True,False,936,1,2048,768,generic,generic,,,CUDA_EVENT,BF16,none
0.016543999314308167,0.025151999667286873,0.019361599953845142,0.0191040001809597,0.0025576883240299992,40,0.0161920003592968,0.018432000651955605,0.016828800085932016,0.016672000288963318,0.0005883911474746689,20,0.11327999830245972,0.1191679984331131,0.11446239985525608,0.11419199779629707,0.0011659804583954109,20,0.013344000093638897,0.017472000792622566,0.014180800085887313,0.01369599997997284,0.0010230635123670054,20,0.041728001087903976,0.0597120001912117,0.045062399841845034,0.04275199957191944,0.004266208585274635,20,0.008960000239312649,0.017152000218629837,0.012137599987909198,0.012879999820142984,0.002513988583673184,20,32,4,2048,768,151936,True,True,False,928,1,2048,768,generic,generic,,,CUDA_EVENT,BF16,none
0.016575999557971954,0.02454400062561035,0.019314399966970087,0.01919999998062849,0.002361427567692758,40,0.015776000916957855,0.017983999103307724,0.01646079998463392,0.01635199971497059,0.0005166189517975189,20,0.11215999722480774,0.12160000205039978,0.11453440114855766,0.11374400183558464,0.00224722546774261,20,0.012608000077307224,0.017664000391960144,0.013640000112354755,0.012896000407636166,0.0015341280217079304,20,0.040063999593257904,0.0414079986512661,0.04073760025203228,0.040800001472234726,0.00036351673094876195,20,0.012799999676644802,0.016767999157309532,0.01449920004233718,0.014352000318467617,0.0009138169742735055,20,32,4,2048,768,151936,True,True,False,920,1,2048,768,generic,generic,,,CUDA_EVENT,BF16,none
0.01616000011563301,0.026528000831604004,0.01955999992787838,0.01923200022429228,0.0026985485381671322,40,0.01568000018596649,0.018880000337958336,0.016512000188231468,0.01635199971497059,0.0006394397067644902,20,0.11059200018644333,0.1207360029220581,0.11226240135729312,0.11187200248241425,0.002044762900651856,20,0.012768000364303589,0.02195199951529503,0.014910400006920099,0.014192000031471252,0.002249043989927304,20,0.04467200115323067,0.04831999912858009,0.046214400231838225,0.04596799984574318,0.0010496091200165214,20,0.008352000266313553,0.01583999954164028,0.009878400014713407,0.008959999773651361,0.0019980943922391415,20,32,4,2048,768,151936,True,True,False,912,1,2048,768,generic,generic,,,CUDA_EVENT,BF16,none
0.016672000288963318,0.02953599952161312,0.019942399766296148,0.019551999866962433,0.0029565488439039674,40,0.015776000916957855,0.01817600056529045,0.016715200152248144,0.016783999279141426,0.0005319393046615942,20,0.11059200018644333,0.11590400338172913,0.11219840086996555,0.1117440015077591,0.0013892431580818335,20,0.012703999876976013,0.01852799952030182,0.014531200006604194,0.01425600005313754,0.0016261194927613232,20,0.03977600112557411,0.0414079986512661,0.04071999993175268,0.04076800122857094,0.00037788493695870045,20,0.013728000223636627,0.0163199994713068,0.014731199992820621,0.014607999939471483,0.0006347201556596849,20,32,4,2048,768,151936,True,True,False,904,1,2048,768,generic,generic,,,CUDA_EVENT,BF16,none
0.016287999227643013,0.02412799932062626,0.019474400067701937,0.02044800017029047,0.0025125287523336997,40,0.015936000272631645,0.017343999817967415,0.01659679999575019,0.016672000288963318,0.00044228053947073764,20,0.1082879975438118,0.1151999980211258,0.1095951996743679,0.10915199667215347,0.001469363230787086,20,0.013887999579310417,0.02348800003528595,0.01683199997060001,0.016383999958634377,0.002261202565065925,20,0.041600000113248825,0.04358400031924248,0.04210240002721548,0.04201599955558777,0.0003925840029402723,20,0.011680000461637974,0.01568000018596649,0.013659200072288514,0.013616000302135944,0.0010710336136490204,20,32,4,2048,768,151936,True,True,False,896,1,2048,768,generic,generic,,,CUDA_EVENT,BF16,none
0.016416000202298164,0.024960000067949295,0.01984639996662736,0.019567999988794327,0.002654902866703805,40,0.015904000028967857,0.018015999346971512,0.016603200044482947,0.016464000567793846,0.0005322279166000571,20,0.11011199653148651,0.11542399972677231,0.11146080009639263,0.11137599870562553,0.0010958900048768597,20,0.01283199992030859,0.023296000435948372,0.015774399926885962,0.015135999768972397,0.002768036617631971,20,0.03929600119590759,0.047680001705884933,0.04046720042824745,0.03969600051641464,0.002333245849159912,20,0.014368000440299511,0.018079999834299088,0.016067200014367698,0.016143999993801117,0.0009736574250027957,20,32,4,2048,768,151936,True,True,False,888,1,2048,768,generic,generic,,,CUDA_EVENT,BF16,none
0.016448000445961952,0.02691200003027916,0.019863199908286333,0.02116800006479025,0.002783098601191298,40,0.015968000516295433,0.01833599992096424,0.016795200202614068,0.016736000776290894,0.0005014182066765075,20,0.10899200290441513,0.11523199826478958,0.11103360056877136,0.11089600250124931,0.0011841118331762518,20,0.01283199992030859,0.022911999374628067,0.0164064000826329,0.016239999793469906,0.0024452293152835572,20,0.03843199834227562,0.04150399938225746,0.03982880003750324,0.039664000272750854,0.0006743788257964012,20,0.015519999898970127,0.018079999834299088,0.0164128000382334,0.016224000602960587,0.0006972696275411953,20,32,4,2048,768,151936,True,True,False,880,1,2048,768,generic,generic,,,CUDA_EVENT,BF16,none
0.016416000202298164,0.025567999109625816,0.01942959986627102,0.01891199965029955,0.0027527244403355833,40,0.015807999297976494,0.01775999926030636,0.016484799981117248,0.01646399963647127,0.00048543859883359283,20,0.10902400314807892,0.1157120019197464,0.11100959964096546,0.11057600006461143,0.001584193010809481,20,0.012799999676644802,0.024992000311613083,0.016430400079116225,0.015664000064134598,0.0030300719004822435,20,0.039455998688936234,0.043007999658584595,0.041487999819219114,0.04196799919009209,0.0011788645125030408,20,0.011711999773979187,0.016095999628305435,0.01402880004607141,0.013824000023305416,0.0012565614750789397,20,32,4,2048,768,151936,True,True,False,872,1,2048,768,generic,generic,,,CUDA_EVENT,BF16,none
0.01664000004529953,0.025887999683618546,0.01956319995224476,0.01950399950146675,0.002562314402871163,40,0.015744000673294067,0.018559999763965607,0.01675520008429885,0.016783999279141426,0.0007062073286477819,20,0.10771200060844421,0.11430399864912033,0.10947680026292801,0.10945599898695946,0.0012622479113990719,20,0.014431999996304512,0.023520000278949738,0.0177135999314487,0.017152000218629837,0.0025958385822302974,20,0.03920000046491623,0.040511999279260635,0.03968479968607426,0.03964800015091896,0.0002738338267800807,20,0.014944000169634819,0.02127999998629093,0.01643199995160103,0.016047999262809753,0.001376762493750866,20,32,4,2048,768,151936,True,True,False,864,1,2048,768,generic,generic,,,CUDA_EVENT,BF16,none
0.015904000028967857,0.02595200017094612,0.019396800035610794,0.019311999902129173,0.0026859758993537045,40,0.015456000342965126,0.017952000722289085,0.016491200029850005,0.01649599988013506,0.0005136249437717272,20,0.10675200074911118,0.11327999830245972,0.10873440019786358,0.10851199924945831,0.001319101233936899,20,0.014431999996304512,0.023104000836610794,0.01706240000203252,0.016448000445961952,0.0020543552928294277,20,0.04108799993991852,0.0480320006608963,0.04354560002684593,0.043535999953746796,0.0018349039214918044,20,0.008415999822318554,0.014720000326633453,0.011939199920743705,0.012383999768644571,0.0020077010136803617,20,32,4,2048,768,151936,True,True,False,856,1,2048,768,generic,generic,,,CUDA_EVENT,BF16,none
0.016256000846624374,0.024191999807953835,0.019418400060385466,0.019071999937295914,0.002567158930955877,40,0.015776000916957855,0.017664000391960144,0.016447999980300665,0.016272000037133694,0.0005392737404150449,20,0.10729599744081497,0.11161600053310394,0.10842400006949901,0.10817599669098854,0.0010412493003372004,20,0.013567999936640263,0.02473600022494793,0.017670399881899355,0.016672000288963318,0.002781232754502091,20,0.04198399931192398,0.04479999840259552,0.04340319950133562,0.0435199998319149,0.0009370739928427945,20,0.00863999966531992,0.0144640002399683,0.011577600054442883,0.011648000217974186,0.0014657816659385677,20,32,4,2048,768,151936,True,True,False,848,1,2048,768,generic,generic,,,CUDA_EVENT,BF16,none
0.016416000202298164,0.02566399984061718,0.01966400006785989,0.019375999458134174,0.0026433724189280057,40,0.015776000916957855,0.01759999990463257,0.016471999883651733,0.016416000202298164,0.0004853961363271096,20,0.1072319969534874,0.11097600311040878,0.1083856001496315,0.10830399766564369,0.0009240464911968838,20,0.014783999882638454,0.023072000592947006,0.017748800106346607,0.017248000018298626,0.0022880846130326066,20,0.04188799858093262,0.04390399903059006,0.04278079997748137,0.04275200143456459,0.0005497020360007902,20,0.01033599954098463,0.016383999958634377,0.013016000064089895,0.012864000163972378,0.0014377182924557254,20,32,4,2048,768,151936,True,True,False,840,1,2048,768,generic,generic,,,CUDA_EVENT,BF16,none
0.01600000075995922,0.025439999997615814,0.019381600013002754,0.019328000023961067,0.002615688159929246,40,0.015744000673294067,0.01849599927663803,0.016571199987083673,0.016367999836802483,0.0006095369265015657,20,0.11865600198507309,0.12726399302482605,0.12099359929561615,0.12089599668979645,0.0016168849114582256,20,0.012480000033974648,0.016992000862956047,0.012956800078973174,0.012768000364303589,0.000941306157430927,20,0.041120000183582306,0.04412800073623657,0.042793599888682365,0.0427360013127327,0.0005802600518095426,20,0.011392000131309032,0.017376000061631203,0.01310240002349019,0.012912000063806772,0.001441651435723633,20,32,4,2048,768,151936,True,True,False,832,1,2048,768,generic,generic,,,CUDA_EVENT,BF16,none
0.0163199994713068,0.025536000728607178,0.019386399909853934,0.019423999823629856,0.0025283026840950754,40,0.01571200042963028,0.018592000007629395,0.01651359973475337,0.016527999192476273,0.000587483348316697,20,0.10684800148010254,0.11622399836778641,0.10817760042846203,0.1077600009739399,0.0019294026494570808,20,0.014879999682307243,0.023264000192284584,0.017841599928215147,0.017551999539136887,0.0020682122387779074,20,0.03750399872660637,0.03964800015091896,0.03819199986755848,0.03806399926543236,0.00045721974886251006,20,0.015615999698638916,0.022624000906944275,0.017276799771934748,0.01726400014013052,0.0013493572314822147,20,32,4,2048,768,151936,True,True,False,824,1,2048,768,generic,generic,,,CUDA_EVENT,BF16,none
0.01587199978530407,0.02486399933695793,0.01933119990862906,0.018976000137627125,0.0024864618417168825,40,0.015776000916957855,0.017632000148296356,0.016443200036883356,0.016303999349474907,0.0005996285860096911,20,0.10518400371074677,0.10963200032711029,0.10651359967887401,0.10646399855613708,0.0008661590888224162,20,0.0163199994713068,0.023520000278949738,0.0191792001016438,0.01880000066012144,0.0017489186018935278,20,0.03728000074625015,0.039423998445272446,0.03828640040010214,0.038176000118255615,0.0005342635671341698,20,0.014112000353634357,0.018559999763965607,0.01642879992723465,0.016527999192476273,0.0008598061572848308,20,32,4,2048,768,151936,True,True,False,816,1,2048,768,generic,generic,,,CUDA_EVENT,BF16,none
0.016127999871969223,0.025280000641942024,0.019303200021386146,0.019167999736964703,0.0024759967596578985,40,0.015615999698638916,0.018848000094294548,0.016526399925351144,0.01646399963647127,0.0006834434937664401,20,0.10476800054311752,0.1120000034570694,0.10610559955239296,0.10576000064611435,0.0015103395111785403,20,0.01651199907064438,0.023296000435948372,0.01939199985936284,0.019167999736964703,0.0018820789668194833,20,0.03747199848294258,0.03932800143957138,0.03814399987459183,0.03814399987459183,0.0004010870372064914,20,0.015456000342965126,0.017855999991297722,0.01657760003581643,0.016575999557971954,0.0006344136335282188,20,32,4,2048,768,151936,True,True,False,808,1,2048,768,generic,generic,,,CUDA_EVENT,BF16,none
0.016256000846624374,0.025696000084280968,0.019281599996611477,0.018880000337958336,0.0025747968332699963,40,0.01583999954164028,0.017983999103307724,0.016505599953234196,0.01635199971497059,0.000528494103318596,20,0.10492800176143646,0.11158400028944016,0.10674080029129981,0.1066720001399517,0.0013682859331818563,20,0.015552000142633915,0.023391999304294586,0.01893439986743033,0.0185759998857975,0.0022875879262795797,20,0.0461760014295578,0.048576001077890396,0.04714880026876926,0.04700800031423569,0.0006238279222179265,20,0.007968000136315823,0.010111999697983265,0.008542399946600198,0.008448000065982342,0.0005499416033769716,20,32,4,2048,768,151936,True,True,False,800,1,2048,768,generic,generic,,,CUDA_EVENT,BF16,none
0.016448000445961952,0.02723200060427189,0.019592800131067633,0.019567999988794327,0.0027272561316431052,40,0.01587199978530407,0.0191040001809597,0.016590400133281946,0.01633600052446127,0.0007363112747816975,20,0.10409600287675858,0.11135999858379364,0.1056256003677845,0.10540799796581268,0.0014361402060195558,20,0.016704000532627106,0.023135999217629433,0.019811199884861706,0.019567999988794327,0.0016109036310263944,20,0.036928001791238785,0.03830400109291077,0.03760000020265579,0.03750399872660637,0.0003801137076894441,20,0.016256000846624374,0.01817600056529045,0.01679519983008504,0.016656000167131424,0.0004700053092989134,20,32,4,2048,768,151936,True,True,False,792,1,2048,768,generic,generic,,,CUDA_EVENT,BF16,none
0.01635199971497059,0.026208000257611275,0.019423199957236646,0.019071999937295914,0.0026291314984129184,40,0.015584000386297703,0.022431999444961548,0.016875200113281606,0.016512000001966953,0.0014247466049781637,20,0.10409600287675858,0.10911999642848969,0.10538719967007637,0.10504000261425972,0.0011256204169187254,20,0.018112000077962875,0.02319999970495701,0.020071999821811914,0.020240000449121,0.0013612557904634798,20,0.039423998445272446,0.040991999208927155,0.040025599859654905,0.04001599922776222,0.0003709240894139161,20,0.014112000353634357,0.017664000391960144,0.015724800201132892,0.015407999977469444,0.0008997862508507352,20,32,4,2048,768,151936,True,True,False,784,1,2048,768,generic,generic,,,CUDA_EVENT,BF16,none
0.01603199914097786,0.024320000782608986,0.019300799909979106,0.01915199961513281,0.0024285612543267355,40,0.01583999954164028,0.01772800087928772,0.016688000038266183,0.016623999923467636,0.00047555284268073706,20,0.10358399897813797,0.1125119999051094,0.10522879958152771,0.10492800176143646,0.0017788201631956904,20,0.01759999990463257,0.02332800067961216,0.019892799947410823,0.019712000153958797,0.0013917710705799587,20,0.03699199855327606,0.043455999344587326,0.037848000042140485,0.03747199848294258,0.0013491282205482587,20,0.015968000516295433,0.017920000478625298,0.01695839986205101,0.017055999487638474,0.00048714425888422803,20,32,4,2048,768,151936,True,True,False,776,1,2048,768,generic,generic,,,CUDA_EVENT,BF16,none
0.016256000846624374,0.0261439997702837,0.019399999966844918,0.01905599981546402,0.0025527472375048784,40,0.015744000673294067,0.018271999433636665,0.01649279994890094,0.016367999836802483,0.000578872731597928,20,0.1021760031580925,0.1088000014424324,0.10356160029768943,0.10335999727249146,0.001433803980483457,20,0.019648000597953796,0.023455999791622162,0.021188799943774938,0.02127999998629093,0.0009421418996600626,20,0.03705599904060364,0.0414079986512661,0.03875359985977411,0.03839999996125698,0.0013575118642429026,20,0.014208000153303146,0.017823999747633934,0.01630400000140071,0.016416000202298164,0.0009183219873993978,20,32,4,2048,768,151936,True,True,False,768,1,2048,768,generic,generic,,,CUDA_EVENT,BF16,none
0.015936000272631645,0.024831999093294144,0.01926000011153519,0.01918400079011917,0.00248019796179399,40,0.015776000916957855,0.018783999606966972,0.01652159998193383,0.016367999836802483,0.0006795084406680151,20,0.1013759970664978,0.11017599701881409,0.10314399972558022,0.10246399790048599,0.001927926261099868,20,0.02022399939596653,0.02287999913096428,0.02125119986012578,0.021263999864459038,0.0006666375604154176,20,0.035999998450279236,0.038176000118255615,0.036864000000059606,0.03680000081658363,0.000483401141055717,20,0.01603199914097786,0.017632000148296356,0.016803199704736472,0.016751999966800213,0.00048571539023516716,20,32,4,2048,768,151936,True,True,False,760,1,2048,768,generic,generic,,,CUDA_EVENT,BF16,none
0.016127999871969223,0.02505600079894066,0.01951120002195239,0.0208959998562932,0.0026145684856123995,40,0.015359999611973763,0.018432000651955605,0.016387200076133014,0.0163199994713068,0.0005834103150174114,20,0.10131199657917023,0.10630399733781815,0.1024863999336958,0.10236799716949463,0.0010040607375011727,20,0.0197759997099638,0.023423999547958374,0.021179200150072575,0.021215999498963356,0.0008086112948229887,20,0.03683200106024742,0.040352001786231995,0.03867999985814095,0.038975998759269714,0.0011192166547423959,20,0.014368000440299511,0.017535999417304993,0.01631519990041852,0.016383999958634377,0.0008283781380325049,20,32,4,2048,768,151936,True,True,False,752,1,2048,768,generic,generic,,,CUDA_EVENT,BF16,none
0.016416000202298164,0.02707199938595295,0.019615199975669385,0.01928000058978796,0.0028675060946349896,40,0.015776000916957855,0.01833599992096424,0.016488000005483627,0.016416000202298164,0.0006021507790398218,20,0.0992640033364296,0.10608000308275223,0.10085120052099228,0.10043200105428696,0.0017533081583729947,20,0.021056000143289566,0.022943999618291855,0.021611199993640185,0.021568000316619873,0.00046716424223841016,20,0.03699199855327606,0.04076800122857094,0.03890240006148815,0.039423998445272446,0.0012721400653213266,20,0.01398400031030178,0.017343999817967415,0.016054400010034442,0.016272000037133694,0.0008934305739754569,20,32,4,2048,768,151936,True,True,False,744,1,2048,768,generic,generic,,,CUDA_EVENT,BF16,none
0.0163199994713068,0.024159999564290047,0.019196000089868902,0.019135999493300915,0.002389900774322811,40,0.01583999954164028,0.01772800087928772,0.016507200058549644,0.016448000445961952,0.0005015200901231791,20,0.10028800368309021,0.10515200346708298,0.10156479999423026,0.10135999694466591,0.0011518187240159902,20,0.020608000457286835,0.0272000003606081,0.021771199908107518,0.02131200022995472,0.0014776683264737967,20,0.036479998379945755,0.04016000032424927,0.03846079986542463,0.0383519995957613,0.0011841687125503356,20,0.013887999579310417,0.0180479995906353,0.01632799985818565,0.016416000202298164,0.0008754717960419054,20,32,4,2048,768,151936,True,True,False,736,1,2048,768,generic,generic,,,CUDA_EVENT,BF16,none
0.015968000516295433,0.025855999439954758,0.019484000001102685,0.019471999257802963,0.0025983053966872494,40,0.015647999942302704,0.02127999998629093,0.016755199804902077,0.01649599988013506,0.0012109537272134768,20,0.0984639972448349,0.10889600217342377,0.10026080049574375,0.0997759997844696,0.0021171158321452842,20,0.020735999569296837,0.03062400035560131,0.021980799920856952,0.021568000316619873,0.0020510203924913803,20,0.03551999852061272,0.037696000188589096,0.0363264000043273,0.036159999668598175,0.0005701569399310306,20,0.0161920003592968,0.01788800023496151,0.01700159991160035,0.016944000497460365,0.0005124096565478723,20,32,4,2048,768,151936,True,True,False,728,1,2048,768,generic,generic,,,CUDA_EVENT,BF16,none
0.016127999871969223,0.024768000468611717,0.019465599954128266,0.019392000511288643,0.002597517287490015,40,0.015904000028967857,0.01756799966096878,0.01657440010458231,0.016623999923467636,0.0004198559873230948,20,0.09763199836015701,0.10339199751615524,0.0992111999541521,0.0990080013871193,0.00114849526598135,20,0.02070399932563305,0.02319999970495701,0.021529600117355586,0.02140800002962351,0.0005679074891547843,20,0.039583999663591385,0.043616000562906265,0.04097279980778694,0.040831999853253365,0.001201146914634647,20,0.012640000320971012,0.01852799952030182,0.014828799990937114,0.015072000212967396,0.001641147629781766,20,32,4,2048,768,151936,True,True,False,720,1,2048,768,generic,generic,,,CUDA_EVENT,BF16,none
0.0161920003592968,0.02582399919629097,0.019477599952369928,0.019647999666631222,0.002575119101686425,40,0.015359999611973763,0.017983999103307724,0.01645440012216568,0.01643200032413006,0.0005342753460343043,20,0.0976639986038208,0.10326399654150009,0.09889280013740062,0.09859199821949005,0.0012494920654036422,20,0.02054399996995926,0.027775999158620834,0.021513599902391434,0.02123199962079525,0.001463666687765385,20,0.04214400053024292,0.046592000871896744,0.04409120008349419,0.04396799951791763,0.0012364294963051379,20,0.007872000336647034,0.01360000018030405,0.011195199936628342,0.01131199998781085,0.0017697265704878225,20,32,4,2048,768,151936,True,True,False,712,1,2048,768,generic,generic,,,CUDA_EVENT,BF16,none
0.016224000602960587,0.025536000728607178,0.019325600052252413,0.019008000381290913,0.002518731452068477,40,0.015200000256299973,0.02115200087428093,0.016619199886918068,0.016448000445961952,0.0011395450506932721,20,0.09852799773216248,0.10585600137710571,0.10036959983408451,0.10014400258660316,0.0014202552200039658,20,0.02051199972629547,0.023104000836610794,0.021587200090289117,0.021487999707460403,0.0005313736553570368,20,0.037376001477241516,0.044895999133586884,0.041180800274014474,0.04071999900043011,0.0022850535260784204,20,0.00940799992531538,0.017983999103307724,0.014241599943488836,0.014159999787807465,0.0024629082136375475,20,32,4,2048,768,151936,True,True,False,704,1,2048,768,generic,generic,,,CUDA_EVENT,BF16,none
0.016287999227643013,0.024351999163627625,0.019190399954095484,0.019311999902129173,0.0024420654673435347,40,0.015552000142633915,0.01974399946630001,0.01655359989963472,0.016335999593138695,0.0009496561681771165,20,0.09587199985980988,0.10425599664449692,0.09801599942147732,0.09708800166845322,0.0023267757426192965,20,0.02070399932563305,0.022048000246286392,0.021284799836575986,0.021247999742627144,0.00038109257006261195,20,0.03494400158524513,0.03651199862360954,0.035676800087094306,0.035679999738931656,0.0003606068150996791,20,0.01600000075995922,0.02223999984562397,0.0170992000028491,0.01688000001013279,0.0012424605060859834,20,32,4,2048,768,151936,True,True,False,696,1,2048,768,generic,generic,,,CUDA_EVENT,BF16,none
0.0161920003592968,0.026048000901937485,0.019226400088518857,0.018928000703454018,0.0025937860553824025,40,0.01568000018596649,0.01942400075495243,0.01657919995486736,0.01630400028079748,0.0008801979993809798,20,0.09689600020647049,0.11081600189208984,0.09871360026299954,0.09780799970030785,0.003254899264942233,20,0.02051199972629547,0.023615999147295952,0.021353600081056356,0.021199999377131462,0.0006366390261809213,20,0.03859199956059456,0.04105599969625473,0.03925600051879883,0.039264000952243805,0.0005118873740126161,20,0.015039999969303608,0.01772800087928772,0.01600000010803342,0.015904000028967857,0.0006770098946148513,20,32,4,2048,768,151936,True,True,False,688,1,2048,768,generic,generic,,,CUDA_EVENT,BF16,none
0.01603199914097786,0.024607999250292778,0.019213599851354957,0.019120000302791595,0.002519386635260374,40,0.015647999942302704,0.017664000391960144,0.016447999887168406,0.016287999227643013,0.0005224924224522659,20,0.09513600170612335,0.10150399804115295,0.09622559994459152,0.09590400010347366,0.001348657256210453,20,0.020576000213623047,0.02163200080394745,0.02117919996380806,0.02123199962079525,0.00031585719331029036,20,0.03484800085425377,0.0387520007789135,0.037070400267839435,0.037936000153422356,0.0013753850175163217,20,0.014944000169634819,0.02160000056028366,0.016779200034216048,0.016656000167131424,0.0013168798323317256,20,32,4,2048,768,151936,True,True,False,680,1,2048,768,generic,generic,,,CUDA_EVENT,BF16,none
0.016416000202298164,0.025728000327944756,0.019331999961286782,0.0191040001809597,0.0025284574704202913,40,0.015456000342965126,0.017152000218629837,0.01641919990070164,0.01649599988013506,0.00045938675760766475,20,0.09424000233411789,0.10627199709415436,0.09673920013010502,0.09575999900698662,0.0028694544085682027,20,0.020576000213623047,0.022624000906944275,0.02131359977647662,0.021343999542295933,0.0005172209547555943,20,0.036288000643253326,0.03763199970126152,0.03702720012515783,0.03713599964976311,0.0003568970152196036,20,0.01603199914097786,0.018015999346971512,0.01685279989615083,0.01688000001013279,0.0004883826222680734,20,32,4,2048,768,151936,True,True,False,672,1,2048,768,generic,generic,,,CUDA_EVENT,BF16,none
0.016256000846624374,0.026016000658273697,0.01926240008324385,0.0191040001809597,0.0026129421531741084,40,0.015424000099301338,0.017535999417304993,0.016406399896368384,0.01630400028079748,0.0005268932588774215,20,0.09398400038480759,0.10518400371074677,0.09648800082504749,0.09508800134062767,0.0033568276951854875,20,0.020320000126957893,0.023135999217629433,0.021339199878275393,0.021040000021457672,0.0007365754041612895,20,0.036479998379945755,0.03814399987459183,0.03739520013332367,0.037376001477241516,0.0005022470873789621,20,0.015456000342965126,0.017791999503970146,0.01661279993131757,0.01655999943614006,0.0005869425911773868,20,32,4,2048,768,151936,True,True,False,664,1,2048,768,generic,generic,,,CUDA_EVENT,BF16,none
0.016063999384641647,0.023711999878287315,0.019255199981853367,0.019216000102460384,0.00246886776859767,40,0.015615999698638916,0.017952000722289085,0.016377600096166133,0.016272000037133694,0.0005821539543337085,20,0.09356799721717834,0.10255999863147736,0.0955680001527071,0.09507200121879578,0.0019703142876001203,20,0.019999999552965164,0.02239999920129776,0.020911999884992837,0.02078399993479252,0.0006963584789507796,20,0.040031999349594116,0.04249599948525429,0.04113919995725155,0.04121600091457367,0.0005144343905332731,20,0.012575999833643436,0.01664000004529953,0.01396640003658831,0.013775999657809734,0.0009524759431992901,20,32,4,2048,768,151936,True,True,False,656,1,2048,768,generic,generic,,,CUDA_EVENT,BF16,none
0.016127999871969223,0.02579200081527233,0.019553600111976266,0.019216000102460384,0.002598716733627366,40,0.015968000516295433,0.01772800087928772,0.016526399925351144,0.01646399963647127,0.0004837693758390987,20,0.0926399976015091,0.10793600231409073,0.09578399993479252,0.09454399719834328,0.0038364504571718056,20,0.0197759997099638,0.02252800017595291,0.020779200084507465,0.020640000700950623,0.0006541066972755183,20,0.03852799907326698,0.04041599854826927,0.039334400370717046,0.03924800083041191,0.0005225511661041593,20,0.01408000010997057,0.01711999997496605,0.015372800035402178,0.015375999733805656,0.0006082020727587518,20,32,4,2048,768,151936,True,True,False,648,1,2048,768,generic,generic,,,CUDA_EVENT,BF16,none
0.0161920003592968,0.03014400042593479,0.019786400068551303,0.020800000056624413,0.0030555759382706227,40,0.015519999898970127,0.017823999747633934,0.016367999883368612,0.016239999793469906,0.0005599999787021956,20,0.09257599711418152,0.1042879968881607,0.09516479894518852,0.09471999853849411,0.002435594681025793,20,0.019999999552965164,0.022431999444961548,0.020910399965941906,0.020880000665783882,0.0005491032094117887,20,0.03359999880194664,0.03731200098991394,0.03571039978414774,0.03569599986076355,0.0009738456591348976,20,0.015968000516295433,0.017632000148296356,0.01680000014603138,0.016863999888300896,0.00039878231280363784,20,32,4,2048,768,151936,True,True,False,640,1,2048,768,generic,generic,,,CUDA_EVENT,BF16,none
0.0163199994713068,0.024768000468611717,0.019460799964144827,0.02092800009995699,0.002556312990985781,40,0.015776000916957855,0.01820800080895424,0.016572799906134604,0.016447999514639378,0.0005255117011558464,20,0.09257599711418152,0.10172799974679947,0.09545120000839233,0.09471999853849411,0.002083573047663873,20,0.019807999953627586,0.02223999984562397,0.02098400006070733,0.021023999899625778,0.0006674031669912936,20,0.033952001482248306,0.03747199848294258,0.03590239975601435,0.0358240008354187,0.0009051799057435558,20,0.01571200042963028,0.01724799908697605,0.016579199861735106,0.016575999557971954,0.0003867763654320908,20,32,4,2048,768,151936,True,True,False,632,1,2048,768,generic,generic,,,CUDA_EVENT,BF16,none
0.016224000602960587,0.027424000203609467,0.019446399854496123,0.019088000059127808,0.0029155601615139214,40,0.015647999942302704,0.02179200015962124,0.016825600154697896,0.01655999943614006,0.0012678058662233195,20,0.09228800237178802,0.11699199676513672,0.09568160027265549,0.0942080020904541,0.00519901429311899,20,0.019999999552965164,0.0225600004196167,0.020734399929642676,0.020655999891459942,0.000578525761387879,20,0.03379200026392937,0.03779200091958046,0.03556480035185814,0.035472000017762184,0.000956976819853296,20,0.015936000272631645,0.017983999103307724,0.016726399958133697,0.01664000004529953,0.0005129089414920177,20,32,4,2048,768,151936,True,True,False,624,1,2048,768,generic,generic,,,CUDA_EVENT,BF16,none
0.016256000846624374,0.03363199904561043,0.01950719989836216,0.020383999682962894,0.0032623665698111736,40,0.015647999942302704,0.01756799966096878,0.01642239997163415,0.01643200032413006,0.0005006336297214656,20,0.09222400188446045,0.10566399991512299,0.09550720043480396,0.09464000165462494,0.0029047187064445007,20,0.019936000928282738,0.02239999920129776,0.02090399991720915,0.02099199965596199,0.0006280380838285711,20,0.035551998764276505,0.03791999816894531,0.03676480017602444,0.03680000081658363,0.0006728302216694706,20,0.015552000142633915,0.01708799973130226,0.016577599896118046,0.016607999801635742,0.0003664628518878254,20,32,4,2048,768,151936,True,True,False,616,1,2048,768,generic,generic,,,CUDA_EVENT,BF16,none
0.016127999871969223,0.02707199938595295,0.019531200034543873,0.020735999569296837,0.002670701907369882,40,0.01568000018596649,0.018400000408291817,0.016598400101065634,0.01659199967980385,0.0005902331664600219,20,0.09305600076913834,0.10521599650382996,0.09578560031950474,0.09515200182795525,0.002478483517527847,20,0.020031999796628952,0.022272000089287758,0.0210079999640584,0.020944000221788883,0.0006425947356030969,20,0.03638400137424469,0.03996799886226654,0.0377488000318408,0.037728000432252884,0.0010175431056719654,20,0.015456000342965126,0.017855999991297722,0.016654400154948235,0.016479999758303165,0.0006087132497189864,20,32,4,2048,768,151936,True,True,False,608,1,2048,768,generic,generic,,,CUDA_EVENT,BF16,none
0.016287999227643013,0.02454400062561035,0.019113599974662065,0.018863999284803867,0.0024438888529712713,40,0.01583999954164028,0.01744000054895878,0.016433600056916475,0.01643200032413006,0.0004890324645373876,20,0.09161599725484848,0.10224000364542007,0.09505439959466458,0.09451199695467949,0.0028592941314245467,20,0.019711999222636223,0.02223999984562397,0.020811199955642224,0.02078399993479252,0.0005606191858860167,20,0.03283200040459633,0.03484800085425377,0.03367839977145195,0.03356799855828285,0.0005497556880728747,20,0.015744000673294067,0.01724799908697605,0.01650560023263097,0.016512000001966953,0.0004605775727351772,20,32,4,2048,768,151936,True,True,False,600,1,2048,768,generic,generic,,,CUDA_EVENT,BF16,none
0.016383999958634377,0.027264000847935677,0.01947280000895262,0.018943999893963337,0.002889211728705746,40,0.01568000018596649,0.01759999990463257,0.016484799887984992,0.01646399963647127,0.0005307829361048951,20,0.09270399808883667,0.1043199971318245,0.09546880014240741,0.09518400207161903,0.002563065529142989,20,0.01929599978029728,0.023391999304294586,0.020913600083440544,0.021007999777793884,0.0007825602141720252,20,0.03766399994492531,0.04121600091457367,0.03917120024561882,0.0390079990029335,0.0009555581927395289,20,0.013728000223636627,0.017920000478625298,0.016150400089100004,0.016272000037133694,0.0009914887949192216,20,32,4,2048,768,151936,True,True,False,592,1,2048,768,generic,generic,,,CUDA_EVENT,BF16,none
0.015968000516295433,0.02534399926662445,0.01917199995368719,0.018943999893963337,0.0025275258693372225,40,0.015807999297976494,0.017376000061631203,0.016435200162231923,0.016367999836802483,0.0003758332979605611,20,0.09203200042247772,0.1029760017991066,0.09473120048642159,0.09359999746084213,0.0026661259222559358,20,0.019936000928282738,0.022304000332951546,0.020881600305438043,0.020848000422120094,0.0005563284019772983,20,0.03404799848794937,0.03731200098991394,0.03532319962978363,0.03519999980926514,0.0008894779696760265,20,0.015936000272631645,0.017023999243974686,0.016452800016850233,0.01640000008046627,0.0002873369285571186,20,32,4,2048,768,151936,True,True,False,584,1,2048,768,generic,generic,,,CUDA_EVENT,BF16,none
0.016224000602960587,0.026079999282956123,0.01924719992093742,0.019071999937295914,0.0026212083241430066,40,0.015615999698638916,0.01772800087928772,0.016286399867385625,0.016143999993801117,0.0005147403893061547,20,0.09139200299978256,0.10502400249242783,0.09590240046381951,0.09443200007081032,0.0038735802765327725,20,0.019967999309301376,0.02179200015962124,0.02074720012024045,0.020800000056624413,0.00045008377077001644,20,0.03686400130391121,0.04057599976658821,0.03920159991830587,0.039583999663591385,0.001192379681036592,20,0.014368000440299511,0.017503999173641205,0.01583999996073544,0.016176000237464905,0.0009049834617742762,20,32,4,2048,768,151936,True,True,False,576,1,2048,768,generic,generic,,,CUDA_EVENT,BF16,none
0.016256000846624374,0.027488000690937042,0.019476800039410592,0.019328000023961067,0.002778113782276397,40,0.015615999698638916,0.018015999346971512,0.01659679999575019,0.01643200032413006,0.0006069273582680114,20,0.09132800251245499,0.10236799716949463,0.09517120011150837,0.09484799951314926,0.002469414867990001,20,0.019840000197291374,0.02377600036561489,0.020996799878776073,0.020848000422120094,0.0007586954559471864,20,0.03359999880194664,0.03587200120091438,0.03458879981189966,0.03447999991476536,0.0006247713226528353,20,0.015807999297976494,0.02316799946129322,0.016915200091898442,0.016607999801635742,0.0015095182606926292,20,32,4,2048,768,151936,True,True,False,568,1,2048,768,generic,generic,,,CUDA_EVENT,BF16,none
0.0163199994713068,0.025536000728607178,0.019271199824288487,0.019088000059127808,0.002593890721657532,40,0.01583999954164028,0.0191040001809597,0.016571200080215932,0.01630400028079748,0.0007841812494287861,20,0.09136000275611877,0.10576000064611435,0.09613439999520779,0.0944799967110157,0.004008140077107661,20,0.019872000440955162,0.0225600004196167,0.020967999938875437,0.02070399932563305,0.0007320852616969171,20,0.03561599925160408,0.03759999945759773,0.03637759983539581,0.03619199991226196,0.0005832960860784215,20,0.01587199978530407,0.017503999173641205,0.016393599845469,0.016303999349474907,0.0004184665269054898,20,32,4,2048,768,151936,True,True,False,560,1,2048,768,generic,generic,,,CUDA_EVENT,BF16,none
0.0161920003592968,0.02518399991095066,0.01924879993312061,0.018976000137627125,0.00258700746838486,40,0.01548799965530634,0.01820800080895424,0.016371200000867246,0.0161920003592968,0.0005644532285957924,20,0.09164799749851227,0.10505600273609161,0.09438240081071854,0.09363199770450592,0.0029430349575983506,20,0.019967999309301376,0.02236800082027912,0.02074720002710819,0.020672000013291836,0.0005345318798910556,20,0.035071998834609985,0.03830400109291077,0.03605119995772839,0.036031998693943024,0.0007703567837689768,20,0.015807999297976494,0.01696000061929226,0.0164015999995172,0.016448000445961952,0.0003136123571832512,20,32,4,2048,768,151936,True,True,False,552,1,2048,768,generic,generic,,,CUDA_EVENT,BF16,none
0.016224000602960587,0.024960000067949295,0.019315999886021017,0.019247999414801598,0.0025951654303549075,40,0.015936000272631645,0.018144000321626663,0.01643359996378422,0.0163199994713068,0.0004880892080855254,20,0.09100800007581711,0.10345599800348282,0.09459359981119633,0.09430400282144547,0.002582906644488034,20,0.019936000928282738,0.022463999688625336,0.02089439993724227,0.020687999203801155,0.0006784809634287446,20,0.03363199904561043,0.03478400036692619,0.03422879986464977,0.03420799970626831,0.0002908789252462319,20,0.015776000916957855,0.01696000061929226,0.016347199957817794,0.0163199994713068,0.00030108486317004506,20,32,4,2048,768,151936,True,True,False,544,1,2048,768,generic,generic,,,CUDA_EVENT,BF16,none
0.016383999958634377,0.025407999753952026,0.01957360003143549,0.01928000058978796,0.0028461421997469,40,0.015584000386297703,0.01772800087928772,0.01662560016848147,0.016527999192476273,0.0004684996478434534,20,0.09177599847316742,0.10255999863147736,0.09449280016124248,0.09417600184679031,0.0024527091612538215,20,0.0197759997099638,0.02239999920129776,0.020699199941009282,0.02068800013512373,0.0005918939295964898,20,0.03283200040459633,0.03903999924659729,0.034371199831366536,0.03412799909710884,0.001185594633540863,20,0.015456000342965126,0.02287999913096428,0.0166512003634125,0.016256000846624374,0.0015016924191397394,20,32,4,2048,768,151936,True,True,False,536,1,2048,768,generic,generic,,,CUDA_EVENT,BF16,none
0.016256000846624374,0.024992000311613083,0.019193599978461862,0.01943999994546175,0.0024267860692406013,40,0.015584000386297703,0.01744000054895878,0.016308799991384147,0.016208000481128693,0.0004516736226909746,20,0.09043200314044952,0.10288000106811523,0.09476159960031509,0.09435199946165085,0.002652664817846267,20,0.019360000267624855,0.022431999444961548,0.02071839990094304,0.020687999203801155,0.0007213480392060729,20,0.038943998515605927,0.04179200157523155,0.04061279986053705,0.04049599915742874,0.0006946492631934776,20,0.012768000364303589,0.017343999817967415,0.01430880008265376,0.01411199988797307,0.0011479607970869652,20,32,4,2048,768,151936,True,True,False,528,1,2048,768,generic,generic,,,CUDA_EVENT,BF16,none
0.0161920003592968,0.02579200081527233,0.019449600065127016,0.019216000102460384,0.002599566281597118,40,0.015807999297976494,0.018144000321626663,0.016515199933201073,0.01640000008046627,0.000596343087116085,20,0.09212800115346909,0.10188800096511841,0.0946127999573946,0.09380799904465675,0.0024160167917246663,20,0.01958400011062622,0.022495999932289124,0.020579200144857167,0.020560000091791153,0.0006930715204939362,20,0.034591998904943466,0.036479998379945755,0.03523039985448122,0.03513599932193756,0.00042602940786150517,20,0.015744000673294067,0.017152000218629837,0.01629919996485114,0.01624000072479248,0.00036601546047013763,20,32,4,2048,768,151936,True,True,False,520,1,2048,768,generic,generic,,,CUDA_EVENT,BF16,none
0.0161920003592968,0.02457600086927414,0.01917599989101291,0.019023999571800232,0.0025545316231502676,40,0.015296000055968761,0.017184000462293625,0.016363200219348072,0.016431999392807484,0.0005215386689360854,20,0.09219200164079666,0.10230399668216705,0.09445439986884593,0.09404800087213516,0.0023516858774107518,20,0.019680000841617584,0.02630399912595749,0.020888000167906283,0.020336000248789787,0.0014568214577928061,20,0.030368000268936157,0.032416000962257385,0.030860800109803677,0.030704000033438206,0.000458550127918988,20,0.015424000099301338,0.016863999888300896,0.016134400246664883,0.016127999871969223,0.0004310624452747851,20,32,4,2048,768,151936,True,True,False,512,1,2048,768,generic,generic,,,CUDA_EVENT,BF16,none
0.016063999384641647,0.02521600015461445,0.01949599995277822,0.01939199957996607,0.0024819888380188887,40,0.015615999698638916,0.023679999634623528,0.016809599846601485,0.01643200032413006,0.001671279446566342,20,0.0926079973578453,0.10390400141477585,0.09468639977276325,0.09361599758267403,0.0026154884863277554,20,0.019711999222636223,0.022431999444961548,0.02056800005957484,0.020432000048458576,0.0005622241565755474,20,0.03276799991726875,0.03481600061058998,0.03379199970513582,0.033824000507593155,0.0005012880960493075,20,0.015647999942302704,0.01692800037562847,0.016142400074750186,0.01603199914097786,0.0003553981283970363,20,32,4,2048,768,151936,True,True,False,504,1,2048,768,generic,generic,,,CUDA_EVENT,BF16,none
0.015968000516295433,0.029055999591946602,0.019266399927437304,0.019167999736964703,0.002814293876812108,40,0.01568000018596649,0.017152000218629837,0.01627840008586645,0.016176000237464905,0.0004188333862528852,20,0.09164799749851227,0.09967999905347824,0.09456480033695698,0.09417600184679031,0.002081852185597236,20,0.01945599913597107,0.02208000048995018,0.020592000056058168,0.020640000700950623,0.0007095417476101288,20,0.03232000023126602,0.03471999987959862,0.033592000231146814,0.03359999880194664,0.0005152770844759225,20,0.015359999611973763,0.01708799973130226,0.016128000151365996,0.0161920003592968,0.0004014693148688916,20,32,4,2048,768,151936,True,True,False,496,1,2048,768,generic,generic,,,CUDA_EVENT,BF16,none
0.016383999958634377,0.02985600009560585,0.01981200007721782,0.019183999858796597,0.0031666357104886815,40,0.015936000272631645,0.01727999933063984,0.016385600063949825,0.0163199994713068,0.00030399579009547683,20,0.09196799993515015,0.10275200009346008,0.0953311998397112,0.09459199756383896,0.002807166073359459,20,0.019711999222636223,0.02687999978661537,0.020995200052857398,0.020639999769628048,0.0014503414377065001,20,0.033504001796245575,0.03513599932193756,0.03429599944502115,0.03441600129008293,0.000435937562746357,20,0.015519999898970127,0.01759999990463257,0.01630879994481802,0.01630400028079748,0.0005715629348370802,20,32,4,2048,768,151936,True,True,False,488,1,2048,768,generic,generic,,,CUDA_EVENT,BF16,none
0.01616000011563301,0.026048000901937485,0.019544799998402595,0.019423999823629856,0.0026157969555362067,40,0.01568000018596649,0.017535999417304993,0.01652800003066659,0.016448000445961952,0.0005098454179918935,20,0.09158399701118469,0.1035199984908104,0.09483039975166321,0.09443199634552002,0.0023207054793104942,20,0.02006400004029274,0.025439999997615814,0.02095519993454218,0.020687999203801155,0.0011305231787793882,20,0.03455999866127968,0.03654399886727333,0.03543520011007786,0.03540800139307976,0.0004222634391261964,20,0.015424000099301338,0.01756799966096878,0.016228799941018224,0.016224000602960587,0.0005008050637937536,20,32,4,2048,768,151936,True,True,False,480,1,2048,768,generic,generic,,,CUDA_EVENT,BF16,none
0.01635199971497059,0.025407999753952026,0.019340799935162068,0.02062400057911873,0.002380171846775228,40,0.01548799965530634,0.022112000733613968,0.016596800135448574,0.016143999993801117,0.001387423350154848,20,0.0915519967675209,0.107744000852108,0.09500319920480252,0.09435199946165085,0.0033831781803958243,20,0.01974399946630001,0.02252800017595291,0.02060160003602505,0.020640000700950623,0.0006693739876554127,20,0.029600000008940697,0.03200000151991844,0.03081920025870204,0.030880000442266464,0.0005982289924070806,20,0.015359999611973763,0.016863999888300896,0.016054400010034442,0.01607999950647354,0.0004577342269999499,20,32,4,2048,768,151936,True,True,False,472,1,2048,768,generic,generic,,,CUDA_EVENT,BF16,none
0.0163199994713068,0.026944000273942947,0.0194967997726053,0.019248000346124172,0.002869117068126249,40,0.01568000018596649,0.017696000635623932,0.016275200247764587,0.016224000602960587,0.0005123398433684475,20,0.09296000003814697,0.10841599851846695,0.09603200070559978,0.09451199695467949,0.003909910288916558,20,0.019680000841617584,0.022304000332951546,0.020635200012475253,0.020639999769628048,0.0006465485162496867,20,0.035679999738931656,0.03811199963092804,0.03708799984306097,0.03718400001525879,0.0006554921583838524,20,0.014976000413298607,0.01708799973130226,0.016148799983784556,0.016143999993801117,0.00047022308813137077,20,32,4,2048,768,151936,True,True,False,464,1,2048,768,generic,generic,,,CUDA_EVENT,BF16,none
0.016095999628305435,0.02566399984061718,0.019427999993786214,0.019952000118792057,0.0025199180989686656,40,0.015647999942302704,0.01849599927663803,0.016542400140315293,0.016320000402629375,0.0006607417999672598,20,0.09158399701118469,0.1035199984908104,0.09524959959089756,0.0944959968328476,0.002819152524996429,20,0.01929599978029728,0.022463999688625336,0.02074400018900633,0.020640000700950623,0.0007882578940855722,20,0.033215999603271484,0.03545600175857544,0.03399679996073246,0.034015998244285583,0.00048036292410807036,20,0.015168000012636185,0.017535999417304993,0.01603840012103319,0.01595200039446354,0.0005262613097592286,20,32,4,2048,768,151936,True,True,False,456,1,2048,768,generic,generic,,,CUDA_EVENT,BF16,none
0.016256000846624374,0.025248000398278236,0.019345599925145507,0.01915199961513281,0.0026358459305714055,40,0.01583999954164028,0.01817600056529045,0.01650880016386509,0.016383999958634377,0.0005385991401539753,20,0.09212800115346909,0.10374400019645691,0.09497600011527538,0.09404800087213516,0.002657849972659018,20,0.019936000928282738,0.02489599958062172,0.021070399973541497,0.02084799949079752,0.0010839205055024306,20,0.030400000512599945,0.0326399989426136,0.031300800293684004,0.031328000128269196,0.000518189980142589,20,0.01548799965530634,0.017152000218629837,0.01623999997973442,0.0163199994713068,0.00040810990631508356,20,32,4,2048,768,151936,True,True,False,448,1,2048,768,generic,generic,,,CUDA_EVENT,BF16,none
0.016127999871969223,0.025439999997615814,0.019473599921911954,0.01921599917113781,0.0026837963673855447,40,0.01568000018596649,0.0180479995906353,0.016353599727153778,0.016287999227643013,0.0005396034206597048,20,0.09212800115346909,0.1037760004401207,0.09489759989082813,0.09441599994897842,0.0023928744575814507,20,0.019840000197291374,0.02223999984562397,0.020675200037658215,0.020623999647796154,0.0005593962700527239,20,0.0297279991209507,0.03222399950027466,0.031196800339967013,0.031408000737428665,0.0007026097378552258,20,0.015072000212967396,0.02022399939596653,0.016220799880102277,0.016063999384641647,0.0010077153759050874,20,32,4,2048,768,151936,True,True,False,440,1,2048,768,generic,generic,,,CUDA_EVENT,BF16,none
0.016287999227643013,0.02723200060427189,0.019920799974352123,0.020655999891459942,0.0030149112043697714,40,0.015647999942302704,0.018303999677300453,0.016473599802702667,0.01649599988013506,0.0005157461949170102,20,0.09174399822950363,0.1117440015077591,0.09604319930076599,0.09516799822449684,0.004242798296690218,20,0.01974399946630001,0.02175999991595745,0.02064640009775758,0.02068800013512373,0.0005952860793906131,20,0.03215999901294708,0.03411199897527695,0.03304479978978634,0.03299199976027012,0.0004851221828279484,20,0.015519999898970127,0.018144000321626663,0.016206400003284216,0.016095999628305435,0.0006066911697940957,20,32,4,2048,768,151936,True,True,False,432,1,2048,768,generic,generic,,,CUDA_EVENT,BF16,none
0.016127999871969223,0.025439999997615814,0.0191535999532789,0.019023999571800232,0.002453587887146581,40,0.015552000142633915,0.01759999990463257,0.016371200000867246,0.016335999593138695,0.00046575103001844246,20,0.09158399701118469,0.10393600165843964,0.09474719949066639,0.09401600062847137,0.003090300412936889,20,0.01974399946630001,0.021888000890612602,0.020531200151890517,0.02027199976146221,0.0006602711600614778,20,0.03033600002527237,0.03324799984693527,0.03147520013153553,0.031231999397277832,0.0008826084487516718,20,0.01532800029963255,0.016863999888300896,0.015993599873036148,0.015984000638127327,0.00039744443739621777,20,32,4,2048,768,151936,True,True,False,424,1,2048,768,generic,generic,,,CUDA_EVENT,BF16,none
0.015968000516295433,0.026559999212622643,0.019473599921911954,0.019231999292969704,0.0027444262781452454,40,0.015615999698638916,0.017791999503970146,0.01651680003851652,0.016416000202298164,0.0005515962654691466,20,0.09225600212812424,0.10787200182676315,0.09567999988794326,0.09471999853849411,0.00334181695018566,20,0.019807999953627586,0.023871999233961105,0.02097280016168952,0.020655999891459942,0.001059455903732398,20,0.030368000268936157,0.03388800099492073,0.03165920050814748,0.031183999963104725,0.0009787649065398636,20,0.015519999898970127,0.017184000462293625,0.01613759999163449,0.016063999384641647,0.00042321137700548445,20,32,4,2048,768,151936,True,True,False,416,1,2048,768,generic,generic,,,CUDA_EVENT,BF16,none
0.01616000011563301,0.02409599907696247,0.01921520000323653,0.01950399950146675,0.002429714521751952,40,0.015584000386297703,0.01788800023496151,0.01630239994265139,0.0162559999153018,0.000471223688923262,20,0.0915519967675209,0.10108800232410431,0.09465279914438725,0.09374399855732918,0.0024214278043060487,20,0.019392000511288643,0.02143999934196472,0.020438400004059075,0.020464000292122364,0.0005751191184223414,20,0.030912000685930252,0.03235200047492981,0.0316240000538528,0.03160000033676624,0.0003843829076718477,20,0.015552000142633915,0.01696000061929226,0.01602879986166954,0.015999999828636646,0.0003576134188354544,20,32,4,2048,768,151936,True,True,False,408,1,2048,768,generic,generic,,,CUDA_EVENT,BF16,none
0.016607999801635742,0.026335999369621277,0.019816800020635128,0.020655999891459942,0.0026654673481659587,40,0.01539199985563755,0.017152000218629837,0.016243199771270155,0.01616000011563301,0.0004713241949301765,20,0.09132800251245499,0.10294400155544281,0.09530560038983822,0.094480000436306,0.002596422462367268,20,0.019360000267624855,0.021727999672293663,0.02066079992800951,0.020704000256955624,0.000593793924792444,20,0.03654399886727333,0.03951999917626381,0.03804320003837347,0.03827200084924698,0.0008988684248541657,20,0.01571200042963028,0.01727999933063984,0.01642879992723465,0.016383999958634377,0.0004159260942756231,20,32,4,2048,768,151936,True,True,False,400,1,2048,768,generic,generic,,,CUDA_EVENT,BF16,none
0.015936000272631645,0.025087999179959297,0.019049600046128035,0.019744000397622585,0.002427007470954611,40,0.015584000386297703,0.017503999173641205,0.016382400086149572,0.016335999593138695,0.0005510576839917172,20,0.09177599847316742,0.10262399911880493,0.09494079910218715,0.09411200135946274,0.0030494149016096787,20,0.019392000511288643,0.02147199958562851,0.02037599980831146,0.020479999482631683,0.0004951087885168356,20,0.03001599945127964,0.03465599939227104,0.03181440001353621,0.031328000128269196,0.001361433697821214,20,0.01548799965530634,0.017535999417304993,0.016203199932351708,0.01616000011563301,0.0004150481996748363,20,32,4,2048,768,151936,True,True,False,392,1,2048,768,generic,generic,,,CUDA_EVENT,BF16,none
0.0161920003592968,0.02537599951028824,0.019322400027886034,0.01897599920630455,0.0024969216538575935,40,0.015296000055968761,0.01833599992096424,0.016318400064483284,0.01624000072479248,0.0006768189595093464,20,0.09216000139713287,0.10345599800348282,0.09501600004732609,0.09428799897432327,0.0025033704835237284,20,0.019840000197291374,0.021727999672293663,0.020577599946409463,0.020576000213623047,0.0004527151192559715,20,0.032127998769283295,0.03440000116825104,0.032948799803853034,0.03278400003910065,0.000644088911784666,20,0.015647999942302704,0.016896000131964684,0.016144000086933376,0.016063999384641647,0.0003751649597586684,20,32,4,2048,768,151936,True,True,False,384,1,2048,768,generic,generic,,,CUDA_EVENT,BF16,none
0.015968000516295433,0.027168000116944313,0.01928320014849305,0.019472000189125538,0.00274344523144252,40,0.01548799965530634,0.020896000787615776,0.016724799992516637,0.01648000068962574,0.0010505205510719718,20,0.09126400202512741,0.10604800283908844,0.09542720057070256,0.09497600048780441,0.0031076584214462023,20,0.020128000527620316,0.02160000056028366,0.02063519982621074,0.020639999769628048,0.00042684619194568915,20,0.029983999207615852,0.036959998309612274,0.03105119988322258,0.030704000033438206,0.0014373048330962534,20,0.015744000673294067,0.017184000462293625,0.016187200043350457,0.01611199975013733,0.0003796114554538842,20,32,4,2048,768,151936,True,True,False,376,1,2048,768,generic,generic,,,CUDA_EVENT,BF16,none
0.016127999871969223,0.02643200010061264,0.019180800020694732,0.019248000346124172,0.0025637951058433174,40,0.015776000916957855,0.017216000705957413,0.016350399982184172,0.016256000846624374,0.0004537320027601339,20,0.09171199798583984,0.10646399855613708,0.09568159990012645,0.09507199749350548,0.0033943003815281856,20,0.019519999623298645,0.02643200010061264,0.020851199980825186,0.020576000213623047,0.0013808435762276692,20,0.03136000037193298,0.03270399942994118,0.03193120006471872,0.03187200054526329,0.00040657272851737247,20,0.015776000916957855,0.01692800037562847,0.016230399999767543,0.016143999993801117,0.0003407062301815605,20,32,4,2048,768,151936,True,True,False,368,1,2048,768,generic,generic,,,CUDA_EVENT,BF16,none
0.01600000075995922,0.02473600022494793,0.01937680011615157,0.01915199961513281,0.0025947539928978533,40,0.015552000142633915,0.017376000061631203,0.016465600347146392,0.016512000001966953,0.0004998021687940452,20,0.09276799857616425,0.10278400033712387,0.09597599990665913,0.09467199817299843,0.003052653797311636,20,0.019840000197291374,0.023455999791622162,0.020961600076407193,0.020848000422120094,0.0007950228038272182,20,0.0326399989426136,0.037728000432252884,0.03370559997856617,0.03359999880194664,0.0010228044524301424,20,0.01548799965530634,0.017632000148296356,0.016145599912852047,0.01603199914097786,0.0004918511625059063,20,32,4,2048,768,151936,True,True,False,360,1,2048,768,generic,generic,,,CUDA_EVENT,BF16,none
0.016416000202298164,0.027648000046610832,0.01963999979197979,0.01943999994546175,0.002669524507932156,40,0.01568000018596649,0.018303999677300453,0.016428800113499165,0.016176000237464905,0.0006034692297527397,20,0.09222400188446045,0.1066880002617836,0.09626079984009266,0.09491200000047684,0.003621140313465835,20,0.019840000197291374,0.021856000646948814,0.02064160006120801,0.020560000091791153,0.0005532830843330684,20,0.032416000962257385,0.034304000437259674,0.03319359999150038,0.03319999948143959,0.00048573627300108936,20,0.015231999568641186,0.017535999417304993,0.016024000104516746,0.015904000028967857,0.0004893881905406118,20,32,4,2048,768,151936,True,True,False,352,1,2048,768,generic,generic,,,CUDA_EVENT,BF16,none
0.015968000516295433,0.026655999943614006,0.019309599976986648,0.01905599981546402,0.0026331342315073477,40,0.01568000018596649,0.017791999503970146,0.016348800249397756,0.016224000602960587,0.0005238526032000994,20,0.09219200164079666,0.10963200032711029,0.09498080089688302,0.09400000050663948,0.003781734831199082,20,0.019487999379634857,0.022112000733613968,0.020497599989175795,0.020383999682962894,0.0005974218432729201,20,0.029888000339269638,0.031168000772595406,0.030382400192320348,0.03030399978160858,0.00032103434904808887,20,0.01539199985563755,0.01775999926030636,0.016188800055533647,0.016176000237464905,0.0005612237655532584,20,32,4,2048,768,151936,True,True,False,344,1,2048,768,generic,generic,,,CUDA_EVENT,BF16,none
0.016063999384641647,0.027327999472618103,0.01977919992059469,0.01950399950146675,0.0031930145822751128,40,0.015744000673294067,0.017472000792622566,0.01630880022421479,0.0161920003592968,0.0004569703048098561,20,0.09270399808883667,0.10915199667215347,0.09573439992964268,0.09462399780750275,0.004290113942166972,20,0.01990400068461895,0.022784000262618065,0.020684799924492837,0.020527999848127365,0.0006189663048240407,20,0.03455999866127968,0.036448001861572266,0.03521920014172793,0.03526400029659271,0.00046255269734449576,20,0.015807999297976494,0.01708799973130226,0.0162495999597013,0.016176000237464905,0.0003116674710126226,20,32,4,2048,768,151936,True,True,False,336,1,2048,768,generic,generic,,,CUDA_EVENT,BF16,none
0.0163199994713068,0.026399999856948853,0.019491200149059296,0.019472000189125538,0.0025374185379625335,40,0.015744000673294067,0.019071999937295914,0.016707200091332197,0.01664000004529953,0.000675336341337394,20,0.09059199690818787,0.12121599912643433,0.09553279988467693,0.09379199892282486,0.006241274909920348,20,0.019328000023961067,0.022207999601960182,0.020232000015676023,0.020015999674797058,0.0006396697329378113,20,0.03372799977660179,0.037408001720905304,0.03478880003094673,0.034623999148607254,0.0007996979846771662,20,0.01548799965530634,0.016831999644637108,0.01613119998946786,0.016127999871969223,0.0003886252895065035,20,32,4,2048,768,151936,True,True,False,328,1,2048,768,generic,generic,,,CUDA_EVENT,BF16,none
0.016224000602960587,0.025919999927282333,0.019261599937453865,0.01923200022429228,0.002570711442191304,40,0.015552000142633915,0.017632000148296356,0.016396799916401507,0.016383999958634377,0.000454399981339476,20,0.09308800101280212,0.10771200060844421,0.09575520046055316,0.09504000097513199,0.003162973934902148,20,0.019680000841617584,0.022624000906944275,0.020657600089907645,0.02046399936079979,0.00073233706395997,20,0.029440000653266907,0.03171199932694435,0.030315199866890907,0.03024000022560358,0.0006191213330669138,20,0.015263999812304974,0.019328000023961067,0.01628480004146695,0.01607999950647354,0.0008748298823847777,20,32,4,2048,768,151936,True,True,False,320,1,2048,768,generic,generic,,,CUDA_EVENT,BF16,none
0.01648000068962574,0.025696000084280968,0.019480800023302436,0.01934400014579296,0.0024543028912793925,40,0.015807999297976494,0.01775999926030636,0.016460799798369407,0.01640000008046627,0.00043658613877505653,20,0.09296000003814697,0.1034879982471466,0.09580000005662441,0.09529599919915199,0.002209062802773743,20,0.019648000597953796,0.021695999428629875,0.020588800124824048,0.02051199972629547,0.0005479758512565018,20,0.026688000187277794,0.03302399814128876,0.027860799804329872,0.027648000046610832,0.001242748624401216,20,0.015519999898970127,0.016992000862956047,0.01620320025831461,0.01635199971497059,0.00042019730703750385,20,32,4,2048,768,151936,True,True,False,312,1,2048,768,generic,generic,,,CUDA_EVENT,BF16,none
0.0163199994713068,0.02627200074493885,0.019162400020286442,0.01896000001579523,0.0025176792934582383,40,0.015776000916957855,0.017311999574303627,0.016166399978101254,0.01600000075995922,0.0003948596651072259,20,0.09158399701118469,0.10979200154542923,0.09523839987814427,0.0939360000193119,0.0038218590954673818,20,0.019551999866962433,0.021183999255299568,0.020404799934476615,0.020336000248789787,0.00046507734099933114,20,0.027583999559283257,0.03062400035560131,0.02904960000887513,0.029152000322937965,0.0005874072184125169,20,0.015359999611973763,0.01708799973130226,0.016076800227165223,0.015968000516295433,0.00039105522237757503,20,32,4,2048,768,151936,True,True,False,304,1,2048,768,generic,generic,,,CUDA_EVENT,BF16,none
0.016127999871969223,0.025536000728607178,0.019134400179609656,0.019183999858796597,0.0025436775909270693,40,0.015647999942302704,0.01724799908697605,0.016360000148415564,0.016367999836802483,0.000425596857983485,20,0.09120000153779984,0.10198400169610977,0.09479199983179569,0.09455999732017517,0.0023668514391299283,20,0.019392000511288643,0.02582399919629097,0.02098400006070733,0.020432000048458576,0.001657985070815265,20,0.027807999402284622,0.030848000198602676,0.02995359981432557,0.029983999207615852,0.0006282501460282753,20,0.01539199985563755,0.017216000705957413,0.016016000136733054,0.01600000075995922,0.0004196151140818933,20,32,4,2048,768,151936,True,True,False,296,1,2048,768,generic,generic,,,CUDA_EVENT,BF16,none
0.016127999871969223,0.024800000712275505,0.019367200136184693,0.02060799952596426,0.0025897124655864553,40,0.015296000055968761,0.022752000018954277,0.016689600003883243,0.016367999836802483,0.001478471863547265,20,0.0926079973578453,0.10585600137710571,0.09516479969024658,0.09412800148129463,0.003070481782168884,20,0.019551999866962433,0.02160000056028366,0.020380800124257803,0.02027199976146221,0.0005086793224519523,20,0.03187200054526329,0.034432001411914825,0.03289120011031628,0.032896000891923904,0.0006297802460976133,20,0.015231999568641186,0.01775999926030636,0.016105599980801345,0.015904000028967857,0.0005142051764303702,20,32,4,2048,768,151936,True,True,False,288,1,2048,768,generic,generic,,,CUDA_EVENT,BF16,none
0.016224000602960587,0.025919999927282333,0.01961200009100139,0.02073600050061941,0.0025603818612244316,40,0.015647999942302704,0.018079999834299088,0.0164959997870028,0.01635199971497059,0.000679614102777146,20,0.0928959995508194,0.10288000106811523,0.09539200030267239,0.0950080007314682,0.002129142643429151,20,0.019936000928282738,0.021888000890612602,0.020592000056058168,0.020527999848127365,0.000461676950344447,20,0.026688000187277794,0.028224000707268715,0.027609600126743315,0.02766399923712015,0.0004239970382042503,20,0.015296000055968761,0.017152000218629837,0.01610719971358776,0.016063999384641647,0.00041418373314470384,20,32,4,2048,768,151936,True,True,False,280,1,2048,768,generic,generic,,,CUDA_EVENT,BF16,none
0.016383999958634377,0.0261439997702837,0.01968560004606843,0.01943999994546175,0.002659822683467616,40,0.015936000272631645,0.01788800023496151,0.01653759991750121,0.016416000202298164,0.00048229827880105986,20,0.09257599711418152,0.1034879982471466,0.09601279981434345,0.09569599851965904,0.0025161723149422642,20,0.019392000511288643,0.021536000072956085,0.020299200154840946,0.020320000126957893,0.00043126152546908627,20,0.03379200026392937,0.04095999896526337,0.03488000016659498,0.034671999514102936,0.001454469162728966,20,0.01548799965530634,0.01692800037562847,0.016004799911752344,0.01592000015079975,0.0003582393688096314,20,32,4,2048,768,151936,True,True,False,272,1,2048,768,generic,generic,,,CUDA_EVENT,BF16,none
0.016416000202298164,0.026464000344276428,0.019929599994793535,0.01967999991029501,0.002871830197986839,40,0.01548799965530634,0.023903999477624893,0.017183999856933953,0.01651199907064438,0.0022755353254193885,20,0.09279999881982803,0.1027199998497963,0.09620000049471855,0.09544000029563904,0.002465970575258829,20,0.019328000023961067,0.027456000447273254,0.020816000178456306,0.020496000535786152,0.0016548208572835156,20,0.03190400078892708,0.03356799855828285,0.03274399992078543,0.03270399942994118,0.00048009316535339234,20,0.01587199978530407,0.017343999817967415,0.016667199973016977,0.016656000167131424,0.0003700499057219022,20,32,4,2048,768,151936,True,True,False,264,1,2048,768,generic,generic,,,CUDA_EVENT,BF16,none
0.016224000602960587,0.02550400048494339,0.019355200137943028,0.019183999858796597,0.0025918672361596473,40,0.01571200042963028,0.018624000251293182,0.016811200231313706,0.016607999801635742,0.0007948812221122879,20,0.09196799993515015,0.10540799796581268,0.09624640010297299,0.09467199817299843,0.0037334972488693888,20,0.019231999292969704,0.021247999742627144,0.020267200097441672,0.02022399939596653,0.0005273960535872646,20,0.027583999559283257,0.029343999922275543,0.028247999772429467,0.028144000098109245,0.00043828029458730674,20,0.015552000142633915,0.01708799973130226,0.016147199971601366,0.01595200039446354,0.00046122185329934096,20,32,4,2048,768,151936,True,True,False,256,1,2048,768,generic,generic,,,CUDA_EVENT,BF16,none
0.016287999227643013,0.02505600079894066,0.019522400014102458,0.01918400079011917,0.002587743633195205,40,0.015615999698638916,0.018719999119639397,0.016508799977600574,0.01635199971497059,0.0006948420606215147,20,0.09238400310277939,0.10572800040245056,0.09624800011515618,0.09545600041747093,0.003264515742126013,20,0.019168000668287277,0.021983999758958817,0.020372800156474115,0.020255999639630318,0.0008630083906416351,20,0.02675200067460537,0.03465599939227104,0.02863680003210902,0.0284000001847744,0.0015133968666517963,20,0.015263999812304974,0.022592000663280487,0.016524799866601825,0.01624000072479248,0.0014743426158877308,20,32,4,2048,768,151936,True,True,False,248,1,2048,768,generic,generic,,,CUDA_EVENT,BF16,none
0.016383999958634377,0.0261439997702837,0.019348799949511886,0.019008000381290913,0.0025802256270277277,40,0.015615999698638916,0.017632000148296356,0.016230399999767543,0.016127999871969223,0.0005019616169245535,20,0.09180799871683121,0.10633599758148193,0.09590240009129047,0.09462399780750275,0.0038101701140393703,20,0.019519999623298645,0.02223999984562397,0.020398399978876113,0.020351999439299107,0.0007190732380529302,20,0.028063999488949776,0.02956799976527691,0.029012799728661776,0.02908799983561039,0.00039997112066064955,20,0.015584000386297703,0.023744000121951103,0.016547199944034217,0.016095999628305435,0.0016980184287617992,20,32,4,2048,768,151936,True,True,False,240,1,2048,768,generic,generic,,,CUDA_EVENT,BF16,none
0.01603199914097786,0.025567999109625816,0.01951439995318651,0.019392000511288643,0.0026217832935034797,40,0.015615999698638916,0.017472000792622566,0.016376000083982944,0.01635199971497059,0.0004125240058840785,20,0.09225600212812424,0.10732799768447876,0.09597600027918815,0.09513600170612335,0.0032704381939065354,20,0.019360000267624855,0.022016000002622604,0.020008000172674657,0.019840000197291374,0.0006485724774059262,20,0.03215999901294708,0.03497600182890892,0.03354880008846521,0.033663999289274216,0.0007942451114812989,20,0.015647999942302704,0.01696000061929226,0.016264000069350006,0.01611199975013733,0.0003779355088370227,20,32,4,2048,768,151936,True,True,False,232,1,2048,768,generic,generic,,,CUDA_EVENT,BF16,none
0.0163199994713068,0.027744000777602196,0.019368799962103368,0.019216000102460384,0.002680704352697966,40,0.015519999898970127,0.022048000246286392,0.016739199915900827,0.016303999349474907,0.0013726434952417849,20,0.09212800115346909,0.1085439994931221,0.09565119966864585,0.09459199756383896,0.0038017410214545144,20,0.01897599920630455,0.022592000663280487,0.020107199810445307,0.01988799963146448,0.0008599179313084742,20,0.028960000723600388,0.031968001276254654,0.030651200376451016,0.030767999589443207,0.0007228938595249984,20,0.015359999611973763,0.017152000218629837,0.015988800069317223,0.015855999663472176,0.00044123744567323527,20,32,4,2048,768,151936,True,True,False,224,1,2048,768,generic,generic,,,CUDA_EVENT,BF16,none
0.016383999958634377,0.026240000501275063,0.019359199889004232,0.019135999493300915,0.0026069739771441107,40,0.015424000099301338,0.01740800030529499,0.016260799951851368,0.016176000237464905,0.0004903705617006172,20,0.09254399687051773,0.10291200131177902,0.09482559971511365,0.09409600123763084,0.002372107005115931,20,0.01894400082528591,0.021183999255299568,0.01996960015967488,0.019952000118792057,0.00048524848477824085,20,0.027775999158620834,0.02924799919128418,0.028388799726963045,0.028335999697446823,0.00039208486886540503,20,0.01532800029963255,0.01775999926030636,0.016054400010034442,0.01595200039446354,0.0005331720666375932,20,32,4,2048,768,151936,True,True,False,216,1,2048,768,generic,generic,,,CUDA_EVENT,BF16,none
0.016063999384641647,0.026240000501275063,0.019154399959370495,0.018799999728798866,0.002618089942040809,40,0.015552000142633915,0.02127999998629093,0.01653439993970096,0.01611199975013733,0.001199513486394885,20,0.0915519967675209,0.10502400249242783,0.09528160020709038,0.09462399780750275,0.002862283244971606,20,0.019200000911951065,0.022624000906944275,0.020176000241190196,0.020031999796628952,0.0007662315166881463,20,0.032127998769283295,0.03440000116825104,0.03282880019396543,0.032655999064445496,0.0005543397504633667,20,0.015807999297976494,0.01708799973130226,0.01628000009804964,0.01624000072479248,0.00037793557389291543,20,32,4,2048,768,151936,True,True,False,208,1,2048,768,generic,generic,,,CUDA_EVENT,BF16,none
0.016383999958634377,0.02751999907195568,0.01957200011238456,0.019472000189125538,0.002719959303780635,40,0.015647999942302704,0.017503999173641205,0.01644959980621934,0.01640000008046627,0.0004818603983944116,20,0.09238400310277939,0.10463999956846237,0.09547839984297753,0.09513600170612335,0.0028680305549133025,20,0.01945599913597107,0.026464000344276428,0.020724800042808057,0.020447999238967896,0.0014193100694454327,20,0.0306560005992651,0.03292800113558769,0.032073599938303235,0.03215999901294708,0.0006302537135326658,20,0.015744000673294067,0.017055999487638474,0.016385599877685307,0.016416000202298164,0.00036548336086487113,20,32,4,2048,768,151936,True,True,False,200,1,2048,768,generic,generic,,,CUDA_EVENT,BF16,none
0.01603199914097786,0.0261439997702837,0.019297599978744983,0.019088000059127808,0.0028452206205808604,40,0.01568000018596649,0.021536000072956085,0.016567999962717295,0.0161920003592968,0.0012530717316772018,20,0.09308800101280212,0.11276800185441971,0.09607519954442978,0.09520000219345093,0.004164714821929719,20,0.019551999866962433,0.022816000506281853,0.020513600017875434,0.020479999482631683,0.0007354763310468707,20,0.029888000339269638,0.033215999603271484,0.030963200237601997,0.0307839997112751,0.0008256619452762405,20,0.015615999698638916,0.017664000391960144,0.01631039995700121,0.016256000846624374,0.0005004804912520079,20,32,4,2048,768,151936,True,True,False,192,1,2048,768,generic,generic,,,CUDA_EVENT,BF16,none
0.016672000288963318,0.030368000268936157,0.019968800013884902,0.019360000267624855,0.0029666648472161427,40,0.01548799965530634,0.017632000148296356,0.016574399964883923,0.016607999801635742,0.0004855652363013643,20,0.09174399822950363,0.1021760031580925,0.09501600004732609,0.094224002212286,0.002516040371621288,20,0.019487999379634857,0.022112000733613968,0.02013120027258992,0.02006400004029274,0.0005616798479249739,20,0.031039999797940254,0.03286400064826012,0.032097600121051076,0.03206400014460087,0.00041581243669532763,20,0.015968000516295433,0.017472000792622566,0.01650880016386509,0.016335999593138695,0.0004347645917971043,20,32,4,2048,768,151936,True,True,False,184,1,2048,768,generic,generic,,,CUDA_EVENT,BF16,none
0.016095999628305435,0.02550400048494339,0.019103199848905204,0.019056000746786594,0.002611634218564926,40,0.01548799965530634,0.02239999920129776,0.016600000066682698,0.016288000158965588,0.001383194947076815,20,0.08972799777984619,0.10220800340175629,0.0943071998655796,0.09428800269961357,0.0025813895415353547,20,0.01881599985063076,0.02160000056028366,0.02010880019515753,0.020080000162124634,0.0006389913403489972,20,0.03046399913728237,0.031808000057935715,0.031088000070303677,0.031055999919772148,0.0003154071867182195,20,0.015584000386297703,0.016896000131964684,0.016308799991384147,0.016383999958634377,0.0003825671772080637,20,32,4,2048,768,151936,True,True,False,176,1,2048,768,generic,generic,,,CUDA_EVENT,BF16,none
0.01648000068962574,0.02582399919629097,0.019298400031402707,0.019279999658465385,0.0024425288519305606,40,0.01600000075995922,0.018015999346971512,0.0165760001167655,0.01648000068962574,0.0005103974605784801,20,0.09228800237178802,0.10899200290441513,0.0959072008728981,0.094480000436306,0.004089957207722447,20,0.019071999937295914,0.02179200015962124,0.02003519991412759,0.01990400068461895,0.0005883912457367261,20,0.03014400042593479,0.03232000023126602,0.031108800135552884,0.03115200065076351,0.000489743843459115,20,0.01583999954164028,0.017152000218629837,0.01637599999085069,0.016287999227643013,0.00032803925094329996,20,32,4,2048,768,151936,True,True,False,168,1,2048,768,generic,generic,,,CUDA_EVENT,BF16,none
0.015647999942302704,0.02630399912595749,0.0194279998075217,0.01899200025945902,0.0027727052460403494,40,0.01583999954164028,0.01772800087928772,0.016481600049883128,0.016272000037133694,0.0005219509930746985,20,0.09200000017881393,0.1058880016207695,0.09540960006415844,0.09486399963498116,0.0031171103400235147,20,0.019360000267624855,0.0272000003606081,0.02073280019685626,0.019936000928282738,0.001901346579034029,20,0.03145600110292435,0.03299200162291527,0.03232479989528656,0.03223999962210655,0.00041799851290701747,20,0.015647999942302704,0.017184000462293625,0.01624000007286668,0.01607999950647354,0.00042926553921405054,20,32,4,2048,768,151936,True,True,False,160,1,2048,768,generic,generic,,,CUDA_EVENT,BF16,none
0.016448000445961952,0.024671999737620354,0.019353600079193713,0.019120000302791595,0.0024933545542211812,40,0.015776000916957855,0.017503999173641205,0.016444799955934286,0.016416000202298164,0.0004719211632320273,20,0.09385599941015244,0.10543999820947647,0.0961680006235838,0.0949920006096363,0.0030675443692940473,20,0.019328000023961067,0.022143999114632607,0.020494400057941675,0.020239999517798424,0.0007514533054057674,20,0.02908799983561039,0.03171199932694435,0.03085440006107092,0.030848000198602676,0.0005715026698741354,20,0.015296000055968761,0.01740800030529499,0.01635520001873374,0.016464000567793846,0.0005946233920835588,20,32,4,2048,768,151936,True,True,False,152,1,2048,768,generic,generic,,,CUDA_EVENT,BF16,none
0.015968000516295433,0.025119999423623085,0.019455999974161385,0.019231999292969704,0.002598441323467602,40,0.015456000342965126,0.017823999747633934,0.016409600060433148,0.016352000646293163,0.0005106582364647246,20,0.0923520028591156,0.1043199971318245,0.09593279920518398,0.09471999853849411,0.002866400580111909,20,0.018783999606966972,0.02191999927163124,0.020131199900060893,0.02000000048428774,0.0009217387989982992,20,0.03046399913728237,0.031808000057935715,0.03099359991028905,0.030832000076770782,0.0003820584654134421,20,0.015424000099301338,0.017632000148296356,0.01631199992261827,0.016224000602960587,0.0005736730138770058,20,32,4,2048,768,151936,True,True,False,144,1,2048,768,generic,generic,,,CUDA_EVENT,BF16,none
0.016448000445961952,0.02723200060427189,0.019543199939653276,0.018991999328136444,0.0029402062538367033,40,0.015776000916957855,0.01894400082528591,0.016569599974900484,0.016367999836802483,0.0006969539962728249,20,0.09228800237178802,0.11196800321340561,0.09655040018260479,0.09582400321960449,0.0042025593663976195,20,0.019648000597953796,0.022816000506281853,0.020560000184923412,0.02035200037062168,0.000793477173806217,20,0.02921600081026554,0.0318400003015995,0.030508800223469735,0.030512000434100628,0.0006758289796224019,20,0.015359999611973763,0.02191999927163124,0.016582399886101485,0.016287999227643013,0.0013607563320709045,20,32,4,2048,768,151936,True,True,False,136,1,2048,768,generic,generic,,,CUDA_EVENT,BF16,none
0.01583999954164028,0.02627200074493885,0.01923599997535348,0.019952000118792057,0.0027124053680369696,40,0.015807999297976494,0.019360000267624855,0.016566400043666364,0.016383999958634377,0.0007743802417873533,20,0.09283199906349182,0.10681600123643875,0.09606559984385968,0.09512000158429146,0.002907328230734678,20,0.01913600042462349,0.022048000246286392,0.020116800162941217,0.01998399943113327,0.0006207731210920611,20,0.027744000777602196,0.03001599945127964,0.028427199833095072,0.02836799994111061,0.0005229111653634248,20,0.015744000673294067,0.017023999243974686,0.01627359986305237,0.016207999549806118,0.0003367572007982772,20,32,4,2048,768,151936,True,True,False,128,1,2048,768,generic,generic,,,CUDA_EVENT,BF16,none
0.016416000202298164,0.02582399919629097,0.019519999902695418,0.01921599917113781,0.0025762982285177705,40,0.01568000018596649,0.017855999991297722,0.016376000177115203,0.016256000846624374,0.0005210082035500478,20,0.09247999638319016,0.1064319983124733,0.09598559960722923,0.0952800028026104,0.002967307347951745,20,0.01913600042462349,0.0226879995316267,0.020136000029742716,0.019999999552965164,0.0007367559609236368,20,0.028351999819278717,0.03030399978160858,0.029009600076824425,0.028944000601768494,0.00048376907798164094,20,0.015807999297976494,0.017472000792622566,0.016436800081282853,0.016367999836802483,0.00038616393357311364,20,32,4,2048,768,151936,True,True,False,120,1,2048,768,generic,generic,,,CUDA_EVENT,BF16,none
0.01616000011563301,0.025631999596953392,0.019551999913528562,0.019407999701797962,0.0027839357320789118,40,0.015936000272631645,0.018239999189972878,0.016545599978417157,0.01648000068962574,0.000605846602426323,20,0.09324800223112106,0.10451199859380722,0.09731040112674236,0.0960800014436245,0.0031000297932515164,20,0.019360000267624855,0.021407999098300934,0.02032159985974431,0.020255999639630318,0.0005389388050652293,20,0.027871999889612198,0.029823999851942062,0.02858399972319603,0.028511999174952507,0.00040940930338887057,20,0.015744000673294067,0.01756799966096878,0.01657919995486736,0.016575999557971954,0.0004154950759335384,20,32,4,2048,768,151936,True,True,False,112,1,2048,768,generic,generic,,,CUDA_EVENT,BF16,none
0.0161920003592968,0.024159999564290047,0.019143999880179764,0.019023999571800232,0.0023818594395572253,40,0.01603199914097786,0.018719999119639397,0.016607999801635742,0.01643200032413006,0.0006318681808410907,20,0.09164799749851227,0.10358399897813797,0.09565279968082904,0.09518400207161903,0.0026762460657753875,20,0.019392000511288643,0.021856000646948814,0.020067200157791378,0.02006400004029274,0.0005511901474920324,20,0.02800000086426735,0.02921600081026554,0.028563200123608114,0.0285279992967844,0.0003786831039010899,20,0.015424000099301338,0.01788800023496151,0.016299200151115655,0.016224000602960587,0.0005022343754436881,20,32,4,2048,768,151936,True,True,False,104,1,2048,768,generic,generic,,,CUDA_EVENT,BF16,none
0.01600000075995922,0.025887999683618546,0.01924480004236102,0.019039999693632126,0.002704868867451251,40,0.015936000272631645,0.018592000007629395,0.01676639998331666,0.016607999801635742,0.0006078714895983771,20,0.09337600320577621,0.11135999858379364,0.09599360004067421,0.09504000097513199,0.0037897726548406702,20,0.019231999292969704,0.02691200003027916,0.020494399778544902,0.020207999274134636,0.001598350417485746,20,0.02707199938595295,0.029023999348282814,0.027755199838429688,0.02759999968111515,0.0004517867755787574,20,0.015776000916957855,0.019328000023961067,0.016510399896651505,0.016208000481128693,0.0008011814920968119,20,32,4,2048,768,151936,True,True,False,96,1,2048,768,generic,generic,,,CUDA_EVENT,BF16,none
0.016063999384641647,0.025087999179959297,0.01963120000436902,0.02054399996995926,0.0025178731403060583,40,0.01548799965530634,0.018239999189972878,0.016527999937534333,0.016479999758303165,0.0007219882555003749,20,0.09308800101280212,0.10582400113344193,0.09582720063626766,0.09492800012230873,0.003061238064381502,20,0.0191040001809597,0.022175999358296394,0.02003359980881214,0.019967999309301376,0.0007291137638211824,20,0.02735999971628189,0.028736000880599022,0.02797920014709234,0.028032000176608562,0.0004084579237293603,20,0.015807999297976494,0.016863999888300896,0.016307199932634832,0.0161920003592968,0.0003064990783424191,20,32,4,2048,768,151936,True,True,False,88,1,2048,768,generic,generic,,,CUDA_EVENT,BF16,none
0.016256000846624374,0.02643200010061264,0.019322400074452163,0.019216000102460384,0.002605632285177595,40,0.01583999954164028,0.02160000056028366,0.016723200120031832,0.01635199971497059,0.001206888064139327,20,0.0931520015001297,0.10803200304508209,0.09653120040893555,0.09535999968647957,0.0036947246994816513,20,0.019200000911951065,0.0226879995316267,0.020248000044375658,0.020160000771284103,0.0007418115958445877,20,0.02739199995994568,0.02956799976527691,0.027937599923461676,0.027871999889612198,0.0004871442445075487,20,0.015744000673294067,0.018400000408291817,0.01623999997973442,0.016063999384641647,0.0005751550092382955,20,32,4,2048,768,151936,True,True,False,80,1,2048,768,generic,generic,,,CUDA_EVENT,BF16,none
0.016607999801635742,0.025472000241279602,0.019535999931395053,0.019600000232458115,0.0025487654210140077,40,0.01587199978530407,0.017855999991297722,0.01664160005748272,0.016479999758303165,0.0005362721518490379,20,0.09276799857616425,0.10553599894046783,0.09580000042915345,0.09505600109696388,0.002713495269041869,20,0.019200000911951065,0.021503999829292297,0.020107199996709825,0.019999999552965164,0.0005975757873396569,20,0.02659199945628643,0.03187200054526329,0.027828799933195113,0.02744000032544136,0.001204674737915583,20,0.01583999954164028,0.017952000722289085,0.016403199825435876,0.016303999349474907,0.0004431049078907638,20,32,4,2048,768,151936,True,True,False,72,1,2048,768,generic,generic,,,CUDA_EVENT,BF16,none
0.016256000846624374,0.025407999753952026,0.01962160007096827,0.019423999823629856,0.002578551654473083,40,0.015615999698638916,0.018559999763965607,0.01653599990531802,0.016335999593138695,0.0007256930369319131,20,0.09212800115346909,0.10559999942779541,0.09606080092489719,0.09512000158429146,0.0032744597657985096,20,0.019168000668287277,0.021344000473618507,0.019996799901127814,0.019696000032126904,0.0006377479379066116,20,0.02595200017094612,0.027807999402284622,0.026940799970179796,0.026863999664783478,0.00045636747210963616,20,0.01583999954164028,0.01692800037562847,0.016219199914485217,0.016224000602960587,0.00026178960270303956,20,32,4,2048,768,151936,True,True,False,64,1,2048,768,generic,generic,,,CUDA_EVENT,BF16,none
0.016256000846624374,0.024992000311613083,0.01958639994263649,0.019504000432789326,0.0026033272949600697,40,0.015744000673294067,0.017920000478625298,0.01638880018144846,0.016288000158965588,0.00048321854449740484,20,0.09126400202512741,0.10627199709415436,0.09577919952571393,0.09513599798083305,0.0032620678374229396,20,0.019551999866962433,0.02179200015962124,0.020217600092291833,0.019984000362455845,0.0006249920635233092,20,0.02521600015461445,0.03331200033426285,0.027409599721431734,0.027103999629616737,0.0016398704539740399,20,0.015615999698638916,0.017535999417304993,0.01637279996648431,0.016303999349474907,0.00040858306080194536,20,32,4,2048,768,151936,True,True,False,56,1,2048,768,generic,generic,,,CUDA_EVENT,BF16,none
0.015968000516295433,0.027936000376939774,0.019743199925869703,0.02035200037062168,0.0030094932166814087,40,0.01571200042963028,0.017983999103307724,0.01631519990041852,0.01624000072479248,0.0005545585650452074,20,0.09228800237178802,0.10713600367307663,0.09623520001769066,0.09531199932098389,0.0033776499982231456,20,0.01929599978029728,0.02191999927163124,0.02027679989114404,0.020320000126957893,0.0005760243513648666,20,0.025887999683618546,0.030432000756263733,0.026812800019979478,0.026480000466108322,0.0010159131309892856,20,0.015647999942302704,0.01708799973130226,0.01625119997188449,0.016143999993801117,0.0004193433585722544,20,32,4,2048,768,151936,True,True,False,48,1,2048,768,generic,generic,,,CUDA_EVENT,BF16,none
0.016416000202298164,0.02566399984061718,0.01971680000424385,0.019631999544799328,0.0026977873235011943,40,0.015647999942302704,0.018624000251293182,0.01649599988013506,0.016383999958634377,0.0006326376604894055,20,0.09100800007581711,0.10246399790048599,0.0947727993130684,0.09443199634552002,0.0024313104949914874,20,0.019231999292969704,0.021663999184966087,0.020199999772012235,0.02027199976146221,0.0005579276143195392,20,0.02534399926662445,0.02768000029027462,0.026387200132012366,0.026399999856948853,0.0005905193177835801,20,0.01571200042963028,0.017152000218629837,0.01633600015193224,0.016288000158965588,0.0003527990508484067,20,32,4,2048,768,151936,True,True,False,40,1,2048,768,generic,generic,,,CUDA_EVENT,BF16,none
0.01616000011563301,0.026464000344276428,0.019613599823787808,0.020800000056624413,0.0027925147495441037,40,0.01583999954164028,0.01756799966096878,0.016574399825185538,0.016543999314308167,0.0004375319619580499,20,0.09196799993515015,0.1066880002617836,0.09545120000839233,0.09427199885249138,0.0031295985016622147,20,0.01926399953663349,0.021663999184966087,0.020326399989426137,0.02035200037062168,0.0006900877877248536,20,0.02534399926662445,0.028575999662280083,0.026155199948698284,0.02611199952661991,0.0006784661520586075,20,0.015744000673294067,0.01772800087928772,0.01640160018578172,0.0163199994713068,0.0004186348773816891,20,32,4,2048,768,151936,True,True,False,32,1,2048,768,generic,generic,,,CUDA_EVENT,BF16,none
0.016127999871969223,0.026688000187277794,0.019441600097343324,0.01896000001579523,0.0025354415216258864,40,0.01568000018596649,0.018112000077962875,0.016433600056916475,0.016448000445961952,0.0005881800860098773,20,0.09200000017881393,0.10713600367307663,0.09492959976196289,0.09408000111579895,0.003157453381936374,20,0.018912000581622124,0.02208000048995018,0.019995199982076883,0.019903999753296375,0.0007425983124413677,20,0.025151999667286873,0.02816000021994114,0.025999999884516,0.025936000049114227,0.0006730276518598254,20,0.01548799965530634,0.021856000646948814,0.016531200055032967,0.016272000037133694,0.0012996256677519143,20,32,4,2048,768,151936,True,True,False,24,1,2048,768,generic,generic,,,CUDA_EVENT,BF16,none
0.015904000028967857,0.022592000663280487,0.018896800093352796,0.01875200029462576,0.002459049398119329,40,0.015744000673294067,0.020191999152302742,0.016566399950534105,0.0163199994713068,0.0009594182989997206,20,0.09142400324344635,0.1042879968881607,0.09473439939320087,0.09385599941015244,0.0029785182768642163,20,0.01897599920630455,0.022911999374628067,0.02006239993497729,0.019856000319123268,0.0008724608940072433,20,0.025151999667286873,0.028224000707268715,0.026075199898332357,0.02595200017094612,0.0006819288005175887,20,0.01571200042963028,0.01711999997496605,0.01623360002413392,0.016224000602960587,0.0003852113236792225,20,32,4,2048,768,151936,True,True,False,16,1,2048,768,generic,generic,,,CUDA_EVENT,BF16,none
0.01484800036996603,0.021888000890612602,0.01695760004222393,0.01655999943614006,0.001776898989881989,40,0.01571200042963028,0.017952000722289085,0.016388800088316204,0.01624000072479248,0.000509320743824511,20,0.09151999652385712,0.10566399991512299,0.09455200023949147,0.094224002212286,0.003023058154751325,20,0.018719999119639397,0.02595200017094612,0.020148800034075976,0.0197759997099638,0.001503124064189936,20,0.02521600015461445,0.033344000577926636,0.026595199946314096,0.025936000049114227,0.0019816218584036813,20,0.015776000916957855,0.01679999940097332,0.01626079985871911,0.016224000602960587,0.0003569504253724136,20,32,4,2048,768,151936,True,True,False,8,1,2048,768,generic,generic,,,CUDA_EVENT,BF16,none
0.01369599997997284,0.022943999618291855,0.016088800015859307,0.015823999885469675,0.0020114804521584708,40,0.015200000256299973,0.017855999991297722,0.01604320015758276,0.015888000838458538,0.0006096208627441447,20,0.09055999666452408,0.10179200023412704,0.09396800063550473,0.09337600320577621,0.0025682769163961052,20,0.01897599920630455,0.02195199951529503,0.020129600074142218,0.019872000440955162,0.0007751979153723508,20,0.024671999737620354,0.027744000777602196,0.026023999974131583,0.026064000092446804,0.0006397501547749217,20,0.015647999942302704,0.016736000776290894,0.016176000144332646,0.016208000481128693,0.000313779531506623,20,32,4,2048,768,151936,True,True,False,4,1,2048,768,generic,generic,,,CUDA_EVENT,BF16,none
0.014175999909639359,0.020096000283956528,0.016273599956184624,0.016159999649971724,0.0016187690563961835,40,0.015263999812304974,0.01744000054895878,0.016172800119966267,0.01616000011563301,0.0004824896810170402,20,0.09167999774217606,0.10665600001811981,0.09478079974651336,0.09339200332760811,0.0034407649010469326,20,0.019007999449968338,0.02239999920129776,0.020118399988859892,0.01996800024062395,0.000742310276653914,20,0.025536000728607178,0.028384000062942505,0.026076800003647805,0.025839999318122864,0.0006088331617936414,20,0.015359999611973763,0.016992000862956047,0.016206399910151957,0.016127999871969223,0.00046531951539836923,20,32,4,2048,768,151936,True,True,False,2,1,2048,768,generic,generic,,,CUDA_EVENT,BF16,none
0.013663999736309052,0.019392000511288643,0.015958399907685817,0.01598400017246604,0.0015734631636532652,40,0.01532800029963255,0.017472000792622566,0.016233599931001663,0.016224000602960587,0.0005025223558669976,20,0.07689599692821503,0.08662399649620056,0.08011839985847473,0.07953600212931633,0.0022795384540321003,20,0.018783999606966972,0.02598400041460991,0.020152000058442355,0.01990400068461895,0.0014086136039636616,20,0.024639999493956566,0.02828799933195114,0.0255023998208344,0.025376000441610813,0.0007582361064311798,20,0.015584000386297703,0.01727999933063984,0.016047999961301684,0.01600000075995922,0.0003639427107545178,20,32,4,2048,768,151936,True,True,False,1,1,2048,768,generic,generic,,,CUDA_EVENT,BF16,none
