,rank,num_workers,size,collective,devices_per_node,max_devices_per_node,profiling_precision
0,0,8,2048,all_reduce,8,8,BF16
1,0,8,10240,all_reduce,8,8,BF16
2,0,8,18432,all_reduce,8,8,BF16
3,0,8,26624,all_reduce,8,8,BF16
4,0,8,34816,all_reduce,8,8,BF16
5,0,8,43008,all_reduce,8,8,BF16
6,0,8,51200,all_reduce,8,8,BF16
7,0,8,59392,all_reduce,8,8,BF16
8,0,8,67584,all_reduce,8,8,BF16
9,0,8,75776,all_reduce,8,8,BF16
10,0,8,83968,all_reduce,8,8,BF16
11,0,8,92160,all_reduce,8,8,BF16
12,0,8,100352,all_reduce,8,8,BF16
13,0,8,108544,all_reduce,8,8,BF16
14,0,8,116736,all_reduce,8,8,BF16
15,0,8,124928,all_reduce,8,8,BF16
16,0,8,133120,all_reduce,8,8,BF16
17,0,8,141312,all_reduce,8,8,BF16
18,0,8,149504,all_reduce,8,8,BF16
19,0,8,157696,all_reduce,8,8,BF16
20,0,8,165888,all_reduce,8,8,BF16
21,0,8,174080,all_reduce,8,8,BF16
22,0,8,182272,all_reduce,8,8,BF16
23,0,8,190464,all_reduce,8,8,BF16
24,0,8,198656,all_reduce,8,8,BF16
25,0,8,206848,all_reduce,8,8,BF16
26,0,8,215040,all_reduce,8,8,BF16
27,0,8,223232,all_reduce,8,8,BF16
28,0,8,231424,all_reduce,8,8,BF16
29,0,8,239616,all_reduce,8,8,BF16
30,0,8,247808,all_reduce,8,8,BF16
31,0,8,256000,all_reduce,8,8,BF16
32,0,8,264192,all_reduce,8,8,BF16
33,0,8,272384,all_reduce,8,8,BF16
34,0,8,280576,all_reduce,8,8,BF16
35,0,8,288768,all_reduce,8,8,BF16
36,0,8,296960,all_reduce,8,8,BF16
37,0,8,305152,all_reduce,8,8,BF16
38,0,8,313344,all_reduce,8,8,BF16
39,0,8,321536,all_reduce,8,8,BF16
40,0,8,329728,all_reduce,8,8,BF16
41,0,8,337920,all_reduce,8,8,BF16
42,0,8,346112,all_reduce,8,8,BF16
43,0,8,354304,all_reduce,8,8,BF16
44,0,8,362496,all_reduce,8,8,BF16
45,0,8,370688,all_reduce,8,8,BF16
46,0,8,378880,all_reduce,8,8,BF16
47,0,8,387072,all_reduce,8,8,BF16
48,0,8,395264,all_reduce,8,8,BF16
49,0,8,403456,all_reduce,8,8,BF16
50,0,8,411648,all_reduce,8,8,BF16
51,0,8,419840,all_reduce,8,8,BF16
52,0,8,428032,all_reduce,8,8,BF16
53,0,8,436224,all_reduce,8,8,BF16
54,0,8,444416,all_reduce,8,8,BF16
55,0,8,452608,all_reduce,8,8,BF16
56,0,8,460800,all_reduce,8,8,BF16
57,0,8,468992,all_reduce,8,8,BF16
58,0,8,477184,all_reduce,8,8,BF16
59,0,8,485376,all_reduce,8,8,BF16
60,0,8,493568,all_reduce,8,8,BF16
61,0,8,501760,all_reduce,8,8,BF16
62,0,8,509952,all_reduce,8,8,BF16
63,0,8,518144,all_reduce,8,8,BF16
64,0,8,526336,all_reduce,8,8,BF16
65,0,8,534528,all_reduce,8,8,BF16
66,0,8,542720,all_reduce,8,8,BF16
67,0,8,550912,all_reduce,8,8,BF16
68,0,8,559104,all_reduce,8,8,BF16
69,0,8,567296,all_reduce,8,8,BF16
70,0,8,575488,all_reduce,8,8,BF16
71,0,8,583680,all_reduce,8,8,BF16
72,0,8,591872,all_reduce,8,8,BF16
73,0,8,600064,all_reduce,8,8,BF16
74,0,8,608256,all_reduce,8,8,BF16
75,0,8,616448,all_reduce,8,8,BF16
76,0,8,624640,all_reduce,8,8,BF16
77,0,8,632832,all_reduce,8,8,BF16
78,0,8,641024,all_reduce,8,8,BF16
79,0,8,649216,all_reduce,8,8,BF16
80,0,8,657408,all_reduce,8,8,BF16
81,0,8,665600,all_reduce,8,8,BF16
82,0,8,673792,all_reduce,8,8,BF16
83,0,8,681984,all_reduce,8,8,BF16
84,0,8,690176,all_reduce,8,8,BF16
85,0,8,698368,all_reduce,8,8,BF16
86,0,8,706560,all_reduce,8,8,BF16
87,0,8,714752,all_reduce,8,8,BF16
88,0,8,722944,all_reduce,8,8,BF16
89,0,8,731136,all_reduce,8,8,BF16
90,0,8,739328,all_reduce,8,8,BF16
91,0,8,747520,all_reduce,8,8,BF16
92,0,8,755712,all_reduce,8,8,BF16
93,0,8,763904,all_reduce,8,8,BF16
94,0,8,772096,all_reduce,8,8,BF16
95,0,8,780288,all_reduce,8,8,BF16
96,0,8,788480,all_reduce,8,8,BF16
97,0,8,796672,all_reduce,8,8,BF16
98,0,8,804864,all_reduce,8,8,BF16
99,0,8,813056,all_reduce,8,8,BF16
100,0,8,821248,all_reduce,8,8,BF16
101,0,8,829440,all_reduce,8,8,BF16
102,0,8,837632,all_reduce,8,8,BF16
103,0,8,845824,all_reduce,8,8,BF16
104,0,8,854016,all_reduce,8,8,BF16
105,0,8,862208,all_reduce,8,8,BF16
106,0,8,870400,all_reduce,8,8,BF16
107,0,8,878592,all_reduce,8,8,BF16
108,0,8,886784,all_reduce,8,8,BF16
109,0,8,894976,all_reduce,8,8,BF16
110,0,8,903168,all_reduce,8,8,BF16
111,0,8,911360,all_reduce,8,8,BF16
112,0,8,919552,all_reduce,8,8,BF16
113,0,8,927744,all_reduce,8,8,BF16
114,0,8,935936,all_reduce,8,8,BF16
115,0,8,944128,all_reduce,8,8,BF16
116,0,8,952320,all_reduce,8,8,BF16
117,0,8,960512,all_reduce,8,8,BF16
118,0,8,968704,all_reduce,8,8,BF16
119,0,8,976896,all_reduce,8,8,BF16
120,0,8,985088,all_reduce,8,8,BF16
121,0,8,993280,all_reduce,8,8,BF16
122,0,8,1001472,all_reduce,8,8,BF16
123,0,8,1009664,all_reduce,8,8,BF16
124,0,8,1017856,all_reduce,8,8,BF16
125,0,8,1026048,all_reduce,8,8,BF16
126,0,8,1034240,all_reduce,8,8,BF16
127,0,8,1042432,all_reduce,8,8,BF16
128,0,8,1048576,all_reduce,8,8,BF16
129,0,8,1081344,all_reduce,8,8,BF16
130,0,8,1114112,all_reduce,8,8,BF16
131,0,8,1146880,all_reduce,8,8,BF16
132,0,8,1179648,all_reduce,8,8,BF16
133,0,8,1212416,all_reduce,8,8,BF16
134,0,8,1245184,all_reduce,8,8,BF16
135,0,8,1277952,all_reduce,8,8,BF16
136,0,8,1310720,all_reduce,8,8,BF16
137,0,8,1343488,all_reduce,8,8,BF16
138,0,8,1376256,all_reduce,8,8,BF16
139,0,8,1409024,all_reduce,8,8,BF16
140,0,8,1441792,all_reduce,8,8,BF16
141,0,8,1474560,all_reduce,8,8,BF16
142,0,8,1507328,all_reduce,8,8,BF16
143,0,8,1540096,all_reduce,8,8,BF16
144,0,8,1572864,all_reduce,8,8,BF16
145,0,8,1605632,all_reduce,8,8,BF16
146,0,8,1638400,all_reduce,8,8,BF16
147,0,8,1671168,all_reduce,8,8,BF16
148,0,8,1703936,all_reduce,8,8,BF16
149,0,8,1736704,all_reduce,8,8,BF16
150,0,8,1769472,all_reduce,8,8,BF16
151,0,8,1802240,all_reduce,8,8,BF16
152,0,8,1835008,all_reduce,8,8,BF16
153,0,8,1867776,all_reduce,8,8,BF16
154,0,8,1900544,all_reduce,8,8,BF16
155,0,8,1933312,all_reduce,8,8,BF16
156,0,8,1966080,all_reduce,8,8,BF16
157,0,8,1998848,all_reduce,8,8,BF16
158,0,8,2031616,all_reduce,8,8,BF16
159,0,8,2064384,all_reduce,8,8,BF16
160,0,8,2097152,all_reduce,8,8,BF16
161,0,8,2129920,all_reduce,8,8,BF16
162,0,8,2162688,all_reduce,8,8,BF16
163,0,8,2195456,all_reduce,8,8,BF16
164,0,8,2228224,all_reduce,8,8,BF16
165,0,8,2260992,all_reduce,8,8,BF16
166,0,8,2293760,all_reduce,8,8,BF16
167,0,8,2326528,all_reduce,8,8,BF16
168,0,8,2359296,all_reduce,8,8,BF16
169,0,8,2392064,all_reduce,8,8,BF16
170,0,8,2424832,all_reduce,8,8,BF16
171,0,8,2457600,all_reduce,8,8,BF16
172,0,8,2490368,all_reduce,8,8,BF16
173,0,8,2523136,all_reduce,8,8,BF16
174,0,8,2555904,all_reduce,8,8,BF16
175,0,8,2588672,all_reduce,8,8,BF16
176,0,8,2621440,all_reduce,8,8,BF16
177,0,8,2654208,all_reduce,8,8,BF16
178,0,8,2686976,all_reduce,8,8,BF16
179,0,8,2719744,all_reduce,8,8,BF16
180,0,8,2752512,all_reduce,8,8,BF16
181,0,8,2785280,all_reduce,8,8,BF16
182,0,8,2818048,all_reduce,8,8,BF16
183,0,8,2850816,all_reduce,8,8,BF16
184,0,8,2883584,all_reduce,8,8,BF16
185,0,8,2916352,all_reduce,8,8,BF16
186,0,8,2949120,all_reduce,8,8,BF16
187,0,8,2981888,all_reduce,8,8,BF16
188,0,8,3014656,all_reduce,8,8,BF16
189,0,8,3047424,all_reduce,8,8,BF16
190,0,8,3080192,all_reduce,8,8,BF16
191,0,8,3112960,all_reduce,8,8,BF16
192,0,8,3145728,all_reduce,8,8,BF16
193,0,8,3178496,all_reduce,8,8,BF16
194,0,8,3211264,all_reduce,8,8,BF16
195,0,8,3244032,all_reduce,8,8,BF16
196,0,8,3276800,all_reduce,8,8,BF16
197,0,8,3309568,all_reduce,8,8,BF16
198,0,8,3342336,all_reduce,8,8,BF16
199,0,8,3375104,all_reduce,8,8,BF16
200,0,8,3407872,all_reduce,8,8,BF16
201,0,8,3440640,all_reduce,8,8,BF16
202,0,8,3473408,all_reduce,8,8,BF16
203,0,8,3506176,all_reduce,8,8,BF16
204,0,8,3538944,all_reduce,8,8,BF16
205,0,8,3571712,all_reduce,8,8,BF16
206,0,8,3604480,all_reduce,8,8,BF16
207,0,8,3637248,all_reduce,8,8,BF16
208,0,8,3670016,all_reduce,8,8,BF16
209,0,8,3702784,all_reduce,8,8,BF16
210,0,8,3735552,all_reduce,8,8,BF16
211,0,8,3768320,all_reduce,8,8,BF16
212,0,8,3801088,all_reduce,8,8,BF16
213,0,8,3833856,all_reduce,8,8,BF16
214,0,8,3866624,all_reduce,8,8,BF16
215,0,8,3899392,all_reduce,8,8,BF16
216,0,8,3932160,all_reduce,8,8,BF16
217,0,8,3964928,all_reduce,8,8,BF16
218,0,8,3997696,all_reduce,8,8,BF16
219,0,8,4030464,all_reduce,8,8,BF16
220,0,8,4063232,all_reduce,8,8,BF16
221,0,8,4096000,all_reduce,8,8,BF16
222,0,8,4128768,all_reduce,8,8,BF16
223,0,8,4161536,all_reduce,8,8,BF16
224,0,8,4194304,all_reduce,8,8,BF16
225,0,8,4227072,all_reduce,8,8,BF16
226,0,8,4259840,all_reduce,8,8,BF16
227,0,8,4292608,all_reduce,8,8,BF16
228,0,8,4325376,all_reduce,8,8,BF16
229,0,8,4358144,all_reduce,8,8,BF16
230,0,8,4390912,all_reduce,8,8,BF16
231,0,8,4423680,all_reduce,8,8,BF16
232,0,8,4456448,all_reduce,8,8,BF16
233,0,8,4489216,all_reduce,8,8,BF16
234,0,8,4521984,all_reduce,8,8,BF16
235,0,8,4554752,all_reduce,8,8,BF16
236,0,8,4587520,all_reduce,8,8,BF16
237,0,8,4620288,all_reduce,8,8,BF16
238,0,8,4653056,all_reduce,8,8,BF16
239,0,8,4685824,all_reduce,8,8,BF16
240,0,8,4718592,all_reduce,8,8,BF16
241,0,8,4751360,all_reduce,8,8,BF16
242,0,8,4784128,all_reduce,8,8,BF16
243,0,8,4816896,all_reduce,8,8,BF16
244,0,8,4849664,all_reduce,8,8,BF16
245,0,8,4882432,all_reduce,8,8,BF16
246,0,8,4915200,all_reduce,8,8,BF16
247,0,8,4947968,all_reduce,8,8,BF16
248,0,8,4980736,all_reduce,8,8,BF16
249,0,8,5013504,all_reduce,8,8,BF16
250,0,8,5046272,all_reduce,8,8,BF16
251,0,8,5079040,all_reduce,8,8,BF16
252,0,8,5111808,all_reduce,8,8,BF16
253,0,8,5144576,all_reduce,8,8,BF16
254,0,8,5177344,all_reduce,8,8,BF16
255,0,8,5210112,all_reduce,8,8,BF16
256,0,8,5242880,all_reduce,8,8,BF16
257,0,8,5275648,all_reduce,8,8,BF16
258,0,8,5308416,all_reduce,8,8,BF16
259,0,8,5341184,all_reduce,8,8,BF16
260,0,8,5373952,all_reduce,8,8,BF16
261,0,8,5406720,all_reduce,8,8,BF16
262,0,8,5439488,all_reduce,8,8,BF16
263,0,8,5472256,all_reduce,8,8,BF16
264,0,8,5505024,all_reduce,8,8,BF16
265,0,8,5537792,all_reduce,8,8,BF16
266,0,8,5570560,all_reduce,8,8,BF16
267,0,8,5603328,all_reduce,8,8,BF16
268,0,8,5636096,all_reduce,8,8,BF16
269,0,8,5668864,all_reduce,8,8,BF16
270,0,8,5701632,all_reduce,8,8,BF16
271,0,8,5734400,all_reduce,8,8,BF16
272,0,8,5767168,all_reduce,8,8,BF16
273,0,8,5799936,all_reduce,8,8,BF16
274,0,8,5832704,all_reduce,8,8,BF16
275,0,8,5865472,all_reduce,8,8,BF16
276,0,8,5898240,all_reduce,8,8,BF16
277,0,8,5931008,all_reduce,8,8,BF16
278,0,8,5963776,all_reduce,8,8,BF16
279,0,8,5996544,all_reduce,8,8,BF16
280,0,8,6029312,all_reduce,8,8,BF16
281,0,8,6062080,all_reduce,8,8,BF16
282,0,8,6094848,all_reduce,8,8,BF16
283,0,8,6127616,all_reduce,8,8,BF16
284,0,8,6160384,all_reduce,8,8,BF16
285,0,8,6193152,all_reduce,8,8,BF16
286,0,8,6225920,all_reduce,8,8,BF16
287,0,8,6258688,all_reduce,8,8,BF16
288,0,8,6291456,all_reduce,8,8,BF16
289,0,8,6324224,all_reduce,8,8,BF16
290,0,8,6356992,all_reduce,8,8,BF16
291,0,8,6389760,all_reduce,8,8,BF16
292,0,8,6422528,all_reduce,8,8,BF16
293,0,8,6455296,all_reduce,8,8,BF16
294,0,8,6488064,all_reduce,8,8,BF16
295,0,8,6520832,all_reduce,8,8,BF16
296,0,8,6553600,all_reduce,8,8,BF16
297,0,8,6586368,all_reduce,8,8,BF16
298,0,8,6619136,all_reduce,8,8,BF16
299,0,8,6651904,all_reduce,8,8,BF16
300,0,8,6684672,all_reduce,8,8,BF16
301,0,8,6717440,all_reduce,8,8,BF16
302,0,8,6750208,all_reduce,8,8,BF16
303,0,8,6782976,all_reduce,8,8,BF16
304,0,8,6815744,all_reduce,8,8,BF16
305,0,8,6848512,all_reduce,8,8,BF16
306,0,8,6881280,all_reduce,8,8,BF16
307,0,8,6914048,all_reduce,8,8,BF16
308,0,8,6946816,all_reduce,8,8,BF16
309,0,8,6979584,all_reduce,8,8,BF16
310,0,8,7012352,all_reduce,8,8,BF16
311,0,8,7045120,all_reduce,8,8,BF16
312,0,8,7077888,all_reduce,8,8,BF16
313,0,8,7110656,all_reduce,8,8,BF16
314,0,8,7143424,all_reduce,8,8,BF16
315,0,8,7176192,all_reduce,8,8,BF16
316,0,8,7208960,all_reduce,8,8,BF16
317,0,8,7241728,all_reduce,8,8,BF16
318,0,8,7274496,all_reduce,8,8,BF16
319,0,8,7307264,all_reduce,8,8,BF16
320,0,8,7340032,all_reduce,8,8,BF16
321,0,8,7372800,all_reduce,8,8,BF16
322,0,8,7405568,all_reduce,8,8,BF16
323,0,8,7438336,all_reduce,8,8,BF16
324,0,8,7471104,all_reduce,8,8,BF16
325,0,8,7503872,all_reduce,8,8,BF16
326,0,8,7536640,all_reduce,8,8,BF16
327,0,8,7569408,all_reduce,8,8,BF16
328,0,8,7602176,all_reduce,8,8,BF16
329,0,8,7634944,all_reduce,8,8,BF16
330,0,8,7667712,all_reduce,8,8,BF16
331,0,8,7700480,all_reduce,8,8,BF16
332,0,8,7733248,all_reduce,8,8,BF16
333,0,8,7766016,all_reduce,8,8,BF16
334,0,8,7798784,all_reduce,8,8,BF16
335,0,8,7831552,all_reduce,8,8,BF16
336,0,8,7864320,all_reduce,8,8,BF16
337,0,8,7897088,all_reduce,8,8,BF16
338,0,8,7929856,all_reduce,8,8,BF16
339,0,8,7962624,all_reduce,8,8,BF16
340,0,8,7995392,all_reduce,8,8,BF16
341,0,8,8028160,all_reduce,8,8,BF16
342,0,8,8060928,all_reduce,8,8,BF16
343,0,8,8093696,all_reduce,8,8,BF16
344,0,8,8126464,all_reduce,8,8,BF16
345,0,8,8159232,all_reduce,8,8,BF16
346,0,8,8192000,all_reduce,8,8,BF16
347,0,8,8224768,all_reduce,8,8,BF16
348,0,8,8257536,all_reduce,8,8,BF16
349,0,8,8290304,all_reduce,8,8,BF16
350,0,8,8323072,all_reduce,8,8,BF16
351,0,8,8355840,all_reduce,8,8,BF16
352,0,8,8388608,all_reduce,8,8,BF16
353,0,8,8421376,all_reduce,8,8,BF16
354,0,8,8454144,all_reduce,8,8,BF16
355,0,8,8486912,all_reduce,8,8,BF16
356,0,8,8519680,all_reduce,8,8,BF16
357,0,8,8552448,all_reduce,8,8,BF16
358,0,8,8585216,all_reduce,8,8,BF16
359,0,8,8617984,all_reduce,8,8,BF16
360,0,8,8650752,all_reduce,8,8,BF16
361,0,8,8683520,all_reduce,8,8,BF16
362,0,8,8716288,all_reduce,8,8,BF16
363,0,8,8749056,all_reduce,8,8,BF16
364,0,8,8781824,all_reduce,8,8,BF16
365,0,8,8814592,all_reduce,8,8,BF16
366,0,8,8847360,all_reduce,8,8,BF16
367,0,8,8880128,all_reduce,8,8,BF16
368,0,8,8912896,all_reduce,8,8,BF16
369,0,8,8945664,all_reduce,8,8,BF16
370,0,8,8978432,all_reduce,8,8,BF16
371,0,8,9011200,all_reduce,8,8,BF16
372,0,8,9043968,all_reduce,8,8,BF16
373,0,8,9076736,all_reduce,8,8,BF16
374,0,8,9109504,all_reduce,8,8,BF16
375,0,8,9142272,all_reduce,8,8,BF16
376,0,8,9175040,all_reduce,8,8,BF16
377,0,8,9207808,all_reduce,8,8,BF16
378,0,8,9240576,all_reduce,8,8,BF16
379,0,8,9273344,all_reduce,8,8,BF16
380,0,8,9306112,all_reduce,8,8,BF16
381,0,8,9338880,all_reduce,8,8,BF16
382,0,8,9371648,all_reduce,8,8,BF16
383,0,8,9404416,all_reduce,8,8,BF16
384,0,8,9437184,all_reduce,8,8,BF16
385,0,8,9469952,all_reduce,8,8,BF16
386,0,8,9502720,all_reduce,8,8,BF16
387,0,8,9535488,all_reduce,8,8,BF16
388,0,8,9568256,all_reduce,8,8,BF16
389,0,8,9601024,all_reduce,8,8,BF16
390,0,8,9633792,all_reduce,8,8,BF16
391,0,8,9666560,all_reduce,8,8,BF16
392,0,8,9699328,all_reduce,8,8,BF16
393,0,8,9732096,all_reduce,8,8,BF16
394,0,8,9764864,all_reduce,8,8,BF16
395,0,8,9797632,all_reduce,8,8,BF16
396,0,8,9830400,all_reduce,8,8,BF16
397,0,8,9863168,all_reduce,8,8,BF16
398,0,8,9895936,all_reduce,8,8,BF16
399,0,8,9928704,all_reduce,8,8,BF16
400,0,8,9961472,all_reduce,8,8,BF16
401,0,8,9994240,all_reduce,8,8,BF16
402,0,8,10027008,all_reduce,8,8,BF16
403,0,8,10059776,all_reduce,8,8,BF16
404,0,8,10092544,all_reduce,8,8,BF16
405,0,8,10125312,all_reduce,8,8,BF16
406,0,8,10158080,all_reduce,8,8,BF16
407,0,8,10190848,all_reduce,8,8,BF16
408,0,8,10223616,all_reduce,8,8,BF16
409,0,8,10256384,all_reduce,8,8,BF16
410,0,8,10289152,all_reduce,8,8,BF16
411,0,8,10321920,all_reduce,8,8,BF16
412,0,8,10354688,all_reduce,8,8,BF16
413,0,8,10387456,all_reduce,8,8,BF16
414,0,8,10420224,all_reduce,8,8,BF16
415,0,8,10452992,all_reduce,8,8,BF16
416,0,8,10485760,all_reduce,8,8,BF16
417,0,8,10518528,all_reduce,8,8,BF16
418,0,8,10551296,all_reduce,8,8,BF16
419,0,8,10584064,all_reduce,8,8,BF16
420,0,8,10616832,all_reduce,8,8,BF16
421,0,8,10649600,all_reduce,8,8,BF16
422,0,8,10682368,all_reduce,8,8,BF16
423,0,8,10715136,all_reduce,8,8,BF16
424,0,8,10747904,all_reduce,8,8,BF16
425,0,8,10780672,all_reduce,8,8,BF16
426,0,8,10813440,all_reduce,8,8,BF16
427,0,8,10846208,all_reduce,8,8,BF16
428,0,8,10878976,all_reduce,8,8,BF16
429,0,8,10911744,all_reduce,8,8,BF16
430,0,8,10944512,all_reduce,8,8,BF16
431,0,8,10977280,all_reduce,8,8,BF16
432,0,8,11010048,all_reduce,8,8,BF16
433,0,8,11042816,all_reduce,8,8,BF16
434,0,8,11075584,all_reduce,8,8,BF16
435,0,8,11108352,all_reduce,8,8,BF16
436,0,8,11141120,all_reduce,8,8,BF16
437,0,8,11173888,all_reduce,8,8,BF16
438,0,8,11206656,all_reduce,8,8,BF16
439,0,8,11239424,all_reduce,8,8,BF16
440,0,8,11272192,all_reduce,8,8,BF16
441,0,8,11304960,all_reduce,8,8,BF16
442,0,8,11337728,all_reduce,8,8,BF16
443,0,8,11370496,all_reduce,8,8,BF16
444,0,8,11403264,all_reduce,8,8,BF16
445,0,8,11436032,all_reduce,8,8,BF16
446,0,8,11468800,all_reduce,8,8,BF16
447,0,8,11501568,all_reduce,8,8,BF16
448,0,8,11534336,all_reduce,8,8,BF16
449,0,8,11567104,all_reduce,8,8,BF16
450,0,8,11599872,all_reduce,8,8,BF16
451,0,8,11632640,all_reduce,8,8,BF16
452,0,8,11665408,all_reduce,8,8,BF16
453,0,8,11698176,all_reduce,8,8,BF16
454,0,8,11730944,all_reduce,8,8,BF16
455,0,8,11763712,all_reduce,8,8,BF16
456,0,8,11796480,all_reduce,8,8,BF16
457,0,8,11829248,all_reduce,8,8,BF16
458,0,8,11862016,all_reduce,8,8,BF16
459,0,8,11894784,all_reduce,8,8,BF16
460,0,8,11927552,all_reduce,8,8,BF16
461,0,8,11960320,all_reduce,8,8,BF16
462,0,8,11993088,all_reduce,8,8,BF16
463,0,8,12025856,all_reduce,8,8,BF16
464,0,8,12058624,all_reduce,8,8,BF16
465,0,8,12091392,all_reduce,8,8,BF16
466,0,8,12124160,all_reduce,8,8,BF16
467,0,8,12156928,all_reduce,8,8,BF16
468,0,8,12189696,all_reduce,8,8,BF16
469,0,8,12222464,all_reduce,8,8,BF16
470,0,8,12255232,all_reduce,8,8,BF16
471,0,8,12288000,all_reduce,8,8,BF16
472,0,8,12320768,all_reduce,8,8,BF16
473,0,8,12353536,all_reduce,8,8,BF16
474,0,8,12386304,all_reduce,8,8,BF16
475,0,8,12419072,all_reduce,8,8,BF16
476,0,8,12451840,all_reduce,8,8,BF16
477,0,8,12484608,all_reduce,8,8,BF16
478,0,8,12517376,all_reduce,8,8,BF16
479,0,8,12550144,all_reduce,8,8,BF16
480,0,8,12582912,all_reduce,8,8,BF16
481,0,8,12615680,all_reduce,8,8,BF16
482,0,8,12648448,all_reduce,8,8,BF16
483,0,8,12681216,all_reduce,8,8,BF16
484,0,8,12713984,all_reduce,8,8,BF16
485,0,8,12746752,all_reduce,8,8,BF16
486,0,8,12779520,all_reduce,8,8,BF16
487,0,8,12812288,all_reduce,8,8,BF16
488,0,8,12845056,all_reduce,8,8,BF16
489,0,8,12877824,all_reduce,8,8,BF16
490,0,8,12910592,all_reduce,8,8,BF16
491,0,8,12943360,all_reduce,8,8,BF16
492,0,8,12976128,all_reduce,8,8,BF16
493,0,8,13008896,all_reduce,8,8,BF16
494,0,8,13041664,all_reduce,8,8,BF16
495,0,8,13074432,all_reduce,8,8,BF16
496,0,8,13107200,all_reduce,8,8,BF16
497,0,8,13139968,all_reduce,8,8,BF16
498,0,8,13172736,all_reduce,8,8,BF16
499,0,8,13205504,all_reduce,8,8,BF16
500,0,8,13238272,all_reduce,8,8,BF16
501,0,8,13271040,all_reduce,8,8,BF16
502,0,8,13303808,all_reduce,8,8,BF16
503,0,8,13336576,all_reduce,8,8,BF16
504,0,8,13369344,all_reduce,8,8,BF16
505,0,8,13402112,all_reduce,8,8,BF16
506,0,8,13434880,all_reduce,8,8,BF16
507,0,8,13467648,all_reduce,8,8,BF16
508,0,8,13500416,all_reduce,8,8,BF16
509,0,8,13533184,all_reduce,8,8,BF16
510,0,8,13565952,all_reduce,8,8,BF16
511,0,8,13598720,all_reduce,8,8,BF16
512,0,8,13631488,all_reduce,8,8,BF16
513,0,8,13664256,all_reduce,8,8,BF16
514,0,8,13697024,all_reduce,8,8,BF16
515,0,8,13729792,all_reduce,8,8,BF16
516,0,8,13762560,all_reduce,8,8,BF16
517,0,8,13795328,all_reduce,8,8,BF16
518,0,8,13828096,all_reduce,8,8,BF16
519,0,8,13860864,all_reduce,8,8,BF16
520,0,8,13893632,all_reduce,8,8,BF16
521,0,8,13926400,all_reduce,8,8,BF16
522,0,8,13959168,all_reduce,8,8,BF16
523,0,8,13991936,all_reduce,8,8,BF16
524,0,8,14024704,all_reduce,8,8,BF16
525,0,8,14057472,all_reduce,8,8,BF16
526,0,8,14090240,all_reduce,8,8,BF16
527,0,8,14123008,all_reduce,8,8,BF16
528,0,8,14155776,all_reduce,8,8,BF16
529,0,8,14188544,all_reduce,8,8,BF16
530,0,8,14221312,all_reduce,8,8,BF16
531,0,8,14254080,all_reduce,8,8,BF16
532,0,8,14286848,all_reduce,8,8,BF16
533,0,8,14319616,all_reduce,8,8,BF16
534,0,8,14352384,all_reduce,8,8,BF16
535,0,8,14385152,all_reduce,8,8,BF16
536,0,8,14417920,all_reduce,8,8,BF16
537,0,8,14450688,all_reduce,8,8,BF16
538,0,8,14483456,all_reduce,8,8,BF16
539,0,8,14516224,all_reduce,8,8,BF16
540,0,8,14548992,all_reduce,8,8,BF16
541,0,8,14581760,all_reduce,8,8,BF16
542,0,8,14614528,all_reduce,8,8,BF16
543,0,8,14647296,all_reduce,8,8,BF16
544,0,8,14680064,all_reduce,8,8,BF16
545,0,8,14712832,all_reduce,8,8,BF16
546,0,8,14745600,all_reduce,8,8,BF16
547,0,8,14778368,all_reduce,8,8,BF16
548,0,8,14811136,all_reduce,8,8,BF16
549,0,8,14843904,all_reduce,8,8,BF16
550,0,8,14876672,all_reduce,8,8,BF16
551,0,8,14909440,all_reduce,8,8,BF16
552,0,8,14942208,all_reduce,8,8,BF16
553,0,8,14974976,all_reduce,8,8,BF16
554,0,8,15007744,all_reduce,8,8,BF16
555,0,8,15040512,all_reduce,8,8,BF16
556,0,8,15073280,all_reduce,8,8,BF16
557,0,8,15106048,all_reduce,8,8,BF16
558,0,8,15138816,all_reduce,8,8,BF16
559,0,8,15171584,all_reduce,8,8,BF16
560,0,8,15204352,all_reduce,8,8,BF16
561,0,8,15237120,all_reduce,8,8,BF16
562,0,8,15269888,all_reduce,8,8,BF16
563,0,8,15302656,all_reduce,8,8,BF16
564,0,8,15335424,all_reduce,8,8,BF16
565,0,8,15368192,all_reduce,8,8,BF16
566,0,8,15400960,all_reduce,8,8,BF16
567,0,8,15433728,all_reduce,8,8,BF16
568,0,8,15466496,all_reduce,8,8,BF16
569,0,8,15499264,all_reduce,8,8,BF16
570,0,8,15532032,all_reduce,8,8,BF16
571,0,8,15564800,all_reduce,8,8,BF16
572,0,8,15597568,all_reduce,8,8,BF16
573,0,8,15630336,all_reduce,8,8,BF16
574,0,8,15663104,all_reduce,8,8,BF16
575,0,8,15695872,all_reduce,8,8,BF16
576,0,8,15728640,all_reduce,8,8,BF16
577,0,8,15761408,all_reduce,8,8,BF16
578,0,8,15794176,all_reduce,8,8,BF16
579,0,8,15826944,all_reduce,8,8,BF16
580,0,8,15859712,all_reduce,8,8,BF16
581,0,8,15892480,all_reduce,8,8,BF16
582,0,8,15925248,all_reduce,8,8,BF16
583,0,8,15958016,all_reduce,8,8,BF16
584,0,8,15990784,all_reduce,8,8,BF16
585,0,8,16023552,all_reduce,8,8,BF16
586,0,8,16056320,all_reduce,8,8,BF16
587,0,8,16089088,all_reduce,8,8,BF16
588,0,8,16121856,all_reduce,8,8,BF16
589,0,8,16154624,all_reduce,8,8,BF16
590,0,8,16187392,all_reduce,8,8,BF16
591,0,8,16220160,all_reduce,8,8,BF16
592,0,8,16252928,all_reduce,8,8,BF16
593,0,8,16285696,all_reduce,8,8,BF16
594,0,8,16318464,all_reduce,8,8,BF16
595,0,8,16351232,all_reduce,8,8,BF16
596,0,8,16384000,all_reduce,8,8,BF16
597,0,8,16416768,all_reduce,8,8,BF16
598,0,8,16449536,all_reduce,8,8,BF16
599,0,8,16482304,all_reduce,8,8,BF16
600,0,8,16515072,all_reduce,8,8,BF16
601,0,8,16547840,all_reduce,8,8,BF16
602,0,8,16580608,all_reduce,8,8,BF16
603,0,8,16613376,all_reduce,8,8,BF16
604,0,8,16646144,all_reduce,8,8,BF16
605,0,8,16678912,all_reduce,8,8,BF16
606,0,8,16711680,all_reduce,8,8,BF16
607,0,8,16744448,all_reduce,8,8,BF16
608,0,8,16777216,all_reduce,8,8,BF16
609,0,8,16777216,all_reduce,8,8,BF16
610,0,8,16908288,all_reduce,8,8,BF16
611,0,8,17039360,all_reduce,8,8,BF16
612,0,8,17170432,all_reduce,8,8,BF16
613,0,8,17301504,all_reduce,8,8,BF16
614,0,8,17432576,all_reduce,8,8,BF16
615,0,8,17563648,all_reduce,8,8,BF16
616,0,8,17694720,all_reduce,8,8,BF16
617,0,8,17825792,all_reduce,8,8,BF16
618,0,8,17956864,all_reduce,8,8,BF16
619,0,8,18087936,all_reduce,8,8,BF16
620,0,8,18219008,all_reduce,8,8,BF16
621,0,8,18350080,all_reduce,8,8,BF16
622,0,8,18481152,all_reduce,8,8,BF16
623,0,8,18612224,all_reduce,8,8,BF16
624,0,8,18743296,all_reduce,8,8,BF16
625,0,8,18874368,all_reduce,8,8,BF16
626,0,8,19005440,all_reduce,8,8,BF16
627,0,8,19136512,all_reduce,8,8,BF16
628,0,8,19267584,all_reduce,8,8,BF16
629,0,8,19398656,all_reduce,8,8,BF16
630,0,8,19529728,all_reduce,8,8,BF16
631,0,8,19660800,all_reduce,8,8,BF16
632,0,8,19791872,all_reduce,8,8,BF16
633,0,8,19922944,all_reduce,8,8,BF16
634,0,8,20054016,all_reduce,8,8,BF16
635,0,8,20185088,all_reduce,8,8,BF16
636,0,8,20316160,all_reduce,8,8,BF16
637,0,8,20447232,all_reduce,8,8,BF16
638,0,8,20578304,all_reduce,8,8,BF16
639,0,8,20709376,all_reduce,8,8,BF16
640,0,8,20840448,all_reduce,8,8,BF16
641,0,8,20971520,all_reduce,8,8,BF16
642,0,8,21102592,all_reduce,8,8,BF16
643,0,8,21233664,all_reduce,8,8,BF16
644,0,8,21364736,all_reduce,8,8,BF16
645,0,8,21495808,all_reduce,8,8,BF16
646,0,8,21626880,all_reduce,8,8,BF16
647,0,8,21757952,all_reduce,8,8,BF16
648,0,8,21889024,all_reduce,8,8,BF16
649,0,8,22020096,all_reduce,8,8,BF16
650,0,8,22151168,all_reduce,8,8,BF16
651,0,8,22282240,all_reduce,8,8,BF16
652,0,8,22413312,all_reduce,8,8,BF16
653,0,8,22544384,all_reduce,8,8,BF16
654,0,8,22675456,all_reduce,8,8,BF16
655,0,8,22806528,all_reduce,8,8,BF16
656,0,8,22937600,all_reduce,8,8,BF16
657,0,8,23068672,all_reduce,8,8,BF16
658,0,8,23199744,all_reduce,8,8,BF16
659,0,8,23330816,all_reduce,8,8,BF16
660,0,8,23461888,all_reduce,8,8,BF16
661,0,8,23592960,all_reduce,8,8,BF16
662,0,8,23724032,all_reduce,8,8,BF16
663,0,8,23855104,all_reduce,8,8,BF16
664,0,8,23986176,all_reduce,8,8,BF16
665,0,8,24117248,all_reduce,8,8,BF16
666,0,8,24248320,all_reduce,8,8,BF16
667,0,8,24379392,all_reduce,8,8,BF16
668,0,8,24510464,all_reduce,8,8,BF16
669,0,8,24641536,all_reduce,8,8,BF16
670,0,8,24772608,all_reduce,8,8,BF16
671,0,8,24903680,all_reduce,8,8,BF16
672,0,8,25034752,all_reduce,8,8,BF16
673,0,8,25165824,all_reduce,8,8,BF16
674,0,8,25296896,all_reduce,8,8,BF16
675,0,8,25427968,all_reduce,8,8,BF16
676,0,8,25559040,all_reduce,8,8,BF16
677,0,8,25690112,all_reduce,8,8,BF16
678,0,8,25821184,all_reduce,8,8,BF16
679,0,8,25952256,all_reduce,8,8,BF16
680,0,8,26083328,all_reduce,8,8,BF16
681,0,8,26214400,all_reduce,8,8,BF16
682,0,8,26345472,all_reduce,8,8,BF16
683,0,8,26476544,all_reduce,8,8,BF16
684,0,8,26607616,all_reduce,8,8,BF16
685,0,8,26738688,all_reduce,8,8,BF16
686,0,8,26869760,all_reduce,8,8,BF16
687,0,8,27000832,all_reduce,8,8,BF16
688,0,8,27131904,all_reduce,8,8,BF16
689,0,8,27262976,all_reduce,8,8,BF16
690,0,8,27394048,all_reduce,8,8,BF16
691,0,8,27525120,all_reduce,8,8,BF16
692,0,8,27656192,all_reduce,8,8,BF16
693,0,8,27787264,all_reduce,8,8,BF16
694,0,8,27918336,all_reduce,8,8,BF16
695,0,8,28049408,all_reduce,8,8,BF16
696,0,8,28180480,all_reduce,8,8,BF16
697,0,8,28311552,all_reduce,8,8,BF16
698,0,8,28442624,all_reduce,8,8,BF16
699,0,8,28573696,all_reduce,8,8,BF16
700,0,8,28704768,all_reduce,8,8,BF16
701,0,8,28835840,all_reduce,8,8,BF16
702,0,8,28966912,all_reduce,8,8,BF16
703,0,8,29097984,all_reduce,8,8,BF16
704,0,8,29229056,all_reduce,8,8,BF16
705,0,8,29360128,all_reduce,8,8,BF16
706,0,8,29491200,all_reduce,8,8,BF16
707,0,8,29622272,all_reduce,8,8,BF16
708,0,8,29753344,all_reduce,8,8,BF16
709,0,8,29884416,all_reduce,8,8,BF16
710,0,8,30015488,all_reduce,8,8,BF16
711,0,8,30146560,all_reduce,8,8,BF16
712,0,8,30277632,all_reduce,8,8,BF16
713,0,8,30408704,all_reduce,8,8,BF16
714,0,8,30539776,all_reduce,8,8,BF16
715,0,8,30670848,all_reduce,8,8,BF16
716,0,8,30801920,all_reduce,8,8,BF16
717,0,8,30932992,all_reduce,8,8,BF16
718,0,8,31064064,all_reduce,8,8,BF16
719,0,8,31195136,all_reduce,8,8,BF16
720,0,8,31326208,all_reduce,8,8,BF16
721,0,8,31457280,all_reduce,8,8,BF16
722,0,8,31588352,all_reduce,8,8,BF16
723,0,8,31719424,all_reduce,8,8,BF16
724,0,8,31850496,all_reduce,8,8,BF16
725,0,8,31981568,all_reduce,8,8,BF16
726,0,8,32112640,all_reduce,8,8,BF16
727,0,8,32243712,all_reduce,8,8,BF16
728,0,8,32374784,all_reduce,8,8,BF16
729,0,8,32505856,all_reduce,8,8,BF16
730,0,8,32636928,all_reduce,8,8,BF16
731,0,8,32768000,all_reduce,8,8,BF16
732,0,8,32899072,all_reduce,8,8,BF16
733,0,8,33030144,all_reduce,8,8,BF16
734,0,8,33161216,all_reduce,8,8,BF16
735,0,8,33292288,all_reduce,8,8,BF16
736,0,8,33423360,all_reduce,8,8,BF16
737,0,8,33554432,all_reduce,8,8,BF16
738,0,8,33685504,all_reduce,8,8,BF16
739,0,8,33816576,all_reduce,8,8,BF16
740,0,8,33947648,all_reduce,8,8,BF16
741,0,8,34078720,all_reduce,8,8,BF16
742,0,8,34209792,all_reduce,8,8,BF16
743,0,8,34340864,all_reduce,8,8,BF16
744,0,8,34471936,all_reduce,8,8,BF16
745,0,8,34603008,all_reduce,8,8,BF16
746,0,8,34734080,all_reduce,8,8,BF16
747,0,8,34865152,all_reduce,8,8,BF16
748,0,8,34996224,all_reduce,8,8,BF16
749,0,8,35127296,all_reduce,8,8,BF16
750,0,8,35258368,all_reduce,8,8,BF16
751,0,8,35389440,all_reduce,8,8,BF16
752,0,8,35520512,all_reduce,8,8,BF16
753,0,8,35651584,all_reduce,8,8,BF16
754,0,8,35782656,all_reduce,8,8,BF16
755,0,8,35913728,all_reduce,8,8,BF16
756,0,8,36044800,all_reduce,8,8,BF16
757,0,8,36175872,all_reduce,8,8,BF16
758,0,8,36306944,all_reduce,8,8,BF16
759,0,8,36438016,all_reduce,8,8,BF16
760,0,8,36569088,all_reduce,8,8,BF16
761,0,8,36700160,all_reduce,8,8,BF16
762,0,8,36831232,all_reduce,8,8,BF16
763,0,8,36962304,all_reduce,8,8,BF16
764,0,8,37093376,all_reduce,8,8,BF16
765,0,8,37224448,all_reduce,8,8,BF16
766,0,8,37355520,all_reduce,8,8,BF16
767,0,8,37486592,all_reduce,8,8,BF16
768,0,8,37617664,all_reduce,8,8,BF16
769,0,8,37748736,all_reduce,8,8,BF16
770,0,8,37879808,all_reduce,8,8,BF16
771,0,8,38010880,all_reduce,8,8,BF16
772,0,8,38141952,all_reduce,8,8,BF16
773,0,8,38273024,all_reduce,8,8,BF16
774,0,8,38404096,all_reduce,8,8,BF16
775,0,8,38535168,all_reduce,8,8,BF16
776,0,8,38666240,all_reduce,8,8,BF16
777,0,8,38797312,all_reduce,8,8,BF16
778,0,8,38928384,all_reduce,8,8,BF16
779,0,8,39059456,all_reduce,8,8,BF16
780,0,8,39190528,all_reduce,8,8,BF16
781,0,8,39321600,all_reduce,8,8,BF16
782,0,8,39452672,all_reduce,8,8,BF16
783,0,8,39583744,all_reduce,8,8,BF16
784,0,8,39714816,all_reduce,8,8,BF16
785,0,8,39845888,all_reduce,8,8,BF16
786,0,8,39976960,all_reduce,8,8,BF16
787,0,8,40108032,all_reduce,8,8,BF16
788,0,8,40239104,all_reduce,8,8,BF16
789,0,8,40370176,all_reduce,8,8,BF16
790,0,8,40501248,all_reduce,8,8,BF16
791,0,8,40632320,all_reduce,8,8,BF16
792,0,8,40763392,all_reduce,8,8,BF16
793,0,8,40894464,all_reduce,8,8,BF16
794,0,8,41025536,all_reduce,8,8,BF16
795,0,8,41156608,all_reduce,8,8,BF16
796,0,8,41287680,all_reduce,8,8,BF16
797,0,8,41418752,all_reduce,8,8,BF16
798,0,8,41549824,all_reduce,8,8,BF16
799,0,8,41680896,all_reduce,8,8,BF16
800,0,8,41811968,all_reduce,8,8,BF16
801,0,8,41943040,all_reduce,8,8,BF16
802,0,8,42074112,all_reduce,8,8,BF16
803,0,8,42205184,all_reduce,8,8,BF16
804,0,8,42336256,all_reduce,8,8,BF16
805,0,8,42467328,all_reduce,8,8,BF16
806,0,8,42598400,all_reduce,8,8,BF16
807,0,8,42729472,all_reduce,8,8,BF16
808,0,8,42860544,all_reduce,8,8,BF16
809,0,8,42991616,all_reduce,8,8,BF16
810,0,8,43122688,all_reduce,8,8,BF16
811,0,8,43253760,all_reduce,8,8,BF16
812,0,8,43384832,all_reduce,8,8,BF16
813,0,8,43515904,all_reduce,8,8,BF16
814,0,8,43646976,all_reduce,8,8,BF16
815,0,8,43778048,all_reduce,8,8,BF16
816,0,8,43909120,all_reduce,8,8,BF16
817,0,8,44040192,all_reduce,8,8,BF16
818,0,8,44171264,all_reduce,8,8,BF16
819,0,8,44302336,all_reduce,8,8,BF16
820,0,8,44433408,all_reduce,8,8,BF16
821,0,8,44564480,all_reduce,8,8,BF16
822,0,8,44695552,all_reduce,8,8,BF16
823,0,8,44826624,all_reduce,8,8,BF16
824,0,8,44957696,all_reduce,8,8,BF16
825,0,8,45088768,all_reduce,8,8,BF16
826,0,8,45219840,all_reduce,8,8,BF16
827,0,8,45350912,all_reduce,8,8,BF16
828,0,8,45481984,all_reduce,8,8,BF16
829,0,8,45613056,all_reduce,8,8,BF16
830,0,8,45744128,all_reduce,8,8,BF16
831,0,8,45875200,all_reduce,8,8,BF16
832,0,8,46006272,all_reduce,8,8,BF16
833,0,8,46137344,all_reduce,8,8,BF16
834,0,8,46268416,all_reduce,8,8,BF16
835,0,8,46399488,all_reduce,8,8,BF16
836,0,8,46530560,all_reduce,8,8,BF16
837,0,8,46661632,all_reduce,8,8,BF16
838,0,8,46792704,all_reduce,8,8,BF16
839,0,8,46923776,all_reduce,8,8,BF16
840,0,8,47054848,all_reduce,8,8,BF16
841,0,8,47185920,all_reduce,8,8,BF16
842,0,8,47316992,all_reduce,8,8,BF16
843,0,8,47448064,all_reduce,8,8,BF16
844,0,8,47579136,all_reduce,8,8,BF16
845,0,8,47710208,all_reduce,8,8,BF16
846,0,8,47841280,all_reduce,8,8,BF16
847,0,8,47972352,all_reduce,8,8,BF16
848,0,8,48103424,all_reduce,8,8,BF16
849,0,8,48234496,all_reduce,8,8,BF16
850,0,8,48365568,all_reduce,8,8,BF16
851,0,8,48496640,all_reduce,8,8,BF16
852,0,8,48627712,all_reduce,8,8,BF16
853,0,8,48758784,all_reduce,8,8,BF16
854,0,8,48889856,all_reduce,8,8,BF16
855,0,8,49020928,all_reduce,8,8,BF16
856,0,8,49152000,all_reduce,8,8,BF16
857,0,8,49283072,all_reduce,8,8,BF16
858,0,8,49414144,all_reduce,8,8,BF16
859,0,8,49545216,all_reduce,8,8,BF16
860,0,8,49676288,all_reduce,8,8,BF16
861,0,8,49807360,all_reduce,8,8,BF16
862,0,8,49938432,all_reduce,8,8,BF16
863,0,8,50069504,all_reduce,8,8,BF16
864,0,8,50200576,all_reduce,8,8,BF16
865,0,8,50331648,all_reduce,8,8,BF16
866,0,8,50462720,all_reduce,8,8,BF16
867,0,8,50593792,all_reduce,8,8,BF16
868,0,8,50724864,all_reduce,8,8,BF16
869,0,8,50855936,all_reduce,8,8,BF16
870,0,8,50987008,all_reduce,8,8,BF16
871,0,8,51118080,all_reduce,8,8,BF16
872,0,8,51249152,all_reduce,8,8,BF16
873,0,8,51380224,all_reduce,8,8,BF16
874,0,8,51511296,all_reduce,8,8,BF16
875,0,8,51642368,all_reduce,8,8,BF16
876,0,8,51773440,all_reduce,8,8,BF16
877,0,8,51904512,all_reduce,8,8,BF16
878,0,8,52035584,all_reduce,8,8,BF16
879,0,8,52166656,all_reduce,8,8,BF16
880,0,8,52297728,all_reduce,8,8,BF16
881,0,8,52428800,all_reduce,8,8,BF16
882,0,8,52559872,all_reduce,8,8,BF16
883,0,8,52690944,all_reduce,8,8,BF16
884,0,8,52822016,all_reduce,8,8,BF16
885,0,8,52953088,all_reduce,8,8,BF16
886,0,8,53084160,all_reduce,8,8,BF16
887,0,8,53215232,all_reduce,8,8,BF16
888,0,8,53346304,all_reduce,8,8,BF16
889,0,8,53477376,all_reduce,8,8,BF16
890,0,8,53608448,all_reduce,8,8,BF16
891,0,8,53739520,all_reduce,8,8,BF16
892,0,8,53870592,all_reduce,8,8,BF16
893,0,8,54001664,all_reduce,8,8,BF16
894,0,8,54132736,all_reduce,8,8,BF16
895,0,8,54263808,all_reduce,8,8,BF16
896,0,8,54394880,all_reduce,8,8,BF16
897,0,8,54525952,all_reduce,8,8,BF16
898,0,8,54657024,all_reduce,8,8,BF16
899,0,8,54788096,all_reduce,8,8,BF16
900,0,8,54919168,all_reduce,8,8,BF16
901,0,8,55050240,all_reduce,8,8,BF16
902,0,8,55181312,all_reduce,8,8,BF16
903,0,8,55312384,all_reduce,8,8,BF16
904,0,8,55443456,all_reduce,8,8,BF16
905,0,8,55574528,all_reduce,8,8,BF16
906,0,8,55705600,all_reduce,8,8,BF16
907,0,8,55836672,all_reduce,8,8,BF16
908,0,8,55967744,all_reduce,8,8,BF16
909,0,8,56098816,all_reduce,8,8,BF16
910,0,8,56229888,all_reduce,8,8,BF16
911,0,8,56360960,all_reduce,8,8,BF16
912,0,8,56492032,all_reduce,8,8,BF16
913,0,8,56623104,all_reduce,8,8,BF16
914,0,8,56754176,all_reduce,8,8,BF16
915,0,8,56885248,all_reduce,8,8,BF16
916,0,8,57016320,all_reduce,8,8,BF16
917,0,8,57147392,all_reduce,8,8,BF16
918,0,8,57278464,all_reduce,8,8,BF16
919,0,8,57409536,all_reduce,8,8,BF16
920,0,8,57540608,all_reduce,8,8,BF16
921,0,8,57671680,all_reduce,8,8,BF16
922,0,8,57802752,all_reduce,8,8,BF16
923,0,8,57933824,all_reduce,8,8,BF16
924,0,8,58064896,all_reduce,8,8,BF16
925,0,8,58195968,all_reduce,8,8,BF16
926,0,8,58327040,all_reduce,8,8,BF16
927,0,8,58458112,all_reduce,8,8,BF16
928,0,8,58589184,all_reduce,8,8,BF16
929,0,8,58720256,all_reduce,8,8,BF16
930,0,8,58851328,all_reduce,8,8,BF16
931,0,8,58982400,all_reduce,8,8,BF16
932,0,8,59113472,all_reduce,8,8,BF16
933,0,8,59244544,all_reduce,8,8,BF16
934,0,8,59375616,all_reduce,8,8,BF16
935,0,8,59506688,all_reduce,8,8,BF16
936,0,8,59637760,all_reduce,8,8,BF16
937,0,8,59768832,all_reduce,8,8,BF16
938,0,8,59899904,all_reduce,8,8,BF16
939,0,8,60030976,all_reduce,8,8,BF16
940,0,8,60162048,all_reduce,8,8,BF16
941,0,8,60293120,all_reduce,8,8,BF16
942,0,8,60424192,all_reduce,8,8,BF16
943,0,8,60555264,all_reduce,8,8,BF16
944,0,8,60686336,all_reduce,8,8,BF16
945,0,8,60817408,all_reduce,8,8,BF16
946,0,8,60948480,all_reduce,8,8,BF16
947,0,8,61079552,all_reduce,8,8,BF16
948,0,8,61210624,all_reduce,8,8,BF16
949,0,8,61341696,all_reduce,8,8,BF16
950,0,8,61472768,all_reduce,8,8,BF16
951,0,8,61603840,all_reduce,8,8,BF16
952,0,8,61734912,all_reduce,8,8,BF16
953,0,8,61865984,all_reduce,8,8,BF16
954,0,8,61997056,all_reduce,8,8,BF16
955,0,8,62128128,all_reduce,8,8,BF16
956,0,8,62259200,all_reduce,8,8,BF16
957,0,8,62390272,all_reduce,8,8,BF16
958,0,8,62521344,all_reduce,8,8,BF16
959,0,8,62652416,all_reduce,8,8,BF16
960,0,8,62783488,all_reduce,8,8,BF16
961,0,8,62914560,all_reduce,8,8,BF16
962,0,8,63045632,all_reduce,8,8,BF16
963,0,8,63176704,all_reduce,8,8,BF16
964,0,8,63307776,all_reduce,8,8,BF16
965,0,8,63438848,all_reduce,8,8,BF16
966,0,8,63569920,all_reduce,8,8,BF16
967,0,8,63700992,all_reduce,8,8,BF16
968,0,8,63832064,all_reduce,8,8,BF16
969,0,8,63963136,all_reduce,8,8,BF16
970,0,8,64094208,all_reduce,8,8,BF16
971,0,8,64225280,all_reduce,8,8,BF16
972,0,8,64356352,all_reduce,8,8,BF16
973,0,8,64487424,all_reduce,8,8,BF16
974,0,8,64618496,all_reduce,8,8,BF16
975,0,8,64749568,all_reduce,8,8,BF16
976,0,8,64880640,all_reduce,8,8,BF16
977,0,8,65011712,all_reduce,8,8,BF16
978,0,8,65142784,all_reduce,8,8,BF16
979,0,8,65273856,all_reduce,8,8,BF16
980,0,8,65404928,all_reduce,8,8,BF16
981,0,8,65536000,all_reduce,8,8,BF16
982,0,8,65667072,all_reduce,8,8,BF16
983,0,8,65798144,all_reduce,8,8,BF16
984,0,8,65929216,all_reduce,8,8,BF16
985,0,8,66060288,all_reduce,8,8,BF16
986,0,8,66191360,all_reduce,8,8,BF16
987,0,8,66322432,all_reduce,8,8,BF16
988,0,8,66453504,all_reduce,8,8,BF16
989,0,8,66584576,all_reduce,8,8,BF16
990,0,8,66715648,all_reduce,8,8,BF16
991,0,8,66846720,all_reduce,8,8,BF16
992,0,8,66977792,all_reduce,8,8,BF16
993,0,8,67108864,all_reduce,8,8,BF16
994,0,2,2048,all_reduce,2,8,BF16
995,0,2,10240,all_reduce,2,8,BF16
996,0,2,18432,all_reduce,2,8,BF16
997,0,2,26624,all_reduce,2,8,BF16
998,0,2,34816,all_reduce,2,8,BF16
999,0,2,43008,all_reduce,2,8,BF16
1000,0,2,51200,all_reduce,2,8,BF16
1001,0,2,59392,all_reduce,2,8,BF16
1002,0,2,67584,all_reduce,2,8,BF16
1003,0,2,75776,all_reduce,2,8,BF16
1004,0,2,83968,all_reduce,2,8,BF16
1005,0,2,92160,all_reduce,2,8,BF16
1006,0,2,100352,all_reduce,2,8,BF16
1007,0,2,108544,all_reduce,2,8,BF16
1008,0,2,116736,all_reduce,2,8,BF16
1009,0,2,124928,all_reduce,2,8,BF16
1010,0,2,133120,all_reduce,2,8,BF16
1011,0,2,141312,all_reduce,2,8,BF16
1012,0,2,149504,all_reduce,2,8,BF16
1013,0,2,157696,all_reduce,2,8,BF16
1014,0,2,165888,all_reduce,2,8,BF16
1015,0,2,174080,all_reduce,2,8,BF16
1016,0,2,182272,all_reduce,2,8,BF16
1017,0,2,190464,all_reduce,2,8,BF16
1018,0,2,198656,all_reduce,2,8,BF16
1019,0,2,206848,all_reduce,2,8,BF16
1020,0,2,215040,all_reduce,2,8,BF16
1021,0,2,223232,all_reduce,2,8,BF16
1022,0,2,231424,all_reduce,2,8,BF16
1023,0,2,239616,all_reduce,2,8,BF16
1024,0,2,247808,all_reduce,2,8,BF16
1025,0,2,256000,all_reduce,2,8,BF16
1026,0,2,264192,all_reduce,2,8,BF16
1027,0,2,272384,all_reduce,2,8,BF16
1028,0,2,280576,all_reduce,2,8,BF16
1029,0,2,288768,all_reduce,2,8,BF16
1030,0,2,296960,all_reduce,2,8,BF16
1031,0,2,305152,all_reduce,2,8,BF16
1032,0,2,313344,all_reduce,2,8,BF16
1033,0,2,321536,all_reduce,2,8,BF16
1034,0,2,329728,all_reduce,2,8,BF16
1035,0,2,337920,all_reduce,2,8,BF16
1036,0,2,346112,all_reduce,2,8,BF16
1037,0,2,354304,all_reduce,2,8,BF16
1038,0,2,362496,all_reduce,2,8,BF16
1039,0,2,370688,all_reduce,2,8,BF16
1040,0,2,378880,all_reduce,2,8,BF16
1041,0,2,387072,all_reduce,2,8,BF16
1042,0,2,395264,all_reduce,2,8,BF16
1043,0,2,403456,all_reduce,2,8,BF16
1044,0,2,411648,all_reduce,2,8,BF16
1045,0,2,419840,all_reduce,2,8,BF16
1046,0,2,428032,all_reduce,2,8,BF16
1047,0,2,436224,all_reduce,2,8,BF16
1048,0,2,444416,all_reduce,2,8,BF16
1049,0,2,452608,all_reduce,2,8,BF16
1050,0,2,460800,all_reduce,2,8,BF16
1051,0,2,468992,all_reduce,2,8,BF16
1052,0,2,477184,all_reduce,2,8,BF16
1053,0,2,485376,all_reduce,2,8,BF16
1054,0,2,493568,all_reduce,2,8,BF16
1055,0,2,501760,all_reduce,2,8,BF16
1056,0,2,509952,all_reduce,2,8,BF16
1057,0,2,518144,all_reduce,2,8,BF16
1058,0,2,526336,all_reduce,2,8,BF16
1059,0,2,534528,all_reduce,2,8,BF16
1060,0,2,542720,all_reduce,2,8,BF16
1061,0,2,550912,all_reduce,2,8,BF16
1062,0,2,559104,all_reduce,2,8,BF16
1063,0,2,567296,all_reduce,2,8,BF16
1064,0,2,575488,all_reduce,2,8,BF16
1065,0,2,583680,all_reduce,2,8,BF16
1066,0,2,591872,all_reduce,2,8,BF16
1067,0,2,600064,all_reduce,2,8,BF16
1068,0,2,608256,all_reduce,2,8,BF16
1069,0,2,616448,all_reduce,2,8,BF16
1070,0,2,624640,all_reduce,2,8,BF16
1071,0,2,632832,all_reduce,2,8,BF16
1072,0,2,641024,all_reduce,2,8,BF16
1073,0,2,649216,all_reduce,2,8,BF16
1074,0,2,657408,all_reduce,2,8,BF16
1075,0,2,665600,all_reduce,2,8,BF16
1076,0,2,673792,all_reduce,2,8,BF16
1077,0,2,681984,all_reduce,2,8,BF16
1078,0,2,690176,all_reduce,2,8,BF16
1079,0,2,698368,all_reduce,2,8,BF16
1080,0,2,706560,all_reduce,2,8,BF16
1081,0,2,714752,all_reduce,2,8,BF16
1082,0,2,722944,all_reduce,2,8,BF16
1083,0,2,731136,all_reduce,2,8,BF16
1084,0,2,739328,all_reduce,2,8,BF16
1085,0,2,747520,all_reduce,2,8,BF16
1086,0,2,755712,all_reduce,2,8,BF16
1087,0,2,763904,all_reduce,2,8,BF16
1088,0,2,772096,all_reduce,2,8,BF16
1089,0,2,780288,all_reduce,2,8,BF16
1090,0,2,788480,all_reduce,2,8,BF16
1091,0,2,796672,all_reduce,2,8,BF16
1092,0,2,804864,all_reduce,2,8,BF16
1093,0,2,813056,all_reduce,2,8,BF16
1094,0,2,821248,all_reduce,2,8,BF16
1095,0,2,829440,all_reduce,2,8,BF16
1096,0,2,837632,all_reduce,2,8,BF16
1097,0,2,845824,all_reduce,2,8,BF16
1098,0,2,854016,all_reduce,2,8,BF16
1099,0,2,862208,all_reduce,2,8,BF16
1100,0,2,870400,all_reduce,2,8,BF16
1101,0,2,878592,all_reduce,2,8,BF16
1102,0,2,886784,all_reduce,2,8,BF16
1103,0,2,894976,all_reduce,2,8,BF16
1104,0,2,903168,all_reduce,2,8,BF16
1105,0,2,911360,all_reduce,2,8,BF16
1106,0,2,919552,all_reduce,2,8,BF16
1107,0,2,927744,all_reduce,2,8,BF16
1108,0,2,935936,all_reduce,2,8,BF16
1109,0,2,944128,all_reduce,2,8,BF16
1110,0,2,952320,all_reduce,2,8,BF16
1111,0,2,960512,all_reduce,2,8,BF16
1112,0,2,968704,all_reduce,2,8,BF16
1113,0,2,976896,all_reduce,2,8,BF16
1114,0,2,985088,all_reduce,2,8,BF16
1115,0,2,993280,all_reduce,2,8,BF16
1116,0,2,1001472,all_reduce,2,8,BF16
1117,0,2,1009664,all_reduce,2,8,BF16
1118,0,2,1017856,all_reduce,2,8,BF16
1119,0,2,1026048,all_reduce,2,8,BF16
1120,0,2,1034240,all_reduce,2,8,BF16
1121,0,2,1042432,all_reduce,2,8,BF16
1122,0,2,1048576,all_reduce,2,8,BF16
1123,0,2,1081344,all_reduce,2,8,BF16
1124,0,2,1114112,all_reduce,2,8,BF16
1125,0,2,1146880,all_reduce,2,8,BF16
1126,0,2,1179648,all_reduce,2,8,BF16
1127,0,2,1212416,all_reduce,2,8,BF16
1128,0,2,1245184,all_reduce,2,8,BF16
1129,0,2,1277952,all_reduce,2,8,BF16
1130,0,2,1310720,all_reduce,2,8,BF16
1131,0,2,1343488,all_reduce,2,8,BF16
1132,0,2,1376256,all_reduce,2,8,BF16
1133,0,2,1409024,all_reduce,2,8,BF16
1134,0,2,1441792,all_reduce,2,8,BF16
1135,0,2,1474560,all_reduce,2,8,BF16
1136,0,2,1507328,all_reduce,2,8,BF16
1137,0,2,1540096,all_reduce,2,8,BF16
1138,0,2,1572864,all_reduce,2,8,BF16
1139,0,2,1605632,all_reduce,2,8,BF16
1140,0,2,1638400,all_reduce,2,8,BF16
1141,0,2,1671168,all_reduce,2,8,BF16
1142,0,2,1703936,all_reduce,2,8,BF16
1143,0,2,1736704,all_reduce,2,8,BF16
1144,0,2,1769472,all_reduce,2,8,BF16
1145,0,2,1802240,all_reduce,2,8,BF16
1146,0,2,1835008,all_reduce,2,8,BF16
1147,0,2,1867776,all_reduce,2,8,BF16
1148,0,2,1900544,all_reduce,2,8,BF16
1149,0,2,1933312,all_reduce,2,8,BF16
1150,0,2,1966080,all_reduce,2,8,BF16
1151,0,2,1998848,all_reduce,2,8,BF16
1152,0,2,2031616,all_reduce,2,8,BF16
1153,0,2,2064384,all_reduce,2,8,BF16
1154,0,2,2097152,all_reduce,2,8,BF16
1155,0,2,2129920,all_reduce,2,8,BF16
1156,0,2,2162688,all_reduce,2,8,BF16
1157,0,2,2195456,all_reduce,2,8,BF16
1158,0,2,2228224,all_reduce,2,8,BF16
1159,0,2,2260992,all_reduce,2,8,BF16
1160,0,2,2293760,all_reduce,2,8,BF16
1161,0,2,2326528,all_reduce,2,8,BF16
1162,0,2,2359296,all_reduce,2,8,BF16
1163,0,2,2392064,all_reduce,2,8,BF16
1164,0,2,2424832,all_reduce,2,8,BF16
1165,0,2,2457600,all_reduce,2,8,BF16
1166,0,2,2490368,all_reduce,2,8,BF16
1167,0,2,2523136,all_reduce,2,8,BF16
1168,0,2,2555904,all_reduce,2,8,BF16
1169,0,2,2588672,all_reduce,2,8,BF16
1170,0,2,2621440,all_reduce,2,8,BF16
1171,0,2,2654208,all_reduce,2,8,BF16
1172,0,2,2686976,all_reduce,2,8,BF16
1173,0,2,2719744,all_reduce,2,8,BF16
1174,0,2,2752512,all_reduce,2,8,BF16
1175,0,2,2785280,all_reduce,2,8,BF16
1176,0,2,2818048,all_reduce,2,8,BF16
1177,0,2,2850816,all_reduce,2,8,BF16
1178,0,2,2883584,all_reduce,2,8,BF16
1179,0,2,2916352,all_reduce,2,8,BF16
1180,0,2,2949120,all_reduce,2,8,BF16
1181,0,2,2981888,all_reduce,2,8,BF16
1182,0,2,3014656,all_reduce,2,8,BF16
1183,0,2,3047424,all_reduce,2,8,BF16
1184,0,2,3080192,all_reduce,2,8,BF16
1185,0,2,3112960,all_reduce,2,8,BF16
1186,0,2,3145728,all_reduce,2,8,BF16
1187,0,2,3178496,all_reduce,2,8,BF16
1188,0,2,3211264,all_reduce,2,8,BF16
1189,0,2,3244032,all_reduce,2,8,BF16
1190,0,2,3276800,all_reduce,2,8,BF16
1191,0,2,3309568,all_reduce,2,8,BF16
1192,0,2,3342336,all_reduce,2,8,BF16
1193,0,2,3375104,all_reduce,2,8,BF16
1194,0,2,3407872,all_reduce,2,8,BF16
1195,0,2,3440640,all_reduce,2,8,BF16
1196,0,2,3473408,all_reduce,2,8,BF16
1197,0,2,3506176,all_reduce,2,8,BF16
1198,0,2,3538944,all_reduce,2,8,BF16
1199,0,2,3571712,all_reduce,2,8,BF16
1200,0,2,3604480,all_reduce,2,8,BF16
1201,0,2,3637248,all_reduce,2,8,BF16
1202,0,2,3670016,all_reduce,2,8,BF16
1203,0,2,3702784,all_reduce,2,8,BF16
1204,0,2,3735552,all_reduce,2,8,BF16
1205,0,2,3768320,all_reduce,2,8,BF16
1206,0,2,3801088,all_reduce,2,8,BF16
1207,0,2,3833856,all_reduce,2,8,BF16
1208,0,2,3866624,all_reduce,2,8,BF16
1209,0,2,3899392,all_reduce,2,8,BF16
1210,0,2,3932160,all_reduce,2,8,BF16
1211,0,2,3964928,all_reduce,2,8,BF16
1212,0,2,3997696,all_reduce,2,8,BF16
1213,0,2,4030464,all_reduce,2,8,BF16
1214,0,2,4063232,all_reduce,2,8,BF16
1215,0,2,4096000,all_reduce,2,8,BF16
1216,0,2,4128768,all_reduce,2,8,BF16
1217,0,2,4161536,all_reduce,2,8,BF16
1218,0,2,4194304,all_reduce,2,8,BF16
1219,0,2,4227072,all_reduce,2,8,BF16
1220,0,2,4259840,all_reduce,2,8,BF16
1221,0,2,4292608,all_reduce,2,8,BF16
1222,0,2,4325376,all_reduce,2,8,BF16
1223,0,2,4358144,all_reduce,2,8,BF16
1224,0,2,4390912,all_reduce,2,8,BF16
1225,0,2,4423680,all_reduce,2,8,BF16
1226,0,2,4456448,all_reduce,2,8,BF16
1227,0,2,4489216,all_reduce,2,8,BF16
1228,0,2,4521984,all_reduce,2,8,BF16
1229,0,2,4554752,all_reduce,2,8,BF16
1230,0,2,4587520,all_reduce,2,8,BF16
1231,0,2,4620288,all_reduce,2,8,BF16
1232,0,2,4653056,all_reduce,2,8,BF16
1233,0,2,4685824,all_reduce,2,8,BF16
1234,0,2,4718592,all_reduce,2,8,BF16
1235,0,2,4751360,all_reduce,2,8,BF16
1236,0,2,4784128,all_reduce,2,8,BF16
1237,0,2,4816896,all_reduce,2,8,BF16
1238,0,2,4849664,all_reduce,2,8,BF16
1239,0,2,4882432,all_reduce,2,8,BF16
1240,0,2,4915200,all_reduce,2,8,BF16
1241,0,2,4947968,all_reduce,2,8,BF16
1242,0,2,4980736,all_reduce,2,8,BF16
1243,0,2,5013504,all_reduce,2,8,BF16
1244,0,2,5046272,all_reduce,2,8,BF16
1245,0,2,5079040,all_reduce,2,8,BF16
1246,0,2,5111808,all_reduce,2,8,BF16
1247,0,2,5144576,all_reduce,2,8,BF16
1248,0,2,5177344,all_reduce,2,8,BF16
1249,0,2,5210112,all_reduce,2,8,BF16
1250,0,2,5242880,all_reduce,2,8,BF16
1251,0,2,5275648,all_reduce,2,8,BF16
1252,0,2,5308416,all_reduce,2,8,BF16
1253,0,2,5341184,all_reduce,2,8,BF16
1254,0,2,5373952,all_reduce,2,8,BF16
1255,0,2,5406720,all_reduce,2,8,BF16
1256,0,2,5439488,all_reduce,2,8,BF16
1257,0,2,5472256,all_reduce,2,8,BF16
1258,0,2,5505024,all_reduce,2,8,BF16
1259,0,2,5537792,all_reduce,2,8,BF16
1260,0,2,5570560,all_reduce,2,8,BF16
1261,0,2,5603328,all_reduce,2,8,BF16
1262,0,2,5636096,all_reduce,2,8,BF16
1263,0,2,5668864,all_reduce,2,8,BF16
1264,0,2,5701632,all_reduce,2,8,BF16
1265,0,2,5734400,all_reduce,2,8,BF16
1266,0,2,5767168,all_reduce,2,8,BF16
1267,0,2,5799936,all_reduce,2,8,BF16
1268,0,2,5832704,all_reduce,2,8,BF16
1269,0,2,5865472,all_reduce,2,8,BF16
1270,0,2,5898240,all_reduce,2,8,BF16
1271,0,2,5931008,all_reduce,2,8,BF16
1272,0,2,5963776,all_reduce,2,8,BF16
1273,0,2,5996544,all_reduce,2,8,BF16
1274,0,2,6029312,all_reduce,2,8,BF16
1275,0,2,6062080,all_reduce,2,8,BF16
1276,0,2,6094848,all_reduce,2,8,BF16
1277,0,2,6127616,all_reduce,2,8,BF16
1278,0,2,6160384,all_reduce,2,8,BF16
1279,0,2,6193152,all_reduce,2,8,BF16
1280,0,2,6225920,all_reduce,2,8,BF16
1281,0,2,6258688,all_reduce,2,8,BF16
1282,0,2,6291456,all_reduce,2,8,BF16
1283,0,2,6324224,all_reduce,2,8,BF16
1284,0,2,6356992,all_reduce,2,8,BF16
1285,0,2,6389760,all_reduce,2,8,BF16
1286,0,2,6422528,all_reduce,2,8,BF16
1287,0,2,6455296,all_reduce,2,8,BF16
1288,0,2,6488064,all_reduce,2,8,BF16
1289,0,2,6520832,all_reduce,2,8,BF16
1290,0,2,6553600,all_reduce,2,8,BF16
1291,0,2,6586368,all_reduce,2,8,BF16
1292,0,2,6619136,all_reduce,2,8,BF16
1293,0,2,6651904,all_reduce,2,8,BF16
1294,0,2,6684672,all_reduce,2,8,BF16
1295,0,2,6717440,all_reduce,2,8,BF16
1296,0,2,6750208,all_reduce,2,8,BF16
1297,0,2,6782976,all_reduce,2,8,BF16
1298,0,2,6815744,all_reduce,2,8,BF16
1299,0,2,6848512,all_reduce,2,8,BF16
1300,0,2,6881280,all_reduce,2,8,BF16
1301,0,2,6914048,all_reduce,2,8,BF16
1302,0,2,6946816,all_reduce,2,8,BF16
1303,0,2,6979584,all_reduce,2,8,BF16
1304,0,2,7012352,all_reduce,2,8,BF16
1305,0,2,7045120,all_reduce,2,8,BF16
1306,0,2,7077888,all_reduce,2,8,BF16
1307,0,2,7110656,all_reduce,2,8,BF16
1308,0,2,7143424,all_reduce,2,8,BF16
1309,0,2,7176192,all_reduce,2,8,BF16
1310,0,2,7208960,all_reduce,2,8,BF16
1311,0,2,7241728,all_reduce,2,8,BF16
1312,0,2,7274496,all_reduce,2,8,BF16
1313,0,2,7307264,all_reduce,2,8,BF16
1314,0,2,7340032,all_reduce,2,8,BF16
1315,0,2,7372800,all_reduce,2,8,BF16
1316,0,2,7405568,all_reduce,2,8,BF16
1317,0,2,7438336,all_reduce,2,8,BF16
1318,0,2,7471104,all_reduce,2,8,BF16
1319,0,2,7503872,all_reduce,2,8,BF16
1320,0,2,7536640,all_reduce,2,8,BF16
1321,0,2,7569408,all_reduce,2,8,BF16
1322,0,2,7602176,all_reduce,2,8,BF16
1323,0,2,7634944,all_reduce,2,8,BF16
1324,0,2,7667712,all_reduce,2,8,BF16
1325,0,2,7700480,all_reduce,2,8,BF16
1326,0,2,7733248,all_reduce,2,8,BF16
1327,0,2,7766016,all_reduce,2,8,BF16
1328,0,2,7798784,all_reduce,2,8,BF16
1329,0,2,7831552,all_reduce,2,8,BF16
1330,0,2,7864320,all_reduce,2,8,BF16
1331,0,2,7897088,all_reduce,2,8,BF16
1332,0,2,7929856,all_reduce,2,8,BF16
1333,0,2,7962624,all_reduce,2,8,BF16
1334,0,2,7995392,all_reduce,2,8,BF16
1335,0,2,8028160,all_reduce,2,8,BF16
1336,0,2,8060928,all_reduce,2,8,BF16
1337,0,2,8093696,all_reduce,2,8,BF16
1338,0,2,8126464,all_reduce,2,8,BF16
1339,0,2,8159232,all_reduce,2,8,BF16
1340,0,2,8192000,all_reduce,2,8,BF16
1341,0,2,8224768,all_reduce,2,8,BF16
1342,0,2,8257536,all_reduce,2,8,BF16
1343,0,2,8290304,all_reduce,2,8,BF16
1344,0,2,8323072,all_reduce,2,8,BF16
1345,0,2,8355840,all_reduce,2,8,BF16
1346,0,2,8388608,all_reduce,2,8,BF16
1347,0,2,8421376,all_reduce,2,8,BF16
1348,0,2,8454144,all_reduce,2,8,BF16
1349,0,2,8486912,all_reduce,2,8,BF16
1350,0,2,8519680,all_reduce,2,8,BF16
1351,0,2,8552448,all_reduce,2,8,BF16
1352,0,2,8585216,all_reduce,2,8,BF16
1353,0,2,8617984,all_reduce,2,8,BF16
1354,0,2,8650752,all_reduce,2,8,BF16
1355,0,2,8683520,all_reduce,2,8,BF16
1356,0,2,8716288,all_reduce,2,8,BF16
1357,0,2,8749056,all_reduce,2,8,BF16
1358,0,2,8781824,all_reduce,2,8,BF16
1359,0,2,8814592,all_reduce,2,8,BF16
1360,0,2,8847360,all_reduce,2,8,BF16
1361,0,2,8880128,all_reduce,2,8,BF16
1362,0,2,8912896,all_reduce,2,8,BF16
1363,0,2,8945664,all_reduce,2,8,BF16
1364,0,2,8978432,all_reduce,2,8,BF16
1365,0,2,9011200,all_reduce,2,8,BF16
1366,0,2,9043968,all_reduce,2,8,BF16
1367,0,2,9076736,all_reduce,2,8,BF16
1368,0,2,9109504,all_reduce,2,8,BF16
1369,0,2,9142272,all_reduce,2,8,BF16
1370,0,2,9175040,all_reduce,2,8,BF16
1371,0,2,9207808,all_reduce,2,8,BF16
1372,0,2,9240576,all_reduce,2,8,BF16
1373,0,2,9273344,all_reduce,2,8,BF16
1374,0,2,9306112,all_reduce,2,8,BF16
1375,0,2,9338880,all_reduce,2,8,BF16
1376,0,2,9371648,all_reduce,2,8,BF16
1377,0,2,9404416,all_reduce,2,8,BF16
1378,0,2,9437184,all_reduce,2,8,BF16
1379,0,2,9469952,all_reduce,2,8,BF16
1380,0,2,9502720,all_reduce,2,8,BF16
1381,0,2,9535488,all_reduce,2,8,BF16
1382,0,2,9568256,all_reduce,2,8,BF16
1383,0,2,9601024,all_reduce,2,8,BF16
1384,0,2,9633792,all_reduce,2,8,BF16
1385,0,2,9666560,all_reduce,2,8,BF16
1386,0,2,9699328,all_reduce,2,8,BF16
1387,0,2,9732096,all_reduce,2,8,BF16
1388,0,2,9764864,all_reduce,2,8,BF16
1389,0,2,9797632,all_reduce,2,8,BF16
1390,0,2,9830400,all_reduce,2,8,BF16
1391,0,2,9863168,all_reduce,2,8,BF16
1392,0,2,9895936,all_reduce,2,8,BF16
1393,0,2,9928704,all_reduce,2,8,BF16
1394,0,2,9961472,all_reduce,2,8,BF16
1395,0,2,9994240,all_reduce,2,8,BF16
1396,0,2,10027008,all_reduce,2,8,BF16
1397,0,2,10059776,all_reduce,2,8,BF16
1398,0,2,10092544,all_reduce,2,8,BF16
1399,0,2,10125312,all_reduce,2,8,BF16
1400,0,2,10158080,all_reduce,2,8,BF16
1401,0,2,10190848,all_reduce,2,8,BF16
1402,0,2,10223616,all_reduce,2,8,BF16
1403,0,2,10256384,all_reduce,2,8,BF16
1404,0,2,10289152,all_reduce,2,8,BF16
1405,0,2,10321920,all_reduce,2,8,BF16
1406,0,2,10354688,all_reduce,2,8,BF16
1407,0,2,10387456,all_reduce,2,8,BF16
1408,0,2,10420224,all_reduce,2,8,BF16
1409,0,2,10452992,all_reduce,2,8,BF16
1410,0,2,10485760,all_reduce,2,8,BF16
1411,0,2,10518528,all_reduce,2,8,BF16
1412,0,2,10551296,all_reduce,2,8,BF16
1413,0,2,10584064,all_reduce,2,8,BF16
1414,0,2,10616832,all_reduce,2,8,BF16
1415,0,2,10649600,all_reduce,2,8,BF16
1416,0,2,10682368,all_reduce,2,8,BF16
1417,0,2,10715136,all_reduce,2,8,BF16
1418,0,2,10747904,all_reduce,2,8,BF16
1419,0,2,10780672,all_reduce,2,8,BF16
1420,0,2,10813440,all_reduce,2,8,BF16
1421,0,2,10846208,all_reduce,2,8,BF16
1422,0,2,10878976,all_reduce,2,8,BF16
1423,0,2,10911744,all_reduce,2,8,BF16
1424,0,2,10944512,all_reduce,2,8,BF16
1425,0,2,10977280,all_reduce,2,8,BF16
1426,0,2,11010048,all_reduce,2,8,BF16
1427,0,2,11042816,all_reduce,2,8,BF16
1428,0,2,11075584,all_reduce,2,8,BF16
1429,0,2,11108352,all_reduce,2,8,BF16
1430,0,2,11141120,all_reduce,2,8,BF16
1431,0,2,11173888,all_reduce,2,8,BF16
1432,0,2,11206656,all_reduce,2,8,BF16
1433,0,2,11239424,all_reduce,2,8,BF16
1434,0,2,11272192,all_reduce,2,8,BF16
1435,0,2,11304960,all_reduce,2,8,BF16
1436,0,2,11337728,all_reduce,2,8,BF16
1437,0,2,11370496,all_reduce,2,8,BF16
1438,0,2,11403264,all_reduce,2,8,BF16
1439,0,2,11436032,all_reduce,2,8,BF16
1440,0,2,11468800,all_reduce,2,8,BF16
1441,0,2,11501568,all_reduce,2,8,BF16
1442,0,2,11534336,all_reduce,2,8,BF16
1443,0,2,11567104,all_reduce,2,8,BF16
1444,0,2,11599872,all_reduce,2,8,BF16
1445,0,2,11632640,all_reduce,2,8,BF16
1446,0,2,11665408,all_reduce,2,8,BF16
1447,0,2,11698176,all_reduce,2,8,BF16
1448,0,2,11730944,all_reduce,2,8,BF16
1449,0,2,11763712,all_reduce,2,8,BF16
1450,0,2,11796480,all_reduce,2,8,BF16
1451,0,2,11829248,all_reduce,2,8,BF16
1452,0,2,11862016,all_reduce,2,8,BF16
1453,0,2,11894784,all_reduce,2,8,BF16
1454,0,2,11927552,all_reduce,2,8,BF16
1455,0,2,11960320,all_reduce,2,8,BF16
1456,0,2,11993088,all_reduce,2,8,BF16
1457,0,2,12025856,all_reduce,2,8,BF16
1458,0,2,12058624,all_reduce,2,8,BF16
1459,0,2,12091392,all_reduce,2,8,BF16
1460,0,2,12124160,all_reduce,2,8,BF16
1461,0,2,12156928,all_reduce,2,8,BF16
1462,0,2,12189696,all_reduce,2,8,BF16
1463,0,2,12222464,all_reduce,2,8,BF16
1464,0,2,12255232,all_reduce,2,8,BF16
1465,0,2,12288000,all_reduce,2,8,BF16
1466,0,2,12320768,all_reduce,2,8,BF16
1467,0,2,12353536,all_reduce,2,8,BF16
1468,0,2,12386304,all_reduce,2,8,BF16
1469,0,2,12419072,all_reduce,2,8,BF16
1470,0,2,12451840,all_reduce,2,8,BF16
1471,0,2,12484608,all_reduce,2,8,BF16
1472,0,2,12517376,all_reduce,2,8,BF16
1473,0,2,12550144,all_reduce,2,8,BF16
1474,0,2,12582912,all_reduce,2,8,BF16
1475,0,2,12615680,all_reduce,2,8,BF16
1476,0,2,12648448,all_reduce,2,8,BF16
1477,0,2,12681216,all_reduce,2,8,BF16
1478,0,2,12713984,all_reduce,2,8,BF16
1479,0,2,12746752,all_reduce,2,8,BF16
1480,0,2,12779520,all_reduce,2,8,BF16
1481,0,2,12812288,all_reduce,2,8,BF16
1482,0,2,12845056,all_reduce,2,8,BF16
1483,0,2,12877824,all_reduce,2,8,BF16
1484,0,2,12910592,all_reduce,2,8,BF16
1485,0,2,12943360,all_reduce,2,8,BF16
1486,0,2,12976128,all_reduce,2,8,BF16
1487,0,2,13008896,all_reduce,2,8,BF16
1488,0,2,13041664,all_reduce,2,8,BF16
1489,0,2,13074432,all_reduce,2,8,BF16
1490,0,2,13107200,all_reduce,2,8,BF16
1491,0,2,13139968,all_reduce,2,8,BF16
1492,0,2,13172736,all_reduce,2,8,BF16
1493,0,2,13205504,all_reduce,2,8,BF16
1494,0,2,13238272,all_reduce,2,8,BF16
1495,0,2,13271040,all_reduce,2,8,BF16
1496,0,2,13303808,all_reduce,2,8,BF16
1497,0,2,13336576,all_reduce,2,8,BF16
1498,0,2,13369344,all_reduce,2,8,BF16
1499,0,2,13402112,all_reduce,2,8,BF16
1500,0,2,13434880,all_reduce,2,8,BF16
1501,0,2,13467648,all_reduce,2,8,BF16
1502,0,2,13500416,all_reduce,2,8,BF16
1503,0,2,13533184,all_reduce,2,8,BF16
1504,0,2,13565952,all_reduce,2,8,BF16
1505,0,2,13598720,all_reduce,2,8,BF16
1506,0,2,13631488,all_reduce,2,8,BF16
1507,0,2,13664256,all_reduce,2,8,BF16
1508,0,2,13697024,all_reduce,2,8,BF16
1509,0,2,13729792,all_reduce,2,8,BF16
1510,0,2,13762560,all_reduce,2,8,BF16
1511,0,2,13795328,all_reduce,2,8,BF16
1512,0,2,13828096,all_reduce,2,8,BF16
1513,0,2,13860864,all_reduce,2,8,BF16
1514,0,2,13893632,all_reduce,2,8,BF16
1515,0,2,13926400,all_reduce,2,8,BF16
1516,0,2,13959168,all_reduce,2,8,BF16
1517,0,2,13991936,all_reduce,2,8,BF16
1518,0,2,14024704,all_reduce,2,8,BF16
1519,0,2,14057472,all_reduce,2,8,BF16
1520,0,2,14090240,all_reduce,2,8,BF16
1521,0,2,14123008,all_reduce,2,8,BF16
1522,0,2,14155776,all_reduce,2,8,BF16
1523,0,2,14188544,all_reduce,2,8,BF16
1524,0,2,14221312,all_reduce,2,8,BF16
1525,0,2,14254080,all_reduce,2,8,BF16
1526,0,2,14286848,all_reduce,2,8,BF16
1527,0,2,14319616,all_reduce,2,8,BF16
1528,0,2,14352384,all_reduce,2,8,BF16
1529,0,2,14385152,all_reduce,2,8,BF16
1530,0,2,14417920,all_reduce,2,8,BF16
1531,0,2,14450688,all_reduce,2,8,BF16
1532,0,2,14483456,all_reduce,2,8,BF16
1533,0,2,14516224,all_reduce,2,8,BF16
1534,0,2,14548992,all_reduce,2,8,BF16
1535,0,2,14581760,all_reduce,2,8,BF16
1536,0,2,14614528,all_reduce,2,8,BF16
1537,0,2,14647296,all_reduce,2,8,BF16
1538,0,2,14680064,all_reduce,2,8,BF16
1539,0,2,14712832,all_reduce,2,8,BF16
1540,0,2,14745600,all_reduce,2,8,BF16
1541,0,2,14778368,all_reduce,2,8,BF16
1542,0,2,14811136,all_reduce,2,8,BF16
1543,0,2,14843904,all_reduce,2,8,BF16
1544,0,2,14876672,all_reduce,2,8,BF16
1545,0,2,14909440,all_reduce,2,8,BF16
1546,0,2,14942208,all_reduce,2,8,BF16
1547,0,2,14974976,all_reduce,2,8,BF16
1548,0,2,15007744,all_reduce,2,8,BF16
1549,0,2,15040512,all_reduce,2,8,BF16
1550,0,2,15073280,all_reduce,2,8,BF16
1551,0,2,15106048,all_reduce,2,8,BF16
1552,0,2,15138816,all_reduce,2,8,BF16
1553,0,2,15171584,all_reduce,2,8,BF16
1554,0,2,15204352,all_reduce,2,8,BF16
1555,0,2,15237120,all_reduce,2,8,BF16
1556,0,2,15269888,all_reduce,2,8,BF16
1557,0,2,15302656,all_reduce,2,8,BF16
1558,0,2,15335424,all_reduce,2,8,BF16
1559,0,2,15368192,all_reduce,2,8,BF16
1560,0,2,15400960,all_reduce,2,8,BF16
1561,0,2,15433728,all_reduce,2,8,BF16
1562,0,2,15466496,all_reduce,2,8,BF16
1563,0,2,15499264,all_reduce,2,8,BF16
1564,0,2,15532032,all_reduce,2,8,BF16
1565,0,2,15564800,all_reduce,2,8,BF16
1566,0,2,15597568,all_reduce,2,8,BF16
1567,0,2,15630336,all_reduce,2,8,BF16
1568,0,2,15663104,all_reduce,2,8,BF16
1569,0,2,15695872,all_reduce,2,8,BF16
1570,0,2,15728640,all_reduce,2,8,BF16
1571,0,2,15761408,all_reduce,2,8,BF16
1572,0,2,15794176,all_reduce,2,8,BF16
1573,0,2,15826944,all_reduce,2,8,BF16
1574,0,2,15859712,all_reduce,2,8,BF16
1575,0,2,15892480,all_reduce,2,8,BF16
1576,0,2,15925248,all_reduce,2,8,BF16
1577,0,2,15958016,all_reduce,2,8,BF16
1578,0,2,15990784,all_reduce,2,8,BF16
1579,0,2,16023552,all_reduce,2,8,BF16
1580,0,2,16056320,all_reduce,2,8,BF16
1581,0,2,16089088,all_reduce,2,8,BF16
1582,0,2,16121856,all_reduce,2,8,BF16
1583,0,2,16154624,all_reduce,2,8,BF16
1584,0,2,16187392,all_reduce,2,8,BF16
1585,0,2,16220160,all_reduce,2,8,BF16
1586,0,2,16252928,all_reduce,2,8,BF16
1587,0,2,16285696,all_reduce,2,8,BF16
1588,0,2,16318464,all_reduce,2,8,BF16
1589,0,2,16351232,all_reduce,2,8,BF16
1590,0,2,16384000,all_reduce,2,8,BF16
1591,0,2,16416768,all_reduce,2,8,BF16
1592,0,2,16449536,all_reduce,2,8,BF16
1593,0,2,16482304,all_reduce,2,8,BF16
1594,0,2,16515072,all_reduce,2,8,BF16
1595,0,2,16547840,all_reduce,2,8,BF16
1596,0,2,16580608,all_reduce,2,8,BF16
1597,0,2,16613376,all_reduce,2,8,BF16
1598,0,2,16646144,all_reduce,2,8,BF16
1599,0,2,16678912,all_reduce,2,8,BF16
1600,0,2,16711680,all_reduce,2,8,BF16
1601,0,2,16744448,all_reduce,2,8,BF16
1602,0,2,16777216,all_reduce,2,8,BF16
1603,0,2,16777216,all_reduce,2,8,BF16
1604,0,2,16908288,all_reduce,2,8,BF16
1605,0,2,17039360,all_reduce,2,8,BF16
1606,0,2,17170432,all_reduce,2,8,BF16
1607,0,2,17301504,all_reduce,2,8,BF16
1608,0,2,17432576,all_reduce,2,8,BF16
1609,0,2,17563648,all_reduce,2,8,BF16
1610,0,2,17694720,all_reduce,2,8,BF16
1611,0,2,17825792,all_reduce,2,8,BF16
1612,0,2,17956864,all_reduce,2,8,BF16
1613,0,2,18087936,all_reduce,2,8,BF16
1614,0,2,18219008,all_reduce,2,8,BF16
1615,0,2,18350080,all_reduce,2,8,BF16
1616,0,2,18481152,all_reduce,2,8,BF16
1617,0,2,18612224,all_reduce,2,8,BF16
1618,0,2,18743296,all_reduce,2,8,BF16
1619,0,2,18874368,all_reduce,2,8,BF16
1620,0,2,19005440,all_reduce,2,8,BF16
1621,0,2,19136512,all_reduce,2,8,BF16
1622,0,2,19267584,all_reduce,2,8,BF16
1623,0,2,19398656,all_reduce,2,8,BF16
1624,0,2,19529728,all_reduce,2,8,BF16
1625,0,2,19660800,all_reduce,2,8,BF16
1626,0,2,19791872,all_reduce,2,8,BF16
1627,0,2,19922944,all_reduce,2,8,BF16
1628,0,2,20054016,all_reduce,2,8,BF16
1629,0,2,20185088,all_reduce,2,8,BF16
1630,0,2,20316160,all_reduce,2,8,BF16
1631,0,2,20447232,all_reduce,2,8,BF16
1632,0,2,20578304,all_reduce,2,8,BF16
1633,0,2,20709376,all_reduce,2,8,BF16
1634,0,2,20840448,all_reduce,2,8,BF16
1635,0,2,20971520,all_reduce,2,8,BF16
1636,0,2,21102592,all_reduce,2,8,BF16
1637,0,2,21233664,all_reduce,2,8,BF16
1638,0,2,21364736,all_reduce,2,8,BF16
1639,0,2,21495808,all_reduce,2,8,BF16
1640,0,2,21626880,all_reduce,2,8,BF16
1641,0,2,21757952,all_reduce,2,8,BF16
1642,0,2,21889024,all_reduce,2,8,BF16
1643,0,2,22020096,all_reduce,2,8,BF16
1644,0,2,22151168,all_reduce,2,8,BF16
1645,0,2,22282240,all_reduce,2,8,BF16
1646,0,2,22413312,all_reduce,2,8,BF16
1647,0,2,22544384,all_reduce,2,8,BF16
1648,0,2,22675456,all_reduce,2,8,BF16
1649,0,2,22806528,all_reduce,2,8,BF16
1650,0,2,22937600,all_reduce,2,8,BF16
1651,0,2,23068672,all_reduce,2,8,BF16
1652,0,2,23199744,all_reduce,2,8,BF16
1653,0,2,23330816,all_reduce,2,8,BF16
1654,0,2,23461888,all_reduce,2,8,BF16
1655,0,2,23592960,all_reduce,2,8,BF16
1656,0,2,23724032,all_reduce,2,8,BF16
1657,0,2,23855104,all_reduce,2,8,BF16
1658,0,2,23986176,all_reduce,2,8,BF16
1659,0,2,24117248,all_reduce,2,8,BF16
1660,0,2,24248320,all_reduce,2,8,BF16
1661,0,2,24379392,all_reduce,2,8,BF16
1662,0,2,24510464,all_reduce,2,8,BF16
1663,0,2,24641536,all_reduce,2,8,BF16
1664,0,2,24772608,all_reduce,2,8,BF16
1665,0,2,24903680,all_reduce,2,8,BF16
1666,0,2,25034752,all_reduce,2,8,BF16
1667,0,2,25165824,all_reduce,2,8,BF16
1668,0,2,25296896,all_reduce,2,8,BF16
1669,0,2,25427968,all_reduce,2,8,BF16
1670,0,2,25559040,all_reduce,2,8,BF16
1671,0,2,25690112,all_reduce,2,8,BF16
1672,0,2,25821184,all_reduce,2,8,BF16
1673,0,2,25952256,all_reduce,2,8,BF16
1674,0,2,26083328,all_reduce,2,8,BF16
1675,0,2,26214400,all_reduce,2,8,BF16
1676,0,2,26345472,all_reduce,2,8,BF16
1677,0,2,26476544,all_reduce,2,8,BF16
1678,0,2,26607616,all_reduce,2,8,BF16
1679,0,2,26738688,all_reduce,2,8,BF16
1680,0,2,26869760,all_reduce,2,8,BF16
1681,0,2,27000832,all_reduce,2,8,BF16
1682,0,2,27131904,all_reduce,2,8,BF16
1683,0,2,27262976,all_reduce,2,8,BF16
1684,0,2,27394048,all_reduce,2,8,BF16
1685,0,2,27525120,all_reduce,2,8,BF16
1686,0,2,27656192,all_reduce,2,8,BF16
1687,0,2,27787264,all_reduce,2,8,BF16
1688,0,2,27918336,all_reduce,2,8,BF16
1689,0,2,28049408,all_reduce,2,8,BF16
1690,0,2,28180480,all_reduce,2,8,BF16
1691,0,2,28311552,all_reduce,2,8,BF16
1692,0,2,28442624,all_reduce,2,8,BF16
1693,0,2,28573696,all_reduce,2,8,BF16
1694,0,2,28704768,all_reduce,2,8,BF16
1695,0,2,28835840,all_reduce,2,8,BF16
1696,0,2,28966912,all_reduce,2,8,BF16
1697,0,2,29097984,all_reduce,2,8,BF16
1698,0,2,29229056,all_reduce,2,8,BF16
1699,0,2,29360128,all_reduce,2,8,BF16
1700,0,2,29491200,all_reduce,2,8,BF16
1701,0,2,29622272,all_reduce,2,8,BF16
1702,0,2,29753344,all_reduce,2,8,BF16
1703,0,2,29884416,all_reduce,2,8,BF16
1704,0,2,30015488,all_reduce,2,8,BF16
1705,0,2,30146560,all_reduce,2,8,BF16
1706,0,2,30277632,all_reduce,2,8,BF16
1707,0,2,30408704,all_reduce,2,8,BF16
1708,0,2,30539776,all_reduce,2,8,BF16
1709,0,2,30670848,all_reduce,2,8,BF16
1710,0,2,30801920,all_reduce,2,8,BF16
1711,0,2,30932992,all_reduce,2,8,BF16
1712,0,2,31064064,all_reduce,2,8,BF16
1713,0,2,31195136,all_reduce,2,8,BF16
1714,0,2,31326208,all_reduce,2,8,BF16
1715,0,2,31457280,all_reduce,2,8,BF16
1716,0,2,31588352,all_reduce,2,8,BF16
1717,0,2,31719424,all_reduce,2,8,BF16
1718,0,2,31850496,all_reduce,2,8,BF16
1719,0,2,31981568,all_reduce,2,8,BF16
1720,0,2,32112640,all_reduce,2,8,BF16
1721,0,2,32243712,all_reduce,2,8,BF16
1722,0,2,32374784,all_reduce,2,8,BF16
1723,0,2,32505856,all_reduce,2,8,BF16
1724,0,2,32636928,all_reduce,2,8,BF16
1725,0,2,32768000,all_reduce,2,8,BF16
1726,0,2,32899072,all_reduce,2,8,BF16
1727,0,2,33030144,all_reduce,2,8,BF16
1728,0,2,33161216,all_reduce,2,8,BF16
1729,0,2,33292288,all_reduce,2,8,BF16
1730,0,2,33423360,all_reduce,2,8,BF16
1731,0,2,33554432,all_reduce,2,8,BF16
1732,0,2,33685504,all_reduce,2,8,BF16
1733,0,2,33816576,all_reduce,2,8,BF16
1734,0,2,33947648,all_reduce,2,8,BF16
1735,0,2,34078720,all_reduce,2,8,BF16
1736,0,2,34209792,all_reduce,2,8,BF16
1737,0,2,34340864,all_reduce,2,8,BF16
1738,0,2,34471936,all_reduce,2,8,BF16
1739,0,2,34603008,all_reduce,2,8,BF16
1740,0,2,34734080,all_reduce,2,8,BF16
1741,0,2,34865152,all_reduce,2,8,BF16
1742,0,2,34996224,all_reduce,2,8,BF16
1743,0,2,35127296,all_reduce,2,8,BF16
1744,0,2,35258368,all_reduce,2,8,BF16
1745,0,2,35389440,all_reduce,2,8,BF16
1746,0,2,35520512,all_reduce,2,8,BF16
1747,0,2,35651584,all_reduce,2,8,BF16
1748,0,2,35782656,all_reduce,2,8,BF16
1749,0,2,35913728,all_reduce,2,8,BF16
1750,0,2,36044800,all_reduce,2,8,BF16
1751,0,2,36175872,all_reduce,2,8,BF16
1752,0,2,36306944,all_reduce,2,8,BF16
1753,0,2,36438016,all_reduce,2,8,BF16
1754,0,2,36569088,all_reduce,2,8,BF16
1755,0,2,36700160,all_reduce,2,8,BF16
1756,0,2,36831232,all_reduce,2,8,BF16
1757,0,2,36962304,all_reduce,2,8,BF16
1758,0,2,37093376,all_reduce,2,8,BF16
1759,0,2,37224448,all_reduce,2,8,BF16
1760,0,2,37355520,all_reduce,2,8,BF16
1761,0,2,37486592,all_reduce,2,8,BF16
1762,0,2,37617664,all_reduce,2,8,BF16
1763,0,2,37748736,all_reduce,2,8,BF16
1764,0,2,37879808,all_reduce,2,8,BF16
1765,0,2,38010880,all_reduce,2,8,BF16
1766,0,2,38141952,all_reduce,2,8,BF16
1767,0,2,38273024,all_reduce,2,8,BF16
1768,0,2,38404096,all_reduce,2,8,BF16
1769,0,2,38535168,all_reduce,2,8,BF16
1770,0,2,38666240,all_reduce,2,8,BF16
1771,0,2,38797312,all_reduce,2,8,BF16
1772,0,2,38928384,all_reduce,2,8,BF16
1773,0,2,39059456,all_reduce,2,8,BF16
1774,0,2,39190528,all_reduce,2,8,BF16
1775,0,2,39321600,all_reduce,2,8,BF16
1776,0,2,39452672,all_reduce,2,8,BF16
1777,0,2,39583744,all_reduce,2,8,BF16
1778,0,2,39714816,all_reduce,2,8,BF16
1779,0,2,39845888,all_reduce,2,8,BF16
1780,0,2,39976960,all_reduce,2,8,BF16
1781,0,2,40108032,all_reduce,2,8,BF16
1782,0,2,40239104,all_reduce,2,8,BF16
1783,0,2,40370176,all_reduce,2,8,BF16
1784,0,2,40501248,all_reduce,2,8,BF16
1785,0,2,40632320,all_reduce,2,8,BF16
1786,0,2,40763392,all_reduce,2,8,BF16
1787,0,2,40894464,all_reduce,2,8,BF16
1788,0,2,41025536,all_reduce,2,8,BF16
1789,0,2,41156608,all_reduce,2,8,BF16
1790,0,2,41287680,all_reduce,2,8,BF16
1791,0,2,41418752,all_reduce,2,8,BF16
1792,0,2,41549824,all_reduce,2,8,BF16
1793,0,2,41680896,all_reduce,2,8,BF16
1794,0,2,41811968,all_reduce,2,8,BF16
1795,0,2,41943040,all_reduce,2,8,BF16
1796,0,2,42074112,all_reduce,2,8,BF16
1797,0,2,42205184,all_reduce,2,8,BF16
1798,0,2,42336256,all_reduce,2,8,BF16
1799,0,2,42467328,all_reduce,2,8,BF16
1800,0,2,42598400,all_reduce,2,8,BF16
1801,0,2,42729472,all_reduce,2,8,BF16
1802,0,2,42860544,all_reduce,2,8,BF16
1803,0,2,42991616,all_reduce,2,8,BF16
1804,0,2,43122688,all_reduce,2,8,BF16
1805,0,2,43253760,all_reduce,2,8,BF16
1806,0,2,43384832,all_reduce,2,8,BF16
1807,0,2,43515904,all_reduce,2,8,BF16
1808,0,2,43646976,all_reduce,2,8,BF16
1809,0,2,43778048,all_reduce,2,8,BF16
1810,0,2,43909120,all_reduce,2,8,BF16
1811,0,2,44040192,all_reduce,2,8,BF16
1812,0,2,44171264,all_reduce,2,8,BF16
1813,0,2,44302336,all_reduce,2,8,BF16
1814,0,2,44433408,all_reduce,2,8,BF16
1815,0,2,44564480,all_reduce,2,8,BF16
1816,0,2,44695552,all_reduce,2,8,BF16
1817,0,2,44826624,all_reduce,2,8,BF16
1818,0,2,44957696,all_reduce,2,8,BF16
1819,0,2,45088768,all_reduce,2,8,BF16
1820,0,2,45219840,all_reduce,2,8,BF16
1821,0,2,45350912,all_reduce,2,8,BF16
1822,0,2,45481984,all_reduce,2,8,BF16
1823,0,2,45613056,all_reduce,2,8,BF16
1824,0,2,45744128,all_reduce,2,8,BF16
1825,0,2,45875200,all_reduce,2,8,BF16
1826,0,2,46006272,all_reduce,2,8,BF16
1827,0,2,46137344,all_reduce,2,8,BF16
1828,0,2,46268416,all_reduce,2,8,BF16
1829,0,2,46399488,all_reduce,2,8,BF16
1830,0,2,46530560,all_reduce,2,8,BF16
1831,0,2,46661632,all_reduce,2,8,BF16
1832,0,2,46792704,all_reduce,2,8,BF16
1833,0,2,46923776,all_reduce,2,8,BF16
1834,0,2,47054848,all_reduce,2,8,BF16
1835,0,2,47185920,all_reduce,2,8,BF16
1836,0,2,47316992,all_reduce,2,8,BF16
1837,0,2,47448064,all_reduce,2,8,BF16
1838,0,2,47579136,all_reduce,2,8,BF16
1839,0,2,47710208,all_reduce,2,8,BF16
1840,0,2,47841280,all_reduce,2,8,BF16
1841,0,2,47972352,all_reduce,2,8,BF16
1842,0,2,48103424,all_reduce,2,8,BF16
1843,0,2,48234496,all_reduce,2,8,BF16
1844,0,2,48365568,all_reduce,2,8,BF16
1845,0,2,48496640,all_reduce,2,8,BF16
1846,0,2,48627712,all_reduce,2,8,BF16
1847,0,2,48758784,all_reduce,2,8,BF16
1848,0,2,48889856,all_reduce,2,8,BF16
1849,0,2,49020928,all_reduce,2,8,BF16
1850,0,2,49152000,all_reduce,2,8,BF16
1851,0,2,49283072,all_reduce,2,8,BF16
1852,0,2,49414144,all_reduce,2,8,BF16
1853,0,2,49545216,all_reduce,2,8,BF16
1854,0,2,49676288,all_reduce,2,8,BF16
1855,0,2,49807360,all_reduce,2,8,BF16
1856,0,2,49938432,all_reduce,2,8,BF16
1857,0,2,50069504,all_reduce,2,8,BF16
1858,0,2,50200576,all_reduce,2,8,BF16
1859,0,2,50331648,all_reduce,2,8,BF16
1860,0,2,50462720,all_reduce,2,8,BF16
1861,0,2,50593792,all_reduce,2,8,BF16
1862,0,2,50724864,all_reduce,2,8,BF16
1863,0,2,50855936,all_reduce,2,8,BF16
1864,0,2,50987008,all_reduce,2,8,BF16
1865,0,2,51118080,all_reduce,2,8,BF16
1866,0,2,51249152,all_reduce,2,8,BF16
1867,0,2,51380224,all_reduce,2,8,BF16
1868,0,2,51511296,all_reduce,2,8,BF16
1869,0,2,51642368,all_reduce,2,8,BF16
1870,0,2,51773440,all_reduce,2,8,BF16
1871,0,2,51904512,all_reduce,2,8,BF16
1872,0,2,52035584,all_reduce,2,8,BF16
1873,0,2,52166656,all_reduce,2,8,BF16
1874,0,2,52297728,all_reduce,2,8,BF16
1875,0,2,52428800,all_reduce,2,8,BF16
1876,0,2,52559872,all_reduce,2,8,BF16
1877,0,2,52690944,all_reduce,2,8,BF16
1878,0,2,52822016,all_reduce,2,8,BF16
1879,0,2,52953088,all_reduce,2,8,BF16
1880,0,2,53084160,all_reduce,2,8,BF16
1881,0,2,53215232,all_reduce,2,8,BF16
1882,0,2,53346304,all_reduce,2,8,BF16
1883,0,2,53477376,all_reduce,2,8,BF16
1884,0,2,53608448,all_reduce,2,8,BF16
1885,0,2,53739520,all_reduce,2,8,BF16
1886,0,2,53870592,all_reduce,2,8,BF16
1887,0,2,54001664,all_reduce,2,8,BF16
1888,0,2,54132736,all_reduce,2,8,BF16
1889,0,2,54263808,all_reduce,2,8,BF16
1890,0,2,54394880,all_reduce,2,8,BF16
1891,0,2,54525952,all_reduce,2,8,BF16
1892,0,2,54657024,all_reduce,2,8,BF16
1893,0,2,54788096,all_reduce,2,8,BF16
1894,0,2,54919168,all_reduce,2,8,BF16
1895,0,2,55050240,all_reduce,2,8,BF16
1896,0,2,55181312,all_reduce,2,8,BF16
1897,0,2,55312384,all_reduce,2,8,BF16
1898,0,2,55443456,all_reduce,2,8,BF16
1899,0,2,55574528,all_reduce,2,8,BF16
1900,0,2,55705600,all_reduce,2,8,BF16
1901,0,2,55836672,all_reduce,2,8,BF16
1902,0,2,55967744,all_reduce,2,8,BF16
1903,0,2,56098816,all_reduce,2,8,BF16
1904,0,2,56229888,all_reduce,2,8,BF16
1905,0,2,56360960,all_reduce,2,8,BF16
1906,0,2,56492032,all_reduce,2,8,BF16
1907,0,2,56623104,all_reduce,2,8,BF16
1908,0,2,56754176,all_reduce,2,8,BF16
1909,0,2,56885248,all_reduce,2,8,BF16
1910,0,2,57016320,all_reduce,2,8,BF16
1911,0,2,57147392,all_reduce,2,8,BF16
1912,0,2,57278464,all_reduce,2,8,BF16
1913,0,2,57409536,all_reduce,2,8,BF16
1914,0,2,57540608,all_reduce,2,8,BF16
1915,0,2,57671680,all_reduce,2,8,BF16
1916,0,2,57802752,all_reduce,2,8,BF16
1917,0,2,57933824,all_reduce,2,8,BF16
1918,0,2,58064896,all_reduce,2,8,BF16
1919,0,2,58195968,all_reduce,2,8,BF16
1920,0,2,58327040,all_reduce,2,8,BF16
1921,0,2,58458112,all_reduce,2,8,BF16
1922,0,2,58589184,all_reduce,2,8,BF16
1923,0,2,58720256,all_reduce,2,8,BF16
1924,0,2,58851328,all_reduce,2,8,BF16
1925,0,2,58982400,all_reduce,2,8,BF16
1926,0,2,59113472,all_reduce,2,8,BF16
1927,0,2,59244544,all_reduce,2,8,BF16
1928,0,2,59375616,all_reduce,2,8,BF16
1929,0,2,59506688,all_reduce,2,8,BF16
1930,0,2,59637760,all_reduce,2,8,BF16
1931,0,2,59768832,all_reduce,2,8,BF16
1932,0,2,59899904,all_reduce,2,8,BF16
1933,0,2,60030976,all_reduce,2,8,BF16
1934,0,2,60162048,all_reduce,2,8,BF16
1935,0,2,60293120,all_reduce,2,8,BF16
1936,0,2,60424192,all_reduce,2,8,BF16
1937,0,2,60555264,all_reduce,2,8,BF16
1938,0,2,60686336,all_reduce,2,8,BF16
1939,0,2,60817408,all_reduce,2,8,BF16
1940,0,2,60948480,all_reduce,2,8,BF16
1941,0,2,61079552,all_reduce,2,8,BF16
1942,0,2,61210624,all_reduce,2,8,BF16
1943,0,2,61341696,all_reduce,2,8,BF16
1944,0,2,61472768,all_reduce,2,8,BF16
1945,0,2,61603840,all_reduce,2,8,BF16
1946,0,2,61734912,all_reduce,2,8,BF16
1947,0,2,61865984,all_reduce,2,8,BF16
1948,0,2,61997056,all_reduce,2,8,BF16
1949,0,2,62128128,all_reduce,2,8,BF16
1950,0,2,62259200,all_reduce,2,8,BF16
1951,0,2,62390272,all_reduce,2,8,BF16
1952,0,2,62521344,all_reduce,2,8,BF16
1953,0,2,62652416,all_reduce,2,8,BF16
1954,0,2,62783488,all_reduce,2,8,BF16
1955,0,2,62914560,all_reduce,2,8,BF16
1956,0,2,63045632,all_reduce,2,8,BF16
1957,0,2,63176704,all_reduce,2,8,BF16
1958,0,2,63307776,all_reduce,2,8,BF16
1959,0,2,63438848,all_reduce,2,8,BF16
1960,0,2,63569920,all_reduce,2,8,BF16
1961,0,2,63700992,all_reduce,2,8,BF16
1962,0,2,63832064,all_reduce,2,8,BF16
1963,0,2,63963136,all_reduce,2,8,BF16
1964,0,2,64094208,all_reduce,2,8,BF16
1965,0,2,64225280,all_reduce,2,8,BF16
1966,0,2,64356352,all_reduce,2,8,BF16
1967,0,2,64487424,all_reduce,2,8,BF16
1968,0,2,64618496,all_reduce,2,8,BF16
1969,0,2,64749568,all_reduce,2,8,BF16
1970,0,2,64880640,all_reduce,2,8,BF16
1971,0,2,65011712,all_reduce,2,8,BF16
1972,0,2,65142784,all_reduce,2,8,BF16
1973,0,2,65273856,all_reduce,2,8,BF16
1974,0,2,65404928,all_reduce,2,8,BF16
1975,0,2,65536000,all_reduce,2,8,BF16
1976,0,2,65667072,all_reduce,2,8,BF16
1977,0,2,65798144,all_reduce,2,8,BF16
1978,0,2,65929216,all_reduce,2,8,BF16
1979,0,2,66060288,all_reduce,2,8,BF16
1980,0,2,66191360,all_reduce,2,8,BF16
1981,0,2,66322432,all_reduce,2,8,BF16
1982,0,2,66453504,all_reduce,2,8,BF16
1983,0,2,66584576,all_reduce,2,8,BF16
1984,0,2,66715648,all_reduce,2,8,BF16
1985,0,2,66846720,all_reduce,2,8,BF16
1986,0,2,66977792,all_reduce,2,8,BF16
1987,0,2,67108864,all_reduce,2,8,BF16
1988,0,4,2048,all_reduce,4,8,BF16
1989,0,4,10240,all_reduce,4,8,BF16
1990,0,4,18432,all_reduce,4,8,BF16
1991,0,4,26624,all_reduce,4,8,BF16
1992,0,4,34816,all_reduce,4,8,BF16
1993,0,4,43008,all_reduce,4,8,BF16
1994,0,4,51200,all_reduce,4,8,BF16
1995,0,4,59392,all_reduce,4,8,BF16
1996,0,4,67584,all_reduce,4,8,BF16
1997,0,4,75776,all_reduce,4,8,BF16
1998,0,4,83968,all_reduce,4,8,BF16
1999,0,4,92160,all_reduce,4,8,BF16
2000,0,4,100352,all_reduce,4,8,BF16
2001,0,4,108544,all_reduce,4,8,BF16
2002,0,4,116736,all_reduce,4,8,BF16
2003,0,4,124928,all_reduce,4,8,BF16
2004,0,4,133120,all_reduce,4,8,BF16
2005,0,4,141312,all_reduce,4,8,BF16
2006,0,4,149504,all_reduce,4,8,BF16
2007,0,4,157696,all_reduce,4,8,BF16
2008,0,4,165888,all_reduce,4,8,BF16
2009,0,4,174080,all_reduce,4,8,BF16
2010,0,4,182272,all_reduce,4,8,BF16
2011,0,4,190464,all_reduce,4,8,BF16
2012,0,4,198656,all_reduce,4,8,BF16
2013,0,4,206848,all_reduce,4,8,BF16
2014,0,4,215040,all_reduce,4,8,BF16
2015,0,4,223232,all_reduce,4,8,BF16
2016,0,4,231424,all_reduce,4,8,BF16
2017,0,4,239616,all_reduce,4,8,BF16
2018,0,4,247808,all_reduce,4,8,BF16
2019,0,4,256000,all_reduce,4,8,BF16
2020,0,4,264192,all_reduce,4,8,BF16
2021,0,4,272384,all_reduce,4,8,BF16
2022,0,4,280576,all_reduce,4,8,BF16
2023,0,4,288768,all_reduce,4,8,BF16
2024,0,4,296960,all_reduce,4,8,BF16
2025,0,4,305152,all_reduce,4,8,BF16
2026,0,4,313344,all_reduce,4,8,BF16
2027,0,4,321536,all_reduce,4,8,BF16
2028,0,4,329728,all_reduce,4,8,BF16
2029,0,4,337920,all_reduce,4,8,BF16
2030,0,4,346112,all_reduce,4,8,BF16
2031,0,4,354304,all_reduce,4,8,BF16
2032,0,4,362496,all_reduce,4,8,BF16
2033,0,4,370688,all_reduce,4,8,BF16
2034,0,4,378880,all_reduce,4,8,BF16
2035,0,4,387072,all_reduce,4,8,BF16
2036,0,4,395264,all_reduce,4,8,BF16
2037,0,4,403456,all_reduce,4,8,BF16
2038,0,4,411648,all_reduce,4,8,BF16
2039,0,4,419840,all_reduce,4,8,BF16
2040,0,4,428032,all_reduce,4,8,BF16
2041,0,4,436224,all_reduce,4,8,BF16
2042,0,4,444416,all_reduce,4,8,BF16
2043,0,4,452608,all_reduce,4,8,BF16
2044,0,4,460800,all_reduce,4,8,BF16
2045,0,4,468992,all_reduce,4,8,BF16
2046,0,4,477184,all_reduce,4,8,BF16
2047,0,4,485376,all_reduce,4,8,BF16
2048,0,4,493568,all_reduce,4,8,BF16
2049,0,4,501760,all_reduce,4,8,BF16
2050,0,4,509952,all_reduce,4,8,BF16
2051,0,4,518144,all_reduce,4,8,BF16
2052,0,4,526336,all_reduce,4,8,BF16
2053,0,4,534528,all_reduce,4,8,BF16
2054,0,4,542720,all_reduce,4,8,BF16
2055,0,4,550912,all_reduce,4,8,BF16
2056,0,4,559104,all_reduce,4,8,BF16
2057,0,4,567296,all_reduce,4,8,BF16
2058,0,4,575488,all_reduce,4,8,BF16
2059,0,4,583680,all_reduce,4,8,BF16
2060,0,4,591872,all_reduce,4,8,BF16
2061,0,4,600064,all_reduce,4,8,BF16
2062,0,4,608256,all_reduce,4,8,BF16
2063,0,4,616448,all_reduce,4,8,BF16
2064,0,4,624640,all_reduce,4,8,BF16
2065,0,4,632832,all_reduce,4,8,BF16
2066,0,4,641024,all_reduce,4,8,BF16
2067,0,4,649216,all_reduce,4,8,BF16
2068,0,4,657408,all_reduce,4,8,BF16
2069,0,4,665600,all_reduce,4,8,BF16
2070,0,4,673792,all_reduce,4,8,BF16
2071,0,4,681984,all_reduce,4,8,BF16
2072,0,4,690176,all_reduce,4,8,BF16
2073,0,4,698368,all_reduce,4,8,BF16
2074,0,4,706560,all_reduce,4,8,BF16
2075,0,4,714752,all_reduce,4,8,BF16
2076,0,4,722944,all_reduce,4,8,BF16
2077,0,4,731136,all_reduce,4,8,BF16
2078,0,4,739328,all_reduce,4,8,BF16
2079,0,4,747520,all_reduce,4,8,BF16
2080,0,4,755712,all_reduce,4,8,BF16
2081,0,4,763904,all_reduce,4,8,BF16
2082,0,4,772096,all_reduce,4,8,BF16
2083,0,4,780288,all_reduce,4,8,BF16
2084,0,4,788480,all_reduce,4,8,BF16
2085,0,4,796672,all_reduce,4,8,BF16
2086,0,4,804864,all_reduce,4,8,BF16
2087,0,4,813056,all_reduce,4,8,BF16
2088,0,4,821248,all_reduce,4,8,BF16
2089,0,4,829440,all_reduce,4,8,BF16
2090,0,4,837632,all_reduce,4,8,BF16
2091,0,4,845824,all_reduce,4,8,BF16
2092,0,4,854016,all_reduce,4,8,BF16
2093,0,4,862208,all_reduce,4,8,BF16
2094,0,4,870400,all_reduce,4,8,BF16
2095,0,4,878592,all_reduce,4,8,BF16
2096,0,4,886784,all_reduce,4,8,BF16
2097,0,4,894976,all_reduce,4,8,BF16
2098,0,4,903168,all_reduce,4,8,BF16
2099,0,4,911360,all_reduce,4,8,BF16
2100,0,4,919552,all_reduce,4,8,BF16
2101,0,4,927744,all_reduce,4,8,BF16
2102,0,4,935936,all_reduce,4,8,BF16
2103,0,4,944128,all_reduce,4,8,BF16
2104,0,4,952320,all_reduce,4,8,BF16
2105,0,4,960512,all_reduce,4,8,BF16
2106,0,4,968704,all_reduce,4,8,BF16
2107,0,4,976896,all_reduce,4,8,BF16
2108,0,4,985088,all_reduce,4,8,BF16
2109,0,4,993280,all_reduce,4,8,BF16
2110,0,4,1001472,all_reduce,4,8,BF16
2111,0,4,1009664,all_reduce,4,8,BF16
2112,0,4,1017856,all_reduce,4,8,BF16
2113,0,4,1026048,all_reduce,4,8,BF16
2114,0,4,1034240,all_reduce,4,8,BF16
2115,0,4,1042432,all_reduce,4,8,BF16
2116,0,4,1048576,all_reduce,4,8,BF16
2117,0,4,1081344,all_reduce,4,8,BF16
2118,0,4,1114112,all_reduce,4,8,BF16
2119,0,4,1146880,all_reduce,4,8,BF16
2120,0,4,1179648,all_reduce,4,8,BF16
2121,0,4,1212416,all_reduce,4,8,BF16
2122,0,4,1245184,all_reduce,4,8,BF16
2123,0,4,1277952,all_reduce,4,8,BF16
2124,0,4,1310720,all_reduce,4,8,BF16
2125,0,4,1343488,all_reduce,4,8,BF16
2126,0,4,1376256,all_reduce,4,8,BF16
2127,0,4,1409024,all_reduce,4,8,BF16
2128,0,4,1441792,all_reduce,4,8,BF16
2129,0,4,1474560,all_reduce,4,8,BF16
2130,0,4,1507328,all_reduce,4,8,BF16
2131,0,4,1540096,all_reduce,4,8,BF16
2132,0,4,1572864,all_reduce,4,8,BF16
2133,0,4,1605632,all_reduce,4,8,BF16
2134,0,4,1638400,all_reduce,4,8,BF16
2135,0,4,1671168,all_reduce,4,8,BF16
2136,0,4,1703936,all_reduce,4,8,BF16
2137,0,4,1736704,all_reduce,4,8,BF16
2138,0,4,1769472,all_reduce,4,8,BF16
2139,0,4,1802240,all_reduce,4,8,BF16
2140,0,4,1835008,all_reduce,4,8,BF16
2141,0,4,1867776,all_reduce,4,8,BF16
2142,0,4,1900544,all_reduce,4,8,BF16
2143,0,4,1933312,all_reduce,4,8,BF16
2144,0,4,1966080,all_reduce,4,8,BF16
2145,0,4,1998848,all_reduce,4,8,BF16
2146,0,4,2031616,all_reduce,4,8,BF16
2147,0,4,2064384,all_reduce,4,8,BF16
2148,0,4,2097152,all_reduce,4,8,BF16
2149,0,4,2129920,all_reduce,4,8,BF16
2150,0,4,2162688,all_reduce,4,8,BF16
2151,0,4,2195456,all_reduce,4,8,BF16
2152,0,4,2228224,all_reduce,4,8,BF16
2153,0,4,2260992,all_reduce,4,8,BF16
2154,0,4,2293760,all_reduce,4,8,BF16
2155,0,4,2326528,all_reduce,4,8,BF16
2156,0,4,2359296,all_reduce,4,8,BF16
2157,0,4,2392064,all_reduce,4,8,BF16
2158,0,4,2424832,all_reduce,4,8,BF16
2159,0,4,2457600,all_reduce,4,8,BF16
2160,0,4,2490368,all_reduce,4,8,BF16
2161,0,4,2523136,all_reduce,4,8,BF16
2162,0,4,2555904,all_reduce,4,8,BF16
2163,0,4,2588672,all_reduce,4,8,BF16
2164,0,4,2621440,all_reduce,4,8,BF16
2165,0,4,2654208,all_reduce,4,8,BF16
2166,0,4,2686976,all_reduce,4,8,BF16
2167,0,4,2719744,all_reduce,4,8,BF16
2168,0,4,2752512,all_reduce,4,8,BF16
2169,0,4,2785280,all_reduce,4,8,BF16
2170,0,4,2818048,all_reduce,4,8,BF16
2171,0,4,2850816,all_reduce,4,8,BF16
2172,0,4,2883584,all_reduce,4,8,BF16
2173,0,4,2916352,all_reduce,4,8,BF16
2174,0,4,2949120,all_reduce,4,8,BF16
2175,0,4,2981888,all_reduce,4,8,BF16
2176,0,4,3014656,all_reduce,4,8,BF16
2177,0,4,3047424,all_reduce,4,8,BF16
2178,0,4,3080192,all_reduce,4,8,BF16
2179,0,4,3112960,all_reduce,4,8,BF16
2180,0,4,3145728,all_reduce,4,8,BF16
2181,0,4,3178496,all_reduce,4,8,BF16
2182,0,4,3211264,all_reduce,4,8,BF16
2183,0,4,3244032,all_reduce,4,8,BF16
2184,0,4,3276800,all_reduce,4,8,BF16
2185,0,4,3309568,all_reduce,4,8,BF16
2186,0,4,3342336,all_reduce,4,8,BF16
2187,0,4,3375104,all_reduce,4,8,BF16
2188,0,4,3407872,all_reduce,4,8,BF16
2189,0,4,3440640,all_reduce,4,8,BF16
2190,0,4,3473408,all_reduce,4,8,BF16
2191,0,4,3506176,all_reduce,4,8,BF16
2192,0,4,3538944,all_reduce,4,8,BF16
2193,0,4,3571712,all_reduce,4,8,BF16
2194,0,4,3604480,all_reduce,4,8,BF16
2195,0,4,3637248,all_reduce,4,8,BF16
2196,0,4,3670016,all_reduce,4,8,BF16
2197,0,4,3702784,all_reduce,4,8,BF16
2198,0,4,3735552,all_reduce,4,8,BF16
2199,0,4,3768320,all_reduce,4,8,BF16
2200,0,4,3801088,all_reduce,4,8,BF16
2201,0,4,3833856,all_reduce,4,8,BF16
2202,0,4,3866624,all_reduce,4,8,BF16
2203,0,4,3899392,all_reduce,4,8,BF16
2204,0,4,3932160,all_reduce,4,8,BF16
2205,0,4,3964928,all_reduce,4,8,BF16
2206,0,4,3997696,all_reduce,4,8,BF16
2207,0,4,4030464,all_reduce,4,8,BF16
2208,0,4,4063232,all_reduce,4,8,BF16
2209,0,4,4096000,all_reduce,4,8,BF16
2210,0,4,4128768,all_reduce,4,8,BF16
2211,0,4,4161536,all_reduce,4,8,BF16
2212,0,4,4194304,all_reduce,4,8,BF16
2213,0,4,4227072,all_reduce,4,8,BF16
2214,0,4,4259840,all_reduce,4,8,BF16
2215,0,4,4292608,all_reduce,4,8,BF16
2216,0,4,4325376,all_reduce,4,8,BF16
2217,0,4,4358144,all_reduce,4,8,BF16
2218,0,4,4390912,all_reduce,4,8,BF16
2219,0,4,4423680,all_reduce,4,8,BF16
2220,0,4,4456448,all_reduce,4,8,BF16
2221,0,4,4489216,all_reduce,4,8,BF16
2222,0,4,4521984,all_reduce,4,8,BF16
2223,0,4,4554752,all_reduce,4,8,BF16
2224,0,4,4587520,all_reduce,4,8,BF16
2225,0,4,4620288,all_reduce,4,8,BF16
2226,0,4,4653056,all_reduce,4,8,BF16
2227,0,4,4685824,all_reduce,4,8,BF16
2228,0,4,4718592,all_reduce,4,8,BF16
2229,0,4,4751360,all_reduce,4,8,BF16
2230,0,4,4784128,all_reduce,4,8,BF16
2231,0,4,4816896,all_reduce,4,8,BF16
2232,0,4,4849664,all_reduce,4,8,BF16
2233,0,4,4882432,all_reduce,4,8,BF16
2234,0,4,4915200,all_reduce,4,8,BF16
2235,0,4,4947968,all_reduce,4,8,BF16
2236,0,4,4980736,all_reduce,4,8,BF16
2237,0,4,5013504,all_reduce,4,8,BF16
2238,0,4,5046272,all_reduce,4,8,BF16
2239,0,4,5079040,all_reduce,4,8,BF16
2240,0,4,5111808,all_reduce,4,8,BF16
2241,0,4,5144576,all_reduce,4,8,BF16
2242,0,4,5177344,all_reduce,4,8,BF16
2243,0,4,5210112,all_reduce,4,8,BF16
2244,0,4,5242880,all_reduce,4,8,BF16
2245,0,4,5275648,all_reduce,4,8,BF16
2246,0,4,5308416,all_reduce,4,8,BF16
2247,0,4,5341184,all_reduce,4,8,BF16
2248,0,4,5373952,all_reduce,4,8,BF16
2249,0,4,5406720,all_reduce,4,8,BF16
2250,0,4,5439488,all_reduce,4,8,BF16
2251,0,4,5472256,all_reduce,4,8,BF16
2252,0,4,5505024,all_reduce,4,8,BF16
2253,0,4,5537792,all_reduce,4,8,BF16
2254,0,4,5570560,all_reduce,4,8,BF16
2255,0,4,5603328,all_reduce,4,8,BF16
2256,0,4,5636096,all_reduce,4,8,BF16
2257,0,4,5668864,all_reduce,4,8,BF16
2258,0,4,5701632,all_reduce,4,8,BF16
2259,0,4,5734400,all_reduce,4,8,BF16
2260,0,4,5767168,all_reduce,4,8,BF16
2261,0,4,5799936,all_reduce,4,8,BF16
2262,0,4,5832704,all_reduce,4,8,BF16
2263,0,4,5865472,all_reduce,4,8,BF16
2264,0,4,5898240,all_reduce,4,8,BF16
2265,0,4,5931008,all_reduce,4,8,BF16
2266,0,4,5963776,all_reduce,4,8,BF16
2267,0,4,5996544,all_reduce,4,8,BF16
2268,0,4,6029312,all_reduce,4,8,BF16
2269,0,4,6062080,all_reduce,4,8,BF16
2270,0,4,6094848,all_reduce,4,8,BF16
2271,0,4,6127616,all_reduce,4,8,BF16
2272,0,4,6160384,all_reduce,4,8,BF16
2273,0,4,6193152,all_reduce,4,8,BF16
2274,0,4,6225920,all_reduce,4,8,BF16
2275,0,4,6258688,all_reduce,4,8,BF16
2276,0,4,6291456,all_reduce,4,8,BF16
2277,0,4,6324224,all_reduce,4,8,BF16
2278,0,4,6356992,all_reduce,4,8,BF16
2279,0,4,6389760,all_reduce,4,8,BF16
2280,0,4,6422528,all_reduce,4,8,BF16
2281,0,4,6455296,all_reduce,4,8,BF16
2282,0,4,6488064,all_reduce,4,8,BF16
2283,0,4,6520832,all_reduce,4,8,BF16
2284,0,4,6553600,all_reduce,4,8,BF16
2285,0,4,6586368,all_reduce,4,8,BF16
2286,0,4,6619136,all_reduce,4,8,BF16
2287,0,4,6651904,all_reduce,4,8,BF16
2288,0,4,6684672,all_reduce,4,8,BF16
2289,0,4,6717440,all_reduce,4,8,BF16
2290,0,4,6750208,all_reduce,4,8,BF16
2291,0,4,6782976,all_reduce,4,8,BF16
2292,0,4,6815744,all_reduce,4,8,BF16
2293,0,4,6848512,all_reduce,4,8,BF16
2294,0,4,6881280,all_reduce,4,8,BF16
2295,0,4,6914048,all_reduce,4,8,BF16
2296,0,4,6946816,all_reduce,4,8,BF16
2297,0,4,6979584,all_reduce,4,8,BF16
2298,0,4,7012352,all_reduce,4,8,BF16
2299,0,4,7045120,all_reduce,4,8,BF16
2300,0,4,7077888,all_reduce,4,8,BF16
2301,0,4,7110656,all_reduce,4,8,BF16
2302,0,4,7143424,all_reduce,4,8,BF16
2303,0,4,7176192,all_reduce,4,8,BF16
2304,0,4,7208960,all_reduce,4,8,BF16
2305,0,4,7241728,all_reduce,4,8,BF16
2306,0,4,7274496,all_reduce,4,8,BF16
2307,0,4,7307264,all_reduce,4,8,BF16
2308,0,4,7340032,all_reduce,4,8,BF16
2309,0,4,7372800,all_reduce,4,8,BF16
2310,0,4,7405568,all_reduce,4,8,BF16
2311,0,4,7438336,all_reduce,4,8,BF16
2312,0,4,7471104,all_reduce,4,8,BF16
2313,0,4,7503872,all_reduce,4,8,BF16
2314,0,4,7536640,all_reduce,4,8,BF16
2315,0,4,7569408,all_reduce,4,8,BF16
2316,0,4,7602176,all_reduce,4,8,BF16
2317,0,4,7634944,all_reduce,4,8,BF16
2318,0,4,7667712,all_reduce,4,8,BF16
2319,0,4,7700480,all_reduce,4,8,BF16
2320,0,4,7733248,all_reduce,4,8,BF16
2321,0,4,7766016,all_reduce,4,8,BF16
2322,0,4,7798784,all_reduce,4,8,BF16
2323,0,4,7831552,all_reduce,4,8,BF16
2324,0,4,7864320,all_reduce,4,8,BF16
2325,0,4,7897088,all_reduce,4,8,BF16
2326,0,4,7929856,all_reduce,4,8,BF16
2327,0,4,7962624,all_reduce,4,8,BF16
2328,0,4,7995392,all_reduce,4,8,BF16
2329,0,4,8028160,all_reduce,4,8,BF16
2330,0,4,8060928,all_reduce,4,8,BF16
2331,0,4,8093696,all_reduce,4,8,BF16
2332,0,4,8126464,all_reduce,4,8,BF16
2333,0,4,8159232,all_reduce,4,8,BF16
2334,0,4,8192000,all_reduce,4,8,BF16
2335,0,4,8224768,all_reduce,4,8,BF16
2336,0,4,8257536,all_reduce,4,8,BF16
2337,0,4,8290304,all_reduce,4,8,BF16
2338,0,4,8323072,all_reduce,4,8,BF16
2339,0,4,8355840,all_reduce,4,8,BF16
2340,0,4,8388608,all_reduce,4,8,BF16
2341,0,4,8421376,all_reduce,4,8,BF16
2342,0,4,8454144,all_reduce,4,8,BF16
2343,0,4,8486912,all_reduce,4,8,BF16
2344,0,4,8519680,all_reduce,4,8,BF16
2345,0,4,8552448,all_reduce,4,8,BF16
2346,0,4,8585216,all_reduce,4,8,BF16
2347,0,4,8617984,all_reduce,4,8,BF16
2348,0,4,8650752,all_reduce,4,8,BF16
2349,0,4,8683520,all_reduce,4,8,BF16
2350,0,4,8716288,all_reduce,4,8,BF16
2351,0,4,8749056,all_reduce,4,8,BF16
2352,0,4,8781824,all_reduce,4,8,BF16
2353,0,4,8814592,all_reduce,4,8,BF16
2354,0,4,8847360,all_reduce,4,8,BF16
2355,0,4,8880128,all_reduce,4,8,BF16
2356,0,4,8912896,all_reduce,4,8,BF16
2357,0,4,8945664,all_reduce,4,8,BF16
2358,0,4,8978432,all_reduce,4,8,BF16
2359,0,4,9011200,all_reduce,4,8,BF16
2360,0,4,9043968,all_reduce,4,8,BF16
2361,0,4,9076736,all_reduce,4,8,BF16
2362,0,4,9109504,all_reduce,4,8,BF16
2363,0,4,9142272,all_reduce,4,8,BF16
2364,0,4,9175040,all_reduce,4,8,BF16
2365,0,4,9207808,all_reduce,4,8,BF16
2366,0,4,9240576,all_reduce,4,8,BF16
2367,0,4,9273344,all_reduce,4,8,BF16
2368,0,4,9306112,all_reduce,4,8,BF16
2369,0,4,9338880,all_reduce,4,8,BF16
2370,0,4,9371648,all_reduce,4,8,BF16
2371,0,4,9404416,all_reduce,4,8,BF16
2372,0,4,9437184,all_reduce,4,8,BF16
2373,0,4,9469952,all_reduce,4,8,BF16
2374,0,4,9502720,all_reduce,4,8,BF16
2375,0,4,9535488,all_reduce,4,8,BF16
2376,0,4,9568256,all_reduce,4,8,BF16
2377,0,4,9601024,all_reduce,4,8,BF16
2378,0,4,9633792,all_reduce,4,8,BF16
2379,0,4,9666560,all_reduce,4,8,BF16
2380,0,4,9699328,all_reduce,4,8,BF16
2381,0,4,9732096,all_reduce,4,8,BF16
2382,0,4,9764864,all_reduce,4,8,BF16
2383,0,4,9797632,all_reduce,4,8,BF16
2384,0,4,9830400,all_reduce,4,8,BF16
2385,0,4,9863168,all_reduce,4,8,BF16
2386,0,4,9895936,all_reduce,4,8,BF16
2387,0,4,9928704,all_reduce,4,8,BF16
2388,0,4,9961472,all_reduce,4,8,BF16
2389,0,4,9994240,all_reduce,4,8,BF16
2390,0,4,10027008,all_reduce,4,8,BF16
2391,0,4,10059776,all_reduce,4,8,BF16
2392,0,4,10092544,all_reduce,4,8,BF16
2393,0,4,10125312,all_reduce,4,8,BF16
2394,0,4,10158080,all_reduce,4,8,BF16
2395,0,4,10190848,all_reduce,4,8,BF16
2396,0,4,10223616,all_reduce,4,8,BF16
2397,0,4,10256384,all_reduce,4,8,BF16
2398,0,4,10289152,all_reduce,4,8,BF16
2399,0,4,10321920,all_reduce,4,8,BF16
2400,0,4,10354688,all_reduce,4,8,BF16
2401,0,4,10387456,all_reduce,4,8,BF16
2402,0,4,10420224,all_reduce,4,8,BF16
2403,0,4,10452992,all_reduce,4,8,BF16
2404,0,4,10485760,all_reduce,4,8,BF16
2405,0,4,10518528,all_reduce,4,8,BF16
2406,0,4,10551296,all_reduce,4,8,BF16
2407,0,4,10584064,all_reduce,4,8,BF16
2408,0,4,10616832,all_reduce,4,8,BF16
2409,0,4,10649600,all_reduce,4,8,BF16
2410,0,4,10682368,all_reduce,4,8,BF16
2411,0,4,10715136,all_reduce,4,8,BF16
2412,0,4,10747904,all_reduce,4,8,BF16
2413,0,4,10780672,all_reduce,4,8,BF16
2414,0,4,10813440,all_reduce,4,8,BF16
2415,0,4,10846208,all_reduce,4,8,BF16
2416,0,4,10878976,all_reduce,4,8,BF16
2417,0,4,10911744,all_reduce,4,8,BF16
2418,0,4,10944512,all_reduce,4,8,BF16
2419,0,4,10977280,all_reduce,4,8,BF16
2420,0,4,11010048,all_reduce,4,8,BF16
2421,0,4,11042816,all_reduce,4,8,BF16
2422,0,4,11075584,all_reduce,4,8,BF16
2423,0,4,11108352,all_reduce,4,8,BF16
2424,0,4,11141120,all_reduce,4,8,BF16
2425,0,4,11173888,all_reduce,4,8,BF16
2426,0,4,11206656,all_reduce,4,8,BF16
2427,0,4,11239424,all_reduce,4,8,BF16
2428,0,4,11272192,all_reduce,4,8,BF16
2429,0,4,11304960,all_reduce,4,8,BF16
2430,0,4,11337728,all_reduce,4,8,BF16
2431,0,4,11370496,all_reduce,4,8,BF16
2432,0,4,11403264,all_reduce,4,8,BF16
2433,0,4,11436032,all_reduce,4,8,BF16
2434,0,4,11468800,all_reduce,4,8,BF16
2435,0,4,11501568,all_reduce,4,8,BF16
2436,0,4,11534336,all_reduce,4,8,BF16
2437,0,4,11567104,all_reduce,4,8,BF16
2438,0,4,11599872,all_reduce,4,8,BF16
2439,0,4,11632640,all_reduce,4,8,BF16
2440,0,4,11665408,all_reduce,4,8,BF16
2441,0,4,11698176,all_reduce,4,8,BF16
2442,0,4,11730944,all_reduce,4,8,BF16
2443,0,4,11763712,all_reduce,4,8,BF16
2444,0,4,11796480,all_reduce,4,8,BF16
2445,0,4,11829248,all_reduce,4,8,BF16
2446,0,4,11862016,all_reduce,4,8,BF16
2447,0,4,11894784,all_reduce,4,8,BF16
2448,0,4,11927552,all_reduce,4,8,BF16
2449,0,4,11960320,all_reduce,4,8,BF16
2450,0,4,11993088,all_reduce,4,8,BF16
2451,0,4,12025856,all_reduce,4,8,BF16
2452,0,4,12058624,all_reduce,4,8,BF16
2453,0,4,12091392,all_reduce,4,8,BF16
2454,0,4,12124160,all_reduce,4,8,BF16
2455,0,4,12156928,all_reduce,4,8,BF16
2456,0,4,12189696,all_reduce,4,8,BF16
2457,0,4,12222464,all_reduce,4,8,BF16
2458,0,4,12255232,all_reduce,4,8,BF16
2459,0,4,12288000,all_reduce,4,8,BF16
2460,0,4,12320768,all_reduce,4,8,BF16
2461,0,4,12353536,all_reduce,4,8,BF16
2462,0,4,12386304,all_reduce,4,8,BF16
2463,0,4,12419072,all_reduce,4,8,BF16
2464,0,4,12451840,all_reduce,4,8,BF16
2465,0,4,12484608,all_reduce,4,8,BF16
2466,0,4,12517376,all_reduce,4,8,BF16
2467,0,4,12550144,all_reduce,4,8,BF16
2468,0,4,12582912,all_reduce,4,8,BF16
2469,0,4,12615680,all_reduce,4,8,BF16
2470,0,4,12648448,all_reduce,4,8,BF16
2471,0,4,12681216,all_reduce,4,8,BF16
2472,0,4,12713984,all_reduce,4,8,BF16
2473,0,4,12746752,all_reduce,4,8,BF16
2474,0,4,12779520,all_reduce,4,8,BF16
2475,0,4,12812288,all_reduce,4,8,BF16
2476,0,4,12845056,all_reduce,4,8,BF16
2477,0,4,12877824,all_reduce,4,8,BF16
2478,0,4,12910592,all_reduce,4,8,BF16
2479,0,4,12943360,all_reduce,4,8,BF16
2480,0,4,12976128,all_reduce,4,8,BF16
2481,0,4,13008896,all_reduce,4,8,BF16
2482,0,4,13041664,all_reduce,4,8,BF16
2483,0,4,13074432,all_reduce,4,8,BF16
2484,0,4,13107200,all_reduce,4,8,BF16
2485,0,4,13139968,all_reduce,4,8,BF16
2486,0,4,13172736,all_reduce,4,8,BF16
2487,0,4,13205504,all_reduce,4,8,BF16
2488,0,4,13238272,all_reduce,4,8,BF16
2489,0,4,13271040,all_reduce,4,8,BF16
2490,0,4,13303808,all_reduce,4,8,BF16
2491,0,4,13336576,all_reduce,4,8,BF16
2492,0,4,13369344,all_reduce,4,8,BF16
2493,0,4,13402112,all_reduce,4,8,BF16
2494,0,4,13434880,all_reduce,4,8,BF16
2495,0,4,13467648,all_reduce,4,8,BF16
2496,0,4,13500416,all_reduce,4,8,BF16
2497,0,4,13533184,all_reduce,4,8,BF16
2498,0,4,13565952,all_reduce,4,8,BF16
2499,0,4,13598720,all_reduce,4,8,BF16
2500,0,4,13631488,all_reduce,4,8,BF16
2501,0,4,13664256,all_reduce,4,8,BF16
2502,0,4,13697024,all_reduce,4,8,BF16
2503,0,4,13729792,all_reduce,4,8,BF16
2504,0,4,13762560,all_reduce,4,8,BF16
2505,0,4,13795328,all_reduce,4,8,BF16
2506,0,4,13828096,all_reduce,4,8,BF16
2507,0,4,13860864,all_reduce,4,8,BF16
2508,0,4,13893632,all_reduce,4,8,BF16
2509,0,4,13926400,all_reduce,4,8,BF16
2510,0,4,13959168,all_reduce,4,8,BF16
2511,0,4,13991936,all_reduce,4,8,BF16
2512,0,4,14024704,all_reduce,4,8,BF16
2513,0,4,14057472,all_reduce,4,8,BF16
2514,0,4,14090240,all_reduce,4,8,BF16
2515,0,4,14123008,all_reduce,4,8,BF16
2516,0,4,14155776,all_reduce,4,8,BF16
2517,0,4,14188544,all_reduce,4,8,BF16
2518,0,4,14221312,all_reduce,4,8,BF16
2519,0,4,14254080,all_reduce,4,8,BF16
2520,0,4,14286848,all_reduce,4,8,BF16
2521,0,4,14319616,all_reduce,4,8,BF16
2522,0,4,14352384,all_reduce,4,8,BF16
2523,0,4,14385152,all_reduce,4,8,BF16
2524,0,4,14417920,all_reduce,4,8,BF16
2525,0,4,14450688,all_reduce,4,8,BF16
2526,0,4,14483456,all_reduce,4,8,BF16
2527,0,4,14516224,all_reduce,4,8,BF16
2528,0,4,14548992,all_reduce,4,8,BF16
2529,0,4,14581760,all_reduce,4,8,BF16
2530,0,4,14614528,all_reduce,4,8,BF16
2531,0,4,14647296,all_reduce,4,8,BF16
2532,0,4,14680064,all_reduce,4,8,BF16
2533,0,4,14712832,all_reduce,4,8,BF16
2534,0,4,14745600,all_reduce,4,8,BF16
2535,0,4,14778368,all_reduce,4,8,BF16
2536,0,4,14811136,all_reduce,4,8,BF16
2537,0,4,14843904,all_reduce,4,8,BF16
2538,0,4,14876672,all_reduce,4,8,BF16
2539,0,4,14909440,all_reduce,4,8,BF16
2540,0,4,14942208,all_reduce,4,8,BF16
2541,0,4,14974976,all_reduce,4,8,BF16
2542,0,4,15007744,all_reduce,4,8,BF16
2543,0,4,15040512,all_reduce,4,8,BF16
2544,0,4,15073280,all_reduce,4,8,BF16
2545,0,4,15106048,all_reduce,4,8,BF16
2546,0,4,15138816,all_reduce,4,8,BF16
2547,0,4,15171584,all_reduce,4,8,BF16
2548,0,4,15204352,all_reduce,4,8,BF16
2549,0,4,15237120,all_reduce,4,8,BF16
2550,0,4,15269888,all_reduce,4,8,BF16
2551,0,4,15302656,all_reduce,4,8,BF16
2552,0,4,15335424,all_reduce,4,8,BF16
2553,0,4,15368192,all_reduce,4,8,BF16
2554,0,4,15400960,all_reduce,4,8,BF16
2555,0,4,15433728,all_reduce,4,8,BF16
2556,0,4,15466496,all_reduce,4,8,BF16
2557,0,4,15499264,all_reduce,4,8,BF16
2558,0,4,15532032,all_reduce,4,8,BF16
2559,0,4,15564800,all_reduce,4,8,BF16
2560,0,4,15597568,all_reduce,4,8,BF16
2561,0,4,15630336,all_reduce,4,8,BF16
2562,0,4,15663104,all_reduce,4,8,BF16
2563,0,4,15695872,all_reduce,4,8,BF16
2564,0,4,15728640,all_reduce,4,8,BF16
2565,0,4,15761408,all_reduce,4,8,BF16
2566,0,4,15794176,all_reduce,4,8,BF16
2567,0,4,15826944,all_reduce,4,8,BF16
2568,0,4,15859712,all_reduce,4,8,BF16
2569,0,4,15892480,all_reduce,4,8,BF16
2570,0,4,15925248,all_reduce,4,8,BF16
2571,0,4,15958016,all_reduce,4,8,BF16
2572,0,4,15990784,all_reduce,4,8,BF16
2573,0,4,16023552,all_reduce,4,8,BF16
2574,0,4,16056320,all_reduce,4,8,BF16
2575,0,4,16089088,all_reduce,4,8,BF16
2576,0,4,16121856,all_reduce,4,8,BF16
2577,0,4,16154624,all_reduce,4,8,BF16
2578,0,4,16187392,all_reduce,4,8,BF16
2579,0,4,16220160,all_reduce,4,8,BF16
2580,0,4,16252928,all_reduce,4,8,BF16
2581,0,4,16285696,all_reduce,4,8,BF16
2582,0,4,16318464,all_reduce,4,8,BF16
2583,0,4,16351232,all_reduce,4,8,BF16
2584,0,4,16384000,all_reduce,4,8,BF16
2585,0,4,16416768,all_reduce,4,8,BF16
2586,0,4,16449536,all_reduce,4,8,BF16
2587,0,4,16482304,all_reduce,4,8,BF16
2588,0,4,16515072,all_reduce,4,8,BF16
2589,0,4,16547840,all_reduce,4,8,BF16
2590,0,4,16580608,all_reduce,4,8,BF16
2591,0,4,16613376,all_reduce,4,8,BF16
2592,0,4,16646144,all_reduce,4,8,BF16
2593,0,4,16678912,all_reduce,4,8,BF16
2594,0,4,16711680,all_reduce,4,8,BF16
2595,0,4,16744448,all_reduce,4,8,BF16
2596,0,4,16777216,all_reduce,4,8,BF16
2597,0,4,16777216,all_reduce,4,8,BF16
2598,0,4,16908288,all_reduce,4,8,BF16
2599,0,4,17039360,all_reduce,4,8,BF16
2600,0,4,17170432,all_reduce,4,8,BF16
2601,0,4,17301504,all_reduce,4,8,BF16
2602,0,4,17432576,all_reduce,4,8,BF16
2603,0,4,17563648,all_reduce,4,8,BF16
2604,0,4,17694720,all_reduce,4,8,BF16
2605,0,4,17825792,all_reduce,4,8,BF16
2606,0,4,17956864,all_reduce,4,8,BF16
2607,0,4,18087936,all_reduce,4,8,BF16
2608,0,4,18219008,all_reduce,4,8,BF16
2609,0,4,18350080,all_reduce,4,8,BF16
2610,0,4,18481152,all_reduce,4,8,BF16
2611,0,4,18612224,all_reduce,4,8,BF16
2612,0,4,18743296,all_reduce,4,8,BF16
2613,0,4,18874368,all_reduce,4,8,BF16
2614,0,4,19005440,all_reduce,4,8,BF16
2615,0,4,19136512,all_reduce,4,8,BF16
2616,0,4,19267584,all_reduce,4,8,BF16
2617,0,4,19398656,all_reduce,4,8,BF16
2618,0,4,19529728,all_reduce,4,8,BF16
2619,0,4,19660800,all_reduce,4,8,BF16
2620,0,4,19791872,all_reduce,4,8,BF16
2621,0,4,19922944,all_reduce,4,8,BF16
2622,0,4,20054016,all_reduce,4,8,BF16
2623,0,4,20185088,all_reduce,4,8,BF16
2624,0,4,20316160,all_reduce,4,8,BF16
2625,0,4,20447232,all_reduce,4,8,BF16
2626,0,4,20578304,all_reduce,4,8,BF16
2627,0,4,20709376,all_reduce,4,8,BF16
2628,0,4,20840448,all_reduce,4,8,BF16
2629,0,4,20971520,all_reduce,4,8,BF16
2630,0,4,21102592,all_reduce,4,8,BF16
2631,0,4,21233664,all_reduce,4,8,BF16
2632,0,4,21364736,all_reduce,4,8,BF16
2633,0,4,21495808,all_reduce,4,8,BF16
2634,0,4,21626880,all_reduce,4,8,BF16
2635,0,4,21757952,all_reduce,4,8,BF16
2636,0,4,21889024,all_reduce,4,8,BF16
2637,0,4,22020096,all_reduce,4,8,BF16
2638,0,4,22151168,all_reduce,4,8,BF16
2639,0,4,22282240,all_reduce,4,8,BF16
2640,0,4,22413312,all_reduce,4,8,BF16
2641,0,4,22544384,all_reduce,4,8,BF16
2642,0,4,22675456,all_reduce,4,8,BF16
2643,0,4,22806528,all_reduce,4,8,BF16
2644,0,4,22937600,all_reduce,4,8,BF16
2645,0,4,23068672,all_reduce,4,8,BF16
2646,0,4,23199744,all_reduce,4,8,BF16
2647,0,4,23330816,all_reduce,4,8,BF16
2648,0,4,23461888,all_reduce,4,8,BF16
2649,0,4,23592960,all_reduce,4,8,BF16
2650,0,4,23724032,all_reduce,4,8,BF16
2651,0,4,23855104,all_reduce,4,8,BF16
2652,0,4,23986176,all_reduce,4,8,BF16
2653,0,4,24117248,all_reduce,4,8,BF16
2654,0,4,24248320,all_reduce,4,8,BF16
2655,0,4,24379392,all_reduce,4,8,BF16
2656,0,4,24510464,all_reduce,4,8,BF16
2657,0,4,24641536,all_reduce,4,8,BF16
2658,0,4,24772608,all_reduce,4,8,BF16
2659,0,4,24903680,all_reduce,4,8,BF16
2660,0,4,25034752,all_reduce,4,8,BF16
2661,0,4,25165824,all_reduce,4,8,BF16
2662,0,4,25296896,all_reduce,4,8,BF16
2663,0,4,25427968,all_reduce,4,8,BF16
2664,0,4,25559040,all_reduce,4,8,BF16
2665,0,4,25690112,all_reduce,4,8,BF16
2666,0,4,25821184,all_reduce,4,8,BF16
2667,0,4,25952256,all_reduce,4,8,BF16
2668,0,4,26083328,all_reduce,4,8,BF16
2669,0,4,26214400,all_reduce,4,8,BF16
2670,0,4,26345472,all_reduce,4,8,BF16
2671,0,4,26476544,all_reduce,4,8,BF16
2672,0,4,26607616,all_reduce,4,8,BF16
2673,0,4,26738688,all_reduce,4,8,BF16
2674,0,4,26869760,all_reduce,4,8,BF16
2675,0,4,27000832,all_reduce,4,8,BF16
2676,0,4,27131904,all_reduce,4,8,BF16
2677,0,4,27262976,all_reduce,4,8,BF16
2678,0,4,27394048,all_reduce,4,8,BF16
2679,0,4,27525120,all_reduce,4,8,BF16
2680,0,4,27656192,all_reduce,4,8,BF16
2681,0,4,27787264,all_reduce,4,8,BF16
2682,0,4,27918336,all_reduce,4,8,BF16
2683,0,4,28049408,all_reduce,4,8,BF16
2684,0,4,28180480,all_reduce,4,8,BF16
2685,0,4,28311552,all_reduce,4,8,BF16
2686,0,4,28442624,all_reduce,4,8,BF16
2687,0,4,28573696,all_reduce,4,8,BF16
2688,0,4,28704768,all_reduce,4,8,BF16
2689,0,4,28835840,all_reduce,4,8,BF16
2690,0,4,28966912,all_reduce,4,8,BF16
2691,0,4,29097984,all_reduce,4,8,BF16
2692,0,4,29229056,all_reduce,4,8,BF16
2693,0,4,29360128,all_reduce,4,8,BF16
2694,0,4,29491200,all_reduce,4,8,BF16
2695,0,4,29622272,all_reduce,4,8,BF16
2696,0,4,29753344,all_reduce,4,8,BF16
2697,0,4,29884416,all_reduce,4,8,BF16
2698,0,4,30015488,all_reduce,4,8,BF16
2699,0,4,30146560,all_reduce,4,8,BF16
2700,0,4,30277632,all_reduce,4,8,BF16
2701,0,4,30408704,all_reduce,4,8,BF16
2702,0,4,30539776,all_reduce,4,8,BF16
2703,0,4,30670848,all_reduce,4,8,BF16
2704,0,4,30801920,all_reduce,4,8,BF16
2705,0,4,30932992,all_reduce,4,8,BF16
2706,0,4,31064064,all_reduce,4,8,BF16
2707,0,4,31195136,all_reduce,4,8,BF16
2708,0,4,31326208,all_reduce,4,8,BF16
2709,0,4,31457280,all_reduce,4,8,BF16
2710,0,4,31588352,all_reduce,4,8,BF16
2711,0,4,31719424,all_reduce,4,8,BF16
2712,0,4,31850496,all_reduce,4,8,BF16
2713,0,4,31981568,all_reduce,4,8,BF16
2714,0,4,32112640,all_reduce,4,8,BF16
2715,0,4,32243712,all_reduce,4,8,BF16
2716,0,4,32374784,all_reduce,4,8,BF16
2717,0,4,32505856,all_reduce,4,8,BF16
2718,0,4,32636928,all_reduce,4,8,BF16
2719,0,4,32768000,all_reduce,4,8,BF16
2720,0,4,32899072,all_reduce,4,8,BF16
2721,0,4,33030144,all_reduce,4,8,BF16
2722,0,4,33161216,all_reduce,4,8,BF16
2723,0,4,33292288,all_reduce,4,8,BF16
2724,0,4,33423360,all_reduce,4,8,BF16
2725,0,4,33554432,all_reduce,4,8,BF16
2726,0,4,33685504,all_reduce,4,8,BF16
2727,0,4,33816576,all_reduce,4,8,BF16
2728,0,4,33947648,all_reduce,4,8,BF16
2729,0,4,34078720,all_reduce,4,8,BF16
2730,0,4,34209792,all_reduce,4,8,BF16
2731,0,4,34340864,all_reduce,4,8,BF16
2732,0,4,34471936,all_reduce,4,8,BF16
2733,0,4,34603008,all_reduce,4,8,BF16
2734,0,4,34734080,all_reduce,4,8,BF16
2735,0,4,34865152,all_reduce,4,8,BF16
2736,0,4,34996224,all_reduce,4,8,BF16
2737,0,4,35127296,all_reduce,4,8,BF16
2738,0,4,35258368,all_reduce,4,8,BF16
2739,0,4,35389440,all_reduce,4,8,BF16
2740,0,4,35520512,all_reduce,4,8,BF16
2741,0,4,35651584,all_reduce,4,8,BF16
2742,0,4,35782656,all_reduce,4,8,BF16
2743,0,4,35913728,all_reduce,4,8,BF16
2744,0,4,36044800,all_reduce,4,8,BF16
2745,0,4,36175872,all_reduce,4,8,BF16
2746,0,4,36306944,all_reduce,4,8,BF16
2747,0,4,36438016,all_reduce,4,8,BF16
2748,0,4,36569088,all_reduce,4,8,BF16
2749,0,4,36700160,all_reduce,4,8,BF16
2750,0,4,36831232,all_reduce,4,8,BF16
2751,0,4,36962304,all_reduce,4,8,BF16
2752,0,4,37093376,all_reduce,4,8,BF16
2753,0,4,37224448,all_reduce,4,8,BF16
2754,0,4,37355520,all_reduce,4,8,BF16
2755,0,4,37486592,all_reduce,4,8,BF16
2756,0,4,37617664,all_reduce,4,8,BF16
2757,0,4,37748736,all_reduce,4,8,BF16
2758,0,4,37879808,all_reduce,4,8,BF16
2759,0,4,38010880,all_reduce,4,8,BF16
2760,0,4,38141952,all_reduce,4,8,BF16
2761,0,4,38273024,all_reduce,4,8,BF16
2762,0,4,38404096,all_reduce,4,8,BF16
2763,0,4,38535168,all_reduce,4,8,BF16
2764,0,4,38666240,all_reduce,4,8,BF16
2765,0,4,38797312,all_reduce,4,8,BF16
2766,0,4,38928384,all_reduce,4,8,BF16
2767,0,4,39059456,all_reduce,4,8,BF16
2768,0,4,39190528,all_reduce,4,8,BF16
2769,0,4,39321600,all_reduce,4,8,BF16
2770,0,4,39452672,all_reduce,4,8,BF16
2771,0,4,39583744,all_reduce,4,8,BF16
2772,0,4,39714816,all_reduce,4,8,BF16
2773,0,4,39845888,all_reduce,4,8,BF16
2774,0,4,39976960,all_reduce,4,8,BF16
2775,0,4,40108032,all_reduce,4,8,BF16
2776,0,4,40239104,all_reduce,4,8,BF16
2777,0,4,40370176,all_reduce,4,8,BF16
2778,0,4,40501248,all_reduce,4,8,BF16
2779,0,4,40632320,all_reduce,4,8,BF16
2780,0,4,40763392,all_reduce,4,8,BF16
2781,0,4,40894464,all_reduce,4,8,BF16
2782,0,4,41025536,all_reduce,4,8,BF16
2783,0,4,41156608,all_reduce,4,8,BF16
2784,0,4,41287680,all_reduce,4,8,BF16
2785,0,4,41418752,all_reduce,4,8,BF16
2786,0,4,41549824,all_reduce,4,8,BF16
2787,0,4,41680896,all_reduce,4,8,BF16
2788,0,4,41811968,all_reduce,4,8,BF16
2789,0,4,41943040,all_reduce,4,8,BF16
2790,0,4,42074112,all_reduce,4,8,BF16
2791,0,4,42205184,all_reduce,4,8,BF16
2792,0,4,42336256,all_reduce,4,8,BF16
2793,0,4,42467328,all_reduce,4,8,BF16
2794,0,4,42598400,all_reduce,4,8,BF16
2795,0,4,42729472,all_reduce,4,8,BF16
2796,0,4,42860544,all_reduce,4,8,BF16
2797,0,4,42991616,all_reduce,4,8,BF16
2798,0,4,43122688,all_reduce,4,8,BF16
2799,0,4,43253760,all_reduce,4,8,BF16
2800,0,4,43384832,all_reduce,4,8,BF16
2801,0,4,43515904,all_reduce,4,8,BF16
2802,0,4,43646976,all_reduce,4,8,BF16
2803,0,4,43778048,all_reduce,4,8,BF16
2804,0,4,43909120,all_reduce,4,8,BF16
2805,0,4,44040192,all_reduce,4,8,BF16
2806,0,4,44171264,all_reduce,4,8,BF16
2807,0,4,44302336,all_reduce,4,8,BF16
2808,0,4,44433408,all_reduce,4,8,BF16
2809,0,4,44564480,all_reduce,4,8,BF16
2810,0,4,44695552,all_reduce,4,8,BF16
2811,0,4,44826624,all_reduce,4,8,BF16
2812,0,4,44957696,all_reduce,4,8,BF16
2813,0,4,45088768,all_reduce,4,8,BF16
2814,0,4,45219840,all_reduce,4,8,BF16
2815,0,4,45350912,all_reduce,4,8,BF16
2816,0,4,45481984,all_reduce,4,8,BF16
2817,0,4,45613056,all_reduce,4,8,BF16
2818,0,4,45744128,all_reduce,4,8,BF16
2819,0,4,45875200,all_reduce,4,8,BF16
2820,0,4,46006272,all_reduce,4,8,BF16
2821,0,4,46137344,all_reduce,4,8,BF16
2822,0,4,46268416,all_reduce,4,8,BF16
2823,0,4,46399488,all_reduce,4,8,BF16
2824,0,4,46530560,all_reduce,4,8,BF16
2825,0,4,46661632,all_reduce,4,8,BF16
2826,0,4,46792704,all_reduce,4,8,BF16
2827,0,4,46923776,all_reduce,4,8,BF16
2828,0,4,47054848,all_reduce,4,8,BF16
2829,0,4,47185920,all_reduce,4,8,BF16
2830,0,4,47316992,all_reduce,4,8,BF16
2831,0,4,47448064,all_reduce,4,8,BF16
2832,0,4,47579136,all_reduce,4,8,BF16
2833,0,4,47710208,all_reduce,4,8,BF16
2834,0,4,47841280,all_reduce,4,8,BF16
2835,0,4,47972352,all_reduce,4,8,BF16
2836,0,4,48103424,all_reduce,4,8,BF16
2837,0,4,48234496,all_reduce,4,8,BF16
2838,0,4,48365568,all_reduce,4,8,BF16
2839,0,4,48496640,all_reduce,4,8,BF16
2840,0,4,48627712,all_reduce,4,8,BF16
2841,0,4,48758784,all_reduce,4,8,BF16
2842,0,4,48889856,all_reduce,4,8,BF16
2843,0,4,49020928,all_reduce,4,8,BF16
2844,0,4,49152000,all_reduce,4,8,BF16
2845,0,4,49283072,all_reduce,4,8,BF16
2846,0,4,49414144,all_reduce,4,8,BF16
2847,0,4,49545216,all_reduce,4,8,BF16
2848,0,4,49676288,all_reduce,4,8,BF16
2849,0,4,49807360,all_reduce,4,8,BF16
2850,0,4,49938432,all_reduce,4,8,BF16
2851,0,4,50069504,all_reduce,4,8,BF16
2852,0,4,50200576,all_reduce,4,8,BF16
2853,0,4,50331648,all_reduce,4,8,BF16
2854,0,4,50462720,all_reduce,4,8,BF16
2855,0,4,50593792,all_reduce,4,8,BF16
2856,0,4,50724864,all_reduce,4,8,BF16
2857,0,4,50855936,all_reduce,4,8,BF16
2858,0,4,50987008,all_reduce,4,8,BF16
2859,0,4,51118080,all_reduce,4,8,BF16
2860,0,4,51249152,all_reduce,4,8,BF16
2861,0,4,51380224,all_reduce,4,8,BF16
2862,0,4,51511296,all_reduce,4,8,BF16
2863,0,4,51642368,all_reduce,4,8,BF16
2864,0,4,51773440,all_reduce,4,8,BF16
2865,0,4,51904512,all_reduce,4,8,BF16
2866,0,4,52035584,all_reduce,4,8,BF16
2867,0,4,52166656,all_reduce,4,8,BF16
2868,0,4,52297728,all_reduce,4,8,BF16
2869,0,4,52428800,all_reduce,4,8,BF16
2870,0,4,52559872,all_reduce,4,8,BF16
2871,0,4,52690944,all_reduce,4,8,BF16
2872,0,4,52822016,all_reduce,4,8,BF16
2873,0,4,52953088,all_reduce,4,8,BF16
2874,0,4,53084160,all_reduce,4,8,BF16
2875,0,4,53215232,all_reduce,4,8,BF16
2876,0,4,53346304,all_reduce,4,8,BF16
2877,0,4,53477376,all_reduce,4,8,BF16
2878,0,4,53608448,all_reduce,4,8,BF16
2879,0,4,53739520,all_reduce,4,8,BF16
2880,0,4,53870592,all_reduce,4,8,BF16
2881,0,4,54001664,all_reduce,4,8,BF16
2882,0,4,54132736,all_reduce,4,8,BF16
2883,0,4,54263808,all_reduce,4,8,BF16
2884,0,4,54394880,all_reduce,4,8,BF16
2885,0,4,54525952,all_reduce,4,8,BF16
2886,0,4,54657024,all_reduce,4,8,BF16
2887,0,4,54788096,all_reduce,4,8,BF16
2888,0,4,54919168,all_reduce,4,8,BF16
2889,0,4,55050240,all_reduce,4,8,BF16
2890,0,4,55181312,all_reduce,4,8,BF16
2891,0,4,55312384,all_reduce,4,8,BF16
2892,0,4,55443456,all_reduce,4,8,BF16
2893,0,4,55574528,all_reduce,4,8,BF16
2894,0,4,55705600,all_reduce,4,8,BF16
2895,0,4,55836672,all_reduce,4,8,BF16
2896,0,4,55967744,all_reduce,4,8,BF16
2897,0,4,56098816,all_reduce,4,8,BF16
2898,0,4,56229888,all_reduce,4,8,BF16
2899,0,4,56360960,all_reduce,4,8,BF16
2900,0,4,56492032,all_reduce,4,8,BF16
2901,0,4,56623104,all_reduce,4,8,BF16
2902,0,4,56754176,all_reduce,4,8,BF16
2903,0,4,56885248,all_reduce,4,8,BF16
2904,0,4,57016320,all_reduce,4,8,BF16
2905,0,4,57147392,all_reduce,4,8,BF16
2906,0,4,57278464,all_reduce,4,8,BF16
2907,0,4,57409536,all_reduce,4,8,BF16
2908,0,4,57540608,all_reduce,4,8,BF16
2909,0,4,57671680,all_reduce,4,8,BF16
2910,0,4,57802752,all_reduce,4,8,BF16
2911,0,4,57933824,all_reduce,4,8,BF16
2912,0,4,58064896,all_reduce,4,8,BF16
2913,0,4,58195968,all_reduce,4,8,BF16
2914,0,4,58327040,all_reduce,4,8,BF16
2915,0,4,58458112,all_reduce,4,8,BF16
2916,0,4,58589184,all_reduce,4,8,BF16
2917,0,4,58720256,all_reduce,4,8,BF16
2918,0,4,58851328,all_reduce,4,8,BF16
2919,0,4,58982400,all_reduce,4,8,BF16
2920,0,4,59113472,all_reduce,4,8,BF16
2921,0,4,59244544,all_reduce,4,8,BF16
2922,0,4,59375616,all_reduce,4,8,BF16
2923,0,4,59506688,all_reduce,4,8,BF16
2924,0,4,59637760,all_reduce,4,8,BF16
2925,0,4,59768832,all_reduce,4,8,BF16
2926,0,4,59899904,all_reduce,4,8,BF16
2927,0,4,60030976,all_reduce,4,8,BF16
2928,0,4,60162048,all_reduce,4,8,BF16
2929,0,4,60293120,all_reduce,4,8,BF16
2930,0,4,60424192,all_reduce,4,8,BF16
2931,0,4,60555264,all_reduce,4,8,BF16
2932,0,4,60686336,all_reduce,4,8,BF16
2933,0,4,60817408,all_reduce,4,8,BF16
2934,0,4,60948480,all_reduce,4,8,BF16
2935,0,4,61079552,all_reduce,4,8,BF16
2936,0,4,61210624,all_reduce,4,8,BF16
2937,0,4,61341696,all_reduce,4,8,BF16
2938,0,4,61472768,all_reduce,4,8,BF16
2939,0,4,61603840,all_reduce,4,8,BF16
2940,0,4,61734912,all_reduce,4,8,BF16
2941,0,4,61865984,all_reduce,4,8,BF16
2942,0,4,61997056,all_reduce,4,8,BF16
2943,0,4,62128128,all_reduce,4,8,BF16
2944,0,4,62259200,all_reduce,4,8,BF16
2945,0,4,62390272,all_reduce,4,8,BF16
2946,0,4,62521344,all_reduce,4,8,BF16
2947,0,4,62652416,all_reduce,4,8,BF16
2948,0,4,62783488,all_reduce,4,8,BF16
2949,0,4,62914560,all_reduce,4,8,BF16
2950,0,4,63045632,all_reduce,4,8,BF16
2951,0,4,63176704,all_reduce,4,8,BF16
2952,0,4,63307776,all_reduce,4,8,BF16
2953,0,4,63438848,all_reduce,4,8,BF16
2954,0,4,63569920,all_reduce,4,8,BF16
2955,0,4,63700992,all_reduce,4,8,BF16
2956,0,4,63832064,all_reduce,4,8,BF16
2957,0,4,63963136,all_reduce,4,8,BF16
2958,0,4,64094208,all_reduce,4,8,BF16
2959,0,4,64225280,all_reduce,4,8,BF16
2960,0,4,64356352,all_reduce,4,8,BF16
2961,0,4,64487424,all_reduce,4,8,BF16
2962,0,4,64618496,all_reduce,4,8,BF16
2963,0,4,64749568,all_reduce,4,8,BF16
2964,0,4,64880640,all_reduce,4,8,BF16
2965,0,4,65011712,all_reduce,4,8,BF16
2966,0,4,65142784,all_reduce,4,8,BF16
2967,0,4,65273856,all_reduce,4,8,BF16
2968,0,4,65404928,all_reduce,4,8,BF16
2969,0,4,65536000,all_reduce,4,8,BF16
2970,0,4,65667072,all_reduce,4,8,BF16
2971,0,4,65798144,all_reduce,4,8,BF16
2972,0,4,65929216,all_reduce,4,8,BF16
2973,0,4,66060288,all_reduce,4,8,BF16
2974,0,4,66191360,all_reduce,4,8,BF16
2975,0,4,66322432,all_reduce,4,8,BF16
2976,0,4,66453504,all_reduce,4,8,BF16
2977,0,4,66584576,all_reduce,4,8,BF16
2978,0,4,66715648,all_reduce,4,8,BF16
2979,0,4,66846720,all_reduce,4,8,BF16
2980,0,4,66977792,all_reduce,4,8,BF16
2981,0,4,67108864,all_reduce,4,8,BF16
