time_stats.attn_input_reshape.min,time_stats.attn_input_reshape.max,time_stats.attn_input_reshape.mean,time_stats.attn_input_reshape.median,time_stats.attn_input_reshape.std,time_stats.attn_input_reshape.count,time_stats.attn_kv_cache_save.min,time_stats.attn_kv_cache_save.max,time_stats.attn_kv_cache_save.mean,time_stats.attn_kv_cache_save.median,time_stats.attn_kv_cache_save.std,time_stats.attn_kv_cache_save.count,time_stats.attn_prefill.min,time_stats.attn_prefill.max,time_stats.attn_prefill.mean,time_stats.attn_prefill.median,time_stats.attn_prefill.std,time_stats.attn_prefill.count,time_stats.attn_decode.min,time_stats.attn_decode.max,time_stats.attn_decode.mean,time_stats.attn_decode.median,time_stats.attn_decode.std,time_stats.attn_decode.count,time_stats.attn_output_reshape.min,time_stats.attn_output_reshape.max,time_stats.attn_output_reshape.mean,time_stats.attn_output_reshape.median,time_stats.attn_output_reshape.std,time_stats.attn_output_reshape.count,n_embd,n_q_head,n_kv_head,block_size,num_tensor_parallel_workers,max_model_len,attention_backend,prefill_seq_lens,prefill_kv_cache_sizes,decode_kv_cache_sizes,num_prefill_seqs,num_decode_seqs,decode_batch_size,total_batch_size,total_prefill_tokens,total_decode_tokens,total_tokens,decode_avg_kv_cache_size,batch_composition_ratio,mode,is_true_mixed_batch,is_mixed_batch,is_prefill,batch_size,prefill_chunk_size,kv_cache_size,is_chunked_prefill_sample,chunk_start_token,chunk_end_token,profiling_precision,measurement_type,model_arch,model_architecture_profile,quant_signature
0.004240000154823065,0.009680000133812428,0.005576000083237886,0.0047599999234080315,0.002068986251757839,5,0.013240000233054161,0.06391999870538712,0.02351999972015619,0.013439999893307686,0.02020041928870719,5,0.2735599875450134,0.39531999826431274,0.31093619465827943,0.3020409941673279,0.044517855200877504,5,0.030040999874472618,0.03044000081717968,0.03016820028424263,0.030079999938607216,0.00014603105972542973,5,0.004240000154823065,0.00443999981507659,0.004320000018924475,0.004279999993741512,7.15540953786714e-05,5,2880,64,8,32,4,16384,TORCH_SDPA,[1024],[0],[128],1,1,1,2,1024,1,1025,128,0.5,true_mixed,True,False,True,2,0,0,False,0,0,BF16,CUDA_EVENT,generic,generic,none
0.004360000137239695,0.008440000005066395,0.00533600002527237,0.004480000119656324,0.001566162178894683,5,0.013199999928474426,0.02507999911904335,0.015799999795854093,0.01360000018030405,0.004645651399820981,5,0.27636000514030457,0.3707610070705414,0.2970722019672394,0.27803999185562134,0.03691539066629235,5,0.040320999920368195,0.04067999869585037,0.04053639993071556,0.0406000018119812,0.00013483125683613577,5,0.00431999983265996,0.004480000119656324,0.004407999943941832,0.004399999976158142,5.306606375125428e-05,5,2880,64,8,32,4,16384,TORCH_SDPA,[1024],[0],[512],1,1,1,2,1024,1,1025,512,0.5,true_mixed,True,False,True,2,0,0,False,0,0,BF16,CUDA_EVENT,generic,generic,none
0.00419999985024333,0.005319999996572733,0.00458399998024106,0.004360000137239695,0.00041538416564179117,5,0.013279999606311321,0.08312000334262848,0.027272000536322595,0.013319999910891056,0.027924017160442533,5,0.2735210061073303,0.3916809856891632,0.30280059576034546,0.2749199867248535,0.04553716201703992,5,0.0551999993622303,0.060201000422239304,0.05727219954133034,0.05544000118970871,0.0023921510784039018,5,0.00419999985024333,0.006399999838322401,0.004695999994874,0.004279999993741512,0.0008536415371038131,5,2880,64,8,32,4,16384,TORCH_SDPA,[1024],[0],"[1024, 1024]",1,2,2,3,1024,2,1026,1024,0.3333333333333333,true_mixed,True,False,True,3,0,0,False,0,0,BF16,CUDA_EVENT,generic,generic,none
0.00419999985024333,0.005520000122487545,0.004495999962091446,0.004279999993741512,0.000513248562311435,5,0.013159999623894691,0.06983999907970428,0.024599999748170377,0.013279999606311321,0.022620245465308456,5,0.27156001329421997,0.37536099553108215,0.2936646044254303,0.2735610008239746,0.04085989023573688,5,0.15064099431037903,0.15279999375343323,0.15186439752578734,0.15216100215911865,0.0007801635221365489,5,0.00419999985024333,0.004840000066906214,0.004367999918758869,0.004279999993741512,0.00024053281728784125,5,2880,64,8,32,4,16384,TORCH_SDPA,[1024],[0],"[4096, 4096, 4096, 4096]",1,4,4,5,1024,4,1028,4096,0.2,true_mixed,True,False,True,5,0,0,False,0,0,BF16,CUDA_EVENT,generic,generic,none
0.004360000137239695,0.00675999978557229,0.004863999970257282,0.004399999976158142,0.0009481264804790876,5,0.013319999910891056,0.024480000138282776,0.01565600000321865,0.01348000019788742,0.004413405098246137,5,0.27432000637054443,0.3637610077857971,0.3064804017543793,0.2760399878025055,0.03896855663403872,5,0.08824100345373154,0.09375999867916107,0.08965680003166199,0.08892100304365158,0.002070907907049839,5,0.004240000154823065,0.00443999981507659,0.0043680000118911265,0.004360000137239695,7.33210784369847e-05,5,2880,64,8,32,4,16384,TORCH_SDPA,[1024],[0],"[2048, 2048]",1,2,2,3,1024,2,1026,2048,0.3333333333333333,true_mixed,True,False,True,3,0,0,False,0,0,BF16,CUDA_EVENT,generic,generic,none
0.004279999993741512,0.00791999977082014,0.005047999974340201,0.004360000137239695,0.0014367517910115343,5,0.013279999606311321,0.021880000829696655,0.015024000033736228,0.013319999910891056,0.0034281287522428413,5,0.2754409909248352,0.3568800091743469,0.2966881990432739,0.2807599902153015,0.03063215166945897,5,0.03167999908328056,0.036320000886917114,0.032816000282764435,0.03192000091075897,0.0017697189955785137,5,0.0041600000113248825,0.004960999824106693,0.004376199934631586,0.004279999993741512,0.0002960704796364737,5,2880,64,8,32,4,16384,TORCH_SDPA,[1024],[0],"[128, 128, 128, 128, 128, 128, 128, 128, 128, 128, 128, 128, 128, 128, 128, 128]",1,16,16,17,1024,16,1040,128,0.058823529411764705,true_mixed,True,False,True,17,0,0,False,0,0,BF16,CUDA_EVENT,generic,generic,none
0.004360000137239695,0.007600000128149986,0.0050560000352561476,0.004399999976158142,0.0012731316167591147,5,0.013079999946057796,0.021800000220537186,0.014904000051319598,0.013199999928474426,0.0034495310699744863,5,0.2725600004196167,0.3643209934234619,0.2918168008327484,0.27424100041389465,0.03626804391023584,5,0.053119998425245285,0.053679998964071274,0.05349599942564964,0.05355999991297722,0.00019530515625212842,5,0.004360000137239695,0.005119999870657921,0.004535999987274409,0.004399999976158142,0.0002924106085883587,5,2880,64,8,32,4,16384,TORCH_SDPA,[1024],[0],[1024],1,1,1,2,1024,1,1025,1024,0.5,true_mixed,True,False,True,2,0,0,False,0,0,BF16,CUDA_EVENT,generic,generic,none
0.00443999981507659,0.009359999559819698,0.005424199812114239,0.00443999981507659,0.0019678999119827545,5,0.01336000021547079,0.023439999669790268,0.01589620001614094,0.014041000045835972,0.0038288536854298124,5,0.27316099405288696,0.37272098660469055,0.2938405930995941,0.274399995803833,0.039447800061265116,5,0.273360013961792,0.27636000514030457,0.2746883988380432,0.27452099323272705,0.0009861318589823498,5,0.00431999983265996,0.00443999981507659,0.004383999947458505,0.004399999976158142,4.079213795521706e-05,5,2880,64,8,32,4,16384,TORCH_SDPA,[1024],[0],"[8192, 8192, 8192, 8192]",1,4,4,5,1024,4,1028,8192,0.2,true_mixed,True,False,True,5,0,0,False,0,0,BF16,CUDA_EVENT,generic,generic,none
0.004240000154823065,0.009960000403225422,0.006288000103086233,0.004360000137239695,0.002494845870567795,5,0.013919999822974205,0.026200000196695328,0.018807999975979327,0.014279999770224094,0.0057315632394022206,5,0.2749210000038147,2.463766098022461,0.7523378193378448,0.35680100321769714,0.8567579525980943,5,0.07927999645471573,0.10700000077486038,0.08559999912977219,0.07980000227689743,0.010770152122882714,5,0.0041600000113248825,0.00443999981507659,0.004287999961525202,0.004279999993741512,8.908416378296175e-05,5,2880,64,8,32,4,16384,TORCH_SDPA,[1024],[0],"[1024, 1024, 1024, 1024, 1024, 1024, 1024, 1024, 1024, 1024, 1024, 1024, 1024, 1024, 1024, 1024, 1024, 1024, 1024, 1024, 1024, 1024, 1024, 1024]",1,24,24,25,1024,24,1048,1024,0.04,true_mixed,True,False,True,25,0,0,False,0,0,BF16,CUDA_EVENT,generic,generic,none
0.004240000154823065,0.004519999958574772,0.004432000033557415,0.004480000119656324,9.927734210022502e-05,5,0.01351999957114458,0.08231999725103378,0.0276719992980361,0.01408000010997057,0.027328406467751778,5,0.2782000005245209,0.422201007604599,0.3234885990619659,0.2974410057067871,0.05309323104624024,5,0.04600000008940697,0.05107999965548515,0.047248199582099915,0.04651999846100807,0.0019291399074172462,5,0.004399999976158142,0.004559999797493219,0.004479999933391809,0.004480000119656324,5.6568512254674996e-05,5,2880,64,8,32,4,16384,TORCH_SDPA,[1024],[0],"[512, 512, 512, 512, 512, 512, 512, 512, 512, 512, 512, 512, 512, 512, 512, 512]",1,16,16,17,1024,16,1040,512,0.058823529411764705,true_mixed,True,False,True,17,0,0,False,0,0,BF16,CUDA_EVENT,generic,generic,none
0.00443999981507659,0.009960000403225422,0.005568000115454197,0.004480000119656324,0.002196054788843075,5,0.013199999928474426,0.04323999956250191,0.01929599978029728,0.013279999606311321,0.01197273157600824,5,0.2756800055503845,0.37268099188804626,0.3000963985919952,0.2757999897003174,0.03754853483594502,5,0.08708100020885468,0.09196099638938904,0.08852859884500504,0.08807999640703201,0.0017876964905001527,5,0.004399999976158142,0.00571999978274107,0.004695999901741743,0.00443999981507659,0.0005126245618068282,5,2880,64,8,32,4,16384,TORCH_SDPA,[1024],[0],[2048],1,1,1,2,1024,1,1025,2048,0.5,true_mixed,True,False,True,2,0,0,False,0,0,BF16,CUDA_EVENT,generic,generic,none
0.0041600000113248825,0.005799999926239252,0.004575999919325113,0.00431999983265996,0.0006148040313909208,5,0.014159999787807465,0.057440999895334244,0.022928199917078017,0.014279999770224094,0.017256817220033933,5,0.26920101046562195,0.3901599943637848,0.2945206046104431,0.2712010145187378,0.04782616813421512,5,0.36788100004196167,0.3727610111236572,0.37106499671936033,0.37244099378585815,0.0019294109728028076,5,0.004240000154823065,0.004360000137239695,0.004288000147789716,0.004240000154823065,5.878774521273928e-05,5,2880,64,8,32,4,16384,TORCH_SDPA,[1024],[0],"[4096, 4096, 4096, 4096, 4096, 4096, 4096, 4096, 4096, 4096, 4096, 4096, 4096, 4096, 4096, 4096, 4096, 4096, 4096, 4096, 4096, 4096, 4096, 4096, 4096, 4096, 4096, 4096, 4096, 4096, 4096, 4096]",1,32,32,33,1024,32,1056,4096,0.030303030303030304,true_mixed,True,False,True,33,0,0,False,0,0,BF16,CUDA_EVENT,generic,generic,none
0.004519999958574772,0.01104000024497509,0.006343999970704317,0.004639999940991402,0.0025236926622123775,5,0.013279999606311321,0.04416000097990036,0.019576000049710274,0.013319999910891056,0.012293832417471078,5,0.27351999282836914,0.4110409915447235,0.3182483911514282,0.27963998913764954,0.05487961197473863,5,0.02996000088751316,0.03044000081717968,0.030136200413107873,0.03012000024318695,0.00016878928772601855,5,0.004480000119656324,0.005239999853074551,0.0046559999696910385,0.004519999958574772,0.00029241060858835864,5,2880,64,8,32,4,16384,TORCH_SDPA,[1024],[0],"[128, 128]",1,2,2,3,1024,2,1026,128,0.3333333333333333,true_mixed,True,False,True,3,0,0,False,0,0,BF16,CUDA_EVENT,generic,generic,none
0.004360000137239695,0.01955999992787838,0.007736000046133995,0.004480000119656324,0.00593935209410641,5,0.013000000268220901,0.07720000296831131,0.02595200054347515,0.013159999623894691,0.02562415731476691,5,0.2747209966182709,0.5506410002708435,0.3469610035419464,0.27668100595474243,0.10656571885105225,5,0.14552000164985657,0.15007999539375305,0.1466321974992752,0.14564000070095062,0.0017510176443440325,5,0.004399999976158142,0.00443999981507659,0.004423999879509211,0.00443999981507659,1.95958390287433e-05,5,2880,64,8,32,4,16384,TORCH_SDPA,[1024],[0],"[4096, 4096]",1,2,2,3,1024,2,1026,4096,0.3333333333333333,true_mixed,True,False,True,3,0,0,False,0,0,BF16,CUDA_EVENT,generic,generic,none
0.004519999958574772,0.009920000098645687,0.006296000070869922,0.005280000157654285,0.0020367189823002154,5,0.013199999928474426,0.047600001096725464,0.020256000198423864,0.013439999893307686,0.013673650436003007,5,0.27396100759506226,0.3756810128688812,0.2947450041770935,0.2747209966182709,0.04047078278113932,5,0.14183999598026276,0.14268000423908234,0.1423359990119934,0.1425199955701828,0.0003333243462554293,5,0.00443999981507659,0.0047599999234080315,0.004623999912291765,0.004639999940991402,0.0001148216769372802,5,2880,64,8,32,4,16384,TORCH_SDPA,[1024],[0],[4096],1,1,1,2,1024,1,1025,4096,0.5,true_mixed,True,False,True,2,0,0,False,0,0,BF16,CUDA_EVENT,generic,generic,none
0.004279999993741512,0.008200000040233135,0.005176200065761805,0.004480000119656324,0.001514133987739434,5,0.01432000007480383,0.022840000689029694,0.01612800024449825,0.014440000057220459,0.0033571799934100977,5,0.2749199867248535,0.37248098850250244,0.2952721953392029,0.27619999647140503,0.0386124560439262,5,0.1924010068178177,0.19392099976539612,0.1929048031568527,0.19252100586891174,0.0005831851004407038,5,0.004399999976158142,0.00443999981507659,0.004423999879509211,0.00443999981507659,1.95958390287433e-05,5,2880,64,8,32,4,16384,TORCH_SDPA,[1024],[0],"[2048, 2048, 2048, 2048, 2048, 2048, 2048, 2048, 2048, 2048, 2048, 2048, 2048, 2048, 2048, 2048, 2048, 2048, 2048, 2048, 2048, 2048, 2048, 2048]",1,24,24,25,1024,24,1048,2048,0.04,true_mixed,True,False,True,25,0,0,False,0,0,BF16,CUDA_EVENT,generic,generic,none
0.00443999981507659,0.008960000239312649,0.00556000005453825,0.004519999958574772,0.0017371241650750637,5,0.01372000016272068,0.04859999939799309,0.02213619966059923,0.013919999822974205,0.013493694101471183,5,0.31463998556137085,0.4455609917640686,0.36613619327545166,0.34731999039649963,0.049368518473879436,5,0.04352099820971489,0.24036100506782532,0.08300040066242217,0.043719999492168427,0.07868033641858801,5,0.004360000137239695,0.009279999881982803,0.005488200020045042,0.004480000119656324,0.0019064597253943788,5,2880,64,8,32,4,16384,TORCH_SDPA,[1024],[0],"[128, 128, 128, 128, 128, 128, 128, 128, 128, 128, 128, 128, 128, 128, 128, 128, 128, 128, 128, 128, 128, 128, 128, 128, 128, 128, 128, 128, 128, 128, 128, 128, 128, 128, 128, 128, 128, 128, 128, 128, 128, 128, 128, 128, 128, 128, 128, 128, 128, 128, 128, 128, 128, 128, 128, 128, 128, 128, 128, 128, 128, 128, 128, 128]",1,64,64,65,1024,64,1088,128,0.015384615384615385,true_mixed,True,False,True,65,0,0,False,0,0,BF16,CUDA_EVENT,generic,generic,none
0.004600000102072954,0.008960000239312649,0.005488000065088272,0.004639999940991402,0.0017360922498174532,5,0.013079999946057796,0.024960000067949295,0.015632199868559838,0.013399999588727951,0.004665586810787498,5,0.2743610143661499,0.365680992603302,0.29404060244560243,0.2768000066280365,0.035831955655592704,5,0.25196000933647156,0.25275999307632446,0.2522884011268616,0.25224098563194275,0.0002886775426926569,5,0.004480000119656324,0.005919999908655882,0.004984000045806169,0.004639999940991402,0.0005447053816380943,5,2880,64,8,32,4,16384,TORCH_SDPA,[1024],[0],[8192],1,1,1,2,1024,1,1025,8192,0.5,true_mixed,True,False,True,2,0,0,False,0,0,BF16,CUDA_EVENT,generic,generic,none
0.004399999976158142,0.0430000014603138,0.012168000265955926,0.004480000119656324,0.015416052491290886,5,0.013240000233054161,0.09312000125646591,0.02976000029593706,0.01351999957114458,0.031689867632011356,5,0.2752009928226471,0.6444420218467712,0.3494249999523163,0.2759209871292114,0.14750884095939984,5,0.2592410147190094,0.273840993642807,0.2630008041858673,0.2595210075378418,0.005603649320737359,5,0.004360000137239695,0.004519999958574772,0.004423999972641468,0.004399999976158142,5.425858614264964e-05,5,2880,64,8,32,4,16384,TORCH_SDPA,[1024],[0],"[8192, 8192]",1,2,2,3,1024,2,1026,8192,0.3333333333333333,true_mixed,True,False,True,3,0,0,False,0,0,BF16,CUDA_EVENT,generic,generic,none
0.00431999983265996,0.004399999976158142,0.0043680000118911265,0.004360000137239695,2.9933287895859092e-05,5,0.0163199994713068,0.0828000009059906,0.02998400032520294,0.01696000061929226,0.026409084791493693,5,0.28808000683784485,0.4981609880924225,0.3307923972606659,0.2889609932899475,0.08368695062284505,5,0.7504810094833374,0.7682009935379028,0.7587771892547608,0.7573210000991821,0.006317965436214131,5,0.004240000154823065,0.005400000140070915,0.004568000044673681,0.004399999976158142,0.00042362252099390564,5,2880,64,8,32,4,16384,TORCH_SDPA,[1024],[0],"[8192, 8192, 8192, 8192, 8192, 8192, 8192, 8192, 8192, 8192, 8192, 8192, 8192, 8192, 8192, 8192, 8192, 8192, 8192, 8192, 8192, 8192, 8192, 8192, 8192, 8192, 8192, 8192, 8192, 8192, 8192, 8192]",1,32,32,33,1024,32,1056,8192,0.030303030303030304,true_mixed,True,False,True,33,0,0,False,0,0,BF16,CUDA_EVENT,generic,generic,none
0.00443999981507659,0.004639999940991402,0.004543999955058098,0.004519999958574772,6.974244409748297e-05,5,0.013159999623894691,0.030479999259114265,0.01667199973016977,0.013240000233054161,0.00690411563850487,5,0.2914409935474396,0.4132010042667389,0.338112998008728,0.31696099042892456,0.04748973142038239,5,0.029680000618100166,0.03027999959886074,0.03004000000655651,0.030079999938607216,0.00020238554425605306,5,0.004480000119656324,0.004679999779909849,0.004583999887108803,0.004559999797493219,6.974230521849422e-05,5,2880,64,8,32,4,16384,TORCH_SDPA,[1024],[0],"[128, 128, 128, 128]",1,4,4,5,1024,4,1028,128,0.2,true_mixed,True,False,True,5,0,0,False,0,0,BF16,CUDA_EVENT,generic,generic,none
0.004600999876856804,0.010599999688565731,0.005840199906378985,0.004639999940991402,0.0023802150421533986,5,0.013079999946057796,0.02271999977529049,0.015215999819338322,0.013399999588727951,0.0037557933727339413,5,0.27428001165390015,0.3714810013771057,0.29591240286827086,0.27507999539375305,0.03797290264160467,5,0.04019999876618385,0.04092000052332878,0.040528000146150586,0.04052000120282173,0.00022964375618382354,5,0.004559999797493219,0.004720000084489584,0.004631999880075455,0.004639999940991402,6.400007987400752e-05,5,2880,64,8,32,4,16384,TORCH_SDPA,[1024],[0],"[512, 512]",1,2,2,3,1024,2,1026,512,0.3333333333333333,true_mixed,True,False,True,3,0,0,False,0,0,BF16,CUDA_EVENT,generic,generic,none
0.004399999976158142,0.007199999876320362,0.005095999874174595,0.00443999981507659,0.0010752785703659,5,0.013079999946057796,0.07135999947786331,0.02483999989926815,0.013240000233054161,0.023260128765767624,5,0.3097209930419922,0.43112099170684814,0.34495299458503725,0.3144409954547882,0.046561755451243185,5,0.030400000512599945,0.03144000098109245,0.03084000013768673,0.03075999952852726,0.00036834787758390885,5,0.00443999981507659,0.004480000119656324,0.0044639999978244305,0.004480000119656324,1.9596067155252676e-05,5,2880,64,8,32,4,16384,TORCH_SDPA,[1024],[0],"[128, 128, 128, 128, 128, 128, 128, 128]",1,8,8,9,1024,8,1032,128,0.1111111111111111,true_mixed,True,False,True,9,0,0,False,0,0,BF16,CUDA_EVENT,generic,generic,none
0.004399999976158142,0.007799999788403511,0.005223999917507172,0.00443999981507659,0.001313706152018528,5,0.014120000414550304,0.022120000794529915,0.01612800024449825,0.014680000022053719,0.00301148760780062,5,0.27000099420547485,0.35808101296424866,0.2882968008518219,0.2715210020542145,0.034898313346716184,5,0.18532000482082367,0.18804000318050385,0.1864084005355835,0.1857209950685501,0.0011253142380872726,5,0.004399999976158142,0.004559999797493219,0.0044479998759925365,0.00443999981507659,5.8787694517986746e-05,5,2880,64,8,32,4,16384,TORCH_SDPA,[1024],[0],"[1024, 1024, 1024, 1024, 1024, 1024, 1024, 1024, 1024, 1024, 1024, 1024, 1024, 1024, 1024, 1024, 1024, 1024, 1024, 1024, 1024, 1024, 1024, 1024, 1024, 1024, 1024, 1024, 1024, 1024, 1024, 1024, 1024, 1024, 1024, 1024, 1024, 1024, 1024, 1024, 1024, 1024, 1024, 1024, 1024, 1024, 1024, 1024, 1024, 1024, 1024, 1024, 1024, 1024, 1024, 1024, 1024, 1024, 1024, 1024, 1024, 1024, 1024, 1024, 1024, 1024, 1024, 1024, 1024, 1024, 1024, 1024, 1024, 1024, 1024, 1024, 1024, 1024, 1024, 1024, 1024, 1024, 1024, 1024, 1024, 1024, 1024, 1024, 1024, 1024, 1024, 1024, 1024, 1024, 1024, 1024]",1,96,96,97,1024,96,1120,1024,0.010309278350515464,true_mixed,True,False,True,97,0,0,False,0,0,BF16,CUDA_EVENT,generic,generic,none
0.00443999981507659,0.00535999983549118,0.004679999873042106,0.004559999797493219,0.00034594796893882765,5,0.01363999955356121,0.026680000126361847,0.016447999887168406,0.014039999805390835,0.005118524911610639,5,0.2799609899520874,0.36876100301742554,0.31116099953651427,0.29656100273132324,0.032977564100026155,5,0.041200000792741776,0.04211999848484993,0.041568000614643094,0.04148000106215477,0.0003369502220536269,5,0.004519999958574772,0.004600000102072954,0.00457600001245737,0.004600000102072954,3.2000080682464336e-05,5,2880,64,8,32,4,16384,TORCH_SDPA,[1024],[0],"[512, 512, 512, 512]",1,4,4,5,1024,4,1028,512,0.2,true_mixed,True,False,True,5,0,0,False,0,0,BF16,CUDA_EVENT,generic,generic,none
0.004480000119656324,0.0313199982047081,0.009895999636501073,0.004559999797493219,0.010712073966367275,5,0.013799999840557575,0.07976099848747253,0.027200199849903583,0.014000000432133675,0.026281233387329916,5,0.27532100677490234,0.5921210050582886,0.35746500492095945,0.2789610028266907,0.12227162505542427,5,0.09115999937057495,0.09480000287294388,0.09236000031232834,0.09171999990940094,0.0013474726997688917,5,0.00443999981507659,0.004679999779909849,0.0045679999515414235,0.004600000102072954,8.158433070443462e-05,5,2880,64,8,32,4,16384,TORCH_SDPA,[1024],[0],"[2048, 2048, 2048, 2048]",1,4,4,5,1024,4,1028,2048,0.2,true_mixed,True,False,True,5,0,0,False,0,0,BF16,CUDA_EVENT,generic,generic,none
0.004519999958574772,0.008320000022649765,0.005319999903440476,0.004559999797493219,0.0015005066409750612,5,0.013799999840557575,0.0225600004196167,0.01580000016838312,0.014120000414550304,0.0033853331953536234,5,0.2718009948730469,0.3673210144042969,0.2925446033477783,0.2741610109806061,0.03741093357685367,5,0.3038400113582611,0.30640101432800293,0.30558460354804995,0.30612099170684814,0.0009566182736845676,5,0.004480000119656324,0.004559999797493219,0.004511999990791082,0.004480000119656324,3.919167805748661e-05,5,2880,64,8,32,4,16384,TORCH_SDPA,[1024],[0],"[8192, 8192, 8192, 8192, 8192, 8192, 8192, 8192]",1,8,8,9,1024,8,1032,8192,0.1111111111111111,true_mixed,True,False,True,9,0,0,False,0,0,BF16,CUDA_EVENT,generic,generic,none
0.004519999958574772,0.0055599999614059925,0.004800199996680021,0.004641000181436539,0.0003835832944322801,5,0.013159999623894691,0.025919999927282333,0.01575199980288744,0.013240000233054161,0.005084212489583935,5,0.27456098794937134,0.36472100019454956,0.2956407964229584,0.2762809991836548,0.03486900914890173,5,0.0589199997484684,0.06511999666690826,0.06035199910402298,0.05931999906897545,0.0023941784009138354,5,0.004519999958574772,0.006279999855905771,0.005015999916940928,0.004600000102072954,0.0006686583207710805,5,2880,64,8,32,4,16384,TORCH_SDPA,[1024],[0],"[1024, 1024, 1024, 1024, 1024, 1024, 1024, 1024]",1,8,8,9,1024,8,1032,1024,0.1111111111111111,true_mixed,True,False,True,9,0,0,False,0,0,BF16,CUDA_EVENT,generic,generic,none
0.004480000119656324,0.004600000102072954,0.004528000019490719,0.004519999958574772,4.6647571055609506e-05,5,0.013919999822974205,0.03519999980926514,0.021992000006139278,0.018400000408291817,0.008434003457673813,5,0.2852010130882263,0.48308101296424866,0.35036900639533997,0.31724101305007935,0.07282392639587398,5,0.05119999870657921,0.05212000012397766,0.05159999951720238,0.05155999958515167,0.00032099875122532464,5,0.004480000119656324,0.004600000102072954,0.004552000015974045,0.004559999797493219,4.664761897177434e-05,5,2880,64,8,32,4,16384,TORCH_SDPA,[1024],[0],"[512, 512, 512, 512, 512, 512, 512, 512, 512, 512, 512, 512, 512, 512, 512, 512, 512, 512, 512, 512, 512, 512, 512, 512]",1,24,24,25,1024,24,1048,512,0.04,true_mixed,True,False,True,25,0,0,False,0,0,BF16,CUDA_EVENT,generic,generic,none
0.004360000137239695,0.00443999981507659,0.004415999911725521,0.00443999981507659,3.1999871134757994e-05,5,0.013120000250637531,1.9925639629364014,0.4130967926234007,0.013279999606311321,0.7897722347673438,5,0.280239999294281,0.4402010142803192,0.3501443982124329,0.3353999853134155,0.05318154009066142,5,0.043000999838113785,0.04631999880075455,0.04392839968204498,0.04340000078082085,0.0012096845371749971,5,0.004399999976158142,0.004519999958574772,0.0044479998759925365,0.00443999981507659,3.9191849152437796e-05,5,2880,64,8,32,4,16384,TORCH_SDPA,[1024],[0],"[512, 512, 512, 512, 512, 512, 512, 512]",1,8,8,9,1024,8,1032,512,0.1111111111111111,true_mixed,True,False,True,9,0,0,False,0,0,BF16,CUDA_EVENT,generic,generic,none
0.004240000154823065,0.007639999967068434,0.0052640000358223915,0.0049600000493228436,0.0012223517797942457,5,0.014360000379383564,0.023280000314116478,0.016952200047671794,0.014441000297665596,0.00350266918888484,5,0.2744010090827942,0.6296399831771851,0.40010479688644407,0.37192100286483765,0.1305775595406938,5,0.08799999952316284,0.1518010050058365,0.10098420083522797,0.08823999762535095,0.025409371821926485,5,0.004240000154823065,0.004480000119656324,0.004344000015407801,0.004279999993741512,9.666433307096489e-05,5,2880,64,8,32,4,16384,TORCH_SDPA,[1024],[0],"[512, 512, 512, 512, 512, 512, 512, 512, 512, 512, 512, 512, 512, 512, 512, 512, 512, 512, 512, 512, 512, 512, 512, 512, 512, 512, 512, 512, 512, 512, 512, 512, 512, 512, 512, 512, 512, 512, 512, 512, 512, 512, 512, 512, 512, 512, 512, 512, 512, 512, 512, 512, 512, 512, 512, 512, 512, 512, 512, 512, 512, 512, 512, 512]",1,64,64,65,1024,64,1088,512,0.015384615384615385,true_mixed,True,False,True,65,0,0,False,0,0,BF16,CUDA_EVENT,generic,generic,none
0.004519999958574772,0.007519999984651804,0.0052559999749064445,0.004639999940991402,0.001150610282761765,5,0.013319999910891056,0.02208000048995018,0.015168000012636185,0.013559999875724316,0.003457666503036581,5,0.27536100149154663,55.316978454589844,11.312324291467666,0.32976099848747253,22.0023527497029,5,0.05683999881148338,0.0618400014936924,0.05804000049829483,0.05728000029921532,0.0019079627808266247,5,0.004480000119656324,0.004600000102072954,0.004528000019490719,0.004519999958574772,3.9191849152437796e-05,5,2880,64,8,32,4,16384,TORCH_SDPA,[1024],[0],"[1024, 1024, 1024, 1024]",1,4,4,5,1024,4,1028,1024,0.2,true_mixed,True,False,True,5,0,0,False,0,0,BF16,CUDA_EVENT,generic,generic,none
0.00431999983265996,0.008960000239312649,0.005303999967873096,0.00443999981507659,0.0018285908486682424,5,0.013199999928474426,0.037641000002622604,0.02249619998037815,0.01360000018030405,0.011212052494463859,5,0.2850799858570099,0.4402810037136078,0.34697639346122744,0.33480098843574524,0.05837143822819541,5,0.06720100343227386,1.3018829822540283,0.31602499783039095,0.06852000206708908,0.4929354116814723,5,0.004480000119656324,0.009680000133812428,0.005704000126570463,0.004480000119656324,0.002019679187403646,5,2880,64,8,32,4,16384,TORCH_SDPA,[1024],[0],"[1024, 1024, 1024, 1024, 1024, 1024, 1024, 1024, 1024, 1024, 1024, 1024, 1024, 1024, 1024, 1024]",1,16,16,17,1024,16,1040,1024,0.058823529411764705,true_mixed,True,False,True,17,0,0,False,0,0,BF16,CUDA_EVENT,generic,generic,none
0.004480000119656324,0.016519999131560326,0.00692799985408783,0.004559999797493219,0.0047962248206688506,5,0.01348000019788742,0.08048000186681747,0.027184000611305235,0.014000000432133675,0.026648871223617768,5,0.2741209864616394,0.44256100058555603,0.3085367977619171,0.2743600010871887,0.0670240947308689,5,0.2075210064649582,0.20888100564479828,0.20806460082530975,0.20771999657154083,0.0005771401839469663,5,0.004480000119656324,0.004600000102072954,0.004552000015974045,0.004559999797493219,4.664761897177434e-05,5,2880,64,8,32,4,16384,TORCH_SDPA,[1024],[0],"[2048, 2048, 2048, 2048, 2048, 2048, 2048, 2048, 2048, 2048, 2048, 2048, 2048, 2048, 2048, 2048, 2048, 2048, 2048, 2048, 2048, 2048, 2048, 2048, 2048, 2048, 2048, 2048, 2048, 2048, 2048, 2048]",1,32,32,33,1024,32,1056,2048,0.030303030303030304,true_mixed,True,False,True,33,0,0,False,0,0,BF16,CUDA_EVENT,generic,generic,none
0.004360000137239695,0.004480000119656324,0.004432000033557415,0.00443999981507659,4.664761897177434e-05,5,0.013039999641478062,0.0297200009226799,0.016712000221014024,0.01360000018030405,0.006507615588997079,5,0.27423998713493347,0.3842410147190094,0.29687220454216,0.2754400074481964,0.043686693320636676,5,0.1156810000538826,0.12188000231981277,0.11737679988145829,0.1164809986948967,0.002318591659010765,5,0.004399999976158142,0.005040000192821026,0.004600000008940697,0.004519999958574772,0.0002248555977081282,5,2880,64,8,32,4,16384,TORCH_SDPA,[1024],[0],"[2048, 2048, 2048, 2048, 2048, 2048, 2048, 2048, 2048, 2048, 2048, 2048, 2048, 2048, 2048, 2048]",1,16,16,17,1024,16,1040,2048,0.058823529411764705,true_mixed,True,False,True,17,0,0,False,0,0,BF16,CUDA_EVENT,generic,generic,none
0.004399999976158142,0.004480000119656324,0.004448000062257052,0.004480000119656324,3.9191906183995976e-05,5,0.01947999931871891,0.03243999928236008,0.022280000150203705,0.01988000050187111,0.005082424197976642,5,3.190768003463745,3.261888027191162,3.2098720550537108,3.194688081741333,0.026601518900159483,5,0.1451999992132187,0.14876000583171844,0.1465519994497299,0.1459999978542328,0.0012469256963910016,5,0.004399999976158142,0.004480000119656324,0.004432000033557415,0.004399999976158142,3.9191906183995976e-05,5,2880,64,8,32,4,16384,TORCH_SDPA,[4096],[0],[4096],1,1,1,2,4096,1,4097,4096,0.5,true_mixed,True,False,True,2,0,0,False,0,0,BF16,CUDA_EVENT,generic,generic,none
0.004480000119656324,0.007840000092983246,0.005207999981939793,0.004559999797493219,0.0013165774353239672,5,0.013919999822974205,0.021239999681711197,0.01661599986255169,0.014159999787807465,0.00320655310894825,5,0.2756800055503845,1.6801220178604126,0.5580010056495667,0.27684101462364197,0.5610630398505153,5,0.09923999756574631,0.10044000297784805,0.09964020103216172,0.09944000095129013,0.0004373025874935166,5,0.004519999958574772,0.004559999797493219,0.004535999894142151,0.004519999958574772,1.9595839028743304e-05,5,2880,64,8,32,4,16384,TORCH_SDPA,[1024],[0],"[2048, 2048, 2048, 2048, 2048, 2048, 2048, 2048]",1,8,8,9,1024,8,1032,2048,0.1111111111111111,true_mixed,True,False,True,9,0,0,False,0,0,BF16,CUDA_EVENT,generic,generic,none
0.004480000119656324,0.00559999980032444,0.004767999984323978,0.004600000102072954,0.0004183012346306751,5,0.013240000233054161,0.02476000040769577,0.01569600012153387,0.013439999893307686,0.004534285529003197,5,0.27292099595069885,0.3709610104560852,0.2933370053768158,0.27372100949287415,0.03882047215410929,5,0.19808100163936615,0.19972099363803864,0.19881679713726044,0.19888100028038025,0.0006421492381711725,5,0.004480000119656324,0.005080000031739473,0.0046639999374747275,0.004559999797493219,0.00021406544300705296,5,2880,64,8,32,4,16384,TORCH_SDPA,[1024],[0],"[4096, 4096, 4096, 4096, 4096, 4096, 4096, 4096, 4096, 4096, 4096, 4096, 4096, 4096, 4096, 4096]",1,16,16,17,1024,16,1040,4096,0.058823529411764705,true_mixed,True,False,True,17,0,0,False,0,0,BF16,CUDA_EVENT,generic,generic,none
0.004519999958574772,0.010759999975562096,0.0057679999619722365,0.004519999958574772,0.002496000006794929,5,0.013159999623894691,0.02191999927163124,0.015063999593257904,0.013399999588727951,0.0034305543164926747,5,0.2735210061073303,0.3678799867630005,0.2932725965976715,0.2751210033893585,0.03730932720465458,5,0.16804000735282898,0.17059999704360962,0.16916040182113648,0.16888099908828735,0.0008597834901310118,5,0.00443999981507659,0.004559999797493219,0.004511999897658825,0.004519999958574772,3.9191849152437796e-05,5,2880,64,8,32,4,16384,TORCH_SDPA,[1024],[0],"[4096, 4096, 4096, 4096, 4096, 4096, 4096, 4096]",1,8,8,9,1024,8,1032,4096,0.1111111111111111,true_mixed,True,False,True,9,0,0,False,0,0,BF16,CUDA_EVENT,generic,generic,none
0.00443999981507659,0.008999999612569809,0.005375999957323074,0.004480000119656324,0.0018120660525935812,5,0.016519999131560326,0.024000000208616257,0.0189921997487545,0.01775999926030636,0.002658069380947093,5,0.28860101103782654,0.3686400055885315,0.3052803993225098,0.28891998529434204,0.031694897258583876,5,1.13640296459198,1.1558829545974731,1.1458270072937011,1.1463630199432373,0.007844020767475944,5,0.00443999981507659,0.004559999797493219,0.004495999868959188,0.004480000119656324,5.425861360592359e-05,5,2880,64,8,32,4,16384,TORCH_SDPA,[1024],[0],"[8192, 8192, 8192, 8192, 8192, 8192, 8192, 8192, 8192, 8192, 8192, 8192, 8192, 8192, 8192, 8192, 8192, 8192, 8192, 8192, 8192, 8192, 8192, 8192, 8192, 8192, 8192, 8192, 8192, 8192, 8192, 8192, 8192, 8192, 8192, 8192, 8192, 8192, 8192, 8192, 8192, 8192, 8192, 8192, 8192, 8192, 8192, 8192]",1,48,48,49,1024,48,1072,8192,0.02040816326530612,true_mixed,True,False,True,49,0,0,False,0,0,BF16,CUDA_EVENT,generic,generic,none
0.004240000154823065,0.00443999981507659,0.0043519999831914905,0.004360000137239695,6.881851987655174e-05,5,0.015879999846220016,0.03872000053524971,0.02086400017142296,0.016759999096393585,0.00893867480623918,5,0.2777610123157501,0.3863610029220581,0.3002248048782349,0.27928099036216736,0.04307626095582698,5,0.582440972328186,0.5924010276794434,0.5886173963546752,0.58856201171875,0.0036393469391412052,5,0.004279999993741512,0.00687999976798892,0.004871999938040971,0.004399999976158142,0.0010063477718058693,5,2880,64,8,32,4,16384,TORCH_SDPA,[1024],[0],"[2048, 2048, 2048, 2048, 2048, 2048, 2048, 2048, 2048, 2048, 2048, 2048, 2048, 2048, 2048, 2048, 2048, 2048, 2048, 2048, 2048, 2048, 2048, 2048, 2048, 2048, 2048, 2048, 2048, 2048, 2048, 2048, 2048, 2048, 2048, 2048, 2048, 2048, 2048, 2048, 2048, 2048, 2048, 2048, 2048, 2048, 2048, 2048, 2048, 2048, 2048, 2048, 2048, 2048, 2048, 2048, 2048, 2048, 2048, 2048, 2048, 2048, 2048, 2048, 2048, 2048, 2048, 2048, 2048, 2048, 2048, 2048, 2048, 2048, 2048, 2048, 2048, 2048, 2048, 2048, 2048, 2048, 2048, 2048, 2048, 2048, 2048, 2048, 2048, 2048, 2048, 2048, 2048, 2048, 2048, 2048]",1,96,96,97,1024,96,1120,2048,0.010309278350515464,true_mixed,True,False,True,97,0,0,False,0,0,BF16,CUDA_EVENT,generic,generic,none
0.004399999976158142,0.0063599999994039536,0.004824000038206577,0.004480000119656324,0.000768832865316989,5,0.018720999360084534,0.08128000050783157,0.031680400297045705,0.019561000168323517,0.024802081641159913,5,3.1721670627593994,3.291248083114624,3.2066793918609617,3.1873269081115723,0.04311850466745349,5,0.03296000137925148,0.038040000945329666,0.03434400036931038,0.033479999750852585,0.0018660077174274658,5,0.004360000137239695,0.005439999978989363,0.004616000037640333,0.004399999976158142,0.00041384052077113445,5,2880,64,8,32,4,16384,TORCH_SDPA,[4096],[0],"[128, 128, 128, 128]",1,4,4,5,4096,4,4100,128,0.2,true_mixed,True,False,True,5,0,0,False,0,0,BF16,CUDA_EVENT,generic,generic,none
0.004399999976158142,0.00559999980032444,0.00470399996265769,0.004519999958574772,0.00045438302459190776,5,0.014480000361800194,0.025839999318122864,0.018295999988913535,0.016039999201893806,0.004395896065114213,5,0.2722010016441345,0.3827210068702698,0.31632899641990664,0.2770409882068634,0.05164451962170272,5,0.11072000116109848,0.14736099541187286,0.11932019889354706,0.11151999980211258,0.01412559531127208,5,0.004360000137239695,0.004519999958574772,0.004447999969124794,0.00443999981507659,6.39999518171588e-05,5,2880,64,8,32,4,16384,TORCH_SDPA,[1024],[0],"[512, 512, 512, 512, 512, 512, 512, 512, 512, 512, 512, 512, 512, 512, 512, 512, 512, 512, 512, 512, 512, 512, 512, 512, 512, 512, 512, 512, 512, 512, 512, 512, 512, 512, 512, 512, 512, 512, 512, 512, 512, 512, 512, 512, 512, 512, 512, 512, 512, 512, 512, 512, 512, 512, 512, 512, 512, 512, 512, 512, 512, 512, 512, 512, 512, 512, 512, 512, 512, 512, 512, 512, 512, 512, 512, 512, 512, 512, 512, 512, 512, 512, 512, 512, 512, 512, 512, 512, 512, 512, 512, 512, 512, 512, 512, 512]",1,96,96,97,1024,96,1120,512,0.010309278350515464,true_mixed,True,False,True,97,0,0,False,0,0,BF16,CUDA_EVENT,generic,generic,none
0.00443999981507659,0.004519999958574772,0.004479999933391809,0.004480000119656324,3.5777151814455904e-05,5,0.014360000379383564,0.022801000624895096,0.017088200151920318,0.014720000326633453,0.003338691533706787,5,0.2733609974384308,0.36612001061439514,0.292784595489502,0.27423998713493347,0.03667861043281075,5,0.3638409972190857,0.3678399920463562,0.36576859951019286,0.3654400110244751,0.0013418322630496947,5,0.00443999981507659,0.004559999797493219,0.004511999897658825,0.004519999958574772,4.6647571055609506e-05,5,2880,64,8,32,4,16384,TORCH_SDPA,[1024],[0],"[8192, 8192, 8192, 8192, 8192, 8192, 8192, 8192, 8192, 8192, 8192, 8192, 8192, 8192, 8192, 8192]",1,16,16,17,1024,16,1040,8192,0.058823529411764705,true_mixed,True,False,True,17,0,0,False,0,0,BF16,CUDA_EVENT,generic,generic,none
0.004360000137239695,0.00443999981507659,0.004399999976158142,0.004399999976158142,2.5298119404428044e-05,5,0.013439999893307686,0.025919999927282333,0.016111999936401843,0.013799999840557575,0.004907424571308204,5,0.2712000012397766,0.3734009861946106,0.29228879809379577,0.2722809910774231,0.040558641624576175,5,0.3413209915161133,0.3429209887981415,0.34188079833984375,0.3418000042438507,0.000558882127734128,5,0.004399999976158142,0.00443999981507659,0.0044319998472929,0.00443999981507659,1.5999935567378997e-05,5,2880,64,8,32,4,16384,TORCH_SDPA,[1024],[0],"[4096, 4096, 4096, 4096, 4096, 4096, 4096, 4096, 4096, 4096, 4096, 4096, 4096, 4096, 4096, 4096, 4096, 4096, 4096, 4096, 4096, 4096, 4096, 4096]",1,24,24,25,1024,24,1048,4096,0.04,true_mixed,True,False,True,25,0,0,False,0,0,BF16,CUDA_EVENT,generic,generic,none
0.004519999958574772,0.00812000036239624,0.005264200083911419,0.004559999797493219,0.0014282041020325848,5,0.013799999840557575,0.04196000099182129,0.020728000067174436,0.0142000000923872,0.010850767035813525,5,0.2791610062122345,0.3585210144519806,0.3029048085212708,0.28960099816322327,0.028985434811303345,5,0.03500000014901161,0.035599999129772186,0.035360199958086015,0.03548000007867813,0.00021455079982675724,5,0.00443999981507659,0.004639999940991402,0.004511999990791082,0.004480000119656324,6.881859566138262e-05,5,2880,64,8,32,4,16384,TORCH_SDPA,[1024],[0],"[128, 128, 128, 128, 128, 128, 128, 128, 128, 128, 128, 128, 128, 128, 128, 128, 128, 128, 128, 128, 128, 128, 128, 128, 128, 128, 128, 128, 128, 128, 128, 128]",1,32,32,33,1024,32,1056,128,0.030303030303030304,true_mixed,True,False,True,33,0,0,False,0,0,BF16,CUDA_EVENT,generic,generic,none
0.004399999976158142,0.013000000268220901,0.0061680000275373455,0.004480000119656324,0.003416234304638616,5,0.014560000039637089,0.023560000583529472,0.016984000243246554,0.015399999916553497,0.003376587842766722,5,0.2947610020637512,0.36496099829673767,0.3198169946670532,0.30908098816871643,0.024148005971647797,5,0.03779999911785126,0.038440000265836716,0.03807999938726425,0.03807999938726425,0.00022908532026705438,5,0.004399999976158142,0.004480000119656324,0.004439999908208847,0.00443999981507659,2.529826665971379e-05,5,2880,64,8,32,4,16384,TORCH_SDPA,[1024],[0],"[128, 128, 128, 128, 128, 128, 128, 128, 128, 128, 128, 128, 128, 128, 128, 128, 128, 128, 128, 128, 128, 128, 128, 128, 128, 128, 128, 128, 128, 128, 128, 128, 128, 128, 128, 128, 128, 128, 128, 128, 128, 128, 128, 128, 128, 128, 128, 128]",1,48,48,49,1024,48,1072,128,0.02040816326530612,true_mixed,True,False,True,49,0,0,False,0,0,BF16,CUDA_EVENT,generic,generic,none
0.004360000137239695,0.006719999946653843,0.005327999964356423,0.004519999958574772,0.0010894108398740044,5,0.01875999942421913,0.027160000056028366,0.02075200043618679,0.019200000911951065,0.003211519112504176,5,3.1736490726470947,3.223689079284668,3.1892090320587156,3.1805689334869385,0.01833456574306189,5,0.09080000221729279,0.09164000302553177,0.09121600091457367,0.09111999720335007,0.0003304295986386718,5,0.00431999983265996,0.007120000198483467,0.0049600000493228436,0.004480000119656324,0.0010816284822994125,5,2880,64,8,32,4,16384,TORCH_SDPA,[4096],[0],[2048],1,1,1,2,4096,1,4097,2048,0.5,true_mixed,True,False,True,2,0,0,False,0,0,BF16,CUDA_EVENT,generic,generic,none
0.004360000137239695,0.004519999958574772,0.004423999972641468,0.004399999976158142,5.425858614264964e-05,5,0.01568000018596649,0.02483999915421009,0.017919999733567237,0.016359999775886536,0.0034811489166363843,5,0.2750000059604645,0.380281001329422,0.29874460101127626,0.27908000349998474,0.04080771486952165,5,0.665802001953125,0.6720420122146606,0.6678017973899841,0.6671620011329651,0.0022397218754001383,5,0.004399999976158142,0.004519999958574772,0.004447999969124794,0.00443999981507659,4.664763494375637e-05,5,2880,64,8,32,4,16384,TORCH_SDPA,[1024],[0],"[8192, 8192, 8192, 8192, 8192, 8192, 8192, 8192, 8192, 8192, 8192, 8192, 8192, 8192, 8192, 8192, 8192, 8192, 8192, 8192, 8192, 8192, 8192, 8192]",1,24,24,25,1024,24,1048,8192,0.04,true_mixed,True,False,True,25,0,0,False,0,0,BF16,CUDA_EVENT,generic,generic,none
0.00443999981507659,0.0077599999494850636,0.005143999960273505,0.004480000119656324,0.0013085809042469507,5,0.01351999957114458,0.02751999907195568,0.016823999769985675,0.014039999805390835,0.005370830508097814,5,0.27211999893188477,0.37592101097106934,0.2948408007621765,0.2741610109806061,0.04060516476542076,5,0.10735999792814255,0.10831999778747559,0.10803239941596984,0.10819999873638153,0.00034828552878559744,5,0.004480000119656324,0.004519999958574772,0.004504000023007393,0.004519999958574772,1.95958390287433e-05,5,2880,64,8,32,4,16384,TORCH_SDPA,[1024],[0],"[1024, 1024, 1024, 1024, 1024, 1024, 1024, 1024, 1024, 1024, 1024, 1024, 1024, 1024, 1024, 1024, 1024, 1024, 1024, 1024, 1024, 1024, 1024, 1024, 1024, 1024, 1024, 1024, 1024, 1024, 1024, 1024, 1024, 1024, 1024, 1024, 1024, 1024, 1024, 1024, 1024, 1024, 1024, 1024, 1024, 1024, 1024, 1024]",1,48,48,49,1024,48,1072,1024,0.02040816326530612,true_mixed,True,False,True,49,0,0,False,0,0,BF16,CUDA_EVENT,generic,generic,none
0.004240000154823065,0.00443999981507659,0.004327999986708164,0.00431999983265996,6.881851987655174e-05,5,0.019279999658465385,0.029839999973773956,0.02181599996984005,0.01955999992787838,0.004048395268674818,5,3.1972079277038574,3.2574870586395264,3.2212317943573,3.215847969055176,0.021936701919802355,5,0.25543999671936035,0.2585600018501282,0.2566406011581421,0.25572100281715393,0.0013690384466641388,5,0.004120000172406435,0.004519999958574772,0.004311999958008528,0.00431999983265996,0.00012749895027707063,5,2880,64,8,32,4,16384,TORCH_SDPA,[4096],[0],[8192],1,1,1,2,4096,1,4097,8192,0.5,true_mixed,True,False,True,2,0,0,False,0,0,BF16,CUDA_EVENT,generic,generic,none
0.004519999958574772,0.007639999967068434,0.005151999928057194,0.004519999958574772,0.001244096478010049,5,0.01384000014513731,0.026480000466108322,0.016440000385046005,0.014000000432133675,0.005020406399576936,5,0.27684101462364197,0.3640809953212738,0.3033046007156372,0.2978399991989136,0.03168527889951539,5,0.03407999873161316,0.04196000099182129,0.035832200199365616,0.03448000177741051,0.003068243483778823,5,0.004519999958574772,0.006240000016987324,0.004887999966740608,0.004559999797493219,0.0006766506012651042,5,2880,64,8,32,4,16384,TORCH_SDPA,[1024],[0],"[128, 128, 128, 128, 128, 128, 128, 128, 128, 128, 128, 128, 128, 128, 128, 128, 128, 128, 128, 128, 128, 128, 128, 128]",1,24,24,25,1024,24,1048,128,0.04,true_mixed,True,False,True,25,0,0,False,0,0,BF16,CUDA_EVENT,generic,generic,none
0.00443999981507659,0.004999999888241291,0.0046639999374747275,0.004480000119656324,0.00025873541533976265,5,0.01408000010997057,0.025520000606775284,0.017536000162363053,0.014440000057220459,0.004445193538229108,5,0.27560099959373474,0.36744099855422974,0.2975767970085144,0.27636098861694336,0.0354830517854813,5,0.06780000030994415,0.06871999800205231,0.06824800074100494,0.06824000179767609,0.00030082463146389776,5,0.004360000137239695,0.005160000175237656,0.004576000105589628,0.004480000119656324,0.0002989046897484633,5,2880,64,8,32,4,16384,TORCH_SDPA,[1024],[0],"[512, 512, 512, 512, 512, 512, 512, 512, 512, 512, 512, 512, 512, 512, 512, 512, 512, 512, 512, 512, 512, 512, 512, 512, 512, 512, 512, 512, 512, 512, 512, 512, 512, 512, 512, 512, 512, 512, 512, 512, 512, 512, 512, 512, 512, 512, 512, 512]",1,48,48,49,1024,48,1072,512,0.02040816326530612,true_mixed,True,False,True,49,0,0,False,0,0,BF16,CUDA_EVENT,generic,generic,none
0.00443999981507659,0.004519999958574772,0.004480000026524067,0.004480000119656324,2.529826665971379e-05,5,0.01899999938905239,0.03491999953985214,0.022487999498844148,0.019519999623298645,0.006220657219530663,5,3.1674890518188477,3.2417678833007812,3.1918163776397703,3.177687883377075,0.02706727942799929,5,0.2627210021018982,0.26684099435806274,0.263960599899292,0.263480007648468,0.0015236239600472604,5,0.00443999981507659,0.004639999940991402,0.004504000023007393,0.004480000119656324,6.974236931654253e-05,5,2880,64,8,32,4,16384,TORCH_SDPA,[4096],[0],"[8192, 8192]",1,2,2,3,4096,2,4098,8192,0.3333333333333333,true_mixed,True,False,True,3,0,0,False,0,0,BF16,CUDA_EVENT,generic,generic,none
0.00431999983265996,0.004399999976158142,0.0043599999509751795,0.004360000137239695,3.5777151814455904e-05,5,0.01923999935388565,0.030519999563694,0.02187199965119362,0.019840000197291374,0.00434742402495718,5,3.176287889480591,3.2828080654144287,3.212248182296753,3.1916489601135254,0.039347623326176875,5,0.06400000303983688,0.06539999693632126,0.06460800021886826,0.06436000019311905,0.00050304563074049,5,0.0041600000113248825,0.004519999958574772,0.004384000040590763,0.004399999976158142,0.00012547509655894864,5,2880,64,8,32,4,16384,TORCH_SDPA,[4096],[0],"[1024, 1024, 1024, 1024, 1024, 1024, 1024, 1024]",1,8,8,9,4096,8,4104,1024,0.1111111111111111,true_mixed,True,False,True,9,0,0,False,0,0,BF16,CUDA_EVENT,generic,generic,none
0.004480000119656324,0.004639999940991402,0.0045519999228417875,0.004559999797493219,5.306593738933737e-05,5,0.013880000449717045,0.02452000044286251,0.016280000284314155,0.014480000361800194,0.004126868144407337,5,0.2784000039100647,3.541088104248047,0.9515618205070495,0.29872000217437744,1.2950869736131014,5,0.057440001517534256,0.060440000146627426,0.058432400971651074,0.05816100165247917,0.0010421159526193082,5,0.004480000119656324,0.005280000157654285,0.004680000059306621,0.004519999958574772,0.0003025227764989346,5,2880,64,8,32,4,16384,TORCH_SDPA,[1024],[0],"[512, 512, 512, 512, 512, 512, 512, 512, 512, 512, 512, 512, 512, 512, 512, 512, 512, 512, 512, 512, 512, 512, 512, 512, 512, 512, 512, 512, 512, 512, 512, 512]",1,32,32,33,1024,32,1056,512,0.030303030303030304,true_mixed,True,False,True,33,0,0,False,0,0,BF16,CUDA_EVENT,generic,generic,none
0.004480000119656324,0.00800000037997961,0.005312000121921301,0.004559999797493219,0.0013600942499863659,5,0.016119999811053276,0.024960000067949295,0.018511999770998953,0.01703999936580658,0.003260566985463183,5,0.2889609932899475,0.3704409897327423,0.30665679574012755,0.2916809916496277,0.03190980808229701,5,0.7726420164108276,0.7904819846153259,0.7810502052307129,0.7793229818344116,0.006441176870510853,5,0.004480000119656324,0.0049600000493228436,0.004624000005424023,0.004559999797493219,0.00017269628155916546,5,2880,64,8,32,4,16384,TORCH_SDPA,[1024],[0],"[4096, 4096, 4096, 4096, 4096, 4096, 4096, 4096, 4096, 4096, 4096, 4096, 4096, 4096, 4096, 4096, 4096, 4096, 4096, 4096, 4096, 4096, 4096, 4096, 4096, 4096, 4096, 4096, 4096, 4096, 4096, 4096, 4096, 4096, 4096, 4096, 4096, 4096, 4096, 4096, 4096, 4096, 4096, 4096, 4096, 4096, 4096, 4096, 4096, 4096, 4096, 4096, 4096, 4096, 4096, 4096, 4096, 4096, 4096, 4096, 4096, 4096, 4096, 4096]",1,64,64,65,1024,64,1088,4096,0.015384615384615385,true_mixed,True,False,True,65,0,0,False,0,0,BF16,CUDA_EVENT,generic,generic,none
0.004399999976158142,0.06168000027537346,0.01589599996805191,0.00443999981507659,0.022892033353024827,5,0.01432000007480383,0.11268000304698944,0.03424800056964159,0.014639999717473984,0.0392165969085579,5,0.26820001006126404,0.4405609965324402,0.30807279944419863,0.26976099610328674,0.06689850438396276,5,0.14156100153923035,0.1430400013923645,0.14252060055732726,0.14268100261688232,0.0005274849660877262,5,0.004399999976158142,0.004519999958574772,0.004439999908208847,0.00443999981507659,4.381779817994027e-05,5,2880,64,8,32,4,16384,TORCH_SDPA,[1024],[0],"[1024, 1024, 1024, 1024, 1024, 1024, 1024, 1024, 1024, 1024, 1024, 1024, 1024, 1024, 1024, 1024, 1024, 1024, 1024, 1024, 1024, 1024, 1024, 1024, 1024, 1024, 1024, 1024, 1024, 1024, 1024, 1024, 1024, 1024, 1024, 1024, 1024, 1024, 1024, 1024, 1024, 1024, 1024, 1024, 1024, 1024, 1024, 1024, 1024, 1024, 1024, 1024, 1024, 1024, 1024, 1024, 1024, 1024, 1024, 1024, 1024, 1024, 1024, 1024]",1,64,64,65,1024,64,1088,1024,0.015384615384615385,true_mixed,True,False,True,65,0,0,False,0,0,BF16,CUDA_EVENT,generic,generic,none
0.00443999981507659,0.005799999926239252,0.0047519998624920845,0.004519999958574772,0.0005260570640464436,5,0.018799999728798866,0.0568000003695488,0.026680200174450875,0.019161000847816467,0.015062457810122491,5,3.184528112411499,3.2752480506896973,3.208672046661377,3.1902480125427246,0.03387021951469591,5,0.047759998589754105,0.05380000174045563,0.04904839992523193,0.047919999808073044,0.002376545002872232,5,0.004399999976158142,0.005400000140070915,0.004696000088006258,0.004600000102072954,0.00036008891136681746,5,2880,64,8,32,4,16384,TORCH_SDPA,[4096],[0],"[512, 512, 512, 512, 512, 512, 512, 512]",1,8,8,9,4096,8,4104,512,0.1111111111111111,true_mixed,True,False,True,9,0,0,False,0,0,BF16,CUDA_EVENT,generic,generic,none
0.004480000119656324,0.008080000057816505,0.005520000029355288,0.004600000102072954,0.0013886396126494673,5,0.01408000010997057,0.028880000114440918,0.020175999961793423,0.019279999658465385,0.005789955418499598,5,0.2736800014972687,1.1758019924163818,0.501265001296997,0.36636099219322205,0.3402596501504281,5,0.0872810035943985,0.1467610001564026,0.09991240054368973,0.08867999911308289,0.023430069833189904,5,0.004399999976158142,0.004559999797493219,0.0044801999814808365,0.004480000119656324,5.6711202710371146e-05,5,2880,64,8,32,4,16384,TORCH_SDPA,[1024],[0],"[1024, 1024, 1024, 1024, 1024, 1024, 1024, 1024, 1024, 1024, 1024, 1024, 1024, 1024, 1024, 1024, 1024, 1024, 1024, 1024, 1024, 1024, 1024, 1024, 1024, 1024, 1024, 1024, 1024, 1024, 1024, 1024]",1,32,32,33,1024,32,1056,1024,0.030303030303030304,true_mixed,True,False,True,33,0,0,False,0,0,BF16,CUDA_EVENT,generic,generic,none
0.004240000154823065,0.004480000119656324,0.004416000004857779,0.00443999981507659,8.979973093698413e-05,5,0.019680000841617584,0.03968000039458275,0.023896000161767007,0.02019999921321869,0.007895704244776357,5,3.1679680347442627,3.242727041244507,3.1923040390014648,3.1838080883026123,0.02643038274663854,5,0.20900000631809235,0.21160100400447845,0.21001640260219573,0.20972000062465668,0.0008801103050388508,5,0.00419999985024333,0.004480000119656324,0.0043519998900592325,0.00443999981507659,0.00012496404010042334,5,2880,64,8,32,4,16384,TORCH_SDPA,[4096],[0],"[4096, 4096, 4096, 4096, 4096, 4096, 4096, 4096, 4096, 4096, 4096, 4096, 4096, 4096, 4096, 4096]",1,16,16,17,4096,16,4112,4096,0.058823529411764705,true_mixed,True,False,True,17,0,0,False,0,0,BF16,CUDA_EVENT,generic,generic,none
0.004360000137239695,0.004679999779909849,0.004495999962091446,0.004480000119656324,0.00011482147578350486,5,0.014159999787807465,0.025200000032782555,0.017232200130820274,0.014639999717473984,0.004220698015871702,5,0.27188000082969666,0.37224099040031433,0.31020039319992065,0.2773999869823456,0.043542571570295396,5,0.38624098896980286,0.39308100938796997,0.3890328049659729,0.38808101415634155,0.002470239397521544,5,0.004399999976158142,0.004559999797493219,0.0044639999978244305,0.004480000119656324,5.986647622883656e-05,5,2880,64,8,32,4,16384,TORCH_SDPA,[1024],[0],"[2048, 2048, 2048, 2048, 2048, 2048, 2048, 2048, 2048, 2048, 2048, 2048, 2048, 2048, 2048, 2048, 2048, 2048, 2048, 2048, 2048, 2048, 2048, 2048, 2048, 2048, 2048, 2048, 2048, 2048, 2048, 2048, 2048, 2048, 2048, 2048, 2048, 2048, 2048, 2048, 2048, 2048, 2048, 2048, 2048, 2048, 2048, 2048, 2048, 2048, 2048, 2048, 2048, 2048, 2048, 2048, 2048, 2048, 2048, 2048, 2048, 2048, 2048, 2048]",1,64,64,65,1024,64,1088,2048,0.015384615384615385,true_mixed,True,False,True,65,0,0,False,0,0,BF16,CUDA_EVENT,generic,generic,none
0.004399999976158142,0.004600000102072954,0.004496000055223703,0.004480000119656324,6.499233210529004e-05,5,0.01351999957114458,0.02280000038444996,0.016711999848484992,0.014680000022053719,0.003636473074032781,5,0.27104100584983826,0.3698410093784332,0.29156100153923037,0.27160099148750305,0.03915073222595587,5,0.294840008020401,0.30028098821640015,0.2964645981788635,0.29572099447250366,0.001957431477400066,5,0.004480000119656324,0.004559999797493219,0.004527999926358462,0.004559999797493219,3.91916780574866e-05,5,2880,64,8,32,4,16384,TORCH_SDPA,[1024],[0],"[2048, 2048, 2048, 2048, 2048, 2048, 2048, 2048, 2048, 2048, 2048, 2048, 2048, 2048, 2048, 2048, 2048, 2048, 2048, 2048, 2048, 2048, 2048, 2048, 2048, 2048, 2048, 2048, 2048, 2048, 2048, 2048, 2048, 2048, 2048, 2048, 2048, 2048, 2048, 2048, 2048, 2048, 2048, 2048, 2048, 2048, 2048, 2048]",1,48,48,49,1024,48,1072,2048,0.02040816326530612,true_mixed,True,False,True,49,0,0,False,0,0,BF16,CUDA_EVENT,generic,generic,none
0.00431999983265996,0.004519999958574772,0.004424199927598238,0.00443999981507659,6.491965064471281e-05,5,0.016920000314712524,0.03195999935269356,0.020344000309705734,0.017480000853538513,0.0058213175790836754,5,0.28279998898506165,0.38280099630355835,0.3044727921485901,0.28536099195480347,0.03918491297724665,5,1.1508430242538452,1.1572829484939575,1.153659200668335,1.1520830392837524,0.0029429563854867858,5,0.004360000137239695,0.005080000031739473,0.004552000015974045,0.00443999981507659,0.0002670131128829319,5,2880,64,8,32,4,16384,TORCH_SDPA,[1024],[0],"[4096, 4096, 4096, 4096, 4096, 4096, 4096, 4096, 4096, 4096, 4096, 4096, 4096, 4096, 4096, 4096, 4096, 4096, 4096, 4096, 4096, 4096, 4096, 4096, 4096, 4096, 4096, 4096, 4096, 4096, 4096, 4096, 4096, 4096, 4096, 4096, 4096, 4096, 4096, 4096, 4096, 4096, 4096, 4096, 4096, 4096, 4096, 4096, 4096, 4096, 4096, 4096, 4096, 4096, 4096, 4096, 4096, 4096, 4096, 4096, 4096, 4096, 4096, 4096, 4096, 4096, 4096, 4096, 4096, 4096, 4096, 4096, 4096, 4096, 4096, 4096, 4096, 4096, 4096, 4096, 4096, 4096, 4096, 4096, 4096, 4096, 4096, 4096, 4096, 4096, 4096, 4096, 4096, 4096, 4096, 4096]",1,96,96,97,1024,96,1120,4096,0.010309278350515464,true_mixed,True,False,True,97,0,0,False,0,0,BF16,CUDA_EVENT,generic,generic,none
0.004360000137239695,0.005520000122487545,0.00463200006633997,0.004399999976158142,0.0004457084537293936,5,0.01940000057220459,0.06955999881029129,0.02953600026667118,0.01964000053703785,0.020012341064191957,5,3.1902480125427246,3.316288948059082,3.2303683757781982,3.21540904045105,0.04465173604094455,5,0.04604100063443184,0.046799998730421066,0.046368200331926346,0.04636000096797943,0.0002875493386827122,5,0.004360000137239695,0.004480000119656324,0.004416000004857779,0.004399999976158142,4.079213795521706e-05,5,2880,64,8,32,4,16384,TORCH_SDPA,[4096],[0],"[512, 512, 512, 512]",1,4,4,5,4096,4,4100,512,0.2,true_mixed,True,False,True,5,0,0,False,0,0,BF16,CUDA_EVENT,generic,generic,none
0.004399999976158142,0.008440000005066395,0.005231999978423119,0.00443999981507659,0.0016042743047750474,5,0.018960999324917793,0.02964000031352043,0.02154419980943203,0.01971999928355217,0.004061525887387376,5,3.185288906097412,3.251368999481201,3.205072546005249,3.1927289962768555,0.024669332355164015,5,0.12268099933862686,0.1239200010895729,0.12336040139198304,0.12352000176906586,0.0005102948359575951,5,0.004360000137239695,0.004559999797493219,0.004472000058740377,0.004480000119656324,6.399990525103007e-05,5,2880,64,8,32,4,16384,TORCH_SDPA,[4096],[0],"[2048, 2048, 2048, 2048, 2048, 2048, 2048, 2048, 2048, 2048, 2048, 2048, 2048, 2048, 2048, 2048]",1,16,16,17,4096,16,4112,2048,0.058823529411764705,true_mixed,True,False,True,17,0,0,False,0,0,BF16,CUDA_EVENT,generic,generic,none
0.00443999981507659,0.004600000102072954,0.004511999897658825,0.004519999958574772,6.400007987400752e-05,5,0.018880000337958336,0.034359999001026154,0.023079999536275864,0.01923999935388565,0.005956052165008448,5,3.1854889392852783,3.2549290657043457,3.2108811855316164,3.2056100368499756,0.02368248087495571,5,0.032919999212026596,0.033720001578330994,0.03319199979305267,0.033080000430345535,0.0002787409258427565,5,0.004399999976158142,0.004600000102072954,0.004479999933391809,0.00443999981507659,7.15542515661964e-05,5,2880,64,8,32,4,16384,TORCH_SDPA,[4096],[0],[128],1,1,1,2,4096,1,4097,128,0.5,true_mixed,True,False,True,2,0,0,False,0,0,BF16,CUDA_EVENT,generic,generic,none
0.004360000137239695,0.00443999981507659,0.004399999976158142,0.004399999976158142,2.5298119404428044e-05,5,0.019279999658465385,0.026920000091195107,0.021880000084638595,0.019840000197291374,0.002990866070576104,5,3.1733291149139404,3.2498879432678223,3.193888807296753,3.177849054336548,0.029067352606772366,5,0.03903999924659729,0.03972100093960762,0.03942420035600662,0.03936000168323517,0.00025144145373202123,5,0.004240000154823065,0.004519999958574772,0.004344000015407801,0.00431999983265996,9.666433307096489e-05,5,2880,64,8,32,4,16384,TORCH_SDPA,[4096],[0],"[128, 128, 128, 128, 128, 128, 128, 128, 128, 128, 128, 128, 128, 128, 128, 128, 128, 128, 128, 128, 128, 128, 128, 128, 128, 128, 128, 128, 128, 128, 128, 128]",1,32,32,33,4096,32,4128,128,0.030303030303030304,true_mixed,True,False,True,33,0,0,False,0,0,BF16,CUDA_EVENT,generic,generic,none
0.00419999985024333,0.07712099701166153,0.018928199354559184,0.00443999981507659,0.029096558298208636,5,0.017079999670386314,0.02816000021994114,0.01948000006377697,0.017319999635219574,0.0043432707342130625,5,0.28356099128723145,0.4213609993457794,0.31332899928092955,0.28644099831581116,0.0540655864576769,5,2.265846014022827,2.339566946029663,2.2894944190979003,2.2709269523620605,0.028452209698822888,5,0.0041600000113248825,0.004720000084489584,0.004399999976158142,0.004360000137239695,0.00018417385788370379,5,2880,64,8,32,4,16384,TORCH_SDPA,[1024],[0],"[8192, 8192, 8192, 8192, 8192, 8192, 8192, 8192, 8192, 8192, 8192, 8192, 8192, 8192, 8192, 8192, 8192, 8192, 8192, 8192, 8192, 8192, 8192, 8192, 8192, 8192, 8192, 8192, 8192, 8192, 8192, 8192, 8192, 8192, 8192, 8192, 8192, 8192, 8192, 8192, 8192, 8192, 8192, 8192, 8192, 8192, 8192, 8192, 8192, 8192, 8192, 8192, 8192, 8192, 8192, 8192, 8192, 8192, 8192, 8192, 8192, 8192, 8192, 8192, 8192, 8192, 8192, 8192, 8192, 8192, 8192, 8192, 8192, 8192, 8192, 8192, 8192, 8192, 8192, 8192, 8192, 8192, 8192, 8192, 8192, 8192, 8192, 8192, 8192, 8192, 8192, 8192, 8192, 8192, 8192, 8192]",1,96,96,97,1024,96,1120,8192,0.010309278350515464,true_mixed,True,False,True,97,0,0,False,0,0,BF16,CUDA_EVENT,generic,generic,none
0.004360000137239695,0.00827999971807003,0.005248000007122755,0.004519999958574772,0.0015179774564120219,5,0.01940000057220459,0.03336000069975853,0.022448000311851502,0.019840000197291374,0.005459225033558151,5,3.1854488849639893,3.2343690395355225,3.197928810119629,3.186129093170166,0.01880863932049646,5,0.6660019755363464,0.6760420203208923,0.6697940111160279,0.66880202293396,0.003827101943784002,5,0.004399999976158142,0.004600000102072954,0.004504000023007393,0.004480000119656324,6.974236931654253e-05,5,2880,64,8,32,4,16384,TORCH_SDPA,[4096],[0],"[8192, 8192, 8192, 8192, 8192, 8192, 8192, 8192, 8192, 8192, 8192, 8192, 8192, 8192, 8192, 8192, 8192, 8192, 8192, 8192, 8192, 8192, 8192, 8192]",1,24,24,25,4096,24,4120,8192,0.04,true_mixed,True,False,True,25,0,0,False,0,0,BF16,CUDA_EVENT,generic,generic,none
0.004480000119656324,0.004519999958574772,0.004496000055223703,0.004480000119656324,1.95958390287433e-05,5,0.018959999084472656,0.04204000160098076,0.02380800023674965,0.01940000057220459,0.009118154885745036,5,3.174729108810425,3.2544100284576416,3.196689224243164,3.18208909034729,0.029855076787106777,5,0.05956000089645386,0.06111999973654747,0.060280200093984604,0.0602400004863739,0.0005811300197903405,5,0.00443999981507659,0.004600000102072954,0.004495999868959188,0.00443999981507659,6.974246546350453e-05,5,2880,64,8,32,4,16384,TORCH_SDPA,[4096],[0],"[1024, 1024]",1,2,2,3,4096,2,4098,1024,0.3333333333333333,true_mixed,True,False,True,3,0,0,False,0,0,BF16,CUDA_EVENT,generic,generic,none
0.004480000119656324,0.009279999881982803,0.0054639999754726885,0.004519999958574772,0.001908062844795298,5,0.01711999997496605,0.03084000013768673,0.020208199694752692,0.017559999600052834,0.005329679834666373,5,0.2828010022640228,0.36844098567962646,0.30046460032463074,0.28387999534606934,0.033991462727582744,5,1.499843955039978,1.5188440084457397,1.5064599990844727,1.5056040287017822,0.0065703687307106925,5,0.00443999981507659,0.004679999779909849,0.004535999894142151,0.004519999958574772,8.236498081489306e-05,5,2880,64,8,32,4,16384,TORCH_SDPA,[1024],[0],"[8192, 8192, 8192, 8192, 8192, 8192, 8192, 8192, 8192, 8192, 8192, 8192, 8192, 8192, 8192, 8192, 8192, 8192, 8192, 8192, 8192, 8192, 8192, 8192, 8192, 8192, 8192, 8192, 8192, 8192, 8192, 8192, 8192, 8192, 8192, 8192, 8192, 8192, 8192, 8192, 8192, 8192, 8192, 8192, 8192, 8192, 8192, 8192, 8192, 8192, 8192, 8192, 8192, 8192, 8192, 8192, 8192, 8192, 8192, 8192, 8192, 8192, 8192, 8192]",1,64,64,65,1024,64,1088,8192,0.015384615384615385,true_mixed,True,False,True,65,0,0,False,0,0,BF16,CUDA_EVENT,generic,generic,none
0.004399999976158142,0.004480000119656324,0.004440000001341105,0.00443999981507659,3.5777151814455904e-05,5,0.018880000337958336,0.031000999733805656,0.02153640016913414,0.01940000057220459,0.0047385315468824124,5,3.2094480991363525,3.3101279735565186,3.242504024505615,3.2356479167938232,0.03526571568518385,5,0.10400000214576721,0.10616099834442139,0.10476059913635254,0.10452000051736832,0.0007334842017335608,5,0.004399999976158142,0.004519999958574772,0.004431999940425158,0.004399999976158142,4.664760299960091e-05,5,2880,64,8,32,4,16384,TORCH_SDPA,[4096],[0],"[2048, 2048, 2048, 2048, 2048, 2048, 2048, 2048]",1,8,8,9,4096,8,4104,2048,0.1111111111111111,true_mixed,True,False,True,9,0,0,False,0,0,BF16,CUDA_EVENT,generic,generic,none
0.00443999981507659,0.00860000029206276,0.005439999978989363,0.004519999958574772,0.0016055903995077902,5,0.015879999846220016,0.02127999998629093,0.01719999983906746,0.016200000420212746,0.0020502488162606708,5,0.27904000878334045,0.3654009997844696,0.2979048013687134,0.28244099020957947,0.033777837032109514,5,0.5628820061683655,0.5758820176124573,0.5695298075675964,0.5684419870376587,0.004453967819491268,5,0.004519999958574772,0.005040000192821026,0.004671999998390674,0.004639999940991402,0.00019166646793634083,5,2880,64,8,32,4,16384,TORCH_SDPA,[1024],[0],"[4096, 4096, 4096, 4096, 4096, 4096, 4096, 4096, 4096, 4096, 4096, 4096, 4096, 4096, 4096, 4096, 4096, 4096, 4096, 4096, 4096, 4096, 4096, 4096, 4096, 4096, 4096, 4096, 4096, 4096, 4096, 4096, 4096, 4096, 4096, 4096, 4096, 4096, 4096, 4096, 4096, 4096, 4096, 4096, 4096, 4096, 4096, 4096]",1,48,48,49,1024,48,1072,4096,0.02040816326530612,true_mixed,True,False,True,49,0,0,False,0,0,BF16,CUDA_EVENT,generic,generic,none
0.004360000137239695,0.004480000119656324,0.004416000004857779,0.004399999976158142,4.079213795521706e-05,5,0.018959999084472656,0.03420000150799751,0.022312000021338464,0.01931999996304512,0.00595371016787951,5,3.1927289962768555,5.271774768829346,3.6298341274261476,3.216768980026245,0.8213892327470552,5,0.03303999826312065,0.0371600016951561,0.034000199288129807,0.03316099941730499,0.0015884545663694875,5,0.004399999976158142,0.004519999958574772,0.0044479998759925365,0.00443999981507659,3.9191849152437796e-05,5,2880,64,8,32,4,16384,TORCH_SDPA,[4096],[0],"[128, 128]",1,2,2,3,4096,2,4098,128,0.3333333333333333,true_mixed,True,False,True,3,0,0,False,0,0,BF16,CUDA_EVENT,generic,generic,none
0.0041600000113248825,0.007079999893903732,0.004847999941557646,0.004279999993741512,0.0011195427348627688,5,0.01875999942421913,0.032280001789331436,0.021816200390458108,0.019520999863743782,0.0052421172371305185,5,3.190088987350464,3.2980880737304688,3.22012882232666,3.1976890563964844,0.040619766554922075,5,0.04376000165939331,0.04776100069284439,0.04476820081472397,0.04408000037074089,0.0015043978049988698,5,0.0041600000113248825,0.00443999981507659,0.004311999958008528,0.00431999983265996,0.00010244990975963985,5,2880,64,8,32,4,16384,TORCH_SDPA,[4096],[0],"[512, 512]",1,2,2,3,4096,2,4098,512,0.3333333333333333,true_mixed,True,False,True,3,0,0,False,0,0,BF16,CUDA_EVENT,generic,generic,none
0.004399999976158142,0.00559999980032444,0.004695999994874,0.004480000119656324,0.00045789072843329634,5,0.019321000203490257,0.026399999856948853,0.020928199961781503,0.01955999992787838,0.0027409072734887246,5,3.1821680068969727,3.229167938232422,3.1968885898590087,3.1936089992523193,0.01691732098645467,5,0.07372000068426132,0.07924100011587143,0.07596819996833801,0.0753600001335144,0.0018518650954431526,5,0.004480000119656324,0.004559999797493219,0.004519999958574772,0.004519999958574772,3.577694356427611e-05,5,2880,64,8,32,4,16384,TORCH_SDPA,[4096],[0],"[512, 512, 512, 512, 512, 512, 512, 512, 512, 512, 512, 512, 512, 512, 512, 512, 512, 512, 512, 512, 512, 512, 512, 512, 512, 512, 512, 512, 512, 512, 512, 512, 512, 512, 512, 512, 512, 512, 512, 512, 512, 512, 512, 512, 512, 512, 512, 512]",1,48,48,49,4096,48,4144,512,0.02040816326530612,true_mixed,True,False,True,49,0,0,False,0,0,BF16,CUDA_EVENT,generic,generic,none
0.00443999981507659,0.005799999926239252,0.004767999891191721,0.004559999797493219,0.0005180888087251545,5,0.019039999693632126,0.04424000158905983,0.024704200401902198,0.01931999996304512,0.009813467629252602,5,3.173569917678833,3.759251117706299,3.2952978134155275,3.181968927383423,0.2320148223403058,5,0.15719999372959137,0.1653600037097931,0.15961600244045257,0.15892000496387482,0.0029622274591228257,5,0.004480000119656324,0.004600000102072954,0.0045599999837577345,0.004559999797493219,4.381779818013822e-05,5,2880,64,8,32,4,16384,TORCH_SDPA,[4096],[0],"[4096, 4096, 4096, 4096]",1,4,4,5,4096,4,4100,4096,0.2,true_mixed,True,False,True,5,0,0,False,0,0,BF16,CUDA_EVENT,generic,generic,none
0.004519999958574772,0.0069599999114871025,0.005007999949157238,0.004519999958574772,0.0009759999811649323,5,0.018959999084472656,0.0326399989426136,0.023079999536275864,0.0200399998575449,0.005169077055305294,5,3.1430490016937256,3.2706079483032227,3.1874327659606934,3.171889066696167,0.043803004340909904,5,0.04295999929308891,0.044360000640153885,0.04350420013070107,0.043241001665592194,0.0004927867287822631,5,0.00443999981507659,0.004600000102072954,0.004496000055223703,0.004480000119656324,5.4258695995502165e-05,5,2880,64,8,32,4,16384,TORCH_SDPA,[4096],[0],[512],1,1,1,2,4096,1,4097,512,0.5,true_mixed,True,False,True,2,0,0,False,0,0,BF16,CUDA_EVENT,generic,generic,none
0.00443999981507659,0.014720000326633453,0.006864000111818314,0.004480000119656324,0.00398497991591063,5,0.019321000203490257,0.04275999963283539,0.024592399969696997,0.02027999982237816,0.009097119742218577,5,3.1777279376983643,3.3082480430603027,3.2179203987121583,3.1979689598083496,0.0464346148328279,5,0.11720100045204163,0.1199600026011467,0.11833640038967133,0.11816100031137466,0.0009021866690324673,5,0.004399999976158142,0.004480000119656324,0.004423999972641468,0.004399999976158142,3.200003411633561e-05,5,2880,64,8,32,4,16384,TORCH_SDPA,[4096],[0],"[1024, 1024, 1024, 1024, 1024, 1024, 1024, 1024, 1024, 1024, 1024, 1024, 1024, 1024, 1024, 1024, 1024, 1024, 1024, 1024, 1024, 1024, 1024, 1024, 1024, 1024, 1024, 1024, 1024, 1024, 1024, 1024, 1024, 1024, 1024, 1024, 1024, 1024, 1024, 1024, 1024, 1024, 1024, 1024, 1024, 1024, 1024, 1024]",1,48,48,49,4096,48,4144,1024,0.02040816326530612,true_mixed,True,False,True,49,0,0,False,0,0,BF16,CUDA_EVENT,generic,generic,none
0.004519999958574772,0.005439999978989363,0.0047520000487566,0.004600000102072954,0.00034539250056136317,5,0.014400999993085861,0.031279999762773514,0.017888199910521506,0.014639999717473984,0.006696540893611748,5,0.3011600077152252,0.4235219955444336,0.3431850016117096,0.3189609944820404,0.04501178904262467,5,0.0501599982380867,0.05588100105524063,0.05158419981598854,0.050599999725818634,0.0021655173999095573,5,0.004519999958574772,0.005239999853074551,0.00481599997729063,0.004639999940991402,0.0003175909525755667,5,2880,64,8,32,4,16384,TORCH_SDPA,[1024],[0],"[128, 128, 128, 128, 128, 128, 128, 128, 128, 128, 128, 128, 128, 128, 128, 128, 128, 128, 128, 128, 128, 128, 128, 128, 128, 128, 128, 128, 128, 128, 128, 128, 128, 128, 128, 128, 128, 128, 128, 128, 128, 128, 128, 128, 128, 128, 128, 128, 128, 128, 128, 128, 128, 128, 128, 128, 128, 128, 128, 128, 128, 128, 128, 128, 128, 128, 128, 128, 128, 128, 128, 128, 128, 128, 128, 128, 128, 128, 128, 128, 128, 128, 128, 128, 128, 128, 128, 128, 128, 128, 128, 128, 128, 128, 128, 128]",1,96,96,97,1024,96,1120,128,0.010309278350515464,true_mixed,True,False,True,97,0,0,False,0,0,BF16,CUDA_EVENT,generic,generic,none
0.0041600000113248825,0.008559999987483025,0.005127999931573868,0.00431999983265996,0.0017192370630666205,5,0.01931999996304512,0.04252000153064728,0.02404800020158291,0.01947999931871891,0.009236394764841725,5,3.1865689754486084,3.300889015197754,3.2274653911590576,3.2081689834594727,0.04115078302577392,5,0.09635999798774719,0.09963999688625336,0.09746419787406921,0.09731999784708023,0.0011718315346789766,5,0.00419999985024333,0.00443999981507659,0.004320000018924475,0.004360000137239695,8.763559635988054e-05,5,2880,64,8,32,4,16384,TORCH_SDPA,[4096],[0],"[2048, 2048, 2048, 2048]",1,4,4,5,4096,4,4100,2048,0.2,true_mixed,True,False,True,5,0,0,False,0,0,BF16,CUDA_EVENT,generic,generic,none
0.004399999976158142,0.004559999797493219,0.004471999872475862,0.00443999981507659,7.332113940631666e-05,5,0.01899999938905239,0.02703999914228916,0.02115199938416481,0.01995999924838543,0.0029667381647085693,5,3.181968927383423,3.241209030151367,3.2013129711151125,3.195488929748535,0.021175860066074432,5,0.401201993227005,0.4051609933376312,0.40253719687461853,0.40212100744247437,0.0014066719060460955,5,0.004399999976158142,0.004519999958574772,0.004447999969124794,0.00443999981507659,4.664763494375637e-05,5,2880,64,8,32,4,16384,TORCH_SDPA,[4096],[0],"[2048, 2048, 2048, 2048, 2048, 2048, 2048, 2048, 2048, 2048, 2048, 2048, 2048, 2048, 2048, 2048, 2048, 2048, 2048, 2048, 2048, 2048, 2048, 2048, 2048, 2048, 2048, 2048, 2048, 2048, 2048, 2048, 2048, 2048, 2048, 2048, 2048, 2048, 2048, 2048, 2048, 2048, 2048, 2048, 2048, 2048, 2048, 2048, 2048, 2048, 2048, 2048, 2048, 2048, 2048, 2048, 2048, 2048, 2048, 2048, 2048, 2048, 2048, 2048]",1,64,64,65,4096,64,4160,2048,0.015384615384615385,true_mixed,True,False,True,65,0,0,False,0,0,BF16,CUDA_EVENT,generic,generic,none
0.004399999976158142,0.00848000030964613,0.005240000039339066,0.004399999976158142,0.001620666664451534,5,0.01899999938905239,0.027639999985694885,0.02094400003552437,0.019360000267624855,0.00335099745416248,5,3.184248924255371,3.259568929672241,3.209480953216553,3.2021689414978027,0.026566103168404315,5,0.061159998178482056,0.06431999802589417,0.06223199889063835,0.061719998717308044,0.001112373800695482,5,0.004360000137239695,0.004480000119656324,0.004416000004857779,0.004399999976158142,4.079213795521706e-05,5,2880,64,8,32,4,16384,TORCH_SDPA,[4096],[0],"[1024, 1024, 1024, 1024]",1,4,4,5,4096,4,4100,1024,0.2,true_mixed,True,False,True,5,0,0,False,0,0,BF16,CUDA_EVENT,generic,generic,none
0.00443999981507659,0.004720000084489584,0.0045599999837577345,0.004519999958574772,9.465736760782234e-05,5,0.019120000302791595,0.01971999928355217,0.01935199983417988,0.019279999658465385,0.00020458718485900581,5,3.183929920196533,3.261009931564331,3.203129768371582,3.1882500648498535,0.029230749788110716,5,0.035920001566410065,0.03680000081658363,0.036288000643253326,0.03612000122666359,0.0003481611366423053,5,0.004480000119656324,0.004559999797493219,0.004519999958574772,0.004519999958574772,3.577694356427611e-05,5,2880,64,8,32,4,16384,TORCH_SDPA,[4096],[0],"[128, 128, 128, 128, 128, 128, 128, 128, 128, 128, 128, 128, 128, 128, 128, 128]",1,16,16,17,4096,16,4112,128,0.058823529411764705,true_mixed,True,False,True,17,0,0,False,0,0,BF16,CUDA_EVENT,generic,generic,none
0.004399999976158142,0.005640000104904175,0.004679999966174364,0.00443999981507659,0.0004806662760026937,5,0.01923999935388565,0.0488400012254715,0.025575999915599824,0.019999999552965164,0.01163763890688838,5,3.204848051071167,3.372128963470459,3.268824815750122,3.255208969116211,0.056303778518005346,5,0.38092100620269775,0.40720099210739136,0.3912730038166046,0.3848010003566742,0.010079563861143937,5,0.004399999976158142,0.004519999958574772,0.004456000030040741,0.004480000119656324,4.8000024010787934e-05,5,2880,64,8,32,4,16384,TORCH_SDPA,[4096],[0],"[8192, 8192, 8192, 8192, 8192, 8192, 8192, 8192, 8192, 8192, 8192, 8192, 8192, 8192, 8192, 8192]",1,16,16,17,4096,16,4112,8192,0.058823529411764705,true_mixed,True,False,True,17,0,0,False,0,0,BF16,CUDA_EVENT,generic,generic,none
0.004480000119656324,0.005840000230818987,0.004816000070422888,0.004600000102072954,0.0005151155974162574,5,0.01892000064253807,0.05344000086188316,0.02683200016617775,0.019759999588131905,0.01338190809466245,5,3.1764891147613525,3.286729097366333,3.224177026748657,3.2009289264678955,0.04214935214723497,5,0.09380000084638596,0.09572000056505203,0.09447200149297715,0.09424000233411789,0.0006661649292708823,5,0.004480000119656324,0.004600000102072954,0.004543999955058098,0.004559999797493219,4.079211969054e-05,5,2880,64,8,32,4,16384,TORCH_SDPA,[4096],[0],"[2048, 2048]",1,2,2,3,4096,2,4098,2048,0.3333333333333333,true_mixed,True,False,True,3,0,0,False,0,0,BF16,CUDA_EVENT,generic,generic,none
0.00443999981507659,0.005799999926239252,0.004751999955624342,0.004519999958574772,0.000524839010390672,5,0.019600000232458115,0.028599999845027924,0.022560200095176695,0.01988000050187111,0.003611399517974986,5,3.177448034286499,3.270008087158203,3.2034964561462402,3.1939690113067627,0.03394207947677721,5,0.7573620080947876,0.7725620269775391,0.7669780015945434,0.7679619789123535,0.0051191659326511145,5,0.004399999976158142,0.00443999981507659,0.004415999911725521,0.004399999976158142,1.95958390287433e-05,5,2880,64,8,32,4,16384,TORCH_SDPA,[4096],[0],"[4096, 4096, 4096, 4096, 4096, 4096, 4096, 4096, 4096, 4096, 4096, 4096, 4096, 4096, 4096, 4096, 4096, 4096, 4096, 4096, 4096, 4096, 4096, 4096, 4096, 4096, 4096, 4096, 4096, 4096, 4096, 4096, 4096, 4096, 4096, 4096, 4096, 4096, 4096, 4096, 4096, 4096, 4096, 4096, 4096, 4096, 4096, 4096, 4096, 4096, 4096, 4096, 4096, 4096, 4096, 4096, 4096, 4096, 4096, 4096, 4096, 4096, 4096, 4096]",1,64,64,65,4096,64,4160,4096,0.015384615384615385,true_mixed,True,False,True,65,0,0,False,0,0,BF16,CUDA_EVENT,generic,generic,none
0.00431999983265996,0.007439999841153622,0.005311999935656786,0.004519999958574772,0.0012078145424094984,5,0.01923999935388565,0.02703999914228916,0.020919999852776528,0.019440000876784325,0.0030610844254895077,5,3.182249069213867,3.226569890975952,3.2011534214019775,3.199449062347412,0.015159414110891636,5,0.1759600043296814,0.17803999781608582,0.17702459990978242,0.17676100134849548,0.0007460299763025605,5,0.004399999976158142,0.007000000216066837,0.005184000078588724,0.004480000119656324,0.0010228118875648018,5,2880,64,8,32,4,16384,TORCH_SDPA,[4096],[0],"[4096, 4096, 4096, 4096, 4096, 4096, 4096, 4096]",1,8,8,9,4096,8,4104,4096,0.1111111111111111,true_mixed,True,False,True,9,0,0,False,0,0,BF16,CUDA_EVENT,generic,generic,none
0.004120000172406435,0.004360000137239695,0.004304000083357096,0.004360000137239695,9.329520599920182e-05,5,0.019200000911951065,0.029079999774694443,0.0216559998691082,0.019999999552965164,0.0037352889033393922,5,3.2092089653015137,3.3196890354156494,3.268385171890259,3.2799699306488037,0.04424837022138459,5,0.31612101197242737,0.3474009931087494,0.3276087999343872,0.3275600075721741,0.01087265280615468,5,0.00419999985024333,0.004519999958574772,0.004408199898898601,0.00443999981507659,0.00010857700789394444,5,2880,64,8,32,4,16384,TORCH_SDPA,[4096],[0],"[8192, 8192, 8192, 8192, 8192, 8192, 8192, 8192]",1,8,8,9,4096,8,4104,8192,0.1111111111111111,true_mixed,True,False,True,9,0,0,False,0,0,BF16,CUDA_EVENT,generic,generic,none
0.00443999981507659,0.04180099815130234,0.011976199597120285,0.004519999958574772,0.014912549486944064,5,0.019279999658465385,0.10992100089788437,0.03755220025777817,0.01940000057220459,0.0361850768500168,5,3.1675689220428467,3.5492100715637207,3.26737756729126,3.210010051727295,0.14178356034560474,5,0.08616100251674652,0.08767999708652496,0.0869841992855072,0.08720000088214874,0.0005719201374759373,5,0.004480000119656324,0.004639999940991402,0.004552000015974045,0.004559999797493219,6.399994017566369e-05,5,2880,64,8,32,4,16384,TORCH_SDPA,[4096],[0],"[1024, 1024, 1024, 1024, 1024, 1024, 1024, 1024, 1024, 1024, 1024, 1024, 1024, 1024, 1024, 1024, 1024, 1024, 1024, 1024, 1024, 1024, 1024, 1024]",1,24,24,25,4096,24,4120,1024,0.04,true_mixed,True,False,True,25,0,0,False,0,0,BF16,CUDA_EVENT,generic,generic,none
0.004360000137239695,0.005799999926239252,0.004671999998390674,0.004399999976158142,0.0005642126880650808,5,0.019759999588131905,0.03739999979734421,0.023584000021219253,0.020320000126957893,0.006914082910240339,5,3.1862900257110596,3.2426090240478516,3.2023614406585694,3.197010040283203,0.02070137154626013,5,2.254926919937134,2.2642059326171875,2.261022758483887,2.261406898498535,0.0033631358551620676,5,0.004360000137239695,0.004600000102072954,0.00450400011613965,0.004480000119656324,8.979976412438518e-05,5,2880,64,8,32,4,16384,TORCH_SDPA,[4096],[0],"[8192, 8192, 8192, 8192, 8192, 8192, 8192, 8192, 8192, 8192, 8192, 8192, 8192, 8192, 8192, 8192, 8192, 8192, 8192, 8192, 8192, 8192, 8192, 8192, 8192, 8192, 8192, 8192, 8192, 8192, 8192, 8192, 8192, 8192, 8192, 8192, 8192, 8192, 8192, 8192, 8192, 8192, 8192, 8192, 8192, 8192, 8192, 8192, 8192, 8192, 8192, 8192, 8192, 8192, 8192, 8192, 8192, 8192, 8192, 8192, 8192, 8192, 8192, 8192, 8192, 8192, 8192, 8192, 8192, 8192, 8192, 8192, 8192, 8192, 8192, 8192, 8192, 8192, 8192, 8192, 8192, 8192, 8192, 8192, 8192, 8192, 8192, 8192, 8192, 8192, 8192, 8192, 8192, 8192, 8192, 8192]",1,96,96,97,4096,96,4192,8192,0.010309278350515464,true_mixed,True,False,True,97,0,0,False,0,0,BF16,CUDA_EVENT,generic,generic,none
0.00443999981507659,0.004600000102072954,0.004519999958574772,0.004519999958574772,5.656857810916412e-05,5,0.018559999763965607,0.024720000103116035,0.02038399986922741,0.019759999588131905,0.0022189872860452005,5,3.166929006576538,3.195889949798584,3.175377607345581,3.169969081878662,0.010536151030199335,5,0.2833609879016876,0.29312101006507874,0.2863928020000458,0.285521000623703,0.0035158715247404133,5,0.004480000119656324,0.004559999797493219,0.004519999958574772,0.004519999958574772,3.577694356427611e-05,5,2880,64,8,32,4,16384,TORCH_SDPA,[4096],[0],"[8192, 8192, 8192, 8192]",1,4,4,5,4096,4,4100,8192,0.2,true_mixed,True,False,True,5,0,0,False,0,0,BF16,CUDA_EVENT,generic,generic,none
0.004360000137239695,0.008440000005066395,0.005544000025838614,0.004480000119656324,0.001579589781951406,5,0.018959999084472656,0.025599999353289604,0.020639999583363534,0.019600000232458115,0.002496845937043668,5,3.1943299770355225,3.2377688884735107,3.215977144241333,3.2171690464019775,0.014264044572470625,5,0.06207999959588051,0.0639209970831871,0.06267239898443222,0.0626010000705719,0.0006665170169873314,5,0.004399999976158142,0.005280000157654285,0.004639999940991402,0.004519999958574772,0.0003249616375987067,5,2880,64,8,32,4,16384,TORCH_SDPA,[4096],[0],"[512, 512, 512, 512, 512, 512, 512, 512, 512, 512, 512, 512, 512, 512, 512, 512, 512, 512, 512, 512, 512, 512, 512, 512, 512, 512, 512, 512, 512, 512, 512, 512]",1,32,32,33,4096,32,4128,512,0.030303030303030304,true_mixed,True,False,True,33,0,0,False,0,0,BF16,CUDA_EVENT,generic,generic,none
0.00443999981507659,0.011839999817311764,0.00598399993032217,0.004519999958574772,0.0029287648711148148,5,0.019120000302791595,0.04267999902367592,0.024375999718904494,0.01979999989271164,0.009174245325328435,5,3.19736909866333,3.338649034500122,3.2321770668029783,3.200489044189453,0.05421119102911157,5,0.056481000036001205,0.059321001172065735,0.057728400081396104,0.05711999908089638,0.0011193191138485574,5,0.004480000119656324,0.00535999983549118,0.004727999959141016,0.004600000102072954,0.0003203996832109915,5,2880,64,8,32,4,16384,TORCH_SDPA,[4096],[0],[1024],1,1,1,2,4096,1,4097,1024,0.5,true_mixed,True,False,True,2,0,0,False,0,0,BF16,CUDA_EVENT,generic,generic,none
0.004399999976158142,0.0075599998235702515,0.005071999970823526,0.004480000119656324,0.0012443535755183198,5,0.01931999996304512,0.026599999517202377,0.02125599980354309,0.019759999588131905,0.0027332147954493152,5,3.181049108505249,3.256969928741455,3.2098334312438963,3.202609062194824,0.02725551555362018,5,0.03787999972701073,0.04363999888300896,0.03970419988036156,0.03828100115060806,0.002163953110169634,5,0.004399999976158142,0.004559999797493219,0.004463999904692173,0.00443999981507659,6.499226332255945e-05,5,2880,64,8,32,4,16384,TORCH_SDPA,[4096],[0],"[128, 128, 128, 128, 128, 128, 128, 128, 128, 128, 128, 128, 128, 128, 128, 128, 128, 128, 128, 128, 128, 128, 128, 128]",1,24,24,25,4096,24,4120,128,0.04,true_mixed,True,False,True,25,0,0,False,0,0,BF16,CUDA_EVENT,generic,generic,none
0.004279999993741512,0.004519999958574772,0.004399999976158142,0.004399999976158142,9.121407509747872e-05,5,0.018880000337958336,0.04052000120282173,0.023576000332832338,0.019120000302791595,0.008486284888873373,5,3.172208070755005,3.2599680423736572,3.207008409500122,3.192128896713257,0.030452698655584764,5,0.05527999997138977,0.06116100028157234,0.05786439925432205,0.0573199987411499,0.0022672411153123835,5,0.00419999985024333,0.006120000034570694,0.004679999966174364,0.004360000137239695,0.0007297123148911678,5,2880,64,8,32,4,16384,TORCH_SDPA,[4096],[0],"[512, 512, 512, 512, 512, 512, 512, 512, 512, 512, 512, 512, 512, 512, 512, 512, 512, 512, 512, 512, 512, 512, 512, 512]",1,24,24,25,4096,24,4120,512,0.04,true_mixed,True,False,True,25,0,0,False,0,0,BF16,CUDA_EVENT,generic,generic,none
0.004600000102072954,0.015440000221133232,0.007048000115901232,0.004600000102072954,0.0042308883725037634,5,0.019360000267624855,0.04659999907016754,0.025175999477505685,0.019759999588131905,0.010717689089633579,5,3.1610500812530518,3.279170036315918,3.198506212234497,3.1840500831604004,0.04288903895630616,5,0.385360985994339,0.39448198676109314,0.38800939321517947,0.38576099276542664,0.003500200382000473,5,0.004480000119656324,0.0061599998734891415,0.004871999938040971,0.004519999958574772,0.0006476541859879966,5,2880,64,8,32,4,16384,TORCH_SDPA,[4096],[0],"[4096, 4096, 4096, 4096, 4096, 4096, 4096, 4096, 4096, 4096, 4096, 4096, 4096, 4096, 4096, 4096, 4096, 4096, 4096, 4096, 4096, 4096, 4096, 4096, 4096, 4096, 4096, 4096, 4096, 4096, 4096, 4096]",1,32,32,33,4096,32,4128,4096,0.030303030303030304,true_mixed,True,False,True,33,0,0,False,0,0,BF16,CUDA_EVENT,generic,generic,none
0.004399999976158142,0.028759999200701714,0.009279999788850546,0.004399999976158142,0.009740012026147478,5,0.019600000232458115,0.07556000351905823,0.031040000915527343,0.019680000841617584,0.022263945239137748,5,3.209688901901245,3.4566490650177,3.2682169914245605,3.2234489917755127,0.09480644146399261,5,0.30740100145339966,0.31912100315093994,0.31106499433517454,0.3086409866809845,0.004369614272492021,5,0.004360000137239695,0.004519999958574772,0.004448000062257052,0.004480000119656324,7.332113940631665e-05,5,2880,64,8,32,4,16384,TORCH_SDPA,[4096],[0],"[2048, 2048, 2048, 2048, 2048, 2048, 2048, 2048, 2048, 2048, 2048, 2048, 2048, 2048, 2048, 2048, 2048, 2048, 2048, 2048, 2048, 2048, 2048, 2048, 2048, 2048, 2048, 2048, 2048, 2048, 2048, 2048, 2048, 2048, 2048, 2048, 2048, 2048, 2048, 2048, 2048, 2048, 2048, 2048, 2048, 2048, 2048, 2048]",1,48,48,49,4096,48,4144,2048,0.02040816326530612,true_mixed,True,False,True,49,0,0,False,0,0,BF16,CUDA_EVENT,generic,generic,none
0.00443999981507659,0.007639999967068434,0.00516799995675683,0.004600000102072954,0.0012373908130233877,5,0.01916000060737133,0.046959999948740005,0.02507220022380352,0.01931999996304512,0.010960458390800632,5,3.1622490882873535,3.3102900981903076,3.226225662231445,3.2196900844573975,0.04914315104833345,5,0.05116000026464462,0.05395999923348427,0.052447999268770217,0.05215999856591225,0.0009746876156442063,5,0.004519999958574772,0.005439999978989363,0.004751999955624342,0.004600000102072954,0.0003463177876636047,5,2880,64,8,32,4,16384,TORCH_SDPA,[4096],[0],"[512, 512, 512, 512, 512, 512, 512, 512, 512, 512, 512, 512, 512, 512, 512, 512]",1,16,16,17,4096,16,4112,512,0.058823529411764705,true_mixed,True,False,True,17,0,0,False,0,0,BF16,CUDA_EVENT,generic,generic,none
0.004360000137239695,0.013000000268220901,0.006136000063270331,0.00443999981507659,0.003432233194536719,5,0.01899999938905239,0.03988000005483627,0.023815999925136565,0.0200399998575449,0.008042789646564054,5,3.1930088996887207,3.307810068130493,3.2256091594696046,3.2100889682769775,0.041592559162314045,5,0.09539999812841415,0.09724000096321106,0.09624840021133423,0.09620100259780884,0.0006111068110122419,5,0.004399999976158142,0.004480000119656324,0.004431999940425158,0.00443999981507659,2.993328789585909e-05,5,2880,64,8,32,4,16384,TORCH_SDPA,[4096],[0],"[1024, 1024, 1024, 1024, 1024, 1024, 1024, 1024, 1024, 1024, 1024, 1024, 1024, 1024, 1024, 1024, 1024, 1024, 1024, 1024, 1024, 1024, 1024, 1024, 1024, 1024, 1024, 1024, 1024, 1024, 1024, 1024]",1,32,32,33,4096,32,4128,1024,0.030303030303030304,true_mixed,True,False,True,33,0,0,False,0,0,BF16,CUDA_EVENT,generic,generic,none
0.004360000137239695,0.015279999934136868,0.006591999996453523,0.00443999981507659,0.004344184126805149,5,0.02160000056028366,0.05868000164628029,0.029392000660300253,0.02232000045478344,0.014646368506291613,5,12.82799243927002,12.956671714782715,12.877872085571289,12.861151695251465,0.04349786132374996,5,0.032519999891519547,0.034279998391866684,0.033496199548244475,0.033720001578330994,0.0006836207669197913,5,0.00443999981507659,0.004519999958574772,0.004463999904692173,0.00443999981507659,3.2000080682464336e-05,5,2880,64,8,32,4,16384,TORCH_SDPA,[8192],[0],[128],1,1,1,2,8192,1,8193,128,0.5,true_mixed,True,False,True,2,0,0,False,0,0,BF16,CUDA_EVENT,generic,generic,none
0.00431999983265996,0.009960000403225422,0.005527999997138977,0.00443999981507659,0.0022166499287199584,5,0.019519999623298645,0.027879999950528145,0.021360000222921373,0.01988000050187111,0.0032629801078971205,5,3.188009023666382,3.2576489448547363,3.208904981613159,3.1956489086151123,0.025256553535496783,5,0.21604099869728088,0.22148099541664124,0.2187608003616333,0.21884000301361084,0.0020773728160183545,5,0.004240000154823065,0.004559999797493219,0.0043519999831914905,0.00431999983265996,0.00011973291512153753,5,2880,64,8,32,4,16384,TORCH_SDPA,[4096],[0],"[2048, 2048, 2048, 2048, 2048, 2048, 2048, 2048, 2048, 2048, 2048, 2048, 2048, 2048, 2048, 2048, 2048, 2048, 2048, 2048, 2048, 2048, 2048, 2048, 2048, 2048, 2048, 2048, 2048, 2048, 2048, 2048]",1,32,32,33,4096,32,4128,2048,0.030303030303030304,true_mixed,True,False,True,33,0,0,False,0,0,BF16,CUDA_EVENT,generic,generic,none
0.004360000137239695,0.004600000102072954,0.004495999962091446,0.004519999958574772,8.616260987716147e-05,5,0.018719999119639397,0.05144000053405762,0.026159999519586564,0.020679999142885208,0.012670975213901784,5,3.171928882598877,3.267409086227417,3.1998409748077394,3.1857690811157227,0.03430383593104746,5,0.14983999729156494,0.15076099336147308,0.15036059617996217,0.15039999783039093,0.0003580393942260962,5,0.00443999981507659,0.004639999940991402,0.004528000019490719,0.004480000119656324,7.756289196924024e-05,5,2880,64,8,32,4,16384,TORCH_SDPA,[4096],[0],"[4096, 4096]",1,2,2,3,4096,2,4098,4096,0.3333333333333333,true_mixed,True,False,True,3,0,0,False,0,0,BF16,CUDA_EVENT,generic,generic,none
0.004600000102072954,0.0060800001956522465,0.00493599995970726,0.004679999779909849,0.0005727688258564462,5,0.019440000876784325,0.028920000419020653,0.021984200552105905,0.02012000046670437,0.003570824834838789,5,3.224210023880005,10.230669975280762,4.654509782791138,3.2488889694213867,2.7882781068004747,5,0.04851999878883362,0.055319998413324356,0.050359999388456346,0.04904000088572502,0.002552112326351973,5,0.004519999958574772,0.004639999940991402,0.00458399998024106,0.004600000102072954,5.425864106902378e-05,5,2880,64,8,32,4,16384,TORCH_SDPA,[4096],[0],"[128, 128, 128, 128, 128, 128, 128, 128, 128, 128, 128, 128, 128, 128, 128, 128, 128, 128, 128, 128, 128, 128, 128, 128, 128, 128, 128, 128, 128, 128, 128, 128, 128, 128, 128, 128, 128, 128, 128, 128, 128, 128, 128, 128, 128, 128, 128, 128, 128, 128, 128, 128, 128, 128, 128, 128, 128, 128, 128, 128, 128, 128, 128, 128]",1,64,64,65,4096,64,4160,128,0.015384615384615385,true_mixed,True,False,True,65,0,0,False,0,0,BF16,CUDA_EVENT,generic,generic,none
0.00443999981507659,0.02548000030219555,0.008703999966382981,0.004519999958574772,0.008388090773089676,5,0.021479999646544456,0.07028000056743622,0.031624000519514084,0.021880000829696655,0.019331377217528926,5,12.886513710021973,13.158674240112305,12.961305809020995,12.909873962402344,0.10060934923655838,5,0.04340000078082085,0.044520001858472824,0.04400819987058639,0.04400099813938141,0.0004449868111658497,5,0.004480000119656324,0.004600000102072954,0.004535999987274409,0.004559999797493219,4.799993087868105e-05,5,2880,64,8,32,4,16384,TORCH_SDPA,[8192],[0],"[512, 512]",1,2,2,3,8192,2,8194,512,0.3333333333333333,true_mixed,True,False,True,3,0,0,False,0,0,BF16,CUDA_EVENT,generic,generic,none
0.004480000119656324,0.007280000019818544,0.00509600006043911,0.004600000102072954,0.0010929885437972304,5,0.019519999623298645,0.053961001336574554,0.02656020000576973,0.01971999928355217,0.013701927545821654,5,3.1610889434814453,3.5489299297332764,3.249177598953247,3.1798501014709473,0.15006530452185907,5,0.1992799937725067,0.20448100566864014,0.20066460072994233,0.19968099892139435,0.001963070570531371,5,0.004480000119656324,0.004600000102072954,0.004543999955058098,0.004559999797493219,4.079211969054001e-05,5,2880,64,8,32,4,16384,TORCH_SDPA,[4096],[0],"[2048, 2048, 2048, 2048, 2048, 2048, 2048, 2048, 2048, 2048, 2048, 2048, 2048, 2048, 2048, 2048, 2048, 2048, 2048, 2048, 2048, 2048, 2048, 2048]",1,24,24,25,4096,24,4120,2048,0.04,true_mixed,True,False,True,25,0,0,False,0,0,BF16,CUDA_EVENT,generic,generic,none
0.004360000137239695,0.005799999926239252,0.004679999966174364,0.004399999976158142,0.0005605711127785112,5,0.019401000812649727,0.025520000606775284,0.021904200315475464,0.0200399998575449,0.0027216505944538394,5,3.204369068145752,3.2702090740203857,3.2260170459747313,3.2152891159057617,0.024220336158360712,5,1.5006450414657593,1.5178849697113037,1.512620782852173,1.5165239572525024,0.006616422390224251,5,0.004360000137239695,0.004480000119656324,0.00439200010150671,0.004360000137239695,4.6647602999600904e-05,5,2880,64,8,32,4,16384,TORCH_SDPA,[4096],[0],"[8192, 8192, 8192, 8192, 8192, 8192, 8192, 8192, 8192, 8192, 8192, 8192, 8192, 8192, 8192, 8192, 8192, 8192, 8192, 8192, 8192, 8192, 8192, 8192, 8192, 8192, 8192, 8192, 8192, 8192, 8192, 8192, 8192, 8192, 8192, 8192, 8192, 8192, 8192, 8192, 8192, 8192, 8192, 8192, 8192, 8192, 8192, 8192, 8192, 8192, 8192, 8192, 8192, 8192, 8192, 8192, 8192, 8192, 8192, 8192, 8192, 8192, 8192, 8192]",1,64,64,65,4096,64,4160,8192,0.015384615384615385,true_mixed,True,False,True,65,0,0,False,0,0,BF16,CUDA_EVENT,generic,generic,none
0.004399999976158142,0.007720000110566616,0.005104000028222799,0.004480000119656324,0.0013083363909155816,5,0.019279999658465385,0.09471999853849411,0.035384000092744824,0.01964000053703785,0.029716823830949503,5,3.181809902191162,3.500211000442505,3.254273796081543,3.189208984375,0.12363927324234844,5,0.56700199842453,0.5730419754981995,0.5701697945594788,0.5701619982719421,0.0024910274458792726,5,0.004399999976158142,0.0049600000493228436,0.0045519999228417875,0.00443999981507659,0.00021226403036128113,5,2880,64,8,32,4,16384,TORCH_SDPA,[4096],[0],"[4096, 4096, 4096, 4096, 4096, 4096, 4096, 4096, 4096, 4096, 4096, 4096, 4096, 4096, 4096, 4096, 4096, 4096, 4096, 4096, 4096, 4096, 4096, 4096, 4096, 4096, 4096, 4096, 4096, 4096, 4096, 4096, 4096, 4096, 4096, 4096, 4096, 4096, 4096, 4096, 4096, 4096, 4096, 4096, 4096, 4096, 4096, 4096]",1,48,48,49,4096,48,4144,4096,0.02040816326530612,true_mixed,True,False,True,49,0,0,False,0,0,BF16,CUDA_EVENT,generic,generic,none
0.004519999958574772,0.02768000029027462,0.00916799996048212,0.004559999797493219,0.00925601745082528,5,0.019519999623298645,0.09176000207662582,0.034112000837922096,0.019680000841617584,0.028824283716842317,5,3.1741700172424316,3.4088499546051025,3.2288978099823,3.1869699954986572,0.09015723153905664,5,0.20200100541114807,0.2058809995651245,0.2037205994129181,0.20360100269317627,0.0013921373193312096,5,0.004480000119656324,0.004639999940991402,0.004568000044673681,0.004600000102072954,5.8787732539092134e-05,5,2880,64,8,32,4,16384,TORCH_SDPA,[4096],[0],"[1024, 1024, 1024, 1024, 1024, 1024, 1024, 1024, 1024, 1024, 1024, 1024, 1024, 1024, 1024, 1024, 1024, 1024, 1024, 1024, 1024, 1024, 1024, 1024, 1024, 1024, 1024, 1024, 1024, 1024, 1024, 1024, 1024, 1024, 1024, 1024, 1024, 1024, 1024, 1024, 1024, 1024, 1024, 1024, 1024, 1024, 1024, 1024, 1024, 1024, 1024, 1024, 1024, 1024, 1024, 1024, 1024, 1024, 1024, 1024, 1024, 1024, 1024, 1024, 1024, 1024, 1024, 1024, 1024, 1024, 1024, 1024, 1024, 1024, 1024, 1024, 1024, 1024, 1024, 1024, 1024, 1024, 1024, 1024, 1024, 1024, 1024, 1024, 1024, 1024, 1024, 1024, 1024, 1024, 1024, 1024]",1,96,96,97,4096,96,4192,1024,0.010309278350515464,true_mixed,True,False,True,97,0,0,False,0,0,BF16,CUDA_EVENT,generic,generic,none
0.004240000154823065,0.004559999797493219,0.00435219993814826,0.00431999983265996,0.00011129845189907968,5,0.019120000302791595,0.02800000086426735,0.02134400010108948,0.01979999989271164,0.0033512843140928467,5,3.1842501163482666,3.2520899772644043,3.2093858242034914,3.201849937438965,0.023092241173488685,5,1.1260429620742798,1.153723955154419,1.13712317943573,1.132802963256836,0.010134237983242114,5,0.004160999786108732,0.00431999983265996,0.004256199952214957,0.004279999993741512,5.3905127326293016e-05,5,2880,64,8,32,4,16384,TORCH_SDPA,[4096],[0],"[8192, 8192, 8192, 8192, 8192, 8192, 8192, 8192, 8192, 8192, 8192, 8192, 8192, 8192, 8192, 8192, 8192, 8192, 8192, 8192, 8192, 8192, 8192, 8192, 8192, 8192, 8192, 8192, 8192, 8192, 8192, 8192, 8192, 8192, 8192, 8192, 8192, 8192, 8192, 8192, 8192, 8192, 8192, 8192, 8192, 8192, 8192, 8192]",1,48,48,49,4096,48,4144,8192,0.02040816326530612,true_mixed,True,False,True,49,0,0,False,0,0,BF16,CUDA_EVENT,generic,generic,none
0.004519999958574772,0.010160000063478947,0.005671999882906675,0.004559999797493219,0.002244053565151957,5,0.01916000060737133,0.04788000136613846,0.02513600029051304,0.019519999623298645,0.011373108466186787,5,3.1847290992736816,3.3262500762939453,3.2186256408691407,3.196249008178711,0.05417983618767428,5,0.034040000289678574,0.035280000418424606,0.03449600040912628,0.0342399999499321,0.00044441443996214,5,0.00443999981507659,0.004600000102072954,0.004504000023007393,0.004480000119656324,5.4258695995502165e-05,5,2880,64,8,32,4,16384,TORCH_SDPA,[4096],[0],"[128, 128, 128, 128, 128, 128, 128, 128]",1,8,8,9,4096,8,4104,128,0.1111111111111111,true_mixed,True,False,True,9,0,0,False,0,0,BF16,CUDA_EVENT,generic,generic,none
0.004480000119656324,0.03367999941110611,0.01033599991351366,0.004519999958574772,0.011672013456697257,5,0.022040000185370445,0.08271999657154083,0.0344799991697073,0.022439999505877495,0.024121942236376388,5,12.906514167785645,13.063115119934082,12.960674667358399,12.948354721069336,0.05350602143438786,5,0.061560001224279404,0.06508000195026398,0.06278420016169547,0.06204000115394592,0.001276466712363671,5,0.004480000119656324,0.004559999797493219,0.004511999990791082,0.004480000119656324,3.91916780574866e-05,5,2880,64,8,32,4,16384,TORCH_SDPA,[8192],[0],"[1024, 1024]",1,2,2,3,8192,2,8194,1024,0.3333333333333333,true_mixed,True,False,True,3,0,0,False,0,0,BF16,CUDA_EVENT,generic,generic,none
0.004360000137239695,0.004600000102072954,0.004480000026524067,0.004480000119656324,8.000000379989096e-05,5,0.019680000841617584,0.07648000121116638,0.031352000311017036,0.019840000197291374,0.0225691673773597,5,3.157728910446167,3.4308888912200928,3.2198572158813477,3.168450117111206,0.10584452210016639,5,0.7465220093727112,0.7625629901885986,0.7521061897277832,0.7476819753646851,0.006521210635872006,5,0.00443999981507659,0.004600000102072954,0.004503999929875135,0.004480000119656324,6.499236649676148e-05,5,2880,64,8,32,4,16384,TORCH_SDPA,[4096],[0],"[8192, 8192, 8192, 8192, 8192, 8192, 8192, 8192, 8192, 8192, 8192, 8192, 8192, 8192, 8192, 8192, 8192, 8192, 8192, 8192, 8192, 8192, 8192, 8192, 8192, 8192, 8192, 8192, 8192, 8192, 8192, 8192]",1,32,32,33,4096,32,4128,8192,0.030303030303030304,true_mixed,True,False,True,33,0,0,False,0,0,BF16,CUDA_EVENT,generic,generic,none
0.00443999981507659,0.00800000037997961,0.005224000010639429,0.004559999797493219,0.0013890084664591224,5,0.01892000064253807,0.030959999188780785,0.022063999995589258,0.01979999989271164,0.0044955867091432036,5,3.1665289402008057,3.2522099018096924,3.206697368621826,3.2107698917388916,0.02794364634007445,5,0.07240000367164612,0.0740400031208992,0.07309620082378387,0.07264100015163422,0.0007267741307738461,5,0.00443999981507659,0.004600000102072954,0.004487999994307756,0.004480000119656324,5.87878466024083e-05,5,2880,64,8,32,4,16384,TORCH_SDPA,[4096],[0],"[1024, 1024, 1024, 1024, 1024, 1024, 1024, 1024, 1024, 1024, 1024, 1024, 1024, 1024, 1024, 1024]",1,16,16,17,4096,16,4112,1024,0.058823529411764705,true_mixed,True,False,True,17,0,0,False,0,0,BF16,CUDA_EVENT,generic,generic,none
0.004360000137239695,0.0142000000923872,0.00637600002810359,0.00443999981507659,0.00391220452555421,5,0.01947999931871891,0.08908099681138992,0.033944199234247206,0.020239999517798424,0.027571404967394603,5,3.2088088989257812,3.3574891090393066,3.2477694034576414,3.2184898853302,0.055739964981173624,5,0.05420000106096268,0.05660099908709526,0.054912200570106505,0.05448000133037567,0.0008892073876583175,5,0.004360000137239695,0.004519999958574772,0.004431999940425158,0.00443999981507659,5.306593738933737e-05,5,2880,64,8,32,4,16384,TORCH_SDPA,[4096],[0],"[128, 128, 128, 128, 128, 128, 128, 128, 128, 128, 128, 128, 128, 128, 128, 128, 128, 128, 128, 128, 128, 128, 128, 128, 128, 128, 128, 128, 128, 128, 128, 128, 128, 128, 128, 128, 128, 128, 128, 128, 128, 128, 128, 128, 128, 128, 128, 128, 128, 128, 128, 128, 128, 128, 128, 128, 128, 128, 128, 128, 128, 128, 128, 128, 128, 128, 128, 128, 128, 128, 128, 128, 128, 128, 128, 128, 128, 128, 128, 128, 128, 128, 128, 128, 128, 128, 128, 128, 128, 128, 128, 128, 128, 128, 128, 128]",1,96,96,97,4096,96,4192,128,0.010309278350515464,true_mixed,True,False,True,97,0,0,False,0,0,BF16,CUDA_EVENT,generic,generic,none
0.004360000137239695,0.015560000203549862,0.006800000090152025,0.004519999958574772,0.004389514839364924,5,0.018880000337958336,0.06503999978303909,0.028680000081658365,0.0200399998575449,0.018185831698121813,5,3.1860098838806152,3.577570915222168,3.2773781776428224,3.2026500701904297,0.15084849035203793,5,0.11908099800348282,0.12195999920368195,0.12072839885950089,0.12088099867105484,0.0009303647747451197,5,0.00443999981507659,0.004480000119656324,0.0044479998759925365,0.00443999981507659,1.600012183189392e-05,5,2880,64,8,32,4,16384,TORCH_SDPA,[4096],[0],"[512, 512, 512, 512, 512, 512, 512, 512, 512, 512, 512, 512, 512, 512, 512, 512, 512, 512, 512, 512, 512, 512, 512, 512, 512, 512, 512, 512, 512, 512, 512, 512, 512, 512, 512, 512, 512, 512, 512, 512, 512, 512, 512, 512, 512, 512, 512, 512, 512, 512, 512, 512, 512, 512, 512, 512, 512, 512, 512, 512, 512, 512, 512, 512, 512, 512, 512, 512, 512, 512, 512, 512, 512, 512, 512, 512, 512, 512, 512, 512, 512, 512, 512, 512, 512, 512, 512, 512, 512, 512, 512, 512, 512, 512, 512, 512]",1,96,96,97,4096,96,4192,512,0.010309278350515464,true_mixed,True,False,True,97,0,0,False,0,0,BF16,CUDA_EVENT,generic,generic,none
0.004399999976158142,0.016440000385046005,0.007160000130534172,0.004480000119656324,0.0046840667447358465,5,0.02167999930679798,0.07863999903202057,0.03341599963605404,0.022199999541044235,0.02261588226680811,5,12.874753952026367,12.991554260253906,12.916658973693847,12.902673721313477,0.039688954192199165,5,0.04307999834418297,0.047040000557899475,0.04410399943590164,0.04343999922275543,0.0014765587342155711,5,0.004399999976158142,0.005160000175237656,0.0045599999837577345,0.004399999976158142,0.00030039982608352295,5,2880,64,8,32,4,16384,TORCH_SDPA,[8192],[0],[512],1,1,1,2,8192,1,8193,512,0.5,true_mixed,True,False,True,2,0,0,False,0,0,BF16,CUDA_EVENT,generic,generic,none
0.00443999981507659,0.030799999833106995,0.009799999836832284,0.004559999797493219,0.010500194282263387,5,0.021800000220537186,0.08324000239372253,0.034344200789928434,0.022120000794529915,0.0244488559589672,5,12.852998733520508,13.06287956237793,12.935895538330078,12.923800468444824,0.07186059561807658,5,0.0960410013794899,0.09831999987363815,0.09696819931268692,0.09668000042438507,0.000867112938329429,5,0.00443999981507659,0.008080000057816505,0.005207999981939793,0.004480000119656324,0.0014371973143477899,5,2880,64,8,32,4,16384,TORCH_SDPA,[8192],[0],"[2048, 2048, 2048, 2048]",1,4,4,5,8192,4,8196,2048,0.2,true_mixed,True,False,True,5,0,0,False,0,0,BF16,CUDA_EVENT,generic,generic,none
0.004360000137239695,0.004639999940991402,0.004535999894142151,0.004559999797493219,9.329513412493918e-05,5,0.019039999693632126,0.03352100029587746,0.022616200149059296,0.020160000771284103,0.005473334141441479,5,3.1757290363311768,3.216689109802246,3.1951614379882813,3.1962890625,0.013699477724254363,5,0.3528810143470764,0.354202002286911,0.35336120128631593,0.3532010018825531,0.0004450776974395465,5,0.00443999981507659,0.004600000102072954,0.004511999897658825,0.004519999958574772,6.400007987400752e-05,5,2880,64,8,32,4,16384,TORCH_SDPA,[4096],[0],"[4096, 4096, 4096, 4096, 4096, 4096, 4096, 4096, 4096, 4096, 4096, 4096, 4096, 4096, 4096, 4096, 4096, 4096, 4096, 4096, 4096, 4096, 4096, 4096]",1,24,24,25,4096,24,4120,4096,0.04,true_mixed,True,False,True,25,0,0,False,0,0,BF16,CUDA_EVENT,generic,generic,none
0.004480000119656324,0.018559999763965607,0.007335999980568886,0.004559999797493219,0.005612192332775503,5,0.019120000302791595,0.05455999821424484,0.026639999821782112,0.01988000050187111,0.013962944446076495,5,3.162130117416382,3.3819708824157715,3.2417861938476564,3.2246899604797363,0.08142074191000631,5,0.09452000260353088,0.10224100202322006,0.09846419990062713,0.09867999702692032,0.003141255717530048,5,0.004480000119656324,0.004559999797493219,0.004511999990791082,0.004519999958574772,2.993313855179537e-05,5,2880,64,8,32,4,16384,TORCH_SDPA,[4096],[0],"[512, 512, 512, 512, 512, 512, 512, 512, 512, 512, 512, 512, 512, 512, 512, 512, 512, 512, 512, 512, 512, 512, 512, 512, 512, 512, 512, 512, 512, 512, 512, 512, 512, 512, 512, 512, 512, 512, 512, 512, 512, 512, 512, 512, 512, 512, 512, 512, 512, 512, 512, 512, 512, 512, 512, 512, 512, 512, 512, 512, 512, 512, 512, 512]",1,64,64,65,4096,64,4160,512,0.015384615384615385,true_mixed,True,False,True,65,0,0,False,0,0,BF16,CUDA_EVENT,generic,generic,none
0.004480000119656324,0.015239999629557133,0.006663999892771244,0.004519999958574772,0.004288074494010489,5,0.02175999991595745,0.057920001447200775,0.029136200621724128,0.02208000048995018,0.014392621085301845,5,12.820316314697266,12.931838989257812,12.863790893554688,12.854999542236328,0.03692893894749632,5,0.14636099338531494,0.14848099648952484,0.14720899760723113,0.14684100449085236,0.0007712433291343774,5,0.004480000119656324,0.004639999940991402,0.0045599998906254765,0.004559999797493219,5.0596386064013265e-05,5,2880,64,8,32,4,16384,TORCH_SDPA,[8192],[0],[4096],1,1,1,2,8192,1,8193,4096,0.5,true_mixed,True,False,True,2,0,0,False,0,0,BF16,CUDA_EVENT,generic,generic,none
0.00443999981507659,0.004559999797493219,0.004519999865442515,0.004519999958574772,4.381779817994027e-05,5,0.01916000060737133,0.0957999974489212,0.035023999586701396,0.020080000162124634,0.030395067993652585,5,3.1778500080108643,3.2714900970458984,3.2089380264282226,3.1911699771881104,0.03449983905372355,5,0.04227999970316887,0.04363999888300896,0.04290399998426438,0.04280000180006027,0.0005088652148589024,5,0.004519999958574772,0.004600000102072954,0.0045599999837577345,0.004559999797493219,3.5777151814455904e-05,5,2880,64,8,32,4,16384,TORCH_SDPA,[4096],[0],"[128, 128, 128, 128, 128, 128, 128, 128, 128, 128, 128, 128, 128, 128, 128, 128, 128, 128, 128, 128, 128, 128, 128, 128, 128, 128, 128, 128, 128, 128, 128, 128, 128, 128, 128, 128, 128, 128, 128, 128, 128, 128, 128, 128, 128, 128, 128, 128]",1,48,48,49,4096,48,4144,128,0.02040816326530612,true_mixed,True,False,True,49,0,0,False,0,0,BF16,CUDA_EVENT,generic,generic,none
0.00431999983265996,0.006839999929070473,0.004911999963223934,0.004480000119656324,0.0009657825730906527,5,0.021880000829696655,0.05384000018239021,0.02869600020349026,0.0221599992364645,0.012585390883654296,5,12.909158706665039,12.9716796875,12.926415634155273,12.918479919433594,0.022940242464243442,5,0.1576409935951233,0.16539999842643738,0.1611281991004944,0.15996000170707703,0.0029066786609648486,5,0.004360000137239695,0.004519999958574772,0.0044639999978244305,0.004480000119656324,5.986647622883656e-05,5,2880,64,8,32,4,16384,TORCH_SDPA,[8192],[0],"[4096, 4096, 4096, 4096]",1,4,4,5,8192,4,8196,4096,0.2,true_mixed,True,False,True,5,0,0,False,0,0,BF16,CUDA_EVENT,generic,generic,none
0.004480000119656324,0.00687999976798892,0.004992000013589859,0.004519999958574772,0.0009450162790079676,5,0.01971999928355217,0.11744000017642975,0.03970399983227253,0.020360000431537628,0.03886941931013434,5,3.1467700004577637,3.2578489780426025,3.1853537559509277,3.1709299087524414,0.038194954230722285,5,0.5856410264968872,0.600242018699646,0.5901932120323181,0.5876410007476807,0.005453087301079259,5,0.00443999981507659,0.004600000102072954,0.004519999958574772,0.004519999958574772,7.155430362866938e-05,5,2880,64,8,32,4,16384,TORCH_SDPA,[4096],[0],"[2048, 2048, 2048, 2048, 2048, 2048, 2048, 2048, 2048, 2048, 2048, 2048, 2048, 2048, 2048, 2048, 2048, 2048, 2048, 2048, 2048, 2048, 2048, 2048, 2048, 2048, 2048, 2048, 2048, 2048, 2048, 2048, 2048, 2048, 2048, 2048, 2048, 2048, 2048, 2048, 2048, 2048, 2048, 2048, 2048, 2048, 2048, 2048, 2048, 2048, 2048, 2048, 2048, 2048, 2048, 2048, 2048, 2048, 2048, 2048, 2048, 2048, 2048, 2048, 2048, 2048, 2048, 2048, 2048, 2048, 2048, 2048, 2048, 2048, 2048, 2048, 2048, 2048, 2048, 2048, 2048, 2048, 2048, 2048, 2048, 2048, 2048, 2048, 2048, 2048, 2048, 2048, 2048, 2048, 2048, 2048]",1,96,96,97,4096,96,4192,2048,0.010309278350515464,true_mixed,True,False,True,97,0,0,False,0,0,BF16,CUDA_EVENT,generic,generic,none
0.004480000119656324,0.01396000012755394,0.006424000021070242,0.004559999797493219,0.0037682123612556573,5,0.019840000197291374,0.0573199987411499,0.027759999781847,0.020360000431537628,0.01478550590007123,5,3.1844499111175537,3.318571090698242,3.21320219039917,3.188689947128296,0.05272084582620294,5,0.15492099523544312,0.1573610007762909,0.15580859780311584,0.15544000267982483,0.0009456473699605196,5,0.004480000119656324,0.004559999797493219,0.004527999926358462,0.004519999958574772,2.9933138551795365e-05,5,2880,64,8,32,4,16384,TORCH_SDPA,[4096],[0],"[1024, 1024, 1024, 1024, 1024, 1024, 1024, 1024, 1024, 1024, 1024, 1024, 1024, 1024, 1024, 1024, 1024, 1024, 1024, 1024, 1024, 1024, 1024, 1024, 1024, 1024, 1024, 1024, 1024, 1024, 1024, 1024, 1024, 1024, 1024, 1024, 1024, 1024, 1024, 1024, 1024, 1024, 1024, 1024, 1024, 1024, 1024, 1024, 1024, 1024, 1024, 1024, 1024, 1024, 1024, 1024, 1024, 1024, 1024, 1024, 1024, 1024, 1024, 1024]",1,64,64,65,4096,64,4160,1024,0.015384615384615385,true_mixed,True,False,True,65,0,0,False,0,0,BF16,CUDA_EVENT,generic,generic,none
0.00443999981507659,0.005960000213235617,0.0047599999234080315,0.00443999981507659,0.0006007996149637011,5,0.021560000255703926,0.06480000168085098,0.0305440004914999,0.02208000048995018,0.017129766034978018,5,12.890520095825195,13.17396068572998,13.014600563049317,12.989641189575195,0.0926937910136961,5,0.09156099706888199,0.09424100071191788,0.09265640079975128,0.09220000356435776,0.0010074624700050717,5,0.00431999983265996,0.004480000119656324,0.004407999943941832,0.004399999976158142,5.306606375125428e-05,5,2880,64,8,32,4,16384,TORCH_SDPA,[8192],[0],[2048],1,1,1,2,8192,1,8193,2048,0.5,true_mixed,True,False,True,2,0,0,False,0,0,BF16,CUDA_EVENT,generic,generic,none
0.004360000137239695,0.010400000028312206,0.005624000076204538,0.004480000119656324,0.0023884521948037305,5,0.021800000220537186,0.050680000334978104,0.028079999983310698,0.022679999470710754,0.011305559870608928,5,12.883960723876953,13.081681251525879,12.985576629638672,12.970001220703125,0.06879416138466696,5,0.05671999976038933,0.05992000177502632,0.05796020105481148,0.057440001517534256,0.0011842776774140952,5,0.004360000137239695,0.004559999797493219,0.004440000001341105,0.004399999976158142,7.15540953786714e-05,5,2880,64,8,32,4,16384,TORCH_SDPA,[8192],[0],[1024],1,1,1,2,8192,1,8193,1024,0.5,true_mixed,True,False,True,2,0,0,False,0,0,BF16,CUDA_EVENT,generic,generic,none
0.004399999976158142,0.048680998384952545,0.013272199593484402,0.00443999981507659,0.01770440843296075,5,0.02167999930679798,0.1162400022149086,0.04104800038039684,0.02247999981045723,0.03759763829055432,5,12.796957969665527,13.3018798828125,12.940110969543458,12.861919403076172,0.18327414428659924,5,0.09392099827528,0.09988000243902206,0.09571239948272706,0.09480000287294388,0.002137077575519469,5,0.004399999976158142,0.00443999981507659,0.004407999943941832,0.004399999976158142,1.5999935567378997e-05,5,2880,64,8,32,4,16384,TORCH_SDPA,[8192],[0],"[2048, 2048]",1,2,2,3,8192,2,8194,2048,0.3333333333333333,true_mixed,True,False,True,3,0,0,False,0,0,BF16,CUDA_EVENT,generic,generic,none
0.00443999981507659,0.021320000290870667,0.007879999931901693,0.004559999797493219,0.006720143035063232,5,0.02175999991595745,0.056359998881816864,0.02916019968688488,0.0225600004196167,0.013603805541958707,5,12.902372360229492,12.968572616577148,12.943596839904785,12.946332931518555,0.023236083235989902,5,0.31716299057006836,0.329243004322052,0.32152259349823,0.31796199083328247,0.004908886271193176,5,0.004480000119656324,0.004600000102072954,0.004528200067579746,0.004519999958574772,3.915303721478651e-05,5,2880,64,8,32,4,16384,TORCH_SDPA,[8192],[0],"[8192, 8192, 8192, 8192, 8192, 8192, 8192, 8192]",1,8,8,9,8192,8,8200,8192,0.1111111111111111,true_mixed,True,False,True,9,0,0,False,0,0,BF16,CUDA_EVENT,generic,generic,none
0.004399999976158142,0.004639999940991402,0.004511999990791082,0.004519999958574772,7.756285354573324e-05,5,0.022120000794529915,0.07147999852895737,0.03203199952840805,0.0221599992364645,0.019724038031618436,5,12.850682258605957,12.934601783752441,12.89308204650879,12.908601760864258,0.03139308919590842,5,0.033399999141693115,0.04047999903559685,0.034968200325965884,0.033601000905036926,0.0027619749379357446,5,0.00443999981507659,0.004600000102072954,0.004527999926358462,0.004519999958574772,5.306606375125428e-05,5,2880,64,8,32,4,16384,TORCH_SDPA,[8192],[0],"[128, 128, 128, 128]",1,4,4,5,8192,4,8196,128,0.2,true_mixed,True,False,True,5,0,0,False,0,0,BF16,CUDA_EVENT,generic,generic,none
0.00443999981507659,0.008080000057816505,0.005215999856591225,0.004559999797493219,0.001433005334013314,5,0.019759999588131905,0.0406000018119812,0.024616000428795814,0.01988000050187111,0.008089207341936768,5,3.181489944458008,3.235610008239746,3.1994343757629395,3.193490982055664,0.01869447930848219,5,1.13640296459198,1.1580430269241333,1.1446752071380615,1.1400829553604126,0.008088359757419976,5,0.00443999981507659,0.004600000102072954,0.004527999926358462,0.004559999797493219,5.878777056032047e-05,5,2880,64,8,32,4,16384,TORCH_SDPA,[4096],[0],"[4096, 4096, 4096, 4096, 4096, 4096, 4096, 4096, 4096, 4096, 4096, 4096, 4096, 4096, 4096, 4096, 4096, 4096, 4096, 4096, 4096, 4096, 4096, 4096, 4096, 4096, 4096, 4096, 4096, 4096, 4096, 4096, 4096, 4096, 4096, 4096, 4096, 4096, 4096, 4096, 4096, 4096, 4096, 4096, 4096, 4096, 4096, 4096, 4096, 4096, 4096, 4096, 4096, 4096, 4096, 4096, 4096, 4096, 4096, 4096, 4096, 4096, 4096, 4096, 4096, 4096, 4096, 4096, 4096, 4096, 4096, 4096, 4096, 4096, 4096, 4096, 4096, 4096, 4096, 4096, 4096, 4096, 4096, 4096, 4096, 4096, 4096, 4096, 4096, 4096, 4096, 4096, 4096, 4096, 4096, 4096]",1,96,96,97,4096,96,4192,4096,0.010309278350515464,true_mixed,True,False,True,97,0,0,False,0,0,BF16,CUDA_EVENT,generic,generic,none
0.004399999976158142,0.005400000140070915,0.004639999940991402,0.00443999981507659,0.0003819948644243111,5,0.0221599992364645,0.0427200011909008,0.02648799978196621,0.02263999916613102,0.008119129723282426,5,12.8360013961792,12.967560768127441,12.894673156738282,12.870441436767578,0.05185041597538233,5,0.036479998379945755,0.0379600003361702,0.037319999933242795,0.03751999884843826,0.0005040640153017213,5,0.00443999981507659,0.004600000102072954,0.004504000023007393,0.004480000119656324,5.4258695995502165e-05,5,2880,64,8,32,4,16384,TORCH_SDPA,[8192],[0],"[128, 128, 128, 128, 128, 128, 128, 128, 128, 128, 128, 128, 128, 128, 128, 128]",1,16,16,17,8192,16,8208,128,0.058823529411764705,true_mixed,True,False,True,17,0,0,False,0,0,BF16,CUDA_EVENT,generic,generic,none
0.004480000119656324,0.014039999805390835,0.006447999924421311,0.004559999797493219,0.0037962001455707477,5,0.021640000864863396,0.06644000113010406,0.030992000177502633,0.02223999984562397,0.017725902871632525,5,12.875158309936523,13.054238319396973,12.96663818359375,12.9961576461792,0.06653587305709523,5,0.2556009888648987,0.2614009976387024,0.25834479331970217,0.2590799927711487,0.002065823567858326,5,0.00443999981507659,0.004600000102072954,0.004527999926358462,0.004519999958574772,5.306606375125428e-05,5,2880,64,8,32,4,16384,TORCH_SDPA,[8192],[0],[8192],1,1,1,2,8192,1,8193,8192,0.5,true_mixed,True,False,True,2,0,0,False,0,0,BF16,CUDA_EVENT,generic,generic,none
0.004360000137239695,0.007720000110566616,0.005104000121355057,0.004480000119656324,0.0013088254219932153,5,0.02199999988079071,0.03027999959886074,0.024128199741244315,0.02268099971115589,0.0031326404545667327,5,12.894680976867676,13.032602310180664,12.97014503479004,12.986401557922363,0.05373145668026727,5,0.1512410044670105,0.15620100498199463,0.1531766027212143,0.15219999849796295,0.0017899103005458207,5,0.004399999976158142,0.006639999803155661,0.004895999934524298,0.004480000119656324,0.0008729168846237304,5,2880,64,8,32,4,16384,TORCH_SDPA,[8192],[0],"[4096, 4096]",1,2,2,3,8192,2,8194,4096,0.3333333333333333,true_mixed,True,False,True,3,0,0,False,0,0,BF16,CUDA_EVENT,generic,generic,none
0.004360000137239695,0.005799999926239252,0.004743999987840653,0.004519999958574772,0.0005322254726560453,5,0.02199999988079071,0.053040001541376114,0.028615999966859818,0.022439999505877495,0.012218166933704042,5,13.014399528503418,13.1618013381958,13.09368896484375,13.118041038513184,0.05972883096238582,5,0.26396098732948303,0.28272101283073425,0.2718649983406067,0.2688409984111786,0.006576700231401718,5,0.004360000137239695,0.00803999975323677,0.005151999928057194,0.004399999976158142,0.0014456333330960754,5,2880,64,8,32,4,16384,TORCH_SDPA,[8192],[0],"[8192, 8192]",1,2,2,3,8192,2,8194,8192,0.3333333333333333,true_mixed,True,False,True,3,0,0,False,0,0,BF16,CUDA_EVENT,generic,generic,none
0.004399999976158142,0.031599998474121094,0.009887999668717385,0.004519999958574772,0.01085613204740155,5,0.022360000759363174,0.0899600014090538,0.03625600002706051,0.02263999916613102,0.026855782635571143,5,12.850361824035645,13.009403228759766,12.918050193786621,12.884881973266602,0.06481675099078543,5,0.2840009927749634,0.2950409948825836,0.2888168036937714,0.28748100996017456,0.004427346576001993,5,0.004399999976158142,0.005280000157654285,0.004615999944508076,0.00443999981507659,0.00033714101433618014,5,2880,64,8,32,4,16384,TORCH_SDPA,[8192],[0],"[8192, 8192, 8192, 8192]",1,4,4,5,8192,4,8196,8192,0.2,true_mixed,True,False,True,5,0,0,False,0,0,BF16,CUDA_EVENT,generic,generic,none
0.00443999981507659,0.004559999797493219,0.004503999929875135,0.004519999958574772,4.079213795521706e-05,5,0.021959999576210976,0.08056099712848663,0.0338641993701458,0.022199999541044235,0.023349500431183265,5,12.867920875549316,12.973960876464844,12.909809112548828,12.903480529785156,0.040823744307948516,5,0.05592000111937523,0.05860000103712082,0.056944000720977786,0.05632000043988228,0.0010159057506791479,5,0.004399999976158142,0.004559999797493219,0.004511999897658825,0.004519999958574772,5.8787694517986746e-05,5,2880,64,8,32,4,16384,TORCH_SDPA,[8192],[0],"[512, 512, 512, 512, 512, 512, 512, 512, 512, 512, 512, 512, 512, 512, 512, 512, 512, 512, 512, 512, 512, 512, 512, 512]",1,24,24,25,8192,24,8216,512,0.04,true_mixed,True,False,True,25,0,0,False,0,0,BF16,CUDA_EVENT,generic,generic,none
0.00443999981507659,0.030081000179052353,0.009600200038403273,0.004480000119656324,0.010240431319168098,5,0.021880000829696655,0.08284100145101547,0.034208400547504424,0.022040000185370445,0.024317045207384015,5,12.82772159576416,13.012481689453125,12.873897933959961,12.84232234954834,0.06967824729676844,5,0.06424099951982498,0.06712000072002411,0.06523240059614181,0.06456100195646286,0.0010808475383423655,5,0.004480000119656324,0.004519999958574772,0.004511999990791082,0.004519999958574772,1.5999935567378997e-05,5,2880,64,8,32,4,16384,TORCH_SDPA,[8192],[0],"[1024, 1024, 1024, 1024, 1024, 1024, 1024, 1024]",1,8,8,9,8192,8,8200,1024,0.1111111111111111,true_mixed,True,False,True,9,0,0,False,0,0,BF16,CUDA_EVENT,generic,generic,none
0.004399999976158142,0.0081599997356534,0.005535999964922667,0.004519999958574772,0.0014604327125012167,5,0.02247999981045723,0.05772000178694725,0.029992000386118888,0.0225600004196167,0.013889240268126227,5,12.926444053649902,12.985803604125977,12.94251594543457,12.929003715515137,0.022561243890028004,5,0.03280000016093254,0.03708000108599663,0.03423200026154518,0.033640000969171524,0.0014853744948371864,5,0.004559999797493219,0.006920000072568655,0.005103999935090542,0.004559999797493219,0.0009186425689159872,5,2880,64,8,32,4,16384,TORCH_SDPA,[8192],[0],"[128, 128]",1,2,2,3,8192,2,8194,128,0.3333333333333333,true_mixed,True,False,True,3,0,0,False,0,0,BF16,CUDA_EVENT,generic,generic,none
0.004399999976158142,0.005679999943822622,0.004735999926924706,0.004480000119656324,0.00048173021138799905,5,0.021800000220537186,0.0631600022315979,0.030336200445890426,0.022160999476909637,0.016413546327425064,5,12.904842376708984,12.970481872558594,12.93676986694336,12.944642066955566,0.026132744203311742,5,0.08795999735593796,0.09055999666452408,0.08899199813604355,0.08851999789476395,0.0010431939964023497,5,0.004360000137239695,0.004480000119656324,0.004448000062257052,0.004480000119656324,4.664761897177434e-05,5,2880,64,8,32,4,16384,TORCH_SDPA,[8192],[0],"[1024, 1024, 1024, 1024, 1024, 1024, 1024, 1024, 1024, 1024, 1024, 1024, 1024, 1024, 1024, 1024, 1024, 1024, 1024, 1024, 1024, 1024, 1024, 1024]",1,24,24,25,8192,24,8216,1024,0.04,true_mixed,True,False,True,25,0,0,False,0,0,BF16,CUDA_EVENT,generic,generic,none
0.00443999981507659,0.004519999958574772,0.004495999962091446,0.004519999958574772,3.200003411633561e-05,5,0.02175999991595745,0.06032000109553337,0.02977600023150444,0.022360000759363174,0.015273770889487927,5,12.93420124053955,13.06908130645752,12.983465194702148,12.947120666503906,0.05321778215774796,5,0.04596000164747238,0.05296099931001663,0.0478802002966404,0.04684000089764595,0.0025662637057599098,5,0.00443999981507659,0.004639999940991402,0.004552000015974045,0.004600000102072954,7.756292078680208e-05,5,2880,64,8,32,4,16384,TORCH_SDPA,[8192],[0],"[512, 512, 512, 512]",1,4,4,5,8192,4,8196,512,0.2,true_mixed,True,False,True,5,0,0,False,0,0,BF16,CUDA_EVENT,generic,generic,none
0.00443999981507659,0.007679999805986881,0.005103999935090542,0.004480000119656324,0.0012881241549585907,5,0.02175999991595745,0.03376000002026558,0.024424000084400176,0.022120000794529915,0.004675697151191996,5,12.891562461853027,13.075363159179688,12.950618743896484,12.925922393798828,0.06631981468237741,5,0.03367999941110611,0.03511999920010567,0.034391999989748,0.03468000143766403,0.000557365795665684,5,0.004399999976158142,0.004519999958574772,0.0044479998759925365,0.00443999981507659,3.9191849152437796e-05,5,2880,64,8,32,4,16384,TORCH_SDPA,[8192],[0],"[128, 128, 128, 128, 128, 128, 128, 128]",1,8,8,9,8192,8,8200,128,0.1111111111111111,true_mixed,True,False,True,9,0,0,False,0,0,BF16,CUDA_EVENT,generic,generic,none
0.004360000137239695,0.004480000119656324,0.004432000033557415,0.00443999981507659,4.664761897177434e-05,5,0.021800000220537186,0.08180099725723267,0.034056199714541435,0.02208000048995018,0.02387367217522257,5,12.833123207092285,12.90936279296875,12.862427139282227,12.853484153747559,0.02756419516262125,5,0.05079999938607216,0.054281000047922134,0.05168840065598488,0.05104000121355057,0.0013051931838459344,5,0.004399999976158142,0.004480000119656324,0.004439999908208847,0.00443999981507659,2.5298266659713795e-05,5,2880,64,8,32,4,16384,TORCH_SDPA,[8192],[0],"[512, 512, 512, 512, 512, 512, 512, 512, 512, 512, 512, 512, 512, 512, 512, 512]",1,16,16,17,8192,16,8208,512,0.058823529411764705,true_mixed,True,False,True,17,0,0,False,0,0,BF16,CUDA_EVENT,generic,generic,none
0.00443999981507659,0.015200000256299973,0.006632000021636486,0.004480000119656324,0.004284177517607018,5,0.02239999920129776,0.08560000360012054,0.03521600030362606,0.02247999981045723,0.0251933417187154,5,12.986562728881836,13.116362571716309,13.02544288635254,13.001442909240723,0.04821641970043913,5,0.04828000068664551,0.05023999884724617,0.04925599992275238,0.04927999898791313,0.0006447816078753681,5,0.004399999976158142,0.004559999797493219,0.004439999908208847,0.004399999976158142,6.196766434270914e-05,5,2880,64,8,32,4,16384,TORCH_SDPA,[8192],[0],"[512, 512, 512, 512, 512, 512, 512, 512]",1,8,8,9,8192,8,8200,512,0.1111111111111111,true_mixed,True,False,True,9,0,0,False,0,0,BF16,CUDA_EVENT,generic,generic,none
0.00443999981507659,0.004559999797493219,0.004503999836742878,0.004519999958574772,5.425864106902378e-05,5,0.021959999576210976,0.1010809987783432,0.038144199550151824,0.022840000689029694,0.03147097606335266,5,12.927323341369629,13.025802612304688,12.9812593460083,12.979523658752441,0.03473531353226084,5,0.2171200066804886,0.2284809947013855,0.22393659949302674,0.22592100501060486,0.004404760474397706,5,0.004559999797493219,0.004679999779909849,0.004615999851375818,0.004639999940991402,4.8000024010787934e-05,5,2880,64,8,32,4,16384,TORCH_SDPA,[8192],[0],"[2048, 2048, 2048, 2048, 2048, 2048, 2048, 2048, 2048, 2048, 2048, 2048, 2048, 2048, 2048, 2048, 2048, 2048, 2048, 2048, 2048, 2048, 2048, 2048, 2048, 2048, 2048, 2048, 2048, 2048, 2048, 2048]",1,32,32,33,8192,32,8224,2048,0.030303030303030304,true_mixed,True,False,True,33,0,0,False,0,0,BF16,CUDA_EVENT,generic,generic,none
0.004480000119656324,0.00848000030964613,0.005312000121921301,0.004519999958574772,0.0015846060383557401,5,0.021959999576210976,0.06499999761581421,0.030799999460577966,0.02232000045478344,0.017100960456595336,5,12.858601570129395,12.95240306854248,12.886746406555176,12.871042251586914,0.03482571656308139,5,0.2101610004901886,0.21619999408721924,0.2136165976524353,0.2141609936952591,0.0022371327554313214,5,0.004519999958574772,0.004639999940991402,0.004583999887108803,0.004559999797493219,4.8000024010787934e-05,5,2880,64,8,32,4,16384,TORCH_SDPA,[8192],[0],"[4096, 4096, 4096, 4096, 4096, 4096, 4096, 4096, 4096, 4096, 4096, 4096, 4096, 4096, 4096, 4096]",1,16,16,17,8192,16,8208,4096,0.058823529411764705,true_mixed,True,False,True,17,0,0,False,0,0,BF16,CUDA_EVENT,generic,generic,none
0.004480000119656324,0.01648000068962574,0.006920000072568655,0.004559999797493219,0.004780092357104138,5,0.02160000056028366,0.09064099937677383,0.035600199922919275,0.021959999576210976,0.027520829948845093,5,12.843602180480957,12.938841819763184,12.873498153686523,12.864201545715332,0.03354858969182885,5,0.061400000005960464,0.06204000115394592,0.06184800043702125,0.06199999898672104,0.00024709529221691393,5,0.004480000119656324,0.004639999940991402,0.0045519999228417875,0.004559999797493219,5.306593738933737e-05,5,2880,64,8,32,4,16384,TORCH_SDPA,[8192],[0],"[1024, 1024, 1024, 1024]",1,4,4,5,8192,4,8196,1024,0.2,true_mixed,True,False,True,5,0,0,False,0,0,BF16,CUDA_EVENT,generic,generic,none
0.00431999983265996,0.004519999958574772,0.004431999940425158,0.00443999981507659,6.881866061977869e-05,5,0.022120000794529915,0.05844099819660187,0.02941639982163906,0.022160999476909637,0.014512365342228273,5,12.81588077545166,12.901202201843262,12.860721778869628,12.855682373046875,0.028136546313116354,5,0.39152100682258606,0.3970009982585907,0.39414520263671876,0.39444100856781006,0.0020854212703735647,5,0.004399999976158142,0.004519999958574772,0.004447999969124794,0.00443999981507659,4.664763494375637e-05,5,2880,64,8,32,4,16384,TORCH_SDPA,[8192],[0],"[4096, 4096, 4096, 4096, 4096, 4096, 4096, 4096, 4096, 4096, 4096, 4096, 4096, 4096, 4096, 4096, 4096, 4096, 4096, 4096, 4096, 4096, 4096, 4096, 4096, 4096, 4096, 4096, 4096, 4096, 4096, 4096]",1,32,32,33,8192,32,8224,4096,0.030303030303030304,true_mixed,True,False,True,33,0,0,False,0,0,BF16,CUDA_EVENT,generic,generic,none
0.004480000119656324,0.008080000057816505,0.005231999978423119,0.004519999958574772,0.0014242247392534596,5,0.021800000220537186,0.031401000916957855,0.024664200097322463,0.022280000150203705,0.0036489836098007066,5,12.846962928771973,12.968644142150879,12.917811584472656,12.93364429473877,0.0422527227510814,5,0.10540000349283218,0.11060000211000443,0.10792040079832077,0.10824000090360641,0.0021010771829811778,5,0.004480000119656324,0.0055599999614059925,0.0047680000774562355,0.004600000102072954,0.00039871788699669054,5,2880,64,8,32,4,16384,TORCH_SDPA,[8192],[0],"[2048, 2048, 2048, 2048, 2048, 2048, 2048, 2048]",1,8,8,9,8192,8,8200,2048,0.1111111111111111,true_mixed,True,False,True,9,0,0,False,0,0,BF16,CUDA_EVENT,generic,generic,none
0.004399999976158142,0.004480000119656324,0.004439999908208847,0.00443999981507659,2.5298266659713795e-05,5,0.02199999988079071,0.03516000136733055,0.024952000379562377,0.022360000759363174,0.0051147102624783825,5,12.884963035583496,12.992083549499512,12.947739410400391,12.965964317321777,0.037939121798056,5,0.07320000231266022,0.07412000000476837,0.07379219979047776,0.0737999975681305,0.0003225444880660569,5,0.004399999976158142,0.004559999797493219,0.004479999840259552,0.00443999981507659,6.69327552104297e-05,5,2880,64,8,32,4,16384,TORCH_SDPA,[8192],[0],"[1024, 1024, 1024, 1024, 1024, 1024, 1024, 1024, 1024, 1024, 1024, 1024, 1024, 1024, 1024, 1024]",1,16,16,17,8192,16,8208,1024,0.058823529411764705,true_mixed,True,False,True,17,0,0,False,0,0,BF16,CUDA_EVENT,generic,generic,none
0.004399999976158142,0.017480000853538513,0.007056000083684922,0.00443999981507659,0.005212146200297282,5,0.021959999576210976,0.07992000132799149,0.03380020000040531,0.02223999984562397,0.023061255795488983,5,12.829042434692383,12.975563049316406,12.889514350891114,12.897562026977539,0.05333515474451791,5,0.20032000541687012,0.20695999264717102,0.20255240201950073,0.20200100541114807,0.0023293570982151793,5,0.00431999983265996,0.004600000102072954,0.00447199996560812,0.004480000119656324,9.260678892490418e-05,5,2880,64,8,32,4,16384,TORCH_SDPA,[8192],[0],"[2048, 2048, 2048, 2048, 2048, 2048, 2048, 2048, 2048, 2048, 2048, 2048, 2048, 2048, 2048, 2048, 2048, 2048, 2048, 2048, 2048, 2048, 2048, 2048]",1,24,24,25,8192,24,8216,2048,0.04,true_mixed,True,False,True,25,0,0,False,0,0,BF16,CUDA_EVENT,generic,generic,none
0.004480000119656324,0.007319999858736992,0.005327999964356423,0.004519999958574772,0.0011149600260571926,5,0.02160000056028366,0.08428099751472473,0.034744199737906455,0.0225600004196167,0.024771731942219044,5,12.889363288879395,13.022924423217773,12.979811477661134,13.007283210754395,0.04987750580054263,5,0.12340100109577179,0.12827999889850616,0.12583259791135787,0.12560099363327026,0.001884459273645152,5,0.004399999976158142,0.004600000102072954,0.004480000026524067,0.004480000119656324,6.693286652482382e-05,5,2880,64,8,32,4,16384,TORCH_SDPA,[8192],[0],"[2048, 2048, 2048, 2048, 2048, 2048, 2048, 2048, 2048, 2048, 2048, 2048, 2048, 2048, 2048, 2048]",1,16,16,17,8192,16,8208,2048,0.058823529411764705,true_mixed,True,False,True,17,0,0,False,0,0,BF16,CUDA_EVENT,generic,generic,none
0.004399999976158142,0.004559999797493219,0.004471999872475862,0.00443999981507659,5.8787732539092134e-05,5,0.021880000829696655,0.13472099602222443,0.04462439902126789,0.022160999476909637,0.04504874273315239,5,12.854883193969727,12.987842559814453,12.9153226852417,12.877801895141602,0.05778138694529885,5,1.133842945098877,1.1882439851760864,1.153195571899414,1.145522952079773,0.019393821433605598,5,0.004480000119656324,0.004559999797493219,0.004511999990791082,0.004519999958574772,2.9933138551795365e-05,5,2880,64,8,32,4,16384,TORCH_SDPA,[8192],[0],"[8192, 8192, 8192, 8192, 8192, 8192, 8192, 8192, 8192, 8192, 8192, 8192, 8192, 8192, 8192, 8192, 8192, 8192, 8192, 8192, 8192, 8192, 8192, 8192, 8192, 8192, 8192, 8192, 8192, 8192, 8192, 8192, 8192, 8192, 8192, 8192, 8192, 8192, 8192, 8192, 8192, 8192, 8192, 8192, 8192, 8192, 8192, 8192]",1,48,48,49,8192,48,8240,8192,0.02040816326530612,true_mixed,True,False,True,49,0,0,False,0,0,BF16,CUDA_EVENT,generic,generic,none
0.004480000119656324,0.004559999797493219,0.004504000023007393,0.004480000119656324,3.1999871134757994e-05,5,0.021880999207496643,0.09120099991559982,0.035856399685144424,0.02208000048995018,0.027672536166193588,5,12.837485313415527,12.906844139099121,12.87100429534912,12.865203857421875,0.03047686183708787,5,0.03936000168323517,0.04307999834418297,0.04031199961900711,0.039639998227357864,0.0014038569597600349,5,0.00443999981507659,0.004600000102072954,0.004519999958574772,0.004519999958574772,5.656857810916412e-05,5,2880,64,8,32,4,16384,TORCH_SDPA,[8192],[0],"[128, 128, 128, 128, 128, 128, 128, 128, 128, 128, 128, 128, 128, 128, 128, 128, 128, 128, 128, 128, 128, 128, 128, 128, 128, 128, 128, 128, 128, 128, 128, 128]",1,32,32,33,8192,32,8224,128,0.030303030303030304,true_mixed,True,False,True,33,0,0,False,0,0,BF16,CUDA_EVENT,generic,generic,none
0.004559999797493219,0.017999999225139618,0.007311999797821045,0.004639999940991402,0.005344239230121948,5,0.02208000048995018,0.07388000190258026,0.03258420042693615,0.02232000045478344,0.020648248859749536,5,12.874923706054688,13.064245223999023,12.946524047851563,12.947283744812012,0.06620886083512582,5,0.17608000338077545,0.1836400032043457,0.18001640141010283,0.17844100296497345,0.0030332358453655866,5,0.00443999981507659,0.004639999940991402,0.0045599998906254765,0.004559999797493219,7.58947018083731e-05,5,2880,64,8,32,4,16384,TORCH_SDPA,[8192],[0],"[4096, 4096, 4096, 4096, 4096, 4096, 4096, 4096]",1,8,8,9,8192,8,8200,4096,0.1111111111111111,true_mixed,True,False,True,9,0,0,False,0,0,BF16,CUDA_EVENT,generic,generic,none
0.00431999983265996,0.004480000119656324,0.004423999879509211,0.00443999981507659,5.4258695995502165e-05,5,0.022040000185370445,0.10683999955654144,0.03916799984872341,0.02223999984562397,0.03383643843814384,5,12.820802688598633,13.099803924560547,12.920867347717286,12.914043426513672,0.10088765211321427,5,0.04831999912858009,0.049320001155138016,0.048712000250816345,0.04876000061631203,0.0003730102261132578,5,0.004399999976158142,0.004559999797493219,0.004487999994307756,0.004480000119656324,5.306593738933738e-05,5,2880,64,8,32,4,16384,TORCH_SDPA,[8192],[0],"[128, 128, 128, 128, 128, 128, 128, 128, 128, 128, 128, 128, 128, 128, 128, 128, 128, 128, 128, 128, 128, 128, 128, 128, 128, 128, 128, 128, 128, 128, 128, 128, 128, 128, 128, 128, 128, 128, 128, 128, 128, 128, 128, 128, 128, 128, 128, 128, 128, 128, 128, 128, 128, 128, 128, 128, 128, 128, 128, 128, 128, 128, 128, 128]",1,64,64,65,8192,64,8256,128,0.015384615384615385,true_mixed,True,False,True,65,0,0,False,0,0,BF16,CUDA_EVENT,generic,generic,none
0.004519999958574772,0.00812000036239624,0.005327999964356423,0.004679999779909849,0.00139723174471764,5,0.021959999576210976,0.03180000185966492,0.024296000227332117,0.02280000038444996,0.003770929603274003,5,12.923602104187012,13.03104305267334,12.978482437133788,12.978841781616211,0.034717434558154146,5,0.3836820125579834,0.39704200625419617,0.38912140727043154,0.38704100251197815,0.004652983302020598,5,0.004519999958574772,0.004600000102072954,0.004568000044673681,0.004600000102072954,3.9191906183995976e-05,5,2880,64,8,32,4,16384,TORCH_SDPA,[8192],[0],"[8192, 8192, 8192, 8192, 8192, 8192, 8192, 8192, 8192, 8192, 8192, 8192, 8192, 8192, 8192, 8192]",1,16,16,17,8192,16,8208,8192,0.058823529411764705,true_mixed,True,False,True,17,0,0,False,0,0,BF16,CUDA_EVENT,generic,generic,none
0.004399999976158142,0.0056409998796880245,0.004704200010746717,0.004480000119656324,0.0004700196798097237,5,0.022199999541044235,0.030880000442266464,0.024184000119566916,0.0225600004196167,0.0033534795649551494,5,12.966283798217773,13.064125061035156,13.005476188659667,13.008563995361328,0.03637706004517478,5,0.3560410141944885,0.3691209852695465,0.3632009983062744,0.3617610037326813,0.005078510623949614,5,0.004360000137239695,0.005799999926239252,0.004712000023573637,0.004480000119656324,0.0005469332167904922,5,2880,64,8,32,4,16384,TORCH_SDPA,[8192],[0],"[4096, 4096, 4096, 4096, 4096, 4096, 4096, 4096, 4096, 4096, 4096, 4096, 4096, 4096, 4096, 4096, 4096, 4096, 4096, 4096, 4096, 4096, 4096, 4096]",1,24,24,25,8192,24,8216,4096,0.04,true_mixed,True,False,True,25,0,0,False,0,0,BF16,CUDA_EVENT,generic,generic,none
0.004399999976158142,0.004480000119656324,0.004431999940425158,0.00443999981507659,2.9933287895859092e-05,5,0.02160000056028366,0.03840000182390213,0.025624200329184534,0.02276100032031536,0.006408385734855029,5,12.831482887268066,12.898763656616211,12.865387535095214,12.875523567199707,0.02647871678033405,5,0.7495229840278625,0.7711619734764099,0.7628265857696533,0.7652819752693176,0.00794621739243268,5,0.004399999976158142,0.004480000119656324,0.004447999969124794,0.00443999981507659,2.9933337677144675e-05,5,2880,64,8,32,4,16384,TORCH_SDPA,[8192],[0],"[8192, 8192, 8192, 8192, 8192, 8192, 8192, 8192, 8192, 8192, 8192, 8192, 8192, 8192, 8192, 8192, 8192, 8192, 8192, 8192, 8192, 8192, 8192, 8192, 8192, 8192, 8192, 8192, 8192, 8192, 8192, 8192]",1,32,32,33,8192,32,8224,8192,0.030303030303030304,true_mixed,True,False,True,33,0,0,False,0,0,BF16,CUDA_EVENT,generic,generic,none
0.00443999981507659,0.0055599999614059925,0.004695999994874,0.004480000119656324,0.0004327400927090124,5,0.02232000045478344,0.054680000990629196,0.029224200546741484,0.022919999435544014,0.012732185840435862,5,12.881363868713379,12.99356460571289,12.952932739257813,12.967764854431152,0.03989977670707808,5,0.6872820258140564,0.7046830058097839,0.6946022033691406,0.6916019916534424,0.007090248764206821,5,0.00443999981507659,0.004519999958574772,0.004479999933391809,0.004480000119656324,3.5777151814455904e-05,5,2880,64,8,32,4,16384,TORCH_SDPA,[8192],[0],"[8192, 8192, 8192, 8192, 8192, 8192, 8192, 8192, 8192, 8192, 8192, 8192, 8192, 8192, 8192, 8192, 8192, 8192, 8192, 8192, 8192, 8192, 8192, 8192]",1,24,24,25,8192,24,8216,8192,0.04,true_mixed,True,False,True,25,0,0,False,0,0,BF16,CUDA_EVENT,generic,generic,none
0.004480000119656324,0.13339999318122864,0.030279998667538166,0.004519999958574772,0.05156000036000107,5,0.022040000185370445,0.0926399976015091,0.036264199391007425,0.022199999541044235,0.028188050591451484,5,12.889244079589844,13.20036506652832,12.965732192993164,12.916483879089355,0.11822728301650477,5,0.12052000313997269,0.12240099906921387,0.12128040045499802,0.12132100015878677,0.0006687180664699973,5,0.004519999958574772,0.004559999797493219,0.004527999926358462,0.004519999958574772,1.5999935567378997e-05,5,2880,64,8,32,4,16384,TORCH_SDPA,[8192],[0],"[512, 512, 512, 512, 512, 512, 512, 512, 512, 512, 512, 512, 512, 512, 512, 512, 512, 512, 512, 512, 512, 512, 512, 512, 512, 512, 512, 512, 512, 512, 512, 512, 512, 512, 512, 512, 512, 512, 512, 512, 512, 512, 512, 512, 512, 512, 512, 512, 512, 512, 512, 512, 512, 512, 512, 512, 512, 512, 512, 512, 512, 512, 512, 512, 512, 512, 512, 512, 512, 512, 512, 512, 512, 512, 512, 512, 512, 512, 512, 512, 512, 512, 512, 512, 512, 512, 512, 512, 512, 512, 512, 512, 512, 512, 512, 512]",1,96,96,97,8192,96,8288,512,0.010309278350515464,true_mixed,True,False,True,97,0,0,False,0,0,BF16,CUDA_EVENT,generic,generic,none
0.004480000119656324,0.004639999940991402,0.0045599999837577345,0.004519999958574772,6.69327552104297e-05,5,0.022040000185370445,0.1011200025677681,0.039096000418066976,0.022919999435544014,0.031065625532084102,5,12.875164031982422,12.966243743896484,12.909643745422363,12.898324012756348,0.030811201114044822,5,0.11988099664449692,0.1234000027179718,0.12114439904689789,0.12064000219106674,0.0012865215337825855,5,0.004480000119656324,0.004639999940991402,0.004535999987274409,0.004519999958574772,5.986643889284003e-05,5,2880,64,8,32,4,16384,TORCH_SDPA,[8192],[0],"[1024, 1024, 1024, 1024, 1024, 1024, 1024, 1024, 1024, 1024, 1024, 1024, 1024, 1024, 1024, 1024, 1024, 1024, 1024, 1024, 1024, 1024, 1024, 1024, 1024, 1024, 1024, 1024, 1024, 1024, 1024, 1024, 1024, 1024, 1024, 1024, 1024, 1024, 1024, 1024, 1024, 1024, 1024, 1024, 1024, 1024, 1024, 1024]",1,48,48,49,8192,48,8240,1024,0.02040816326530612,true_mixed,True,False,True,49,0,0,False,0,0,BF16,CUDA_EVENT,generic,generic,none
0.004480000119656324,0.016119999811053276,0.006823999993503094,0.004480000119656324,0.00464810317702193,5,0.02191999927163124,0.07884000241756439,0.03344020023941994,0.0221599992364645,0.02270010470505088,5,12.879364013671875,12.978163719177246,12.906859588623046,12.888242721557617,0.036673429362224064,5,0.038920000195503235,0.043719999492168427,0.04030399993062019,0.03959999978542328,0.001732807873946223,5,0.004519999958574772,0.004600000102072954,0.0045599999837577345,0.004559999797493219,3.5777151814455904e-05,5,2880,64,8,32,4,16384,TORCH_SDPA,[8192],[0],"[128, 128, 128, 128, 128, 128, 128, 128, 128, 128, 128, 128, 128, 128, 128, 128, 128, 128, 128, 128, 128, 128, 128, 128]",1,24,24,25,8192,24,8216,128,0.04,true_mixed,True,False,True,25,0,0,False,0,0,BF16,CUDA_EVENT,generic,generic,none
0.004480999894440174,0.01056000031530857,0.006392199918627739,0.004559999797493219,0.0024379934667729864,5,0.017920000478625298,0.030000999569892883,0.02255220003426075,0.018479999154806137,0.005277275238561164,5,0.48496198654174805,2.61004900932312,0.9426912009716034,0.4871219992637634,0.8359496880754123,5,0.09188000112771988,0.2120400071144104,0.11616020202636719,0.0920410007238388,0.04794125276784626,5,0.00443999981507659,0.005400000140070915,0.004687999933958053,0.004519999958574772,0.0003581285721253082,5,2880,64,8,32,4,16384,TORCH_SDPA,"[1024, 1024]","[0, 0]",[2048],2,1,1,3,2048,1,2049,2048,0.6666666666666666,true_mixed,True,False,True,3,0,0,False,0,0,BF16,CUDA_EVENT,generic,generic,none
0.004399999976158142,0.004480000119656324,0.004440000001341105,0.00443999981507659,3.5777151814455904e-05,5,0.021560000255703926,0.03240000084042549,0.025296000018715858,0.024879999458789825,0.003809092585429433,5,12.85012435913086,12.942805290222168,12.894429016113282,12.890045166015625,0.029984677097105564,5,0.2054010033607483,0.20868100225925446,0.20733660459518433,0.20764000713825226,0.0010811831416492079,5,0.004399999976158142,0.0063599999994039536,0.004887999966740608,0.004559999797493219,0.000739037228568945,5,2880,64,8,32,4,16384,TORCH_SDPA,[8192],[0],"[1024, 1024, 1024, 1024, 1024, 1024, 1024, 1024, 1024, 1024, 1024, 1024, 1024, 1024, 1024, 1024, 1024, 1024, 1024, 1024, 1024, 1024, 1024, 1024, 1024, 1024, 1024, 1024, 1024, 1024, 1024, 1024, 1024, 1024, 1024, 1024, 1024, 1024, 1024, 1024, 1024, 1024, 1024, 1024, 1024, 1024, 1024, 1024, 1024, 1024, 1024, 1024, 1024, 1024, 1024, 1024, 1024, 1024, 1024, 1024, 1024, 1024, 1024, 1024, 1024, 1024, 1024, 1024, 1024, 1024, 1024, 1024, 1024, 1024, 1024, 1024, 1024, 1024, 1024, 1024, 1024, 1024, 1024, 1024, 1024, 1024, 1024, 1024, 1024, 1024, 1024, 1024, 1024, 1024, 1024, 1024]",1,96,96,97,8192,96,8288,1024,0.010309278350515464,true_mixed,True,False,True,97,0,0,False,0,0,BF16,CUDA_EVENT,generic,generic,none
0.004360000137239695,0.004600000102072954,0.004480000026524067,0.004480000119656324,8.000000379989096e-05,5,0.021959999576210976,0.07712099701166153,0.033336399123072624,0.02263999916613102,0.021893739130940768,5,12.901603698730469,12.973523139953613,12.938611221313476,12.939123153686523,0.022779524701750264,5,0.06268099695444107,0.06520000100135803,0.06413619816303254,0.06415999680757523,0.0008335728513712667,5,0.00443999981507659,0.004639999940991402,0.004527999926358462,0.004519999958574772,6.400003330783644e-05,5,2880,64,8,32,4,16384,TORCH_SDPA,[8192],[0],"[512, 512, 512, 512, 512, 512, 512, 512, 512, 512, 512, 512, 512, 512, 512, 512, 512, 512, 512, 512, 512, 512, 512, 512, 512, 512, 512, 512, 512, 512, 512, 512]",1,32,32,33,8192,32,8224,512,0.030303030303030304,true_mixed,True,False,True,33,0,0,False,0,0,BF16,CUDA_EVENT,generic,generic,none
0.004399999976158142,0.00559999980032444,0.0046639999374747275,0.004399999976158142,0.0004703019617019142,5,0.018039999529719353,0.04568000137805939,0.02380800023674965,0.018400000408291817,0.010937712219861255,5,0.4790419936180115,0.6036019921302795,0.5065857946872712,0.4832819998264313,0.04856046976825617,5,0.14640100300312042,0.15036000311374664,0.14764060080051422,0.14720100164413452,0.0014050946756482654,5,0.00443999981507659,0.004480000119656324,0.0044559999369084835,0.00443999981507659,1.9596067155252676e-05,5,2880,64,8,32,4,16384,TORCH_SDPA,"[1024, 1024]","[0, 0]",[4096],2,1,1,3,2048,1,2049,4096,0.6666666666666666,true_mixed,True,False,True,3,0,0,False,0,0,BF16,CUDA_EVENT,generic,generic,none
0.00443999981507659,0.015239999629557133,0.006647999864071608,0.004519999958574772,0.004296111613537268,5,0.017841000109910965,0.04075999930500984,0.023272199928760527,0.018039999529719353,0.00887141916997348,5,0.48344099521636963,0.620602011680603,0.5122255980968475,0.48572099208831787,0.05419552930589196,5,0.26576098799705505,0.2680410146713257,0.2666890025138855,0.2660810053348541,0.0009841664180168736,5,0.004480000119656324,0.004600000102072954,0.004544000048190356,0.004519999958574772,4.8000024010787934e-05,5,2880,64,8,32,4,16384,TORCH_SDPA,"[1024, 1024]","[0, 0]","[8192, 8192]",2,2,2,4,2048,2,2050,8192,0.5,true_mixed,True,False,True,4,0,0,False,0,0,BF16,CUDA_EVENT,generic,generic,none
0.00443999981507659,0.004559999797493219,0.004495999962091446,0.004480000119656324,4.079211969054e-05,5,0.02160000056028366,0.03012000024318695,0.02380799986422062,0.02239999920129776,0.003175849005325219,5,12.936726570129395,13.397689819335938,13.074728012084961,13.023807525634766,0.16756822042234806,5,0.04259999841451645,0.04444099962711334,0.0434643991291523,0.04343999922275543,0.0005852704558345975,5,0.004399999976158142,0.004519999958574772,0.00447199996560812,0.004480000119656324,4.664763494375637e-05,5,2880,64,8,32,4,16384,TORCH_SDPA,[8192],[0],"[128, 128, 128, 128, 128, 128, 128, 128, 128, 128, 128, 128, 128, 128, 128, 128, 128, 128, 128, 128, 128, 128, 128, 128, 128, 128, 128, 128, 128, 128, 128, 128, 128, 128, 128, 128, 128, 128, 128, 128, 128, 128, 128, 128, 128, 128, 128, 128]",1,48,48,49,8192,48,8240,128,0.02040816326530612,true_mixed,True,False,True,49,0,0,False,0,0,BF16,CUDA_EVENT,generic,generic,none
0.004360000137239695,0.005040000192821026,0.004535999987274409,0.00443999981507659,0.0002537401125367925,5,0.017839999869465828,0.04552000015974045,0.023688000068068503,0.018360000103712082,0.010918590430219186,5,0.47776201367378235,0.5825620293617249,0.49989801049232485,0.47996199131011963,0.041342935044677925,5,0.03240000084042549,0.035840000957250595,0.033344000577926636,0.032760001718997955,0.0012625309395413932,5,0.004399999976158142,0.00443999981507659,0.004415999911725521,0.004399999976158142,1.9595839028743304e-05,5,2880,64,8,32,4,16384,TORCH_SDPA,"[1024, 1024]","[0, 0]","[128, 128, 128, 128]",2,4,4,6,2048,4,2052,128,0.3333333333333333,true_mixed,True,False,True,6,0,0,False,0,0,BF16,CUDA_EVENT,generic,generic,none
0.004480000119656324,0.009239999577403069,0.0054559999145567415,0.004519999958574772,0.0018922323734197404,5,0.017960000783205032,0.06388100236654282,0.027232200652360917,0.018120000138878822,0.018324529646386024,5,0.4805620014667511,0.6261619925498962,0.5122259974479675,0.4856019914150238,0.05703485598306221,5,0.04780000075697899,0.05079999938607216,0.04854400008916855,0.04808000102639198,0.001132670847385638,5,0.004480000119656324,0.004600000102072954,0.00451200008392334,0.004480000119656324,4.6647602999600904e-05,5,2880,64,8,32,4,16384,TORCH_SDPA,"[1024, 1024]","[0, 0]","[512, 512, 512, 512, 512, 512, 512, 512]",2,8,8,10,2048,8,2056,512,0.2,true_mixed,True,False,True,10,0,0,False,0,0,BF16,CUDA_EVENT,generic,generic,none
0.004360000137239695,0.00443999981507659,0.004415999911725521,0.00443999981507659,3.1999871134757994e-05,5,0.017400000244379044,0.04047999903559685,0.02244799993932247,0.018200000748038292,0.009021304107727569,5,0.48072201013565063,0.5687620043754578,0.5011220037937164,0.48600199818611145,0.03390779955671315,5,0.06496000289916992,0.06808000057935715,0.06593600064516067,0.0652799978852272,0.001153388313437613,5,0.004399999976158142,0.004519999958574772,0.004447999969124794,0.00443999981507659,4.664763494375637e-05,5,2880,64,8,32,4,16384,TORCH_SDPA,"[1024, 1024]","[0, 0]","[1024, 1024, 1024, 1024, 1024, 1024, 1024, 1024]",2,8,8,10,2048,8,2056,1024,0.2,true_mixed,True,False,True,10,0,0,False,0,0,BF16,CUDA_EVENT,generic,generic,none
0.00443999981507659,0.010759999975562096,0.005743999965488911,0.004519999958574772,0.0025081754379407345,5,0.02191999927163124,0.028320999816060066,0.023384199663996696,0.02223999984562397,0.0024767315163323578,5,12.990764617919922,13.0912446975708,13.032588958740234,13.02548599243164,0.03354886327496698,5,0.07487999647855759,0.07791999727487564,0.0766879990696907,0.07688000053167343,0.0011610758882323233,5,0.004360000137239695,0.004480000119656324,0.004440000001341105,0.00443999981507659,4.381779818013822e-05,5,2880,64,8,32,4,16384,TORCH_SDPA,[8192],[0],"[512, 512, 512, 512, 512, 512, 512, 512, 512, 512, 512, 512, 512, 512, 512, 512, 512, 512, 512, 512, 512, 512, 512, 512, 512, 512, 512, 512, 512, 512, 512, 512, 512, 512, 512, 512, 512, 512, 512, 512, 512, 512, 512, 512, 512, 512, 512, 512]",1,48,48,49,8192,48,8240,512,0.02040816326530612,true_mixed,True,False,True,49,0,0,False,0,0,BF16,CUDA_EVENT,generic,generic,none
0.004360000137239695,0.02175999991595745,0.00788000002503395,0.004399999976158142,0.006940109454742441,5,0.021959999576210976,0.049640998244285583,0.02767219953238964,0.0221599992364645,0.010986336482547451,5,12.822644233703613,13.284605026245117,12.958588409423829,12.899924278259277,0.16883674700222842,5,0.0968799963593483,0.10196100175380707,0.09843239933252335,0.09771999716758728,0.0018068392500557857,5,0.00443999981507659,0.004480000119656324,0.0044639999978244305,0.004480000119656324,1.9596067155252676e-05,5,2880,64,8,32,4,16384,TORCH_SDPA,[8192],[0],"[512, 512, 512, 512, 512, 512, 512, 512, 512, 512, 512, 512, 512, 512, 512, 512, 512, 512, 512, 512, 512, 512, 512, 512, 512, 512, 512, 512, 512, 512, 512, 512, 512, 512, 512, 512, 512, 512, 512, 512, 512, 512, 512, 512, 512, 512, 512, 512, 512, 512, 512, 512, 512, 512, 512, 512, 512, 512, 512, 512, 512, 512, 512, 512]",1,64,64,65,8192,64,8256,512,0.015384615384615385,true_mixed,True,False,True,65,0,0,False,0,0,BF16,CUDA_EVENT,generic,generic,none
0.004480000119656324,0.005119999870657921,0.004656000062823296,0.004600000102072954,0.0002381259216751519,5,0.018039999529719353,0.05951999872922897,0.026488199830055237,0.018160000443458557,0.01651758998587593,5,0.48444199562072754,0.6001219749450684,0.5081695914268494,0.48500099778175354,0.04598237698050561,5,0.12616099417209625,0.13172000646591187,0.12798440158367158,0.12720000743865967,0.001943335228843709,5,0.00443999981507659,0.004639999940991402,0.004519999958574772,0.004519999958574772,6.693281086764991e-05,5,2880,64,8,32,4,16384,TORCH_SDPA,"[1024, 1024]","[0, 0]","[2048, 2048, 2048, 2048, 2048, 2048, 2048, 2048, 2048, 2048, 2048, 2048, 2048, 2048, 2048, 2048]",2,16,16,18,2048,16,2064,2048,0.1111111111111111,true_mixed,True,False,True,18,0,0,False,0,0,BF16,CUDA_EVENT,generic,generic,none
0.004399999976158142,0.005400000140070915,0.004624000005424023,0.00443999981507659,0.00038913243821178103,5,0.017799999564886093,0.09000000357627869,0.03391200080513954,0.02027999982237816,0.02810293675181485,5,0.4709610044956207,0.6150820255279541,0.5009778022766114,0.47276198863983154,0.057064664682596127,5,0.2125210016965866,0.21524100005626678,0.2132887989282608,0.21264100074768066,0.0010379303476491504,5,0.004399999976158142,0.006680000107735395,0.004856000002473593,0.004399999976158142,0.0009120000526309013,5,2880,64,8,32,4,16384,TORCH_SDPA,"[1024, 1024]","[0, 0]","[4096, 4096, 4096, 4096, 4096, 4096, 4096, 4096, 4096, 4096, 4096, 4096, 4096, 4096, 4096, 4096]",2,16,16,18,2048,16,2064,4096,0.1111111111111111,true_mixed,True,False,True,18,0,0,False,0,0,BF16,CUDA_EVENT,generic,generic,none
0.004480000119656324,0.017319999635219574,0.007087999861687422,0.004559999797493219,0.005116085890043573,5,0.02167999930679798,0.04255999997258186,0.026295999810099602,0.022439999505877495,0.008137325448121907,5,12.846924781799316,12.943004608154297,12.89606876373291,12.894364356994629,0.040531422591302366,5,0.7668830156326294,0.7925230264663696,0.7779068112373352,0.7728829979896545,0.011106968544551829,5,0.00443999981507659,0.004600000102072954,0.004520200006663799,0.004519999958574772,5.67112677421196e-05,5,2880,64,8,32,4,16384,TORCH_SDPA,[8192],[0],"[4096, 4096, 4096, 4096, 4096, 4096, 4096, 4096, 4096, 4096, 4096, 4096, 4096, 4096, 4096, 4096, 4096, 4096, 4096, 4096, 4096, 4096, 4096, 4096, 4096, 4096, 4096, 4096, 4096, 4096, 4096, 4096, 4096, 4096, 4096, 4096, 4096, 4096, 4096, 4096, 4096, 4096, 4096, 4096, 4096, 4096, 4096, 4096, 4096, 4096, 4096, 4096, 4096, 4096, 4096, 4096, 4096, 4096, 4096, 4096, 4096, 4096, 4096, 4096]",1,64,64,65,8192,64,8256,4096,0.015384615384615385,true_mixed,True,False,True,65,0,0,False,0,0,BF16,CUDA_EVENT,generic,generic,none
0.00443999981507659,0.005880000069737434,0.004783999919891357,0.004519999958574772,0.0005528689620852507,5,0.021800000220537186,0.08020099997520447,0.03365640006959438,0.022199999541044235,0.02327299622224522,5,12.878885269165039,12.964764595031738,12.927724647521973,12.920723915100098,0.032883645845902545,5,0.09752000123262405,0.10211999714374542,0.09940000027418136,0.09808000177145004,0.0019486195835140881,5,0.004480000119656324,0.0069599999114871025,0.00505599994212389,0.004600000102072954,0.0009541823513776486,5,2880,64,8,32,4,16384,TORCH_SDPA,[8192],[0],"[1024, 1024, 1024, 1024, 1024, 1024, 1024, 1024, 1024, 1024, 1024, 1024, 1024, 1024, 1024, 1024, 1024, 1024, 1024, 1024, 1024, 1024, 1024, 1024, 1024, 1024, 1024, 1024, 1024, 1024, 1024, 1024]",1,32,32,33,8192,32,8224,1024,0.030303030303030304,true_mixed,True,False,True,33,0,0,False,0,0,BF16,CUDA_EVENT,generic,generic,none
0.00443999981507659,0.004519999958574772,0.00447199996560812,0.004480000119656324,2.9933337677144675e-05,5,0.017720000818371773,0.03480000048875809,0.021544000133872032,0.018360000103712082,0.006633568128894715,5,0.4794420003890991,0.564441978931427,0.4986179947853088,0.4824019968509674,0.03297892436921209,5,0.032680001109838486,0.03384000062942505,0.03332000076770782,0.033240001648664474,0.00041026776953109463,5,0.004480000119656324,0.004600000102072954,0.004535999987274409,0.004559999797493219,4.799993087868105e-05,5,2880,64,8,32,4,16384,TORCH_SDPA,"[1024, 1024]","[0, 0]",[128],2,1,1,3,2048,1,2049,128,0.6666666666666666,true_mixed,True,False,True,3,0,0,False,0,0,BF16,CUDA_EVENT,generic,generic,none
0.004480000119656324,0.004559999797493219,0.004511999990791082,0.004519999958574772,2.993313855179537e-05,5,0.022120000794529915,0.03060000017285347,0.025416000187397002,0.023919999599456787,0.003170726151223697,5,12.895724296569824,13.003524780273438,12.935500144958496,12.905163764953613,0.04535224154625463,5,0.30872100591659546,0.3152810037136078,0.31242499947547914,0.3126809895038605,0.0021215214993443293,5,0.004559999797493219,0.004639999940991402,0.004591999854892492,0.004559999797493219,3.919190618399598e-05,5,2880,64,8,32,4,16384,TORCH_SDPA,[8192],[0],"[2048, 2048, 2048, 2048, 2048, 2048, 2048, 2048, 2048, 2048, 2048, 2048, 2048, 2048, 2048, 2048, 2048, 2048, 2048, 2048, 2048, 2048, 2048, 2048, 2048, 2048, 2048, 2048, 2048, 2048, 2048, 2048, 2048, 2048, 2048, 2048, 2048, 2048, 2048, 2048, 2048, 2048, 2048, 2048, 2048, 2048, 2048, 2048]",1,48,48,49,8192,48,8240,2048,0.02040816326530612,true_mixed,True,False,True,49,0,0,False,0,0,BF16,CUDA_EVENT,generic,generic,none
0.00443999981507659,0.005880000069737434,0.004832000005990267,0.004600000102072954,0.0005357014412112452,5,0.01775999926030636,0.029519999399781227,0.020439999550580977,0.018279999494552612,0.0045467174242496905,5,0.47568100690841675,0.5485219955444336,0.49155380129814147,0.4776419997215271,0.028504967115779847,5,0.694042980670929,0.7033219933509827,0.697490394115448,0.6961619853973389,0.0032027167697878337,5,0.00443999981507659,0.004639999940991402,0.004527999926358462,0.004519999958574772,6.881859566138264e-05,5,2880,64,8,32,4,16384,TORCH_SDPA,"[1024, 1024]","[0, 0]","[8192, 8192, 8192, 8192, 8192, 8192, 8192, 8192, 8192, 8192, 8192, 8192, 8192, 8192, 8192, 8192, 8192, 8192, 8192, 8192, 8192, 8192, 8192, 8192]",2,24,24,26,2048,24,2072,8192,0.07692307692307693,true_mixed,True,False,True,26,0,0,False,0,0,BF16,CUDA_EVENT,generic,generic,none
0.004360000137239695,0.00812000036239624,0.0051600000821053985,0.00443999981507659,0.0014805405813822958,5,0.017799999564886093,0.026359999552369118,0.02135999985039234,0.018519999459385872,0.003959798243631898,5,0.4819619953632355,5.329136848449707,1.4678529679775238,0.48332199454307556,1.930886223154461,5,0.03984000161290169,0.05164000019431114,0.04411200061440468,0.04267999902367592,0.004042525658344389,5,0.004399999976158142,0.00788000039756298,0.005136000085622072,0.004480000119656324,0.0013723208196596182,5,2880,64,8,32,4,16384,TORCH_SDPA,"[1024, 1024]","[0, 0]","[128, 128, 128, 128, 128, 128, 128, 128, 128, 128, 128, 128, 128, 128, 128, 128, 128, 128, 128, 128, 128, 128, 128, 128, 128, 128, 128, 128, 128, 128, 128, 128]",2,32,32,34,2048,32,2080,128,0.058823529411764705,true_mixed,True,False,True,34,0,0,False,0,0,BF16,CUDA_EVENT,generic,generic,none
0.004399999976158142,0.004519999958574772,0.0044639999978244305,0.004480000119656324,4.079219274941178e-05,5,0.02184000052511692,0.03587999939918518,0.024960000067949295,0.022120000794529915,0.0054711457644925285,5,12.953326225280762,13.060205459594727,13.003949928283692,13.013686180114746,0.03654054931279605,5,0.15583999454975128,0.16308000683784485,0.15992819964885713,0.16035999357700348,0.002675268586020477,5,0.004399999976158142,0.004519999958574772,0.0044639999978244305,0.004480000119656324,4.079219274941178e-05,5,2880,64,8,32,4,16384,TORCH_SDPA,[8192],[0],"[1024, 1024, 1024, 1024, 1024, 1024, 1024, 1024, 1024, 1024, 1024, 1024, 1024, 1024, 1024, 1024, 1024, 1024, 1024, 1024, 1024, 1024, 1024, 1024, 1024, 1024, 1024, 1024, 1024, 1024, 1024, 1024, 1024, 1024, 1024, 1024, 1024, 1024, 1024, 1024, 1024, 1024, 1024, 1024, 1024, 1024, 1024, 1024, 1024, 1024, 1024, 1024, 1024, 1024, 1024, 1024, 1024, 1024, 1024, 1024, 1024, 1024, 1024, 1024]",1,64,64,65,8192,64,8256,1024,0.015384615384615385,true_mixed,True,False,True,65,0,0,False,0,0,BF16,CUDA_EVENT,generic,generic,none
0.004519999958574772,0.00824000034481287,0.005280000064522028,0.004519999958574772,0.0014803244300741732,5,0.01744000054895878,0.027240000665187836,0.020151999965310096,0.018039999529719353,0.0036822083572725897,5,0.47516199946403503,0.5558019876480103,0.493257999420166,0.47856199741363525,0.03129945211380747,5,0.05959999933838844,0.06251999735832214,0.06040799915790558,0.05999999865889549,0.0010686505659753382,5,0.004519999958574772,0.004639999940991402,0.0045679999515414235,0.004559999797493219,4.664763494375637e-05,5,2880,64,8,32,4,16384,TORCH_SDPA,"[1024, 1024]","[0, 0]","[1024, 1024]",2,2,2,4,2048,2,2050,1024,0.5,true_mixed,True,False,True,4,0,0,False,0,0,BF16,CUDA_EVENT,generic,generic,none
0.004399999976158142,0.004559999797493219,0.004487999901175499,0.004519999958574772,5.8787732539092134e-05,5,0.018319999799132347,0.02556000091135502,0.020184000208973884,0.018640000373125076,0.002751418806570267,5,0.4822019934654236,0.5518019795417786,0.49721779823303225,0.48392200469970703,0.02730395021066071,5,0.07528000324964523,0.07672099769115448,0.0761363998055458,0.0761599987745285,0.0005173794201624062,5,0.004519999958574772,0.004639999940991402,0.004567999858409166,0.004559999797493219,3.9191849152437796e-05,5,2880,64,8,32,4,16384,TORCH_SDPA,"[1024, 1024]","[0, 0]","[512, 512, 512, 512, 512, 512, 512, 512, 512, 512, 512, 512, 512, 512, 512, 512, 512, 512, 512, 512, 512, 512, 512, 512, 512, 512, 512, 512, 512, 512, 512, 512, 512, 512, 512, 512, 512, 512, 512, 512, 512, 512, 512, 512, 512, 512, 512, 512]",2,48,48,50,2048,48,2096,512,0.04,true_mixed,True,False,True,50,0,0,False,0,0,BF16,CUDA_EVENT,generic,generic,none
0.00431999983265996,0.005679999943822622,0.0046639999374747275,0.00443999981507659,0.000510748480639588,5,0.018400000408291817,0.025800000876188278,0.01990400031208992,0.018400000408291817,0.0029483666035283944,5,0.47460201382637024,0.5486819744110107,0.49105780124664306,0.47692200541496277,0.02883663570422623,5,0.12076099961996078,0.12439999729394913,0.12230460047721863,0.12220100313425064,0.0013331583020139235,5,0.004399999976158142,0.004519999958574772,0.004439999908208847,0.00443999981507659,4.381779817994028e-05,5,2880,64,8,32,4,16384,TORCH_SDPA,"[1024, 1024]","[0, 0]","[1024, 1024, 1024, 1024, 1024, 1024, 1024, 1024, 1024, 1024, 1024, 1024, 1024, 1024, 1024, 1024, 1024, 1024, 1024, 1024, 1024, 1024, 1024, 1024, 1024, 1024, 1024, 1024, 1024, 1024, 1024, 1024, 1024, 1024, 1024, 1024, 1024, 1024, 1024, 1024, 1024, 1024, 1024, 1024, 1024, 1024, 1024, 1024]",2,48,48,50,2048,48,2096,1024,0.04,true_mixed,True,False,True,50,0,0,False,0,0,BF16,CUDA_EVENT,generic,generic,none
0.004399999976158142,0.006200000178068876,0.004799999948590994,0.00443999981507659,0.0007010849887359261,5,0.021959999576210976,0.02759999968111515,0.02380799986422062,0.022600000724196434,0.0021168125585564203,5,12.929924964904785,13.04648494720459,12.992461395263671,12.99848461151123,0.03770902837653271,5,0.4158009886741638,0.4255619943141937,0.41888158917427065,0.417400985956192,0.0034417553840589542,5,0.00443999981507659,0.006920000072568655,0.0049600000493228436,0.004480000119656324,0.0009801224548166756,5,2880,64,8,32,4,16384,TORCH_SDPA,[8192],[0],"[2048, 2048, 2048, 2048, 2048, 2048, 2048, 2048, 2048, 2048, 2048, 2048, 2048, 2048, 2048, 2048, 2048, 2048, 2048, 2048, 2048, 2048, 2048, 2048, 2048, 2048, 2048, 2048, 2048, 2048, 2048, 2048, 2048, 2048, 2048, 2048, 2048, 2048, 2048, 2048, 2048, 2048, 2048, 2048, 2048, 2048, 2048, 2048, 2048, 2048, 2048, 2048, 2048, 2048, 2048, 2048, 2048, 2048, 2048, 2048, 2048, 2048, 2048, 2048]",1,64,64,65,8192,64,8256,2048,0.015384615384615385,true_mixed,True,False,True,65,0,0,False,0,0,BF16,CUDA_EVENT,generic,generic,none
0.00443999981507659,0.008799999952316284,0.005335999932140112,0.004480000119656324,0.0017322540342090203,5,0.021800000220537186,0.0371600016951561,0.026000000536441803,0.023520000278949738,0.005741972435008836,5,12.797204971313477,12.890005111694336,12.863364791870117,12.882604598999023,0.03478886055205086,5,0.5916820168495178,0.6084820032119751,0.5984099984169007,0.598281979560852,0.0057892764786510505,5,0.004399999976158142,0.004519999958574772,0.0044639999978244305,0.004480000119656324,5.425864106902378e-05,5,2880,64,8,32,4,16384,TORCH_SDPA,[8192],[0],"[2048, 2048, 2048, 2048, 2048, 2048, 2048, 2048, 2048, 2048, 2048, 2048, 2048, 2048, 2048, 2048, 2048, 2048, 2048, 2048, 2048, 2048, 2048, 2048, 2048, 2048, 2048, 2048, 2048, 2048, 2048, 2048, 2048, 2048, 2048, 2048, 2048, 2048, 2048, 2048, 2048, 2048, 2048, 2048, 2048, 2048, 2048, 2048, 2048, 2048, 2048, 2048, 2048, 2048, 2048, 2048, 2048, 2048, 2048, 2048, 2048, 2048, 2048, 2048, 2048, 2048, 2048, 2048, 2048, 2048, 2048, 2048, 2048, 2048, 2048, 2048, 2048, 2048, 2048, 2048, 2048, 2048, 2048, 2048, 2048, 2048, 2048, 2048, 2048, 2048, 2048, 2048, 2048, 2048, 2048, 2048]",1,96,96,97,8192,96,8288,2048,0.010309278350515464,true_mixed,True,False,True,97,0,0,False,0,0,BF16,CUDA_EVENT,generic,generic,none
0.004519999958574772,0.012839999981224537,0.006232000049203634,0.004600000102072954,0.0033041452417896257,5,0.018039999529719353,0.04303999990224838,0.02339999973773956,0.01875999942421913,0.009825322479667643,5,0.4761219918727875,0.6488819718360901,0.5132815957069397,0.48016101121902466,0.06782485816922913,5,0.41388100385665894,0.423801988363266,0.4195453941822052,0.4212009906768799,0.00354479782737017,5,0.004480000119656324,0.004600000102072954,0.004568000044673681,0.004600000102072954,4.664761897177434e-05,5,2880,64,8,32,4,16384,TORCH_SDPA,"[1024, 1024]","[0, 0]","[2048, 2048, 2048, 2048, 2048, 2048, 2048, 2048, 2048, 2048, 2048, 2048, 2048, 2048, 2048, 2048, 2048, 2048, 2048, 2048, 2048, 2048, 2048, 2048, 2048, 2048, 2048, 2048, 2048, 2048, 2048, 2048, 2048, 2048, 2048, 2048, 2048, 2048, 2048, 2048, 2048, 2048, 2048, 2048, 2048, 2048, 2048, 2048, 2048, 2048, 2048, 2048, 2048, 2048, 2048, 2048, 2048, 2048, 2048, 2048, 2048, 2048, 2048, 2048]",2,64,64,66,2048,64,2112,2048,0.030303030303030304,true_mixed,True,False,True,66,0,0,False,0,0,BF16,CUDA_EVENT,generic,generic,none
0.00443999981507659,0.036079999059438705,0.0108879997394979,0.004480000119656324,0.01259778740226124,5,0.017920000478625298,0.026440000161528587,0.020040200278162956,0.01868000067770481,0.0032269266860616807,5,0.46980100870132446,0.5698419809341431,0.49339359998703003,0.47648200392723083,0.03830440617589607,5,0.7636430263519287,0.7791630029678345,0.7701226115226746,0.7675229907035828,0.00620879154719345,5,0.004360000137239695,0.004600000102072954,0.00450420007109642,0.004519999958574772,8.250185111458474e-05,5,2880,64,8,32,4,16384,TORCH_SDPA,"[1024, 1024]","[0, 0]","[4096, 4096, 4096, 4096, 4096, 4096, 4096, 4096, 4096, 4096, 4096, 4096, 4096, 4096, 4096, 4096, 4096, 4096, 4096, 4096, 4096, 4096, 4096, 4096, 4096, 4096, 4096, 4096, 4096, 4096, 4096, 4096, 4096, 4096, 4096, 4096, 4096, 4096, 4096, 4096, 4096, 4096, 4096, 4096, 4096, 4096, 4096, 4096, 4096, 4096, 4096, 4096, 4096, 4096, 4096, 4096, 4096, 4096, 4096, 4096, 4096, 4096, 4096, 4096]",2,64,64,66,2048,64,2112,4096,0.030303030303030304,true_mixed,True,False,True,66,0,0,False,0,0,BF16,CUDA_EVENT,generic,generic,none
0.004480000119656324,0.007400000002235174,0.0053600000217556955,0.004600000102072954,0.0011154191438016697,5,0.022280000150203705,0.03956000134348869,0.026040200516581534,0.02271999977529049,0.006764289008754426,5,12.855125427246094,13.001325607299805,12.918109512329101,12.900725364685059,0.05015884067511913,5,0.5645220279693604,0.5830420255661011,0.5769220113754272,0.5798419713973999,0.006909094288394385,5,0.004519999958574772,0.004600000102072954,0.004543999955058098,0.004519999958574772,3.200003411633561e-05,5,2880,64,8,32,4,16384,TORCH_SDPA,[8192],[0],"[4096, 4096, 4096, 4096, 4096, 4096, 4096, 4096, 4096, 4096, 4096, 4096, 4096, 4096, 4096, 4096, 4096, 4096, 4096, 4096, 4096, 4096, 4096, 4096, 4096, 4096, 4096, 4096, 4096, 4096, 4096, 4096, 4096, 4096, 4096, 4096, 4096, 4096, 4096, 4096, 4096, 4096, 4096, 4096, 4096, 4096, 4096, 4096]",1,48,48,49,8192,48,8240,4096,0.02040816326530612,true_mixed,True,False,True,49,0,0,False,0,0,BF16,CUDA_EVENT,generic,generic,none
0.00443999981507659,0.007840000092983246,0.005200000014156103,0.004600000102072954,0.0013213327047642775,5,0.01735999993979931,0.027000000700354576,0.0200082004070282,0.018880000337958336,0.0035571513873321275,5,0.48256200551986694,0.5517609715461731,0.5105295956134797,0.4867219924926758,0.031816788524888576,5,0.16016100347042084,0.16415999829769135,0.16184839904308318,0.16123999655246735,0.0014877909097820237,5,0.004480000119656324,0.005960000213235617,0.004824000038206577,0.004559999797493219,0.000569406794572968,5,2880,64,8,32,4,16384,TORCH_SDPA,"[1024, 1024]","[0, 0]","[4096, 4096, 4096, 4096]",2,4,4,6,2048,4,2052,4096,0.3333333333333333,true_mixed,True,False,True,6,0,0,False,0,0,BF16,CUDA_EVENT,generic,generic,none
0.004279999993741512,0.004480000119656324,0.004392000008374452,0.004399999976158142,6.400003330783644e-05,5,0.017839999869465828,0.02759999968111515,0.02007199972867966,0.018319999799132347,0.0037731175304948784,5,0.47968199849128723,0.5543619990348816,0.4960897982120514,0.482481986284256,0.0291689064817341,5,0.2569209933280945,0.25916099548339844,0.25755299925804137,0.25724101066589355,0.0008175655763481557,5,0.004399999976158142,0.00443999981507659,0.004407999943941832,0.004399999976158142,1.5999935567378997e-05,5,2880,64,8,32,4,16384,TORCH_SDPA,"[1024, 1024]","[0, 0]",[8192],2,1,1,3,2048,1,2049,8192,0.6666666666666666,true_mixed,True,False,True,3,0,0,False,0,0,BF16,CUDA_EVENT,generic,generic,none
0.00443999981507659,0.004559999797493219,0.004519999865442515,0.004519999958574772,4.381779817994027e-05,5,0.017999999225139618,0.02879999950528145,0.020271999388933183,0.018239999189972878,0.004265913329643474,5,0.4702819883823395,0.5431219935417175,0.4865459978580475,0.47404199838638306,0.02834317042158923,5,2.265007972717285,2.284168004989624,2.274399995803833,2.273848056793213,0.006234436445567287,5,0.004519999958574772,0.005200000014156103,0.004671999905258417,0.004559999797493219,0.0002646054159908531,5,2880,64,8,32,4,16384,TORCH_SDPA,"[1024, 1024]","[0, 0]","[8192, 8192, 8192, 8192, 8192, 8192, 8192, 8192, 8192, 8192, 8192, 8192, 8192, 8192, 8192, 8192, 8192, 8192, 8192, 8192, 8192, 8192, 8192, 8192, 8192, 8192, 8192, 8192, 8192, 8192, 8192, 8192, 8192, 8192, 8192, 8192, 8192, 8192, 8192, 8192, 8192, 8192, 8192, 8192, 8192, 8192, 8192, 8192, 8192, 8192, 8192, 8192, 8192, 8192, 8192, 8192, 8192, 8192, 8192, 8192, 8192, 8192, 8192, 8192, 8192, 8192, 8192, 8192, 8192, 8192, 8192, 8192, 8192, 8192, 8192, 8192, 8192, 8192, 8192, 8192, 8192, 8192, 8192, 8192, 8192, 8192, 8192, 8192, 8192, 8192, 8192, 8192, 8192, 8192, 8192, 8192]",2,96,96,98,2048,96,2144,8192,0.02040816326530612,true_mixed,True,False,True,98,0,0,False,0,0,BF16,CUDA_EVENT,generic,generic,none
0.004480000119656324,0.018479999154806137,0.007823999878019095,0.004559999797493219,0.005423362452007162,5,0.021880000829696655,0.03152000159025192,0.02404000051319599,0.02223999984562397,0.003743367999519486,5,12.869126319885254,13.002885818481445,12.935062026977539,12.937605857849121,0.04377347082462454,5,1.5048049688339233,1.5531259775161743,1.5346212148666383,1.5426850318908691,0.017511648588173816,5,0.00443999981507659,0.004519999958574772,0.004487999901175499,0.004519999958574772,3.9191906183995976e-05,5,2880,64,8,32,4,16384,TORCH_SDPA,[8192],[0],"[8192, 8192, 8192, 8192, 8192, 8192, 8192, 8192, 8192, 8192, 8192, 8192, 8192, 8192, 8192, 8192, 8192, 8192, 8192, 8192, 8192, 8192, 8192, 8192, 8192, 8192, 8192, 8192, 8192, 8192, 8192, 8192, 8192, 8192, 8192, 8192, 8192, 8192, 8192, 8192, 8192, 8192, 8192, 8192, 8192, 8192, 8192, 8192, 8192, 8192, 8192, 8192, 8192, 8192, 8192, 8192, 8192, 8192, 8192, 8192, 8192, 8192, 8192, 8192]",1,64,64,65,8192,64,8256,8192,0.015384615384615385,true_mixed,True,False,True,65,0,0,False,0,0,BF16,CUDA_EVENT,generic,generic,none
0.004399999976158142,0.015200000256299973,0.00660000005736947,0.004480000119656324,0.004300251255058339,5,0.021959999576210976,0.03675999864935875,0.025096199288964272,0.022200999781489372,0.005833573690405016,5,12.906603813171387,13.032404899597168,12.967324447631835,12.974724769592285,0.04877967238878313,5,1.1529239416122437,1.1981240510940552,1.1749560117721558,1.1722040176391602,0.01792389602041913,5,0.004360000137239695,0.004480000119656324,0.004416000097990036,0.004399999976158142,5.425864106902378e-05,5,2880,64,8,32,4,16384,TORCH_SDPA,[8192],[0],"[4096, 4096, 4096, 4096, 4096, 4096, 4096, 4096, 4096, 4096, 4096, 4096, 4096, 4096, 4096, 4096, 4096, 4096, 4096, 4096, 4096, 4096, 4096, 4096, 4096, 4096, 4096, 4096, 4096, 4096, 4096, 4096, 4096, 4096, 4096, 4096, 4096, 4096, 4096, 4096, 4096, 4096, 4096, 4096, 4096, 4096, 4096, 4096, 4096, 4096, 4096, 4096, 4096, 4096, 4096, 4096, 4096, 4096, 4096, 4096, 4096, 4096, 4096, 4096, 4096, 4096, 4096, 4096, 4096, 4096, 4096, 4096, 4096, 4096, 4096, 4096, 4096, 4096, 4096, 4096, 4096, 4096, 4096, 4096, 4096, 4096, 4096, 4096, 4096, 4096, 4096, 4096, 4096, 4096, 4096, 4096]",1,96,96,97,8192,96,8288,4096,0.010309278350515464,true_mixed,True,False,True,97,0,0,False,0,0,BF16,CUDA_EVENT,generic,generic,none
0.004480000119656324,0.0075599998235702515,0.0051599999889731405,0.004600000102072954,0.0012013325093808286,5,0.01775999926030636,0.025839999318122864,0.01963999941945076,0.018039999529719353,0.0031109612303031426,5,0.4840410053730011,0.5513619780540466,0.5001053929328918,0.487760990858078,0.025702432129119348,5,0.03616100177168846,0.03928099945187569,0.03708060085773468,0.03668000176548958,0.0011306203692195555,5,0.004480000119656324,0.004681000020354986,0.004592199996113777,0.004600000102072954,6.907501104855312e-05,5,2880,64,8,32,4,16384,TORCH_SDPA,"[1024, 1024]","[0, 0]","[128, 128, 128, 128, 128, 128, 128, 128, 128, 128, 128, 128, 128, 128, 128, 128]",2,16,16,18,2048,16,2064,128,0.1111111111111111,true_mixed,True,False,True,18,0,0,False,0,0,BF16,CUDA_EVENT,generic,generic,none
0.004399999976158142,0.007120000198483467,0.004999999981373548,0.004399999976158142,0.001065532830865232,5,0.01744000054895878,0.18564100563526154,0.051776201277971265,0.017920000478625298,0.06693856154014782,5,0.480322003364563,0.6288020014762878,0.512169998884201,0.48444199562072754,0.05833698309651479,5,0.04631999880075455,0.047040000557899475,0.04661599993705749,0.046480000019073486,0.0002902138292915181,5,0.004360000137239695,0.004480000119656324,0.004448000062257052,0.004480000119656324,4.664761897177434e-05,5,2880,64,8,32,4,16384,TORCH_SDPA,"[1024, 1024]","[0, 0]","[512, 512, 512, 512]",2,4,4,6,2048,4,2052,512,0.3333333333333333,true_mixed,True,False,True,6,0,0,False,0,0,BF16,CUDA_EVENT,generic,generic,none
0.004399999976158142,0.004600000102072954,0.004519999958574772,0.004519999958574772,6.693281086764991e-05,5,0.017400000244379044,0.027161000296473503,0.01960019990801811,0.017839999869465828,0.0037868595898641216,5,0.48304200172424316,0.5556820034980774,0.4989459991455078,0.48548200726509094,0.028413076473358737,5,0.043480001389980316,0.047279998660087585,0.04461600035429001,0.043960001319646835,0.0013820785195427657,5,0.004519999958574772,0.004639999940991402,0.0045679999515414235,0.004559999797493219,4.664763494375637e-05,5,2880,64,8,32,4,16384,TORCH_SDPA,"[1024, 1024]","[0, 0]",[512],2,1,1,3,2048,1,2049,512,0.6666666666666666,true_mixed,True,False,True,3,0,0,False,0,0,BF16,CUDA_EVENT,generic,generic,none
0.004279999993741512,0.007040000054985285,0.005263999942690134,0.00443999981507659,0.001127006683819535,5,0.017799999564886093,0.033319998532533646,0.021199999377131462,0.018319999799132347,0.006064928266917164,5,0.4827609956264496,0.6586419939994812,0.5184651970863342,0.48388099670410156,0.07008980693451834,5,0.03248000144958496,0.03440000116825104,0.03344040066003799,0.03319999948143959,0.0007029767683165053,5,0.004360000137239695,0.0061599998734891415,0.004768200032413006,0.004401000216603279,0.0006979604881150717,5,2880,64,8,32,4,16384,TORCH_SDPA,"[1024, 1024]","[0, 0]","[128, 128]",2,2,2,4,2048,2,2050,128,0.5,true_mixed,True,False,True,4,0,0,False,0,0,BF16,CUDA_EVENT,generic,generic,none
0.00443999981507659,0.008320000022649765,0.005296000000089407,0.004600000102072954,0.0015131635888888922,5,0.02199999988079071,0.03388100117444992,0.02456040009856224,0.02223999984562397,0.004665808086005204,5,6.156179904937744,6.2140212059021,6.1830767631530765,6.180740833282471,0.018510910896726997,5,0.04320099949836731,0.04492099955677986,0.044200599193573,0.044319998472929,0.0006457490614691109,5,0.00443999981507659,0.004600000102072954,0.004511999990791082,0.004480000119656324,5.878777056032047e-05,5,2880,64,8,32,4,16384,TORCH_SDPA,"[4096, 4096]","[0, 0]","[512, 512]",2,2,2,4,8192,2,8194,512,0.5,true_mixed,True,False,True,4,0,0,False,0,0,BF16,CUDA_EVENT,generic,generic,none
0.00431999983265996,0.004519999958574772,0.004416000004857779,0.004399999976158142,7.418898061168757e-05,5,0.018200000748038292,0.05432000011205673,0.025928400084376337,0.01828099973499775,0.014225201668777726,5,0.48040100932121277,0.5686820149421692,0.4997852027416229,0.4811609983444214,0.03456877972463295,5,0.061319999396800995,0.06496000289916992,0.0625841997563839,0.062240999191999435,0.0012438368432379772,5,0.004360000137239695,0.004480000119656324,0.004432199988514185,0.00443999981507659,3.9234644969487524e-05,5,2880,64,8,32,4,16384,TORCH_SDPA,"[1024, 1024]","[0, 0]","[1024, 1024, 1024, 1024]",2,4,4,6,2048,4,2052,1024,0.3333333333333333,true_mixed,True,False,True,6,0,0,False,0,0,BF16,CUDA_EVENT,generic,generic,none
0.00443999981507659,0.015039999969303608,0.006599999964237213,0.004480000119656324,0.004220180093130059,5,0.02175999991595745,0.04092000052332878,0.02584800012409687,0.0221599992364645,0.007538207946096701,5,12.956086158752441,13.13448715209961,13.043958854675292,13.034406661987305,0.057405985749334434,5,2.297447919845581,2.3376479148864746,2.3178319454193117,2.320807933807373,0.013096616082704831,5,0.004360000137239695,0.004840000066906214,0.004496000055223703,0.00443999981507659,0.00017816845301880813,5,2880,64,8,32,4,16384,TORCH_SDPA,[8192],[0],"[8192, 8192, 8192, 8192, 8192, 8192, 8192, 8192, 8192, 8192, 8192, 8192, 8192, 8192, 8192, 8192, 8192, 8192, 8192, 8192, 8192, 8192, 8192, 8192, 8192, 8192, 8192, 8192, 8192, 8192, 8192, 8192, 8192, 8192, 8192, 8192, 8192, 8192, 8192, 8192, 8192, 8192, 8192, 8192, 8192, 8192, 8192, 8192, 8192, 8192, 8192, 8192, 8192, 8192, 8192, 8192, 8192, 8192, 8192, 8192, 8192, 8192, 8192, 8192, 8192, 8192, 8192, 8192, 8192, 8192, 8192, 8192, 8192, 8192, 8192, 8192, 8192, 8192, 8192, 8192, 8192, 8192, 8192, 8192, 8192, 8192, 8192, 8192, 8192, 8192, 8192, 8192, 8192, 8192, 8192, 8192]",1,96,96,97,8192,96,8288,8192,0.010309278350515464,true_mixed,True,False,True,97,0,0,False,0,0,BF16,CUDA_EVENT,generic,generic,none
0.004399999976158142,0.004600000102072954,0.004456000030040741,0.004399999976158142,7.838372682055959e-05,5,0.021880999207496643,0.044319998472929,0.026864199340343474,0.02295999974012375,0.00873889599724466,5,6.207181930541992,6.388782024383545,6.284605407714844,6.265100955963135,0.06930943497457125,5,0.033640000969171524,0.034960001707077026,0.03435200154781341,0.03448000177741051,0.0004742321779506018,5,0.004360000137239695,0.004519999958574772,0.004456000030040741,0.004480000119656324,5.4258613605923594e-05,5,2880,64,8,32,4,16384,TORCH_SDPA,"[4096, 4096]","[0, 0]",[128],2,1,1,3,8192,1,8193,128,0.6666666666666666,true_mixed,True,False,True,3,0,0,False,0,0,BF16,CUDA_EVENT,generic,generic,none
0.00443999981507659,0.004600000102072954,0.004504000023007393,0.004480000119656324,5.4258695995502165e-05,5,0.017839999869465828,0.025800000876188278,0.019624000042676927,0.018120000138878822,0.003090797071795076,5,0.48308199644088745,0.724602997303009,0.5492339968681336,0.4858820140361786,0.09356018804403086,5,0.08804000169038773,0.08928100019693375,0.08833619952201843,0.08807999640703201,0.00047543896780096796,5,0.004480000119656324,0.004600000102072954,0.004552000015974045,0.004559999797493219,4.664761897177434e-05,5,2880,64,8,32,4,16384,TORCH_SDPA,"[1024, 1024]","[0, 0]","[1024, 1024, 1024, 1024, 1024, 1024, 1024, 1024, 1024, 1024, 1024, 1024, 1024, 1024, 1024, 1024, 1024, 1024, 1024, 1024, 1024, 1024, 1024, 1024]",2,24,24,26,2048,24,2072,1024,0.07692307692307693,true_mixed,True,False,True,26,0,0,False,0,0,BF16,CUDA_EVENT,generic,generic,none
0.004399999976158142,0.004600000102072954,0.004527999926358462,0.004559999797493219,6.881859566138262e-05,5,0.02167999930679798,0.043081000447273254,0.026232200115919112,0.022040000185370445,0.008429127963936568,5,12.826926231384277,12.87712574005127,12.850309753417969,12.852805137634277,0.016976802935349516,5,0.05424100160598755,0.05440099909901619,0.05432839989662171,0.05435999855399132,5.8734051482108206e-05,5,0.004399999976158142,0.004559999797493219,0.004511999897658825,0.004519999958574772,5.8787694517986746e-05,5,2880,64,8,32,4,16384,TORCH_SDPA,[8192],[0],"[128, 128, 128, 128, 128, 128, 128, 128, 128, 128, 128, 128, 128, 128, 128, 128, 128, 128, 128, 128, 128, 128, 128, 128, 128, 128, 128, 128, 128, 128, 128, 128, 128, 128, 128, 128, 128, 128, 128, 128, 128, 128, 128, 128, 128, 128, 128, 128, 128, 128, 128, 128, 128, 128, 128, 128, 128, 128, 128, 128, 128, 128, 128, 128, 128, 128, 128, 128, 128, 128, 128, 128, 128, 128, 128, 128, 128, 128, 128, 128, 128, 128, 128, 128, 128, 128, 128, 128, 128, 128, 128, 128, 128, 128, 128, 128]",1,96,96,97,8192,96,8288,128,0.010309278350515464,true_mixed,True,False,True,97,0,0,False,0,0,BF16,CUDA_EVENT,generic,generic,none
0.004399999976158142,0.008559999987483025,0.0052559999749064445,0.00443999981507659,0.0016522663293192647,5,0.018039999529719353,0.1133200004696846,0.0372079998254776,0.018279999494552612,0.03805611383862662,5,0.4789609909057617,0.5790420174598694,0.5001136004924774,0.48124098777770996,0.03948623223004076,5,0.17768099904060364,0.18064099550247192,0.17936079800128937,0.17927999794483185,0.0010601259595649215,5,0.004321000073105097,0.004519999958574772,0.004440199956297875,0.00443999981507659,6.65744480006269e-05,5,2880,64,8,32,4,16384,TORCH_SDPA,"[1024, 1024]","[0, 0]","[4096, 4096, 4096, 4096, 4096, 4096, 4096, 4096]",2,8,8,10,2048,8,2056,4096,0.2,true_mixed,True,False,True,10,0,0,False,0,0,BF16,CUDA_EVENT,generic,generic,none
0.004480000119656324,0.007319999858736992,0.005087999999523163,0.004519999958574772,0.0011166807259368995,5,0.018479999154806137,5.111855983734131,1.0393231965601444,0.020759999752044678,2.0362680621113802,5,0.4848819971084595,0.6390820145606995,0.529705798625946,0.490882009267807,0.05907817406298152,5,0.094480000436306,0.09567999839782715,0.09519259929656983,0.09536100178956985,0.00040990885794354597,5,0.00443999981507659,0.004559999797493219,0.004519999865442515,0.004519999958574772,4.381779817994027e-05,5,2880,64,8,32,4,16384,TORCH_SDPA,"[1024, 1024]","[0, 0]","[2048, 2048]",2,2,2,4,2048,2,2050,2048,0.5,true_mixed,True,False,True,4,0,0,False,0,0,BF16,CUDA_EVENT,generic,generic,none
0.004480000119656324,0.008080000057816505,0.005248000007122755,0.004559999797493219,0.0014165648838199087,5,0.017880000174045563,0.03587999939918518,0.021743999794125557,0.018360000103712082,0.007075076041233956,5,0.47940200567245483,0.5549619793891907,0.496657794713974,0.48256200551986694,0.029190868049556614,5,0.05623999983072281,0.05711999908089638,0.05681620016694069,0.05688000097870827,0.0003165466363465441,5,0.004519999958574772,0.004800000227987766,0.004607999976724386,0.004559999797493219,9.927752221567622e-05,5,2880,64,8,32,4,16384,TORCH_SDPA,"[1024, 1024]","[0, 0]",[1024],2,1,1,3,2048,1,2049,1024,0.6666666666666666,true_mixed,True,False,True,3,0,0,False,0,0,BF16,CUDA_EVENT,generic,generic,none
0.00443999981507659,0.00848000030964613,0.005312000028789043,0.004519999958574772,0.0015848080180455727,5,0.018079999834299088,0.03328000009059906,0.02125599980354309,0.018279999494552612,0.0060135102591797945,5,0.4834020137786865,1.396245002746582,0.6668341994285584,0.48492199182510376,0.36470584439483344,5,0.15192000567913055,0.19084100425243378,0.16024860143661498,0.15264099836349487,0.015304105059001724,5,0.00443999981507659,0.004559999797493219,0.004519999865442515,0.004519999958574772,4.381779817994027e-05,5,2880,64,8,32,4,16384,TORCH_SDPA,"[1024, 1024]","[0, 0]","[4096, 4096]",2,2,2,4,2048,2,2050,4096,0.5,true_mixed,True,False,True,4,0,0,False,0,0,BF16,CUDA_EVENT,generic,generic,none
0.004360000137239695,2.873491048812866,0.5788662097416818,0.004399999976158142,1.1473131286359413,5,0.017799999564886093,0.02544100023806095,0.020568199828267096,0.018479999154806137,0.0030148908090000537,5,0.4864020049571991,1.2225229740142822,0.6478101968765259,0.4882020056247711,0.2885068749570736,5,0.043719999492168427,0.1037599965929985,0.05613599941134453,0.044280000030994415,0.023818144295039832,5,0.00443999981507659,0.007000000216066837,0.004983999952673912,0.004480000119656324,0.0010089520627549324,5,2880,64,8,32,4,16384,TORCH_SDPA,"[1024, 1024]","[0, 0]","[512, 512]",2,2,2,4,2048,2,2050,512,0.5,true_mixed,True,False,True,4,0,0,False,0,0,BF16,CUDA_EVENT,generic,generic,none
0.004399999976158142,0.005319999996572733,0.004615999944508076,0.00443999981507659,0.00035290794922011013,5,0.021800000220537186,0.043719999492168427,0.02629619985818863,0.02199999988079071,0.008712656912512386,5,6.189381122589111,6.225461006164551,6.208877086639404,6.215260982513428,0.015021466330259357,5,0.05967999994754791,0.06136000156402588,0.06053600013256073,0.0602400004863739,0.0006408001198525935,5,0.004399999976158142,0.004600000102072954,0.004487999994307756,0.004480000119656324,6.881866061977869e-05,5,2880,64,8,32,4,16384,TORCH_SDPA,"[4096, 4096]","[0, 0]","[1024, 1024]",2,2,2,4,8192,2,8194,1024,0.5,true_mixed,True,False,True,4,0,0,False,0,0,BF16,CUDA_EVENT,generic,generic,none
0.00431999983265996,0.004679999779909849,0.0044479998759925365,0.004399999976158142,0.00012237642604167394,5,0.017839999869465828,0.043880999088287354,0.023168199881911277,0.018039999529719353,0.010357183632364406,5,0.48624199628829956,0.5862020254135132,0.5070498049259186,0.48736199736595154,0.0395886280428246,5,0.10728099942207336,0.10924100130796432,0.10785660147666931,0.10760000348091125,0.0007078285776046707,5,0.004360000137239695,0.004480000119656324,0.004440000001341105,0.00443999981507659,4.381779818013822e-05,5,2880,64,8,32,4,16384,TORCH_SDPA,"[1024, 1024]","[0, 0]","[2048, 2048, 2048, 2048, 2048, 2048, 2048, 2048]",2,8,8,10,2048,8,2056,2048,0.2,true_mixed,True,False,True,10,0,0,False,0,0,BF16,CUDA_EVENT,generic,generic,none
0.004399999976158142,0.004679999779909849,0.004519999958574772,0.004519999958574772,9.121395257387969e-05,5,0.02199999988079071,0.036479998379945755,0.025072199851274492,0.02232000045478344,0.0057059543410437966,5,6.169742107391357,6.2959818840026855,6.207406139373779,6.180781841278076,0.046237933808215,5,0.09623999893665314,0.0987199991941452,0.09744019955396652,0.09736000001430511,0.0009480837743045071,5,0.004480000119656324,0.004679999779909849,0.004552000015974045,0.004519999958574772,7.756277669888579e-05,5,2880,64,8,32,4,16384,TORCH_SDPA,"[4096, 4096]","[0, 0]","[2048, 2048, 2048, 2048]",2,4,4,6,8192,4,8196,2048,0.3333333333333333,true_mixed,True,False,True,6,0,0,False,0,0,BF16,CUDA_EVENT,generic,generic,none
0.004399999976158142,0.012360000051558018,0.006023999955505133,0.00443999981507659,0.003168303063744515,5,0.017839999869465828,0.08560100197792053,0.03168020024895668,0.018279999494552612,0.02696129104289864,5,0.4858419895172119,0.6372820138931274,0.5165458023548126,0.48676198720932007,0.0603694162432714,5,0.03784000128507614,0.04131999984383583,0.03907999992370605,0.03855999931693077,0.0012542404957170683,5,0.00443999981507659,0.0060800001956522465,0.004791999980807304,0.004480000119656324,0.0006446829782524504,5,2880,64,8,32,4,16384,TORCH_SDPA,"[1024, 1024]","[0, 0]","[128, 128, 128, 128, 128, 128, 128, 128, 128, 128, 128, 128, 128, 128, 128, 128, 128, 128, 128, 128, 128, 128, 128, 128]",2,24,24,26,2048,24,2072,128,0.07692307692307693,true_mixed,True,False,True,26,0,0,False,0,0,BF16,CUDA_EVENT,generic,generic,none
0.00443999981507659,0.004600000102072954,0.004535999894142151,0.004559999797493219,5.4258695995502165e-05,5,0.017839999869465828,0.03440000116825104,0.02139200046658516,0.018160000443458557,0.006506779592646458,5,0.48276200890541077,0.5608819723129272,0.5004575967788696,0.4866020083427429,0.0302566037142424,5,0.03280000016093254,0.03455999866127968,0.03394440039992332,0.034081000834703445,0.0006080499799649283,5,0.004480000119656324,0.004600000102072954,0.004520000051707029,0.004480000119656324,5.059638606401326e-05,5,2880,64,8,32,4,16384,TORCH_SDPA,"[1024, 1024]","[0, 0]","[128, 128, 128, 128, 128, 128, 128, 128]",2,8,8,10,2048,8,2056,128,0.2,true_mixed,True,False,True,10,0,0,False,0,0,BF16,CUDA_EVENT,generic,generic,none
0.00431999983265996,0.008559999987483025,0.005248000007122755,0.004480000119656324,0.0016570624551007296,5,0.017559999600052834,0.03192000091075897,0.021880000084638595,0.020560000091791153,0.005192425726359843,5,0.4854409992694855,0.573881983757019,0.504913592338562,0.48764199018478394,0.03452739560468307,5,0.09776099771261215,0.09872099757194519,0.09820859879255295,0.09824100136756897,0.00031542753651503494,5,0.004399999976158142,0.004480000119656324,0.004448200110346079,0.004480000119656324,3.894818270846999e-05,5,2880,64,8,32,4,16384,TORCH_SDPA,"[1024, 1024]","[0, 0]","[2048, 2048, 2048, 2048]",2,4,4,6,2048,4,2052,2048,0.3333333333333333,true_mixed,True,False,True,6,0,0,False,0,0,BF16,CUDA_EVENT,generic,generic,none
0.004519999958574772,0.0055599999614059925,0.0047599999234080315,0.004559999797493219,0.00040079922342136417,5,0.017799999564886093,0.06015999987721443,0.026480000093579294,0.017960000783205032,0.016842384521575743,5,0.477961003780365,0.5976420044898987,0.503233802318573,0.4795219898223877,0.04721871060447222,5,0.4059610068798065,0.41280099749565125,0.4100413978099823,0.4100419878959656,0.002355329367252486,5,0.004519999958574772,0.004559999797493219,0.004527999926358462,0.004519999958574772,1.5999935567378997e-05,5,2880,64,8,32,4,16384,TORCH_SDPA,"[1024, 1024]","[0, 0]","[4096, 4096, 4096, 4096, 4096, 4096, 4096, 4096, 4096, 4096, 4096, 4096, 4096, 4096, 4096, 4096, 4096, 4096, 4096, 4096, 4096, 4096, 4096, 4096, 4096, 4096, 4096, 4096, 4096, 4096, 4096, 4096]",2,32,32,34,2048,32,2080,4096,0.058823529411764705,true_mixed,True,False,True,34,0,0,False,0,0,BF16,CUDA_EVENT,generic,generic,none
0.004401000216603279,0.005439999978989363,0.004640199989080429,0.00443999981507659,0.00040067961578230707,5,0.017559999600052834,0.030519999563694,0.020967999845743178,0.01860000006854534,0.004819387400219159,5,0.47864198684692383,0.5530019998550415,0.49416179656982423,0.4800019860267639,0.029428038421122186,5,0.09675999730825424,0.10019999742507935,0.09804819822311402,0.09787999838590622,0.0012372148053354725,5,0.004360000137239695,0.0063599999994039536,0.004912000056356192,0.004399999976158142,0.0007670827784472255,5,2880,64,8,32,4,16384,TORCH_SDPA,"[1024, 1024]","[0, 0]","[1024, 1024, 1024, 1024, 1024, 1024, 1024, 1024, 1024, 1024, 1024, 1024, 1024, 1024, 1024, 1024, 1024, 1024, 1024, 1024, 1024, 1024, 1024, 1024, 1024, 1024, 1024, 1024, 1024, 1024, 1024, 1024]",2,32,32,34,2048,32,2080,1024,0.058823529411764705,true_mixed,True,False,True,34,0,0,False,0,0,BF16,CUDA_EVENT,generic,generic,none
0.00443999981507659,0.007840000092983246,0.00533600002527237,0.004600000102072954,0.00127864932586614,5,0.017680000513792038,0.02744000032544136,0.020024000480771065,0.01860000006854534,0.003731860571627636,5,0.47596099972724915,0.5441219806671143,0.4916815936565399,0.47932198643684387,0.026259083004378878,5,0.2856009900569916,0.28860101103782654,0.2871370017528534,0.2870810031890869,0.0011414018737019855,5,0.004399999976158142,0.004600000102072954,0.004496000055223703,0.004480000119656324,6.499233210529004e-05,5,2880,64,8,32,4,16384,TORCH_SDPA,"[1024, 1024]","[0, 0]","[8192, 8192, 8192, 8192]",2,4,4,6,2048,4,2052,8192,0.3333333333333333,true_mixed,True,False,True,6,0,0,False,0,0,BF16,CUDA_EVENT,generic,generic,none
0.00443999981507659,0.004600000102072954,0.004487999994307756,0.004480000119656324,5.878784660240829e-05,5,0.018400000408291817,0.07636000216007233,0.030176200345158576,0.01868000067770481,0.023092888334380515,5,0.48124200105667114,0.6340420246124268,0.5130097985267639,0.48396098613739014,0.0605306190730823,5,0.0745600014925003,0.07571999728679657,0.0750563994050026,0.07503999769687653,0.0004443443327328125,5,0.004480000119656324,0.005239999853074551,0.004679999873042106,0.004559999797493219,0.0002817090461401363,5,2880,64,8,32,4,16384,TORCH_SDPA,"[1024, 1024]","[0, 0]","[1024, 1024, 1024, 1024, 1024, 1024, 1024, 1024, 1024, 1024, 1024, 1024, 1024, 1024, 1024, 1024]",2,16,16,18,2048,16,2064,1024,0.1111111111111111,true_mixed,True,False,True,18,0,0,False,0,0,BF16,CUDA_EVENT,generic,generic,none
0.004279999993741512,0.00443999981507659,0.004391999915242195,0.004399999976158142,5.8787694517986746e-05,5,0.018519999459385872,0.036559998989105225,0.02255999967455864,0.019200000911951065,0.007012719538341675,5,0.4770820140838623,0.7049620151519775,0.5234260082244873,0.47804200649261475,0.09077336554923501,5,0.5876020193099976,0.595441997051239,0.5905940055847168,0.5889620184898376,0.003160387925955705,5,0.004399999976158142,0.004559999797493219,0.004463999904692173,0.00443999981507659,5.4258613605923594e-05,5,2880,64,8,32,4,16384,TORCH_SDPA,"[1024, 1024]","[0, 0]","[4096, 4096, 4096, 4096, 4096, 4096, 4096, 4096, 4096, 4096, 4096, 4096, 4096, 4096, 4096, 4096, 4096, 4096, 4096, 4096, 4096, 4096, 4096, 4096, 4096, 4096, 4096, 4096, 4096, 4096, 4096, 4096, 4096, 4096, 4096, 4096, 4096, 4096, 4096, 4096, 4096, 4096, 4096, 4096, 4096, 4096, 4096, 4096]",2,48,48,50,2048,48,2096,4096,0.04,true_mixed,True,False,True,50,0,0,False,0,0,BF16,CUDA_EVENT,generic,generic,none
0.004360000137239695,0.009119999594986439,0.005351999867707491,0.00443999981507659,0.0018842333929494992,5,0.01744000054895878,0.02680099941790104,0.020976199954748153,0.018959999084472656,0.0036147465761852157,5,0.47244200110435486,0.6198819875717163,0.502457594871521,0.4731209874153137,0.05871536171043878,5,0.390841007232666,0.39736101031303406,0.3933134078979492,0.3935210108757019,0.002382912117599633,5,0.00443999981507659,0.004519999958574772,0.004463999904692173,0.00443999981507659,3.2000080682464336e-05,5,2880,64,8,32,4,16384,TORCH_SDPA,"[1024, 1024]","[0, 0]","[8192, 8192, 8192, 8192, 8192, 8192, 8192, 8192, 8192, 8192, 8192, 8192, 8192, 8192, 8192, 8192]",2,16,16,18,2048,16,2064,8192,0.1111111111111111,true_mixed,True,False,True,18,0,0,False,0,0,BF16,CUDA_EVENT,generic,generic,none
0.004519999958574772,0.005080000031739473,0.0046639999374747275,0.004559999797493219,0.00020953286592573762,5,0.017920000478625298,0.026600999757647514,0.019936199858784677,0.018239999189972878,0.0033532087641363452,5,0.4691210091114044,0.5413209795951843,0.4862093925476074,0.47276198863983154,0.02762702233417516,5,0.3574019968509674,0.3654809892177582,0.3612491965293884,0.36124101281166077,0.002828425060434819,5,0.00443999981507659,0.005160000175237656,0.004624000005424023,0.004480000119656324,0.00027082105269182505,5,2880,64,8,32,4,16384,TORCH_SDPA,"[1024, 1024]","[0, 0]","[4096, 4096, 4096, 4096, 4096, 4096, 4096, 4096, 4096, 4096, 4096, 4096, 4096, 4096, 4096, 4096, 4096, 4096, 4096, 4096, 4096, 4096, 4096, 4096]",2,24,24,26,2048,24,2072,4096,0.07692307692307693,true_mixed,True,False,True,26,0,0,False,0,0,BF16,CUDA_EVENT,generic,generic,none
0.004360000137239695,0.004679999779909849,0.004527999926358462,0.004559999797493219,0.00010552710511742298,5,0.022040000185370445,0.06227999925613403,0.030576200038194657,0.022840000689029694,0.015855078093364235,5,6.2054619789123535,6.306902885437012,6.239238834381103,6.206583023071289,0.04213223862105383,5,0.3165209889411926,0.33180201053619385,0.32334519624710084,0.3221209943294525,0.005412225099445252,5,0.004480000119656324,0.004639999940991402,0.0045679999515414235,0.004559999797493219,5.306596546984384e-05,5,2880,64,8,32,4,16384,TORCH_SDPA,"[4096, 4096]","[0, 0]","[8192, 8192, 8192, 8192, 8192, 8192, 8192, 8192]",2,8,8,10,8192,8,8200,8192,0.2,true_mixed,True,False,True,10,0,0,False,0,0,BF16,CUDA_EVENT,generic,generic,none
0.004399999976158142,0.009720000438392162,0.005616000015288591,0.00443999981507659,0.0020675939878110274,5,0.018239999189972878,0.03044000081717968,0.021144000068306922,0.018640000373125076,0.004679665345605883,5,0.47408199310302734,0.598281979560852,0.5182659983634949,0.48120200634002686,0.05230508469823039,5,0.05503999814391136,0.0565200001001358,0.0556719996035099,0.05559999868273735,0.00047893259388660255,5,0.004399999976158142,0.004480000119656324,0.004431999940425158,0.00443999981507659,2.9933287895859092e-05,5,2880,64,8,32,4,16384,TORCH_SDPA,"[1024, 1024]","[0, 0]","[128, 128, 128, 128, 128, 128, 128, 128, 128, 128, 128, 128, 128, 128, 128, 128, 128, 128, 128, 128, 128, 128, 128, 128, 128, 128, 128, 128, 128, 128, 128, 128, 128, 128, 128, 128, 128, 128, 128, 128, 128, 128, 128, 128, 128, 128, 128, 128, 128, 128, 128, 128, 128, 128, 128, 128, 128, 128, 128, 128, 128, 128, 128, 128, 128, 128, 128, 128, 128, 128, 128, 128, 128, 128, 128, 128, 128, 128, 128, 128, 128, 128, 128, 128, 128, 128, 128, 128, 128, 128, 128, 128, 128, 128, 128, 128]",2,96,96,98,2048,96,2144,128,0.02040816326530612,true_mixed,True,False,True,98,0,0,False,0,0,BF16,CUDA_EVENT,generic,generic,none
0.004559999797493219,0.041760001331567764,0.012584000267088414,0.005160000175237656,0.014610278561630465,5,0.017960000783205032,0.035521000623703,0.021720200404524805,0.018319999799132347,0.006904589899052185,5,0.48124200105667114,0.5798019766807556,0.5020659923553467,0.483161985874176,0.038877453696557145,5,0.04287999868392944,0.044119998812675476,0.04350399971008301,0.04360000044107437,0.0004501377414939992,5,0.00443999981507659,0.007600000128149986,0.005127999931573868,0.004519999958574772,0.0012366148324213222,5,2880,64,8,32,4,16384,TORCH_SDPA,"[1024, 1024]","[0, 0]","[128, 128, 128, 128, 128, 128, 128, 128, 128, 128, 128, 128, 128, 128, 128, 128, 128, 128, 128, 128, 128, 128, 128, 128, 128, 128, 128, 128, 128, 128, 128, 128, 128, 128, 128, 128, 128, 128, 128, 128, 128, 128, 128, 128, 128, 128, 128, 128]",2,48,48,50,2048,48,2096,128,0.04,true_mixed,True,False,True,50,0,0,False,0,0,BF16,CUDA_EVENT,generic,generic,none
0.004480000119656324,0.01664000004529953,0.006936200056225061,0.004519999958574772,0.004851992756043987,5,0.017480000853538513,0.03180000185966492,0.020696000754833223,0.017920000478625298,0.005560466719283337,5,0.4792419970035553,0.5479620099067688,0.4963617980480194,0.48548200726509094,0.025940107887291588,5,0.05127999931573868,0.05451999977231026,0.05244819968938828,0.052239999175071716,0.0010960498682729104,5,0.004480000119656324,0.005040000192821026,0.004640000034123659,0.004519999958574772,0.00020707493129346147,5,2880,64,8,32,4,16384,TORCH_SDPA,"[1024, 1024]","[0, 0]","[512, 512, 512, 512, 512, 512, 512, 512, 512, 512, 512, 512, 512, 512, 512, 512]",2,16,16,18,2048,16,2064,512,0.1111111111111111,true_mixed,True,False,True,18,0,0,False,0,0,BF16,CUDA_EVENT,generic,generic,none
0.004360000137239695,0.004600000102072954,0.00447199996560812,0.00443999981507659,8.158433070443462e-05,5,0.018161000683903694,0.026119999587535858,0.01988840028643608,0.018360000103712082,0.003119642224936566,5,0.4757620096206665,2.284048080444336,0.8540590167045593,0.48072099685668945,0.715535144011629,5,0.15928100049495697,0.16208100318908691,0.16081640422344207,0.16072000563144684,0.0009331008419895519,5,0.004480000119656324,0.004639999940991402,0.004543999955058098,0.004519999958574772,5.425858614264964e-05,5,2880,64,8,32,4,16384,TORCH_SDPA,"[1024, 1024]","[0, 0]","[1024, 1024, 1024, 1024, 1024, 1024, 1024, 1024, 1024, 1024, 1024, 1024, 1024, 1024, 1024, 1024, 1024, 1024, 1024, 1024, 1024, 1024, 1024, 1024, 1024, 1024, 1024, 1024, 1024, 1024, 1024, 1024, 1024, 1024, 1024, 1024, 1024, 1024, 1024, 1024, 1024, 1024, 1024, 1024, 1024, 1024, 1024, 1024, 1024, 1024, 1024, 1024, 1024, 1024, 1024, 1024, 1024, 1024, 1024, 1024, 1024, 1024, 1024, 1024]",2,64,64,66,2048,64,2112,1024,0.030303030303030304,true_mixed,True,False,True,66,0,0,False,0,0,BF16,CUDA_EVENT,generic,generic,none
0.004399999976158142,0.008080000057816505,0.005879999976605177,0.004519999958574772,0.0017481419441157569,5,0.02223999984562397,0.03099999949336052,0.024983999505639076,0.02459999918937683,0.003176775668382689,5,6.181382179260254,6.217021942138672,6.1953658103942875,6.194382190704346,0.012148085279267258,5,0.15756100416183472,0.16315999627113342,0.1609124004840851,0.16232000291347504,0.0022666128312244355,5,0.004360000137239695,0.004519999958574772,0.004440000001341105,0.00443999981507659,5.656851225467499e-05,5,2880,64,8,32,4,16384,TORCH_SDPA,"[4096, 4096]","[0, 0]","[4096, 4096, 4096, 4096]",2,4,4,6,8192,4,8196,4096,0.3333333333333333,true_mixed,True,False,True,6,0,0,False,0,0,BF16,CUDA_EVENT,generic,generic,none
0.004519999958574772,0.005439999978989363,0.004744199942797423,0.004600000102072954,0.0003491798590327315,5,0.018200000748038292,3.2447710037231445,0.6653064008802175,0.018480999395251274,1.2897363297301663,5,0.48708099126815796,0.6074020266532898,0.5246096134185791,0.4876820147037506,0.048606834395347076,5,0.049559999257326126,0.05000000074505806,0.04984799921512604,0.049959998577833176,0.00016666145784571126,5,0.004559999797493219,0.004639999940991402,0.00459199994802475,0.004600000102072954,2.9933337677144675e-05,5,2880,64,8,32,4,16384,TORCH_SDPA,"[1024, 1024]","[0, 0]","[128, 128, 128, 128, 128, 128, 128, 128, 128, 128, 128, 128, 128, 128, 128, 128, 128, 128, 128, 128, 128, 128, 128, 128, 128, 128, 128, 128, 128, 128, 128, 128, 128, 128, 128, 128, 128, 128, 128, 128, 128, 128, 128, 128, 128, 128, 128, 128, 128, 128, 128, 128, 128, 128, 128, 128, 128, 128, 128, 128, 128, 128, 128, 128]",2,64,64,66,2048,64,2112,128,0.030303030303030304,true_mixed,True,False,True,66,0,0,False,0,0,BF16,CUDA_EVENT,generic,generic,none
0.004399999976158142,0.01155999954789877,0.005856199841946364,0.00443999981507659,0.002851942657293538,5,0.02168099954724312,0.063680000603199,0.03045640029013157,0.022120000794529915,0.01661544079212977,5,6.178222179412842,6.289742946624756,6.2131742477417,6.196102142333984,0.040546923749162606,5,0.05655999854207039,0.058559998869895935,0.057415999472141266,0.05747999995946884,0.0007167040323777724,5,0.00443999981507659,0.004480000119656324,0.0044479998759925365,0.00443999981507659,1.600012183189392e-05,5,2880,64,8,32,4,16384,TORCH_SDPA,"[4096, 4096]","[0, 0]",[1024],2,1,1,3,8192,1,8193,1024,0.6666666666666666,true_mixed,True,False,True,3,0,0,False,0,0,BF16,CUDA_EVENT,generic,generic,none
0.004279999993741512,0.004480000119656324,0.004416000004857779,0.00443999981507659,7.418898061168758e-05,5,0.017720000818371773,0.0451200008392334,0.02353600040078163,0.018239999189972878,0.010794386903492926,5,0.47932198643684387,0.6290019750595093,0.510657787322998,0.48180198669433594,0.05918228939982791,5,0.06375999748706818,0.06644000113010406,0.06456020027399063,0.064240001142025,0.0009851793060906403,5,0.004360000137239695,0.004480999894440174,0.004440199956297875,0.00443999981507659,4.400177052291528e-05,5,2880,64,8,32,4,16384,TORCH_SDPA,"[1024, 1024]","[0, 0]","[512, 512, 512, 512, 512, 512, 512, 512, 512, 512, 512, 512, 512, 512, 512, 512, 512, 512, 512, 512, 512, 512, 512, 512, 512, 512, 512, 512, 512, 512, 512, 512]",2,32,32,34,2048,32,2080,512,0.058823529411764705,true_mixed,True,False,True,34,0,0,False,0,0,BF16,CUDA_EVENT,generic,generic,none
0.004480000119656324,0.006440000142902136,0.004888000059872865,0.004480000119656324,0.0007766183468723981,5,0.021880000829696655,0.04532000049948692,0.0268800001591444,0.022439999505877495,0.009224177082584967,5,6.157301902770996,6.228941917419434,6.1952461242675785,6.186421871185303,0.02642407673061901,5,0.055319998413324356,0.05751999840140343,0.05605619922280312,0.05580100044608116,0.0007616569891590094,5,0.00443999981507659,0.004681000020354986,0.00451220003888011,0.004480000119656324,8.581003491113604e-05,5,2880,64,8,32,4,16384,TORCH_SDPA,"[4096, 4096]","[0, 0]","[512, 512, 512, 512, 512, 512, 512, 512, 512, 512, 512, 512, 512, 512, 512, 512, 512, 512, 512, 512, 512, 512, 512, 512]",2,24,24,26,8192,24,8216,512,0.07692307692307693,true_mixed,True,False,True,26,0,0,False,0,0,BF16,CUDA_EVENT,generic,generic,none
0.004399999976158142,0.0408409982919693,0.011736199632287026,0.004480000119656324,0.014552454303559089,5,0.01708099991083145,0.10524000227451324,0.03519220054149628,0.017720000818371773,0.03502582521383306,5,0.4752019941806793,0.8260830044746399,0.5469375967979431,0.4780009984970093,0.13957943085945193,5,0.3199610114097595,0.3232809901237488,0.32182520627975464,0.32168200612068176,0.0012528344135894162,5,0.004399999976158142,0.005080999806523323,0.00469619994983077,0.004559999797493219,0.0002722824616718946,5,2880,64,8,32,4,16384,TORCH_SDPA,"[1024, 1024]","[0, 0]","[8192, 8192, 8192, 8192, 8192, 8192, 8192, 8192]",2,8,8,10,2048,8,2056,8192,0.2,true_mixed,True,False,True,10,0,0,False,0,0,BF16,CUDA_EVENT,generic,generic,none
0.004480000119656324,0.01720000058412552,0.007048000115901232,0.004519999958574772,0.005076086915096999,5,0.01775999926030636,0.027480000630021095,0.020703999698162077,0.018799999728798866,0.0035564121672807094,5,0.46904098987579346,6.587984085083008,1.714198213815689,0.48288199305534363,2.437076560192337,5,1.1458450555801392,1.1884440183639526,1.1683724164962768,1.1724439859390259,0.016689623235988695,5,0.004399999976158142,0.004600000102072954,0.004496000055223703,0.004480000119656324,6.499233210529004e-05,5,2880,64,8,32,4,16384,TORCH_SDPA,"[1024, 1024]","[0, 0]","[4096, 4096, 4096, 4096, 4096, 4096, 4096, 4096, 4096, 4096, 4096, 4096, 4096, 4096, 4096, 4096, 4096, 4096, 4096, 4096, 4096, 4096, 4096, 4096, 4096, 4096, 4096, 4096, 4096, 4096, 4096, 4096, 4096, 4096, 4096, 4096, 4096, 4096, 4096, 4096, 4096, 4096, 4096, 4096, 4096, 4096, 4096, 4096, 4096, 4096, 4096, 4096, 4096, 4096, 4096, 4096, 4096, 4096, 4096, 4096, 4096, 4096, 4096, 4096, 4096, 4096, 4096, 4096, 4096, 4096, 4096, 4096, 4096, 4096, 4096, 4096, 4096, 4096, 4096, 4096, 4096, 4096, 4096, 4096, 4096, 4096, 4096, 4096, 4096, 4096, 4096, 4096, 4096, 4096, 4096, 4096]",2,96,96,98,2048,96,2144,4096,0.02040816326530612,true_mixed,True,False,True,98,0,0,False,0,0,BF16,CUDA_EVENT,generic,generic,none
0.004399999976158142,0.004639999940991402,0.004503999929875135,0.004480000119656324,8.616261852424196e-05,5,0.018039999529719353,0.030079999938607216,0.020687999948859215,0.01844000071287155,0.004699644247819701,5,0.48092201352119446,0.5506420135498047,0.496681809425354,0.4842810034751892,0.027034021899349683,5,0.20524099469184875,0.20704099535942078,0.206208798289299,0.20612099766731262,0.0007344666829538617,5,0.00443999981507659,0.005080000031739473,0.004719999991357327,0.004519999958574772,0.00029502545937496946,5,2880,64,8,32,4,16384,TORCH_SDPA,"[1024, 1024]","[0, 0]","[2048, 2048, 2048, 2048, 2048, 2048, 2048, 2048, 2048, 2048, 2048, 2048, 2048, 2048, 2048, 2048, 2048, 2048, 2048, 2048, 2048, 2048, 2048, 2048]",2,24,24,26,2048,24,2072,2048,0.07692307692307693,true_mixed,True,False,True,26,0,0,False,0,0,BF16,CUDA_EVENT,generic,generic,none
0.004480000119656324,0.004639999940991402,0.004535999987274409,0.004519999958574772,5.986643889284003e-05,5,0.018559999763965607,0.035760000348091125,0.022104000300168992,0.01868000067770481,0.0068291422882688045,5,0.47620099782943726,0.5591220259666443,0.4935696065425873,0.4773220121860504,0.0327896517302914,5,0.21008099615573883,0.2128410041332245,0.21130500137805938,0.21144099533557892,0.0009504874965279145,5,0.004519999958574772,0.004600000102072954,0.00457600001245737,0.004600000102072954,3.2000080682464336e-05,5,2880,64,8,32,4,16384,TORCH_SDPA,"[1024, 1024]","[0, 0]","[1024, 1024, 1024, 1024, 1024, 1024, 1024, 1024, 1024, 1024, 1024, 1024, 1024, 1024, 1024, 1024, 1024, 1024, 1024, 1024, 1024, 1024, 1024, 1024, 1024, 1024, 1024, 1024, 1024, 1024, 1024, 1024, 1024, 1024, 1024, 1024, 1024, 1024, 1024, 1024, 1024, 1024, 1024, 1024, 1024, 1024, 1024, 1024, 1024, 1024, 1024, 1024, 1024, 1024, 1024, 1024, 1024, 1024, 1024, 1024, 1024, 1024, 1024, 1024, 1024, 1024, 1024, 1024, 1024, 1024, 1024, 1024, 1024, 1024, 1024, 1024, 1024, 1024, 1024, 1024, 1024, 1024, 1024, 1024, 1024, 1024, 1024, 1024, 1024, 1024, 1024, 1024, 1024, 1024, 1024, 1024]",2,96,96,98,2048,96,2144,1024,0.02040816326530612,true_mixed,True,False,True,98,0,0,False,0,0,BF16,CUDA_EVENT,generic,generic,none
0.004399999976158142,0.053321000188589096,0.014224200043827295,0.004480000119656324,0.019548422580708397,5,0.017880000174045563,0.03968000039458275,0.022792000323534012,0.01892000064253807,0.008453899487644027,5,0.47512099146842957,0.6240419745445251,0.5076253890991211,0.4776409864425659,0.0583040230621136,5,0.3158409893512726,0.3248409926891327,0.32024139165878296,0.3199619948863983,0.0029839021802917135,5,0.004360000137239695,0.005160000175237656,0.00457600001245737,0.00443999981507659,0.00029459131793536827,5,2880,64,8,32,4,16384,TORCH_SDPA,"[1024, 1024]","[0, 0]","[2048, 2048, 2048, 2048, 2048, 2048, 2048, 2048, 2048, 2048, 2048, 2048, 2048, 2048, 2048, 2048, 2048, 2048, 2048, 2048, 2048, 2048, 2048, 2048, 2048, 2048, 2048, 2048, 2048, 2048, 2048, 2048, 2048, 2048, 2048, 2048, 2048, 2048, 2048, 2048, 2048, 2048, 2048, 2048, 2048, 2048, 2048, 2048]",2,48,48,50,2048,48,2096,2048,0.04,true_mixed,True,False,True,50,0,0,False,0,0,BF16,CUDA_EVENT,generic,generic,none
0.004480000119656324,0.012120000086724758,0.006016000080853701,0.004480000119656324,0.003052039320845243,5,0.021959999576210976,0.04108000174164772,0.02611200027167797,0.022439999505877495,0.0074917946392127266,5,6.1780619621276855,6.292342185974121,6.229422378540039,6.223622798919678,0.036632628935804226,5,0.1509609967470169,0.16224099695682526,0.1553846001625061,0.15520000457763672,0.0037879076024446906,5,0.004399999976158142,0.0060800001956522465,0.004800000041723251,0.004519999958574772,0.0006414983226415317,5,2880,64,8,32,4,16384,TORCH_SDPA,"[4096, 4096]","[0, 0]","[4096, 4096]",2,2,2,4,8192,2,8194,4096,0.5,true_mixed,True,False,True,4,0,0,False,0,0,BF16,CUDA_EVENT,generic,generic,none
0.00443999981507659,0.007079999893903732,0.005287999846041202,0.004559999797493219,0.0010563030272040409,5,0.018079999834299088,0.03240000084042549,0.02107199989259243,0.018239999189972878,0.005666090478620747,5,0.46876201033592224,0.550682008266449,0.4878578007221222,0.4734809994697571,0.031466176627094854,5,0.7534430027008057,0.7609630227088928,0.7574348092079163,0.7586830258369446,0.002742898631677496,5,0.004480000119656324,0.004559999797493219,0.004527999926358462,0.004519999958574772,2.993313855179537e-05,5,2880,64,8,32,4,16384,TORCH_SDPA,"[1024, 1024]","[0, 0]","[8192, 8192, 8192, 8192, 8192, 8192, 8192, 8192, 8192, 8192, 8192, 8192, 8192, 8192, 8192, 8192, 8192, 8192, 8192, 8192, 8192, 8192, 8192, 8192, 8192, 8192, 8192, 8192, 8192, 8192, 8192, 8192]",2,32,32,34,2048,32,2080,8192,0.058823529411764705,true_mixed,True,False,True,34,0,0,False,0,0,BF16,CUDA_EVENT,generic,generic,none
0.004399999976158142,0.011760000139474869,0.005927999969571829,0.004519999958574772,0.0029163704320039523,5,0.02191999927163124,0.047759998589754105,0.02731199935078621,0.022439999505877495,0.010227097748122464,5,6.140542030334473,6.354183197021484,6.231998252868652,6.221062183380127,0.07027486229972303,5,0.03612000122666359,0.037080999463796616,0.036520400643348695,0.03620000183582306,0.0004582401055140189,5,0.00443999981507659,0.004559999797493219,0.004487999901175499,0.004480000119656324,4.664761897177434e-05,5,2880,64,8,32,4,16384,TORCH_SDPA,"[4096, 4096]","[0, 0]","[128, 128, 128, 128, 128, 128, 128, 128, 128, 128, 128, 128, 128, 128, 128, 128]",2,16,16,18,8192,16,8208,128,0.1111111111111111,true_mixed,True,False,True,18,0,0,False,0,0,BF16,CUDA_EVENT,generic,generic,none
0.004360000137239695,0.004559999797493219,0.00447199996560812,0.004480000119656324,6.881851987655175e-05,5,0.02199999988079071,0.03723999857902527,0.025351999700069426,0.022360000759363174,0.005957577448569571,5,6.164022922515869,6.2314629554748535,6.198190402984619,6.199781894683838,0.026152162359894995,5,0.2160010039806366,0.22144100069999695,0.21792879998683928,0.21775999665260315,0.0019933495592598487,5,0.004519999958574772,0.004639999940991402,0.0045599998906254765,0.004559999797493219,4.381779817994027e-05,5,2880,64,8,32,4,16384,TORCH_SDPA,"[4096, 4096]","[0, 0]","[2048, 2048, 2048, 2048, 2048, 2048, 2048, 2048, 2048, 2048, 2048, 2048, 2048, 2048, 2048, 2048, 2048, 2048, 2048, 2048, 2048, 2048, 2048, 2048, 2048, 2048, 2048, 2048, 2048, 2048, 2048, 2048]",2,32,32,34,8192,32,8224,2048,0.058823529411764705,true_mixed,True,False,True,34,0,0,False,0,0,BF16,CUDA_EVENT,generic,generic,none
0.004279999993741512,0.004480000119656324,0.004399999976158142,0.00443999981507659,8.39047695577343e-05,5,0.017720000818371773,0.07047999650239944,0.02892799973487854,0.018559999763965607,0.020783182356386865,5,0.480800986289978,0.5938019752502441,0.505769795179367,0.48468199372291565,0.044080825294932215,5,0.05575999990105629,0.05760100111365318,0.05660020038485527,0.056439999490976334,0.0006021964938592375,5,0.00431999983265996,0.004480000119656324,0.004416000004857779,0.004399999976158142,5.986662557258982e-05,5,2880,64,8,32,4,16384,TORCH_SDPA,"[1024, 1024]","[0, 0]","[512, 512, 512, 512, 512, 512, 512, 512, 512, 512, 512, 512, 512, 512, 512, 512, 512, 512, 512, 512, 512, 512, 512, 512]",2,24,24,26,2048,24,2072,512,0.07692307692307693,true_mixed,True,False,True,26,0,0,False,0,0,BF16,CUDA_EVENT,generic,generic,none
0.004360999912023544,0.004561000037938356,0.0044963999651372434,0.004519999958574772,7.399621218259661e-05,5,0.02199999988079071,0.042681001126766205,0.026344600319862365,0.02232000045478344,0.008170300983094573,5,6.180902004241943,6.234181880950928,6.2111180305480955,6.222102165222168,0.019533758087631272,5,0.0326399989426136,0.033399999141693115,0.033071999251842496,0.03311999887228012,0.00024709534046153425,5,0.004519999958574772,0.004639999940991402,0.004575999919325113,0.004559999797493219,4.079219274941178e-05,5,2880,64,8,32,4,16384,TORCH_SDPA,"[4096, 4096]","[0, 0]","[128, 128]",2,2,2,4,8192,2,8194,128,0.5,true_mixed,True,False,True,4,0,0,False,0,0,BF16,CUDA_EVENT,generic,generic,none
0.004360000137239695,0.014999999664723873,0.006535999849438668,0.00443999981507659,0.004232113326761832,5,0.017999999225139618,0.07408100366592407,0.029480400308966637,0.018081000074744225,0.02230526922194184,5,0.4726020097732544,0.6225219964981079,0.5029375970363616,0.4728409945964813,0.059794300402801676,5,1.5103260278701782,1.5256459712982178,1.5157096147537232,1.5132050514221191,0.005501375239314353,5,0.004399999976158142,0.004559999797493219,0.004463999904692173,0.00443999981507659,5.4258613605923594e-05,5,2880,64,8,32,4,16384,TORCH_SDPA,"[1024, 1024]","[0, 0]","[8192, 8192, 8192, 8192, 8192, 8192, 8192, 8192, 8192, 8192, 8192, 8192, 8192, 8192, 8192, 8192, 8192, 8192, 8192, 8192, 8192, 8192, 8192, 8192, 8192, 8192, 8192, 8192, 8192, 8192, 8192, 8192, 8192, 8192, 8192, 8192, 8192, 8192, 8192, 8192, 8192, 8192, 8192, 8192, 8192, 8192, 8192, 8192, 8192, 8192, 8192, 8192, 8192, 8192, 8192, 8192, 8192, 8192, 8192, 8192, 8192, 8192, 8192, 8192]",2,64,64,66,2048,64,2112,8192,0.030303030303030304,true_mixed,True,False,True,66,0,0,False,0,0,BF16,CUDA_EVENT,generic,generic,none
0.004360000137239695,0.004519999958574772,0.004440000001341105,0.00443999981507659,5.656851225467499e-05,5,0.021479999646544456,0.022840000689029694,0.02219200022518635,0.022360000759363174,0.00048819696217252756,5,6.18138313293457,6.273983001708984,6.217655086517334,6.207743167877197,0.0314506376292491,5,0.034040000289678574,0.034641001373529434,0.03432819992303848,0.034279998391866684,0.00020174517045396675,5,0.004399999976158142,0.004519999958574772,0.004472000058740377,0.004480000119656324,3.9191849152437796e-05,5,2880,64,8,32,4,16384,TORCH_SDPA,"[4096, 4096]","[0, 0]","[128, 128, 128, 128, 128, 128, 128, 128]",2,8,8,10,8192,8,8200,128,0.2,true_mixed,True,False,True,10,0,0,False,0,0,BF16,CUDA_EVENT,generic,generic,none
0.004360000137239695,0.008080000057816505,0.0051680000498890875,0.004480000119656324,0.0014570984895061207,5,0.021880000829696655,0.03539999946951866,0.024856000021100045,0.0221599992364645,0.005282459765953664,5,6.184622764587402,6.246303081512451,6.224678802490234,6.2313032150268555,0.02174351075623259,5,0.0854400023818016,0.08991999924182892,0.08768799901008606,0.08743999898433685,0.0015150223787334916,5,0.004399999976158142,0.004559999797493219,0.004463999904692173,0.00443999981507659,6.499226332255945e-05,5,2880,64,8,32,4,16384,TORCH_SDPA,"[4096, 4096]","[0, 0]","[1024, 1024, 1024, 1024, 1024, 1024, 1024, 1024, 1024, 1024, 1024, 1024, 1024, 1024, 1024, 1024, 1024, 1024, 1024, 1024, 1024, 1024, 1024, 1024]",2,24,24,26,8192,24,8216,1024,0.07692307692307693,true_mixed,True,False,True,26,0,0,False,0,0,BF16,CUDA_EVENT,generic,generic,none
0.004360000137239695,0.004480000119656324,0.004408000037074089,0.004399999976158142,3.9191849152437796e-05,5,0.017680000513792038,0.050360001623630524,0.024664000421762467,0.01844000071287155,0.012853503777585904,5,0.4787609875202179,0.5818420052528381,0.5012578010559082,0.482122004032135,0.04031845191430633,5,0.22088100016117096,0.22640100121498108,0.22372080087661744,0.22356100380420685,0.0020612979107546676,5,0.004399999976158142,0.004480000119656324,0.004440199956297875,0.00443999981507659,2.5301429518424846e-05,5,2880,64,8,32,4,16384,TORCH_SDPA,"[1024, 1024]","[0, 0]","[2048, 2048, 2048, 2048, 2048, 2048, 2048, 2048, 2048, 2048, 2048, 2048, 2048, 2048, 2048, 2048, 2048, 2048, 2048, 2048, 2048, 2048, 2048, 2048, 2048, 2048, 2048, 2048, 2048, 2048, 2048, 2048]",2,32,32,34,2048,32,2080,2048,0.058823529411764705,true_mixed,True,False,True,34,0,0,False,0,0,BF16,CUDA_EVENT,generic,generic,none
0.00443999981507659,0.004600000102072954,0.004519999958574772,0.004519999958574772,5.656857810916412e-05,5,0.021800000220537186,0.032919999212026596,0.024272000044584276,0.02223999984562397,0.004327282331676392,5,6.136063098907471,6.198183059692383,6.1658707618713375,6.167781829833984,0.02244353639993992,5,0.14680099487304688,0.14956100285053253,0.14801700115203859,0.1480810046195984,0.0009269665520981004,5,0.004480000119656324,0.004639999940991402,0.004543999955058098,0.004519999958574772,5.425858614264964e-05,5,2880,64,8,32,4,16384,TORCH_SDPA,"[4096, 4096]","[0, 0]",[4096],2,1,1,3,8192,1,8193,4096,0.6666666666666666,true_mixed,True,False,True,3,0,0,False,0,0,BF16,CUDA_EVENT,generic,generic,none
0.004480000119656324,0.011640000157058239,0.005967999994754791,0.004559999797493219,0.0028364936901930492,5,0.017999999225139618,0.047759998589754105,0.024208199977874757,0.018400000408291817,0.011778051996082516,5,0.4786820113658905,0.6100419759750366,0.507737797498703,0.48444199562072754,0.05121371603970201,5,0.0976409986615181,0.10019999742507935,0.09892840087413787,0.09892000257968903,0.0008093906615308167,5,0.004519999958574772,0.004679999779909849,0.004599999915808439,0.004600000102072954,5.656851225467499e-05,5,2880,64,8,32,4,16384,TORCH_SDPA,"[1024, 1024]","[0, 0]","[512, 512, 512, 512, 512, 512, 512, 512, 512, 512, 512, 512, 512, 512, 512, 512, 512, 512, 512, 512, 512, 512, 512, 512, 512, 512, 512, 512, 512, 512, 512, 512, 512, 512, 512, 512, 512, 512, 512, 512, 512, 512, 512, 512, 512, 512, 512, 512, 512, 512, 512, 512, 512, 512, 512, 512, 512, 512, 512, 512, 512, 512, 512, 512]",2,64,64,66,2048,64,2112,512,0.030303030303030304,true_mixed,True,False,True,66,0,0,False,0,0,BF16,CUDA_EVENT,generic,generic,none
0.004559999797493219,0.015799999237060547,0.007199999876320362,0.004600000102072954,0.004359522603861753,5,0.02151999995112419,0.05992000177502632,0.030136000365018845,0.023000000044703484,0.01490914635361053,5,6.153462886810303,6.303903102874756,6.211646938323975,6.19346284866333,0.053517057929364655,5,0.06207999959588051,0.06680099666118622,0.06343240067362785,0.06276000291109085,0.0017078034138329297,5,0.004480000119656324,0.00547999981790781,0.004743999987840653,0.004600000102072954,0.00037232235232848953,5,2880,64,8,32,4,16384,TORCH_SDPA,"[4096, 4096]","[0, 0]","[1024, 1024, 1024, 1024]",2,4,4,6,8192,4,8196,1024,0.3333333333333333,true_mixed,True,False,True,6,0,0,False,0,0,BF16,CUDA_EVENT,generic,generic,none
0.004399999976158142,0.004559999797493219,0.004495999868959188,0.004519999958574772,6.499226332255945e-05,5,0.022041000425815582,0.07444000244140625,0.03281620033085346,0.0225600004196167,0.020812918045615306,5,6.172661781311035,6.214542865753174,6.202334690093994,6.211223125457764,0.015431250799591635,5,1.1264840364456177,1.1484849452972412,1.138780379295349,1.1430039405822754,0.00947510899801239,5,0.004480000119656324,0.004600000102072954,0.004543999955058098,0.004559999797493219,4.0792119690539996e-05,5,2880,64,8,32,4,16384,TORCH_SDPA,"[4096, 4096]","[0, 0]","[8192, 8192, 8192, 8192, 8192, 8192, 8192, 8192, 8192, 8192, 8192, 8192, 8192, 8192, 8192, 8192, 8192, 8192, 8192, 8192, 8192, 8192, 8192, 8192, 8192, 8192, 8192, 8192, 8192, 8192, 8192, 8192, 8192, 8192, 8192, 8192, 8192, 8192, 8192, 8192, 8192, 8192, 8192, 8192, 8192, 8192, 8192, 8192]",2,48,48,50,8192,48,8240,8192,0.04,true_mixed,True,False,True,50,0,0,False,0,0,BF16,CUDA_EVENT,generic,generic,none
0.004399999976158142,0.007040000054985285,0.00497600007802248,0.004480000119656324,0.0010324650016681311,5,0.021719999611377716,0.052080001682043076,0.028200000151991846,0.02239999920129776,0.011943146080917205,5,6.18090295791626,6.273582935333252,6.2090709686279295,6.203622817993164,0.0339991342443272,5,0.043480001389980316,0.04408000037074089,0.04380820021033287,0.043719999492168427,0.0002363998840011014,5,0.004399999976158142,0.004480000119656324,0.004416000004857779,0.004399999976158142,3.200005739927292e-05,5,2880,64,8,32,4,16384,TORCH_SDPA,"[4096, 4096]","[0, 0]",[512],2,1,1,3,8192,1,8193,512,0.6666666666666666,true_mixed,True,False,True,3,0,0,False,0,0,BF16,CUDA_EVENT,generic,generic,none
0.004480000119656324,0.025040000677108765,0.00861600013449788,0.004519999958574772,0.008212053850823986,5,0.021959999576210976,0.054999999701976776,0.029656000062823297,0.02247999981045723,0.012797064526313944,5,6.16558313369751,6.298582077026367,6.217574882507324,6.214423179626465,0.048958486518091704,5,0.07304099947214127,0.07596000283956528,0.07428840100765229,0.07428000122308731,0.0009691954871694472,5,0.00443999981507659,0.005160000175237656,0.004624000005424023,0.004480000119656324,0.00027082105269182505,5,2880,64,8,32,4,16384,TORCH_SDPA,"[4096, 4096]","[0, 0]","[1024, 1024, 1024, 1024, 1024, 1024, 1024, 1024, 1024, 1024, 1024, 1024, 1024, 1024, 1024, 1024]",2,16,16,18,8192,16,8208,1024,0.1111111111111111,true_mixed,True,False,True,18,0,0,False,0,0,BF16,CUDA_EVENT,generic,generic,none
0.00431999983265996,0.007160000037401915,0.004967999923974275,0.00443999981507659,0.0010978962282768986,5,0.021800000220537186,0.058400001376867294,0.029631999880075456,0.02287999913096428,0.014393674905987563,5,6.195862770080566,6.28682279586792,6.2263108253479,6.212782859802246,0.03378432896747253,5,0.38512200117111206,0.3956809937953949,0.38850539922714233,0.38704100251197815,0.0037003853835575317,5,0.004480000119656324,0.004519999958574772,0.004496000055223703,0.004480000119656324,1.9595839028743304e-05,5,2880,64,8,32,4,16384,TORCH_SDPA,"[4096, 4096]","[0, 0]","[4096, 4096, 4096, 4096, 4096, 4096, 4096, 4096, 4096, 4096, 4096, 4096, 4096, 4096, 4096, 4096, 4096, 4096, 4096, 4096, 4096, 4096, 4096, 4096, 4096, 4096, 4096, 4096, 4096, 4096, 4096, 4096]",2,32,32,34,8192,32,8224,4096,0.058823529411764705,true_mixed,True,False,True,34,0,0,False,0,0,BF16,CUDA_EVENT,generic,generic,none
0.00443999981507659,0.004600000102072954,0.004519999958574772,0.004519999958574772,5.05965333189133e-05,5,0.01780099980533123,0.05316000059247017,0.025144200026988982,0.018319999799132347,0.014011104685978932,5,0.47652098536491394,0.5466020107269287,0.493121600151062,0.479761004447937,0.026932403097798697,5,0.6065629720687866,0.6131619811058044,0.6101063966751099,0.6102420091629028,0.002103764979302924,5,0.004399999976158142,0.004519999958574772,0.0044639999978244305,0.004480000119656324,4.079219274941178e-05,5,2880,64,8,32,4,16384,TORCH_SDPA,"[1024, 1024]","[0, 0]","[2048, 2048, 2048, 2048, 2048, 2048, 2048, 2048, 2048, 2048, 2048, 2048, 2048, 2048, 2048, 2048, 2048, 2048, 2048, 2048, 2048, 2048, 2048, 2048, 2048, 2048, 2048, 2048, 2048, 2048, 2048, 2048, 2048, 2048, 2048, 2048, 2048, 2048, 2048, 2048, 2048, 2048, 2048, 2048, 2048, 2048, 2048, 2048, 2048, 2048, 2048, 2048, 2048, 2048, 2048, 2048, 2048, 2048, 2048, 2048, 2048, 2048, 2048, 2048, 2048, 2048, 2048, 2048, 2048, 2048, 2048, 2048, 2048, 2048, 2048, 2048, 2048, 2048, 2048, 2048, 2048, 2048, 2048, 2048, 2048, 2048, 2048, 2048, 2048, 2048, 2048, 2048, 2048, 2048, 2048, 2048]",2,96,96,98,2048,96,2144,2048,0.02040816326530612,true_mixed,True,False,True,98,0,0,False,0,0,BF16,CUDA_EVENT,generic,generic,none
0.00431999983265996,0.005160000175237656,0.0045679999515414235,0.00443999981507659,0.00030082565186614224,5,0.01727999933063984,0.047279998660087585,0.023943999782204628,0.018200000748038292,0.011682481377669293,5,0.4762420058250427,0.5876020193099976,0.5013378024101257,0.48152199387550354,0.04320068217343947,5,1.1379239559173584,1.1700439453125,1.1542281627655029,1.1569639444351196,0.011823499163876332,5,0.004399999976158142,0.008080000057816505,0.005176000017672777,0.004480000119656324,0.0014523030201638325,5,2880,64,8,32,4,16384,TORCH_SDPA,"[1024, 1024]","[0, 0]","[8192, 8192, 8192, 8192, 8192, 8192, 8192, 8192, 8192, 8192, 8192, 8192, 8192, 8192, 8192, 8192, 8192, 8192, 8192, 8192, 8192, 8192, 8192, 8192, 8192, 8192, 8192, 8192, 8192, 8192, 8192, 8192, 8192, 8192, 8192, 8192, 8192, 8192, 8192, 8192, 8192, 8192, 8192, 8192, 8192, 8192, 8192, 8192]",2,48,48,50,2048,48,2096,8192,0.04,true_mixed,True,False,True,50,0,0,False,0,0,BF16,CUDA_EVENT,generic,generic,none
0.004519999958574772,0.015599999576807022,0.007103999890387058,0.004639999940991402,0.004288820666261163,5,0.02175999991595745,0.06372000277042389,0.030424000695347786,0.02223999984562397,0.01665085519326343,5,6.160102844238281,6.262423038482666,6.200678920745849,6.198062896728516,0.038877296112050284,5,0.032919999212026596,0.035599999129772186,0.03393619954586029,0.03376000002026558,0.0008924715588429951,5,0.004480000119656324,0.004600000102072954,0.004560000076889992,0.004600000102072954,5.0596459691431135e-05,5,2880,64,8,32,4,16384,TORCH_SDPA,"[4096, 4096]","[0, 0]","[128, 128, 128, 128]",2,4,4,6,8192,4,8196,128,0.3333333333333333,true_mixed,True,False,True,6,0,0,False,0,0,BF16,CUDA_EVENT,generic,generic,none
0.00443999981507659,0.004559999797493219,0.004495999962091446,0.004480000119656324,4.079211969054e-05,5,0.021959999576210976,0.04259999841451645,0.026551999524235724,0.02271999977529049,0.008034859493746006,5,6.196743011474609,6.237823963165283,6.215015316009522,6.212463855743408,0.01519501175364371,5,0.17652000486850739,0.1812800019979477,0.1784486025571823,0.17800100147724152,0.0018457010542597616,5,0.00443999981507659,0.004639999940991402,0.004519999958574772,0.004480000119656324,7.155414744125801e-05,5,2880,64,8,32,4,16384,TORCH_SDPA,"[4096, 4096]","[0, 0]","[4096, 4096, 4096, 4096, 4096, 4096, 4096, 4096]",2,8,8,10,8192,8,8200,4096,0.2,true_mixed,True,False,True,10,0,0,False,0,0,BF16,CUDA_EVENT,generic,generic,none
0.004399999976158142,0.004600000102072954,0.004519999958574772,0.004519999958574772,6.693281086764991e-05,5,0.02167999930679798,0.7664809823036194,0.1710401963442564,0.022439999505877495,0.29772055474239034,5,6.1357831954956055,6.233263969421387,6.196759223937988,6.2069830894470215,0.03541972446679773,5,0.11999999731779099,0.12212000042200089,0.12123239934444427,0.12128099799156189,0.0007118253763592583,5,0.004519999958574772,0.004600000102072954,0.0045519999228417875,0.004559999797493219,2.9933287895859092e-05,5,2880,64,8,32,4,16384,TORCH_SDPA,"[4096, 4096]","[0, 0]","[512, 512, 512, 512, 512, 512, 512, 512, 512, 512, 512, 512, 512, 512, 512, 512, 512, 512, 512, 512, 512, 512, 512, 512, 512, 512, 512, 512, 512, 512, 512, 512, 512, 512, 512, 512, 512, 512, 512, 512, 512, 512, 512, 512, 512, 512, 512, 512, 512, 512, 512, 512, 512, 512, 512, 512, 512, 512, 512, 512, 512, 512, 512, 512, 512, 512, 512, 512, 512, 512, 512, 512, 512, 512, 512, 512, 512, 512, 512, 512, 512, 512, 512, 512, 512, 512, 512, 512, 512, 512, 512, 512, 512, 512, 512, 512]",2,96,96,98,8192,96,8288,512,0.02040816326530612,true_mixed,True,False,True,98,0,0,False,0,0,BF16,CUDA_EVENT,generic,generic,none
0.004399999976158142,0.019600000232458115,0.007639999967068434,0.004559999797493219,0.005988041546650668,5,0.017601000145077705,0.026399999856948853,0.019856199994683264,0.018360000103712082,0.0032964649697484914,5,0.4778810143470764,0.5719619989395142,0.49880180358886717,0.4805620014667511,0.03664617213361387,5,0.12355999648571014,0.12448100000619888,0.1239764004945755,0.12396000325679779,0.00030670489087436797,5,0.004399999976158142,0.004480000119656324,0.004447999969124794,0.00443999981507659,2.9933337677144675e-05,5,2880,64,8,32,4,16384,TORCH_SDPA,"[1024, 1024]","[0, 0]","[512, 512, 512, 512, 512, 512, 512, 512, 512, 512, 512, 512, 512, 512, 512, 512, 512, 512, 512, 512, 512, 512, 512, 512, 512, 512, 512, 512, 512, 512, 512, 512, 512, 512, 512, 512, 512, 512, 512, 512, 512, 512, 512, 512, 512, 512, 512, 512, 512, 512, 512, 512, 512, 512, 512, 512, 512, 512, 512, 512, 512, 512, 512, 512, 512, 512, 512, 512, 512, 512, 512, 512, 512, 512, 512, 512, 512, 512, 512, 512, 512, 512, 512, 512, 512, 512, 512, 512, 512, 512, 512, 512, 512, 512, 512, 512]",2,96,96,98,2048,96,2144,512,0.02040816326530612,true_mixed,True,False,True,98,0,0,False,0,0,BF16,CUDA_EVENT,generic,generic,none
0.00443999981507659,0.012919999659061432,0.006167999934405088,0.004480000119656324,0.003376094648071321,5,0.02175999991595745,0.044319998472929,0.026447999477386474,0.02199999988079071,0.00893691260865195,5,6.190583229064941,6.243981838226318,6.207614898681641,6.197183132171631,0.019564577135598987,5,0.3558419942855835,0.36236101388931274,0.35880919694900515,0.35760098695755005,0.0025058767876966594,5,0.004399999976158142,0.004480000119656324,0.004423999972641468,0.004399999976158142,3.200003411633561e-05,5,2880,64,8,32,4,16384,TORCH_SDPA,"[4096, 4096]","[0, 0]","[4096, 4096, 4096, 4096, 4096, 4096, 4096, 4096, 4096, 4096, 4096, 4096, 4096, 4096, 4096, 4096, 4096, 4096, 4096, 4096, 4096, 4096, 4096, 4096]",2,24,24,26,8192,24,8216,4096,0.07692307692307693,true_mixed,True,False,True,26,0,0,False,0,0,BF16,CUDA_EVENT,generic,generic,none
0.004360000137239695,0.004480000119656324,0.004416000004857779,0.004399999976158142,4.079213795521706e-05,5,0.02199999988079071,0.03440000116825104,0.025760000199079515,0.022199999541044235,0.004920553302793491,5,6.169783115386963,6.304141998291016,6.220870876312256,6.220663070678711,0.04793673099003075,5,0.047439999878406525,0.050721000880002975,0.0485602006316185,0.04828000068664551,0.0011275037476067417,5,0.004399999976158142,0.004559999797493219,0.004439999908208847,0.004399999976158142,6.196766434270914e-05,5,2880,64,8,32,4,16384,TORCH_SDPA,"[4096, 4096]","[0, 0]","[128, 128, 128, 128, 128, 128, 128, 128, 128, 128, 128, 128, 128, 128, 128, 128, 128, 128, 128, 128, 128, 128, 128, 128, 128, 128, 128, 128, 128, 128, 128, 128, 128, 128, 128, 128, 128, 128, 128, 128, 128, 128, 128, 128, 128, 128, 128, 128, 128, 128, 128, 128, 128, 128, 128, 128, 128, 128, 128, 128, 128, 128, 128, 128]",2,64,64,66,8192,64,8256,128,0.030303030303030304,true_mixed,True,False,True,66,0,0,False,0,0,BF16,CUDA_EVENT,generic,generic,none
0.004360000137239695,0.004559999797493219,0.004495999962091446,0.004519999958574772,7.418881992829325e-05,5,0.021720999851822853,0.032600000500679016,0.024496200308203698,0.02280000038444996,0.0040859459769594635,5,6.2029829025268555,6.41542387008667,6.286719226837159,6.2252631187438965,0.08648250119751938,5,0.25564101338386536,0.2744010090827942,0.260793000459671,0.2580009996891022,0.00690842824580846,5,0.004480000119656324,0.005080000031739473,0.004688000027090311,0.004639999940991402,0.0002137662274999377,5,2880,64,8,32,4,16384,TORCH_SDPA,"[4096, 4096]","[0, 0]",[8192],2,1,1,3,8192,1,8193,8192,0.6666666666666666,true_mixed,True,False,True,3,0,0,False,0,0,BF16,CUDA_EVENT,generic,generic,none
0.004399999976158142,0.008200000040233135,0.005239999946206808,0.004559999797493219,0.0014811887555052122,5,0.02199999988079071,0.02964000031352043,0.024000199884176253,0.022679999470710754,0.0028731950441201353,5,6.143783092498779,6.2162628173828125,6.190534591674805,6.197782039642334,0.02510511410733481,5,0.0952799990773201,0.09708099812269211,0.0960563987493515,0.09588000178337097,0.00061938245835789,5,0.00443999981507659,0.004600000102072954,0.004504000023007393,0.004480000119656324,5.4258695995502165e-05,5,2880,64,8,32,4,16384,TORCH_SDPA,"[4096, 4096]","[0, 0]","[2048, 2048]",2,2,2,4,8192,2,8194,2048,0.5,true_mixed,True,False,True,4,0,0,False,0,0,BF16,CUDA_EVENT,generic,generic,none
0.00443999981507659,0.0055599999614059925,0.004744199942797423,0.004561000037938356,0.0004114250553387668,5,0.02191999927163124,0.0631600022315979,0.03052000030875206,0.02232000045478344,0.016322863453258615,5,6.187502861022949,6.250504016876221,6.213031387329101,6.208942890167236,0.02333651783571251,5,0.038759998977184296,0.03911999985575676,0.03900000005960465,0.039080001413822174,0.00014085497268390642,5,0.004480000119656324,0.004600000102072954,0.004528000112622976,0.004480000119656324,5.878774521273928e-05,5,2880,64,8,32,4,16384,TORCH_SDPA,"[4096, 4096]","[0, 0]","[128, 128, 128, 128, 128, 128, 128, 128, 128, 128, 128, 128, 128, 128, 128, 128, 128, 128, 128, 128, 128, 128, 128, 128]",2,24,24,26,8192,24,8216,128,0.07692307692307693,true_mixed,True,False,True,26,0,0,False,0,0,BF16,CUDA_EVENT,generic,generic,none
0.004519999958574772,0.005799999926239252,0.00481599997729063,0.004600000102072954,0.0004928934762918027,5,0.022120000794529915,0.04879999905824661,0.02783199995756149,0.022919999435544014,0.010488954487430115,5,6.173343181610107,6.281623840332031,6.21676721572876,6.1988630294799805,0.04245860450658958,5,0.0644799992442131,0.06731999665498734,0.0657843992114067,0.06576000154018402,0.0009614885824343458,5,0.004519999958574772,0.004639999940991402,0.00459199994802475,0.004600000102072954,4.664763494375637e-05,5,2880,64,8,32,4,16384,TORCH_SDPA,"[4096, 4096]","[0, 0]","[1024, 1024, 1024, 1024, 1024, 1024, 1024, 1024]",2,8,8,10,8192,8,8200,1024,0.2,true_mixed,True,False,True,10,0,0,False,0,0,BF16,CUDA_EVENT,generic,generic,none
0.004399999976158142,0.009039999917149544,0.0053599999286234375,0.00443999981507659,0.0018405216592926501,5,0.021800000220537186,0.035360001027584076,0.024688200280070304,0.022040000185370445,0.005337728441592998,5,6.181783199310303,6.247343063354492,6.203950977325439,6.184022903442383,0.02718470056339373,5,0.09171999990940094,0.09500099718570709,0.09298439919948578,0.09268099814653397,0.001253644931316,5,0.004399999976158142,0.004559999797493219,0.004479999933391809,0.004480000119656324,7.15540953786714e-05,5,2880,64,8,32,4,16384,TORCH_SDPA,"[4096, 4096]","[0, 0]",[2048],2,1,1,3,8192,1,8193,2048,0.6666666666666666,true_mixed,True,False,True,3,0,0,False,0,0,BF16,CUDA_EVENT,generic,generic,none
0.004399999976158142,0.005280000157654285,0.004640000034123659,0.004480000119656324,0.00032397535988488497,5,0.02208000048995018,0.03232000023126602,0.024928200244903564,0.0225210003554821,0.0039006785276423294,5,6.208463191986084,9.349913597106934,6.863849258422851,6.247222900390625,1.2431881909280702,5,0.04287999868392944,0.046799998730421066,0.04395999908447266,0.04343999922275543,0.001437775939596033,5,0.004399999976158142,0.007400999777019024,0.005360199883580208,0.00443999981507659,0.0012130688907779738,5,2880,64,8,32,4,16384,TORCH_SDPA,"[4096, 4096]","[0, 0]","[128, 128, 128, 128, 128, 128, 128, 128, 128, 128, 128, 128, 128, 128, 128, 128, 128, 128, 128, 128, 128, 128, 128, 128, 128, 128, 128, 128, 128, 128, 128, 128, 128, 128, 128, 128, 128, 128, 128, 128, 128, 128, 128, 128, 128, 128, 128, 128]",2,48,48,50,8192,48,8240,128,0.04,true_mixed,True,False,True,50,0,0,False,0,0,BF16,CUDA_EVENT,generic,generic,none
0.004399999976158142,0.005080000031739473,0.00459199994802475,0.004519999958574772,0.0002483868387335398,5,0.02208000048995018,0.12272100150585175,0.04336820058524608,0.023639999330043793,0.03970579042924338,5,6.187263011932373,6.472542762756348,6.258559131622315,6.208103179931641,0.1077992696066944,5,0.20108099281787872,0.2045609951019287,0.20357679724693298,0.20443999767303467,0.0013285953345265932,5,0.004360000137239695,0.004480000119656324,0.004440000001341105,0.00443999981507659,4.381779818013822e-05,5,2880,64,8,32,4,16384,TORCH_SDPA,"[4096, 4096]","[0, 0]","[1024, 1024, 1024, 1024, 1024, 1024, 1024, 1024, 1024, 1024, 1024, 1024, 1024, 1024, 1024, 1024, 1024, 1024, 1024, 1024, 1024, 1024, 1024, 1024, 1024, 1024, 1024, 1024, 1024, 1024, 1024, 1024, 1024, 1024, 1024, 1024, 1024, 1024, 1024, 1024, 1024, 1024, 1024, 1024, 1024, 1024, 1024, 1024, 1024, 1024, 1024, 1024, 1024, 1024, 1024, 1024, 1024, 1024, 1024, 1024, 1024, 1024, 1024, 1024, 1024, 1024, 1024, 1024, 1024, 1024, 1024, 1024, 1024, 1024, 1024, 1024, 1024, 1024, 1024, 1024, 1024, 1024, 1024, 1024, 1024, 1024, 1024, 1024, 1024, 1024, 1024, 1024, 1024, 1024, 1024, 1024]",2,96,96,98,8192,96,8288,1024,0.02040816326530612,true_mixed,True,False,True,98,0,0,False,0,0,BF16,CUDA_EVENT,generic,generic,none
0.004399999976158142,0.004600000102072954,0.004511999990791082,0.004519999958574772,6.881859566138264e-05,5,0.02175999991595745,0.032600000500679016,0.02417600005865097,0.022360000759363174,0.004221135613235188,5,6.237423896789551,6.377744197845459,6.29212760925293,6.2456231117248535,0.0637804796639972,5,0.046480000019073486,0.04715999960899353,0.04680019989609718,0.0466810017824173,0.00027002218209102674,5,0.004480000119656324,0.004639999940991402,0.0045599999837577345,0.004559999797493219,5.656851225467499e-05,5,2880,64,8,32,4,16384,TORCH_SDPA,"[4096, 4096]","[0, 0]","[512, 512, 512, 512]",2,4,4,6,8192,4,8196,512,0.3333333333333333,true_mixed,True,False,True,6,0,0,False,0,0,BF16,CUDA_EVENT,generic,generic,none
0.004480000119656324,0.007439999841153622,0.005103999935090542,0.004519999958574772,0.001168273891314481,5,0.021560000255703926,0.029400000348687172,0.023624000325798988,0.02247999981045723,0.002920668412490789,5,6.210223197937012,6.258502960205078,6.23350305557251,6.241383075714111,0.019167206438650344,5,0.09544000029563904,0.10124099999666214,0.0970883995294571,0.09616000205278397,0.0021244204947973777,5,0.004399999976158142,0.004840000066906214,0.004592199996113777,0.004600999876856804,0.0001505302678295274,5,2880,64,8,32,4,16384,TORCH_SDPA,"[4096, 4096]","[0, 0]","[1024, 1024, 1024, 1024, 1024, 1024, 1024, 1024, 1024, 1024, 1024, 1024, 1024, 1024, 1024, 1024, 1024, 1024, 1024, 1024, 1024, 1024, 1024, 1024, 1024, 1024, 1024, 1024, 1024, 1024, 1024, 1024]",2,32,32,34,8192,32,8224,1024,0.058823529411764705,true_mixed,True,False,True,34,0,0,False,0,0,BF16,CUDA_EVENT,generic,generic,none
0.004399999976158142,0.012600000016391277,0.006080000009387731,0.004480000119656324,0.0032601349706599353,5,0.02239999920129776,0.04340000078082085,0.027104000002145766,0.022600000724196434,0.008192703485724538,5,6.149783134460449,6.240501880645752,6.191822719573975,6.188142776489258,0.028951217398907353,5,0.283720999956131,0.29496198892593384,0.28850520253181455,0.28728100657463074,0.0044025157704356815,5,0.00443999981507659,0.004559999797493219,0.004487999808043241,0.00443999981507659,5.878774521273928e-05,5,2880,64,8,32,4,16384,TORCH_SDPA,"[4096, 4096]","[0, 0]","[8192, 8192, 8192, 8192]",2,4,4,6,8192,4,8196,8192,0.3333333333333333,true_mixed,True,False,True,6,0,0,False,0,0,BF16,CUDA_EVENT,generic,generic,none
0.004360000137239695,0.004639999940991402,0.004519999958574772,0.004519999958574772,9.121395257387969e-05,5,0.021561000496149063,0.03700000047683716,0.025344200432300568,0.02247999981045723,0.005855881741171211,5,6.141142845153809,6.1881818771362305,6.166335010528565,6.173744201660156,0.016941096702672326,5,0.2088010013103485,0.21320100128650665,0.21091279983520508,0.21140000224113464,0.0018004621097231185,5,0.004480000119656324,0.004639999940991402,0.0045519999228417875,0.004559999797493219,5.306593738933737e-05,5,2880,64,8,32,4,16384,TORCH_SDPA,"[4096, 4096]","[0, 0]","[4096, 4096, 4096, 4096, 4096, 4096, 4096, 4096, 4096, 4096, 4096, 4096, 4096, 4096, 4096, 4096]",2,16,16,18,8192,16,8208,4096,0.1111111111111111,true_mixed,True,False,True,18,0,0,False,0,0,BF16,CUDA_EVENT,generic,generic,none
0.00443999981507659,0.013679999858140945,0.006303999852389097,0.00443999981507659,0.0036881301528900487,5,0.021719999611377716,0.10016000270843506,0.037912200391292575,0.022600000724196434,0.031125735389990156,5,6.19230318069458,6.320824146270752,6.225775241851807,6.196342945098877,0.04892079274125869,5,0.15664100646972656,0.16196000576019287,0.15947239995002746,0.1597599983215332,0.001754191473387848,5,0.004399999976158142,0.005400000140070915,0.004648000001907349,0.004480000119656324,0.00038065213246598896,5,2880,64,8,32,4,16384,TORCH_SDPA,"[4096, 4096]","[0, 0]","[1024, 1024, 1024, 1024, 1024, 1024, 1024, 1024, 1024, 1024, 1024, 1024, 1024, 1024, 1024, 1024, 1024, 1024, 1024, 1024, 1024, 1024, 1024, 1024, 1024, 1024, 1024, 1024, 1024, 1024, 1024, 1024, 1024, 1024, 1024, 1024, 1024, 1024, 1024, 1024, 1024, 1024, 1024, 1024, 1024, 1024, 1024, 1024, 1024, 1024, 1024, 1024, 1024, 1024, 1024, 1024, 1024, 1024, 1024, 1024, 1024, 1024, 1024, 1024]",2,64,64,66,8192,64,8256,1024,0.030303030303030304,true_mixed,True,False,True,66,0,0,False,0,0,BF16,CUDA_EVENT,generic,generic,none
0.00443999981507659,0.014759999699890614,0.006551999878138304,0.004519999958574772,0.004104194837816651,5,0.0221599992364645,0.05188100039958954,0.028496399894356726,0.022760000079870224,0.011699709793058479,5,6.160102844238281,6.260103225708008,6.209871006011963,6.213943004608154,0.032017419023392696,5,0.2664409875869751,0.2735219895839691,0.27021719217300416,0.26924100518226624,0.0026586810219659095,5,0.004399999976158142,0.004519999958574772,0.004431999940425158,0.004399999976158142,4.664760299960091e-05,5,2880,64,8,32,4,16384,TORCH_SDPA,"[4096, 4096]","[0, 0]","[8192, 8192]",2,2,2,4,8192,2,8194,8192,0.5,true_mixed,True,False,True,4,0,0,False,0,0,BF16,CUDA_EVENT,generic,generic,none
0.004480000119656324,0.009359999559819698,0.005503999907523394,0.004559999797493219,0.0019284147188602006,5,0.02184000052511692,0.0400799997150898,0.02569599971175194,0.022199999541044235,0.007195136130489651,5,6.1735029220581055,6.231062889099121,6.19526309967041,6.191342830657959,0.020260186670788324,5,0.5616430044174194,0.5778419971466064,0.5667621970176697,0.5630419850349426,0.006112844789767293,5,0.004399999976158142,0.004999999888241291,0.0045679999515414235,0.004480000119656324,0.00021967245694856383,5,2880,64,8,32,4,16384,TORCH_SDPA,"[4096, 4096]","[0, 0]","[4096, 4096, 4096, 4096, 4096, 4096, 4096, 4096, 4096, 4096, 4096, 4096, 4096, 4096, 4096, 4096, 4096, 4096, 4096, 4096, 4096, 4096, 4096, 4096, 4096, 4096, 4096, 4096, 4096, 4096, 4096, 4096, 4096, 4096, 4096, 4096, 4096, 4096, 4096, 4096, 4096, 4096, 4096, 4096, 4096, 4096, 4096, 4096]",2,48,48,50,8192,48,8240,4096,0.04,true_mixed,True,False,True,50,0,0,False,0,0,BF16,CUDA_EVENT,generic,generic,none
0.004480000119656324,0.025439999997615814,0.009032000042498111,0.004519999958574772,0.008230184427720558,5,0.021719999611377716,0.07128100097179413,0.03192019984126091,0.022199999541044235,0.019681294835680017,5,6.201103210449219,6.415543079376221,6.267015075683593,6.2313032150268555,0.07650262807763675,5,0.10367999970912933,0.10716100037097931,0.10548059940338135,0.10592100024223328,0.0011940720454049962,5,0.00443999981507659,0.004600000102072954,0.004503999929875135,0.004480000119656324,6.499236649676148e-05,5,2880,64,8,32,4,16384,TORCH_SDPA,"[4096, 4096]","[0, 0]","[2048, 2048, 2048, 2048, 2048, 2048, 2048, 2048]",2,8,8,10,8192,8,8200,2048,0.2,true_mixed,True,False,True,10,0,0,False,0,0,BF16,CUDA_EVENT,generic,generic,none
0.004360000137239695,0.006920000072568655,0.004952000081539154,0.004480000119656324,0.0009854623212501537,5,0.022439999505877495,0.04864000156521797,0.027936000004410745,0.022760000079870224,0.010354597053566226,5,6.169222831726074,6.248583793640137,6.200023174285889,6.195503234863281,0.027217026475716007,5,0.05079999938607216,0.053119998425245285,0.051528199762105945,0.051360998302698135,0.000844480798078382,5,0.00443999981507659,0.004519999958574772,0.004471999872475862,0.00443999981507659,3.9191906183995976e-05,5,2880,64,8,32,4,16384,TORCH_SDPA,"[4096, 4096]","[0, 0]","[512, 512, 512, 512, 512, 512, 512, 512, 512, 512, 512, 512, 512, 512, 512, 512]",2,16,16,18,8192,16,8208,512,0.1111111111111111,true_mixed,True,False,True,18,0,0,False,0,0,BF16,CUDA_EVENT,generic,generic,none
0.004519999958574772,0.004559999797493219,0.004535999894142151,0.004519999958574772,1.9595839028743304e-05,5,0.021880000829696655,0.030321000143885612,0.02430419996380806,0.02223999984562397,0.0031968344484599037,5,6.169182777404785,6.193943977355957,6.18134298324585,6.18306303024292,0.008192778931255654,5,0.039000000804662704,0.04024000093340874,0.03983220085501671,0.039921000599861145,0.00044141965662686933,5,0.004519999958574772,0.004639999940991402,0.0045679999515414235,0.004559999797493219,4.664763494375637e-05,5,2880,64,8,32,4,16384,TORCH_SDPA,"[4096, 4096]","[0, 0]","[128, 128, 128, 128, 128, 128, 128, 128, 128, 128, 128, 128, 128, 128, 128, 128, 128, 128, 128, 128, 128, 128, 128, 128, 128, 128, 128, 128, 128, 128, 128, 128]",2,32,32,34,8192,32,8224,128,0.058823529411764705,true_mixed,True,False,True,34,0,0,False,0,0,BF16,CUDA_EVENT,generic,generic,none
0.004480000119656324,0.004840000066906214,0.004607999976724386,0.004559999797493219,0.0001223764991006911,5,0.02735999971628189,0.04623999819159508,0.031399999558925626,0.02783999964594841,0.007422257733715164,5,25.615856170654297,25.718215942382812,25.651119995117188,25.647375106811523,0.03751679464029698,5,0.09399999678134918,0.09616100043058395,0.09505659937858582,0.0947209969162941,0.0008014187881366953,5,0.004519999958574772,0.004679999779909849,0.004591999854892492,0.004559999797493219,7.332113940631666e-05,5,2880,64,8,32,4,16384,TORCH_SDPA,"[8192, 8192]","[0, 0]",[2048],2,1,1,3,16384,1,16385,2048,0.6666666666666666,true_mixed,True,False,True,3,0,0,False,0,0,BF16,CUDA_EVENT,generic,generic,none
0.004279999993741512,0.004519999958574772,0.0044559999369084835,0.004519999958574772,9.329522197119066e-05,5,0.02184000052511692,0.04052000120282173,0.02586419992148876,0.022360999137163162,0.0073305683104763686,5,6.20198392868042,6.314263820648193,6.25172758102417,6.2242631912231445,0.045308192532125736,5,0.04780000075697899,0.050599999725818634,0.048864000290632245,0.04851999878883362,0.0009665110691406266,5,0.004399999976158142,0.004559999797493219,0.004479999840259552,0.00443999981507659,6.69327552104297e-05,5,2880,64,8,32,4,16384,TORCH_SDPA,"[4096, 4096]","[0, 0]","[512, 512, 512, 512, 512, 512, 512, 512]",2,8,8,10,8192,8,8200,512,0.2,true_mixed,True,False,True,10,0,0,False,0,0,BF16,CUDA_EVENT,generic,generic,none
0.004240000154823065,0.00443999981507659,0.004375999979674816,0.004399999976158142,7.418881992829325e-05,5,0.022360000759363174,0.09904000163078308,0.03933620043098927,0.024441000074148178,0.029924506050056494,5,6.179983139038086,6.393982887268066,6.233551025390625,6.182743072509766,0.08248213454374499,5,1.160364031791687,1.178604006767273,1.1669801950454712,1.1642839908599854,0.006292575222467185,5,0.00443999981507659,0.004559999797493219,0.004487999994307756,0.004480000119656324,3.919179212101793e-05,5,2880,64,8,32,4,16384,TORCH_SDPA,"[4096, 4096]","[0, 0]","[4096, 4096, 4096, 4096, 4096, 4096, 4096, 4096, 4096, 4096, 4096, 4096, 4096, 4096, 4096, 4096, 4096, 4096, 4096, 4096, 4096, 4096, 4096, 4096, 4096, 4096, 4096, 4096, 4096, 4096, 4096, 4096, 4096, 4096, 4096, 4096, 4096, 4096, 4096, 4096, 4096, 4096, 4096, 4096, 4096, 4096, 4096, 4096, 4096, 4096, 4096, 4096, 4096, 4096, 4096, 4096, 4096, 4096, 4096, 4096, 4096, 4096, 4096, 4096, 4096, 4096, 4096, 4096, 4096, 4096, 4096, 4096, 4096, 4096, 4096, 4096, 4096, 4096, 4096, 4096, 4096, 4096, 4096, 4096, 4096, 4096, 4096, 4096, 4096, 4096, 4096, 4096, 4096, 4096, 4096, 4096]",2,96,96,98,8192,96,8288,4096,0.02040816326530612,true_mixed,True,False,True,98,0,0,False,0,0,BF16,CUDA_EVENT,generic,generic,none
0.00443999981507659,0.013399999588727951,0.006311999820172787,0.004639999940991402,0.003545128374238753,5,0.021880999207496643,0.04456000030040741,0.027328399941325188,0.022801000624895096,0.008696819522242449,5,6.2183837890625,6.471024990081787,6.319551944732666,6.288222789764404,0.09984297010248559,5,0.3809620141983032,0.412321001291275,0.3918894052505493,0.3879610002040863,0.010710852257216318,5,0.004519999958574772,0.004600000102072954,0.004568000044673681,0.004600000102072954,3.919190618399598e-05,5,2880,64,8,32,4,16384,TORCH_SDPA,"[4096, 4096]","[0, 0]","[8192, 8192, 8192, 8192, 8192, 8192, 8192, 8192, 8192, 8192, 8192, 8192, 8192, 8192, 8192, 8192]",2,16,16,18,8192,16,8208,8192,0.1111111111111111,true_mixed,True,False,True,18,0,0,False,0,0,BF16,CUDA_EVENT,generic,generic,none
0.004519999958574772,0.08764100074768066,0.021168200112879277,0.004559999797493219,0.03323641355592896,5,0.02191999927163124,0.04083999991416931,0.025928199663758277,0.022360999137163162,0.0074598090427515995,5,6.1943440437316895,6.335224151611328,6.24559211730957,6.23470401763916,0.04929064683138186,5,0.05415999889373779,0.055640000849962234,0.05513599961996078,0.055479999631643295,0.0005749993934434506,5,0.004480000119656324,0.004639999940991402,0.004535999987274409,0.004519999958574772,5.986643889284003e-05,5,2880,64,8,32,4,16384,TORCH_SDPA,"[4096, 4096]","[0, 0]","[128, 128, 128, 128, 128, 128, 128, 128, 128, 128, 128, 128, 128, 128, 128, 128, 128, 128, 128, 128, 128, 128, 128, 128, 128, 128, 128, 128, 128, 128, 128, 128, 128, 128, 128, 128, 128, 128, 128, 128, 128, 128, 128, 128, 128, 128, 128, 128, 128, 128, 128, 128, 128, 128, 128, 128, 128, 128, 128, 128, 128, 128, 128, 128, 128, 128, 128, 128, 128, 128, 128, 128, 128, 128, 128, 128, 128, 128, 128, 128, 128, 128, 128, 128, 128, 128, 128, 128, 128, 128, 128, 128, 128, 128, 128, 128]",2,96,96,98,8192,96,8288,128,0.02040816326530612,true_mixed,True,False,True,98,0,0,False,0,0,BF16,CUDA_EVENT,generic,generic,none
0.004480999894440174,0.007519999984651804,0.005168200004845858,0.004600000102072954,0.001177107021747382,5,0.021800000220537186,0.1080000028014183,0.03946400061249733,0.02247999981045723,0.03427067520587756,5,6.1540632247924805,6.275504112243652,6.196119785308838,6.18398380279541,0.04140915186255583,5,0.11844100058078766,0.12132100015878677,0.11950460076332092,0.11912000179290771,0.0009904278993674185,5,0.004519999958574772,0.004600000102072954,0.004568000044673681,0.004600000102072954,3.9191906183995976e-05,5,2880,64,8,32,4,16384,TORCH_SDPA,"[4096, 4096]","[0, 0]","[1024, 1024, 1024, 1024, 1024, 1024, 1024, 1024, 1024, 1024, 1024, 1024, 1024, 1024, 1024, 1024, 1024, 1024, 1024, 1024, 1024, 1024, 1024, 1024, 1024, 1024, 1024, 1024, 1024, 1024, 1024, 1024, 1024, 1024, 1024, 1024, 1024, 1024, 1024, 1024, 1024, 1024, 1024, 1024, 1024, 1024, 1024, 1024]",2,48,48,50,8192,48,8240,1024,0.04,true_mixed,True,False,True,50,0,0,False,0,0,BF16,CUDA_EVENT,generic,generic,none
0.00443999981507659,0.01056000031530857,0.005679999943822622,0.00443999981507659,0.0024401968998156087,5,0.022040000185370445,0.08191999793052673,0.03434399962425232,0.02239999920129776,0.023790021935209047,5,6.142582893371582,6.242423057556152,6.206263160705566,6.2136640548706055,0.03398667766656524,5,0.20040099322795868,0.20544099807739258,0.2018727958202362,0.20108099281787872,0.0018256096597545608,5,0.00443999981507659,0.004480000119656324,0.004472000058740377,0.004480000119656324,1.600012183189392e-05,5,2880,64,8,32,4,16384,TORCH_SDPA,"[4096, 4096]","[0, 0]","[2048, 2048, 2048, 2048, 2048, 2048, 2048, 2048, 2048, 2048, 2048, 2048, 2048, 2048, 2048, 2048, 2048, 2048, 2048, 2048, 2048, 2048, 2048, 2048]",2,24,24,26,8192,24,8216,2048,0.07692307692307693,true_mixed,True,False,True,26,0,0,False,0,0,BF16,CUDA_EVENT,generic,generic,none
0.004399999976158142,0.005319999996572733,0.004624000005424023,0.004480000119656324,0.00034926208069019804,5,0.022120000794529915,0.05423999950289726,0.029736000299453735,0.022840000689029694,0.012387518428893728,5,6.200663089752197,6.303904056549072,6.2269752502441404,6.205142974853516,0.03937554337605576,5,0.12340100109577179,0.1284399926662445,0.1254407972097397,0.12536099553108215,0.001669512415309208,5,0.00443999981507659,0.004600000102072954,0.004487999994307756,0.004480000119656324,5.87878466024083e-05,5,2880,64,8,32,4,16384,TORCH_SDPA,"[4096, 4096]","[0, 0]","[2048, 2048, 2048, 2048, 2048, 2048, 2048, 2048, 2048, 2048, 2048, 2048, 2048, 2048, 2048, 2048]",2,16,16,18,8192,16,8208,2048,0.1111111111111111,true_mixed,True,False,True,18,0,0,False,0,0,BF16,CUDA_EVENT,generic,generic,none
0.004480000119656324,0.025839999318122864,0.00878399983048439,0.004519999958574772,0.008528037266887755,5,0.026799999177455902,0.12324099987745285,0.04654419980943203,0.02703999914228916,0.03835444414461426,5,25.34597396850586,25.489736557006836,25.43456687927246,25.4351749420166,0.049485378349626796,5,0.15120099484920502,0.15376000106334686,0.15283259749412537,0.15324099361896515,0.0009289640221969251,5,0.004480000119656324,0.007720000110566616,0.005144000053405762,0.004519999958574772,0.0012881242451898349,5,2880,64,8,32,4,16384,TORCH_SDPA,"[8192, 8192]","[0, 0]",[4096],2,1,1,3,16384,1,16385,4096,0.6666666666666666,true_mixed,True,False,True,3,0,0,False,0,0,BF16,CUDA_EVENT,generic,generic,none
0.00443999981507659,0.008320000022649765,0.00527999997138977,0.004519999958574772,0.0015208419007573025,5,0.02184000052511692,0.030200999230146408,0.02493620030581951,0.02208000048995018,0.0037099550663737537,5,6.1755828857421875,6.237664222717285,6.204951190948487,6.19382381439209,0.024554587814651436,5,0.06336099654436111,0.066041000187397,0.06406459957361221,0.06356000155210495,0.0010065406614239323,5,0.004480000119656324,0.004559999797493219,0.004519999958574772,0.004519999958574772,3.577694356427611e-05,5,2880,64,8,32,4,16384,TORCH_SDPA,"[4096, 4096]","[0, 0]","[512, 512, 512, 512, 512, 512, 512, 512, 512, 512, 512, 512, 512, 512, 512, 512, 512, 512, 512, 512, 512, 512, 512, 512, 512, 512, 512, 512, 512, 512, 512, 512]",2,32,32,34,8192,32,8224,512,0.058823529411764705,true_mixed,True,False,True,34,0,0,False,0,0,BF16,CUDA_EVENT,generic,generic,none
0.004480000119656324,0.012600000016391277,0.006175999995321035,0.004559999797493219,0.0032130334685586313,5,0.02191999927163124,0.04447999969124794,0.027504000067710876,0.023280000314116478,0.008535913623921037,5,6.157382965087891,6.315262794494629,6.205630970001221,6.177702903747559,0.056467524635603,5,0.7597230076789856,0.7934830188751221,0.769635009765625,0.7604830265045166,0.013168246280675302,5,0.004399999976158142,0.004639999940991402,0.004544000048190356,0.004600000102072954,8.979978071817771e-05,5,2880,64,8,32,4,16384,TORCH_SDPA,"[4096, 4096]","[0, 0]","[4096, 4096, 4096, 4096, 4096, 4096, 4096, 4096, 4096, 4096, 4096, 4096, 4096, 4096, 4096, 4096, 4096, 4096, 4096, 4096, 4096, 4096, 4096, 4096, 4096, 4096, 4096, 4096, 4096, 4096, 4096, 4096, 4096, 4096, 4096, 4096, 4096, 4096, 4096, 4096, 4096, 4096, 4096, 4096, 4096, 4096, 4096, 4096, 4096, 4096, 4096, 4096, 4096, 4096, 4096, 4096, 4096, 4096, 4096, 4096, 4096, 4096, 4096, 4096]",2,64,64,66,8192,64,8256,4096,0.030303030303030304,true_mixed,True,False,True,66,0,0,False,0,0,BF16,CUDA_EVENT,generic,generic,none
0.004360000137239695,0.004519999958574772,0.004439999908208847,0.00443999981507659,5.0596386064013265e-05,5,0.02184000052511692,0.0554409995675087,0.028744199872016908,0.0221599992364645,0.013349415660755714,5,6.161182880401611,6.205301761627197,6.179254722595215,6.177302837371826,0.014803182330470836,5,0.7417230010032654,0.7546830177307129,0.7468270063400269,0.7467229962348938,0.00446702838401737,5,0.004399999976158142,0.004519999958574772,0.004447999969124794,0.00443999981507659,4.664763494375637e-05,5,2880,64,8,32,4,16384,TORCH_SDPA,"[4096, 4096]","[0, 0]","[8192, 8192, 8192, 8192, 8192, 8192, 8192, 8192, 8192, 8192, 8192, 8192, 8192, 8192, 8192, 8192, 8192, 8192, 8192, 8192, 8192, 8192, 8192, 8192, 8192, 8192, 8192, 8192, 8192, 8192, 8192, 8192]",2,32,32,34,8192,32,8224,8192,0.058823529411764705,true_mixed,True,False,True,34,0,0,False,0,0,BF16,CUDA_EVENT,generic,generic,none
0.004399999976158142,0.004480000119656324,0.004439999908208847,0.00443999981507659,2.529826665971379e-05,5,0.02199999988079071,0.06307999789714813,0.0303119994699955,0.0221599992364645,0.0163844288965493,5,6.198544025421143,6.312183856964111,6.231055545806885,6.20690393447876,0.04236454436699098,5,0.6705629825592041,0.6778420209884644,0.6727944016456604,0.671763002872467,0.002647078029772897,5,0.004399999976158142,0.004480000119656324,0.004432199988514185,0.00443999981507659,2.9721351547447422e-05,5,2880,64,8,32,4,16384,TORCH_SDPA,"[4096, 4096]","[0, 0]","[8192, 8192, 8192, 8192, 8192, 8192, 8192, 8192, 8192, 8192, 8192, 8192, 8192, 8192, 8192, 8192, 8192, 8192, 8192, 8192, 8192, 8192, 8192, 8192]",2,24,24,26,8192,24,8216,8192,0.07692307692307693,true_mixed,True,False,True,26,0,0,False,0,0,BF16,CUDA_EVENT,generic,generic,none
0.00443999981507659,0.05640000104904175,0.014880000054836274,0.004559999797493219,0.020760069861126718,5,0.02184000052511692,0.04292000085115433,0.02637600004673004,0.022439999505877495,0.008275133262963,5,6.226984024047852,6.310422897338867,6.248911190032959,6.23326301574707,0.031337321458602824,5,0.3086020052433014,0.3203609883785248,0.31243319511413575,0.3112809956073761,0.004083994265810086,5,0.004559999797493219,0.005640000104904175,0.004783999919891357,0.004559999797493219,0.0004282803787712731,5,2880,64,8,32,4,16384,TORCH_SDPA,"[4096, 4096]","[0, 0]","[2048, 2048, 2048, 2048, 2048, 2048, 2048, 2048, 2048, 2048, 2048, 2048, 2048, 2048, 2048, 2048, 2048, 2048, 2048, 2048, 2048, 2048, 2048, 2048, 2048, 2048, 2048, 2048, 2048, 2048, 2048, 2048, 2048, 2048, 2048, 2048, 2048, 2048, 2048, 2048, 2048, 2048, 2048, 2048, 2048, 2048, 2048, 2048]",2,48,48,50,8192,48,8240,2048,0.04,true_mixed,True,False,True,50,0,0,False,0,0,BF16,CUDA_EVENT,generic,generic,none
0.004519999958574772,0.022040000185370445,0.008048000000417232,0.004559999797493219,0.006996062985433902,5,0.026119999587535858,0.07464099675416946,0.036448198929429056,0.027079999446868896,0.019108083401784538,5,25.574735641479492,25.74341583251953,25.644319915771483,25.607816696166992,0.06292837968641447,5,0.27156099677085876,0.27712100744247437,0.2738650023937225,0.27188101410865784,0.002579999779045428,5,0.004519999958574772,0.004679999779909849,0.004583999887108803,0.004559999797493219,5.4258613605923594e-05,5,2880,64,8,32,4,16384,TORCH_SDPA,"[8192, 8192]","[0, 0]","[8192, 8192]",2,2,2,4,16384,2,16386,8192,0.5,true_mixed,True,False,True,4,0,0,False,0,0,BF16,CUDA_EVENT,generic,generic,none
0.004360000137239695,0.045079998672008514,0.012551999650895596,0.00443999981507659,0.016264029023327794,5,0.02175999991595745,0.045159999281167984,0.026655999571084978,0.0221599992364645,0.009253499947909404,5,6.159543037414551,6.262063026428223,6.198607158660889,6.1776628494262695,0.03690109641610068,5,0.09464000165462494,0.09939999878406525,0.09655220061540604,0.0960799977183342,0.0016137065725491328,5,0.004360000137239695,0.004559999797493219,0.004448200017213822,0.004401000216603279,7.743992047110079e-05,5,2880,64,8,32,4,16384,TORCH_SDPA,"[4096, 4096]","[0, 0]","[512, 512, 512, 512, 512, 512, 512, 512, 512, 512, 512, 512, 512, 512, 512, 512, 512, 512, 512, 512, 512, 512, 512, 512, 512, 512, 512, 512, 512, 512, 512, 512, 512, 512, 512, 512, 512, 512, 512, 512, 512, 512, 512, 512, 512, 512, 512, 512, 512, 512, 512, 512, 512, 512, 512, 512, 512, 512, 512, 512, 512, 512, 512, 512]",2,64,64,66,8192,64,8256,512,0.030303030303030304,true_mixed,True,False,True,66,0,0,False,0,0,BF16,CUDA_EVENT,generic,generic,none
0.004399999976158142,0.10260000079870224,0.02410400016233325,0.004519999958574772,0.0392480247780146,5,0.022040000185370445,0.04780000075697899,0.02744000032544136,0.022120000794529915,0.01018950068323615,5,6.170022964477539,6.277782917022705,6.206103038787842,6.201262950897217,0.03903288108856106,5,0.07476100325584412,0.07716099917888641,0.07599300146102905,0.07628100365400314,0.0008218598364235057,5,0.004399999976158142,0.004600000102072954,0.004511999897658825,0.004559999797493219,7.756289196924024e-05,5,2880,64,8,32,4,16384,TORCH_SDPA,"[4096, 4096]","[0, 0]","[512, 512, 512, 512, 512, 512, 512, 512, 512, 512, 512, 512, 512, 512, 512, 512, 512, 512, 512, 512, 512, 512, 512, 512, 512, 512, 512, 512, 512, 512, 512, 512, 512, 512, 512, 512, 512, 512, 512, 512, 512, 512, 512, 512, 512, 512, 512, 512]",2,48,48,50,8192,48,8240,512,0.04,true_mixed,True,False,True,50,0,0,False,0,0,BF16,CUDA_EVENT,generic,generic,none
0.00443999981507659,0.013159999623894691,0.006191999837756157,0.00443999981507659,0.0034840343365933747,5,0.026480000466108322,0.3250409960746765,0.08689619936048984,0.027160000056028366,0.1190753195697757,5,25.672855377197266,25.839500427246094,25.75575370788574,25.741697311401367,0.06195246514920396,5,0.033640000969171524,0.039080001413822174,0.035096000880002975,0.03412000089883804,0.0020384467694853753,5,0.004519999958574772,0.004600000102072954,0.00457600001245737,0.004600000102072954,3.2000080682464336e-05,5,2880,64,8,32,4,16384,TORCH_SDPA,"[8192, 8192]","[0, 0]","[128, 128]",2,2,2,4,16384,2,16386,128,0.5,true_mixed,True,False,True,4,0,0,False,0,0,BF16,CUDA_EVENT,generic,generic,none
0.004519999958574772,0.004559999797493219,0.004535999894142151,0.004519999958574772,1.9595839028743304e-05,5,0.021560000255703926,0.029400000348687172,0.023392000049352647,0.02191999927163124,0.0030118062395500795,5,6.220703125,6.256941795349121,6.236527156829834,6.239782810211182,0.01368076854498429,5,1.5007660388946533,1.5200059413909912,1.510677981376648,1.5105259418487549,0.007728555154058532,5,0.00443999981507659,0.004559999797493219,0.004527999833226204,0.004559999797493219,4.664760299960091e-05,5,2880,64,8,32,4,16384,TORCH_SDPA,"[4096, 4096]","[0, 0]","[8192, 8192, 8192, 8192, 8192, 8192, 8192, 8192, 8192, 8192, 8192, 8192, 8192, 8192, 8192, 8192, 8192, 8192, 8192, 8192, 8192, 8192, 8192, 8192, 8192, 8192, 8192, 8192, 8192, 8192, 8192, 8192, 8192, 8192, 8192, 8192, 8192, 8192, 8192, 8192, 8192, 8192, 8192, 8192, 8192, 8192, 8192, 8192, 8192, 8192, 8192, 8192, 8192, 8192, 8192, 8192, 8192, 8192, 8192, 8192, 8192, 8192, 8192, 8192]",2,64,64,66,8192,64,8256,8192,0.030303030303030304,true_mixed,True,False,True,66,0,0,False,0,0,BF16,CUDA_EVENT,generic,generic,none
0.00443999981507659,0.015320000238716602,0.006680000014603138,0.004519999958574772,0.0043205185995827886,5,0.026480000466108322,0.04740099981427193,0.03164840042591095,0.027481000870466232,0.00798408949595473,5,25.596378326416016,25.858577728271484,25.71340980529785,25.713937759399414,0.08452272148944512,5,0.05835999920964241,0.06328099966049194,0.059984400123357776,0.05936000123620033,0.001763050988788521,5,0.004480000119656324,0.005520000122487545,0.004736000020056963,0.004559999797493219,0.00039403558017284547,5,2880,64,8,32,4,16384,TORCH_SDPA,"[8192, 8192]","[0, 0]",[1024],2,1,1,3,16384,1,16385,1024,0.6666666666666666,true_mixed,True,False,True,3,0,0,False,0,0,BF16,CUDA_EVENT,generic,generic,none
0.004360000137239695,0.0313199982047081,0.009783999621868133,0.004399999976158142,0.010768029008823603,5,0.0221599992364645,0.10116100311279297,0.03803220018744469,0.02223999984562397,0.03156450664411258,5,6.162582874298096,6.3857831954956055,6.225375175476074,6.1917829513549805,0.08157744279931187,5,0.5914819836616516,0.5991219878196716,0.5958741903305054,0.5973629951477051,0.003267137166068364,5,0.004399999976158142,0.004679999779909849,0.004495999962091446,0.004480000119656324,9.666430224026145e-05,5,2880,64,8,32,4,16384,TORCH_SDPA,"[4096, 4096]","[0, 0]","[2048, 2048, 2048, 2048, 2048, 2048, 2048, 2048, 2048, 2048, 2048, 2048, 2048, 2048, 2048, 2048, 2048, 2048, 2048, 2048, 2048, 2048, 2048, 2048, 2048, 2048, 2048, 2048, 2048, 2048, 2048, 2048, 2048, 2048, 2048, 2048, 2048, 2048, 2048, 2048, 2048, 2048, 2048, 2048, 2048, 2048, 2048, 2048, 2048, 2048, 2048, 2048, 2048, 2048, 2048, 2048, 2048, 2048, 2048, 2048, 2048, 2048, 2048, 2048, 2048, 2048, 2048, 2048, 2048, 2048, 2048, 2048, 2048, 2048, 2048, 2048, 2048, 2048, 2048, 2048, 2048, 2048, 2048, 2048, 2048, 2048, 2048, 2048, 2048, 2048, 2048, 2048, 2048, 2048, 2048, 2048]",2,96,96,98,8192,96,8288,2048,0.02040816326530612,true_mixed,True,False,True,98,0,0,False,0,0,BF16,CUDA_EVENT,generic,generic,none
0.004480000119656324,0.012959999963641167,0.006439999956637621,0.004559999797493219,0.0032909086910066663,5,0.02167999930679798,0.10115999728441238,0.03806399889290333,0.02239999920129776,0.031550528573809786,5,6.167064189910889,6.2869038581848145,6.226191997528076,6.219103813171387,0.04265147673541661,5,0.40752100944519043,0.4094420075416565,0.40876960158348086,0.40932199358940125,0.0007733651845963526,5,0.00443999981507659,0.004519999958574772,0.004471999872475862,0.00443999981507659,3.919190618399598e-05,5,2880,64,8,32,4,16384,TORCH_SDPA,"[4096, 4096]","[0, 0]","[2048, 2048, 2048, 2048, 2048, 2048, 2048, 2048, 2048, 2048, 2048, 2048, 2048, 2048, 2048, 2048, 2048, 2048, 2048, 2048, 2048, 2048, 2048, 2048, 2048, 2048, 2048, 2048, 2048, 2048, 2048, 2048, 2048, 2048, 2048, 2048, 2048, 2048, 2048, 2048, 2048, 2048, 2048, 2048, 2048, 2048, 2048, 2048, 2048, 2048, 2048, 2048, 2048, 2048, 2048, 2048, 2048, 2048, 2048, 2048, 2048, 2048, 2048, 2048]",2,64,64,66,8192,64,8256,2048,0.030303030303030304,true_mixed,True,False,True,66,0,0,False,0,0,BF16,CUDA_EVENT,generic,generic,none
0.00443999981507659,0.014840000309050083,0.006575999967753887,0.004519999958574772,0.004132184096943436,5,0.029079999774694443,0.07807999849319458,0.03971199989318848,0.03044000081717968,0.0191935382249221,5,25.263376235961914,25.405616760253906,25.329072570800783,25.32129669189453,0.04576035797239047,5,0.033399999141693115,0.03483999893069267,0.03424799963831902,0.034279998391866684,0.0005205533702850048,5,0.004519999958574772,0.004639999940991402,0.0045599998906254765,0.004559999797493219,4.381779817994028e-05,5,2880,64,8,32,4,16384,TORCH_SDPA,"[8192, 8192]","[0, 0]","[128, 128, 128, 128]",2,4,4,6,16384,4,16388,128,0.3333333333333333,true_mixed,True,False,True,6,0,0,False,0,0,BF16,CUDA_EVENT,generic,generic,none
0.004519999958574772,0.0081599997356534,0.00563999991863966,0.004639999940991402,0.0014406664409527346,5,0.026440000161528587,0.058320000767707825,0.03325600028038025,0.02711999975144863,0.01254352064049573,5,25.689739227294922,25.769540786743164,25.72034797668457,25.71306037902832,0.028047914055948607,5,0.03407999873161316,0.0371600016951561,0.03508020043373108,0.034800998866558075,0.0010845320669952906,5,0.004519999958574772,0.004679999779909849,0.004591999854892492,0.004559999797493219,5.878773253909213e-05,5,2880,64,8,32,4,16384,TORCH_SDPA,"[8192, 8192]","[0, 0]",[128],2,1,1,3,16384,1,16385,128,0.6666666666666666,true_mixed,True,False,True,3,0,0,False,0,0,BF16,CUDA_EVENT,generic,generic,none
0.004360000137239695,0.0047599999234080315,0.004479999933391809,0.00443999981507659,0.0001431083209135551,5,0.021959999576210976,0.07091999799013138,0.03332799933850765,0.02476000040769577,0.01888183653840096,5,6.191544055938721,6.499544143676758,6.270031833648682,6.223382949829102,0.11584251609522973,5,2.2640480995178223,2.3076488971710205,2.2876327991485597,2.28580904006958,0.01529691809399901,5,0.004399999976158142,0.004559999797493219,0.004463999904692173,0.00443999981507659,5.4258613605923594e-05,5,2880,64,8,32,4,16384,TORCH_SDPA,"[4096, 4096]","[0, 0]","[8192, 8192, 8192, 8192, 8192, 8192, 8192, 8192, 8192, 8192, 8192, 8192, 8192, 8192, 8192, 8192, 8192, 8192, 8192, 8192, 8192, 8192, 8192, 8192, 8192, 8192, 8192, 8192, 8192, 8192, 8192, 8192, 8192, 8192, 8192, 8192, 8192, 8192, 8192, 8192, 8192, 8192, 8192, 8192, 8192, 8192, 8192, 8192, 8192, 8192, 8192, 8192, 8192, 8192, 8192, 8192, 8192, 8192, 8192, 8192, 8192, 8192, 8192, 8192, 8192, 8192, 8192, 8192, 8192, 8192, 8192, 8192, 8192, 8192, 8192, 8192, 8192, 8192, 8192, 8192, 8192, 8192, 8192, 8192, 8192, 8192, 8192, 8192, 8192, 8192, 8192, 8192, 8192, 8192, 8192, 8192]",2,96,96,98,8192,96,8288,8192,0.02040816326530612,true_mixed,True,False,True,98,0,0,False,0,0,BF16,CUDA_EVENT,generic,generic,none
0.004480000119656324,0.004679999779909849,0.00459199994802475,0.004600000102072954,6.881851987655174e-05,5,0.02816000021994114,0.0652799978852272,0.03696819916367531,0.030719999223947525,0.014208572973594001,5,25.60109519958496,25.953060150146484,25.720281219482423,25.683937072753906,0.12079546696583994,5,0.04887999966740608,0.05448000133037567,0.05040000006556511,0.04944000020623207,0.0020670371843583414,5,0.004519999958574772,0.004679999779909849,0.00458399998024106,0.004600000102072954,5.986647622883656e-05,5,2880,64,8,32,4,16384,TORCH_SDPA,"[8192, 8192]","[0, 0]","[512, 512, 512, 512, 512, 512, 512, 512]",2,8,8,10,16384,8,16392,512,0.2,true_mixed,True,False,True,10,0,0,False,0,0,BF16,CUDA_EVENT,generic,generic,none
0.004480000119656324,0.004559999797493219,0.004511999990791082,0.004519999958574772,2.993313855179537e-05,5,0.029120000079274178,0.03500000014901161,0.03126400001347065,0.031039999797940254,0.0020153966685352294,5,25.72477912902832,25.84701919555664,25.791299057006835,25.81329917907715,0.05439747486130503,5,0.0642009973526001,0.06780000030994415,0.06512819975614548,0.06452000141143799,0.001354298793574575,5,0.00443999981507659,0.005919999908655882,0.004783999919891357,0.004519999958574772,0.0005688444401259535,5,2880,64,8,32,4,16384,TORCH_SDPA,"[8192, 8192]","[0, 0]","[1024, 1024, 1024, 1024]",2,4,4,6,16384,4,16388,1024,0.3333333333333333,true_mixed,True,False,True,6,0,0,False,0,0,BF16,CUDA_EVENT,generic,generic,none
0.004519999958574772,0.022600000724196434,0.00816000010818243,0.004559999797493219,0.007220061249729593,5,0.026119999587535858,0.08556099981069565,0.03849619999527931,0.02696000039577484,0.023535002136402403,5,25.74989891052246,25.89145851135254,25.824442291259764,25.82965850830078,0.05480493671705285,5,0.044319998472929,0.04667999967932701,0.04534419998526573,0.044840000569820404,0.0009503298281813405,5,0.004519999958574772,0.004639999940991402,0.0045679999515414235,0.004559999797493219,4.664763494375637e-05,5,2880,64,8,32,4,16384,TORCH_SDPA,"[8192, 8192]","[0, 0]",[512],2,1,1,3,16384,1,16385,512,0.6666666666666666,true_mixed,True,False,True,3,0,0,False,0,0,BF16,CUDA_EVENT,generic,generic,none
0.004559999797493219,0.012640000320971012,0.006208000052720308,0.004600000102072954,0.003216099635426469,5,0.025919999927282333,0.05688000097870827,0.032312000170350075,0.026319999247789383,0.012286198191758899,5,25.44273567199707,25.83997917175293,25.59797782897949,25.533857345581055,0.13722689088959897,5,0.15248100459575653,0.15740099549293518,0.15476060211658477,0.1549600064754486,0.0016237507357552508,5,0.004480000119656324,0.004561000037938356,0.00451220003888011,0.004519999958574772,3.0254873982906732e-05,5,2880,64,8,32,4,16384,TORCH_SDPA,"[8192, 8192]","[0, 0]","[4096, 4096]",2,2,2,4,16384,2,16386,4096,0.5,true_mixed,True,False,True,4,0,0,False,0,0,BF16,CUDA_EVENT,generic,generic,none
0.004360000137239695,0.004600000102072954,0.004528000019490719,0.004559999797493219,8.908419723713472e-05,5,0.026079999282956123,0.03620000183582306,0.028976400196552277,0.0272000003606081,0.0036837385584717877,5,25.680938720703125,25.79486083984375,25.724082946777344,25.71417808532715,0.039117975907505695,5,0.2654010057449341,0.27552101016044617,0.2683690071105957,0.26680099964141846,0.003777612163674646,5,0.004399999976158142,0.004600000102072954,0.004496000055223703,0.004480000119656324,6.499233210529004e-05,5,2880,64,8,32,4,16384,TORCH_SDPA,"[8192, 8192]","[0, 0]",[8192],2,1,1,3,16384,1,16385,8192,0.6666666666666666,true_mixed,True,False,True,3,0,0,False,0,0,BF16,CUDA_EVENT,generic,generic,none
0.004399999976158142,0.004639999940991402,0.004520000051707029,0.004480000119656324,8.763559635978157e-05,5,0.029360000044107437,0.09775999933481216,0.04341619983315468,0.030079999938607216,0.027173269737810035,5,25.389816284179688,25.510295867919922,25.435688018798828,25.414936065673828,0.04467952949729675,5,0.06651999801397324,0.06892000138759613,0.06735239923000336,0.06719999760389328,0.0008455201720563085,5,0.004360999912023544,0.004559999797493219,0.0044721999205648896,0.004480000119656324,6.849349432069441e-05,5,2880,64,8,32,4,16384,TORCH_SDPA,"[8192, 8192]","[0, 0]","[1024, 1024, 1024, 1024, 1024, 1024, 1024, 1024]",2,8,8,10,16384,8,16392,1024,0.2,true_mixed,True,False,True,10,0,0,False,0,0,BF16,CUDA_EVENT,generic,generic,none
0.004600000102072954,0.022120000794529915,0.008128000143915414,0.004639999940991402,0.006996063217596849,5,0.026159999892115593,0.07135999947786331,0.03622399978339672,0.026839999482035637,0.01762225123838304,5,25.597219467163086,25.759979248046875,25.671675872802734,25.679540634155273,0.05711754947605489,5,0.06068100035190582,0.06620000302791595,0.06312820017337799,0.062199998646974564,0.0019505687871888152,5,0.004519999958574772,0.00571999978274107,0.004775999952107668,0.004519999958574772,0.0004730157751100193,5,2880,64,8,32,4,16384,TORCH_SDPA,"[8192, 8192]","[0, 0]","[1024, 1024]",2,2,2,4,16384,2,16386,1024,0.5,true_mixed,True,False,True,4,0,0,False,0,0,BF16,CUDA_EVENT,generic,generic,none
0.004480000119656324,0.021479999646544456,0.007927999924868345,0.004559999797493219,0.006776117923440139,5,0.026639999821782112,0.06843999773263931,0.03554399982094765,0.027720000594854355,0.01645505970458467,5,25.57733917236328,25.71310043334961,25.653427505493163,25.66581916809082,0.044256650288466516,5,0.04487999901175499,0.05139999836683273,0.04649639949202537,0.04552000015974045,0.002472653698634536,5,0.00443999981507659,0.004600000102072954,0.004487999994307756,0.004480000119656324,5.878784660240829e-05,5,2880,64,8,32,4,16384,TORCH_SDPA,"[8192, 8192]","[0, 0]","[512, 512]",2,2,2,4,16384,2,16386,512,0.5,true_mixed,True,False,True,4,0,0,False,0,0,BF16,CUDA_EVENT,generic,generic,none
0.00443999981507659,0.004679999779909849,0.0045599998906254765,0.004559999797493219,8.000000379989098e-05,5,0.02988000027835369,0.04044000059366226,0.03226400017738342,0.03027999959886074,0.004099686019700199,5,25.62637710571289,25.77829933166504,25.69874687194824,25.665817260742188,0.06002287865940819,5,0.1287200003862381,0.13308100402355194,0.13032840192317963,0.1300410032272339,0.0015833013390209702,5,0.004480000119656324,0.004600000102072954,0.004520000051707029,0.004519999958574772,4.381779817994027e-05,5,2880,64,8,32,4,16384,TORCH_SDPA,"[8192, 8192]","[0, 0]","[2048, 2048, 2048, 2048, 2048, 2048, 2048, 2048, 2048, 2048, 2048, 2048, 2048, 2048, 2048, 2048]",2,16,16,18,16384,16,16400,2048,0.1111111111111111,true_mixed,True,False,True,18,0,0,False,0,0,BF16,CUDA_EVENT,generic,generic,none
0.004360000137239695,0.004600000102072954,0.004495999962091446,0.004519999958574772,8.616260987716149e-05,5,0.028839999809861183,0.07080099731683731,0.03815239928662777,0.030720999464392662,0.016344845986411467,5,25.723180770874023,25.773500442504883,25.749572372436525,25.748340606689453,0.018548604060479434,5,0.184920996427536,0.18820099532604218,0.18688859641551972,0.18716099858283997,0.0010822669942971686,5,0.004519999958574772,0.00559999980032444,0.0047599999234080315,0.004559999797493219,0.000421046256996238,5,2880,64,8,32,4,16384,TORCH_SDPA,"[8192, 8192]","[0, 0]","[4096, 4096, 4096, 4096, 4096, 4096, 4096, 4096]",2,8,8,10,16384,8,16392,4096,0.2,true_mixed,True,False,True,10,0,0,False,0,0,BF16,CUDA_EVENT,generic,generic,none
0.00443999981507659,0.004639999940991402,0.004575999919325113,0.004600000102072954,7.418901073979258e-05,5,0.02632099948823452,0.07968000322580338,0.03745640031993389,0.027079999446868896,0.021115015344222627,5,25.707738876342773,25.76325798034668,25.732913970947266,25.729778289794922,0.017883418037238454,5,0.09588000178337097,0.10168000310659409,0.09816840142011643,0.0976409986615181,0.002025366050953701,5,0.004519999958574772,0.0061599998734891415,0.004911999963223934,0.004639999940991402,0.0006255365244674584,5,2880,64,8,32,4,16384,TORCH_SDPA,"[8192, 8192]","[0, 0]","[2048, 2048]",2,2,2,4,16384,2,16386,2048,0.5,true_mixed,True,False,True,4,0,0,False,0,0,BF16,CUDA_EVENT,generic,generic,none
0.004519999958574772,0.00851999968290329,0.0054559999145567415,0.004600000102072954,0.0015482840904754195,5,0.028680000454187393,0.038440000265836716,0.03153619989752769,0.030239999294281006,0.0035018456049379578,5,25.504859924316406,25.724660873413086,25.62261199951172,25.636699676513672,0.07125294615379035,5,0.0350399985909462,0.04096100106835365,0.036440199613571166,0.03548000007867813,0.002270200776531572,5,0.004519999958574772,0.004720000084489584,0.00458399998024106,0.004559999797493219,7.418901073979258e-05,5,2880,64,8,32,4,16384,TORCH_SDPA,"[8192, 8192]","[0, 0]","[128, 128, 128, 128, 128, 128, 128, 128]",2,8,8,10,16384,8,16392,128,0.2,true_mixed,True,False,True,10,0,0,False,0,0,BF16,CUDA_EVENT,generic,generic,none
0.00443999981507659,0.004519999958574772,0.004487999994307756,0.004480000119656324,2.9933287895859092e-05,5,0.029839999973773956,0.039719998836517334,0.032280000299215315,0.03012000024318695,0.0037887406147181432,5,25.717140197753906,25.849700927734375,25.782931900024415,25.792940139770508,0.04477834279058323,5,0.046640001237392426,0.047839999198913574,0.04732000008225441,0.047439999878406525,0.00046921104172422746,5,0.00443999981507659,0.004519999958574772,0.004495999962091446,0.004519999958574772,3.200003411633561e-05,5,2880,64,8,32,4,16384,TORCH_SDPA,"[8192, 8192]","[0, 0]","[512, 512, 512, 512]",2,4,4,6,16384,4,16388,512,0.3333333333333333,true_mixed,True,False,True,6,0,0,False,0,0,BF16,CUDA_EVENT,generic,generic,none
0.004399999976158142,0.004600000102072954,0.004496200010180473,0.004519999958574772,6.958277905380813e-05,5,0.029279999434947968,0.08696000277996063,0.04204020015895367,0.031199999153614044,0.02249611404590008,5,25.36064910888672,25.400129318237305,25.38087387084961,25.391050338745117,0.016770239810313253,5,0.21736100316047668,0.2228810042142868,0.21984120309352875,0.21988199651241302,0.002163999885428737,5,0.004559999797493219,0.004639999940991402,0.00459199994802475,0.004600000102072954,2.9933337677144675e-05,5,2880,64,8,32,4,16384,TORCH_SDPA,"[8192, 8192]","[0, 0]","[4096, 4096, 4096, 4096, 4096, 4096, 4096, 4096, 4096, 4096, 4096, 4096, 4096, 4096, 4096, 4096]",2,16,16,18,16384,16,16400,4096,0.1111111111111111,true_mixed,True,False,True,18,0,0,False,0,0,BF16,CUDA_EVENT,generic,generic,none
0.004600000102072954,0.00571999978274107,0.004863999970257282,0.004639999940991402,0.0004297719401489499,5,0.028560999780893326,0.04944000020623207,0.033552199602127075,0.029559999704360962,0.007973407297583286,5,25.648740768432617,25.759262084960938,25.71647720336914,25.732181549072266,0.03999646468923219,5,0.16300000250339508,0.16652099788188934,0.16492060124874114,0.16492100059986115,0.0011698667793787457,5,0.004480000119656324,0.004720000084489584,0.0045679999515414235,0.004559999797493219,8.158433070443462e-05,5,2880,64,8,32,4,16384,TORCH_SDPA,"[8192, 8192]","[0, 0]","[4096, 4096, 4096, 4096]",2,4,4,6,16384,4,16388,4096,0.3333333333333333,true_mixed,True,False,True,6,0,0,False,0,0,BF16,CUDA_EVENT,generic,generic,none
0.004519999958574772,0.005919999908655882,0.004951999988406897,0.004600000102072954,0.0005290897224047304,5,0.028599999845027924,0.09595999866724014,0.04278399981558323,0.0297200009226799,0.026593323097793605,5,25.58538055419922,25.80706024169922,25.690996170043945,25.695619583129883,0.07332235156393023,5,0.0989610031247139,0.10335999727249146,0.10082420110702514,0.10023999959230423,0.0016144206488074733,5,0.00443999981507659,0.004600000102072954,0.004504000023007393,0.004480000119656324,5.4258695995502165e-05,5,2880,64,8,32,4,16384,TORCH_SDPA,"[8192, 8192]","[0, 0]","[2048, 2048, 2048, 2048]",2,4,4,6,16384,4,16388,2048,0.3333333333333333,true_mixed,True,False,True,6,0,0,False,0,0,BF16,CUDA_EVENT,generic,generic,none
0.004480000119656324,0.0077599999494850636,0.005199999921023846,0.004559999797493219,0.0012817488141987291,5,0.02964000031352043,0.04684000089764595,0.033448000252246854,0.03027999959886074,0.006701422263590218,5,25.509380340576172,25.637819290161133,25.56806755065918,25.545618057250977,0.04859219655702507,5,0.6974819898605347,0.7071229815483093,0.7008267879486084,0.7003629803657532,0.003331174880525649,5,0.004519999958574772,0.004639999940991402,0.00457600001245737,0.004600000102072954,4.8000024010787934e-05,5,2880,64,8,32,4,16384,TORCH_SDPA,"[8192, 8192]","[0, 0]","[8192, 8192, 8192, 8192, 8192, 8192, 8192, 8192, 8192, 8192, 8192, 8192, 8192, 8192, 8192, 8192, 8192, 8192, 8192, 8192, 8192, 8192, 8192, 8192]",2,24,24,26,16384,24,16408,8192,0.07692307692307693,true_mixed,True,False,True,26,0,0,False,0,0,BF16,CUDA_EVENT,generic,generic,none
0.00431999983265996,0.004559999797493219,0.004463999904692173,0.004480000119656324,9.329520599920181e-05,5,0.029841000214219093,0.07487999647855759,0.03945619948208332,0.03084000013768673,0.01771725499820631,5,25.667179107666016,25.870742797851562,25.76169204711914,25.748779296875,0.06982514633591282,5,0.03880000114440918,0.04315999895334244,0.04047200009226799,0.04027999937534332,0.0014513766611192213,5,0.004399999976158142,0.0049600000493228436,0.0045679999515414235,0.004519999958574772,0.0002014349036160513,5,2880,64,8,32,4,16384,TORCH_SDPA,"[8192, 8192]","[0, 0]","[128, 128, 128, 128, 128, 128, 128, 128, 128, 128, 128, 128, 128, 128, 128, 128, 128, 128, 128, 128, 128, 128, 128, 128]",2,24,24,26,16384,24,16408,128,0.07692307692307693,true_mixed,True,False,True,26,0,0,False,0,0,BF16,CUDA_EVENT,generic,generic,none
0.004600000102072954,0.00571999978274107,0.004839999973773957,0.004639999940991402,0.00044036338786079777,5,0.029440000653266907,0.09032099694013596,0.042600199580192566,0.03012000024318695,0.023902986915956704,5,25.618778228759766,25.83422088623047,25.73566780090332,25.744060516357422,0.0701862339382836,5,0.29472100734710693,0.29680201411247253,0.29584120512008666,0.2956410050392151,0.0007570912742031619,5,0.004519999958574772,0.004679999779909849,0.004583999887108803,0.004559999797493219,5.425861360592359e-05,5,2880,64,8,32,4,16384,TORCH_SDPA,"[8192, 8192]","[0, 0]","[8192, 8192, 8192, 8192]",2,4,4,6,16384,4,16388,8192,0.3333333333333333,true_mixed,True,False,True,6,0,0,False,0,0,BF16,CUDA_EVENT,generic,generic,none
0.004519999958574772,0.007679999805986881,0.005191999953240156,0.004600000102072954,0.0012443535755183198,5,0.029479999095201492,0.09492100030183792,0.043104199692606926,0.03027999959886074,0.02591412291981121,5,25.651979446411133,25.889141082763672,25.709716033935546,25.666259765625,0.09012424164463796,5,0.07500000298023224,0.07751999795436859,0.07573620080947877,0.07544100284576416,0.0009080655017568583,5,0.004480000119656324,0.004600000102072954,0.0045599999837577345,0.004559999797493219,4.381779818013822e-05,5,2880,64,8,32,4,16384,TORCH_SDPA,"[8192, 8192]","[0, 0]","[1024, 1024, 1024, 1024, 1024, 1024, 1024, 1024, 1024, 1024, 1024, 1024, 1024, 1024, 1024, 1024]",2,16,16,18,16384,16,16400,1024,0.1111111111111111,true_mixed,True,False,True,18,0,0,False,0,0,BF16,CUDA_EVENT,generic,generic,none
0.004399999976158142,0.00535999983549118,0.004687999933958053,0.004559999797493219,0.00034539247251862674,5,0.02879999950528145,0.07988099753856659,0.0397683996707201,0.029680000618100166,0.020067295568556236,5,25.5904598236084,25.85662078857422,25.733403778076173,25.792339324951172,0.10628733792018909,5,0.10719999670982361,0.11196000128984451,0.10971220135688782,0.10964000225067139,0.0016801501443574885,5,0.00443999981507659,0.0061599998734891415,0.00480839991942048,0.004480999894440174,0.0006764686371507578,5,2880,64,8,32,4,16384,TORCH_SDPA,"[8192, 8192]","[0, 0]","[2048, 2048, 2048, 2048, 2048, 2048, 2048, 2048]",2,8,8,10,16384,8,16392,2048,0.2,true_mixed,True,False,True,10,0,0,False,0,0,BF16,CUDA_EVENT,generic,generic,none
0.004360000137239695,0.005319999996572733,0.004679999966174364,0.004559999797493219,0.00033081716661968475,5,0.029759999364614487,0.09876000136137009,0.044280000030994415,0.03116000071167946,0.027245033977811854,5,25.37529945373535,25.450300216674805,25.40510787963867,25.383939743041992,0.03234745631687652,5,0.03951999917626381,0.04067999869585037,0.04020799919962883,0.04032000154256821,0.0003881442948188517,5,0.004360000137239695,0.004639999940991402,0.004504000023007393,0.004480000119656324,9.329513412493918e-05,5,2880,64,8,32,4,16384,TORCH_SDPA,"[8192, 8192]","[0, 0]","[128, 128, 128, 128, 128, 128, 128, 128, 128, 128, 128, 128, 128, 128, 128, 128, 128, 128, 128, 128, 128, 128, 128, 128, 128, 128, 128, 128, 128, 128, 128, 128]",2,32,32,34,16384,32,16416,128,0.058823529411764705,true_mixed,True,False,True,34,0,0,False,0,0,BF16,CUDA_EVENT,generic,generic,none
0.004519999958574772,0.0055599999614059925,0.004799999948590994,0.004639999940991402,0.000382831561181544,5,0.029160000383853912,0.10136000066995621,0.04527219980955124,0.03036000020802021,0.02813309924175308,5,25.645660400390625,25.847219467163086,25.732011795043945,25.705219268798828,0.08014864411493831,5,0.036240000277757645,0.04083999991416931,0.037664199620485304,0.036920998245477676,0.0016859201704439452,5,0.004559999797493219,0.004720000084489584,0.004631999973207712,0.004600000102072954,5.878777056032047e-05,5,2880,64,8,32,4,16384,TORCH_SDPA,"[8192, 8192]","[0, 0]","[128, 128, 128, 128, 128, 128, 128, 128, 128, 128, 128, 128, 128, 128, 128, 128]",2,16,16,18,16384,16,16400,128,0.1111111111111111,true_mixed,True,False,True,18,0,0,False,0,0,BF16,CUDA_EVENT,generic,generic,none
0.00443999981507659,0.005799999926239252,0.004767999891191721,0.004559999797493219,0.0005199384848852227,5,0.029400000348687172,0.07131999731063843,0.03813599981367588,0.02996000088751316,0.016594042984723972,5,25.612220764160156,25.81454086303711,25.66463623046875,25.6281795501709,0.07574684587265078,5,0.3312020003795624,0.33820098638534546,0.3344093978404999,0.33440101146698,0.0024171507659832337,5,0.00443999981507659,0.004559999797493219,0.004519999865442515,0.004519999958574772,4.381779817994027e-05,5,2880,64,8,32,4,16384,TORCH_SDPA,"[8192, 8192]","[0, 0]","[8192, 8192, 8192, 8192, 8192, 8192, 8192, 8192]",2,8,8,10,16384,8,16392,8192,0.2,true_mixed,True,False,True,10,0,0,False,0,0,BF16,CUDA_EVENT,generic,generic,none
0.004480000119656324,0.006399999838322401,0.004920000024139881,0.004600000102072954,0.0007427515437287715,5,0.03075999952852726,0.04131999984383583,0.03343199975788593,0.03156000003218651,0.003970966749061794,5,25.55813980102539,25.67605972290039,25.626691818237305,25.633899688720703,0.04060568257816146,5,0.07608000189065933,0.07791999727487564,0.07708020061254502,0.07676099985837936,0.0007141086297221921,5,0.004600000102072954,0.004679999779909849,0.004631999973207712,0.004600000102072954,3.919167805748661e-05,5,2880,64,8,32,4,16384,TORCH_SDPA,"[8192, 8192]","[0, 0]","[512, 512, 512, 512, 512, 512, 512, 512, 512, 512, 512, 512, 512, 512, 512, 512, 512, 512, 512, 512, 512, 512, 512, 512, 512, 512, 512, 512, 512, 512, 512, 512, 512, 512, 512, 512, 512, 512, 512, 512, 512, 512, 512, 512, 512, 512, 512, 512]",2,48,48,50,16384,48,16432,512,0.04,true_mixed,True,False,True,50,0,0,False,0,0,BF16,CUDA_EVENT,generic,generic,none
0.004399999976158142,0.004600000102072954,0.004487999994307756,0.004480000119656324,6.881866061977869e-05,5,0.029839999973773956,0.0785600021481514,0.04032000079751015,0.031039999797940254,0.01912793209606835,5,25.711139678955078,25.79618263244629,25.756693267822264,25.7724609375,0.03211994908196979,5,0.09824000298976898,0.1016400009393692,0.10029620081186294,0.1002810001373291,0.0011974869583262087,5,0.004480000119656324,0.004559999797493219,0.004536199942231178,0.004559999797493219,3.19021992427353e-05,5,2880,64,8,32,4,16384,TORCH_SDPA,"[8192, 8192]","[0, 0]","[1024, 1024, 1024, 1024, 1024, 1024, 1024, 1024, 1024, 1024, 1024, 1024, 1024, 1024, 1024, 1024, 1024, 1024, 1024, 1024, 1024, 1024, 1024, 1024, 1024, 1024, 1024, 1024, 1024, 1024, 1024, 1024]",2,32,32,34,16384,32,16416,1024,0.058823529411764705,true_mixed,True,False,True,34,0,0,False,0,0,BF16,CUDA_EVENT,generic,generic,none
0.00443999981507659,0.004639999940991402,0.004535999894142151,0.004559999797493219,6.974236931654253e-05,5,0.03108000010251999,0.09528099745512009,0.04493619948625564,0.03192000091075897,0.025217022635406698,5,25.838340759277344,25.886579513549805,25.860508346557616,25.859060287475586,0.018148506388867572,5,0.05220000073313713,0.05592000111937523,0.05380820110440254,0.05428000167012215,0.0014195031238443514,5,0.004480000119656324,0.006120000034570694,0.004879999998956918,0.004600000102072954,0.0006222539820327298,5,2880,64,8,32,4,16384,TORCH_SDPA,"[8192, 8192]","[0, 0]","[512, 512, 512, 512, 512, 512, 512, 512, 512, 512, 512, 512, 512, 512, 512, 512]",2,16,16,18,16384,16,16400,512,0.1111111111111111,true_mixed,True,False,True,18,0,0,False,0,0,BF16,CUDA_EVENT,generic,generic,none
0.004519999958574772,0.005400000140070915,0.004736000020056963,0.004600000102072954,0.0003352372906976236,5,0.029440000653266907,0.047200001776218414,0.033936000615358355,0.031199999153614044,0.0066688343412331565,5,25.526500701904297,25.655139923095703,25.58551597595215,25.59033966064453,0.04192648810330406,5,0.3587610125541687,0.37104201316833496,0.36694560647010804,0.3693220019340515,0.004469116844283587,5,0.004480000119656324,0.004600000102072954,0.004560000076889992,0.004600000102072954,5.059645969143114e-05,5,2880,64,8,32,4,16384,TORCH_SDPA,"[8192, 8192]","[0, 0]","[4096, 4096, 4096, 4096, 4096, 4096, 4096, 4096, 4096, 4096, 4096, 4096, 4096, 4096, 4096, 4096, 4096, 4096, 4096, 4096, 4096, 4096, 4096, 4096]",2,24,24,26,16384,24,16408,4096,0.07692307692307693,true_mixed,True,False,True,26,0,0,False,0,0,BF16,CUDA_EVENT,generic,generic,none
0.004399999976158142,0.007840000092983246,0.005200000014156103,0.004519999958574772,0.0013273733976639948,5,0.03036000020802021,0.036240000277757645,0.03209640048444271,0.030601000413298607,0.002276362721395266,5,25.57033920288086,25.736059188842773,25.673947525024413,25.675979614257812,0.0610517234561927,5,0.3931620121002197,0.40480101108551025,0.3995214104652405,0.39848101139068604,0.004322490900407616,5,0.004480000119656324,0.007079999893903732,0.0050560000352561476,0.004600000102072954,0.00101306656157481,5,2880,64,8,32,4,16384,TORCH_SDPA,"[8192, 8192]","[0, 0]","[8192, 8192, 8192, 8192, 8192, 8192, 8192, 8192, 8192, 8192, 8192, 8192, 8192, 8192, 8192, 8192]",2,16,16,18,16384,16,16400,8192,0.1111111111111111,true_mixed,True,False,True,18,0,0,False,0,0,BF16,CUDA_EVENT,generic,generic,none
0.00419999985024333,0.004559999797493219,0.004399999883025885,0.00443999981507659,0.00011865913747677355,5,0.030719999223947525,0.102401003241539,0.045232200622558595,0.03108000010251999,0.028584720364053694,5,25.404460906982422,25.50242042541504,25.436211776733398,25.40509796142578,0.040411497962705954,5,0.12216000258922577,0.12727999687194824,0.12369620054960251,0.12300000339746475,0.0018320442143546396,5,0.00443999981507659,0.004600000102072954,0.004519999865442515,0.004559999797493219,6.693286652482382e-05,5,2880,64,8,32,4,16384,TORCH_SDPA,"[8192, 8192]","[0, 0]","[1024, 1024, 1024, 1024, 1024, 1024, 1024, 1024, 1024, 1024, 1024, 1024, 1024, 1024, 1024, 1024, 1024, 1024, 1024, 1024, 1024, 1024, 1024, 1024, 1024, 1024, 1024, 1024, 1024, 1024, 1024, 1024, 1024, 1024, 1024, 1024, 1024, 1024, 1024, 1024, 1024, 1024, 1024, 1024, 1024, 1024, 1024, 1024]",2,48,48,50,16384,48,16432,1024,0.04,true_mixed,True,False,True,50,0,0,False,0,0,BF16,CUDA_EVENT,generic,generic,none
0.004519999958574772,0.004639999940991402,0.0045599998906254765,0.004559999797493219,4.381779817994027e-05,5,0.029881000518798828,0.1011200025677681,0.04451220035552979,0.030719999223947525,0.028306011829562626,5,25.698383331298828,25.80094337463379,25.749543762207033,25.76478385925293,0.03893775942744325,5,0.08856000006198883,0.09487999975681305,0.09051199853420258,0.08959999680519104,0.0022705632909354513,5,0.004519999958574772,0.004639999940991402,0.00458399998024106,0.004600000102072954,4.079219274941178e-05,5,2880,64,8,32,4,16384,TORCH_SDPA,"[8192, 8192]","[0, 0]","[1024, 1024, 1024, 1024, 1024, 1024, 1024, 1024, 1024, 1024, 1024, 1024, 1024, 1024, 1024, 1024, 1024, 1024, 1024, 1024, 1024, 1024, 1024, 1024]",2,24,24,26,16384,24,16408,1024,0.07692307692307693,true_mixed,True,False,True,26,0,0,False,0,0,BF16,CUDA_EVENT,generic,generic,none
0.004480000119656324,0.005840000230818987,0.0047680000774562355,0.004519999958574772,0.0005362984986228666,5,0.03003999963402748,0.09084100276231766,0.04326420053839684,0.03248000144958496,0.02381091403767753,5,25.707780838012695,25.828582763671875,25.762173080444335,25.762981414794922,0.045955868094587564,5,0.057999998331069946,0.060759998857975006,0.05930399969220161,0.05916000157594681,0.0010590866797211785,5,0.004480000119656324,0.004879999905824661,0.004584000073373317,0.004480000119656324,0.00015512567347091385,5,2880,64,8,32,4,16384,TORCH_SDPA,"[8192, 8192]","[0, 0]","[512, 512, 512, 512, 512, 512, 512, 512, 512, 512, 512, 512, 512, 512, 512, 512, 512, 512, 512, 512, 512, 512, 512, 512]",2,24,24,26,16384,24,16408,512,0.07692307692307693,true_mixed,True,False,True,26,0,0,False,0,0,BF16,CUDA_EVENT,generic,generic,none
0.004519999958574772,0.005400000140070915,0.004727999959141016,0.004559999797493219,0.00033884518622785556,5,0.03027999959886074,0.045441001653671265,0.03448820002377033,0.0313199982047081,0.005632151284783981,5,25.60934066772461,25.708019256591797,25.645555877685545,25.638259887695312,0.036810942671793134,5,0.41808199882507324,0.42232099175453186,0.4199537992477417,0.4202820062637329,0.001525445001369501,5,0.004519999958574772,0.009119999594986439,0.0054879997856915,0.004559999797493219,0.0018167926819288795,5,2880,64,8,32,4,16384,TORCH_SDPA,"[8192, 8192]","[0, 0]","[2048, 2048, 2048, 2048, 2048, 2048, 2048, 2048, 2048, 2048, 2048, 2048, 2048, 2048, 2048, 2048, 2048, 2048, 2048, 2048, 2048, 2048, 2048, 2048, 2048, 2048, 2048, 2048, 2048, 2048, 2048, 2048, 2048, 2048, 2048, 2048, 2048, 2048, 2048, 2048, 2048, 2048, 2048, 2048, 2048, 2048, 2048, 2048, 2048, 2048, 2048, 2048, 2048, 2048, 2048, 2048, 2048, 2048, 2048, 2048, 2048, 2048, 2048, 2048]",2,64,64,66,16384,64,16448,2048,0.030303030303030304,true_mixed,True,False,True,66,0,0,False,0,0,BF16,CUDA_EVENT,generic,generic,none
0.00431999983265996,0.004600000102072954,0.004471999872475862,0.00443999981507659,9.927745467236572e-05,5,0.03108000010251999,0.09140100330114365,0.04455239996314049,0.033799998462200165,0.02345952574479028,5,25.6289005279541,25.746461868286133,25.684236907958983,25.666379928588867,0.04465874014124262,5,0.5967220067977905,0.6129220128059387,0.6034980058670044,0.6037219762802124,0.006014199855985368,5,0.00419999985024333,0.004600000102072954,0.004440000001341105,0.004480000119656324,0.00013145350789663584,5,2880,64,8,32,4,16384,TORCH_SDPA,"[8192, 8192]","[0, 0]","[4096, 4096, 4096, 4096, 4096, 4096, 4096, 4096, 4096, 4096, 4096, 4096, 4096, 4096, 4096, 4096, 4096, 4096, 4096, 4096, 4096, 4096, 4096, 4096, 4096, 4096, 4096, 4096, 4096, 4096, 4096, 4096, 4096, 4096, 4096, 4096, 4096, 4096, 4096, 4096, 4096, 4096, 4096, 4096, 4096, 4096, 4096, 4096]",2,48,48,50,16384,48,16432,4096,0.04,true_mixed,True,False,True,50,0,0,False,0,0,BF16,CUDA_EVENT,generic,generic,none
0.004519999958574772,0.004679999779909849,0.004591999854892492,0.004559999797493219,5.878773253909213e-05,5,0.029559999704360962,0.04047999903559685,0.0325119998306036,0.03027999959886074,0.004064708349139071,5,25.69577980041504,25.884180068969727,25.809371948242188,25.86517906188965,0.07929181423900794,5,0.2046010047197342,0.21524100005626678,0.21025680005550385,0.2094009965658188,0.00396117537380748,5,0.004519999958574772,0.004679999779909849,0.004583999887108803,0.004559999797493219,5.4258613605923594e-05,5,2880,64,8,32,4,16384,TORCH_SDPA,"[8192, 8192]","[0, 0]","[2048, 2048, 2048, 2048, 2048, 2048, 2048, 2048, 2048, 2048, 2048, 2048, 2048, 2048, 2048, 2048, 2048, 2048, 2048, 2048, 2048, 2048, 2048, 2048]",2,24,24,26,16384,24,16408,2048,0.07692307692307693,true_mixed,True,False,True,26,0,0,False,0,0,BF16,CUDA_EVENT,generic,generic,none
0.004480000119656324,0.005439999978989363,0.004720200039446354,0.004559999797493219,0.00036210514310779654,5,0.030519999563694,0.03996099904179573,0.033000599965453147,0.03152000159025192,0.003511213623122734,5,25.529579162597656,25.754819869995117,25.670051956176756,25.694740295410156,0.0771658367594079,5,0.04303999990224838,0.044119998812675476,0.04347200021147728,0.04332000017166138,0.00038649148006443675,5,0.004519999958574772,0.004681000020354986,0.00458419993519783,0.004559999797493219,6.52883110437387e-05,5,2880,64,8,32,4,16384,TORCH_SDPA,"[8192, 8192]","[0, 0]","[128, 128, 128, 128, 128, 128, 128, 128, 128, 128, 128, 128, 128, 128, 128, 128, 128, 128, 128, 128, 128, 128, 128, 128, 128, 128, 128, 128, 128, 128, 128, 128, 128, 128, 128, 128, 128, 128, 128, 128, 128, 128, 128, 128, 128, 128, 128, 128]",2,48,48,50,16384,48,16432,128,0.04,true_mixed,True,False,True,50,0,0,False,0,0,BF16,CUDA_EVENT,generic,generic,none
0.004399999976158142,0.005760000087320805,0.004743999987840653,0.004519999958574772,0.0005107485141910049,5,0.03075999952852726,0.04039999842643738,0.03364819958806038,0.03099999949336052,0.003787103640112265,5,25.62898063659668,26.0933837890625,25.796428680419922,25.77277946472168,0.16025421770485154,5,0.06483999639749527,0.06663999706506729,0.06540019810199738,0.06508000195026398,0.0006708079737089426,5,0.00443999981507659,0.004639999940991402,0.004495999868959188,0.00443999981507659,7.838372682055959e-05,5,2880,64,8,32,4,16384,TORCH_SDPA,"[8192, 8192]","[0, 0]","[512, 512, 512, 512, 512, 512, 512, 512, 512, 512, 512, 512, 512, 512, 512, 512, 512, 512, 512, 512, 512, 512, 512, 512, 512, 512, 512, 512, 512, 512, 512, 512]",2,32,32,34,16384,32,16416,512,0.058823529411764705,true_mixed,True,False,True,34,0,0,False,0,0,BF16,CUDA_EVENT,generic,generic,none
0.00443999981507659,0.05527999997138977,0.014663999900221825,0.004559999797493219,0.02030805321641935,5,0.02988000027835369,0.0626399964094162,0.038207999616861346,0.03108000010251999,0.0124686959757631,5,25.2862606048584,25.47454071044922,25.36951599121094,25.365379333496094,0.07310271467395137,5,0.7896429896354675,0.7967640161514282,0.7925392150878906,0.7920830249786377,0.0025753651044976966,5,0.004399999976158142,0.004559999797493219,0.004479999933391809,0.004480000119656324,5.6568512254674996e-05,5,2880,64,8,32,4,16384,TORCH_SDPA,"[8192, 8192]","[0, 0]","[4096, 4096, 4096, 4096, 4096, 4096, 4096, 4096, 4096, 4096, 4096, 4096, 4096, 4096, 4096, 4096, 4096, 4096, 4096, 4096, 4096, 4096, 4096, 4096, 4096, 4096, 4096, 4096, 4096, 4096, 4096, 4096, 4096, 4096, 4096, 4096, 4096, 4096, 4096, 4096, 4096, 4096, 4096, 4096, 4096, 4096, 4096, 4096, 4096, 4096, 4096, 4096, 4096, 4096, 4096, 4096, 4096, 4096, 4096, 4096, 4096, 4096, 4096, 4096]",2,64,64,66,16384,64,16448,4096,0.030303030303030304,true_mixed,True,False,True,66,0,0,False,0,0,BF16,CUDA_EVENT,generic,generic,none
0.004519999958574772,0.00812000036239624,0.005312000028789043,0.004639999940991402,0.0014049969617749825,5,0.03068000078201294,0.10244099795818329,0.04547219984233379,0.03147999942302704,0.02848631302132013,5,25.68818473815918,25.74898338317871,25.72847213745117,25.73966407775879,0.022721108948020565,5,0.40476199984550476,0.4102019965648651,0.40852139592170716,0.4092409908771515,0.001977583064217489,5,0.004480000119656324,0.004720000084489584,0.004592000041157007,0.004600000102072954,7.756289196924024e-05,5,2880,64,8,32,4,16384,TORCH_SDPA,"[8192, 8192]","[0, 0]","[4096, 4096, 4096, 4096, 4096, 4096, 4096, 4096, 4096, 4096, 4096, 4096, 4096, 4096, 4096, 4096, 4096, 4096, 4096, 4096, 4096, 4096, 4096, 4096, 4096, 4096, 4096, 4096, 4096, 4096, 4096, 4096]",2,32,32,34,16384,32,16416,4096,0.058823529411764705,true_mixed,True,False,True,34,0,0,False,0,0,BF16,CUDA_EVENT,generic,generic,none
0.00443999981507659,0.00535999983549118,0.004671999905258417,0.004519999958574772,0.00034539250056136317,5,0.029839999973773956,0.07088000327348709,0.03878400065004826,0.031039999797940254,0.01605665302506232,5,25.52281951904297,25.67458152770996,25.59710807800293,25.614620208740234,0.05307973265328425,5,0.22568100690841675,0.23020100593566895,0.22737660109996796,0.22684000432491302,0.0015398282938289625,5,0.004399999976158142,0.004559999797493219,0.004519999865442515,0.004559999797493219,6.196766434270915e-05,5,2880,64,8,32,4,16384,TORCH_SDPA,"[8192, 8192]","[0, 0]","[2048, 2048, 2048, 2048, 2048, 2048, 2048, 2048, 2048, 2048, 2048, 2048, 2048, 2048, 2048, 2048, 2048, 2048, 2048, 2048, 2048, 2048, 2048, 2048, 2048, 2048, 2048, 2048, 2048, 2048, 2048, 2048]",2,32,32,34,16384,32,16416,2048,0.058823529411764705,true_mixed,True,False,True,34,0,0,False,0,0,BF16,CUDA_EVENT,generic,generic,none
0.004399999976158142,0.004559999797493219,0.004487999994307756,0.004480000119656324,5.306593738933738e-05,5,0.0309200007468462,0.07388000190258026,0.04102420099079609,0.033240001648664474,0.01653548980663135,5,25.533180236816406,25.699539184570312,25.618915939331053,25.627859115600586,0.05332084515653997,5,2.3014090061187744,2.3125290870666504,2.3076730251312254,2.3084490299224854,0.00391214158968533,5,0.00443999981507659,0.004639999940991402,0.004528199974447489,0.004521000199019909,6.879650012334749e-05,5,2880,64,8,32,4,16384,TORCH_SDPA,"[8192, 8192]","[0, 0]","[8192, 8192, 8192, 8192, 8192, 8192, 8192, 8192, 8192, 8192, 8192, 8192, 8192, 8192, 8192, 8192, 8192, 8192, 8192, 8192, 8192, 8192, 8192, 8192, 8192, 8192, 8192, 8192, 8192, 8192, 8192, 8192, 8192, 8192, 8192, 8192, 8192, 8192, 8192, 8192, 8192, 8192, 8192, 8192, 8192, 8192, 8192, 8192, 8192, 8192, 8192, 8192, 8192, 8192, 8192, 8192, 8192, 8192, 8192, 8192, 8192, 8192, 8192, 8192, 8192, 8192, 8192, 8192, 8192, 8192, 8192, 8192, 8192, 8192, 8192, 8192, 8192, 8192, 8192, 8192, 8192, 8192, 8192, 8192, 8192, 8192, 8192, 8192, 8192, 8192, 8192, 8192, 8192, 8192, 8192, 8192]",2,96,96,98,16384,96,16480,8192,0.02040816326530612,true_mixed,True,False,True,98,0,0,False,0,0,BF16,CUDA_EVENT,generic,generic,none
0.004480000119656324,0.041439998894929886,0.011887999810278415,0.004480000119656324,0.014776032027140385,5,0.03144000098109245,0.049720000475645065,0.03525620028376579,0.03156000003218651,0.007234963629859483,5,25.72222137451172,25.8453426361084,25.77483024597168,25.779422760009766,0.046799028263033844,5,0.05688000097870827,0.06244000047445297,0.05816000029444694,0.05708000063896179,0.0021455816062588154,5,0.00443999981507659,0.006039999891072512,0.004791999980807304,0.004480000119656324,0.0006245125669684119,5,2880,64,8,32,4,16384,TORCH_SDPA,"[8192, 8192]","[0, 0]","[128, 128, 128, 128, 128, 128, 128, 128, 128, 128, 128, 128, 128, 128, 128, 128, 128, 128, 128, 128, 128, 128, 128, 128, 128, 128, 128, 128, 128, 128, 128, 128, 128, 128, 128, 128, 128, 128, 128, 128, 128, 128, 128, 128, 128, 128, 128, 128, 128, 128, 128, 128, 128, 128, 128, 128, 128, 128, 128, 128, 128, 128, 128, 128, 128, 128, 128, 128, 128, 128, 128, 128, 128, 128, 128, 128, 128, 128, 128, 128, 128, 128, 128, 128, 128, 128, 128, 128, 128, 128, 128, 128, 128, 128, 128, 128]",2,96,96,98,16384,96,16480,128,0.02040816326530612,true_mixed,True,False,True,98,0,0,False,0,0,BF16,CUDA_EVENT,generic,generic,none
0.004399999976158142,0.04583999887108803,0.012767999712377787,0.004519999958574772,0.016536202771198372,5,0.029839999973773956,0.12008100003004074,0.04823219999670982,0.030519999563694,0.03592545443729973,5,25.795101165771484,25.902183532714844,25.841598129272462,25.815061569213867,0.045293524452851654,5,0.7755230069160461,0.7900429964065552,0.783443009853363,0.78404301404953,0.005981735110565891,5,0.00443999981507659,0.004639999940991402,0.004519999865442515,0.004519999958574772,7.58947018083731e-05,5,2880,64,8,32,4,16384,TORCH_SDPA,"[8192, 8192]","[0, 0]","[8192, 8192, 8192, 8192, 8192, 8192, 8192, 8192, 8192, 8192, 8192, 8192, 8192, 8192, 8192, 8192, 8192, 8192, 8192, 8192, 8192, 8192, 8192, 8192, 8192, 8192, 8192, 8192, 8192, 8192, 8192, 8192]",2,32,32,34,16384,32,16416,8192,0.058823529411764705,true_mixed,True,False,True,34,0,0,False,0,0,BF16,CUDA_EVENT,generic,generic,none
0.00443999981507659,0.005400000140070915,0.004695999994874,0.004559999797493219,0.00035651655661218855,5,0.029400000348687172,0.11896000057458878,0.04837619997560978,0.031560998409986496,0.035302669557382524,5,25.582740783691406,25.837783813476562,25.70376625061035,25.678302764892578,0.09658641039558051,5,0.157600998878479,0.16380000114440918,0.16050440073013306,0.15996000170707703,0.0020670757187912763,5,0.004480000119656324,0.004600000102072954,0.004544000048190356,0.004559999797493219,5.425861360592359e-05,5,2880,64,8,32,4,16384,TORCH_SDPA,"[8192, 8192]","[0, 0]","[1024, 1024, 1024, 1024, 1024, 1024, 1024, 1024, 1024, 1024, 1024, 1024, 1024, 1024, 1024, 1024, 1024, 1024, 1024, 1024, 1024, 1024, 1024, 1024, 1024, 1024, 1024, 1024, 1024, 1024, 1024, 1024, 1024, 1024, 1024, 1024, 1024, 1024, 1024, 1024, 1024, 1024, 1024, 1024, 1024, 1024, 1024, 1024, 1024, 1024, 1024, 1024, 1024, 1024, 1024, 1024, 1024, 1024, 1024, 1024, 1024, 1024, 1024, 1024]",2,64,64,66,16384,64,16448,1024,0.030303030303030304,true_mixed,True,False,True,66,0,0,False,0,0,BF16,CUDA_EVENT,generic,generic,none
0.004480000119656324,0.0060800001956522465,0.004816200118511915,0.004519999958574772,0.0006321596381699455,5,0.03120099939405918,0.10787999629974365,0.046688199043273926,0.03147999942302704,0.030596319666603915,5,25.675701141357422,25.761341094970703,25.71912536621094,25.71497917175293,0.029570517985117832,5,0.3228810131549835,0.3269209861755371,0.3245130002498627,0.32416099309921265,0.0014451818565350272,5,0.004399999976158142,0.004480000119656324,0.004447999969124794,0.00443999981507659,2.9933337677144675e-05,5,2880,64,8,32,4,16384,TORCH_SDPA,"[8192, 8192]","[0, 0]","[2048, 2048, 2048, 2048, 2048, 2048, 2048, 2048, 2048, 2048, 2048, 2048, 2048, 2048, 2048, 2048, 2048, 2048, 2048, 2048, 2048, 2048, 2048, 2048, 2048, 2048, 2048, 2048, 2048, 2048, 2048, 2048, 2048, 2048, 2048, 2048, 2048, 2048, 2048, 2048, 2048, 2048, 2048, 2048, 2048, 2048, 2048, 2048]",2,48,48,50,16384,48,16432,2048,0.04,true_mixed,True,False,True,50,0,0,False,0,0,BF16,CUDA_EVENT,generic,generic,none
0.004600000102072954,0.00863999966531992,0.005423999950289726,0.004639999940991402,0.0016080993561317259,5,0.0309200007468462,0.11716099828481674,0.04841620028018952,0.03144000098109245,0.03437315658131908,5,25.621103286743164,25.740863800048828,25.692432022094728,25.684263229370117,0.04488753240576618,5,0.04904000088572502,0.050680000334978104,0.05008020028471947,0.050360001623630524,0.000619561265156511,5,0.004480000119656324,0.004679999779909849,0.004615999944508076,0.004639999940991402,7.418881992829325e-05,5,2880,64,8,32,4,16384,TORCH_SDPA,"[8192, 8192]","[0, 0]","[128, 128, 128, 128, 128, 128, 128, 128, 128, 128, 128, 128, 128, 128, 128, 128, 128, 128, 128, 128, 128, 128, 128, 128, 128, 128, 128, 128, 128, 128, 128, 128, 128, 128, 128, 128, 128, 128, 128, 128, 128, 128, 128, 128, 128, 128, 128, 128, 128, 128, 128, 128, 128, 128, 128, 128, 128, 128, 128, 128, 128, 128, 128, 128]",2,64,64,66,16384,64,16448,128,0.030303030303030304,true_mixed,True,False,True,66,0,0,False,0,0,BF16,CUDA_EVENT,generic,generic,none
0.004279999993741512,0.004480000119656324,0.004399999976158142,0.004399999976158142,6.693281086764991e-05,5,0.03044000081717968,0.052241001278162,0.0355442002415657,0.03099999949336052,0.008403696244875646,5,25.568782806396484,25.70342445373535,25.643199920654297,25.656784057617188,0.04623667258335771,5,1.1642440557479858,1.185804009437561,1.1769566059112548,1.180804967880249,0.008268205375541997,5,0.004399999976158142,0.004559999797493219,0.004455999843776226,0.00443999981507659,5.425859987420843e-05,5,2880,64,8,32,4,16384,TORCH_SDPA,"[8192, 8192]","[0, 0]","[8192, 8192, 8192, 8192, 8192, 8192, 8192, 8192, 8192, 8192, 8192, 8192, 8192, 8192, 8192, 8192, 8192, 8192, 8192, 8192, 8192, 8192, 8192, 8192, 8192, 8192, 8192, 8192, 8192, 8192, 8192, 8192, 8192, 8192, 8192, 8192, 8192, 8192, 8192, 8192, 8192, 8192, 8192, 8192, 8192, 8192, 8192, 8192]",2,48,48,50,16384,48,16432,8192,0.04,true_mixed,True,False,True,50,0,0,False,0,0,BF16,CUDA_EVENT,generic,generic,none
0.004600000102072954,0.049479998648166656,0.01360799977555871,0.004639999940991402,0.017936052959849718,5,0.02988000027835369,0.0464400015771389,0.03393600024282932,0.031039999797940254,0.006271847594857447,5,25.712539672851562,25.79850196838379,25.770572662353516,25.7838191986084,0.03032478853378602,5,0.09836000204086304,0.10224000364542007,0.09988840222358704,0.09992100298404694,0.001334536912002626,5,0.004519999958574772,0.004679999779909849,0.004615999851375818,0.004639999940991402,6.499226332255945e-05,5,2880,64,8,32,4,16384,TORCH_SDPA,"[8192, 8192]","[0, 0]","[512, 512, 512, 512, 512, 512, 512, 512, 512, 512, 512, 512, 512, 512, 512, 512, 512, 512, 512, 512, 512, 512, 512, 512, 512, 512, 512, 512, 512, 512, 512, 512, 512, 512, 512, 512, 512, 512, 512, 512, 512, 512, 512, 512, 512, 512, 512, 512, 512, 512, 512, 512, 512, 512, 512, 512, 512, 512, 512, 512, 512, 512, 512, 512]",2,64,64,66,16384,64,16448,512,0.030303030303030304,true_mixed,True,False,True,66,0,0,False,0,0,BF16,CUDA_EVENT,generic,generic,none
0.004480000119656324,0.004519999958574772,0.004504000023007393,0.004519999958574772,1.95958390287433e-05,5,0.030799999833106995,0.03936000168323517,0.03384000062942505,0.033720001578330994,0.0031442143861972432,5,25.55994415283203,25.63818359375,25.5974479675293,25.58826446533203,0.02782769016136673,5,1.1568050384521484,1.1824450492858887,1.1711328029632568,1.1714849472045898,0.00836457417817651,5,0.00443999981507659,0.004519999958574772,0.004487999994307756,0.004480000119656324,2.993328789585909e-05,5,2880,64,8,32,4,16384,TORCH_SDPA,"[8192, 8192]","[0, 0]","[4096, 4096, 4096, 4096, 4096, 4096, 4096, 4096, 4096, 4096, 4096, 4096, 4096, 4096, 4096, 4096, 4096, 4096, 4096, 4096, 4096, 4096, 4096, 4096, 4096, 4096, 4096, 4096, 4096, 4096, 4096, 4096, 4096, 4096, 4096, 4096, 4096, 4096, 4096, 4096, 4096, 4096, 4096, 4096, 4096, 4096, 4096, 4096, 4096, 4096, 4096, 4096, 4096, 4096, 4096, 4096, 4096, 4096, 4096, 4096, 4096, 4096, 4096, 4096, 4096, 4096, 4096, 4096, 4096, 4096, 4096, 4096, 4096, 4096, 4096, 4096, 4096, 4096, 4096, 4096, 4096, 4096, 4096, 4096, 4096, 4096, 4096, 4096, 4096, 4096, 4096, 4096, 4096, 4096, 4096, 4096]",2,96,96,98,16384,96,16480,4096,0.02040816326530612,true_mixed,True,False,True,98,0,0,False,0,0,BF16,CUDA_EVENT,generic,generic,none
0.004399999976158142,0.00443999981507659,0.0044319998472929,0.00443999981507659,1.5999935567378997e-05,5,0.02979999966919422,0.031039999797940254,0.030288199707865716,0.030239999294281006,0.0004166497193405602,5,25.529422760009766,25.775144577026367,25.663175201416017,25.680341720581055,0.07937130585032375,5,1.5372060537338257,1.5722060203552246,1.547022008895874,1.5413659811019897,0.012745575541920144,5,0.004399999976158142,0.00443999981507659,0.004415999911725521,0.004399999976158142,1.95958390287433e-05,5,2880,64,8,32,4,16384,TORCH_SDPA,"[8192, 8192]","[0, 0]","[8192, 8192, 8192, 8192, 8192, 8192, 8192, 8192, 8192, 8192, 8192, 8192, 8192, 8192, 8192, 8192, 8192, 8192, 8192, 8192, 8192, 8192, 8192, 8192, 8192, 8192, 8192, 8192, 8192, 8192, 8192, 8192, 8192, 8192, 8192, 8192, 8192, 8192, 8192, 8192, 8192, 8192, 8192, 8192, 8192, 8192, 8192, 8192, 8192, 8192, 8192, 8192, 8192, 8192, 8192, 8192, 8192, 8192, 8192, 8192, 8192, 8192, 8192, 8192]",2,64,64,66,16384,64,16448,8192,0.030303030303030304,true_mixed,True,False,True,66,0,0,False,0,0,BF16,CUDA_EVENT,generic,generic,none
0.004480000119656324,0.0075599998235702515,0.005151999928057194,0.004559999797493219,0.0012051621751491058,5,0.031039999797940254,0.09932100027799606,0.045344400033354756,0.032361000776290894,0.026993299681467416,5,25.574661254882812,25.74506378173828,25.677807235717772,25.723264694213867,0.07036481557210623,5,0.2093610018491745,0.21392099559307098,0.21224859952926636,0.21243999898433685,0.0015958740485621792,5,0.004519999958574772,0.004639999940991402,0.004592000041157007,0.004600000102072954,3.9191849152437796e-05,5,2880,64,8,32,4,16384,TORCH_SDPA,"[8192, 8192]","[0, 0]","[1024, 1024, 1024, 1024, 1024, 1024, 1024, 1024, 1024, 1024, 1024, 1024, 1024, 1024, 1024, 1024, 1024, 1024, 1024, 1024, 1024, 1024, 1024, 1024, 1024, 1024, 1024, 1024, 1024, 1024, 1024, 1024, 1024, 1024, 1024, 1024, 1024, 1024, 1024, 1024, 1024, 1024, 1024, 1024, 1024, 1024, 1024, 1024, 1024, 1024, 1024, 1024, 1024, 1024, 1024, 1024, 1024, 1024, 1024, 1024, 1024, 1024, 1024, 1024, 1024, 1024, 1024, 1024, 1024, 1024, 1024, 1024, 1024, 1024, 1024, 1024, 1024, 1024, 1024, 1024, 1024, 1024, 1024, 1024, 1024, 1024, 1024, 1024, 1024, 1024, 1024, 1024, 1024, 1024, 1024, 1024]",2,96,96,98,16384,96,16480,1024,0.02040816326530612,true_mixed,True,False,True,98,0,0,False,0,0,BF16,CUDA_EVENT,generic,generic,none
0.00443999981507659,0.004600000102072954,0.004511999990791082,0.004480000119656324,5.8787770560320464e-05,5,0.03123999945819378,0.0960799977183342,0.044679998978972436,0.03215999901294708,0.02570315403436737,5,25.67518424987793,25.870943069458008,25.78764762878418,25.80246353149414,0.07826297825748414,5,0.12544099986553192,0.12804099917411804,0.12693639993667602,0.12724000215530396,0.0008916892441219192,5,0.004480000119656324,0.004600000102072954,0.004560000076889992,0.004600000102072954,5.0596459691431135e-05,5,2880,64,8,32,4,16384,TORCH_SDPA,"[8192, 8192]","[0, 0]","[512, 512, 512, 512, 512, 512, 512, 512, 512, 512, 512, 512, 512, 512, 512, 512, 512, 512, 512, 512, 512, 512, 512, 512, 512, 512, 512, 512, 512, 512, 512, 512, 512, 512, 512, 512, 512, 512, 512, 512, 512, 512, 512, 512, 512, 512, 512, 512, 512, 512, 512, 512, 512, 512, 512, 512, 512, 512, 512, 512, 512, 512, 512, 512, 512, 512, 512, 512, 512, 512, 512, 512, 512, 512, 512, 512, 512, 512, 512, 512, 512, 512, 512, 512, 512, 512, 512, 512, 512, 512, 512, 512, 512, 512, 512, 512]",2,96,96,98,16384,96,16480,512,0.02040816326530612,true_mixed,True,False,True,98,0,0,False,0,0,BF16,CUDA_EVENT,generic,generic,none
0.004519999958574772,0.004639999940991402,0.0045599998906254765,0.004559999797493219,4.381779817994027e-05,5,0.03116000071167946,0.060201000422239304,0.03740019984543323,0.03203999996185303,0.011409645319918012,5,25.692302703857422,25.77294158935547,25.729573822021486,25.724462509155273,0.027707269864550306,5,0.6048030257225037,0.6265630125999451,0.6136826038360595,0.6113619804382324,0.00783984600487461,5,0.004480000119656324,0.004639999940991402,0.004575999919325113,0.004559999797493219,5.986647622883656e-05,5,2880,64,8,32,4,16384,TORCH_SDPA,"[8192, 8192]","[0, 0]","[2048, 2048, 2048, 2048, 2048, 2048, 2048, 2048, 2048, 2048, 2048, 2048, 2048, 2048, 2048, 2048, 2048, 2048, 2048, 2048, 2048, 2048, 2048, 2048, 2048, 2048, 2048, 2048, 2048, 2048, 2048, 2048, 2048, 2048, 2048, 2048, 2048, 2048, 2048, 2048, 2048, 2048, 2048, 2048, 2048, 2048, 2048, 2048, 2048, 2048, 2048, 2048, 2048, 2048, 2048, 2048, 2048, 2048, 2048, 2048, 2048, 2048, 2048, 2048, 2048, 2048, 2048, 2048, 2048, 2048, 2048, 2048, 2048, 2048, 2048, 2048, 2048, 2048, 2048, 2048, 2048, 2048, 2048, 2048, 2048, 2048, 2048, 2048, 2048, 2048, 2048, 2048, 2048, 2048, 2048, 2048]",2,96,96,98,16384,96,16480,2048,0.02040816326530612,true_mixed,True,False,True,98,0,0,False,0,0,BF16,CUDA_EVENT,generic,generic,none
0.004120999947190285,0.009119999594986439,0.0065761999227106575,0.007439999841153622,0.002030655372515407,5,0.015359999611973763,0.0246799997985363,0.019495999813079833,0.019279999658465385,0.003000010749262967,5,0.2529209852218628,0.27636098861694336,0.26176119446754453,0.2602820098400116,0.007970788445393683,5,0.030559999868273735,0.037321001291275024,0.03211240023374558,0.030799999833106995,0.0026149251085942483,5,0.004240000154823065,0.006920000072568655,0.005144000053405762,0.004279999993741512,0.00111329421886228,5,2880,64,8,32,8,16384,TORCH_SDPA,[1024],[0],[128],1,1,1,2,1024,1,1025,128,0.5,true_mixed,True,False,True,2,0,0,False,0,0,BF16,CUDA_EVENT,generic,generic,none
0.004279999993741512,0.00827999971807003,0.005231999978423119,0.004399999976158142,0.0015364164826728148,5,0.013279999606311321,0.023280000314116478,0.015383999794721603,0.01351999957114458,0.003949246261821552,5,0.23832100629806519,0.2712019979953766,0.25370540022850036,0.2468010038137436,0.01402836938572056,5,0.05364000052213669,0.058639999479055405,0.05500819981098175,0.0544000007212162,0.0018429662027167285,5,0.004240000154823065,0.004360000137239695,0.004320000112056732,0.004360000137239695,5.0596459691431135e-05,5,2880,64,8,32,8,16384,TORCH_SDPA,[1024],[0],"[1024, 1024]",1,2,2,3,1024,2,1026,1024,0.3333333333333333,true_mixed,True,False,True,3,0,0,False,0,0,BF16,CUDA_EVENT,generic,generic,none
0.004240000154823065,0.004401000216603279,0.004304200131446123,0.004240000154823065,7.862922831680762e-05,5,0.013199999928474426,0.04335999861359596,0.01943199969828129,0.013559999875724316,0.011964731631817575,5,0.19192099571228027,0.30424201488494873,0.21497719883918762,0.19228099286556244,0.04464160219759297,5,0.14576099812984467,0.15411999821662903,0.14786479771137237,0.1459610015153885,0.00320845816260541,5,0.00431999983265996,0.00547999981790781,0.00457600001245737,0.004360000137239695,0.00045226531562632443,5,2880,64,8,32,8,16384,TORCH_SDPA,[1024],[0],"[4096, 4096, 4096, 4096]",1,4,4,5,1024,4,1028,4096,0.2,true_mixed,True,False,True,5,0,0,False,0,0,BF16,CUDA_EVENT,generic,generic,none
0.007439999841153622,0.008679999969899654,0.007887999899685383,0.007720000110566616,0.00042437721982666537,5,0.01979999989271164,0.04960000142455101,0.027104000374674798,0.02151999995112419,0.01131491390545239,5,0.2690820097923279,0.3258419930934906,0.2850499987602234,0.27928200364112854,0.02080043362850191,5,0.030400000512599945,0.08004099875688553,0.04660819992423058,0.04252000153064728,0.0173432041444459,5,0.005679999943822622,0.0074800001457333565,0.006639999989420176,0.006599999964237213,0.0005867879411192375,5,2880,64,8,32,8,16384,TORCH_SDPA,[1024],[0],"[128, 128, 128, 128, 128, 128, 128, 128, 128, 128, 128, 128, 128, 128, 128, 128]",1,16,16,17,1024,16,1040,128,0.058823529411764705,true_mixed,True,False,True,17,0,0,False,0,0,BF16,CUDA_EVENT,generic,generic,none
0.004120000172406435,0.007400000002235174,0.0048640000633895395,0.004240000154823065,0.0012703636976957554,5,0.01336000021547079,0.05648000165820122,0.02543220017105341,0.020920999348163605,0.01594126444468002,5,0.2595610022544861,0.3333609998226166,0.2769849956035614,0.2643609941005707,0.028261552828978936,5,0.06199999898672104,0.07519999891519547,0.06548020094633103,0.06360100209712982,0.004955792658234271,5,0.004240000154823065,0.004879999905824661,0.004440000094473362,0.004360000137239695,0.00022485541546579096,5,2880,64,8,32,8,16384,TORCH_SDPA,[1024],[0],"[1024, 1024, 1024, 1024, 1024, 1024, 1024, 1024, 1024, 1024, 1024, 1024, 1024, 1024, 1024, 1024, 1024, 1024, 1024, 1024, 1024, 1024, 1024, 1024]",1,24,24,25,1024,24,1048,1024,0.04,true_mixed,True,False,True,25,0,0,False,0,0,BF16,CUDA_EVENT,generic,generic,none
0.004240000154823065,0.004840000066906214,0.004408000037074089,0.004279999993741512,0.00022256684810288192,5,0.01336000021547079,0.04912000149488449,0.02057600039988756,0.01348000019788742,0.014272202339204952,5,0.1878809928894043,0.2972419857978821,0.2108167976140976,0.18904100358486176,0.0432251548822319,5,0.19652000069618225,0.20020000636577606,0.19825660288333893,0.19808100163936615,0.0011815859742070757,5,0.004240000154823065,0.00431999983265996,0.004287999961525202,0.004279999993741512,2.993313855179537e-05,5,2880,64,8,32,8,16384,TORCH_SDPA,[1024],[0],"[4096, 4096, 4096, 4096, 4096, 4096, 4096, 4096, 4096, 4096, 4096, 4096, 4096, 4096, 4096, 4096, 4096, 4096, 4096, 4096, 4096, 4096, 4096, 4096, 4096, 4096, 4096, 4096, 4096, 4096, 4096, 4096]",1,32,32,33,1024,32,1056,4096,0.030303030303030304,true_mixed,True,False,True,33,0,0,False,0,0,BF16,CUDA_EVENT,generic,generic,none
0.00687999976798892,0.00791999977082014,0.0072639998979866505,0.007160000037401915,0.0003841665690504217,5,0.01964000053703785,0.04651999846100807,0.02544800005853176,0.020400000736117363,0.010540629920456396,5,0.2658019959926605,0.3545210063457489,0.28653720021247864,0.27264100313186646,0.034122658822726464,5,0.03976000100374222,0.07920099794864655,0.05087239965796471,0.04623999819159508,0.014604138472250986,5,0.005760000087320805,0.007519999984651804,0.006832000054419041,0.007000000216066837,0.0006366914713713293,5,2880,64,8,32,8,16384,TORCH_SDPA,[1024],[0],"[128, 128, 128, 128, 128, 128, 128, 128, 128, 128, 128, 128, 128, 128, 128, 128, 128, 128, 128, 128, 128, 128, 128, 128, 128, 128, 128, 128, 128, 128, 128, 128, 128, 128, 128, 128, 128, 128, 128, 128, 128, 128, 128, 128, 128, 128, 128, 128, 128, 128, 128, 128, 128, 128, 128, 128, 128, 128, 128, 128, 128, 128, 128, 128]",1,64,64,65,1024,64,1088,128,0.015384615384615385,true_mixed,True,False,True,65,0,0,False,0,0,BF16,CUDA_EVENT,generic,generic,none
0.004279999993741512,0.01363999955356121,0.006967999879270792,0.004480000119656324,0.0036490347459129545,5,0.013079999946057796,0.11852099746465683,0.034568199515342714,0.01360000018030405,0.04197782070134986,5,0.23860099911689758,0.4551219940185547,0.290473198890686,0.2486809939146042,0.08313110118737098,5,0.10776100307703018,0.14800000190734863,0.11903260201215744,0.10896100103855133,0.015397305241035452,5,0.004279999993741512,0.004360000137239695,0.004327999986708164,0.00431999983265996,2.9933337677144675e-05,5,2880,64,8,32,8,16384,TORCH_SDPA,[1024],[0],"[1024, 1024, 1024, 1024, 1024, 1024, 1024, 1024, 1024, 1024, 1024, 1024, 1024, 1024, 1024, 1024, 1024, 1024, 1024, 1024, 1024, 1024, 1024, 1024, 1024, 1024, 1024, 1024, 1024, 1024, 1024, 1024, 1024, 1024, 1024, 1024, 1024, 1024, 1024, 1024, 1024, 1024, 1024, 1024, 1024, 1024, 1024, 1024, 1024, 1024, 1024, 1024, 1024, 1024, 1024, 1024, 1024, 1024, 1024, 1024, 1024, 1024, 1024, 1024, 1024, 1024, 1024, 1024, 1024, 1024, 1024, 1024, 1024, 1024, 1024, 1024, 1024, 1024, 1024, 1024, 1024, 1024, 1024, 1024, 1024, 1024, 1024, 1024, 1024, 1024, 1024, 1024, 1024, 1024, 1024, 1024]",1,96,96,97,1024,96,1120,1024,0.010309278350515464,true_mixed,True,False,True,97,0,0,False,0,0,BF16,CUDA_EVENT,generic,generic,none
0.00419999985024333,0.004279999993741512,0.004232000000774861,0.004240000154823065,2.9933337677144675e-05,5,0.017480000853538513,0.04915999993681908,0.0240081999450922,0.017839999869465828,0.012577601549759756,5,1.6912850141525269,1.7756849527359009,1.7115326166152953,1.6962840557098389,0.032265274997545744,5,0.14428000152111053,0.14499999582767487,0.14457640051841736,0.14452099800109863,0.00028552279372769953,5,0.004240000154823065,0.00443999981507659,0.004320000018924475,0.00431999983265996,7.589455455341117e-05,5,2880,64,8,32,8,16384,TORCH_SDPA,[4096],[0],[4096],1,1,1,2,4096,1,4097,4096,0.5,true_mixed,True,False,True,2,0,0,False,0,0,BF16,CUDA_EVENT,generic,generic,none
0.00419999985024333,0.004279999993741512,0.00423999996855855,0.004240000154823065,3.5777151814455904e-05,5,0.017559999600052834,0.05180000141263008,0.02457600012421608,0.017799999564886093,0.013613443414220888,5,1.6793650388717651,1.7616850137710571,1.6991408348083497,1.6868840456008911,0.031452314927256586,5,0.03243999928236008,0.03364099934697151,0.03309619948267937,0.033080000430345535,0.0004125551532882142,5,0.0041600000113248825,0.00535999983549118,0.004487999901175499,0.00431999983265996,0.0004399272259643788,5,2880,64,8,32,8,16384,TORCH_SDPA,[4096],[0],"[128, 128, 128, 128]",1,4,4,5,4096,4,4100,128,0.2,true_mixed,True,False,True,5,0,0,False,0,0,BF16,CUDA_EVENT,generic,generic,none
0.004120000172406435,0.00431999983265996,0.0042479999363422396,0.004279999993741512,7.756277669888579e-05,5,0.0175199992954731,0.04603999853134155,0.023479999601840974,0.017960000783205032,0.01128377188969929,5,1.6753649711608887,1.774204969406128,1.6987489700317382,1.6829249858856201,0.03788819397776904,5,0.06095999851822853,0.06151999905705452,0.06135199964046478,0.061480000615119934,0.0002076926567930855,5,0.0041600000113248825,0.00431999983265996,0.0042639999650418755,0.004279999993741512,5.4258599874208434e-05,5,2880,64,8,32,8,16384,TORCH_SDPA,[4096],[0],"[1024, 1024, 1024, 1024, 1024, 1024, 1024, 1024]",1,8,8,9,4096,8,4104,1024,0.1111111111111111,true_mixed,True,False,True,9,0,0,False,0,0,BF16,CUDA_EVENT,generic,generic,none
0.004120000172406435,0.004279999993741512,0.004232000000774861,0.004279999993741512,6.39999518171588e-05,5,0.01759999990463257,0.06295999884605408,0.028143999725580217,0.018120000138878822,0.017570167047489104,5,1.6694040298461914,1.7603650093078613,1.6992684125900268,1.6903250217437744,0.031510554939643935,5,0.17584000527858734,0.17692099511623383,0.17648859918117524,0.1764809936285019,0.0003699359157538736,5,0.004240000154823065,0.004279999993741512,0.004256000090390444,0.004240000154823065,1.95958390287433e-05,5,2880,64,8,32,8,16384,TORCH_SDPA,[4096],[0],"[4096, 4096, 4096, 4096, 4096, 4096, 4096, 4096, 4096, 4096, 4096, 4096, 4096, 4096, 4096, 4096]",1,16,16,17,4096,16,4112,4096,0.058823529411764705,true_mixed,True,False,True,17,0,0,False,0,0,BF16,CUDA_EVENT,generic,generic,none
0.0041600000113248825,0.004279999993741512,0.004215999972075224,0.00419999985024333,4.079219274941178e-05,5,0.017720000818371773,0.06887999922037125,0.028704199939966202,0.018039999529719353,0.02012832016621804,5,1.6822450160980225,1.7764849662780762,1.7091163873672486,1.6976439952850342,0.03427902720936838,5,0.035999998450279236,0.038040000945329666,0.0367921993136406,0.03644099831581116,0.0007728107607420278,5,0.00419999985024333,0.00431999983265996,0.004271999932825565,0.004279999993741512,4.6647571055609506e-05,5,2880,64,8,32,8,16384,TORCH_SDPA,[4096],[0],"[128, 128, 128, 128, 128, 128, 128, 128, 128, 128, 128, 128, 128, 128, 128, 128, 128, 128, 128, 128, 128, 128, 128, 128, 128, 128, 128, 128, 128, 128, 128, 128]",1,32,32,33,4096,32,4128,128,0.030303030303030304,true_mixed,True,False,True,33,0,0,False,0,0,BF16,CUDA_EVENT,generic,generic,none
0.004480000119656324,0.00791999977082014,0.005223999917507172,0.004559999797493219,0.001348563605966339,5,0.013039999641478062,0.022081000730395317,0.014968199841678142,0.013159999623894691,0.0035583232169977123,5,0.18811999261379242,0.2792400121688843,0.20841600000858307,0.18967999517917633,0.03551159607572006,5,0.14020100235939026,0.15092100203037262,0.14296880066394807,0.14136099815368652,0.004040906127063262,5,0.004360000137239695,0.004600000102072954,0.004504000023007393,0.004519999958574772,8.236498081489306e-05,5,2880,64,8,32,8,16384,TORCH_SDPA,[1024],[0],[4096],1,1,1,2,1024,1,1025,4096,0.5,true_mixed,True,False,True,2,0,0,False,0,0,BF16,CUDA_EVENT,generic,generic,none
0.0075599998235702515,0.009279999881982803,0.008415999822318554,0.008559999987483025,0.0006472588372480083,5,0.01892000064253807,0.023840000852942467,0.0213600005954504,0.02112000063061714,0.0015833130859981349,5,0.2616809904575348,0.3015199899673462,0.2815447986125946,0.2772409915924072,0.01566170564217723,5,0.04123999923467636,0.1281599998474121,0.06290399953722954,0.04843999817967415,0.032992455966921186,5,0.005840000230818987,0.008679999969899654,0.007528000138700008,0.007600000128149986,0.0010320929905544528,5,2880,64,8,32,8,16384,TORCH_SDPA,[1024],[0],[512],1,1,1,2,1024,1,1025,512,0.5,true_mixed,True,False,True,2,0,0,False,0,0,BF16,CUDA_EVENT,generic,generic,none
0.00419999985024333,0.0753600001335144,0.018568000011146068,0.004279999993741512,0.028396725506036447,5,0.01759999990463257,0.1530809998512268,0.045040199905633925,0.018079999834299088,0.05402196009951819,5,1.6891239881515503,2.2978858947753906,1.8250767707824707,1.714324951171875,0.23665125627473074,5,0.08699999749660492,0.08947999775409698,0.08801619857549667,0.08771999925374985,0.0008516482594725291,5,0.00419999985024333,0.00431999983265996,0.0042559999041259285,0.004240000154823065,5.425861360592359e-05,5,2880,64,8,32,8,16384,TORCH_SDPA,[4096],[0],"[1024, 1024, 1024, 1024, 1024, 1024, 1024, 1024, 1024, 1024, 1024, 1024, 1024, 1024, 1024, 1024, 1024, 1024, 1024, 1024, 1024, 1024, 1024, 1024, 1024, 1024, 1024, 1024, 1024, 1024, 1024, 1024, 1024, 1024, 1024, 1024, 1024, 1024, 1024, 1024, 1024, 1024, 1024, 1024, 1024, 1024, 1024, 1024]",1,48,48,49,4096,48,4144,1024,0.02040816326530612,true_mixed,True,False,True,49,0,0,False,0,0,BF16,CUDA_EVENT,generic,generic,none
0.004360000137239695,0.00872000027447939,0.007032000180333853,0.008200000040233135,0.0018818544342095523,5,0.015440000221133232,0.04747999832034111,0.02709599956870079,0.02167999930679798,0.011272893719985598,5,0.25828099250793457,0.3232809901237488,0.27738499641418457,0.26972100138664246,0.023797741315610358,5,0.030160000547766685,0.0623599998652935,0.041152000427246094,0.03996000066399574,0.011744108684535733,5,0.006120000034570694,0.00875999964773655,0.007311999890953302,0.006680000107735395,0.0010590257938724932,5,2880,64,8,32,8,16384,TORCH_SDPA,[1024],[0],"[128, 128, 128, 128]",1,4,4,5,1024,4,1028,128,0.2,true_mixed,True,False,True,5,0,0,False,0,0,BF16,CUDA_EVENT,generic,generic,none
0.004480000119656324,0.006320000160485506,0.005087999999523163,0.004559999797493219,0.0007364347186828928,5,0.013399999588727951,0.12031999975442886,0.03483999986201525,0.01348000019788742,0.04274001772819332,5,0.24347999691963196,0.31192100048065186,0.26699259877204895,0.26176100969314575,0.023893821744366762,5,0.0868000015616417,0.11528000235557556,0.09674420058727265,0.09176000207662582,0.010976672562648549,5,0.004399999976158142,0.0055599999614059925,0.00483199991285801,0.004559999797493219,0.0004406540652072797,5,2880,64,8,32,8,16384,TORCH_SDPA,[1024],[0],"[2048, 2048]",1,2,2,3,1024,2,1026,2048,0.3333333333333333,true_mixed,True,False,True,3,0,0,False,0,0,BF16,CUDA_EVENT,generic,generic,none
0.00443999981507659,0.004639999940991402,0.004543999955058098,0.004519999958574772,6.974244409748297e-05,5,0.013240000233054161,0.027240000665187836,0.017632000148296356,0.01648000068962574,0.005109201304535812,5,0.22835999727249146,0.2967599928379059,0.25487200319767,0.2526000142097473,0.02409711414149531,5,0.05652099847793579,0.060920000076293945,0.05811239928007126,0.05683999881148338,0.0017677265381632321,5,0.004480000119656324,0.005200000014156103,0.0046640000306069854,0.004519999958574772,0.0002708209674074119,5,2880,64,8,32,8,16384,TORCH_SDPA,[1024],[0],"[1024, 1024, 1024, 1024, 1024, 1024, 1024, 1024]",1,8,8,9,1024,8,1032,1024,0.1111111111111111,true_mixed,True,False,True,9,0,0,False,0,0,BF16,CUDA_EVENT,generic,generic,none
0.00419999985024333,0.04016000032424927,0.011927999928593636,0.00431999983265996,0.014145629061992031,5,0.017880000174045563,0.14071999490261078,0.044863999262452124,0.023280000314116478,0.047987880303992585,5,1.6900440454483032,2.1647660732269287,1.7965968132019043,1.7104840278625488,0.18440273730679443,5,0.3856010138988495,0.397801011800766,0.3901930034160614,0.3893609941005707,0.004533917591464732,5,0.004120000172406435,0.004360000137239695,0.004248000029474497,0.004240000154823065,8.541659605517928e-05,5,2880,64,8,32,8,16384,TORCH_SDPA,[4096],[0],"[4096, 4096, 4096, 4096, 4096, 4096, 4096, 4096, 4096, 4096, 4096, 4096, 4096, 4096, 4096, 4096, 4096, 4096, 4096, 4096, 4096, 4096, 4096, 4096, 4096, 4096, 4096, 4096, 4096, 4096, 4096, 4096, 4096, 4096, 4096, 4096, 4096, 4096, 4096, 4096, 4096, 4096, 4096, 4096, 4096, 4096, 4096, 4096, 4096, 4096, 4096, 4096, 4096, 4096, 4096, 4096, 4096, 4096, 4096, 4096, 4096, 4096, 4096, 4096]",1,64,64,65,4096,64,4160,4096,0.015384615384615385,true_mixed,True,False,True,65,0,0,False,0,0,BF16,CUDA_EVENT,generic,generic,none
0.00443999981507659,0.005919999908655882,0.004751999955624342,0.004480000119656324,0.0005842738890654914,5,0.013120000250637531,0.02443999983370304,0.015568000078201295,0.01336000021547079,0.004438190496546058,5,0.19072100520133972,3.2607669830322266,0.8051379978656769,0.19132100045681,1.2278145727497136,5,0.25995999574661255,0.3349210023880005,0.27584039568901064,0.26124098896980286,0.029548670247002667,5,0.00431999983265996,0.004559999797493219,0.004439999908208847,0.00443999981507659,8.000000379989096e-05,5,2880,64,8,32,8,16384,TORCH_SDPA,[1024],[0],"[8192, 8192, 8192, 8192]",1,4,4,5,1024,4,1028,8192,0.2,true_mixed,True,False,True,5,0,0,False,0,0,BF16,CUDA_EVENT,generic,generic,none
0.004519999958574772,0.005319999996572733,0.004743999987840653,0.004519999958574772,0.00031353470767151023,5,0.013120000250637531,0.023919999599456787,0.015399999916553497,0.013240000233054161,0.004262130757080357,5,0.1875610053539276,1.2679619789123535,0.42412919402122495,0.188960999250412,0.4236749550185624,5,0.16811999678611755,0.17172099649906158,0.1691443979740143,0.1687600016593933,0.0013139724009869702,5,0.004480000119656324,0.005119999870657921,0.0046559999696910385,0.004559999797493219,0.00023542297108328106,5,2880,64,8,32,8,16384,TORCH_SDPA,[1024],[0],"[4096, 4096, 4096, 4096, 4096, 4096, 4096, 4096, 4096, 4096, 4096, 4096, 4096, 4096, 4096, 4096]",1,16,16,17,1024,16,1040,4096,0.058823529411764705,true_mixed,True,False,True,17,0,0,False,0,0,BF16,CUDA_EVENT,generic,generic,none
0.004399999976158142,0.010080000385642052,0.005552000086754561,0.004399999976158142,0.00226421215439836,5,0.013240000233054161,0.061039999127388,0.0239199997857213,0.01348000019788742,0.018667995788702662,5,0.19016100466251373,0.3190009891986847,0.21676079630851747,0.19120100140571594,0.0511244969832496,5,0.24848100543022156,0.2577210068702698,0.25083260238170624,0.24924099445343018,0.003496582911319818,5,0.004399999976158142,0.004480000119656324,0.004416000004857779,0.004399999976158142,3.2000057399272915e-05,5,2880,64,8,32,8,16384,TORCH_SDPA,[1024],[0],[8192],1,1,1,2,1024,1,1025,8192,0.5,true_mixed,True,False,True,2,0,0,False,0,0,BF16,CUDA_EVENT,generic,generic,none
0.004240000154823065,0.011880000121891499,0.00718400003388524,0.004559999797493219,0.003412035296910274,5,0.013120000250637531,0.06588000059127808,0.02796000000089407,0.01964000053703785,0.019208281794822046,5,0.25512099266052246,0.33768099546432495,0.28334479331970214,0.2723209857940674,0.030690206467277294,5,0.053240999579429626,0.07023999840021133,0.05952819958329201,0.05380000174045563,0.007481580908714065,5,0.004399999976158142,0.0083600003272295,0.005239999946206808,0.00443999981507659,0.0015609229929199413,5,2880,64,8,32,8,16384,TORCH_SDPA,[1024],[0],[1024],1,1,1,2,1024,1,1025,1024,0.5,true_mixed,True,False,True,2,0,0,False,0,0,BF16,CUDA_EVENT,generic,generic,none
0.00431999983265996,0.009080000221729279,0.007295999955385923,0.00803999975323677,0.0016717129854012572,5,0.01899999938905239,0.07728099822998047,0.032120199874043465,0.02184000052511692,0.02261758846600985,5,0.2701610028743744,0.4047609865665436,0.3039050042629242,0.2823210060596466,0.05062893557886337,5,0.04332000017166138,2.950525999069214,0.6322172001004219,0.044599998742341995,1.1592343993385432,5,0.00431999983265996,0.006320000160485506,0.005343999993056059,0.00571999978274107,0.0008262107237649786,5,2880,64,8,32,8,16384,TORCH_SDPA,[1024],[0],"[512, 512, 512, 512, 512, 512, 512, 512, 512, 512, 512, 512, 512, 512, 512, 512]",1,16,16,17,1024,16,1040,512,0.058823529411764705,true_mixed,True,False,True,17,0,0,False,0,0,BF16,CUDA_EVENT,generic,generic,none
0.007240999955683947,0.012520000338554382,0.008624200057238341,0.007799999788403511,0.0019597119973857632,5,0.018559999763965607,0.07004000246524811,0.031256000697612765,0.020640000700950623,0.01960050045866119,5,0.2709609866142273,0.3536809980869293,0.2911207973957062,0.2760010063648224,0.03144533974985381,5,0.03432000055909157,0.07940000295639038,0.05628020092844963,0.048441000282764435,0.0167635826786468,5,0.00443999981507659,0.0077599999494850636,0.006167999934405088,0.005799999926239252,0.001144699146739084,5,2880,64,8,32,8,16384,TORCH_SDPA,[1024],[0],"[128, 128, 128, 128, 128, 128, 128, 128, 128, 128, 128, 128, 128, 128, 128, 128, 128, 128, 128, 128, 128, 128, 128, 128, 128, 128, 128, 128, 128, 128, 128, 128]",1,32,32,33,1024,32,1056,128,0.030303030303030304,true_mixed,True,False,True,33,0,0,False,0,0,BF16,CUDA_EVENT,generic,generic,none
0.004279999993741512,0.00812000036239624,0.005207999981939793,0.00431999983265996,0.0014806270808745258,5,0.012799999676644802,0.023240000009536743,0.015175999887287617,0.013159999623894691,0.0040392158292888196,5,0.20708000659942627,0.2725209891796112,0.2312961995601654,0.22619999945163727,0.02226230568105804,5,0.08456099778413773,0.08604100346565247,0.08520080149173737,0.0851610004901886,0.0004780645221419095,5,0.004240000154823065,0.004920000210404396,0.004448000062257052,0.004360000137239695,0.0002418595274902908,5,2880,64,8,32,8,16384,TORCH_SDPA,[1024],[0],[2048],1,1,1,2,1024,1,1025,2048,0.5,true_mixed,True,False,True,2,0,0,False,0,0,BF16,CUDA_EVENT,generic,generic,none
0.005640000104904175,0.008679999969899654,0.00736000007018447,0.0074800001457333565,0.0009791424386879665,5,0.019120000302791595,0.028720000758767128,0.022575999796390533,0.02043999917805195,0.0037499955207462776,5,0.25996100902557373,0.31060099601745605,0.274057000875473,0.2666409909725189,0.018527220242363782,5,0.030400000512599945,0.04623999819159508,0.03439199961721897,0.03068000078201294,0.006080651758665405,5,0.00443999981507659,0.006639999803155661,0.005431999918073416,0.005160000175237656,0.0009258595529058087,5,2880,64,8,32,8,16384,TORCH_SDPA,[1024],[0],"[128, 128]",1,2,2,3,1024,2,1026,128,0.3333333333333333,true_mixed,True,False,True,3,0,0,False,0,0,BF16,CUDA_EVENT,generic,generic,none
0.00431999983265996,0.004480000119656324,0.004392000008374452,0.004399999976158142,5.306606375125428e-05,5,0.013240000233054161,0.03084000013768673,0.016864199936389924,0.01336000021547079,0.006989424577825789,5,0.19472099840641022,0.2804810106754303,0.2237048029899597,0.20924000442028046,0.02995695014667911,5,0.10768000036478043,0.11000099778175354,0.10876020044088364,0.10852000117301941,0.0007942892157982401,5,0.004399999976158142,0.004999999888241291,0.00459199994802475,0.004519999958574772,0.0002092271186322988,5,2880,64,8,32,8,16384,TORCH_SDPA,[1024],[0],"[2048, 2048, 2048, 2048, 2048, 2048, 2048, 2048, 2048, 2048, 2048, 2048, 2048, 2048, 2048, 2048, 2048, 2048, 2048, 2048, 2048, 2048, 2048, 2048]",1,24,24,25,1024,24,1048,2048,0.04,true_mixed,True,False,True,25,0,0,False,0,0,BF16,CUDA_EVENT,generic,generic,none
0.005439999978989363,0.00848000030964613,0.007096000015735626,0.007120000198483467,0.0009920000879755126,5,0.015519999898970127,0.022041000425815582,0.01932819988578558,0.019759999588131905,0.0021212970996100575,5,0.27884000539779663,0.5305609703063965,0.3776803970336914,0.2906000018119812,0.11228200897469705,5,0.04424000158905983,0.2937609851360321,0.1013121984899044,0.050680000334978104,0.09669214386404296,5,0.004920000210404396,0.006599999964237213,0.005800000112503767,0.005840000230818987,0.000532465887996393,5,2880,64,8,32,8,16384,TORCH_SDPA,[1024],[0],"[512, 512]",1,2,2,3,1024,2,1026,512,0.3333333333333333,true_mixed,True,False,True,3,0,0,False,0,0,BF16,CUDA_EVENT,generic,generic,none
0.004240000154823065,0.017480000853538513,0.006960000190883875,0.004360000137239695,0.005260448980232134,5,0.01907999999821186,0.1589599996805191,0.04732800014317036,0.019440000876784325,0.05581647274919103,5,6.610340118408203,7.095221042633057,6.719419956207275,6.628739833831787,0.18831681721769422,5,0.03271999955177307,0.03376000002026558,0.033480200171470645,0.033681001514196396,0.0003936501269830355,5,0.004279999993741512,0.004399999976158142,0.004327999893575907,0.00431999983265996,3.9191849152437796e-05,5,2880,64,8,32,8,16384,TORCH_SDPA,[8192],[0],[128],1,1,1,2,8192,1,8193,128,0.5,true_mixed,True,False,True,2,0,0,False,0,0,BF16,CUDA_EVENT,generic,generic,none
0.004519999958574772,0.009239999577403069,0.006519999913871288,0.0055599999614059925,0.0019860310967173946,5,0.013159999623894691,0.050999999046325684,0.024679999984800815,0.02160000056028366,0.013736095124180682,5,0.26688098907470703,0.37408098578453064,0.29635300040245055,0.28252100944519043,0.03972826595549712,5,0.05559999868273735,0.10548099875450134,0.06883219927549362,0.05607999861240387,0.019293875353038104,5,0.004399999976158142,0.004639999940991402,0.0045679999515414235,0.004639999940991402,9.599998593330384e-05,5,2880,64,8,32,8,16384,TORCH_SDPA,[1024],[0],"[1024, 1024, 1024, 1024]",1,4,4,5,1024,4,1028,1024,0.2,true_mixed,True,False,True,5,0,0,False,0,0,BF16,CUDA_EVENT,generic,generic,none
0.004480000119656324,0.00812000036239624,0.005800000019371509,0.004559999797493219,0.0015881562608541968,5,0.013319999910891056,0.02340099960565567,0.015624199993908405,0.013799999840557575,0.0038980986535266725,5,0.21208100020885468,0.27752000093460083,0.23938460052013397,0.2334810048341751,0.022646352788164452,5,0.08835999667644501,0.09164000302553177,0.0893119990825653,0.088919997215271,0.0011834613769754556,5,0.004360000137239695,0.005119999870657921,0.004575999919325113,0.00443999981507659,0.0002766658291969949,5,2880,64,8,32,8,16384,TORCH_SDPA,[1024],[0],"[2048, 2048, 2048, 2048]",1,4,4,5,1024,4,1028,2048,0.2,true_mixed,True,False,True,5,0,0,False,0,0,BF16,CUDA_EVENT,generic,generic,none
0.004279999993741512,0.007400000002235174,0.00493599995970726,0.00431999983265996,0.001232259735076325,5,0.013039999641478062,0.023800000548362732,0.0154959999024868,0.013319999910891056,0.00416542755470794,5,0.19103999435901642,0.27636000514030457,0.2085123986005783,0.19180099666118622,0.03392726702894976,5,0.25231999158859253,0.2614409923553467,0.25562459230422974,0.2547209858894348,0.0032705241183277767,5,0.004279999993741512,0.005239999853074551,0.004479999933391809,0.004279999993741512,0.0003803156157015756,5,2880,64,8,32,8,16384,TORCH_SDPA,[1024],[0],"[8192, 8192]",1,2,2,3,1024,2,1026,8192,0.3333333333333333,true_mixed,True,False,True,3,0,0,False,0,0,BF16,CUDA_EVENT,generic,generic,none
0.004399999976158142,0.005640000104904175,0.004760000016540289,0.004600000102072954,0.00044757126877857987,5,0.013039999641478062,0.033240001648664474,0.02043999992311001,0.01947999931871891,0.007396735117004745,5,0.26120099425315857,0.8797609806060791,0.39742459654808043,0.27588000893592834,0.24148623493136293,5,0.07988099753856659,0.09211999922990799,0.08603239953517913,0.08748000115156174,0.00434319131273976,5,0.004480000119656324,0.004600999876856804,0.004552199970930815,0.004559999797493219,4.685462617454663e-05,5,2880,64,8,32,8,16384,TORCH_SDPA,[1024],[0],"[1024, 1024, 1024, 1024, 1024, 1024, 1024, 1024, 1024, 1024, 1024, 1024, 1024, 1024, 1024, 1024, 1024, 1024, 1024, 1024, 1024, 1024, 1024, 1024, 1024, 1024, 1024, 1024, 1024, 1024, 1024, 1024, 1024, 1024, 1024, 1024, 1024, 1024, 1024, 1024, 1024, 1024, 1024, 1024, 1024, 1024, 1024, 1024]",1,48,48,49,1024,48,1072,1024,0.02040816326530612,true_mixed,True,False,True,49,0,0,False,0,0,BF16,CUDA_EVENT,generic,generic,none
0.00443999981507659,0.00872000027447939,0.005303999967873096,0.00443999981507659,0.0017080704105330502,5,0.013399999588727951,0.026159999892115593,0.01602399963885546,0.01351999957114458,0.005068213223897489,5,0.1863200068473816,0.28376099467277527,0.20624859929084777,0.186599999666214,0.03876203384121003,5,0.3624410033226013,0.3685609996318817,0.36565719842910765,0.36576101183891296,0.0019396795221542197,5,0.004240000154823065,0.004480000119656324,0.004384000040590763,0.004399999976158142,7.83836412731445e-05,5,2880,64,8,32,8,16384,TORCH_SDPA,[1024],[0],"[8192, 8192, 8192, 8192, 8192, 8192, 8192, 8192, 8192, 8192, 8192, 8192, 8192, 8192, 8192, 8192, 8192, 8192, 8192, 8192, 8192, 8192, 8192, 8192, 8192, 8192, 8192, 8192, 8192, 8192, 8192, 8192]",1,32,32,33,1024,32,1056,8192,0.030303030303030304,true_mixed,True,False,True,33,0,0,False,0,0,BF16,CUDA_EVENT,generic,generic,none
0.004399999976158142,0.01336000021547079,0.006799999997019768,0.004519999958574772,0.0034580920757603063,5,0.013120000250637531,0.023439999669790268,0.015415999852120877,0.01351999957114458,0.004017210880846968,5,0.18904100358486176,0.3248000144958496,0.22142480313777924,0.18968099355697632,0.052563482178299904,5,0.14232000708580017,0.1480800062417984,0.14481620192527772,0.1433199942111969,0.0026569871830060014,5,0.004399999976158142,0.004519999958574772,0.004431999940425158,0.004399999976158142,4.664760299960091e-05,5,2880,64,8,32,8,16384,TORCH_SDPA,[1024],[0],"[4096, 4096]",1,2,2,3,1024,2,1026,4096,0.3333333333333333,true_mixed,True,False,True,3,0,0,False,0,0,BF16,CUDA_EVENT,generic,generic,none
0.00419999985024333,0.014360000379383564,0.006295999977737665,0.00431999983265996,0.004032238288949903,5,0.019200000911951065,0.04639999940991402,0.025056000053882598,0.01995999924838543,0.010676346606957252,5,6.628737926483154,6.7031378746032715,6.654849910736084,6.646177768707275,0.026365389038216534,5,0.05931999906897545,0.06436000019311905,0.06052839979529381,0.05936099961400032,0.0019468032490179844,5,0.004240000154823065,0.004360000137239695,0.004311999958008528,0.00431999983265996,3.919179212101793e-05,5,2880,64,8,32,8,16384,TORCH_SDPA,[8192],[0],"[1024, 1024]",1,2,2,3,8192,2,8194,1024,0.3333333333333333,true_mixed,True,False,True,3,0,0,False,0,0,BF16,CUDA_EVENT,generic,generic,none
0.00443999981507659,0.004600000102072954,0.004520200006663799,0.004519999958574772,5.059811519062343e-05,5,0.013240000233054161,0.026799999177455902,0.01611199975013733,0.013559999875724316,0.005346035248999312,5,0.18688100576400757,0.2715210020542145,0.20436860024929046,0.18784099817276,0.03357818531164741,5,0.3741610050201416,6.339816093444824,1.569476020336151,0.37852099537849426,2.385170722441481,5,0.004480000119656324,0.004600000102072954,0.004528000019490719,0.004519999958574772,4.6647571055609506e-05,5,2880,64,8,32,8,16384,TORCH_SDPA,[1024],[0],"[4096, 4096, 4096, 4096, 4096, 4096, 4096, 4096, 4096, 4096, 4096, 4096, 4096, 4096, 4096, 4096, 4096, 4096, 4096, 4096, 4096, 4096, 4096, 4096, 4096, 4096, 4096, 4096, 4096, 4096, 4096, 4096, 4096, 4096, 4096, 4096, 4096, 4096, 4096, 4096, 4096, 4096, 4096, 4096, 4096, 4096, 4096, 4096, 4096, 4096, 4096, 4096, 4096, 4096, 4096, 4096, 4096, 4096, 4096, 4096, 4096, 4096, 4096, 4096]",1,64,64,65,1024,64,1088,4096,0.015384615384615385,true_mixed,True,False,True,65,0,0,False,0,0,BF16,CUDA_EVENT,generic,generic,none
0.005520000122487545,0.00851999968290329,0.007231999933719635,0.007439999841153622,0.0009690901689606415,5,0.018079999834299088,0.026480000466108322,0.02069600038230419,0.019680000841617584,0.0029606054583078208,5,0.25864100456237793,0.2794010043144226,0.2680650055408478,0.2661210000514984,0.007418575381604517,5,0.031039999797940254,0.05344000086188316,0.04026400037109852,0.03764000162482262,0.0076776496515341556,5,0.005640000104904175,0.007600000128149986,0.006400000024586916,0.005799999926239252,0.0008279130300895766,5,2880,64,8,32,8,16384,TORCH_SDPA,[1024],[0],"[128, 128, 128, 128, 128, 128, 128, 128]",1,8,8,9,1024,8,1032,128,0.1111111111111111,true_mixed,True,False,True,9,0,0,False,0,0,BF16,CUDA_EVENT,generic,generic,none
0.00443999981507659,0.00824000034481287,0.007199999969452619,0.0077599999494850636,0.0014124022921788314,5,0.015279999934136868,0.027559999376535416,0.021320000104606152,0.01892000064253807,0.004981951177949058,5,0.2605609893798828,0.2865610122680664,0.2709850013256073,0.2672010064125061,0.009185442773172112,5,0.04016000032424927,0.05380000174045563,0.043296000361442565,0.04024000093340874,0.005302293020198535,5,0.004360000137239695,0.0069599999114871025,0.005183999985456466,0.00443999981507659,0.00103277489053277,5,2880,64,8,32,8,16384,TORCH_SDPA,[1024],[0],"[512, 512, 512, 512]",1,4,4,5,1024,4,1028,512,0.2,true_mixed,True,False,True,5,0,0,False,0,0,BF16,CUDA_EVENT,generic,generic,none
0.0041600000113248825,0.007840000092983246,0.0054640000686049465,0.004360000137239695,0.001552412337019181,5,0.013439999893307686,0.026680000126361847,0.01971199959516525,0.018799999728798866,0.004297377874720032,5,0.2553209960460663,0.27532100677490234,0.2607050001621246,0.2571209967136383,0.007484157223821051,5,0.041519999504089355,0.0464400015771389,0.04265599995851517,0.04179999977350235,0.0018952749115910637,5,0.0041600000113248825,0.004360000137239695,0.004256000090390444,0.004240000154823065,6.499233210529004e-05,5,2880,64,8,32,8,16384,TORCH_SDPA,[1024],[0],"[512, 512, 512, 512, 512, 512, 512, 512]",1,8,8,9,1024,8,1032,512,0.1111111111111111,true_mixed,True,False,True,9,0,0,False,0,0,BF16,CUDA_EVENT,generic,generic,none
0.004399999976158142,0.00800000037997961,0.0051600000821053985,0.004480000119656324,0.0014203099756988611,5,0.015039999969303608,0.0544000007212162,0.026512000150978564,0.021560000255703926,0.014157545816324614,5,0.2624810039997101,0.33848100900650024,0.28411300778388976,0.26996099948883057,0.02823106381553911,5,0.058959998190402985,0.07716000080108643,0.06568800061941146,0.0594400018453598,0.00809627724400174,5,0.004399999976158142,0.004480000119656324,0.004447999969124794,0.00443999981507659,2.9933337677144675e-05,5,2880,64,8,32,8,16384,TORCH_SDPA,[1024],[0],"[1024, 1024, 1024, 1024, 1024, 1024, 1024, 1024, 1024, 1024, 1024, 1024, 1024, 1024, 1024, 1024]",1,16,16,17,1024,16,1040,1024,0.058823529411764705,true_mixed,True,False,True,17,0,0,False,0,0,BF16,CUDA_EVENT,generic,generic,none
0.004559999797493219,0.007799999788403511,0.005327999964356423,0.004600000102072954,0.001250766081402774,5,0.013199999928474426,0.06396099925041199,0.023440199717879296,0.013319999910891056,0.020260547837876754,5,0.19200100004673004,0.3486810028553009,0.23058499693870543,0.2045609951019287,0.05951137095669982,5,0.15396000444889069,0.16840000450611115,0.15699999928474426,0.15423999726772308,0.005701763699531709,5,0.004519999958574772,0.004559999797493219,0.0045439998619258406,0.004559999797493219,1.9595839028743304e-05,5,2880,64,8,32,8,16384,TORCH_SDPA,[1024],[0],"[4096, 4096, 4096, 4096, 4096, 4096, 4096, 4096]",1,8,8,9,1024,8,1032,4096,0.1111111111111111,true_mixed,True,False,True,9,0,0,False,0,0,BF16,CUDA_EVENT,generic,generic,none
0.00419999985024333,0.0074800001457333565,0.005800000019371509,0.006440000142902136,0.0013510293720445823,5,0.016839999705553055,0.03336000069975853,0.021375999972224235,0.0188400000333786,0.006155614387065865,5,0.25780001282691956,0.3014810085296631,0.2689366042613983,0.25884100794792175,0.01676206232695769,5,0.05628100037574768,0.07276000082492828,0.0599203996360302,0.0567610003054142,0.006424441421406685,5,0.004279999993741512,0.005200000014156103,0.004839999973773957,0.005119999870657921,0.00041104743666481606,5,2880,64,8,32,8,16384,TORCH_SDPA,[1024],[0],"[512, 512, 512, 512, 512, 512, 512, 512, 512, 512, 512, 512, 512, 512, 512, 512, 512, 512, 512, 512, 512, 512, 512, 512, 512, 512, 512, 512, 512, 512, 512, 512, 512, 512, 512, 512, 512, 512, 512, 512, 512, 512, 512, 512, 512, 512, 512, 512, 512, 512, 512, 512, 512, 512, 512, 512, 512, 512, 512, 512, 512, 512, 512, 512]",1,64,64,65,1024,64,1088,512,0.015384615384615385,true_mixed,True,False,True,65,0,0,False,0,0,BF16,CUDA_EVENT,generic,generic,none
0.004399999976158142,0.009321000427007675,0.005544200073927641,0.004519999958574772,0.0019051024219161163,5,0.013279999606311321,0.03968000039458275,0.018647999875247477,0.013439999893307686,0.010516346392959525,5,0.18752099573612213,0.2847599983215332,0.2074087977409363,0.18804100155830383,0.03867893763552725,5,0.18320000171661377,0.1860799938440323,0.1842402011156082,0.18396100401878357,0.0009715356093174756,5,0.004399999976158142,0.005040000192821026,0.004536200035363436,0.004401000216603279,0.0002523683753109175,5,2880,64,8,32,8,16384,TORCH_SDPA,[1024],[0],"[4096, 4096, 4096, 4096, 4096, 4096, 4096, 4096, 4096, 4096, 4096, 4096, 4096, 4096, 4096, 4096, 4096, 4096, 4096, 4096, 4096, 4096, 4096, 4096]",1,24,24,25,1024,24,1048,4096,0.04,true_mixed,True,False,True,25,0,0,False,0,0,BF16,CUDA_EVENT,generic,generic,none
0.005319999996572733,0.007840000092983246,0.007176000066101551,0.007600000128149986,0.0009504862305661217,5,0.0188400000333786,0.08367999643087387,0.03247999921441078,0.019920000806450844,0.025607959869765554,5,0.27452099323272705,0.36904099583625793,0.2954887986183167,0.2780410051345825,0.03683585965608633,5,0.045239999890327454,0.08935999870300293,0.05608000010251999,0.04944000020623207,0.01671615196728829,5,0.004360000137239695,0.007679999805986881,0.005856000073254109,0.005760000087320805,0.0010602941867376876,5,2880,64,8,32,8,16384,TORCH_SDPA,[1024],[0],"[128, 128, 128, 128, 128, 128, 128, 128, 128, 128, 128, 128, 128, 128, 128, 128, 128, 128, 128, 128, 128, 128, 128, 128, 128, 128, 128, 128, 128, 128, 128, 128, 128, 128, 128, 128, 128, 128, 128, 128, 128, 128, 128, 128, 128, 128, 128, 128]",1,48,48,49,1024,48,1072,128,0.02040816326530612,true_mixed,True,False,True,49,0,0,False,0,0,BF16,CUDA_EVENT,generic,generic,none
0.00431999983265996,0.005640000104904175,0.004671999998390674,0.004480000119656324,0.0004888517772325549,5,0.013199999928474426,0.08900000154972076,0.028784000128507615,0.014159999787807465,0.030111224930063303,5,0.2509610056877136,0.39772099256515503,0.28984899520874025,0.2696009874343872,0.05465663567075995,5,0.08615999668836594,0.10175999999046326,0.08979199975728988,0.08687999844551086,0.005998901431601186,5,0.00443999981507659,0.004519999958574772,0.004479999933391809,0.004480000119656324,3.5777151814455904e-05,5,2880,64,8,32,8,16384,TORCH_SDPA,[1024],[0],"[1024, 1024, 1024, 1024, 1024, 1024, 1024, 1024, 1024, 1024, 1024, 1024, 1024, 1024, 1024, 1024, 1024, 1024, 1024, 1024, 1024, 1024, 1024, 1024, 1024, 1024, 1024, 1024, 1024, 1024, 1024, 1024, 1024, 1024, 1024, 1024, 1024, 1024, 1024, 1024, 1024, 1024, 1024, 1024, 1024, 1024, 1024, 1024, 1024, 1024, 1024, 1024, 1024, 1024, 1024, 1024, 1024, 1024, 1024, 1024, 1024, 1024, 1024, 1024]",1,64,64,65,1024,64,1088,1024,0.015384615384615385,true_mixed,True,False,True,65,0,0,False,0,0,BF16,CUDA_EVENT,generic,generic,none
0.004519999958574772,0.005080000031739473,0.0046559998765587805,0.004559999797493219,0.0002125653569266124,5,0.01735999993979931,0.09071999788284302,0.034015999734401704,0.017880000174045563,0.028559064628971193,5,1.678244948387146,2.045725107192993,1.7686926126480103,1.7050449848175049,0.1391324247447751,5,0.03288000077009201,0.03376000002026558,0.03334420025348663,0.033560000360012054,0.00036900769385639614,5,0.004480000119656324,0.004600000102072954,0.004535999987274409,0.004559999797493219,4.799993087868105e-05,5,2880,64,8,32,8,16384,TORCH_SDPA,[4096],[0],[128],1,1,1,2,4096,1,4097,128,0.5,true_mixed,True,False,True,2,0,0,False,0,0,BF16,CUDA_EVENT,generic,generic,none
0.004360000137239695,0.005520000122487545,0.004680000059306621,0.004519999958574772,0.000424075487760215,5,0.014879999682307243,0.053599998354911804,0.0231839993968606,0.01583999954164028,0.015213332577020953,5,0.19512100517749786,0.4545220136642456,0.25035280287265776,0.20003999769687653,0.10211139255758817,5,0.5729609727859497,0.6246010065078735,0.5857293963432312,0.5783219933509827,0.01957840022276044,5,0.004399999976158142,0.004519999958574772,0.004472000058740377,0.004480000119656324,3.9191849152437796e-05,5,2880,64,8,32,8,16384,TORCH_SDPA,[1024],[0],"[4096, 4096, 4096, 4096, 4096, 4096, 4096, 4096, 4096, 4096, 4096, 4096, 4096, 4096, 4096, 4096, 4096, 4096, 4096, 4096, 4096, 4096, 4096, 4096, 4096, 4096, 4096, 4096, 4096, 4096, 4096, 4096, 4096, 4096, 4096, 4096, 4096, 4096, 4096, 4096, 4096, 4096, 4096, 4096, 4096, 4096, 4096, 4096, 4096, 4096, 4096, 4096, 4096, 4096, 4096, 4096, 4096, 4096, 4096, 4096, 4096, 4096, 4096, 4096, 4096, 4096, 4096, 4096, 4096, 4096, 4096, 4096, 4096, 4096, 4096, 4096, 4096, 4096, 4096, 4096, 4096, 4096, 4096, 4096, 4096, 4096, 4096, 4096, 4096, 4096, 4096, 4096, 4096, 4096, 4096, 4096]",1,96,96,97,1024,96,1120,4096,0.010309278350515464,true_mixed,True,False,True,97,0,0,False,0,0,BF16,CUDA_EVENT,generic,generic,none
0.004480000119656324,0.005840000230818987,0.005032000131905079,0.004519999958574772,0.0006598909795148415,5,0.013039999641478062,0.03207999840378761,0.017151999473571777,0.013439999893307686,0.007467492752243724,5,0.24028100073337555,0.3330410122871399,0.27783280313014985,0.270920991897583,0.03152132393781178,5,0.09784000366926193,0.14180000126361847,0.11132020056247711,0.09911999851465225,0.017306279682816915,5,0.004399999976158142,0.008200000040233135,0.005200000014156103,0.004480000119656324,0.0015002933190559251,5,2880,64,8,32,8,16384,TORCH_SDPA,[1024],[0],"[2048, 2048, 2048, 2048, 2048, 2048, 2048, 2048, 2048, 2048, 2048, 2048, 2048, 2048, 2048, 2048]",1,16,16,17,1024,16,1040,2048,0.058823529411764705,true_mixed,True,False,True,17,0,0,False,0,0,BF16,CUDA_EVENT,generic,generic,none
0.004399999976158142,0.008919999934732914,0.005807999894022942,0.004519999958574772,0.001794640903652195,5,0.013319999910891056,0.02263999916613102,0.015344199910759925,0.013679999858140945,0.0036515054238360047,5,0.21943999826908112,0.29872000217437744,0.2521761983633041,0.24040000140666962,0.03103307660526095,5,0.09088099747896194,0.09120000153779984,0.0910085991024971,0.09092099964618683,0.00014127628733607997,5,0.004360000137239695,0.006320000160485506,0.004784000013023615,0.004399999976158142,0.0007684166240368168,5,2880,64,8,32,8,16384,TORCH_SDPA,[1024],[0],"[2048, 2048, 2048, 2048, 2048, 2048, 2048, 2048]",1,8,8,9,1024,8,1032,2048,0.1111111111111111,true_mixed,True,False,True,9,0,0,False,0,0,BF16,CUDA_EVENT,generic,generic,none
0.004519999958574772,0.008200000040233135,0.007031999994069338,0.007600000128149986,0.0012957530911467839,5,0.020800000056624413,0.04280000180006027,0.027992000058293342,0.02127999998629093,0.008990107198118782,5,0.26076099276542664,0.3150799870491028,0.2785607993602753,0.27056100964546204,0.019056444078250946,5,0.03412000089883804,0.06320100277662277,0.050280201435089114,0.054680000990629196,0.011463223897130387,5,0.006440000142902136,0.007840000092983246,0.007015999965369701,0.006839999929070473,0.0005417601049736978,5,2880,64,8,32,8,16384,TORCH_SDPA,[1024],[0],"[128, 128, 128, 128, 128, 128, 128, 128, 128, 128, 128, 128, 128, 128, 128, 128, 128, 128, 128, 128, 128, 128, 128, 128]",1,24,24,25,1024,24,1048,128,0.04,true_mixed,True,False,True,25,0,0,False,0,0,BF16,CUDA_EVENT,generic,generic,none
0.004279999993741512,0.005919999908655882,0.004679999966174364,0.004360000137239695,0.0006253318837834716,5,0.01892000064253807,0.052960000932216644,0.026168200373649596,0.019759999588131905,0.013399424622826343,5,6.590619087219238,6.655898094177246,6.6256426811218265,6.6217780113220215,0.02341532582876724,5,0.15112000703811646,0.15539999306201935,0.1524722009897232,0.15156100690364838,0.00160814051733316,5,0.00419999985024333,0.00431999983265996,0.0042479999363422396,0.004240000154823065,4.664761897177434e-05,5,2880,64,8,32,8,16384,TORCH_SDPA,[8192],[0],"[4096, 4096, 4096, 4096]",1,4,4,5,8192,4,8196,4096,0.2,true_mixed,True,False,True,5,0,0,False,0,0,BF16,CUDA_EVENT,generic,generic,none
0.004399999976158142,0.005119999870657921,0.004607999976724386,0.004480000119656324,0.00026095203990335883,5,0.013079999946057796,0.023959999904036522,0.015455999970436096,0.01336000021547079,0.004254736621057991,5,0.18719999492168427,0.3087199926376343,0.21228820085525513,0.1887200027704239,0.04822162424220237,5,0.27452099323272705,0.2770810127258301,0.2757208049297333,0.27584001421928406,0.0009682819374643478,5,0.004480000119656324,0.004559999797493219,0.004504000023007393,0.004480000119656324,3.1999871134757994e-05,5,2880,64,8,32,8,16384,TORCH_SDPA,[1024],[0],"[8192, 8192, 8192, 8192, 8192, 8192, 8192, 8192]",1,8,8,9,1024,8,1032,8192,0.1111111111111111,true_mixed,True,False,True,9,0,0,False,0,0,BF16,CUDA_EVENT,generic,generic,none
0.004360000137239695,0.014561000280082226,0.006432200036942959,0.00443999981507659,0.004064557582063029,5,0.017680000513792038,0.04919999837875366,0.02431199997663498,0.018360000103712082,0.012446940028014363,5,1.6695250272750854,1.8467650413513184,1.720317006111145,1.6958849430084229,0.06492090157068987,5,0.032760001718997955,0.03720000013709068,0.033888000249862674,0.03319999948143959,0.0016691841438345838,5,0.004399999976158142,0.004480000119656324,0.004440000001341105,0.00443999981507659,3.5777151814455904e-05,5,2880,64,8,32,8,16384,TORCH_SDPA,[4096],[0],"[128, 128]",1,2,2,3,4096,2,4098,128,0.3333333333333333,true_mixed,True,False,True,3,0,0,False,0,0,BF16,CUDA_EVENT,generic,generic,none
0.004519999958574772,0.011920000426471233,0.006008000019937754,0.004519999958574772,0.0029560407980574344,5,0.01735999993979931,0.06388100236654282,0.026888200640678407,0.017720000818371773,0.01849707557709507,5,1.700605034828186,1.845365047454834,1.7356128215789794,1.7078850269317627,0.055279385531231046,5,0.05848100036382675,0.0594400018453598,0.05896020010113716,0.0589199997484684,0.00033437788187876046,5,0.004519999958574772,0.004639999940991402,0.004560199938714505,0.004519999958574772,5.07558676913575e-05,5,2880,64,8,32,8,16384,TORCH_SDPA,[4096],[0],"[1024, 1024]",1,2,2,3,4096,2,4098,1024,0.3333333333333333,true_mixed,True,False,True,3,0,0,False,0,0,BF16,CUDA_EVENT,generic,generic,none
0.0041600000113248825,0.007600000128149986,0.0050640000030398365,0.00431999983265996,0.0013026987861865925,5,0.013240000233054161,0.1414009928703308,0.03907219860702753,0.013559999875724316,0.051164599615427506,5,0.18700000643730164,0.3689210116863251,0.22404860258102416,0.18783999979496002,0.07243825823854737,5,0.2972399890422821,0.33636099100112915,0.3060007929801941,0.2988409996032715,0.015193334005931593,5,0.00419999985024333,0.00443999981507659,0.004335999861359597,0.00431999983265996,8.236505318126945e-05,5,2880,64,8,32,8,16384,TORCH_SDPA,[1024],[0],"[2048, 2048, 2048, 2048, 2048, 2048, 2048, 2048, 2048, 2048, 2048, 2048, 2048, 2048, 2048, 2048, 2048, 2048, 2048, 2048, 2048, 2048, 2048, 2048, 2048, 2048, 2048, 2048, 2048, 2048, 2048, 2048, 2048, 2048, 2048, 2048, 2048, 2048, 2048, 2048, 2048, 2048, 2048, 2048, 2048, 2048, 2048, 2048, 2048, 2048, 2048, 2048, 2048, 2048, 2048, 2048, 2048, 2048, 2048, 2048, 2048, 2048, 2048, 2048, 2048, 2048, 2048, 2048, 2048, 2048, 2048, 2048, 2048, 2048, 2048, 2048, 2048, 2048, 2048, 2048, 2048, 2048, 2048, 2048, 2048, 2048, 2048, 2048, 2048, 2048, 2048, 2048, 2048, 2048, 2048, 2048]",1,96,96,97,1024,96,1120,2048,0.010309278350515464,true_mixed,True,False,True,97,0,0,False,0,0,BF16,CUDA_EVENT,generic,generic,none
0.007079999893903732,0.01360000018030405,0.008992200158536435,0.00812000036239624,0.002348249462183398,5,0.021040000021457672,0.05655999854207039,0.030767999961972235,0.024080000817775726,0.013124374161825101,5,0.2847200036048889,0.4814409911632538,0.411216801404953,0.47092100977897644,0.0817196045249174,5,0.08748099952936172,0.16232100129127502,0.11076079905033112,0.10239999741315842,0.027382742791707396,5,0.004519999958574772,0.00860000029206276,0.005816000048071146,0.005400000140070915,0.0014376871578470115,5,2880,64,8,32,8,16384,TORCH_SDPA,[1024],[0],"[1024, 1024, 1024, 1024, 1024, 1024, 1024, 1024, 1024, 1024, 1024, 1024, 1024, 1024, 1024, 1024, 1024, 1024, 1024, 1024, 1024, 1024, 1024, 1024, 1024, 1024, 1024, 1024, 1024, 1024, 1024, 1024]",1,32,32,33,1024,32,1056,1024,0.030303030303030304,true_mixed,True,False,True,33,0,0,False,0,0,BF16,CUDA_EVENT,generic,generic,none
0.00443999981507659,0.007960000075399876,0.0051680000498890875,0.004480000119656324,0.0013960859713026384,5,0.017799999564886093,0.04019999876618385,0.022575999423861504,0.017999999225139618,0.008823698670752902,5,1.6669650077819824,1.7770049571990967,1.6909970045089722,1.6708849668502808,0.043030900228059284,5,0.05936000123620033,0.06204000115394592,0.06002400070428848,0.05939999967813492,0.0010333945754919137,5,0.004399999976158142,0.0060800001956522465,0.004800000041723251,0.004480000119656324,0.0006419969570000308,5,2880,64,8,32,8,16384,TORCH_SDPA,[4096],[0],"[1024, 1024, 1024, 1024]",1,4,4,5,4096,4,4100,1024,0.2,true_mixed,True,False,True,5,0,0,False,0,0,BF16,CUDA_EVENT,generic,generic,none
0.00443999981507659,0.005840000230818987,0.004736000020056963,0.004480000119656324,0.0005522898887486015,5,0.01744000054895878,0.041999999433755875,0.022895999997854233,0.018360000103712082,0.00956870201853209,5,1.6584440469741821,1.7845649719238281,1.6939168214797973,1.6744450330734253,0.045843838944288826,5,0.1568399965763092,0.1594800055027008,0.1585123986005783,0.15900099277496338,0.0009324436851830002,5,0.004360000137239695,0.004559999797493219,0.004439999908208847,0.00443999981507659,6.693269955329282e-05,5,2880,64,8,32,8,16384,TORCH_SDPA,[4096],[0],"[4096, 4096, 4096, 4096, 4096, 4096, 4096, 4096]",1,8,8,9,4096,8,4104,4096,0.1111111111111111,true_mixed,True,False,True,9,0,0,False,0,0,BF16,CUDA_EVENT,generic,generic,none
0.004399999976158142,0.0075599998235702515,0.006175999995321035,0.007160000037401915,0.0014235953995304176,5,0.019881000742316246,0.028161000460386276,0.022912600263953208,0.02232000045478344,0.002857575547357187,5,0.2585600018501282,0.27219998836517334,0.26581600308418274,0.26660001277923584,0.004624427299090094,5,0.045559998601675034,0.0538799986243248,0.04841599985957146,0.04639999940991402,0.0032911612934537794,5,0.00443999981507659,0.006800000090152025,0.005607999954372644,0.005799999926239252,0.0009450164185561085,5,2880,64,8,32,8,16384,TORCH_SDPA,[1024],[0],"[512, 512, 512, 512, 512, 512, 512, 512, 512, 512, 512, 512, 512, 512, 512, 512, 512, 512, 512, 512, 512, 512, 512, 512]",1,24,24,25,1024,24,1048,512,0.04,true_mixed,True,False,True,25,0,0,False,0,0,BF16,CUDA_EVENT,generic,generic,none
0.00443999981507659,0.03144000098109245,0.009888000134378672,0.004519999958574772,0.010776074662068617,5,0.013120000250637531,0.12228000164031982,0.035136000253260136,0.013399999588727951,0.043572282524957706,5,0.18844099342823029,0.6136419773101807,0.27452099323272705,0.19032099843025208,0.16956337379581116,5,0.3426010012626648,0.4306409955024719,0.3607290029525757,0.3436410129070282,0.03495874588575602,5,0.004480000119656324,0.004600000102072954,0.004520000051707029,0.004480000119656324,5.0596386064013265e-05,5,2880,64,8,32,8,16384,TORCH_SDPA,[1024],[0],"[4096, 4096, 4096, 4096, 4096, 4096, 4096, 4096, 4096, 4096, 4096, 4096, 4096, 4096, 4096, 4096, 4096, 4096, 4096, 4096, 4096, 4096, 4096, 4096, 4096, 4096, 4096, 4096, 4096, 4096, 4096, 4096, 4096, 4096, 4096, 4096, 4096, 4096, 4096, 4096, 4096, 4096, 4096, 4096, 4096, 4096, 4096, 4096]",1,48,48,49,1024,48,1072,4096,0.02040816326530612,true_mixed,True,False,True,49,0,0,False,0,0,BF16,CUDA_EVENT,generic,generic,none
0.004519999958574772,0.01116000022739172,0.007176000066101551,0.007000000216066837,0.0023283436609318644,5,0.014279999770224094,0.03516000136733055,0.02140000034123659,0.019200000911951065,0.007138986469623253,5,0.2534410059452057,0.28516098856925964,0.2654249966144562,0.26524099707603455,0.011012297102846267,5,0.039400000125169754,0.0565200001001358,0.04628800004720688,0.041280001401901245,0.007066060856706413,5,0.005840000230818987,0.006639999803155661,0.006208000052720308,0.006200000178068876,0.0002572468278511797,5,2880,64,8,32,8,16384,TORCH_SDPA,[1024],[0],"[128, 128, 128, 128, 128, 128, 128, 128, 128, 128, 128, 128, 128, 128, 128, 128, 128, 128, 128, 128, 128, 128, 128, 128, 128, 128, 128, 128, 128, 128, 128, 128, 128, 128, 128, 128, 128, 128, 128, 128, 128, 128, 128, 128, 128, 128, 128, 128, 128, 128, 128, 128, 128, 128, 128, 128, 128, 128, 128, 128, 128, 128, 128, 128, 128, 128, 128, 128, 128, 128, 128, 128, 128, 128, 128, 128, 128, 128, 128, 128, 128, 128, 128, 128, 128, 128, 128, 128, 128, 128, 128, 128, 128, 128, 128, 128]",1,96,96,97,1024,96,1120,128,0.010309278350515464,true_mixed,True,False,True,97,0,0,False,0,0,BF16,CUDA_EVENT,generic,generic,none
0.004399999976158142,0.007600000128149986,0.005232000071555376,0.004480000119656324,0.0012296081100444782,5,0.01759999990463257,0.07716000080108643,0.02988000027835369,0.018400000408291817,0.023643363813343806,5,1.6635249853134155,1.777405023574829,1.6924849987030028,1.6786450147628784,0.042982823481117274,5,0.03548000007867813,0.041439998894929886,0.03724000006914139,0.03612000122666359,0.002178732822418673,5,0.004399999976158142,0.004600000102072954,0.00447199996560812,0.00443999981507659,7.756293039261637e-05,5,2880,64,8,32,8,16384,TORCH_SDPA,[4096],[0],"[128, 128, 128, 128, 128, 128, 128, 128, 128, 128, 128, 128, 128, 128, 128, 128, 128, 128, 128, 128, 128, 128, 128, 128]",1,24,24,25,4096,24,4120,128,0.04,true_mixed,True,False,True,25,0,0,False,0,0,BF16,CUDA_EVENT,generic,generic,none
0.004360000137239695,0.00443999981507659,0.004392000008374452,0.004399999976158142,2.993313855179537e-05,5,0.017480000853538513,0.07152000069618225,0.02842400036752224,0.01759999990463257,0.02154849579621352,5,1.659324049949646,1.769484043121338,1.6904202222824096,1.673964023590088,0.04006099078961795,5,0.07336000353097916,0.07524000108242035,0.07430420070886612,0.07451999932527542,0.0006471151950463153,5,0.004399999976158142,0.004519999958574772,0.004447999969124794,0.004399999976158142,5.878774521273928e-05,5,2880,64,8,32,8,16384,TORCH_SDPA,[4096],[0],"[1024, 1024, 1024, 1024, 1024, 1024, 1024, 1024, 1024, 1024, 1024, 1024, 1024, 1024, 1024, 1024, 1024, 1024, 1024, 1024, 1024, 1024, 1024, 1024, 1024, 1024, 1024, 1024, 1024, 1024, 1024, 1024]",1,32,32,33,4096,32,4128,1024,0.030303030303030304,true_mixed,True,False,True,33,0,0,False,0,0,BF16,CUDA_EVENT,generic,generic,none
0.004559999797493219,0.007840000092983246,0.005239999946206808,0.004600000102072954,0.0013003384924309784,5,0.0175199992954731,0.027319999411702156,0.01974399983882904,0.017920000478625298,0.0037929279592372523,5,1.6963249444961548,1.7551649808883667,1.7116209745407105,1.7008049488067627,0.02199867708178782,5,0.05640000104904175,0.0594400018453598,0.057232200354337695,0.05652099847793579,0.001147367879392449,5,0.00443999981507659,0.004600000102072954,0.004544000048190356,0.004600000102072954,6.974246546350453e-05,5,2880,64,8,32,8,16384,TORCH_SDPA,[4096],[0],[1024],1,1,1,2,4096,1,4097,1024,0.5,true_mixed,True,False,True,2,0,0,False,0,0,BF16,CUDA_EVENT,generic,generic,none
0.004360000137239695,0.00824000034481287,0.005744000058621168,0.004399999976158142,0.0016877156765485908,5,0.01916000060737133,0.06047999858856201,0.02789599969983101,0.0200399998575449,0.01629532588705545,5,6.593299865722656,6.6443400382995605,6.620603561401367,6.617098808288574,0.01781245710198471,5,0.03455999866127968,0.03551999852061272,0.035112199187278745,0.035041000694036484,0.00033595739943909466,5,0.004240000154823065,0.0049600000493228436,0.004504000023007393,0.004399999976158142,0.00024475292514226964,5,2880,64,8,32,8,16384,TORCH_SDPA,[8192],[0],"[128, 128, 128, 128, 128, 128, 128, 128, 128, 128, 128, 128, 128, 128, 128, 128]",1,16,16,17,8192,16,8208,128,0.058823529411764705,true_mixed,True,False,True,17,0,0,False,0,0,BF16,CUDA_EVENT,generic,generic,none
0.00443999981507659,0.006719999946653843,0.004975999891757965,0.004559999797493219,0.0008736498466066359,5,0.017480000853538513,0.033640000969171524,0.020880000293254854,0.01775999926030636,0.006381724239373468,5,1.6936850547790527,1.8079650402069092,1.7280930042266847,1.7063649892807007,0.04158849721824599,5,0.15083999931812286,0.1586409956216812,0.15430419743061066,0.15435999631881714,0.0026781846601807275,5,0.004480000119656324,0.004639999940991402,0.004543999955058098,0.004519999958574772,5.425858614264964e-05,5,2880,64,8,32,8,16384,TORCH_SDPA,[4096],[0],"[4096, 4096, 4096, 4096]",1,4,4,5,4096,4,4100,4096,0.2,true_mixed,True,False,True,5,0,0,False,0,0,BF16,CUDA_EVENT,generic,generic,none
0.00443999981507659,0.004600000102072954,0.004519999958574772,0.004519999958574772,5.656857810916412e-05,5,0.017720000818371773,0.05144000053405762,0.02460000030696392,0.017880000174045563,0.013420629009351223,5,1.6931250095367432,1.777245044708252,1.7144370079040527,1.7009249925613403,0.03157314595629889,5,0.1483200043439865,0.14903999865055084,0.14860840141773224,0.1485610008239746,0.0002403858458834159,5,0.00443999981507659,0.004559999797493219,0.004511999897658825,0.004519999958574772,4.6647571055609506e-05,5,2880,64,8,32,8,16384,TORCH_SDPA,[4096],[0],"[4096, 4096]",1,2,2,3,4096,2,4098,4096,0.3333333333333333,true_mixed,True,False,True,3,0,0,False,0,0,BF16,CUDA_EVENT,generic,generic,none
0.004120000172406435,0.004279999993741512,0.004200000036507845,0.00419999985024333,5.656851225467499e-05,5,0.017680000513792038,0.03683999925851822,0.021671999990940095,0.017920000478625298,0.0075850965979807955,5,1.676604986190796,1.7854050397872925,1.7126126050949098,1.701604962348938,0.0376731089976733,5,0.2524009943008423,0.25748100876808167,0.2536967992782593,0.2528409957885742,0.0019143098769027953,5,0.0041600000113248825,0.004360000137239695,0.0042720000259578225,0.004279999993741512,6.881859566138262e-05,5,2880,64,8,32,8,16384,TORCH_SDPA,[4096],[0],[8192],1,1,1,2,4096,1,4097,8192,0.5,true_mixed,True,False,True,2,0,0,False,0,0,BF16,CUDA_EVENT,generic,generic,none
0.004399999976158142,0.01679999940097332,0.00691999988630414,0.004480000119656324,0.004940218376114101,5,0.017799999564886093,0.08652099967002869,0.031880199909210205,0.018400000408291817,0.027321413024111275,5,1.6696449518203735,1.8482439517974854,1.7100441694259643,1.6742039918899536,0.0693121677064126,5,0.35359999537467957,0.36024099588394165,0.35626479983329773,0.3558410108089447,0.0022120066596043307,5,0.004399999976158142,0.004480000119656324,0.004440000001341105,0.00443999981507659,3.5777151814455904e-05,5,2880,64,8,32,8,16384,TORCH_SDPA,[4096],[0],"[4096, 4096, 4096, 4096, 4096, 4096, 4096, 4096, 4096, 4096, 4096, 4096, 4096, 4096, 4096, 4096, 4096, 4096, 4096, 4096, 4096, 4096, 4096, 4096, 4096, 4096, 4096, 4096, 4096, 4096, 4096, 4096, 4096, 4096, 4096, 4096, 4096, 4096, 4096, 4096, 4096, 4096, 4096, 4096, 4096, 4096, 4096, 4096]",1,48,48,49,4096,48,4144,4096,0.02040816326530612,true_mixed,True,False,True,49,0,0,False,0,0,BF16,CUDA_EVENT,generic,generic,none
0.004279999993741512,0.004559999797493219,0.004416000004857779,0.004399999976158142,9.66643099479158e-05,5,0.013120000250637531,0.024560000747442245,0.015624000132083893,0.01351999957114458,0.004471105760065683,5,0.18887999653816223,1.5499650239944458,0.4810894042253494,0.19040000438690186,0.5357677240699535,5,0.30340099334716797,0.31488099694252014,0.3062809944152832,0.3043609857559204,0.004316963196254492,5,0.004399999976158142,0.004559999797493219,0.004480000026524067,0.004480000119656324,5.0596386064013265e-05,5,2880,64,8,32,8,16384,TORCH_SDPA,[1024],[0],"[8192, 8192, 8192, 8192, 8192, 8192, 8192, 8192, 8192, 8192, 8192, 8192, 8192, 8192, 8192, 8192]",1,16,16,17,1024,16,1040,8192,0.058823529411764705,true_mixed,True,False,True,17,0,0,False,0,0,BF16,CUDA_EVENT,generic,generic,none
0.00443999981507659,0.012240000069141388,0.00603219997137785,0.004480999894440174,0.0031040031678017392,5,0.017960000783205032,0.06279999762773514,0.02741599977016449,0.018160000443458557,0.017710210225216644,5,1.699044942855835,1.841444969177246,1.7324287652969361,1.7077239751815796,0.05464809010779216,5,0.033479999750852585,0.03579999879002571,0.03426419943571091,0.034040000289678574,0.0008207837610004117,5,0.004399999976158142,0.004559999797493219,0.004495999962091446,0.004480000119656324,5.986642644755097e-05,5,2880,64,8,32,8,16384,TORCH_SDPA,[4096],[0],"[128, 128, 128, 128, 128, 128, 128, 128]",1,8,8,9,4096,8,4104,128,0.1111111111111111,true_mixed,True,False,True,9,0,0,False,0,0,BF16,CUDA_EVENT,generic,generic,none
0.00431999983265996,0.009479999542236328,0.005383999925106764,0.004360000137239695,0.002048156053179876,5,0.013120000250637531,0.02507999911904335,0.015663999877870084,0.01336000021547079,0.004710403422576928,5,0.18807999789714813,0.28676098585128784,0.2089765965938568,0.18964099884033203,0.038910610578913346,5,0.33660098910331726,0.3394010066986084,0.338577002286911,0.3391200006008148,0.0010264560915022069,5,0.004399999976158142,0.004519999958574772,0.0044559999369084835,0.00443999981507659,4.079219274941178e-05,5,2880,64,8,32,8,16384,TORCH_SDPA,[1024],[0],"[8192, 8192, 8192, 8192, 8192, 8192, 8192, 8192, 8192, 8192, 8192, 8192, 8192, 8192, 8192, 8192, 8192, 8192, 8192, 8192, 8192, 8192, 8192, 8192]",1,24,24,25,1024,24,1048,8192,0.04,true_mixed,True,False,True,25,0,0,False,0,0,BF16,CUDA_EVENT,generic,generic,none
0.004360000137239695,0.007600000128149986,0.0051600000821053985,0.004399999976158142,0.0012504079508197507,5,0.01759999990463257,0.05112000182271004,0.02470400035381317,0.018239999189972878,0.01321208247570201,5,1.6707240343093872,1.7876449823379517,1.6985728025436402,1.6802849769592285,0.0447317704345333,5,0.04312000051140785,0.04699999839067459,0.04472020044922829,0.044520001858472824,0.001274248803422835,5,0.00443999981507659,0.004480000119656324,0.0044559999369084835,0.00443999981507659,1.9596067155252676e-05,5,2880,64,8,32,8,16384,TORCH_SDPA,[4096],[0],"[512, 512, 512, 512]",1,4,4,5,4096,4,4100,512,0.2,true_mixed,True,False,True,5,0,0,False,0,0,BF16,CUDA_EVENT,generic,generic,none
0.004399999976158142,0.045239999890327454,0.012600000016391277,0.004480000119656324,0.016320039152748083,5,0.017960000783205032,0.15063999593257904,0.04471999891102314,0.018239999189972878,0.05296029458106644,5,1.6760449409484863,2.1015260219573975,1.8354687929153441,1.6966040134429932,0.18279215085874995,5,0.04355999827384949,0.04639999940991402,0.044328199326992036,0.043880000710487366,0.0010568771094418873,5,0.004399999976158142,0.005319999996572733,0.004624000005424023,0.004480000119656324,0.00034926208069019804,5,2880,64,8,32,8,16384,TORCH_SDPA,[4096],[0],"[128, 128, 128, 128, 128, 128, 128, 128, 128, 128, 128, 128, 128, 128, 128, 128, 128, 128, 128, 128, 128, 128, 128, 128, 128, 128, 128, 128, 128, 128, 128, 128, 128, 128, 128, 128, 128, 128, 128, 128, 128, 128, 128, 128, 128, 128, 128, 128, 128, 128, 128, 128, 128, 128, 128, 128, 128, 128, 128, 128, 128, 128, 128, 128, 128, 128, 128, 128, 128, 128, 128, 128, 128, 128, 128, 128, 128, 128, 128, 128, 128, 128, 128, 128, 128, 128, 128, 128, 128, 128, 128, 128, 128, 128, 128, 128]",1,96,96,97,4096,96,4192,128,0.010309278350515464,true_mixed,True,False,True,97,0,0,False,0,0,BF16,CUDA_EVENT,generic,generic,none
0.004480000119656324,0.004600000102072954,0.004544000048190356,0.004519999958574772,4.800002401078793e-05,5,0.013120999559760094,0.02528100088238716,0.015624400041997433,0.013240000233054161,0.004828586657134074,5,0.21780000627040863,0.5662810206413269,0.3580008000135422,0.2525610029697418,0.14953353567752828,5,0.11631999909877777,0.3813210129737854,0.17047260254621505,0.11764000356197357,0.10542947437389874,5,0.00443999981507659,0.005239999853074551,0.004703999869525433,0.004639999940991402,0.0002812543238769548,5,2880,64,8,32,8,16384,TORCH_SDPA,[1024],[0],"[2048, 2048, 2048, 2048, 2048, 2048, 2048, 2048, 2048, 2048, 2048, 2048, 2048, 2048, 2048, 2048, 2048, 2048, 2048, 2048, 2048, 2048, 2048, 2048, 2048, 2048, 2048, 2048, 2048, 2048, 2048, 2048]",1,32,32,33,1024,32,1056,2048,0.030303030303030304,true_mixed,True,False,True,33,0,0,False,0,0,BF16,CUDA_EVENT,generic,generic,none
0.004480000119656324,0.0077599999494850636,0.0051520000211894516,0.004519999958574772,0.0013041226567774137,5,0.01775999926030636,0.029360000044107437,0.020367999747395515,0.018279999494552612,0.004507728645503055,5,1.692244052886963,1.767683982849121,1.717444610595703,1.7112849950790405,0.026253608898045767,5,0.06436099857091904,0.06528100371360779,0.06500039994716644,0.06511999666690826,0.0003410814851368546,5,0.004480000119656324,0.004559999797493219,0.004504000023007393,0.004480000119656324,3.1999871134757994e-05,5,2880,64,8,32,8,16384,TORCH_SDPA,[4096],[0],"[1024, 1024, 1024, 1024, 1024, 1024, 1024, 1024, 1024, 1024, 1024, 1024, 1024, 1024, 1024, 1024]",1,16,16,17,4096,16,4112,1024,0.058823529411764705,true_mixed,True,False,True,17,0,0,False,0,0,BF16,CUDA_EVENT,generic,generic,none
0.00443999981507659,0.004480000119656324,0.004472000058740377,0.004480000119656324,1.600012183189392e-05,5,0.017799999564886093,0.06583999842405319,0.02767999991774559,0.018160000443458557,0.01908238904506818,5,1.692924976348877,1.7959649562835693,1.7153810024261475,1.695044994354248,0.04034762407542443,5,0.19324100017547607,0.1958799958229065,0.1946485996246338,0.19440099596977234,0.0009623094175777856,5,0.004480000119656324,0.004600000102072954,0.0045519999228417875,0.004559999797493219,3.919179212101793e-05,5,2880,64,8,32,8,16384,TORCH_SDPA,[4096],[0],"[4096, 4096, 4096, 4096, 4096, 4096, 4096, 4096, 4096, 4096, 4096, 4096, 4096, 4096, 4096, 4096, 4096, 4096, 4096, 4096, 4096, 4096, 4096, 4096]",1,24,24,25,4096,24,4120,4096,0.04,true_mixed,True,False,True,25,0,0,False,0,0,BF16,CUDA_EVENT,generic,generic,none
0.004519999958574772,0.008200000040233135,0.00528799993917346,0.004559999797493219,0.0014566592417515583,5,0.017720000818371773,0.030719999223947525,0.020431999862194062,0.017880000174045563,0.005144777218702072,5,1.683724045753479,1.7650049924850464,1.7074048042297363,1.6988450288772583,0.029510285858623427,5,0.03412000089883804,0.03511999920010567,0.034776000678539275,0.034960001707077026,0.0003757443460490829,5,0.004480000119656324,0.004639999940991402,0.0045519999228417875,0.004559999797493219,5.306593738933737e-05,5,2880,64,8,32,8,16384,TORCH_SDPA,[4096],[0],"[128, 128, 128, 128, 128, 128, 128, 128, 128, 128, 128, 128, 128, 128, 128, 128]",1,16,16,17,4096,16,4112,128,0.058823529411764705,true_mixed,True,False,True,17,0,0,False,0,0,BF16,CUDA_EVENT,generic,generic,none
0.004360000137239695,0.004679999779909849,0.00447199996560812,0.00443999981507659,0.00011142701188109022,5,0.018719999119639397,0.03519999980926514,0.022807999700307845,0.01947999931871891,0.006270714232011798,5,6.596899032592773,6.639179229736328,6.615907096862793,6.615979194641113,0.014346014968425667,5,0.05544000118970871,0.05764000117778778,0.05635200142860412,0.05648000165820122,0.00081325016569837,5,0.004399999976158142,0.004519999958574772,0.004439999908208847,0.00443999981507659,4.381779817994027e-05,5,2880,64,8,32,8,16384,TORCH_SDPA,[8192],[0],[1024],1,1,1,2,8192,1,8193,1024,0.5,true_mixed,True,False,True,2,0,0,False,0,0,BF16,CUDA_EVENT,generic,generic,none
0.004399999976158142,0.012719999998807907,0.006087999884039163,0.00443999981507659,0.003316036245073353,5,0.01923999935388565,0.07107999920845032,0.030255999788641928,0.020160000771284103,0.020424057688753293,5,6.6210198402404785,6.764060020446777,6.668243885040283,6.64725923538208,0.05087370931491072,5,0.06763999909162521,0.0700799971818924,0.06860839873552323,0.06855999678373337,0.000852334139358117,5,0.00443999981507659,0.004559999797493219,0.004495999868959188,0.004519999958574772,4.8000024010787934e-05,5,2880,64,8,32,8,16384,TORCH_SDPA,[8192],[0],"[1024, 1024, 1024, 1024, 1024, 1024, 1024, 1024, 1024, 1024, 1024, 1024, 1024, 1024, 1024, 1024, 1024, 1024, 1024, 1024, 1024, 1024, 1024, 1024]",1,24,24,25,8192,24,8216,1024,0.04,true_mixed,True,False,True,25,0,0,False,0,0,BF16,CUDA_EVENT,generic,generic,none
0.004360000137239695,0.005880000069737434,0.0046640001237392426,0.004360000137239695,0.0006079999729990959,5,0.01727999933063984,0.0384799987077713,0.02200799956917763,0.018120000138878822,0.008242655456459306,5,1.6788049936294556,1.7943249940872192,1.7108609914779662,1.6958450078964233,0.042331719153254586,5,0.09591999650001526,0.09880100190639496,0.09733619838953018,0.09736000001430511,0.0011466878164051507,5,0.004399999976158142,0.004519999958574772,0.0044559999369084835,0.00443999981507659,4.079219274941178e-05,5,2880,64,8,32,8,16384,TORCH_SDPA,[4096],[0],"[2048, 2048, 2048, 2048, 2048, 2048, 2048, 2048]",1,8,8,9,4096,8,4104,2048,0.1111111111111111,true_mixed,True,False,True,9,0,0,False,0,0,BF16,CUDA_EVENT,generic,generic,none
0.004399999976158142,0.004559999797493219,0.004487999994307756,0.004480000119656324,5.306593738933737e-05,5,0.017920000478625298,0.0596809983253479,0.02634439989924431,0.018079999834299088,0.01666849971603466,5,1.6922849416732788,1.8024849891662598,1.7220287799835206,1.708685040473938,0.040939078795981895,5,0.039000000804662704,0.040800001472234726,0.039712000638246536,0.03968000039458275,0.000648642048069204,5,0.004480000119656324,0.004559999797493219,0.004511999990791082,0.004519999958574772,2.993313855179537e-05,5,2880,64,8,32,8,16384,TORCH_SDPA,[4096],[0],"[128, 128, 128, 128, 128, 128, 128, 128, 128, 128, 128, 128, 128, 128, 128, 128, 128, 128, 128, 128, 128, 128, 128, 128, 128, 128, 128, 128, 128, 128, 128, 128, 128, 128, 128, 128, 128, 128, 128, 128, 128, 128, 128, 128, 128, 128, 128, 128]",1,48,48,49,4096,48,4144,128,0.02040816326530612,true_mixed,True,False,True,49,0,0,False,0,0,BF16,CUDA_EVENT,generic,generic,none
0.00431999983265996,0.008440000005066395,0.0061921999789774414,0.005841000005602837,0.0014069951732383723,5,0.017920000478625298,0.028039999306201935,0.020416000112891197,0.018799999728798866,0.0038270276730830327,5,0.261680006980896,0.2826809883117676,0.2696168005466461,0.26952099800109863,0.007206193858168984,5,0.046080999076366425,0.05620000138878822,0.04826420024037361,0.04623999819159508,0.003972565334224751,5,0.00443999981507659,0.007240000180900097,0.005415999982506037,0.005119999870657921,0.0010383372108154238,5,2880,64,8,32,8,16384,TORCH_SDPA,[1024],[0],"[512, 512, 512, 512, 512, 512, 512, 512, 512, 512, 512, 512, 512, 512, 512, 512, 512, 512, 512, 512, 512, 512, 512, 512, 512, 512, 512, 512, 512, 512, 512, 512]",1,32,32,33,1024,32,1056,512,0.030303030303030304,true_mixed,True,False,True,33,0,0,False,0,0,BF16,CUDA_EVENT,generic,generic,none
0.004240000154823065,0.009560000151395798,0.005856000166386366,0.004240000154823065,0.0021383507717274335,5,0.013399999588727951,0.02311999909579754,0.017991999723017217,0.019279999658465385,0.0036437694006276394,5,0.2606000006198883,0.2754009962081909,0.26626440286636355,0.2653610110282898,0.005157346070523586,5,0.05172000080347061,0.05772000178694725,0.05320039987564087,0.052320998162031174,0.002273313975329287,5,0.00419999985024333,0.004920000210404396,0.004400000069290399,0.004279999993741512,0.0002653300660320297,5,2880,64,8,32,8,16384,TORCH_SDPA,[1024],[0],"[512, 512, 512, 512, 512, 512, 512, 512, 512, 512, 512, 512, 512, 512, 512, 512, 512, 512, 512, 512, 512, 512, 512, 512, 512, 512, 512, 512, 512, 512, 512, 512, 512, 512, 512, 512, 512, 512, 512, 512, 512, 512, 512, 512, 512, 512, 512, 512]",1,48,48,49,1024,48,1072,512,0.02040816326530612,true_mixed,True,False,True,49,0,0,False,0,0,BF16,CUDA_EVENT,generic,generic,none
0.00443999981507659,0.005400000140070915,0.004631999880075455,0.00443999981507659,0.00038400012999773026,5,0.017559999600052834,0.04255999997258186,0.023231999948620796,0.01860000006854534,0.009694481717479502,5,1.6593250036239624,1.7538050413131714,1.6842448234558105,1.6701639890670776,0.035116080285664326,5,0.315760999917984,0.31992098689079285,0.3168969929218292,0.3162809908390045,0.0015251666709939463,5,0.004399999976158142,0.00443999981507659,0.004415999911725521,0.004399999976158142,1.95958390287433e-05,5,2880,64,8,32,8,16384,TORCH_SDPA,[4096],[0],"[8192, 8192, 8192, 8192, 8192, 8192, 8192, 8192, 8192, 8192, 8192, 8192, 8192, 8192, 8192, 8192]",1,16,16,17,4096,16,4112,8192,0.058823529411764705,true_mixed,True,False,True,17,0,0,False,0,0,BF16,CUDA_EVENT,generic,generic,none
0.00443999981507659,0.030160000547766685,0.009648000076413154,0.004519999958574772,0.010256125040354459,5,0.018239999189972878,0.032600000500679016,0.022415999695658682,0.019999999552965164,0.005380891114691145,5,1.6931250095367432,1.8588049411773682,1.735716986656189,1.7073249816894531,0.06196580776225163,5,0.09551999717950821,0.09775999933481216,0.09625639915466308,0.09600099921226501,0.0008230894148703242,5,0.004399999976158142,0.004600000102072954,0.004488000087440014,0.004480000119656324,6.400003330783644e-05,5,2880,64,8,32,8,16384,TORCH_SDPA,[4096],[0],"[1024, 1024, 1024, 1024, 1024, 1024, 1024, 1024, 1024, 1024, 1024, 1024, 1024, 1024, 1024, 1024, 1024, 1024, 1024, 1024, 1024, 1024, 1024, 1024, 1024, 1024, 1024, 1024, 1024, 1024, 1024, 1024, 1024, 1024, 1024, 1024, 1024, 1024, 1024, 1024, 1024, 1024, 1024, 1024, 1024, 1024, 1024, 1024, 1024, 1024, 1024, 1024, 1024, 1024, 1024, 1024, 1024, 1024, 1024, 1024, 1024, 1024, 1024, 1024]",1,64,64,65,4096,64,4160,1024,0.015384615384615385,true_mixed,True,False,True,65,0,0,False,0,0,BF16,CUDA_EVENT,generic,generic,none
0.00443999981507659,0.015359999611973763,0.006783999875187874,0.004559999797493219,0.004293146040545533,5,0.019039999693632126,0.06356000155210495,0.028192000463604927,0.019440000876784325,0.01768483970279632,5,6.544898986816406,6.605299949645996,6.573339557647705,6.571499824523926,0.019834193751497465,5,0.14723999798297882,0.15212100744247437,0.14948059916496276,0.14868099987506866,0.0018236522713397866,5,0.004399999976158142,0.004519999958574772,0.004472000058740377,0.004480000119656324,3.9191849152437796e-05,5,2880,64,8,32,8,16384,TORCH_SDPA,[8192],[0],"[4096, 4096]",1,2,2,3,8192,2,8194,4096,0.3333333333333333,true_mixed,True,False,True,3,0,0,False,0,0,BF16,CUDA_EVENT,generic,generic,none
0.004480000119656324,0.008559999987483025,0.00532800005748868,0.004519999958574772,0.0016165939150906755,5,0.017720000818371773,0.029920000582933426,0.020480000600218772,0.018160000443458557,0.004725623757020012,5,1.684885025024414,1.7542049884796143,1.704765009880066,1.6909250020980835,0.026243439126177524,5,0.06672099977731705,0.06803999841213226,0.06736039817333221,0.06752099841833115,0.000479132485325813,5,0.00443999981507659,0.004679999779909849,0.0045599998906254765,0.004559999797493219,8.000000379989096e-05,5,2880,64,8,32,8,16384,TORCH_SDPA,[4096],[0],"[1024, 1024, 1024, 1024, 1024, 1024, 1024, 1024, 1024, 1024, 1024, 1024, 1024, 1024, 1024, 1024, 1024, 1024, 1024, 1024, 1024, 1024, 1024, 1024]",1,24,24,25,4096,24,4120,1024,0.04,true_mixed,True,False,True,25,0,0,False,0,0,BF16,CUDA_EVENT,generic,generic,none
0.00443999981507659,0.007040000054985285,0.004975999984890222,0.004480000119656324,0.0010321550645186021,5,0.017680000513792038,0.025919999927282333,0.019640199840068817,0.018039999529719353,0.0031540653782885083,5,1.6733659505844116,1.7469240427017212,1.6933570146560668,1.676205039024353,0.02784100323367181,5,0.05155999958515167,0.05196100100874901,0.05185619965195656,0.051920000463724136,0.00015108210224520628,5,0.004399999976158142,0.004480000119656324,0.004439999908208847,0.00443999981507659,2.529826665971379e-05,5,2880,64,8,32,8,16384,TORCH_SDPA,[4096],[0],"[512, 512, 512, 512, 512, 512, 512, 512, 512, 512, 512, 512, 512, 512, 512, 512, 512, 512, 512, 512, 512, 512, 512, 512, 512, 512, 512, 512, 512, 512, 512, 512]",1,32,32,33,4096,32,4128,512,0.030303030303030304,true_mixed,True,False,True,33,0,0,False,0,0,BF16,CUDA_EVENT,generic,generic,none
0.004399999976158142,0.02247999981045723,0.008071999996900558,0.004480000119656324,0.007204105403008662,5,0.013039999641478062,0.020360000431537628,0.01476799976080656,0.013399999588727951,0.0028025591634438613,5,0.1897609978914261,0.2725610136985779,0.20700080394744874,0.190760999917984,0.03278347268758837,5,0.19043999910354614,0.1926400065422058,0.1912486046552658,0.19060100615024567,0.0008872569546805057,5,0.00443999981507659,0.004559999797493219,0.004479999933391809,0.004480000119656324,4.381779818013822e-05,5,2880,64,8,32,8,16384,TORCH_SDPA,[1024],[0],"[2048, 2048, 2048, 2048, 2048, 2048, 2048, 2048, 2048, 2048, 2048, 2048, 2048, 2048, 2048, 2048, 2048, 2048, 2048, 2048, 2048, 2048, 2048, 2048, 2048, 2048, 2048, 2048, 2048, 2048, 2048, 2048, 2048, 2048, 2048, 2048, 2048, 2048, 2048, 2048, 2048, 2048, 2048, 2048, 2048, 2048, 2048, 2048]",1,48,48,49,1024,48,1072,2048,0.02040816326530612,true_mixed,True,False,True,49,0,0,False,0,0,BF16,CUDA_EVENT,generic,generic,none
0.004480000119656324,0.005840000230818987,0.004800000041723251,0.004559999797493219,0.0005215362850455868,5,0.015440000221133232,0.049320001155138016,0.022392000071704388,0.01583999954164028,0.013464986836515841,5,0.19708000123500824,0.31988099217414856,0.22372859716415405,0.20000000298023224,0.048107808962035904,5,0.6859220266342163,0.6950820088386536,0.6899700164794922,0.6900020241737366,0.0029627402851222766,5,0.004480000119656324,0.004561000037938356,0.004528199974447489,0.004519999958574772,3.0148895280788235e-05,5,2880,64,8,32,8,16384,TORCH_SDPA,[1024],[0],"[8192, 8192, 8192, 8192, 8192, 8192, 8192, 8192, 8192, 8192, 8192, 8192, 8192, 8192, 8192, 8192, 8192, 8192, 8192, 8192, 8192, 8192, 8192, 8192, 8192, 8192, 8192, 8192, 8192, 8192, 8192, 8192, 8192, 8192, 8192, 8192, 8192, 8192, 8192, 8192, 8192, 8192, 8192, 8192, 8192, 8192, 8192, 8192]",1,48,48,49,1024,48,1072,8192,0.02040816326530612,true_mixed,True,False,True,49,0,0,False,0,0,BF16,CUDA_EVENT,generic,generic,none
0.00419999985024333,0.006000000052154064,0.0046639999374747275,0.00443999981507659,0.0006781622897384189,5,0.012959999963641167,0.032839998602867126,0.01738419961184263,0.013559999875724316,0.007739214345869594,5,0.18740099668502808,0.28144100308418274,0.20684060156345369,0.18852099776268005,0.03730262074511442,5,0.2059209942817688,0.20900000631809235,0.20701660215854645,0.2062000036239624,0.0011956925427528723,5,0.004279999993741512,0.004480000119656324,0.0043680001050233844,0.004360000137239695,6.400003330783644e-05,5,2880,64,8,32,8,16384,TORCH_SDPA,[1024],[0],"[2048, 2048, 2048, 2048, 2048, 2048, 2048, 2048, 2048, 2048, 2048, 2048, 2048, 2048, 2048, 2048, 2048, 2048, 2048, 2048, 2048, 2048, 2048, 2048, 2048, 2048, 2048, 2048, 2048, 2048, 2048, 2048, 2048, 2048, 2048, 2048, 2048, 2048, 2048, 2048, 2048, 2048, 2048, 2048, 2048, 2048, 2048, 2048, 2048, 2048, 2048, 2048, 2048, 2048, 2048, 2048, 2048, 2048, 2048, 2048, 2048, 2048, 2048, 2048]",1,64,64,65,1024,64,1088,2048,0.015384615384615385,true_mixed,True,False,True,65,0,0,False,0,0,BF16,CUDA_EVENT,generic,generic,none
0.004399999976158142,0.004920000210404396,0.00458399998024106,0.004519999958574772,0.00018693325125137503,5,0.0178810004144907,0.06323999911546707,0.02732819989323616,0.018400000408291817,0.01795850280356142,5,1.6967649459838867,1.978564977645874,1.7589969873428344,1.7070850133895874,0.1098559609621645,5,0.5640019774436951,0.5747209787368774,0.5692575812339783,0.5689619779586792,0.0037872939698616243,5,0.00443999981507659,0.004600000102072954,0.004527999926358462,0.004559999797493219,5.878777056032047e-05,5,2880,64,8,32,8,16384,TORCH_SDPA,[4096],[0],"[4096, 4096, 4096, 4096, 4096, 4096, 4096, 4096, 4096, 4096, 4096, 4096, 4096, 4096, 4096, 4096, 4096, 4096, 4096, 4096, 4096, 4096, 4096, 4096, 4096, 4096, 4096, 4096, 4096, 4096, 4096, 4096, 4096, 4096, 4096, 4096, 4096, 4096, 4096, 4096, 4096, 4096, 4096, 4096, 4096, 4096, 4096, 4096, 4096, 4096, 4096, 4096, 4096, 4096, 4096, 4096, 4096, 4096, 4096, 4096, 4096, 4096, 4096, 4096, 4096, 4096, 4096, 4096, 4096, 4096, 4096, 4096, 4096, 4096, 4096, 4096, 4096, 4096, 4096, 4096, 4096, 4096, 4096, 4096, 4096, 4096, 4096, 4096, 4096, 4096, 4096, 4096, 4096, 4096, 4096, 4096]",1,96,96,97,4096,96,4192,4096,0.010309278350515464,true_mixed,True,False,True,97,0,0,False,0,0,BF16,CUDA_EVENT,generic,generic,none
0.004360000137239695,0.004559999797493219,0.004464199952781201,0.004441000055521727,6.967457836265055e-05,5,0.019039999693632126,0.02807999961078167,0.02141600027680397,0.019440000876784325,0.0034366119942803564,5,6.535940170288086,6.598021030426025,6.5700364112854,6.5731401443481445,0.019975670795662846,5,0.03392000123858452,0.03855999931693077,0.03554399982094765,0.03519999980926514,0.0016170289268455833,5,0.004399999976158142,0.00443999981507659,0.0044319998472929,0.00443999981507659,1.5999935567378997e-05,5,2880,64,8,32,8,16384,TORCH_SDPA,[8192],[0],"[128, 128, 128, 128, 128, 128, 128, 128]",1,8,8,9,8192,8,8200,128,0.1111111111111111,true_mixed,True,False,True,9,0,0,False,0,0,BF16,CUDA_EVENT,generic,generic,none
0.004399999976158142,0.008919999934732914,0.005319999903440476,0.00443999981507659,0.0018000889016237752,5,0.01804099977016449,0.024159999564290047,0.02027219980955124,0.01947999931871891,0.002076305133693814,5,1.675686001777649,1.7530460357666016,1.695373797416687,1.6809649467468262,0.02904126838627809,5,0.1982399970293045,0.20160000026226044,0.20008000135421752,0.20059999823570251,0.0014818371815881837,5,0.004399999976158142,0.0069599999114871025,0.00493599995970726,0.00443999981507659,0.0010124346662510365,5,2880,64,8,32,8,16384,TORCH_SDPA,[4096],[0],"[2048, 2048, 2048, 2048, 2048, 2048, 2048, 2048, 2048, 2048, 2048, 2048, 2048, 2048, 2048, 2048, 2048, 2048, 2048, 2048, 2048, 2048, 2048, 2048, 2048, 2048, 2048, 2048, 2048, 2048, 2048, 2048, 2048, 2048, 2048, 2048, 2048, 2048, 2048, 2048, 2048, 2048, 2048, 2048, 2048, 2048, 2048, 2048]",1,48,48,49,4096,48,4144,2048,0.02040816326530612,true_mixed,True,False,True,49,0,0,False,0,0,BF16,CUDA_EVENT,generic,generic,none
0.00443999981507659,0.0063599999994039536,0.004847999941557646,0.004480000119656324,0.0007565818183250934,5,0.019279999658465385,0.07760000228881836,0.031328000128269196,0.019999999552965164,0.023137591620664283,5,6.613659858703613,6.714221000671387,6.656932163238525,6.6564202308654785,0.03383116561690692,5,0.2109609991312027,0.216839998960495,0.21297679841518402,0.2122810035943985,0.002014536901519386,5,0.004399999976158142,0.004519999958574772,0.004447999969124794,0.00443999981507659,4.664763494375637e-05,5,2880,64,8,32,8,16384,TORCH_SDPA,[8192],[0],"[4096, 4096, 4096, 4096, 4096, 4096, 4096, 4096, 4096, 4096, 4096, 4096, 4096, 4096, 4096, 4096, 4096, 4096, 4096, 4096, 4096, 4096, 4096, 4096, 4096, 4096, 4096, 4096, 4096, 4096, 4096, 4096]",1,32,32,33,8192,32,8224,4096,0.030303030303030304,true_mixed,True,False,True,33,0,0,False,0,0,BF16,CUDA_EVENT,generic,generic,none
0.004480000119656324,0.03099999949336052,0.009799999929964543,0.004519999958574772,0.010600014875905605,5,0.0178810004144907,0.03332100063562393,0.021336400136351585,0.018519999459385872,0.005997862816299028,5,1.6768850088119507,1.76808500289917,1.7057728052139283,1.689324975013733,0.03304437687582969,5,0.20756100118160248,0.21160000562667847,0.21016040146350862,0.2107210010290146,0.0015212060137053418,5,0.004480000119656324,0.0061599998734891415,0.004863999970257282,0.004559999797493219,0.0006507103253909223,5,2880,64,8,32,8,16384,TORCH_SDPA,[4096],[0],"[4096, 4096, 4096, 4096, 4096, 4096, 4096, 4096, 4096, 4096, 4096, 4096, 4096, 4096, 4096, 4096, 4096, 4096, 4096, 4096, 4096, 4096, 4096, 4096, 4096, 4096, 4096, 4096, 4096, 4096, 4096, 4096]",1,32,32,33,4096,32,4128,4096,0.030303030303030304,true_mixed,True,False,True,33,0,0,False,0,0,BF16,CUDA_EVENT,generic,generic,none
0.00547999981790781,0.012839999981224537,0.008256000000983477,0.007720000110566616,0.0024513963627692892,5,0.020320000126957893,0.09616000205278397,0.04624820090830326,0.024320999160408974,0.030088858313809783,5,0.27748098969459534,0.6272420287132263,0.36805680990219114,0.28916001319885254,0.13400101051502522,5,0.08360099792480469,6.614576816558838,1.410443763434887,0.10763999819755554,2.6022107200713247,5,0.00443999981507659,0.013399999588727951,0.006271999794989824,0.004519999958574772,0.0035643029144718243,5,2880,64,8,32,8,16384,TORCH_SDPA,[1024],[0],"[512, 512, 512, 512, 512, 512, 512, 512, 512, 512, 512, 512, 512, 512, 512, 512, 512, 512, 512, 512, 512, 512, 512, 512, 512, 512, 512, 512, 512, 512, 512, 512, 512, 512, 512, 512, 512, 512, 512, 512, 512, 512, 512, 512, 512, 512, 512, 512, 512, 512, 512, 512, 512, 512, 512, 512, 512, 512, 512, 512, 512, 512, 512, 512, 512, 512, 512, 512, 512, 512, 512, 512, 512, 512, 512, 512, 512, 512, 512, 512, 512, 512, 512, 512, 512, 512, 512, 512, 512, 512, 512, 512, 512, 512, 512, 512]",1,96,96,97,1024,96,1120,512,0.010309278350515464,true_mixed,True,False,True,97,0,0,False,0,0,BF16,CUDA_EVENT,generic,generic,none
0.00443999981507659,0.004639999940991402,0.004535999894142151,0.004519999958574772,6.499233210529004e-05,5,0.01899999938905239,0.04500000178813934,0.02508000023663044,0.01955999992787838,0.010025504270807551,5,6.562139987945557,6.6203789710998535,6.594011402130127,6.600460052490234,0.02354129833205481,5,0.032999999821186066,0.038600001484155655,0.034768199920654295,0.03392000123858452,0.001994773053198772,5,0.004519999958574772,0.004559999797493219,0.0045519998297095295,0.004559999797493219,1.5999935567378997e-05,5,2880,64,8,32,8,16384,TORCH_SDPA,[8192],[0],"[128, 128]",1,2,2,3,8192,2,8194,128,0.3333333333333333,true_mixed,True,False,True,3,0,0,False,0,0,BF16,CUDA_EVENT,generic,generic,none
0.004399999976158142,0.0075599998235702515,0.0050640000030398365,0.004480000119656324,0.0012485126273345862,5,0.015159999951720238,0.020519999787211418,0.016383999958634377,0.015440000221133232,0.0020728491721601714,5,0.197160005569458,0.27960100769996643,0.21545620262622833,0.20003999769687653,0.03209595546659592,5,0.7370830178260803,0.758201003074646,0.7436746120452881,0.7406430244445801,0.007447098838429347,5,0.004360000137239695,0.004480000119656324,0.004432000033557415,0.00443999981507659,4.664761897177434e-05,5,2880,64,8,32,8,16384,TORCH_SDPA,[1024],[0],"[8192, 8192, 8192, 8192, 8192, 8192, 8192, 8192, 8192, 8192, 8192, 8192, 8192, 8192, 8192, 8192, 8192, 8192, 8192, 8192, 8192, 8192, 8192, 8192, 8192, 8192, 8192, 8192, 8192, 8192, 8192, 8192, 8192, 8192, 8192, 8192, 8192, 8192, 8192, 8192, 8192, 8192, 8192, 8192, 8192, 8192, 8192, 8192, 8192, 8192, 8192, 8192, 8192, 8192, 8192, 8192, 8192, 8192, 8192, 8192, 8192, 8192, 8192, 8192]",1,64,64,65,1024,64,1088,8192,0.015384615384615385,true_mixed,True,False,True,65,0,0,False,0,0,BF16,CUDA_EVENT,generic,generic,none
0.004360000137239695,0.008559999987483025,0.005239999946206808,0.00443999981507659,0.0016602650575829588,5,0.017559999600052834,0.02311999909579754,0.019935999438166617,0.018559999763965607,0.0025293917678296217,5,1.6726449728012085,1.7228440046310425,1.6881487846374512,1.681885004043579,0.018005575733769628,5,0.7501630187034607,0.7572029829025269,0.7529705882072448,0.7530419826507568,0.0025679477887893343,5,0.004399999976158142,0.004480000119656324,0.004439999908208847,0.00443999981507659,2.529826665971379e-05,5,2880,64,8,32,8,16384,TORCH_SDPA,[4096],[0],"[8192, 8192, 8192, 8192, 8192, 8192, 8192, 8192, 8192, 8192, 8192, 8192, 8192, 8192, 8192, 8192, 8192, 8192, 8192, 8192, 8192, 8192, 8192, 8192, 8192, 8192, 8192, 8192, 8192, 8192, 8192, 8192, 8192, 8192, 8192, 8192, 8192, 8192, 8192, 8192, 8192, 8192, 8192, 8192, 8192, 8192, 8192, 8192, 8192, 8192, 8192, 8192, 8192, 8192, 8192, 8192, 8192, 8192, 8192, 8192, 8192, 8192, 8192, 8192]",1,64,64,65,4096,64,4160,8192,0.015384615384615385,true_mixed,True,False,True,65,0,0,False,0,0,BF16,CUDA_EVENT,generic,generic,none
0.00419999985024333,0.00827999971807003,0.005031999852508307,0.00419999985024333,0.0016242954734641735,5,0.015359999611973763,0.044520001858472824,0.02137600015848875,0.015479999594390392,0.011575826699973719,5,0.2008409947156906,0.2822810113430023,0.21825680136680603,0.20120100677013397,0.03206715790381663,5,1.1282830238342285,1.1481629610061646,1.1385473966598512,1.1366039514541626,0.007085800836496977,5,0.0041600000113248825,0.004360000137239695,0.0042639999650418755,0.004279999993741512,7.418898061168757e-05,5,2880,64,8,32,8,16384,TORCH_SDPA,[1024],[0],"[8192, 8192, 8192, 8192, 8192, 8192, 8192, 8192, 8192, 8192, 8192, 8192, 8192, 8192, 8192, 8192, 8192, 8192, 8192, 8192, 8192, 8192, 8192, 8192, 8192, 8192, 8192, 8192, 8192, 8192, 8192, 8192, 8192, 8192, 8192, 8192, 8192, 8192, 8192, 8192, 8192, 8192, 8192, 8192, 8192, 8192, 8192, 8192, 8192, 8192, 8192, 8192, 8192, 8192, 8192, 8192, 8192, 8192, 8192, 8192, 8192, 8192, 8192, 8192, 8192, 8192, 8192, 8192, 8192, 8192, 8192, 8192, 8192, 8192, 8192, 8192, 8192, 8192, 8192, 8192, 8192, 8192, 8192, 8192, 8192, 8192, 8192, 8192, 8192, 8192, 8192, 8192, 8192, 8192, 8192, 8192]",1,96,96,97,1024,96,1120,8192,0.010309278350515464,true_mixed,True,False,True,97,0,0,False,0,0,BF16,CUDA_EVENT,generic,generic,none
0.004399999976158142,0.005799999926239252,0.00470399996265769,0.004399999976158142,0.0005499672530339375,5,0.019039999693632126,0.047279998660087585,0.025456199795007704,0.019519999623298645,0.010963759826006655,5,6.569378852844238,6.639820098876953,6.601827239990234,6.5888991355896,0.029054830228178636,5,0.06508000195026398,0.06868100166320801,0.0659841999411583,0.0652799978852272,0.0013699143252473192,5,0.00443999981507659,0.006680000107735395,0.004912200011312961,0.004480000119656324,0.0008840381484669039,5,2880,64,8,32,8,16384,TORCH_SDPA,[8192],[0],"[1024, 1024, 1024, 1024, 1024, 1024, 1024, 1024, 1024, 1024, 1024, 1024, 1024, 1024, 1024, 1024]",1,16,16,17,8192,16,8208,1024,0.058823529411764705,true_mixed,True,False,True,17,0,0,False,0,0,BF16,CUDA_EVENT,generic,generic,none
0.004480000119656324,0.030519999563694,0.009711999911814928,0.004519999958574772,0.010404042116940047,5,0.017680000513792038,0.06496000289916992,0.027328000590205192,0.017920000478625298,0.018817072549795276,5,1.6834039688110352,2.0456860065460205,1.7665969848632812,1.7015650272369385,0.13984734660682901,5,0.04016000032424927,0.049639999866485596,0.04222420006990433,0.04047999903559685,0.0037100864962632996,5,0.004559999797493219,0.0060800001956522465,0.004887999966740608,0.004600000102072954,0.0005967379161069328,5,2880,64,8,32,8,16384,TORCH_SDPA,[4096],[0],"[128, 128, 128, 128, 128, 128, 128, 128, 128, 128, 128, 128, 128, 128, 128, 128, 128, 128, 128, 128, 128, 128, 128, 128, 128, 128, 128, 128, 128, 128, 128, 128, 128, 128, 128, 128, 128, 128, 128, 128, 128, 128, 128, 128, 128, 128, 128, 128, 128, 128, 128, 128, 128, 128, 128, 128, 128, 128, 128, 128, 128, 128, 128, 128]",1,64,64,65,4096,64,4160,128,0.015384615384615385,true_mixed,True,False,True,65,0,0,False,0,0,BF16,CUDA_EVENT,generic,generic,none
0.004399999976158142,0.004480000119656324,0.004423999972641468,0.004399999976158142,3.200003411633561e-05,5,0.019600000232458115,0.030079999938607216,0.021936000138521195,0.020160000771284103,0.004079733212846577,5,6.607780933380127,6.811581134796143,6.672316551208496,6.637340068817139,0.07568775376949168,5,0.039000000804662704,0.040119998157024384,0.03976799994707107,0.03996000066399574,0.0003971090381898949,5,0.004399999976158142,0.004639999940991402,0.004487999994307756,0.004480000119656324,8.158431243966557e-05,5,2880,64,8,32,8,16384,TORCH_SDPA,[8192],[0],"[128, 128, 128, 128, 128, 128, 128, 128, 128, 128, 128, 128, 128, 128, 128, 128, 128, 128, 128, 128, 128, 128, 128, 128, 128, 128, 128, 128, 128, 128, 128, 128, 128, 128, 128, 128, 128, 128, 128, 128, 128, 128, 128, 128, 128, 128, 128, 128, 128, 128, 128, 128, 128, 128, 128, 128, 128, 128, 128, 128, 128, 128, 128, 128]",1,64,64,65,8192,64,8256,128,0.015384615384615385,true_mixed,True,False,True,65,0,0,False,0,0,BF16,CUDA_EVENT,generic,generic,none
0.00443999981507659,0.012400000356137753,0.006080000009387731,0.004519999958574772,0.0031605570882928136,5,0.017559999600052834,0.07016000151634216,0.028936000168323518,0.018239999189972878,0.020639343320050692,5,1.6798839569091797,1.8549259901046753,1.7300529718399047,1.705204963684082,0.06361448574525719,5,0.08947999775409698,0.09080000221729279,0.08996840119361878,0.08980000019073486,0.00047550695141899415,5,0.004480000119656324,0.004639999940991402,0.00451200008392334,0.004480000119656324,6.399992853403091e-05,5,2880,64,8,32,8,16384,TORCH_SDPA,[4096],[0],[2048],1,1,1,2,4096,1,4097,2048,0.5,true_mixed,True,False,True,2,0,0,False,0,0,BF16,CUDA_EVENT,generic,generic,none
0.00443999981507659,0.028920000419020653,0.009391999989748,0.004519999958574772,0.009764078051317213,5,0.01899999938905239,0.07419999688863754,0.03052799925208092,0.019200000911951065,0.021850756595979112,5,6.567379951477051,6.710899829864502,6.621387958526611,6.617380142211914,0.05093415830654535,5,0.06019999831914902,0.060759998857975006,0.06043199896812439,0.06027999892830849,0.0002534882151492533,5,0.00443999981507659,0.004639999940991402,0.004519999958574772,0.004519999958574772,6.693281086764991e-05,5,2880,64,8,32,8,16384,TORCH_SDPA,[8192],[0],"[1024, 1024, 1024, 1024]",1,4,4,5,8192,4,8196,1024,0.2,true_mixed,True,False,True,5,0,0,False,0,0,BF16,CUDA_EVENT,generic,generic,none
0.004480000119656324,0.006120000034570694,0.004848000034689904,0.004559999797493219,0.0006376958487914958,5,0.0175199992954731,0.10132099688053131,0.03437619954347611,0.017680000513792038,0.0334724655902889,5,1.6946450471878052,1.8302849531173706,1.7344369888305664,1.7129249572753906,0.04886303448595093,5,0.11832000315189362,0.12504099309444427,0.12129639834165573,0.1207600012421608,0.002374243094973745,5,0.00443999981507659,0.006000000052154064,0.00481599997729063,0.004519999958574772,0.000595771806558349,5,2880,64,8,32,8,16384,TORCH_SDPA,[4096],[0],"[1024, 1024, 1024, 1024, 1024, 1024, 1024, 1024, 1024, 1024, 1024, 1024, 1024, 1024, 1024, 1024, 1024, 1024, 1024, 1024, 1024, 1024, 1024, 1024, 1024, 1024, 1024, 1024, 1024, 1024, 1024, 1024, 1024, 1024, 1024, 1024, 1024, 1024, 1024, 1024, 1024, 1024, 1024, 1024, 1024, 1024, 1024, 1024, 1024, 1024, 1024, 1024, 1024, 1024, 1024, 1024, 1024, 1024, 1024, 1024, 1024, 1024, 1024, 1024, 1024, 1024, 1024, 1024, 1024, 1024, 1024, 1024, 1024, 1024, 1024, 1024, 1024, 1024, 1024, 1024, 1024, 1024, 1024, 1024, 1024, 1024, 1024, 1024, 1024, 1024, 1024, 1024, 1024, 1024, 1024, 1024]",1,96,96,97,4096,96,4192,1024,0.010309278350515464,true_mixed,True,False,True,97,0,0,False,0,0,BF16,CUDA_EVENT,generic,generic,none
0.004279999993741512,0.009600000455975533,0.005792000144720077,0.004480000119656324,0.002052962901080077,5,0.017559999600052834,0.025040000677108765,0.01948000006377697,0.018160000443458557,0.002810494927641838,5,1.6711649894714355,1.7540849447250366,1.6961570024490356,1.6846450567245483,0.030156569472665956,5,0.044520001858472824,0.047880999743938446,0.04534420073032379,0.044679999351501465,0.0012782947067731395,5,0.004240000154823065,0.007360000163316727,0.004888000059872865,0.004279999993741512,0.00123635598464562,5,2880,64,8,32,8,16384,TORCH_SDPA,[4096],[0],"[512, 512]",1,2,2,3,4096,2,4098,512,0.3333333333333333,true_mixed,True,False,True,3,0,0,False,0,0,BF16,CUDA_EVENT,generic,generic,none
0.004399999976158142,0.005840000230818987,0.004727999959141016,0.00443999981507659,0.0005573653665678313,5,0.019039999693632126,0.061560001224279404,0.028456000238657,0.01955999992787838,0.016604743902414745,5,6.555379867553711,6.616139888763428,6.596571731567383,6.6016998291015625,0.02193397851509132,5,0.19268099963665009,0.2006399929523468,0.19696840047836303,0.19687999784946442,0.0027386361724325956,5,0.004360000137239695,0.006440000142902136,0.004856000095605851,0.004480000119656324,0.0007962311468503445,5,2880,64,8,32,8,16384,TORCH_SDPA,[8192],[0],"[4096, 4096, 4096, 4096, 4096, 4096, 4096, 4096, 4096, 4096, 4096, 4096, 4096, 4096, 4096, 4096, 4096, 4096, 4096, 4096, 4096, 4096, 4096, 4096]",1,24,24,25,8192,24,8216,4096,0.04,true_mixed,True,False,True,25,0,0,False,0,0,BF16,CUDA_EVENT,generic,generic,none
0.004399999976158142,0.00803999975323677,0.005631999950855971,0.004480000119656324,0.0015118517947271882,5,0.01931999996304512,0.027240000665187836,0.021136000007390975,0.01971999928355217,0.0030601022557280927,5,6.601900100708008,6.632019996643066,6.617524528503418,6.618861198425293,0.009812283450323457,5,0.04267999902367592,0.04420100152492523,0.04320819973945618,0.04307999834418297,0.0005178550183823972,5,0.004399999976158142,0.004559999797493219,0.004471999872475862,0.00443999981507659,5.8787732539092134e-05,5,2880,64,8,32,8,16384,TORCH_SDPA,[8192],[0],[512],1,1,1,2,8192,1,8193,512,0.5,true_mixed,True,False,True,2,0,0,False,0,0,BF16,CUDA_EVENT,generic,generic,none
0.004401000216603279,0.05455999821424484,0.014472199603915215,0.00443999981507659,0.0200439367266433,5,0.017680000513792038,0.1660809963941574,0.049072199314832685,0.021040000021457672,0.05853583797897689,5,1.709285020828247,2.2853260040283203,1.9411656141281128,1.7282450199127197,0.27363993152260796,5,0.0427200011909008,0.04983999952673912,0.0446322001516819,0.04340000078082085,0.0026283260032480883,5,0.00443999981507659,0.005239999853074551,0.004623999912291765,0.004480000119656324,0.0003094252508270681,5,2880,64,8,32,8,16384,TORCH_SDPA,[4096],[0],[512],1,1,1,2,4096,1,4097,512,0.5,true_mixed,True,False,True,2,0,0,False,0,0,BF16,CUDA_EVENT,generic,generic,none
0.00419999985024333,0.018279999494552612,0.007135999761521817,0.00431999983265996,0.005573227297395882,5,0.017400000244379044,0.04312000051140785,0.022735999897122383,0.01775999926030636,0.010193413081610975,5,1.6667649745941162,1.7919659614562988,1.7013333797454835,1.6810460090637207,0.04580866783252307,5,0.09380000084638596,0.09483999758958817,0.09421619921922683,0.09415999799966812,0.00034547542923873693,5,0.004240000154823065,0.00431999983265996,0.0042720000259578225,0.004279999993741512,2.993313855179537e-05,5,2880,64,8,32,8,16384,TORCH_SDPA,[4096],[0],"[2048, 2048, 2048, 2048]",1,4,4,5,4096,4,4100,2048,0.2,true_mixed,True,False,True,5,0,0,False,0,0,BF16,CUDA_EVENT,generic,generic,none
0.00443999981507659,0.004600000102072954,0.004504000023007393,0.004480000119656324,5.4258695995502165e-05,5,0.01720000058412552,0.028039999306201935,0.019759999960660933,0.017880000174045563,0.004150527335997519,5,1.6869250535964966,1.7714450359344482,1.7089807987213135,1.695924997329712,0.03141418972524776,5,0.25780001282691956,0.259321004152298,0.2588168025016785,0.2589609920978546,0.000534401702677364,5,0.004480000119656324,0.004600000102072954,0.004535999987274409,0.004559999797493219,4.7999930878681056e-05,5,2880,64,8,32,8,16384,TORCH_SDPA,[4096],[0],"[8192, 8192]",1,2,2,3,4096,2,4098,8192,0.3333333333333333,true_mixed,True,False,True,3,0,0,False,0,0,BF16,CUDA_EVENT,generic,generic,none
0.004559999797493219,0.00559999980032444,0.004767999798059463,0.004559999797493219,0.00041600000113248823,5,0.018880000337958336,0.027319999411702156,0.020663999766111375,0.01899999938905239,0.0033292495938010837,5,6.605978965759277,6.6311798095703125,6.61940336227417,6.624019145965576,0.009782163805713952,5,0.14548100531101227,0.15056100487709045,0.14688860177993773,0.14608100056648254,0.0018974197880182425,5,0.004519999958574772,0.004639999940991402,0.00458399998024106,0.004600000102072954,5.425864106902378e-05,5,2880,64,8,32,8,16384,TORCH_SDPA,[8192],[0],[4096],1,1,1,2,8192,1,8193,4096,0.5,true_mixed,True,False,True,2,0,0,False,0,0,BF16,CUDA_EVENT,generic,generic,none
0.004240000154823065,0.00443999981507659,0.004375999979674816,0.004399999976158142,7.418881992829325e-05,5,0.017720000818371773,0.04811999946832657,0.024560000002384185,0.018400000408291817,0.011831672464104714,5,1.6789649724960327,1.7761249542236328,1.7082451820373534,1.6966049671173096,0.03520566803516387,5,0.09076099842786789,0.094200000166893,0.09223239868879318,0.0920799970626831,0.001157850185661599,5,0.00431999983265996,0.00443999981507659,0.004399999883025885,0.00443999981507659,5.0596386064013265e-05,5,2880,64,8,32,8,16384,TORCH_SDPA,[4096],[0],"[2048, 2048]",1,2,2,3,4096,2,4098,2048,0.3333333333333333,true_mixed,True,False,True,3,0,0,False,0,0,BF16,CUDA_EVENT,generic,generic,none
0.004399999976158142,0.020800000056624413,0.007711999956518412,0.00443999981507659,0.0065441467476311235,5,0.019440000876784325,0.07248000055551529,0.03046400025486946,0.020239999517798424,0.021012371360524744,5,6.540740013122559,6.671421051025391,6.5969806671142575,6.604740142822266,0.04621850950322264,5,0.039000000804662704,0.039719998836517334,0.03930399939417839,0.03920000046491623,0.0002512045169050621,5,0.004360000137239695,0.004480000119656324,0.004416000004857779,0.004399999976158142,4.079213795521706e-05,5,2880,64,8,32,8,16384,TORCH_SDPA,[8192],[0],"[128, 128, 128, 128, 128, 128, 128, 128, 128, 128, 128, 128, 128, 128, 128, 128, 128, 128, 128, 128, 128, 128, 128, 128, 128, 128, 128, 128, 128, 128, 128, 128, 128, 128, 128, 128, 128, 128, 128, 128, 128, 128, 128, 128, 128, 128, 128, 128]",1,48,48,49,8192,48,8240,128,0.02040816326530612,true_mixed,True,False,True,49,0,0,False,0,0,BF16,CUDA_EVENT,generic,generic,none
0.004399999976158142,0.005280000157654285,0.0046559999696910385,0.004559999797493219,0.0003205995372098127,5,0.01916000060737133,0.044759999960660934,0.02446400038897991,0.019600000232458115,0.010150092591444327,5,6.567140102386475,6.6372599601745605,6.603907775878906,6.60345983505249,0.028385787825478907,5,0.15848000347614288,0.1637600064277649,0.16101640164852143,0.16064000129699707,0.0017376227907617437,5,0.00443999981507659,0.006519999820739031,0.004903999902307987,0.004519999958574772,0.0008085938025586422,5,2880,64,8,32,8,16384,TORCH_SDPA,[8192],[0],"[4096, 4096, 4096, 4096, 4096, 4096, 4096, 4096]",1,8,8,9,8192,8,8200,4096,0.1111111111111111,true_mixed,True,False,True,9,0,0,False,0,0,BF16,CUDA_EVENT,generic,generic,none
0.004360000137239695,0.005679999943822622,0.004695999994874,0.004519999958574772,0.0004987022708302779,5,0.01923999935388565,0.05395999923348427,0.026399999484419824,0.01971999928355217,0.01378133217346813,5,6.601259231567383,6.6508989334106445,6.62653923034668,6.6234588623046875,0.016909900407335435,5,0.09204000234603882,0.09940099716186523,0.09448840022087097,0.09392099827528,0.0025920619043953365,5,0.004360000137239695,0.004521000199019909,0.004432200081646442,0.00443999981507659,6.427566299237044e-05,5,2880,64,8,32,8,16384,TORCH_SDPA,[8192],[0],"[2048, 2048]",1,2,2,3,8192,2,8194,2048,0.3333333333333333,true_mixed,True,False,True,3,0,0,False,0,0,BF16,CUDA_EVENT,generic,generic,none
0.00443999981507659,0.008440000005066395,0.006008000019937754,0.004519999958574772,0.0018580679418087813,5,0.017839999869465828,0.02988000027835369,0.020767999812960625,0.018319999799132347,0.0046085418804197,5,1.6876449584960938,1.7581650018692017,1.709237003326416,1.6971650123596191,0.02519849624221921,5,0.0464400015771389,0.04740000143647194,0.04684800058603287,0.04667999967932701,0.0003563373409419592,5,0.004480000119656324,0.004559999797493219,0.004519999958574772,0.004519999958574772,3.577694356427611e-05,5,2880,64,8,32,8,16384,TORCH_SDPA,[4096],[0],"[512, 512, 512, 512, 512, 512, 512, 512]",1,8,8,9,4096,8,4104,512,0.1111111111111111,true_mixed,True,False,True,9,0,0,False,0,0,BF16,CUDA_EVENT,generic,generic,none
0.004399999976158142,0.004559999797493219,0.00447199996560812,0.004480000119656324,5.306596546984384e-05,5,0.01892000064253807,0.035679999738931656,0.02239999994635582,0.01907999999821186,0.006641349154922058,5,6.600059986114502,6.641458988189697,6.615795230865478,6.608898162841797,0.016160391860199734,5,0.033240001648664474,0.034359999001026154,0.03364799991250038,0.033560000360012054,0.0003755735794968745,5,0.004519999958574772,0.004639999940991402,0.0045679999515414235,0.004559999797493219,4.664763494375637e-05,5,2880,64,8,32,8,16384,TORCH_SDPA,[8192],[0],"[128, 128, 128, 128]",1,4,4,5,8192,4,8196,128,0.2,true_mixed,True,False,True,5,0,0,False,0,0,BF16,CUDA_EVENT,generic,generic,none
0.004360000137239695,0.005880000069737434,0.004688000027090311,0.004399999976158142,0.0005967378137256863,5,0.017400000244379044,0.05203999951481819,0.024655999988317488,0.017920000478625298,0.013694018311539918,5,1.6796460151672363,1.7850450277328491,1.7084697961807251,1.6878459453582764,0.039066655124792175,5,0.2619200050830841,0.26924100518226624,0.2639682054519653,0.26287999749183655,0.0026699748506388375,5,0.004360000137239695,0.004639999940991402,0.0044639999978244305,0.00443999981507659,9.666433307096489e-05,5,2880,64,8,32,8,16384,TORCH_SDPA,[4096],[0],"[8192, 8192, 8192, 8192]",1,4,4,5,4096,4,4100,8192,0.2,true_mixed,True,False,True,5,0,0,False,0,0,BF16,CUDA_EVENT,generic,generic,none
0.004399999976158142,0.011640000157058239,0.005951999966055155,0.004559999797493219,0.0028455046171854924,5,0.01923999935388565,0.06735999882221222,0.029015999659895896,0.019519999623298645,0.019172406421307315,5,6.599780082702637,6.669060230255127,6.627260017395019,6.617539882659912,0.024068371053561268,5,0.035999998450279236,0.03736000135540962,0.036959999799728395,0.03731999918818474,0.0005312636068614399,5,0.00443999981507659,0.004639999940991402,0.004527999926358462,0.004519999958574772,6.881859566138264e-05,5,2880,64,8,32,8,16384,TORCH_SDPA,[8192],[0],"[128, 128, 128, 128, 128, 128, 128, 128, 128, 128, 128, 128, 128, 128, 128, 128, 128, 128, 128, 128, 128, 128, 128, 128]",1,24,24,25,8192,24,8216,128,0.04,true_mixed,True,False,True,25,0,0,False,0,0,BF16,CUDA_EVENT,generic,generic,none
0.004399999976158142,0.004480000119656324,0.004439999908208847,0.00443999981507659,2.529826665971379e-05,5,0.017880000174045563,0.039239998906850815,0.022383999824523926,0.018360000103712082,0.008430633213657498,5,1.6980849504470825,1.7912449836730957,1.725780987739563,1.7192449569702148,0.033981046682117835,5,0.10468000173568726,0.11044000089168549,0.10637620091438293,0.10556100308895111,0.0020746220282366994,5,0.00443999981507659,0.004800000227987766,0.004616000037640333,0.004600000102072954,0.00011482172235910771,5,2880,64,8,32,8,16384,TORCH_SDPA,[4096],[0],"[2048, 2048, 2048, 2048, 2048, 2048, 2048, 2048, 2048, 2048, 2048, 2048, 2048, 2048, 2048, 2048]",1,16,16,17,4096,16,4112,2048,0.058823529411764705,true_mixed,True,False,True,17,0,0,False,0,0,BF16,CUDA_EVENT,generic,generic,none
0.004399999976158142,0.015159999951720238,0.006591999996453523,0.004480000119656324,0.004284102684629641,5,0.01775999926030636,0.061879999935626984,0.026680000126361847,0.017960000783205032,0.017600163542728395,5,1.6848050355911255,1.850525975227356,1.7278452157974242,1.7087650299072266,0.06223845791173637,5,0.28352099657058716,0.2886810004711151,0.2851770043373108,0.28432101011276245,0.0019187646746162694,5,0.004360000137239695,0.004519999958574772,0.004423999972641468,0.004399999976158142,5.425858614264964e-05,5,2880,64,8,32,8,16384,TORCH_SDPA,[4096],[0],"[8192, 8192, 8192, 8192, 8192, 8192, 8192, 8192]",1,8,8,9,4096,8,4104,8192,0.1111111111111111,true_mixed,True,False,True,9,0,0,False,0,0,BF16,CUDA_EVENT,generic,generic,none
0.004399999976158142,0.04115999862551689,0.01182399969547987,0.004519999958574772,0.014668160358897574,5,0.01940000057220459,0.16967999935150146,0.04968799985945225,0.019759999588131905,0.059996380436080333,5,6.590700149536133,6.900782108306885,6.696772861480713,6.664060115814209,0.1063020021725376,5,0.11884099990129471,0.12176000326871872,0.12024840116500854,0.12024000287055969,0.0009255288865585441,5,0.00431999983265996,0.004559999797493219,0.004456199984997511,0.004480000119656324,8.631203590645714e-05,5,2880,64,8,32,8,16384,TORCH_SDPA,[8192],[0],"[1024, 1024, 1024, 1024, 1024, 1024, 1024, 1024, 1024, 1024, 1024, 1024, 1024, 1024, 1024, 1024, 1024, 1024, 1024, 1024, 1024, 1024, 1024, 1024, 1024, 1024, 1024, 1024, 1024, 1024, 1024, 1024, 1024, 1024, 1024, 1024, 1024, 1024, 1024, 1024, 1024, 1024, 1024, 1024, 1024, 1024, 1024, 1024, 1024, 1024, 1024, 1024, 1024, 1024, 1024, 1024, 1024, 1024, 1024, 1024, 1024, 1024, 1024, 1024, 1024, 1024, 1024, 1024, 1024, 1024, 1024, 1024, 1024, 1024, 1024, 1024, 1024, 1024, 1024, 1024, 1024, 1024, 1024, 1024, 1024, 1024, 1024, 1024, 1024, 1024, 1024, 1024, 1024, 1024, 1024, 1024]",1,96,96,97,8192,96,8288,1024,0.010309278350515464,true_mixed,True,False,True,97,0,0,False,0,0,BF16,CUDA_EVENT,generic,generic,none
0.00443999981507659,0.03328000009059906,0.010232000052928925,0.004480000119656324,0.01152401043203995,5,0.01860000006854534,0.09252099692821503,0.03368819914758205,0.019039999693632126,0.0294171440419,5,6.599699974060059,6.832540035247803,6.662947940826416,6.6310601234436035,0.08590449752895941,5,0.26252099871635437,0.2663609981536865,0.2645770013332367,0.26472100615501404,0.0014365755745940055,5,0.004360000137239695,0.004480000119656324,0.004416000004857779,0.004399999976158142,4.079213795521706e-05,5,2880,64,8,32,8,16384,TORCH_SDPA,[8192],[0],"[8192, 8192, 8192, 8192]",1,4,4,5,8192,4,8196,8192,0.2,true_mixed,True,False,True,5,0,0,False,0,0,BF16,CUDA_EVENT,generic,generic,none
0.00443999981507659,0.033959999680519104,0.010351999849081039,0.00443999981507659,0.011804010081914954,5,0.01916000060737133,0.043719999492168427,0.025375999882817267,0.01971999928355217,0.009382727680079762,5,6.566460132598877,6.597859859466553,6.57766752243042,6.571178913116455,0.012111302383917165,5,0.09644000232219696,0.0995199978351593,0.09780019968748092,0.09799999743700027,0.001088821990108839,5,0.004399999976158142,0.004480000119656324,0.004440000001341105,0.00443999981507659,3.5777151814455904e-05,5,2880,64,8,32,8,16384,TORCH_SDPA,[8192],[0],"[1024, 1024, 1024, 1024, 1024, 1024, 1024, 1024, 1024, 1024, 1024, 1024, 1024, 1024, 1024, 1024, 1024, 1024, 1024, 1024, 1024, 1024, 1024, 1024, 1024, 1024, 1024, 1024, 1024, 1024, 1024, 1024, 1024, 1024, 1024, 1024, 1024, 1024, 1024, 1024, 1024, 1024, 1024, 1024, 1024, 1024, 1024, 1024, 1024, 1024, 1024, 1024, 1024, 1024, 1024, 1024, 1024, 1024, 1024, 1024, 1024, 1024, 1024, 1024]",1,64,64,65,8192,64,8256,1024,0.015384615384615385,true_mixed,True,False,True,65,0,0,False,0,0,BF16,CUDA_EVENT,generic,generic,none
0.00431999983265996,0.004480000119656324,0.004399999976158142,0.004399999976158142,5.05965333189133e-05,5,0.018160000443458557,0.039080001413822174,0.02258400022983551,0.018360000103712082,0.008252984526063458,5,1.6949249505996704,1.7888449430465698,1.7312691688537598,1.7238049507141113,0.036064911512839845,5,0.04811999946832657,0.04919999837875366,0.048592199385166165,0.04851999878883362,0.00040094260874295453,5,0.004399999976158142,0.004480000119656324,0.004447999969124794,0.00443999981507659,2.9933337677144675e-05,5,2880,64,8,32,8,16384,TORCH_SDPA,[4096],[0],"[512, 512, 512, 512, 512, 512, 512, 512, 512, 512, 512, 512, 512, 512, 512, 512]",1,16,16,17,4096,16,4112,512,0.058823529411764705,true_mixed,True,False,True,17,0,0,False,0,0,BF16,CUDA_EVENT,generic,generic,none
0.00443999981507659,0.0049600000493228436,0.004599999915808439,0.004559999797493219,0.00019099747122098727,5,0.019039999693632126,0.028680000454187393,0.022072000056505205,0.019600000232458115,0.0037217975956275865,5,6.57882022857666,9.690508842468262,7.218405818939209,6.598820209503174,1.236229229712823,5,0.06176000088453293,0.06436000019311905,0.06276820078492165,0.062401000410318375,0.0009462920228197341,5,0.004480000119656324,0.004679999779909849,0.0045599998906254765,0.004559999797493219,6.693269955329282e-05,5,2880,64,8,32,8,16384,TORCH_SDPA,[8192],[0],"[1024, 1024, 1024, 1024, 1024, 1024, 1024, 1024]",1,8,8,9,8192,8,8200,1024,0.1111111111111111,true_mixed,True,False,True,9,0,0,False,0,0,BF16,CUDA_EVENT,generic,generic,none
0.004399999976158142,0.005840000230818987,0.004751999955624342,0.004519999958574772,0.0005469334020560497,5,0.013079999946057796,0.050321001559495926,0.020696200244128705,0.013279999606311321,0.014813208066849293,5,0.28352099657058716,0.42900100350379944,0.3133369982242584,0.2840009927749634,0.057840880191255065,5,0.14076000452041626,0.14499999582767487,0.1419844001531601,0.14124099910259247,0.0015920516733606517,5,0.004399999976158142,0.005119999870657921,0.004623999912291765,0.004519999958574772,0.0002611972270732656,5,2880,64,8,32,8,16384,TORCH_SDPA,"[1024, 1024]","[0, 0]",[4096],2,1,1,3,2048,1,2049,4096,0.6666666666666666,true_mixed,True,False,True,3,0,0,False,0,0,BF16,CUDA_EVENT,generic,generic,none
0.004399999976158142,0.004480000119656324,0.004456000030040741,0.004480000119656324,3.2000080682464336e-05,5,0.018039999529719353,0.02687999978661537,0.019895999878644943,0.018120000138878822,0.003494507656191382,5,1.6810450553894043,1.7535250186920166,1.7043810129165649,1.6947250366210938,0.025274344630514003,5,0.3488810062408447,0.3513610064983368,0.34986500144004823,0.3500809967517853,0.0009259275466103285,5,0.00443999981507659,0.004559999797493219,0.004511999897658825,0.004519999958574772,4.6647571055609506e-05,5,2880,64,8,32,8,16384,TORCH_SDPA,[4096],[0],"[8192, 8192, 8192, 8192, 8192, 8192, 8192, 8192, 8192, 8192, 8192, 8192, 8192, 8192, 8192, 8192, 8192, 8192, 8192, 8192, 8192, 8192, 8192, 8192]",1,24,24,25,4096,24,4120,8192,0.04,true_mixed,True,False,True,25,0,0,False,0,0,BF16,CUDA_EVENT,generic,generic,none
0.004399999976158142,0.007079999893903732,0.005023999977856875,0.004519999958574772,0.001029982484360021,5,0.01916000060737133,0.061000000685453415,0.02773600034415722,0.01947999931871891,0.01663262545783655,5,6.5801801681518555,6.599140167236328,6.592875671386719,6.597659111022949,0.007307124688916466,5,0.07304000109434128,0.07507999986410141,0.07391240000724793,0.0737610012292862,0.000799484038228099,5,0.00443999981507659,0.004600000102072954,0.004511999990791082,0.004480000119656324,5.878777056032047e-05,5,2880,64,8,32,8,16384,TORCH_SDPA,[8192],[0],"[1024, 1024, 1024, 1024, 1024, 1024, 1024, 1024, 1024, 1024, 1024, 1024, 1024, 1024, 1024, 1024, 1024, 1024, 1024, 1024, 1024, 1024, 1024, 1024, 1024, 1024, 1024, 1024, 1024, 1024, 1024, 1024]",1,32,32,33,8192,32,8224,1024,0.030303030303030304,true_mixed,True,False,True,33,0,0,False,0,0,BF16,CUDA_EVENT,generic,generic,none
0.004360000137239695,0.008440000005066395,0.005232000071555376,0.004480000119656324,0.0016046731425998636,5,0.017559999600052834,0.05212000012397766,0.025679999589920045,0.018479999154806137,0.013297025517397178,5,1.6906050443649292,1.8158049583435059,1.7202689886093139,1.698045015335083,0.04786404154210609,5,0.11376000195741653,0.11568000167608261,0.11494440138339997,0.11512099951505661,0.0006363622137216939,5,0.004399999976158142,0.004559999797493219,0.004464199859648943,0.00443999981507659,5.4319018059596746e-05,5,2880,64,8,32,8,16384,TORCH_SDPA,[4096],[0],"[2048, 2048, 2048, 2048, 2048, 2048, 2048, 2048, 2048, 2048, 2048, 2048, 2048, 2048, 2048, 2048, 2048, 2048, 2048, 2048, 2048, 2048, 2048, 2048]",1,24,24,25,4096,24,4120,2048,0.04,true_mixed,True,False,True,25,0,0,False,0,0,BF16,CUDA_EVENT,generic,generic,none
0.004360000137239695,0.005840000230818987,0.004728000052273274,0.004480000119656324,0.0005585123949801584,5,0.017480000853538513,0.054999999701976776,0.025464000180363655,0.017999999225139618,0.014779457937803636,5,1.6658450365066528,1.7876050472259521,1.7009172201156617,1.6840850114822388,0.04390380875992399,5,0.050680000334978104,0.055720001459121704,0.051768000423908236,0.05084000155329704,0.0019781855242987875,5,0.004360000137239695,0.004480000119656324,0.004432000033557415,0.00443999981507659,4.664761897177434e-05,5,2880,64,8,32,8,16384,TORCH_SDPA,[4096],[0],"[512, 512, 512, 512, 512, 512, 512, 512, 512, 512, 512, 512, 512, 512, 512, 512, 512, 512, 512, 512, 512, 512, 512, 512]",1,24,24,25,4096,24,4120,512,0.04,true_mixed,True,False,True,25,0,0,False,0,0,BF16,CUDA_EVENT,generic,generic,none
0.00443999981507659,0.031279999762773514,0.009823999926447868,0.004480000119656324,0.010728014832622802,5,0.019039999693632126,0.07996000349521637,0.03186400048434734,0.019759999588131905,0.02406061297193414,5,6.603740215301514,6.811379909515381,6.65408411026001,6.616980075836182,0.07891939673828666,5,0.04788000136613846,0.04927999898791313,0.0486004002392292,0.048601001501083374,0.0005592420595876254,5,0.00443999981507659,0.004480000119656324,0.0044639999978244305,0.004480000119656324,1.9596067155252676e-05,5,2880,64,8,32,8,16384,TORCH_SDPA,[8192],[0],"[512, 512, 512, 512, 512, 512, 512, 512, 512, 512, 512, 512, 512, 512, 512, 512]",1,16,16,17,8192,16,8208,512,0.058823529411764705,true_mixed,True,False,True,17,0,0,False,0,0,BF16,CUDA_EVENT,generic,generic,none
0.00443999981507659,0.005400999914854765,0.004680199921131134,0.004519999958574772,0.00036261295623206397,5,0.013079999946057796,0.06428000330924988,0.024792000651359558,0.013679999858140945,0.019880048034474202,5,0.308881014585495,0.4415610134601593,0.3498330056667328,0.31804099678993225,0.05003610648406434,5,0.03003999963402748,0.030361000448465347,0.0302241999655962,0.030239999294281006,0.00010638886145145203,5,0.004399999976158142,0.005200000014156103,0.004607999976724386,0.004480000119656324,0.00029869049716125027,5,2880,64,8,32,8,16384,TORCH_SDPA,"[1024, 1024]","[0, 0]","[128, 128, 128, 128]",2,4,4,6,2048,4,2052,128,0.3333333333333333,true_mixed,True,False,True,6,0,0,False,0,0,BF16,CUDA_EVENT,generic,generic,none
0.004399999976158142,0.014720000326633453,0.006527999974787235,0.004519999958574772,0.00409639078186406,5,0.01947999931871891,0.09080000221729279,0.034335999935865405,0.019999999552965164,0.02824254606774533,5,6.568739891052246,6.673181056976318,6.598900222778321,6.580100059509277,0.038050167036723224,5,0.5714020133018494,0.5820419788360596,0.5767297983169556,0.57676100730896,0.0036219980880226673,5,0.004360000137239695,0.006479999981820583,0.004848000034689904,0.004480000119656324,0.0008179584056890267,5,2880,64,8,32,8,16384,TORCH_SDPA,[8192],[0],"[4096, 4096, 4096, 4096, 4096, 4096, 4096, 4096, 4096, 4096, 4096, 4096, 4096, 4096, 4096, 4096, 4096, 4096, 4096, 4096, 4096, 4096, 4096, 4096, 4096, 4096, 4096, 4096, 4096, 4096, 4096, 4096, 4096, 4096, 4096, 4096, 4096, 4096, 4096, 4096, 4096, 4096, 4096, 4096, 4096, 4096, 4096, 4096, 4096, 4096, 4096, 4096, 4096, 4096, 4096, 4096, 4096, 4096, 4096, 4096, 4096, 4096, 4096, 4096, 4096, 4096, 4096, 4096, 4096, 4096, 4096, 4096, 4096, 4096, 4096, 4096, 4096, 4096, 4096, 4096, 4096, 4096, 4096, 4096, 4096, 4096, 4096, 4096, 4096, 4096, 4096, 4096, 4096, 4096, 4096, 4096]",1,96,96,97,8192,96,8288,4096,0.010309278350515464,true_mixed,True,False,True,97,0,0,False,0,0,BF16,CUDA_EVENT,generic,generic,none
0.004480000119656324,0.005280000157654285,0.0046640000306069854,0.004519999958574772,0.0003094253254712654,5,0.019279999658465385,0.03488000109791756,0.022784000262618065,0.01971999928355217,0.0060578865296047665,5,6.581180095672607,6.627219200134277,6.6146598815917965,6.620940208435059,0.017039602018841138,5,0.1791200041770935,0.18296100199222565,0.18077660202980042,0.18095999956130981,0.0013092942312930692,5,0.004519999958574772,0.004639999940991402,0.0045679999515414235,0.004559999797493219,4.664763494375637e-05,5,2880,64,8,32,8,16384,TORCH_SDPA,[8192],[0],"[4096, 4096, 4096, 4096, 4096, 4096, 4096, 4096, 4096, 4096, 4096, 4096, 4096, 4096, 4096, 4096]",1,16,16,17,8192,16,8208,4096,0.058823529411764705,true_mixed,True,False,True,17,0,0,False,0,0,BF16,CUDA_EVENT,generic,generic,none
0.00443999981507659,0.01372000016272068,0.006312000006437302,0.004480000119656324,0.00370404327509101,5,0.01796099916100502,0.0865200012922287,0.031960200145840646,0.018360000103712082,0.027281985847119487,5,1.7205649614334106,1.869886040687561,1.755045199394226,1.7260849475860596,0.05755455355698796,5,0.056439999490976334,0.05772000178694725,0.05724000036716461,0.0573199987411499,0.00046095619450438465,5,0.00443999981507659,0.004600000102072954,0.004552000015974045,0.004600000102072954,6.400011479854584e-05,5,2880,64,8,32,8,16384,TORCH_SDPA,[4096],[0],"[512, 512, 512, 512, 512, 512, 512, 512, 512, 512, 512, 512, 512, 512, 512, 512, 512, 512, 512, 512, 512, 512, 512, 512, 512, 512, 512, 512, 512, 512, 512, 512, 512, 512, 512, 512, 512, 512, 512, 512, 512, 512, 512, 512, 512, 512, 512, 512]",1,48,48,49,4096,48,4144,512,0.02040816326530612,true_mixed,True,False,True,49,0,0,False,0,0,BF16,CUDA_EVENT,generic,generic,none
0.00443999981507659,0.01095999963581562,0.006623999867588282,0.00443999981507659,0.0027575757615555295,5,0.013240000233054161,0.07091999799013138,0.02555199954658747,0.01363999955356121,0.022711580756697276,5,0.2937209904193878,0.4460020065307617,0.346561199426651,0.3304409980773926,0.05279703428688735,5,0.05575999990105629,0.06143999844789505,0.05711199939250946,0.05607999861240387,0.0021768816726071122,5,0.00443999981507659,0.004559999797493219,0.004479999933391809,0.004480000119656324,4.381779818013822e-05,5,2880,64,8,32,8,16384,TORCH_SDPA,"[1024, 1024]","[0, 0]","[1024, 1024, 1024, 1024, 1024, 1024, 1024, 1024]",2,8,8,10,2048,8,2056,1024,0.2,true_mixed,True,False,True,10,0,0,False,0,0,BF16,CUDA_EVENT,generic,generic,none
0.004480000119656324,0.004679999779909849,0.0045599998906254765,0.004559999797493219,6.693269955329282e-05,5,0.01971999928355217,0.03164000064134598,0.022223999723792076,0.01995999924838543,0.004709521031294799,5,6.565219879150391,6.63149881362915,6.597587776184082,6.590020179748535,0.02356320846394831,5,0.359840989112854,0.36204200983047485,0.3608012020587921,0.36104100942611694,0.0008047032362831633,5,0.004480000119656324,0.004559999797493219,0.004504000023007393,0.004480000119656324,3.1999871134757994e-05,5,2880,64,8,32,8,16384,TORCH_SDPA,[8192],[0],"[4096, 4096, 4096, 4096, 4096, 4096, 4096, 4096, 4096, 4096, 4096, 4096, 4096, 4096, 4096, 4096, 4096, 4096, 4096, 4096, 4096, 4096, 4096, 4096, 4096, 4096, 4096, 4096, 4096, 4096, 4096, 4096, 4096, 4096, 4096, 4096, 4096, 4096, 4096, 4096, 4096, 4096, 4096, 4096, 4096, 4096, 4096, 4096]",1,48,48,49,8192,48,8240,4096,0.02040816326530612,true_mixed,True,False,True,49,0,0,False,0,0,BF16,CUDA_EVENT,generic,generic,none
0.00431999983265996,0.004519999958574772,0.004423999879509211,0.00443999981507659,6.499233210529004e-05,5,0.01756099984049797,0.04047999903559685,0.022560199722647667,0.018360000103712082,0.008964993816279023,5,1.6938849687576294,1.7689650058746338,1.7172209978103639,1.7121649980545044,0.026941271391090208,5,0.12324000149965286,0.12943999469280243,0.12716040164232253,0.12832100689411163,0.00218510869532828,5,0.004360000137239695,0.004559999797493219,0.0044559999369084835,0.00443999981507659,7.418886009914523e-05,5,2880,64,8,32,8,16384,TORCH_SDPA,[4096],[0],"[2048, 2048, 2048, 2048, 2048, 2048, 2048, 2048, 2048, 2048, 2048, 2048, 2048, 2048, 2048, 2048, 2048, 2048, 2048, 2048, 2048, 2048, 2048, 2048, 2048, 2048, 2048, 2048, 2048, 2048, 2048, 2048]",1,32,32,33,4096,32,4128,2048,0.030303030303030304,true_mixed,True,False,True,33,0,0,False,0,0,BF16,CUDA_EVENT,generic,generic,none
0.004279999993741512,0.00443999981507659,0.004399999883025885,0.00443999981507659,6.196766434270914e-05,5,0.017559999600052834,0.026639999821782112,0.019703999906778336,0.018120000138878822,0.003475040120441579,5,1.6854859590530396,1.7660839557647705,1.7103731870651244,1.701004981994629,0.028511986663996847,5,0.3802010118961334,0.3852809965610504,0.38262500166893004,0.3830009996891022,0.0020618572273823172,5,0.004399999976158142,0.00443999981507659,0.0044319998472929,0.00443999981507659,1.5999935567378997e-05,5,2880,64,8,32,8,16384,TORCH_SDPA,[4096],[0],"[8192, 8192, 8192, 8192, 8192, 8192, 8192, 8192, 8192, 8192, 8192, 8192, 8192, 8192, 8192, 8192, 8192, 8192, 8192, 8192, 8192, 8192, 8192, 8192, 8192, 8192, 8192, 8192, 8192, 8192, 8192, 8192]",1,32,32,33,4096,32,4128,8192,0.030303030303030304,true_mixed,True,False,True,33,0,0,False,0,0,BF16,CUDA_EVENT,generic,generic,none
0.004360000137239695,0.01336000021547079,0.0061760000884532925,0.004399999976158142,0.0035920446063028725,5,0.013199999928474426,0.0568000003695488,0.02208799999207258,0.01348000019788742,0.01735635740997737,5,0.28752100467681885,0.44112199544906616,0.34232919812202456,0.31904101371765137,0.05642260958102633,5,0.02980099990963936,0.030640000477433205,0.03013620004057884,0.03003999963402748,0.00027757864058323593,5,0.004360000137239695,0.004519999958574772,0.004423999972641468,0.004399999976158142,5.425858614264964e-05,5,2880,64,8,32,8,16384,TORCH_SDPA,"[1024, 1024]","[0, 0]","[128, 128]",2,2,2,4,2048,2,2050,128,0.5,true_mixed,True,False,True,4,0,0,False,0,0,BF16,CUDA_EVENT,generic,generic,none
0.00443999981507659,0.004600000102072954,0.0045439998619258406,0.004559999797493219,5.4258695995502165e-05,5,0.017999999225139618,0.035920001566410065,0.021752000227570532,0.018360000103712082,0.007085688787640723,5,1.6966049671173096,1.8333649635314941,1.7395009756088258,1.7240049839019775,0.04803312084405132,5,0.21748000383377075,0.22336100041866302,0.22018460035324097,0.219200998544693,0.0022616539514907887,5,0.00443999981507659,0.004600000102072954,0.004535999987274409,0.004559999797493219,6.499236649676148e-05,5,2880,64,8,32,8,16384,TORCH_SDPA,[4096],[0],"[2048, 2048, 2048, 2048, 2048, 2048, 2048, 2048, 2048, 2048, 2048, 2048, 2048, 2048, 2048, 2048, 2048, 2048, 2048, 2048, 2048, 2048, 2048, 2048, 2048, 2048, 2048, 2048, 2048, 2048, 2048, 2048, 2048, 2048, 2048, 2048, 2048, 2048, 2048, 2048, 2048, 2048, 2048, 2048, 2048, 2048, 2048, 2048, 2048, 2048, 2048, 2048, 2048, 2048, 2048, 2048, 2048, 2048, 2048, 2048, 2048, 2048, 2048, 2048]",1,64,64,65,4096,64,4160,2048,0.015384615384615385,true_mixed,True,False,True,65,0,0,False,0,0,BF16,CUDA_EVENT,generic,generic,none
0.004399999976158142,0.014360000379383564,0.006440000049769879,0.004480000119656324,0.00396020218010203,5,0.019039999693632126,0.05492100119590759,0.026440200209617615,0.019360000267624855,0.0142415240151909,5,6.564819812774658,6.637939929962158,6.599828052520752,6.605500221252441,0.02527916746764355,5,0.1138399988412857,0.11948099732398987,0.1158163994550705,0.11512000113725662,0.0019197875709517772,5,0.004360000137239695,0.004559999797493219,0.004463999904692173,0.00443999981507659,8.236492654001638e-05,5,2880,64,8,32,8,16384,TORCH_SDPA,[8192],[0],"[2048, 2048, 2048, 2048, 2048, 2048, 2048, 2048, 2048, 2048, 2048, 2048, 2048, 2048, 2048, 2048, 2048, 2048, 2048, 2048, 2048, 2048, 2048, 2048]",1,24,24,25,8192,24,8216,2048,0.04,true_mixed,True,False,True,25,0,0,False,0,0,BF16,CUDA_EVENT,generic,generic,none
0.004480000119656324,0.004600000102072954,0.004543999955058098,0.004559999797493219,4.079211969054e-05,5,0.018719999119639397,0.050599999725818634,0.025640200078487396,0.019840000197291374,0.012491162800693087,5,6.587738037109375,6.681179046630859,6.613050270080566,6.595218181610107,0.035174167307351005,5,0.0376800000667572,0.038359999656677246,0.03791199922561646,0.03771999850869179,0.0002670133333206092,5,0.004480000119656324,0.007319999858736992,0.005135999899357558,0.004639999940991402,0.0010941590120746361,5,2880,64,8,32,8,16384,TORCH_SDPA,[8192],[0],"[128, 128, 128, 128, 128, 128, 128, 128, 128, 128, 128, 128, 128, 128, 128, 128, 128, 128, 128, 128, 128, 128, 128, 128, 128, 128, 128, 128, 128, 128, 128, 128]",1,32,32,33,8192,32,8224,128,0.030303030303030304,true_mixed,True,False,True,33,0,0,False,0,0,BF16,CUDA_EVENT,generic,generic,none
0.004399999976158142,0.007160000037401915,0.004999999981373548,0.004480000119656324,0.00108074051581556,5,0.013319999910891056,0.021040000021457672,0.015823999978601934,0.01360000018030405,0.003066891670866017,5,0.28088098764419556,0.3595210015773773,0.29795299768447875,0.2831209897994995,0.03080895054714657,5,0.0551999993622303,0.599481999874115,0.1644245997071266,0.055799998342990875,0.2175289360244047,5,0.004399999976158142,0.004559999797493219,0.004487999994307756,0.004480000119656324,5.306593738933738e-05,5,2880,64,8,32,8,16384,TORCH_SDPA,"[1024, 1024]","[0, 0]","[1024, 1024, 1024, 1024]",2,4,4,6,2048,4,2052,1024,0.3333333333333333,true_mixed,True,False,True,6,0,0,False,0,0,BF16,CUDA_EVENT,generic,generic,none
0.00443999981507659,0.007600000128149986,0.005104000028222799,0.004480000119656324,0.0012482564347941955,5,0.013400999829173088,0.04447999969124794,0.02040819972753525,0.014159999787807465,0.012079523676146864,5,0.2832010090351105,0.40804100036621094,0.30838480591773987,0.28332000970840454,0.04982924335149523,5,0.16948099434375763,0.17632000148296356,0.17202459871768952,0.1701209992170334,0.002698161190938338,5,0.004399999976158142,0.006000000052154064,0.004767999984323978,0.004480000119656324,0.0006172973706391274,5,2880,64,8,32,8,16384,TORCH_SDPA,"[1024, 1024]","[0, 0]","[4096, 4096, 4096, 4096, 4096, 4096, 4096, 4096, 4096, 4096, 4096, 4096, 4096, 4096, 4096, 4096]",2,16,16,18,2048,16,2064,4096,0.1111111111111111,true_mixed,True,False,True,18,0,0,False,0,0,BF16,CUDA_EVENT,generic,generic,none
0.004360000137239695,0.014240000396966934,0.00637600002810359,0.00443999981507659,0.003932112084272666,5,0.017799999564886093,0.04027999937534332,0.022415999695658682,0.017999999225139618,0.008932658123656333,5,1.6946849822998047,1.8438459634780884,1.7333492040634155,1.7098850011825562,0.05577464685368333,5,0.06244000047445297,0.06824100017547607,0.06408040076494217,0.06319999694824219,0.0021233631642616937,5,0.004360000137239695,0.004600000102072954,0.004472000058740377,0.004480000119656324,8.541662222298434e-05,5,2880,64,8,32,8,16384,TORCH_SDPA,[4096],[0],"[512, 512, 512, 512, 512, 512, 512, 512, 512, 512, 512, 512, 512, 512, 512, 512, 512, 512, 512, 512, 512, 512, 512, 512, 512, 512, 512, 512, 512, 512, 512, 512, 512, 512, 512, 512, 512, 512, 512, 512, 512, 512, 512, 512, 512, 512, 512, 512, 512, 512, 512, 512, 512, 512, 512, 512, 512, 512, 512, 512, 512, 512, 512, 512]",1,64,64,65,4096,64,4160,512,0.015384615384615385,true_mixed,True,False,True,65,0,0,False,0,0,BF16,CUDA_EVENT,generic,generic,none
0.004519999958574772,0.007319999858736992,0.005103999935090542,0.004559999797493219,0.0011083970036164456,5,0.017960000783205032,0.026440000161528587,0.019888000190258028,0.018400000408291817,0.0032811119678861993,5,1.6837650537490845,1.7328840494155884,1.6996448040008545,1.6940449476242065,0.01759450949151291,5,1.123244047164917,1.1422829627990723,1.1285475969314576,1.124243974685669,0.007236529030196161,5,0.004480000119656324,0.004600000102072954,0.004552000015974045,0.004559999797493219,4.664761897177434e-05,5,2880,64,8,32,8,16384,TORCH_SDPA,[4096],[0],"[8192, 8192, 8192, 8192, 8192, 8192, 8192, 8192, 8192, 8192, 8192, 8192, 8192, 8192, 8192, 8192, 8192, 8192, 8192, 8192, 8192, 8192, 8192, 8192, 8192, 8192, 8192, 8192, 8192, 8192, 8192, 8192, 8192, 8192, 8192, 8192, 8192, 8192, 8192, 8192, 8192, 8192, 8192, 8192, 8192, 8192, 8192, 8192, 8192, 8192, 8192, 8192, 8192, 8192, 8192, 8192, 8192, 8192, 8192, 8192, 8192, 8192, 8192, 8192, 8192, 8192, 8192, 8192, 8192, 8192, 8192, 8192, 8192, 8192, 8192, 8192, 8192, 8192, 8192, 8192, 8192, 8192, 8192, 8192, 8192, 8192, 8192, 8192, 8192, 8192, 8192, 8192, 8192, 8192, 8192, 8192]",1,96,96,97,4096,96,4192,8192,0.010309278350515464,true_mixed,True,False,True,97,0,0,False,0,0,BF16,CUDA_EVENT,generic,generic,none
0.004399999976158142,0.007639999967068434,0.005119999963790178,0.004519999958574772,0.0012618716308252168,5,0.013319999910891056,0.02232000045478344,0.015192000009119511,0.013439999893307686,0.0035651111604023357,5,0.28164100646972656,5.14161491394043,1.2702035784721375,0.2858409881591797,1.9359300332474068,5,0.1520400047302246,0.1536010056734085,0.1528964012861252,0.15296000242233276,0.0004977262631235568,5,0.004399999976158142,0.004480000119656324,0.004440000001341105,0.00443999981507659,3.5777151814455904e-05,5,2880,64,8,32,8,16384,TORCH_SDPA,"[1024, 1024]","[0, 0]","[4096, 4096, 4096, 4096, 4096, 4096, 4096, 4096]",2,8,8,10,2048,8,2056,4096,0.2,true_mixed,True,False,True,10,0,0,False,0,0,BF16,CUDA_EVENT,generic,generic,none
0.00431999983265996,0.004559999797493219,0.0044559999369084835,0.004480000119656324,8.616264446557886e-05,5,0.013240000233054161,0.02848000079393387,0.016568000242114068,0.013439999893307686,0.005969597925060507,5,0.2878809869289398,0.36788100004196167,0.3107289969921112,0.301160991191864,0.02929798918885185,5,0.03152000159025192,0.03203999996185303,0.031736000627279284,0.03164000064134598,0.00020645555963007535,5,0.004399999976158142,0.004480000119656324,0.004440000001341105,0.00443999981507659,3.5777151814455904e-05,5,2880,64,8,32,8,16384,TORCH_SDPA,"[1024, 1024]","[0, 0]","[128, 128, 128, 128, 128, 128, 128, 128, 128, 128, 128, 128, 128, 128, 128, 128, 128, 128, 128, 128, 128, 128, 128, 128]",2,24,24,26,2048,24,2072,128,0.07692307692307693,true_mixed,True,False,True,26,0,0,False,0,0,BF16,CUDA_EVENT,generic,generic,none
0.004399999976158142,0.0081599997356534,0.005896000005304813,0.004480000119656324,0.001784125593839075,5,0.017559999600052834,0.02531999908387661,0.019280000030994414,0.017720000818371773,0.003028609795282379,5,1.6590850353240967,1.7706049680709839,1.6973652124404908,1.6775649785995483,0.03926160082973587,5,0.6646019816398621,0.6828020215034485,0.6707219958305359,0.6686019897460938,0.006530677370996186,5,0.004399999976158142,0.004519999958574772,0.00447199996560812,0.004519999958574772,5.878774521273928e-05,5,2880,64,8,32,8,16384,TORCH_SDPA,[4096],[0],"[8192, 8192, 8192, 8192, 8192, 8192, 8192, 8192, 8192, 8192, 8192, 8192, 8192, 8192, 8192, 8192, 8192, 8192, 8192, 8192, 8192, 8192, 8192, 8192, 8192, 8192, 8192, 8192, 8192, 8192, 8192, 8192, 8192, 8192, 8192, 8192, 8192, 8192, 8192, 8192, 8192, 8192, 8192, 8192, 8192, 8192, 8192, 8192]",1,48,48,49,4096,48,4144,8192,0.02040816326530612,true_mixed,True,False,True,49,0,0,False,0,0,BF16,CUDA_EVENT,generic,generic,none
0.004399999976158142,0.017920000478625298,0.007152000162750483,0.004480000119656324,0.005384089310562557,5,0.019279999658465385,0.05719999969005585,0.027039999887347222,0.01955999992787838,0.015081071481340731,5,6.608019828796387,6.666141033172607,6.630132579803467,6.625741004943848,0.019237213749794133,5,0.38920098543167114,0.39528098702430725,0.39302499294281007,0.3932409882545471,0.002233220916403768,5,0.004399999976158142,0.004480000119656324,0.004448000062257052,0.004480000119656324,3.9191906183995976e-05,5,2880,64,8,32,8,16384,TORCH_SDPA,[8192],[0],"[8192, 8192, 8192, 8192, 8192, 8192, 8192, 8192, 8192, 8192, 8192, 8192, 8192, 8192, 8192, 8192, 8192, 8192, 8192, 8192, 8192, 8192, 8192, 8192, 8192, 8192, 8192, 8192, 8192, 8192, 8192, 8192]",1,32,32,33,8192,32,8224,8192,0.030303030303030304,true_mixed,True,False,True,33,0,0,False,0,0,BF16,CUDA_EVENT,generic,generic,none
0.004480000119656324,0.00547999981790781,0.00470399996265769,0.004519999958574772,0.0003891322869532646,5,0.019360000267624855,0.02807999961078167,0.02146399989724159,0.019999999552965164,0.0033181776679907164,5,6.559781074523926,6.643341064453125,6.60578088760376,6.610060214996338,0.026946585561300678,5,0.043880000710487366,0.045159999281167984,0.04439200088381767,0.04424000158905983,0.00043480517622496254,5,0.004480000119656324,0.004559999797493219,0.004519999958574772,0.004519999958574772,3.577694356427611e-05,5,2880,64,8,32,8,16384,TORCH_SDPA,[8192],[0],"[128, 128, 128, 128, 128, 128, 128, 128, 128, 128, 128, 128, 128, 128, 128, 128, 128, 128, 128, 128, 128, 128, 128, 128, 128, 128, 128, 128, 128, 128, 128, 128, 128, 128, 128, 128, 128, 128, 128, 128, 128, 128, 128, 128, 128, 128, 128, 128, 128, 128, 128, 128, 128, 128, 128, 128, 128, 128, 128, 128, 128, 128, 128, 128, 128, 128, 128, 128, 128, 128, 128, 128, 128, 128, 128, 128, 128, 128, 128, 128, 128, 128, 128, 128, 128, 128, 128, 128, 128, 128, 128, 128, 128, 128, 128, 128]",1,96,96,97,8192,96,8288,128,0.010309278350515464,true_mixed,True,False,True,97,0,0,False,0,0,BF16,CUDA_EVENT,generic,generic,none
0.00431999983265996,0.005880000069737434,0.004719999991357327,0.004480000119656324,0.0005840548381884657,5,0.013279999606311321,0.030160000547766685,0.01746399998664856,0.01348000019788742,0.006514456829822767,5,0.2812409996986389,0.36848101019859314,0.2995450019836426,0.2826809883117676,0.0344763342681173,5,0.06679999828338623,0.06791999936103821,0.06724800020456315,0.06700000166893005,0.00047692444346108295,5,0.00443999981507659,0.005040000192821026,0.004688000027090311,0.004480000119656324,0.00027176462543039933,5,2880,64,8,32,8,16384,TORCH_SDPA,"[1024, 1024]","[0, 0]","[1024, 1024, 1024, 1024, 1024, 1024, 1024, 1024, 1024, 1024, 1024, 1024, 1024, 1024, 1024, 1024, 1024, 1024, 1024, 1024, 1024, 1024, 1024, 1024, 1024, 1024, 1024, 1024, 1024, 1024, 1024, 1024]",2,32,32,34,2048,32,2080,1024,0.058823529411764705,true_mixed,True,False,True,34,0,0,False,0,0,BF16,CUDA_EVENT,generic,generic,none
0.004519999958574772,0.01092000026255846,0.005840000044554472,0.004600000102072954,0.0025401733322390494,5,0.019200000911951065,0.04280000180006027,0.024928000569343568,0.019999999552965164,0.009041395209342877,5,6.573459148406982,6.626179218292236,6.604339694976806,6.604979991912842,0.017644192203588448,5,0.08724000304937363,0.08940000087022781,0.08824799954891205,0.08807999640703201,0.0007381703979003076,5,0.004519999958574772,0.004639999940991402,0.004567999858409166,0.004559999797493219,3.9191849152437796e-05,5,2880,64,8,32,8,16384,TORCH_SDPA,[8192],[0],"[1024, 1024, 1024, 1024, 1024, 1024, 1024, 1024, 1024, 1024, 1024, 1024, 1024, 1024, 1024, 1024, 1024, 1024, 1024, 1024, 1024, 1024, 1024, 1024, 1024, 1024, 1024, 1024, 1024, 1024, 1024, 1024, 1024, 1024, 1024, 1024, 1024, 1024, 1024, 1024, 1024, 1024, 1024, 1024, 1024, 1024, 1024, 1024]",1,48,48,49,8192,48,8240,1024,0.02040816326530612,true_mixed,True,False,True,49,0,0,False,0,0,BF16,CUDA_EVENT,generic,generic,none
0.004480000119656324,0.007120000198483467,0.0050560000352561476,0.004559999797493219,0.001033704096309342,5,0.013319999910891056,0.023920999839901924,0.015464199893176555,0.013319999910891056,0.004228655381335839,5,0.28332099318504333,0.36388099193573,0.3050087928771973,0.28832098841667175,0.03060377835538438,5,0.05316000059247017,0.057760000228881836,0.05421620011329651,0.053279999643564224,0.0017795263446574942,5,0.004480000119656324,0.005040000192821026,0.004631999973207712,0.004559999797493219,0.00020614567110069034,5,2880,64,8,32,8,16384,TORCH_SDPA,"[1024, 1024]","[0, 0]",[1024],2,1,1,3,2048,1,2049,1024,0.6666666666666666,true_mixed,True,False,True,3,0,0,False,0,0,BF16,CUDA_EVENT,generic,generic,none
0.004360000137239695,0.01696000061929226,0.006952000129967928,0.004480000119656324,0.005004280012614608,5,0.018039999529719353,0.11971999704837799,0.03859999924898148,0.018559999763965607,0.040560669506273204,5,1.6819649934768677,1.8208860158920288,1.7176048040390015,1.6878050565719604,0.05258765970464958,5,0.3053610026836395,0.3136399984359741,0.30939280390739443,0.3075610101222992,0.003403782334951157,5,0.004399999976158142,0.004480000119656324,0.004448200017213822,0.004441000055521727,2.9882502411731297e-05,5,2880,64,8,32,8,16384,TORCH_SDPA,[4096],[0],"[2048, 2048, 2048, 2048, 2048, 2048, 2048, 2048, 2048, 2048, 2048, 2048, 2048, 2048, 2048, 2048, 2048, 2048, 2048, 2048, 2048, 2048, 2048, 2048, 2048, 2048, 2048, 2048, 2048, 2048, 2048, 2048, 2048, 2048, 2048, 2048, 2048, 2048, 2048, 2048, 2048, 2048, 2048, 2048, 2048, 2048, 2048, 2048, 2048, 2048, 2048, 2048, 2048, 2048, 2048, 2048, 2048, 2048, 2048, 2048, 2048, 2048, 2048, 2048, 2048, 2048, 2048, 2048, 2048, 2048, 2048, 2048, 2048, 2048, 2048, 2048, 2048, 2048, 2048, 2048, 2048, 2048, 2048, 2048, 2048, 2048, 2048, 2048, 2048, 2048, 2048, 2048, 2048, 2048, 2048, 2048]",1,96,96,97,4096,96,4192,2048,0.010309278350515464,true_mixed,True,False,True,97,0,0,False,0,0,BF16,CUDA_EVENT,generic,generic,none
0.004279999993741512,0.004519999958574772,0.004416000004857779,0.004399999976158142,8.236505318126945e-05,5,0.0175199992954731,0.036320000886917114,0.021607999876141547,0.017640000209212303,0.007375306309702024,5,1.677804946899414,1.7531239986419678,1.7002927780151367,1.6865650415420532,0.027738796191810865,5,0.07444100081920624,0.07636000216007233,0.07556860148906708,0.07584100216627121,0.0007475984164645872,5,0.004399999976158142,0.004559999797493219,0.004447999969124794,0.004399999976158142,6.39999518171588e-05,5,2880,64,8,32,8,16384,TORCH_SDPA,[4096],[0],"[512, 512, 512, 512, 512, 512, 512, 512, 512, 512, 512, 512, 512, 512, 512, 512, 512, 512, 512, 512, 512, 512, 512, 512, 512, 512, 512, 512, 512, 512, 512, 512, 512, 512, 512, 512, 512, 512, 512, 512, 512, 512, 512, 512, 512, 512, 512, 512, 512, 512, 512, 512, 512, 512, 512, 512, 512, 512, 512, 512, 512, 512, 512, 512, 512, 512, 512, 512, 512, 512, 512, 512, 512, 512, 512, 512, 512, 512, 512, 512, 512, 512, 512, 512, 512, 512, 512, 512, 512, 512, 512, 512, 512, 512, 512, 512]",1,96,96,97,4096,96,4192,512,0.010309278350515464,true_mixed,True,False,True,97,0,0,False,0,0,BF16,CUDA_EVENT,generic,generic,none
0.004399999976158142,0.00559999980032444,0.004664199985563755,0.00443999981507659,0.0004688266979820359,5,0.014960000291466713,0.04828000068664551,0.022128000296652316,0.01568000018596649,0.01308535445342918,5,0.28376099467277527,0.42364099621772766,0.31315280199050904,0.2855600118637085,0.05525737974751181,5,0.3527210056781769,0.35524100065231323,0.3539772033691406,0.3542410135269165,0.001027976538537,5,0.00443999981507659,0.004480000119656324,0.0044639999978244305,0.004480000119656324,1.9596067155252676e-05,5,2880,64,8,32,8,16384,TORCH_SDPA,"[1024, 1024]","[0, 0]","[4096, 4096, 4096, 4096, 4096, 4096, 4096, 4096, 4096, 4096, 4096, 4096, 4096, 4096, 4096, 4096, 4096, 4096, 4096, 4096, 4096, 4096, 4096, 4096, 4096, 4096, 4096, 4096, 4096, 4096, 4096, 4096, 4096, 4096, 4096, 4096, 4096, 4096, 4096, 4096, 4096, 4096, 4096, 4096, 4096, 4096, 4096, 4096]",2,48,48,50,2048,48,2096,4096,0.04,true_mixed,True,False,True,50,0,0,False,0,0,BF16,CUDA_EVENT,generic,generic,none
0.004480000119656324,0.009639999829232693,0.005567999929189682,0.004559999797493219,0.002036687455330339,5,0.019039999693632126,0.0421999990940094,0.023872199654579162,0.019360000267624855,0.009165517021898058,5,6.561899185180664,6.713139057159424,6.609099006652832,6.595179080963135,0.053495398472390716,5,0.044840000569820404,0.05048000067472458,0.046352000534534456,0.04548000171780586,0.0020802154597701684,5,0.00443999981507659,0.004559999797493219,0.004503999929875135,0.004519999958574772,4.079213795521706e-05,5,2880,64,8,32,8,16384,TORCH_SDPA,[8192],[0],"[512, 512]",1,2,2,3,8192,2,8194,512,0.3333333333333333,true_mixed,True,False,True,3,0,0,False,0,0,BF16,CUDA_EVENT,generic,generic,none
0.004360999912023544,0.016121000051498413,0.006744399946182966,0.004399999976158142,0.004688366616658315,5,0.019039999693632126,0.04016000032424927,0.023855999857187272,0.02027999982237816,0.008171545011071743,5,6.592219829559326,6.636459827423096,6.614411640167236,6.613659858703613,0.01740595286945257,5,0.06279999762773514,0.06571999937295914,0.06393619924783707,0.06407999992370605,0.0010381573145481296,5,0.00443999981507659,0.004559999797493219,0.004487999901175499,0.004480000119656324,4.664761897177434e-05,5,2880,64,8,32,8,16384,TORCH_SDPA,[8192],[0],"[512, 512, 512, 512, 512, 512, 512, 512, 512, 512, 512, 512, 512, 512, 512, 512, 512, 512, 512, 512, 512, 512, 512, 512, 512, 512, 512, 512, 512, 512, 512, 512, 512, 512, 512, 512, 512, 512, 512, 512, 512, 512, 512, 512, 512, 512, 512, 512, 512, 512, 512, 512, 512, 512, 512, 512, 512, 512, 512, 512, 512, 512, 512, 512]",1,64,64,65,8192,64,8256,512,0.015384615384615385,true_mixed,True,False,True,65,0,0,False,0,0,BF16,CUDA_EVENT,generic,generic,none
0.004360000137239695,0.014279999770224094,0.006391999870538711,0.00443999981507659,0.003944121650840305,5,0.014120000414550304,0.023320000618696213,0.016288000345230102,0.014480000361800194,0.003529659607452115,5,0.2903609871864319,0.3779209852218628,0.31768099069595335,0.30184099078178406,0.031749649517733715,5,0.03855999931693077,0.038839999586343765,0.03867219910025597,0.03864099830389023,9.253853208049475e-05,5,0.00443999981507659,0.005080000031739473,0.00459199994802475,0.004480000119656324,0.00024579671379961436,5,2880,64,8,32,8,16384,TORCH_SDPA,"[1024, 1024]","[0, 0]","[128, 128, 128, 128, 128, 128, 128, 128, 128, 128, 128, 128, 128, 128, 128, 128, 128, 128, 128, 128, 128, 128, 128, 128, 128, 128, 128, 128, 128, 128, 128, 128, 128, 128, 128, 128, 128, 128, 128, 128, 128, 128, 128, 128, 128, 128, 128, 128, 128, 128, 128, 128, 128, 128, 128, 128, 128, 128, 128, 128, 128, 128, 128, 128, 128, 128, 128, 128, 128, 128, 128, 128, 128, 128, 128, 128, 128, 128, 128, 128, 128, 128, 128, 128, 128, 128, 128, 128, 128, 128, 128, 128, 128, 128, 128, 128]",2,96,96,98,2048,96,2144,128,0.02040816326530612,true_mixed,True,False,True,98,0,0,False,0,0,BF16,CUDA_EVENT,generic,generic,none
0.004399999976158142,0.009080000221729279,0.0058962000533938404,0.004519999958574772,0.0018705790567690897,5,0.01336000021547079,0.09204000234603882,0.030928000435233118,0.014399999752640724,0.030663129563354805,5,0.32072100043296814,1.369763970375061,0.5679695963859558,0.33980101346969604,0.40494696974964894,5,0.032361000776290894,0.03911999985575676,0.03407220020890236,0.032999999821186066,0.0025361802698938736,5,0.004399999976158142,0.006599999964237213,0.004991999920457601,0.00443999981507659,0.0008494327651425146,5,2880,64,8,32,8,16384,TORCH_SDPA,"[1024, 1024]","[0, 0]","[128, 128, 128, 128, 128, 128, 128, 128, 128, 128, 128, 128, 128, 128, 128, 128, 128, 128, 128, 128, 128, 128, 128, 128, 128, 128, 128, 128, 128, 128, 128, 128]",2,32,32,34,2048,32,2080,128,0.058823529411764705,true_mixed,True,False,True,34,0,0,False,0,0,BF16,CUDA_EVENT,generic,generic,none
0.004399999976158142,0.008200000040233135,0.005200000014156103,0.004480000119656324,0.0015002933190559251,5,0.019039999693632126,0.038440000265836716,0.023528000339865685,0.019200000911951065,0.007533154453025001,5,6.597859859466553,6.623539924621582,6.611452198028564,6.612740993499756,0.00923762709472858,5,0.25064098834991455,0.25648000836372375,0.2540008008480072,0.2549610137939453,0.002178950896886984,5,0.004399999976158142,0.004559999797493219,0.004463999904692173,0.00443999981507659,5.4258613605923594e-05,5,2880,64,8,32,8,16384,TORCH_SDPA,[8192],[0],[8192],1,1,1,2,8192,1,8193,8192,0.5,true_mixed,True,False,True,2,0,0,False,0,0,BF16,CUDA_EVENT,generic,generic,none
0.004480000119656324,0.05999999865889549,0.015639999788254498,0.004600000102072954,0.02218004812781179,5,0.019360000267624855,0.041999999433755875,0.024064000323414804,0.019680000841617584,0.008970015387427074,5,6.542779922485352,6.735741138458252,6.612924289703369,6.584740161895752,0.0681182762647062,5,0.38920098543167114,0.40052101016044617,0.39335299730300904,0.3906010091304779,0.004451442669131221,5,0.00443999981507659,0.004559999797493219,0.004503999929875135,0.004519999958574772,4.079213795521706e-05,5,2880,64,8,32,8,16384,TORCH_SDPA,[8192],[0],"[4096, 4096, 4096, 4096, 4096, 4096, 4096, 4096, 4096, 4096, 4096, 4096, 4096, 4096, 4096, 4096, 4096, 4096, 4096, 4096, 4096, 4096, 4096, 4096, 4096, 4096, 4096, 4096, 4096, 4096, 4096, 4096, 4096, 4096, 4096, 4096, 4096, 4096, 4096, 4096, 4096, 4096, 4096, 4096, 4096, 4096, 4096, 4096, 4096, 4096, 4096, 4096, 4096, 4096, 4096, 4096, 4096, 4096, 4096, 4096, 4096, 4096, 4096, 4096]",1,64,64,65,8192,64,8256,4096,0.015384615384615385,true_mixed,True,False,True,65,0,0,False,0,0,BF16,CUDA_EVENT,generic,generic,none
0.004360000137239695,0.007720000110566616,0.00508820004761219,0.004480000119656324,0.0013174388191928479,5,0.01907999999821186,0.026599999517202377,0.020800000056624413,0.019440000876784325,0.0029051124763496616,5,3.177968978881836,3.251569986343384,3.1994655609130858,3.1873300075531006,0.02650518818693064,5,0.055319998413324356,0.061000000685453415,0.056768199801445006,0.055879998952150345,0.0021301152539591854,5,0.004360000137239695,0.004519999958574772,0.004447999969124794,0.00443999981507659,6.39999518171588e-05,5,2880,64,8,32,8,16384,TORCH_SDPA,"[4096, 4096]","[0, 0]",[1024],2,1,1,3,8192,1,8193,1024,0.6666666666666666,true_mixed,True,False,True,3,0,0,False,0,0,BF16,CUDA_EVENT,generic,generic,none
0.004519999958574772,0.0055599999614059925,0.004743999894708395,0.004559999797493219,0.0004083919987405743,5,0.013199999928474426,0.03815999999642372,0.01835199985653162,0.01348000019788742,0.00990461394386277,5,0.28352099657058716,0.39132100343704224,0.3065850019454956,0.28592100739479065,0.04238188828178062,5,0.14308099448680878,0.14348100125789642,0.1432805985212326,0.1432799994945526,0.00012893657325394135,5,0.004559999797493219,0.004600000102072954,0.004567999858409166,0.004559999797493219,1.600012183189392e-05,5,2880,64,8,32,8,16384,TORCH_SDPA,"[1024, 1024]","[0, 0]","[4096, 4096]",2,2,2,4,2048,2,2050,4096,0.5,true_mixed,True,False,True,4,0,0,False,0,0,BF16,CUDA_EVENT,generic,generic,none
0.004360000137239695,0.007000000216066837,0.0049680001102387905,0.004480000119656324,0.001017416386221497,5,0.019999999552965164,0.025839999318122864,0.02149599976837635,0.020600000396370888,0.002191853839493941,5,6.5973801612854,6.642018795013428,6.622819709777832,6.632699966430664,0.019185941798211127,5,0.3112410008907318,0.3218410015106201,0.31524099707603453,0.3139210045337677,0.0036405727208246733,5,0.004399999976158142,0.005919999908655882,0.00483199991285801,0.004519999958574772,0.0005698561193183844,5,2880,64,8,32,8,16384,TORCH_SDPA,[8192],[0],"[2048, 2048, 2048, 2048, 2048, 2048, 2048, 2048, 2048, 2048, 2048, 2048, 2048, 2048, 2048, 2048, 2048, 2048, 2048, 2048, 2048, 2048, 2048, 2048, 2048, 2048, 2048, 2048, 2048, 2048, 2048, 2048, 2048, 2048, 2048, 2048, 2048, 2048, 2048, 2048, 2048, 2048, 2048, 2048, 2048, 2048, 2048, 2048, 2048, 2048, 2048, 2048, 2048, 2048, 2048, 2048, 2048, 2048, 2048, 2048, 2048, 2048, 2048, 2048, 2048, 2048, 2048, 2048, 2048, 2048, 2048, 2048, 2048, 2048, 2048, 2048, 2048, 2048, 2048, 2048, 2048, 2048, 2048, 2048, 2048, 2048, 2048, 2048, 2048, 2048, 2048, 2048, 2048, 2048, 2048, 2048]",1,96,96,97,8192,96,8288,2048,0.010309278350515464,true_mixed,True,False,True,97,0,0,False,0,0,BF16,CUDA_EVENT,generic,generic,none
0.00443999981507659,0.004600000102072954,0.004527999926358462,0.004519999958574772,5.306606375125428e-05,5,0.019120000302791595,0.03060000017285347,0.021671999990940095,0.01947999931871891,0.004476670268118602,5,6.534580230712891,6.593658924102783,6.569787693023682,6.569378852844238,0.02004552099391299,5,0.09324000030755997,0.09556099772453308,0.09463240057229996,0.0949610024690628,0.0008174824690537527,5,0.004480000119656324,0.004600000102072954,0.004535999987274409,0.004519999958574772,4.079213795521706e-05,5,2880,64,8,32,8,16384,TORCH_SDPA,[8192],[0],"[2048, 2048, 2048, 2048]",1,4,4,5,8192,4,8196,2048,0.2,true_mixed,True,False,True,5,0,0,False,0,0,BF16,CUDA_EVENT,generic,generic,none
0.00431999983265996,0.00863999966531992,0.005239999853074551,0.004399999976158142,0.001700446906437675,5,0.013000000268220901,0.027721000835299492,0.016208199970424175,0.01351999957114458,0.005761088945745162,5,0.2797609865665436,0.37824100255966187,0.3007047951221466,0.28091999888420105,0.03879758705345343,5,0.2473199963569641,0.24884000420570374,0.24811260104179383,0.2480809986591339,0.0005230343921105828,5,0.00443999981507659,0.004519999958574772,0.004480000026524067,0.004480000119656324,2.529826665971379e-05,5,2880,64,8,32,8,16384,TORCH_SDPA,"[1024, 1024]","[0, 0]",[8192],2,1,1,3,2048,1,2049,8192,0.6666666666666666,true_mixed,True,False,True,3,0,0,False,0,0,BF16,CUDA_EVENT,generic,generic,none
0.004360000137239695,0.0077599999494850636,0.005248000007122755,0.004559999797493219,0.0012883229246364164,5,0.019120000302791595,0.027480000630021095,0.0210400003939867,0.019519999623298645,0.0032246055196786224,5,3.176769971847534,3.271049976348877,3.216506004333496,3.2065300941467285,0.03159375761400871,5,0.1472799926996231,0.15052099525928497,0.14840859770774842,0.14815999567508698,0.00110887555138514,5,0.004399999976158142,0.004519999958574772,0.004440000001341105,0.004399999976158142,5.0596459691431135e-05,5,2880,64,8,32,8,16384,TORCH_SDPA,"[4096, 4096]","[0, 0]","[4096, 4096]",2,2,2,4,8192,2,8194,4096,0.5,true_mixed,True,False,True,4,0,0,False,0,0,BF16,CUDA_EVENT,generic,generic,none
0.004519999958574772,3.017448902130127,0.6071297803893685,0.004559999797493219,1.2051595612354769,5,0.013199999928474426,0.05951999872922897,0.02251199968159199,0.013240000233054161,0.018504146517902754,5,0.2834410071372986,0.4004809856414795,0.31970499753952025,0.3024809956550598,0.04307832344868749,5,0.029920000582933426,0.030519999563694,0.030232200026512147,0.03020000085234642,0.00022275359144171105,5,0.004559999797493219,0.005160000175237656,0.00481599997729063,0.004639999940991402,0.00025120520796653517,5,2880,64,8,32,8,16384,TORCH_SDPA,"[1024, 1024]","[0, 0]",[128],2,1,1,3,2048,1,2049,128,0.6666666666666666,true_mixed,True,False,True,3,0,0,False,0,0,BF16,CUDA_EVENT,generic,generic,none
0.004480000119656324,0.0055599999614059925,0.004719999991357327,0.004519999958574772,0.0004202855999049518,5,0.01916000060737133,0.05559999868273735,0.026927999779582025,0.019999999552965164,0.01433963737707429,5,6.605299949645996,6.659180164337158,6.625044059753418,6.616700172424316,0.018624745820890486,5,0.04532000049948692,0.0459199994802475,0.04558399990200997,0.04560000076889992,0.00022428545957585425,5,0.00443999981507659,0.004559999797493219,0.004519999865442515,0.004559999797493219,5.0596386064013265e-05,5,2880,64,8,32,8,16384,TORCH_SDPA,[8192],[0],"[512, 512, 512, 512]",1,4,4,5,8192,4,8196,512,0.2,true_mixed,True,False,True,5,0,0,False,0,0,BF16,CUDA_EVENT,generic,generic,none
0.00443999981507659,0.005400000140070915,0.0046640000306069854,0.004480000119656324,0.00036886859798404244,5,0.013240000233054161,0.024560000747442245,0.016648000106215477,0.01348000019788742,0.004475669419170816,5,0.3054809868335724,0.3962010145187378,0.33711300492286683,0.33260101079940796,0.03122393977835195,5,0.0400799997150898,0.04332000017166138,0.040831999480724336,0.04016000032424927,0.001252045059112589,5,0.00443999981507659,0.004519999958574772,0.00447199996560812,0.004480000119656324,2.9933337677144675e-05,5,2880,64,8,32,8,16384,TORCH_SDPA,"[1024, 1024]","[0, 0]","[512, 512, 512, 512]",2,4,4,6,2048,4,2052,512,0.3333333333333333,true_mixed,True,False,True,6,0,0,False,0,0,BF16,CUDA_EVENT,generic,generic,none
0.00431999983265996,0.004480000119656324,0.004415999911725521,0.00443999981507659,5.4258695995502165e-05,5,0.01363999955356121,0.04052000120282173,0.019344000332057475,0.014240000396966934,0.010590640836251308,5,0.27952098846435547,0.5695210099220276,0.3586408019065857,0.3024410009384155,0.10956060418907833,5,0.07848100364208221,0.0838799998164177,0.0798002004623413,0.07875999808311462,0.0020555755388428094,5,0.00443999981507659,0.005239999853074551,0.004607999883592129,0.00443999981507659,0.0003163795094683224,5,2880,64,8,32,8,16384,TORCH_SDPA,"[1024, 1024]","[0, 0]","[1024, 1024, 1024, 1024, 1024, 1024, 1024, 1024, 1024, 1024, 1024, 1024, 1024, 1024, 1024, 1024, 1024, 1024, 1024, 1024, 1024, 1024, 1024, 1024, 1024, 1024, 1024, 1024, 1024, 1024, 1024, 1024, 1024, 1024, 1024, 1024, 1024, 1024, 1024, 1024, 1024, 1024, 1024, 1024, 1024, 1024, 1024, 1024]",2,48,48,50,2048,48,2096,1024,0.04,true_mixed,True,False,True,50,0,0,False,0,0,BF16,CUDA_EVENT,generic,generic,none
0.004480000119656324,0.006719999946653843,0.004975999984890222,0.004559999797493219,0.0008729169290071292,5,0.019440000876784325,0.05339999869465828,0.026392000168561934,0.019680000841617584,0.013504781230742554,5,6.548418998718262,6.598137855529785,6.5788350105285645,6.588418960571289,0.017932825356161187,5,0.283160001039505,0.2858409881591797,0.2845847964286804,0.2844809889793396,0.0008732408721225146,5,0.00443999981507659,0.004600000102072954,0.004511999990791082,0.004480000119656324,5.878777056032047e-05,5,2880,64,8,32,8,16384,TORCH_SDPA,[8192],[0],"[8192, 8192, 8192, 8192, 8192, 8192, 8192, 8192]",1,8,8,9,8192,8,8200,8192,0.1111111111111111,true_mixed,True,False,True,9,0,0,False,0,0,BF16,CUDA_EVENT,generic,generic,none
0.00431999983265996,0.004480000119656324,0.004408000037074089,0.004399999976158142,6.400007987400752e-05,5,0.018719999119639397,0.036720000207424164,0.022791999951004983,0.01907999999821186,0.006987825008374779,5,6.543018817901611,6.69326114654541,6.620268154144287,6.597819805145264,0.05451351095387702,5,0.08931999653577805,0.09324000030755997,0.09088820070028306,0.09108000248670578,0.0014079942780238497,5,0.004399999976158142,0.004519999958574772,0.0044559999369084835,0.00443999981507659,5.425864106902378e-05,5,2880,64,8,32,8,16384,TORCH_SDPA,[8192],[0],[2048],1,1,1,2,8192,1,8193,2048,0.5,true_mixed,True,False,True,2,0,0,False,0,0,BF16,CUDA_EVENT,generic,generic,none
0.004519999958574772,0.02500000037252903,0.00899999998509884,0.004559999797493219,0.008032613712886398,5,0.01336000021547079,0.06499999761581421,0.023864199593663215,0.01360000018030405,0.020568796899110828,5,0.28439998626708984,0.5536810159683228,0.35773680210113523,0.28620100021362305,0.10437454093539716,5,0.091559998691082,0.10023999959230423,0.09437620043754577,0.09204000234603882,0.0034564135821527502,5,0.004399999976158142,0.006240000016987324,0.004824000038206577,0.004480000119656324,0.0007090726237650776,5,2880,64,8,32,8,16384,TORCH_SDPA,"[1024, 1024]","[0, 0]","[2048, 2048, 2048, 2048, 2048, 2048, 2048, 2048]",2,8,8,10,2048,8,2056,2048,0.2,true_mixed,True,False,True,10,0,0,False,0,0,BF16,CUDA_EVENT,generic,generic,none
0.004360000137239695,0.01720000058412552,0.006968000065535307,0.00443999981507659,0.00511608626256634,5,0.01899999938905239,0.040800001472234726,0.023496200144290925,0.019279999658465385,0.008652991467150376,5,3.1773290634155273,3.2612900733947754,3.2027856349945067,3.1900899410247803,0.030368884457654295,5,0.03367999941110611,0.03440000116825104,0.03396000042557716,0.03384000062942505,0.0002906552116865231,5,0.004399999976158142,0.004399999976158142,0.004399999976158142,0.004399999976158142,0.0,5,2880,64,8,32,8,16384,TORCH_SDPA,"[4096, 4096]","[0, 0]","[128, 128, 128, 128, 128, 128, 128, 128]",2,8,8,10,8192,8,8200,128,0.2,true_mixed,True,False,True,10,0,0,False,0,0,BF16,CUDA_EVENT,generic,generic,none
0.004559999797493219,0.007679999805986881,0.005791999958455562,0.004639999940991402,0.001461484187461019,5,0.01375999953597784,0.02287999913096428,0.01736799981445074,0.014039999805390835,0.004276551848008863,5,0.2838810086250305,0.37188100814819336,0.32208900451660155,0.2930009961128235,0.04013911494834111,5,0.02996000088751316,6.946858882904053,1.414187776297331,0.030239999294281006,2.766335927227272,5,0.004519999958574772,0.006599999964237213,0.004975999984890222,0.004600000102072954,0.0008133289521831887,5,2880,64,8,32,8,16384,TORCH_SDPA,"[1024, 1024]","[0, 0]","[128, 128, 128, 128, 128, 128, 128, 128]",2,8,8,10,2048,8,2056,128,0.2,true_mixed,True,False,True,10,0,0,False,0,0,BF16,CUDA_EVENT,generic,generic,none
0.004399999976158142,0.005319999996572733,0.00459199994802475,0.004399999976158142,0.0003643295427747958,5,0.013439999893307686,0.055399999022483826,0.02194399982690811,0.01360000018030405,0.01672823871664661,5,0.2810809910297394,0.415802001953125,0.3093771994113922,0.28332099318504333,0.05321999225857966,5,0.30896100401878357,0.3100009858608246,0.3094569981098175,0.30932098627090454,0.0004130610825341799,5,0.004399999976158142,0.004519999958574772,0.004447999969124794,0.00443999981507659,4.664763494375637e-05,5,2880,64,8,32,8,16384,TORCH_SDPA,"[1024, 1024]","[0, 0]","[8192, 8192, 8192, 8192, 8192, 8192, 8192, 8192, 8192, 8192, 8192, 8192, 8192, 8192, 8192, 8192]",2,16,16,18,2048,16,2064,8192,0.1111111111111111,true_mixed,True,False,True,18,0,0,False,0,0,BF16,CUDA_EVENT,generic,generic,none
0.004360000137239695,0.004559999797493219,0.004495999962091446,0.004519999958574772,6.974228385242356e-05,5,0.01892000064253807,0.041680000722408295,0.023760000243782997,0.01931999996304512,0.008964927449410458,5,6.561981201171875,6.669581890106201,6.608285427093506,6.599660873413086,0.035495308676411194,5,0.09663999825716019,0.0987199991941452,0.0976163998246193,0.09752099961042404,0.0006777285313867786,5,0.004399999976158142,0.004519999958574772,0.004487999994307756,0.004519999958574772,4.6647602999600904e-05,5,2880,64,8,32,8,16384,TORCH_SDPA,[8192],[0],"[2048, 2048, 2048, 2048, 2048, 2048, 2048, 2048]",1,8,8,9,8192,8,8200,2048,0.1111111111111111,true_mixed,True,False,True,9,0,0,False,0,0,BF16,CUDA_EVENT,generic,generic,none
0.004480000119656324,0.004519999958574772,0.004511999990791082,0.004519999958574772,1.5999935567378997e-05,5,0.013000000268220901,0.023639999330043793,0.015239999815821647,0.013159999623894691,0.0042013328761933005,5,0.28088098764419556,0.3741610050201416,0.2998405933380127,0.28143998980522156,0.037161433394805536,5,0.05384000018239021,0.059241000562906265,0.055208200216293336,0.0544000007212162,0.0020293718046939554,5,0.004519999958574772,0.004559999797493219,0.0045519998297095295,0.004559999797493219,1.5999935567378997e-05,5,2880,64,8,32,8,16384,TORCH_SDPA,"[1024, 1024]","[0, 0]","[1024, 1024]",2,2,2,4,2048,2,2050,1024,0.5,true_mixed,True,False,True,4,0,0,False,0,0,BF16,CUDA_EVENT,generic,generic,none
0.004399999976158142,0.006440000142902136,0.004839999973773957,0.00443999981507659,0.000800399986006081,5,0.018959999084472656,0.0761599987745285,0.030784199386835097,0.019520999863743782,0.02269206082753781,5,3.1630890369415283,3.4700911045074463,3.242681789398193,3.1942899227142334,0.11432193400252395,5,0.0644799992442131,0.06608100235462189,0.06526439934968949,0.0652799978852272,0.0006331991629135376,5,0.004399999976158142,0.008200000040233135,0.005183999892324209,0.00443999981507659,0.0015080796468070548,5,2880,64,8,32,8,16384,TORCH_SDPA,"[4096, 4096]","[0, 0]","[1024, 1024, 1024, 1024, 1024, 1024, 1024, 1024, 1024, 1024, 1024, 1024, 1024, 1024, 1024, 1024]",2,16,16,18,8192,16,8208,1024,0.1111111111111111,true_mixed,True,False,True,18,0,0,False,0,0,BF16,CUDA_EVENT,generic,generic,none
0.004519999958574772,0.006800000090152025,0.005016000010073185,0.004600000102072954,0.0008924931795361925,5,0.018959999084472656,0.06808000057935715,0.029071999713778496,0.01931999996304512,0.01950549340326758,5,6.562620162963867,6.630459785461426,6.584315395355224,6.5725789070129395,0.02428892772278871,5,0.050641000270843506,0.05127999931573868,0.05086419954895973,0.05071999877691269,0.00024325792089068275,5,0.00443999981507659,0.004600000102072954,0.004527999926358462,0.004559999797493219,5.878777056032047e-05,5,2880,64,8,32,8,16384,TORCH_SDPA,[8192],[0],"[512, 512, 512, 512, 512, 512, 512, 512, 512, 512, 512, 512, 512, 512, 512, 512, 512, 512, 512, 512, 512, 512, 512, 512]",1,24,24,25,8192,24,8216,512,0.04,true_mixed,True,False,True,25,0,0,False,0,0,BF16,CUDA_EVENT,generic,generic,none
0.004399999976158142,0.008080000057816505,0.005191999953240156,0.004480000119656324,0.0014449692547190403,5,0.013199999928474426,0.023399999365210533,0.015423999726772308,0.01351999957114458,0.003991398569294745,5,0.30476099252700806,6.909581184387207,1.6416372418403626,0.3147610127925873,2.6340767008995662,5,0.046720001846551895,0.047600001096725464,0.04716000035405159,0.04715999960899353,0.0002828425481036958,5,0.004399999976158142,0.004559999797493219,0.004447999969124794,0.004399999976158142,6.39999518171588e-05,5,2880,64,8,32,8,16384,TORCH_SDPA,"[1024, 1024]","[0, 0]","[512, 512, 512, 512, 512, 512, 512, 512, 512, 512, 512, 512, 512, 512, 512, 512, 512, 512, 512, 512, 512, 512, 512, 512, 512, 512, 512, 512, 512, 512, 512, 512]",2,32,32,34,2048,32,2080,512,0.058823529411764705,true_mixed,True,False,True,34,0,0,False,0,0,BF16,CUDA_EVENT,generic,generic,none
0.004399999976158142,0.004519999958574772,0.0044479998759925365,0.00443999981507659,3.9191849152437796e-05,5,0.018640000373125076,0.020080000162124634,0.019144000113010408,0.018880000337958336,0.0005597711880786803,5,6.576900959014893,6.603421211242676,6.592972660064698,6.593900203704834,0.00981121627308954,5,0.2621209919452667,0.27000099420547485,0.26540079712867737,0.2653599977493286,0.0029007098508946547,5,0.004399999976158142,0.004559999797493219,0.004503999929875135,0.004519999958574772,5.986643889284003e-05,5,2880,64,8,32,8,16384,TORCH_SDPA,[8192],[0],"[8192, 8192]",1,2,2,3,8192,2,8194,8192,0.3333333333333333,true_mixed,True,False,True,3,0,0,False,0,0,BF16,CUDA_EVENT,generic,generic,none
0.004360000137239695,0.004519999958574772,0.004432000033557415,0.004399999976158142,5.878773253909212e-05,5,0.015599999576807022,0.024800000712275505,0.01850400008261204,0.01696000061929226,0.003315090613576135,5,0.2838810086250305,0.3699209988117218,0.303384804725647,0.2877199947834015,0.03331607733711486,5,0.3938019871711731,6.362538814544678,1.5889087617397308,0.39584100246429443,2.3868153598965436,5,0.004360000137239695,0.004519999958574772,0.004440000001341105,0.00443999981507659,5.656851225467499e-05,5,2880,64,8,32,8,16384,TORCH_SDPA,"[1024, 1024]","[0, 0]","[4096, 4096, 4096, 4096, 4096, 4096, 4096, 4096, 4096, 4096, 4096, 4096, 4096, 4096, 4096, 4096, 4096, 4096, 4096, 4096, 4096, 4096, 4096, 4096, 4096, 4096, 4096, 4096, 4096, 4096, 4096, 4096, 4096, 4096, 4096, 4096, 4096, 4096, 4096, 4096, 4096, 4096, 4096, 4096, 4096, 4096, 4096, 4096, 4096, 4096, 4096, 4096, 4096, 4096, 4096, 4096, 4096, 4096, 4096, 4096, 4096, 4096, 4096, 4096]",2,64,64,66,2048,64,2112,4096,0.030303030303030304,true_mixed,True,False,True,66,0,0,False,0,0,BF16,CUDA_EVENT,generic,generic,none
0.004480000119656324,0.01143999956548214,0.0061039999127388,0.004879999905824661,0.0026758294158072855,5,0.013399999588727951,0.08463999629020691,0.02812799923121929,0.014240000396966934,0.028259203331746967,5,0.2826809883117676,0.4472010135650635,0.32875300049781797,0.284400999546051,0.06386298485555003,5,0.059160999953746796,0.05992100015282631,0.0594883993268013,0.05939999967813492,0.00028896001058700534,5,0.004519999958574772,0.004600000102072954,0.0045679999515414235,0.004559999797493219,2.9933337677144675e-05,5,2880,64,8,32,8,16384,TORCH_SDPA,"[1024, 1024]","[0, 0]","[1024, 1024, 1024, 1024, 1024, 1024, 1024, 1024, 1024, 1024, 1024, 1024, 1024, 1024, 1024, 1024]",2,16,16,18,2048,16,2064,1024,0.1111111111111111,true_mixed,True,False,True,18,0,0,False,0,0,BF16,CUDA_EVENT,generic,generic,none
0.00443999981507659,0.005239999853074551,0.004631999973207712,0.004480000119656324,0.0003050507593426155,5,0.01351999957114458,0.027480000630021095,0.016616000048816203,0.013880000449717045,0.005440388520780323,5,0.2807210087776184,0.37796100974082947,0.3014328062534332,0.28220000863075256,0.03828316901438056,5,0.19020099937915802,0.19232100248336792,0.191184601187706,0.19096000492572784,0.000739732136964331,5,0.004399999976158142,0.004999999888241291,0.004535999987274409,0.004399999976158142,0.0002340597796894603,5,2880,64,8,32,8,16384,TORCH_SDPA,"[1024, 1024]","[0, 0]","[2048, 2048, 2048, 2048, 2048, 2048, 2048, 2048, 2048, 2048, 2048, 2048, 2048, 2048, 2048, 2048, 2048, 2048, 2048, 2048, 2048, 2048, 2048, 2048, 2048, 2048, 2048, 2048, 2048, 2048, 2048, 2048, 2048, 2048, 2048, 2048, 2048, 2048, 2048, 2048, 2048, 2048, 2048, 2048, 2048, 2048, 2048, 2048]",2,48,48,50,2048,48,2096,2048,0.04,true_mixed,True,False,True,50,0,0,False,0,0,BF16,CUDA_EVENT,generic,generic,none
0.00443999981507659,0.004600000102072954,0.004479999933391809,0.00443999981507659,6.196784469260271e-05,5,0.01916000060737133,0.056439999490976334,0.027039999887347222,0.019759999588131905,0.014703207612787388,5,6.604020118713379,6.861260890960693,6.682564449310303,6.629340171813965,0.09550298898154393,5,0.3176009953022003,0.33080101013183594,0.3216490030288696,0.3192810118198395,0.004841056216937603,5,0.00443999981507659,0.004679999779909849,0.0045439998619258406,0.004519999958574772,7.838364127314452e-05,5,2880,64,8,32,8,16384,TORCH_SDPA,[8192],[0],"[8192, 8192, 8192, 8192, 8192, 8192, 8192, 8192, 8192, 8192, 8192, 8192, 8192, 8192, 8192, 8192]",1,16,16,17,8192,16,8208,8192,0.058823529411764705,true_mixed,True,False,True,17,0,0,False,0,0,BF16,CUDA_EVENT,generic,generic,none
0.004399999976158142,0.005160000175237656,0.004592000041157007,0.004480000119656324,0.00028554516659751725,5,0.019039999693632126,0.04872100055217743,0.02534420005977154,0.019360000267624855,0.011696542242411604,5,3.2023301124572754,3.271850109100342,3.225346040725708,3.216330051422119,0.024828980051987748,5,0.19196100533008575,0.195360004901886,0.19372860193252564,0.19312100112438202,0.0013719242629674432,5,0.004399999976158142,0.00443999981507659,0.0044319998472929,0.00443999981507659,1.5999935567378997e-05,5,2880,64,8,32,8,16384,TORCH_SDPA,"[4096, 4096]","[0, 0]","[4096, 4096, 4096, 4096, 4096, 4096, 4096, 4096, 4096, 4096, 4096, 4096, 4096, 4096, 4096, 4096, 4096, 4096, 4096, 4096, 4096, 4096, 4096, 4096]",2,24,24,26,8192,24,8216,4096,0.07692307692307693,true_mixed,True,False,True,26,0,0,False,0,0,BF16,CUDA_EVENT,generic,generic,none
0.00443999981507659,0.013079999946057796,0.006223999988287687,0.004519999958574772,0.003428408357020332,5,0.012959999963641167,0.06723999977111816,0.02407200001180172,0.013439999893307686,0.021585853024643473,5,0.28408101201057434,0.4611620008945465,0.320225203037262,0.28436100482940674,0.07047803612999624,5,0.14564000070095062,0.1462009996175766,0.14604839980602263,0.14612099528312683,0.00020944132357868502,5,0.004480000119656324,0.004639999940991402,0.00457600001245737,0.004639999940991402,7.838358424148258e-05,5,2880,64,8,32,8,16384,TORCH_SDPA,"[1024, 1024]","[0, 0]","[4096, 4096, 4096, 4096]",2,4,4,6,2048,4,2052,4096,0.3333333333333333,true_mixed,True,False,True,6,0,0,False,0,0,BF16,CUDA_EVENT,generic,generic,none
0.004480000119656324,0.004639999940991402,0.004568000044673681,0.004600000102072954,5.8787732539092134e-05,5,0.01947999931871891,0.039441000670194626,0.023680199682712556,0.01971999928355217,0.007885819681607342,5,6.537219047546387,6.570737838745117,6.560795021057129,6.5654191970825195,0.011973755877334815,5,0.12195999920368195,0.1260800063610077,0.12426439970731736,0.1239200010895729,0.001467323819820285,5,0.004519999958574772,0.004600000102072954,0.0045599999837577345,0.004559999797493219,3.5777151814455904e-05,5,2880,64,8,32,8,16384,TORCH_SDPA,[8192],[0],"[2048, 2048, 2048, 2048, 2048, 2048, 2048, 2048, 2048, 2048, 2048, 2048, 2048, 2048, 2048, 2048, 2048, 2048, 2048, 2048, 2048, 2048, 2048, 2048, 2048, 2048, 2048, 2048, 2048, 2048, 2048, 2048]",1,32,32,33,8192,32,8224,2048,0.030303030303030304,true_mixed,True,False,True,33,0,0,False,0,0,BF16,CUDA_EVENT,generic,generic,none
0.00443999981507659,0.007400000002235174,0.005039999913424254,0.00443999981507659,0.0011801017364837063,5,0.01600000075995922,0.044759999960660934,0.022224200144410133,0.016720000654459,0.011276525190185193,5,0.2928810119628906,0.6064410209655762,0.35682480931282046,0.29520100355148315,0.12481423172634712,5,0.739001989364624,0.8163220286369324,0.7619542121887207,0.7497230172157288,0.027779872180618777,5,0.00443999981507659,0.005160000175237656,0.004624000005424023,0.004480000119656324,0.00027082105269182505,5,2880,64,8,32,8,16384,TORCH_SDPA,"[1024, 1024]","[0, 0]","[8192, 8192, 8192, 8192, 8192, 8192, 8192, 8192, 8192, 8192, 8192, 8192, 8192, 8192, 8192, 8192, 8192, 8192, 8192, 8192, 8192, 8192, 8192, 8192, 8192, 8192, 8192, 8192, 8192, 8192, 8192, 8192, 8192, 8192, 8192, 8192, 8192, 8192, 8192, 8192, 8192, 8192, 8192, 8192, 8192, 8192, 8192, 8192, 8192, 8192, 8192, 8192, 8192, 8192, 8192, 8192, 8192, 8192, 8192, 8192, 8192, 8192, 8192, 8192]",2,64,64,66,2048,64,2112,8192,0.030303030303030304,true_mixed,True,False,True,66,0,0,False,0,0,BF16,CUDA_EVENT,generic,generic,none
0.00443999981507659,0.004600000102072954,0.004535999894142151,0.004559999797493219,5.4258695995502165e-05,5,0.01375999953597784,0.035920001566410065,0.019264000281691552,0.014360000379383564,0.008494576771015285,5,0.28252100944519043,0.37808099389076233,0.30246480107307433,0.2840009927749634,0.0378134886505121,5,0.18296100199222565,0.1860000044107437,0.18445659875869752,0.18456099927425385,0.0009735126556849225,5,0.004480000119656324,0.007199999876320362,0.005080000031739473,0.004600000102072954,0.0010619227036240198,5,2880,64,8,32,8,16384,TORCH_SDPA,"[1024, 1024]","[0, 0]","[4096, 4096, 4096, 4096, 4096, 4096, 4096, 4096, 4096, 4096, 4096, 4096, 4096, 4096, 4096, 4096, 4096, 4096, 4096, 4096, 4096, 4096, 4096, 4096]",2,24,24,26,2048,24,2072,4096,0.07692307692307693,true_mixed,True,False,True,26,0,0,False,0,0,BF16,CUDA_EVENT,generic,generic,none
0.004399999976158142,0.004480000119656324,0.004423999972641468,0.004399999976158142,3.200003411633561e-05,5,0.018959999084472656,0.029239999130368233,0.021239999681711197,0.01907999999821186,0.004015569470858109,5,3.1833300590515137,3.223489999771118,3.202961778640747,3.1966500282287598,0.014563606905337076,5,0.032880999147892,0.03384099900722504,0.03340039998292923,0.033479999750852585,0.00032293676058978805,5,0.00443999981507659,0.004480000119656324,0.004472000058740377,0.004480000119656324,1.600012183189392e-05,5,2880,64,8,32,8,16384,TORCH_SDPA,"[4096, 4096]","[0, 0]",[128],2,1,1,3,8192,1,8193,128,0.6666666666666666,true_mixed,True,False,True,3,0,0,False,0,0,BF16,CUDA_EVENT,generic,generic,none
0.00431999983265996,0.004519999958574772,0.004432199895381928,0.00443999981507659,6.895914533233037e-05,5,0.019039999693632126,0.02792000025510788,0.021063999831676485,0.019519999623298645,0.003437171123177576,5,6.585340976715088,6.617300987243652,6.599444770812989,6.5899810791015625,0.013675948681234576,5,0.046241000294685364,0.049559999257326126,0.04726419970393181,0.046959999948740005,0.0011973194995048028,5,0.004399999976158142,0.004519999958574772,0.004479999933391809,0.004519999958574772,5.0596459691431135e-05,5,2880,64,8,32,8,16384,TORCH_SDPA,[8192],[0],"[512, 512, 512, 512, 512, 512, 512, 512]",1,8,8,9,8192,8,8200,512,0.1111111111111111,true_mixed,True,False,True,9,0,0,False,0,0,BF16,CUDA_EVENT,generic,generic,none
0.004360000137239695,0.004559999797493219,0.004472000058740377,0.004480000119656324,6.399990525103007e-05,5,0.01955999992787838,0.07896099984645844,0.03213640004396438,0.01984100043773651,0.02344128558957033,5,6.593900203704834,6.677140235900879,6.61682825088501,6.5996198654174805,0.031573499047543925,5,0.05124000087380409,0.05251999944448471,0.05203219950199127,0.052239999175071716,0.0004391479125650628,5,0.004480000119656324,0.004559999797493219,0.004496000055223703,0.004480000119656324,3.1999871134757994e-05,5,2880,64,8,32,8,16384,TORCH_SDPA,[8192],[0],"[512, 512, 512, 512, 512, 512, 512, 512, 512, 512, 512, 512, 512, 512, 512, 512, 512, 512, 512, 512, 512, 512, 512, 512, 512, 512, 512, 512, 512, 512, 512, 512]",1,32,32,33,8192,32,8224,512,0.030303030303030304,true_mixed,True,False,True,33,0,0,False,0,0,BF16,CUDA_EVENT,generic,generic,none
0.004399999976158142,0.006120000034570694,0.004767999984323978,0.004399999976158142,0.0006775957742886086,5,0.019440000876784325,0.0308810006827116,0.021848200261592864,0.019680000841617584,0.004517985263544097,5,3.19064998626709,3.228688955307007,3.2069937705993654,3.1993699073791504,0.014689289905414071,5,0.038120001554489136,0.039080001413822174,0.0386400006711483,0.038520000874996185,0.0003683473112274448,5,0.00443999981507659,0.00812000036239624,0.005207999981939793,0.004519999958574772,0.0014564396858560845,5,2880,64,8,32,8,16384,TORCH_SDPA,"[4096, 4096]","[0, 0]","[128, 128, 128, 128, 128, 128, 128, 128, 128, 128, 128, 128, 128, 128, 128, 128, 128, 128, 128, 128, 128, 128, 128, 128, 128, 128, 128, 128, 128, 128, 128, 128, 128, 128, 128, 128, 128, 128, 128, 128, 128, 128, 128, 128, 128, 128, 128, 128]",2,48,48,50,8192,48,8240,128,0.04,true_mixed,True,False,True,50,0,0,False,0,0,BF16,CUDA_EVENT,generic,generic,none
0.004480000119656324,0.005200000014156103,0.004671999998390674,0.004559999797493219,0.0002670131128829319,5,0.01375999953597784,0.06056100130081177,0.023280200175940992,0.01384000014513731,0.018642357503024478,5,0.2845599949359894,0.40672099590301514,0.32712880373001096,0.31272101402282715,0.042845901158946424,5,0.03036000020802021,0.0309200007468462,0.03056020028889179,0.030479999259114265,0.00020380442066236811,5,0.004480000119656324,0.005200000014156103,0.004688000027090311,0.004600000102072954,0.00026217550089118065,5,2880,64,8,32,8,16384,TORCH_SDPA,"[1024, 1024]","[0, 0]","[128, 128, 128, 128, 128, 128, 128, 128, 128, 128, 128, 128, 128, 128, 128, 128]",2,16,16,18,2048,16,2064,128,0.1111111111111111,true_mixed,True,False,True,18,0,0,False,0,0,BF16,CUDA_EVENT,generic,generic,none
0.004559999797493219,0.009279999881982803,0.006535999849438668,0.006719999946653843,0.0018122428409005082,5,0.013919999822974205,0.02711999975144863,0.018512000143527985,0.014560000039637089,0.005455706725187577,5,0.28376099467277527,0.432761013507843,0.34840099811553954,0.35384100675582886,0.05058650052785686,5,0.03460000082850456,2.1761269569396973,0.4630333915352821,0.03483999893069267,0.8565467927892715,5,0.004519999958574772,0.009519999846816063,0.006375999841839075,0.004559999797493219,0.002269604300323422,5,2880,64,8,32,8,16384,TORCH_SDPA,"[1024, 1024]","[0, 0]","[128, 128, 128, 128, 128, 128, 128, 128, 128, 128, 128, 128, 128, 128, 128, 128, 128, 128, 128, 128, 128, 128, 128, 128, 128, 128, 128, 128, 128, 128, 128, 128, 128, 128, 128, 128, 128, 128, 128, 128, 128, 128, 128, 128, 128, 128, 128, 128]",2,48,48,50,2048,48,2096,128,0.04,true_mixed,True,False,True,50,0,0,False,0,0,BF16,CUDA_EVENT,generic,generic,none
0.004399999976158142,0.005880000069737434,0.004743999987840653,0.004480000119656324,0.0005694067513930793,5,0.0188400000333786,0.05511999875307083,0.026439999416470527,0.01947999931871891,0.014342038571763884,5,3.1945700645446777,3.264930009841919,3.2189459800720215,3.205009937286377,0.025293104324762943,5,0.058559998869895935,0.060679998248815536,0.05915220007300377,0.058880001306533813,0.0007727989220467828,5,0.004360000137239695,0.004480000119656324,0.004408000037074089,0.004399999976158142,4.6647571055609506e-05,5,2880,64,8,32,8,16384,TORCH_SDPA,"[4096, 4096]","[0, 0]","[1024, 1024]",2,2,2,4,8192,2,8194,1024,0.5,true_mixed,True,False,True,4,0,0,False,0,0,BF16,CUDA_EVENT,generic,generic,none
0.004399999976158142,0.005160000175237656,0.004607999976724386,0.004519999958574772,0.00027988579102791093,5,0.01931999996304512,0.029200000688433647,0.021448000520467757,0.01964000053703785,0.00387842451439027,5,6.575619220733643,6.599658966064453,6.5844193458557125,6.581618785858154,0.008582904651978647,5,0.670881986618042,0.688401997089386,0.680162000656128,0.6803619861602783,0.006808614307866426,5,0.004480000119656324,0.004879999905824661,0.004592000041157007,0.004480000119656324,0.00015676725403041052,5,2880,64,8,32,8,16384,TORCH_SDPA,[8192],[0],"[8192, 8192, 8192, 8192, 8192, 8192, 8192, 8192, 8192, 8192, 8192, 8192, 8192, 8192, 8192, 8192, 8192, 8192, 8192, 8192, 8192, 8192, 8192, 8192, 8192, 8192, 8192, 8192, 8192, 8192, 8192, 8192, 8192, 8192, 8192, 8192, 8192, 8192, 8192, 8192, 8192, 8192, 8192, 8192, 8192, 8192, 8192, 8192]",1,48,48,49,8192,48,8240,8192,0.02040816326530612,true_mixed,True,False,True,49,0,0,False,0,0,BF16,CUDA_EVENT,generic,generic,none
0.004519999958574772,0.004600000102072954,0.0045679999515414235,0.004559999797493219,2.9933337677144675e-05,5,0.013559999875724316,0.06464000046253204,0.023959999904036522,0.01363999955356121,0.020342460307177606,5,0.2829209864139557,0.4086819887161255,0.31032119393348695,0.2841610014438629,0.04928208522363023,5,0.06227999925613403,0.063120998442173,0.06266419813036919,0.0626399964094162,0.0002860880553399618,5,0.004519999958574772,0.004679999779909849,0.004575999919325113,0.004519999958574772,6.974232658443396e-05,5,2880,64,8,32,8,16384,TORCH_SDPA,"[1024, 1024]","[0, 0]","[1024, 1024, 1024, 1024, 1024, 1024, 1024, 1024, 1024, 1024, 1024, 1024, 1024, 1024, 1024, 1024, 1024, 1024, 1024, 1024, 1024, 1024, 1024, 1024]",2,24,24,26,2048,24,2072,1024,0.07692307692307693,true_mixed,True,False,True,26,0,0,False,0,0,BF16,CUDA_EVENT,generic,generic,none
0.00443999981507659,0.004559999797493219,0.004495999962091446,0.004480000119656324,4.079211969054e-05,5,0.01408000010997057,0.04156000167131424,0.01976000051945448,0.014360000379383564,0.010900774861340994,5,0.2832010090351105,0.4383609890937805,0.31646480560302737,0.28672000765800476,0.06100818890182645,5,0.08752000331878662,0.088919997215271,0.08819199949502946,0.0881199985742569,0.0004694834221926253,5,0.004480000119656324,0.007960000075399876,0.005320199951529503,0.004559999797493219,0.001341396401803901,5,2880,64,8,32,8,16384,TORCH_SDPA,"[1024, 1024]","[0, 0]","[1024, 1024, 1024, 1024, 1024, 1024, 1024, 1024, 1024, 1024, 1024, 1024, 1024, 1024, 1024, 1024, 1024, 1024, 1024, 1024, 1024, 1024, 1024, 1024, 1024, 1024, 1024, 1024, 1024, 1024, 1024, 1024, 1024, 1024, 1024, 1024, 1024, 1024, 1024, 1024, 1024, 1024, 1024, 1024, 1024, 1024, 1024, 1024, 1024, 1024, 1024, 1024, 1024, 1024, 1024, 1024, 1024, 1024, 1024, 1024, 1024, 1024, 1024, 1024]",2,64,64,66,2048,64,2112,1024,0.030303030303030304,true_mixed,True,False,True,66,0,0,False,0,0,BF16,CUDA_EVENT,generic,generic,none
0.004399999976158142,0.005840000230818987,0.004736000020056963,0.004480000119656324,0.0005534474847312024,5,0.01940000057220459,0.06372000277042389,0.02860800102353096,0.02012000046670437,0.017558140181346434,5,3.1962099075317383,3.3291308879852295,3.252570152282715,3.2423698902130127,0.05136500005193242,5,0.09640000015497208,0.09907999634742737,0.09748039841651916,0.09656000137329102,0.0012120051236347074,5,0.00443999981507659,0.004480000119656324,0.0044559999369084835,0.00443999981507659,1.9596067155252676e-05,5,2880,64,8,32,8,16384,TORCH_SDPA,"[4096, 4096]","[0, 0]","[1024, 1024, 1024, 1024, 1024, 1024, 1024, 1024, 1024, 1024, 1024, 1024, 1024, 1024, 1024, 1024, 1024, 1024, 1024, 1024, 1024, 1024, 1024, 1024, 1024, 1024, 1024, 1024, 1024, 1024, 1024, 1024, 1024, 1024, 1024, 1024, 1024, 1024, 1024, 1024, 1024, 1024, 1024, 1024, 1024, 1024, 1024, 1024, 1024, 1024, 1024, 1024, 1024, 1024, 1024, 1024, 1024, 1024, 1024, 1024, 1024, 1024, 1024, 1024]",2,64,64,66,8192,64,8256,1024,0.030303030303030304,true_mixed,True,False,True,66,0,0,False,0,0,BF16,CUDA_EVENT,generic,generic,none
0.00431999983265996,0.004480000119656324,0.004416000004857779,0.00443999981507659,6.499236649676148e-05,5,0.01931999996304512,0.030239999294281006,0.02168800011277199,0.01964000053703785,0.004281860885832306,5,6.5904998779296875,6.61474084854126,6.600019931793213,6.596139907836914,0.008760943727061167,5,0.10527999699115753,0.10872100293636322,0.10708860009908676,0.10704100131988525,0.0011210617249994706,5,0.00443999981507659,0.004519999958574772,0.004480000026524067,0.004480000119656324,2.529826665971379e-05,5,2880,64,8,32,8,16384,TORCH_SDPA,[8192],[0],"[2048, 2048, 2048, 2048, 2048, 2048, 2048, 2048, 2048, 2048, 2048, 2048, 2048, 2048, 2048, 2048]",1,16,16,17,8192,16,8208,2048,0.058823529411764705,true_mixed,True,False,True,17,0,0,False,0,0,BF16,CUDA_EVENT,generic,generic,none
0.004480000119656324,0.009759999811649323,0.0055599999614059925,0.004519999958574772,0.002100057066743193,5,0.019440000876784325,0.027000000700354576,0.021344000473618507,0.020160000771284103,0.002863128509518726,5,6.601980209350586,6.632380962371826,6.618396663665772,6.626300811767578,0.012858474622669857,5,0.20044000446796417,0.20584000647068024,0.2020966023206711,0.20136100053787231,0.0019268716770567795,5,0.004480000119656324,0.004600000102072954,0.004544000048190356,0.004519999958574772,4.8000024010787934e-05,5,2880,64,8,32,8,16384,TORCH_SDPA,[8192],[0],"[2048, 2048, 2048, 2048, 2048, 2048, 2048, 2048, 2048, 2048, 2048, 2048, 2048, 2048, 2048, 2048, 2048, 2048, 2048, 2048, 2048, 2048, 2048, 2048, 2048, 2048, 2048, 2048, 2048, 2048, 2048, 2048, 2048, 2048, 2048, 2048, 2048, 2048, 2048, 2048, 2048, 2048, 2048, 2048, 2048, 2048, 2048, 2048]",1,48,48,49,8192,48,8240,2048,0.02040816326530612,true_mixed,True,False,True,49,0,0,False,0,0,BF16,CUDA_EVENT,generic,generic,none
0.00443999981507659,0.004600000102072954,0.004528000019490719,0.004519999958574772,6.400007987400752e-05,5,0.014279999770224094,0.09956000000238419,0.03158400002866983,0.014560000039637089,0.03398939692152111,5,0.28304100036621094,0.4876820147037506,0.32454519867897036,0.2842809855937958,0.08157104817065079,5,0.19920000433921814,0.2013999968767166,0.20036059916019439,0.20016099512577057,0.0008048146248716144,5,0.004519999958574772,0.004639999940991402,0.0045679999515414235,0.004559999797493219,4.664763494375637e-05,5,2880,64,8,32,8,16384,TORCH_SDPA,"[1024, 1024]","[0, 0]","[4096, 4096, 4096, 4096, 4096, 4096, 4096, 4096, 4096, 4096, 4096, 4096, 4096, 4096, 4096, 4096, 4096, 4096, 4096, 4096, 4096, 4096, 4096, 4096, 4096, 4096, 4096, 4096, 4096, 4096, 4096, 4096]",2,32,32,34,2048,32,2080,4096,0.058823529411764705,true_mixed,True,False,True,34,0,0,False,0,0,BF16,CUDA_EVENT,generic,generic,none
0.004360000137239695,0.011880000121891499,0.005888000037521124,0.004399999976158142,0.002996040094998842,5,0.01916000060737133,0.047481000423431396,0.025032200291752814,0.019600000232458115,0.011225896706186496,5,3.208250045776367,3.308248996734619,3.2294178009033203,3.210249900817871,0.03942289125509868,5,0.04264000058174133,0.04303999990224838,0.042832200974226,0.04280000180006027,0.000162589402593547,5,0.004399999976158142,0.004519999958574772,0.004456000030040741,0.004480000119656324,4.8000024010787934e-05,5,2880,64,8,32,8,16384,TORCH_SDPA,"[4096, 4096]","[0, 0]",[512],2,1,1,3,8192,1,8193,512,0.6666666666666666,true_mixed,True,False,True,3,0,0,False,0,0,BF16,CUDA_EVENT,generic,generic,none
0.00443999981507659,0.005840000230818987,0.004743999987840653,0.004480000119656324,0.0005488024573928556,5,0.01892000064253807,0.053040001541376114,0.026424000412225722,0.019120000302791595,0.013356134109793874,5,3.200809955596924,3.2618889808654785,3.2212662220001222,3.211611032485962,0.022418257070617644,5,0.15000000596046448,0.15196000039577484,0.1508402019739151,0.15068000555038452,0.0006524403916897789,5,0.00431999983265996,0.004519999958574772,0.004424199927598238,0.00443999981507659,6.504279224099807e-05,5,2880,64,8,32,8,16384,TORCH_SDPA,"[4096, 4096]","[0, 0]","[4096, 4096, 4096, 4096]",2,4,4,6,8192,4,8196,4096,0.3333333333333333,true_mixed,True,False,True,6,0,0,False,0,0,BF16,CUDA_EVENT,generic,generic,none
0.004480000119656324,0.004639999940991402,0.004544000048190356,0.004519999958574772,6.499226332255945e-05,5,0.01931999996304512,0.0284000001847744,0.021536200121045113,0.02012000046670437,0.003446915413352601,5,6.558379173278809,6.603499889373779,6.575163269042969,6.569258213043213,0.01715477925373163,5,0.0756400004029274,0.08104000240564346,0.0774959996342659,0.07683999836444855,0.0018518932162934505,5,0.004519999958574772,0.004600000102072954,0.0045679999515414235,0.004559999797493219,2.9933337677144675e-05,5,2880,64,8,32,8,16384,TORCH_SDPA,[8192],[0],"[512, 512, 512, 512, 512, 512, 512, 512, 512, 512, 512, 512, 512, 512, 512, 512, 512, 512, 512, 512, 512, 512, 512, 512, 512, 512, 512, 512, 512, 512, 512, 512, 512, 512, 512, 512, 512, 512, 512, 512, 512, 512, 512, 512, 512, 512, 512, 512, 512, 512, 512, 512, 512, 512, 512, 512, 512, 512, 512, 512, 512, 512, 512, 512, 512, 512, 512, 512, 512, 512, 512, 512, 512, 512, 512, 512, 512, 512, 512, 512, 512, 512, 512, 512, 512, 512, 512, 512, 512, 512, 512, 512, 512, 512, 512, 512]",1,96,96,97,8192,96,8288,512,0.010309278350515464,true_mixed,True,False,True,97,0,0,False,0,0,BF16,CUDA_EVENT,generic,generic,none
0.004480999894440174,0.00839999970048666,0.005320199858397245,0.004559999797493219,0.001540799765495363,5,0.013919999822974205,0.02151999995112419,0.015647999942302704,0.014159999787807465,0.0029423691134911616,5,0.2833999991416931,0.3746809959411621,0.31388880014419557,0.2946009933948517,0.033802868935804295,5,0.035280000418424606,0.0406000018119812,0.03659200072288513,0.03564000129699707,0.0020183799950075102,5,0.004519999958574772,0.0055599999614059925,0.0047599999234080315,0.004559999797493219,0.00040239286106555193,5,2880,64,8,32,8,16384,TORCH_SDPA,"[1024, 1024]","[0, 0]","[128, 128, 128, 128, 128, 128, 128, 128, 128, 128, 128, 128, 128, 128, 128, 128, 128, 128, 128, 128, 128, 128, 128, 128, 128, 128, 128, 128, 128, 128, 128, 128, 128, 128, 128, 128, 128, 128, 128, 128, 128, 128, 128, 128, 128, 128, 128, 128, 128, 128, 128, 128, 128, 128, 128, 128, 128, 128, 128, 128, 128, 128, 128, 128]",2,64,64,66,2048,64,2112,128,0.030303030303030304,true_mixed,True,False,True,66,0,0,False,0,0,BF16,CUDA_EVENT,generic,generic,none
0.00443999981507659,0.007360000163316727,0.005047999974340201,0.004480000119656324,0.0011563806564212186,5,0.013279999606311321,0.03108000010251999,0.016959999687969685,0.01351999957114458,0.007060561091330078,5,0.2804810106754303,0.358801007270813,0.29789699912071227,0.28196099400520325,0.030542193595864017,5,0.08551999926567078,0.0870399996638298,0.08596020042896271,0.0857200026512146,0.0005617113669130447,5,0.004480000119656324,0.004639999940991402,0.00457600001245737,0.004600000102072954,6.499226332255945e-05,5,2880,64,8,32,8,16384,TORCH_SDPA,"[1024, 1024]","[0, 0]",[2048],2,1,1,3,2048,1,2049,2048,0.6666666666666666,true_mixed,True,False,True,3,0,0,False,0,0,BF16,CUDA_EVENT,generic,generic,none
0.004399999976158142,0.004519999958574772,0.004447999969124794,0.00443999981507659,4.664763494375637e-05,5,0.019120000302791595,0.08364000171422958,0.03237600028514862,0.01971999928355217,0.02563303689607019,5,6.541820049285889,6.64254093170166,6.5926368713378904,6.59066104888916,0.036558516898799215,5,0.35732200741767883,0.36288100481033325,0.3600332021713257,0.36000099778175354,0.002173837870451141,5,0.004360000137239695,0.004480000119656324,0.004440000001341105,0.00443999981507659,4.381779818013822e-05,5,2880,64,8,32,8,16384,TORCH_SDPA,[8192],[0],"[8192, 8192, 8192, 8192, 8192, 8192, 8192, 8192, 8192, 8192, 8192, 8192, 8192, 8192, 8192, 8192, 8192, 8192, 8192, 8192, 8192, 8192, 8192, 8192]",1,24,24,25,8192,24,8216,8192,0.04,true_mixed,True,False,True,25,0,0,False,0,0,BF16,CUDA_EVENT,generic,generic,none
0.004480000119656324,0.00788000039756298,0.005520000029355288,0.004559999797493219,0.001330744336581842,5,0.01979999989271164,0.0284000001847744,0.02208000011742115,0.020800000056624413,0.003191889788463222,5,3.177809953689575,3.234848976135254,3.193761777877808,3.1862499713897705,0.020965553902218752,5,0.568481981754303,0.573602020740509,0.5716500043869018,0.5718420147895813,0.0017787082184696156,5,0.00443999981507659,0.00443999981507659,0.00443999981507659,0.00443999981507659,0.0,5,2880,64,8,32,8,16384,TORCH_SDPA,"[4096, 4096]","[0, 0]","[4096, 4096, 4096, 4096, 4096, 4096, 4096, 4096, 4096, 4096, 4096, 4096, 4096, 4096, 4096, 4096, 4096, 4096, 4096, 4096, 4096, 4096, 4096, 4096, 4096, 4096, 4096, 4096, 4096, 4096, 4096, 4096, 4096, 4096, 4096, 4096, 4096, 4096, 4096, 4096, 4096, 4096, 4096, 4096, 4096, 4096, 4096, 4096, 4096, 4096, 4096, 4096, 4096, 4096, 4096, 4096, 4096, 4096, 4096, 4096, 4096, 4096, 4096, 4096, 4096, 4096, 4096, 4096, 4096, 4096, 4096, 4096, 4096, 4096, 4096, 4096, 4096, 4096, 4096, 4096, 4096, 4096, 4096, 4096, 4096, 4096, 4096, 4096, 4096, 4096, 4096, 4096, 4096, 4096, 4096, 4096]",2,96,96,98,8192,96,8288,4096,0.02040816326530612,true_mixed,True,False,True,98,0,0,False,0,0,BF16,CUDA_EVENT,generic,generic,none
0.00443999981507659,0.004559999797493219,0.004495999868959188,0.004480000119656324,5.425861360592359e-05,5,0.013240000233054161,0.023439999669790268,0.015392000041902065,0.013439999893307686,0.004026265576166859,5,0.2818410098552704,0.3827210068702698,0.30320900678634644,0.28352099657058716,0.03977833301149124,5,0.25224098563194275,0.25352099537849426,0.25267280340194703,0.25248101353645325,0.00044284046748457255,5,0.004480000119656324,0.004679999779909849,0.004535999987274409,0.004519999958574772,7.418882997097906e-05,5,2880,64,8,32,8,16384,TORCH_SDPA,"[1024, 1024]","[0, 0]","[8192, 8192]",2,2,2,4,2048,2,2050,8192,0.5,true_mixed,True,False,True,4,0,0,False,0,0,BF16,CUDA_EVENT,generic,generic,none
0.00443999981507659,0.01143999956548214,0.007127999980002642,0.005080000031739473,0.0030039333840021004,5,0.014759999699890614,0.061159998178482056,0.025640199333429335,0.015320999547839165,0.017981848942479586,5,0.2828809916973114,1.4852850437164307,0.549777603149414,0.2855609953403473,0.47034924469436007,5,0.10944099724292755,0.23848100006580353,0.1367364004254341,0.11264000087976456,0.050895620922012545,5,0.004480000119656324,0.007799999788403511,0.005176000017672777,0.004519999958574772,0.0013127313886077655,5,2880,64,8,32,8,16384,TORCH_SDPA,"[1024, 1024]","[0, 0]","[1024, 1024, 1024, 1024, 1024, 1024, 1024, 1024, 1024, 1024, 1024, 1024, 1024, 1024, 1024, 1024, 1024, 1024, 1024, 1024, 1024, 1024, 1024, 1024, 1024, 1024, 1024, 1024, 1024, 1024, 1024, 1024, 1024, 1024, 1024, 1024, 1024, 1024, 1024, 1024, 1024, 1024, 1024, 1024, 1024, 1024, 1024, 1024, 1024, 1024, 1024, 1024, 1024, 1024, 1024, 1024, 1024, 1024, 1024, 1024, 1024, 1024, 1024, 1024, 1024, 1024, 1024, 1024, 1024, 1024, 1024, 1024, 1024, 1024, 1024, 1024, 1024, 1024, 1024, 1024, 1024, 1024, 1024, 1024, 1024, 1024, 1024, 1024, 1024, 1024, 1024, 1024, 1024, 1024, 1024, 1024]",2,96,96,98,2048,96,2144,1024,0.02040816326530612,true_mixed,True,False,True,98,0,0,False,0,0,BF16,CUDA_EVENT,generic,generic,none
0.00443999981507659,0.04452100023627281,0.012472200021147729,0.004480000119656324,0.016024410092484644,5,0.019161000847816467,0.09027999639511108,0.03376019932329655,0.019759999588131905,0.02826095251799627,5,6.610098838806152,6.870739936828613,6.672531604766846,6.625939846038818,0.0996004054552989,5,0.7570819854736328,0.7704830169677734,0.7633222103118896,0.763562023639679,0.004991357394508089,5,0.004519999958574772,0.004559999797493219,0.0045439998619258406,0.004559999797493219,1.9595839028743304e-05,5,2880,64,8,32,8,16384,TORCH_SDPA,[8192],[0],"[8192, 8192, 8192, 8192, 8192, 8192, 8192, 8192, 8192, 8192, 8192, 8192, 8192, 8192, 8192, 8192, 8192, 8192, 8192, 8192, 8192, 8192, 8192, 8192, 8192, 8192, 8192, 8192, 8192, 8192, 8192, 8192, 8192, 8192, 8192, 8192, 8192, 8192, 8192, 8192, 8192, 8192, 8192, 8192, 8192, 8192, 8192, 8192, 8192, 8192, 8192, 8192, 8192, 8192, 8192, 8192, 8192, 8192, 8192, 8192, 8192, 8192, 8192, 8192]",1,64,64,65,8192,64,8256,8192,0.015384615384615385,true_mixed,True,False,True,65,0,0,False,0,0,BF16,CUDA_EVENT,generic,generic,none
0.004559999797493219,0.004999999888241291,0.0046559998765587805,0.004559999797493219,0.00017269628155916546,5,0.013279999606311321,0.03680099919438362,0.018152199685573578,0.01363999955356121,0.009325682321645223,5,0.2841610014438629,0.41460099816322327,0.32446500062942507,0.3066810071468353,0.04693995732581674,5,0.04244000092148781,0.0430000014603138,0.04264020025730133,0.04259999841451645,0.0002084236448148584,5,0.004559999797493219,0.005080000031739473,0.00470399996265769,0.004600000102072954,0.0001920000261938104,5,2880,64,8,32,8,16384,TORCH_SDPA,"[1024, 1024]","[0, 0]","[512, 512, 512, 512, 512, 512, 512, 512]",2,8,8,10,2048,8,2056,512,0.2,true_mixed,True,False,True,10,0,0,False,0,0,BF16,CUDA_EVENT,generic,generic,none
0.004399999976158142,0.00535999983549118,0.004671999905258417,0.004519999958574772,0.0003481608413230643,5,0.0163199994713068,0.024560000747442245,0.018360000103712082,0.016920000314712524,0.003122870843912478,5,0.29148000478744507,0.38068100810050964,0.31167280673980713,0.2956410050392151,0.03454354330097499,5,0.5754410028457642,0.5853220224380493,0.5810495972633362,0.5804420113563538,0.0036723433621717173,5,0.00443999981507659,0.008080000057816505,0.005224000010639429,0.004519999958574772,0.001428980081953483,5,2880,64,8,32,8,16384,TORCH_SDPA,"[1024, 1024]","[0, 0]","[4096, 4096, 4096, 4096, 4096, 4096, 4096, 4096, 4096, 4096, 4096, 4096, 4096, 4096, 4096, 4096, 4096, 4096, 4096, 4096, 4096, 4096, 4096, 4096, 4096, 4096, 4096, 4096, 4096, 4096, 4096, 4096, 4096, 4096, 4096, 4096, 4096, 4096, 4096, 4096, 4096, 4096, 4096, 4096, 4096, 4096, 4096, 4096, 4096, 4096, 4096, 4096, 4096, 4096, 4096, 4096, 4096, 4096, 4096, 4096, 4096, 4096, 4096, 4096, 4096, 4096, 4096, 4096, 4096, 4096, 4096, 4096, 4096, 4096, 4096, 4096, 4096, 4096, 4096, 4096, 4096, 4096, 4096, 4096, 4096, 4096, 4096, 4096, 4096, 4096, 4096, 4096, 4096, 4096, 4096, 4096]",2,96,96,98,2048,96,2144,4096,0.02040816326530612,true_mixed,True,False,True,98,0,0,False,0,0,BF16,CUDA_EVENT,generic,generic,none
0.004519999958574772,0.008960000239312649,0.005607999954372644,0.004679999779909849,0.0016943011730715712,5,0.018719999119639397,0.04628000035881996,0.02425599955022335,0.018719999119639397,0.011012098480179006,5,3.180609941482544,3.2802910804748535,3.2187142372131348,3.20917010307312,0.03342849872028277,5,0.14504100382328033,0.1497199982404709,0.14672040045261384,0.14535999298095703,0.001932119643302567,5,0.004480000119656324,0.005520000122487545,0.004712000116705894,0.004480000119656324,0.00040666448296204275,5,2880,64,8,32,8,16384,TORCH_SDPA,"[4096, 4096]","[0, 0]",[4096],2,1,1,3,8192,1,8193,4096,0.6666666666666666,true_mixed,True,False,True,3,0,0,False,0,0,BF16,CUDA_EVENT,generic,generic,none
0.004399999976158142,0.00559999980032444,0.004671999905258417,0.00443999981507659,0.00046606432039791797,5,0.01892000064253807,0.042319998145103455,0.024031999707221984,0.019519999623298645,0.009154858892677073,5,3.2036900520324707,3.337651014328003,3.2629862308502195,3.253690004348755,0.04949159544637902,5,0.09204000234603882,0.09344000369310379,0.09255219995975494,0.09240099787712097,0.0004855063847883387,5,0.004399999976158142,0.004480000119656324,0.004431999940425158,0.00443999981507659,2.9933287895859092e-05,5,2880,64,8,32,8,16384,TORCH_SDPA,"[4096, 4096]","[0, 0]","[2048, 2048]",2,2,2,4,8192,2,8194,2048,0.5,true_mixed,True,False,True,4,0,0,False,0,0,BF16,CUDA_EVENT,generic,generic,none
0.004480000119656324,0.007799999788403511,0.005335999932140112,0.004679999779909849,0.0012508172485845928,5,0.013240000233054161,0.0221599992364645,0.015223999693989753,0.01351999957114458,0.0034764209163264826,5,0.294840008020401,0.4482809901237488,0.3447927951812744,0.31756100058555603,0.05455552987396754,5,0.040119998157024384,0.04075999930500984,0.04045619890093803,0.04044099897146225,0.00020951837691700567,5,0.004519999958574772,0.004600000102072954,0.0045599998906254765,0.004559999797493219,2.529826665971379e-05,5,2880,64,8,32,8,16384,TORCH_SDPA,"[1024, 1024]","[0, 0]",[512],2,1,1,3,2048,1,2049,512,0.6666666666666666,true_mixed,True,False,True,3,0,0,False,0,0,BF16,CUDA_EVENT,generic,generic,none
0.004519999958574772,0.005640000104904175,0.004775999952107668,0.004559999797493219,0.0004327401856819871,5,0.013159999623894691,0.056759998202323914,0.022087999619543552,0.01360000018030405,0.017337374412205512,5,0.2817609906196594,0.4074009954929352,0.3079927980899811,0.2839210033416748,0.04972034159605329,5,0.09920000284910202,0.10060100257396698,0.0999764010310173,0.10000000149011612,0.0004913518381767948,5,0.004480000119656324,0.004559999797493219,0.0045439998619258406,0.004559999797493219,3.1999871134757994e-05,5,2880,64,8,32,8,16384,TORCH_SDPA,"[1024, 1024]","[0, 0]","[2048, 2048, 2048, 2048, 2048, 2048, 2048, 2048, 2048, 2048, 2048, 2048, 2048, 2048, 2048, 2048]",2,16,16,18,2048,16,2064,2048,0.1111111111111111,true_mixed,True,False,True,18,0,0,False,0,0,BF16,CUDA_EVENT,generic,generic,none
0.004279999993741512,0.004480000119656324,0.004384000040590763,0.004399999976158142,6.499233210529004e-05,5,0.01907999999821186,0.024399999529123306,0.020559999719262124,0.01995999924838543,0.0019546865493321013,5,6.58574104309082,6.617862224578857,6.606285285949707,6.607262134552002,0.011170688065092598,5,0.05567999929189682,0.057360000908374786,0.0564079999923706,0.05615999922156334,0.0006321521115807469,5,0.00443999981507659,0.004519999958574772,0.004479999933391809,0.004480000119656324,3.5777151814455904e-05,5,2880,64,8,32,8,16384,TORCH_SDPA,[8192],[0],"[512, 512, 512, 512, 512, 512, 512, 512, 512, 512, 512, 512, 512, 512, 512, 512, 512, 512, 512, 512, 512, 512, 512, 512, 512, 512, 512, 512, 512, 512, 512, 512, 512, 512, 512, 512, 512, 512, 512, 512, 512, 512, 512, 512, 512, 512, 512, 512]",1,48,48,49,8192,48,8240,512,0.02040816326530612,true_mixed,True,False,True,49,0,0,False,0,0,BF16,CUDA_EVENT,generic,generic,none
0.004480000119656324,0.00872000027447939,0.005352000053972006,0.004519999958574772,0.0016842613705262232,5,0.01875999942421913,0.027319999411702156,0.02064799964427948,0.01899999938905239,0.003338924281483411,5,3.168529987335205,3.268209934234619,3.1982179641723634,3.1840100288391113,0.03559361277046683,5,0.032919999212026596,0.033479999750852585,0.0331679992377758,0.03311999887228012,0.0001949773364087771,5,0.004480000119656324,0.004679999779909849,0.0045519999228417875,0.004559999797493219,7.332107843698469e-05,5,2880,64,8,32,8,16384,TORCH_SDPA,"[4096, 4096]","[0, 0]","[128, 128, 128, 128]",2,4,4,6,8192,4,8196,128,0.3333333333333333,true_mixed,True,False,True,6,0,0,False,0,0,BF16,CUDA_EVENT,generic,generic,none
0.00443999981507659,0.01336000021547079,0.006592000089585781,0.004480000119656324,0.003449976306065317,5,0.01947999931871891,0.044360000640153885,0.02449599988758564,0.019519999623298645,0.009932076897490077,5,3.2035300731658936,3.291369915008545,3.235065984725952,3.2216100692749023,0.03048994808191991,5,0.03392000123858452,0.03791999816894531,0.0353922002017498,0.03532100096344948,0.0013817902469109304,5,0.00443999981507659,0.005919999908655882,0.0047519998624920845,0.00443999981507659,0.0005848213662338421,5,2880,64,8,32,8,16384,TORCH_SDPA,"[4096, 4096]","[0, 0]","[128, 128, 128, 128, 128, 128, 128, 128, 128, 128, 128, 128, 128, 128, 128, 128]",2,16,16,18,8192,16,8208,128,0.1111111111111111,true_mixed,True,False,True,18,0,0,False,0,0,BF16,CUDA_EVENT,generic,generic,none
0.004480000119656324,0.00800000037997961,0.005344000086188317,0.004559999797493219,0.0013511715015495042,5,0.013199999928474426,0.021400000900030136,0.014936000108718872,0.01336000021547079,0.0032326933896115566,5,0.27984100580215454,0.3651599884033203,0.31285679936408994,0.28172099590301514,0.03972837095251937,5,0.0868000015616417,0.7698820233345032,0.2246088057756424,0.0872810035943985,0.27264398102265414,5,0.00443999981507659,0.004559999797493219,0.004503999929875135,0.004519999958574772,4.079213795521706e-05,5,2880,64,8,32,8,16384,TORCH_SDPA,"[1024, 1024]","[0, 0]","[2048, 2048]",2,2,2,4,2048,2,2050,2048,0.5,true_mixed,True,False,True,4,0,0,False,0,0,BF16,CUDA_EVENT,generic,generic,none
0.00443999981507659,0.021719999611377716,0.008807999920099974,0.004600000102072954,0.006656721000505468,5,0.0188400000333786,0.07212100178003311,0.029952400550246238,0.019680000841617584,0.02108664640455849,5,3.198930025100708,3.3916900157928467,3.2407380104064942,3.203249931335449,0.07554963683124803,5,0.03232000023126602,0.03440000116825104,0.03354400023818016,0.034040000289678574,0.000853266944191861,5,0.00443999981507659,0.004600000102072954,0.004519999958574772,0.004519999958574772,5.656857810916412e-05,5,2880,64,8,32,8,16384,TORCH_SDPA,"[4096, 4096]","[0, 0]","[128, 128]",2,2,2,4,8192,2,8194,128,0.5,true_mixed,True,False,True,4,0,0,False,0,0,BF16,CUDA_EVENT,generic,generic,none
0.00431999983265996,0.004559999797493219,0.004407999850809574,0.004399999976158142,8.908421396411914e-05,5,0.01907999999821186,0.026480000466108322,0.021215999871492384,0.01955999992787838,0.0027990400967262867,5,3.2048499584198,3.2506890296936035,3.2219776153564452,3.220329999923706,0.016346932370384062,5,0.26148098707199097,0.2637610137462616,0.262568998336792,0.26232099533081055,0.000889554745589192,5,0.004360000137239695,0.004519999958574772,0.004448000062257052,0.004480000119656324,5.878773253909213e-05,5,2880,64,8,32,8,16384,TORCH_SDPA,"[4096, 4096]","[0, 0]","[8192, 8192, 8192, 8192]",2,4,4,6,8192,4,8196,8192,0.3333333333333333,true_mixed,True,False,True,6,0,0,False,0,0,BF16,CUDA_EVENT,generic,generic,none
0.004399999976158142,0.004559999797493219,0.004471999872475862,0.00443999981507659,5.8787732539092134e-05,5,0.014120000414550304,0.06604000180959702,0.025560000352561472,0.015639999881386757,0.020283874107414907,5,0.2866010069847107,0.40452098846435547,0.31082500219345094,0.2876810133457184,0.04685268549059407,5,0.3433209955692291,0.34832099080085754,0.3453610002994537,0.3455210030078888,0.00187428396034058,5,0.00443999981507659,0.004600000102072954,0.004527999926358462,0.004559999797493219,5.878777056032047e-05,5,2880,64,8,32,8,16384,TORCH_SDPA,"[1024, 1024]","[0, 0]","[8192, 8192, 8192, 8192, 8192, 8192, 8192, 8192, 8192, 8192, 8192, 8192, 8192, 8192, 8192, 8192, 8192, 8192, 8192, 8192, 8192, 8192, 8192, 8192]",2,24,24,26,2048,24,2072,8192,0.07692307692307693,true_mixed,True,False,True,26,0,0,False,0,0,BF16,CUDA_EVENT,generic,generic,none
0.004399999976158142,0.004559999797493219,0.004487999994307756,0.004480000119656324,5.306593738933737e-05,5,0.019200000911951065,0.034359999001026154,0.022407999634742735,0.01923999935388565,0.005983518373163637,5,3.168450117111206,3.238450050354004,3.19794602394104,3.190730094909668,0.02459534899726053,5,0.06136000156402588,0.06304100155830383,0.0618802011013031,0.06164000183343887,0.0005947641354649167,5,0.004480000119656324,0.006000000052154064,0.004848000034689904,0.004600000102072954,0.0005787711176605614,5,2880,64,8,32,8,16384,TORCH_SDPA,"[4096, 4096]","[0, 0]","[1024, 1024, 1024, 1024, 1024, 1024, 1024, 1024]",2,8,8,10,8192,8,8200,1024,0.2,true_mixed,True,False,True,10,0,0,False,0,0,BF16,CUDA_EVENT,generic,generic,none
0.00443999981507659,0.004519999958574772,0.004463999904692173,0.00443999981507659,3.2000080682464336e-05,5,0.02239999920129776,0.03296000137925148,0.024800000339746477,0.022840000689029694,0.004088697137226841,5,12.939558982849121,13.099959373474121,13.01606273651123,12.976998329162598,0.06758970068841165,5,0.033160001039505005,0.03448000177741051,0.033640000969171524,0.033640000969171524,0.0004685297476330194,5,0.004399999976158142,0.004600000102072954,0.004503999929875135,0.004519999958574772,7.418898061168757e-05,5,2880,64,8,32,8,16384,TORCH_SDPA,"[8192, 8192]","[0, 0]","[128, 128]",2,2,2,4,16384,2,16386,128,0.5,true_mixed,True,False,True,4,0,0,False,0,0,BF16,CUDA_EVENT,generic,generic,none
0.004480000119656324,0.007319999858736992,0.005303999967873096,0.004559999797493219,0.0010976629418919513,5,0.013079999946057796,0.30712100863456726,0.07273640166968107,0.013481000438332558,0.11719926369839105,5,0.3698410093784332,0.7601220011711121,0.5265053987503052,0.43584099411964417,0.16395108845212736,5,0.2569209933280945,0.28095999360084534,0.2628167986869812,0.259321004152298,0.009147368971032818,5,0.00443999981507659,0.004639999940991402,0.0045519998297095295,0.004559999797493219,6.400003330783644e-05,5,2880,64,8,32,8,16384,TORCH_SDPA,"[1024, 1024]","[0, 0]","[8192, 8192, 8192, 8192]",2,4,4,6,2048,4,2052,8192,0.3333333333333333,true_mixed,True,False,True,6,0,0,False,0,0,BF16,CUDA_EVENT,generic,generic,none
0.00443999981507659,0.013880000449717045,0.006352000031620264,0.004480000119656324,0.00376411710468798,5,0.01916000060737133,0.0408409982919693,0.024776199832558632,0.01988000050187111,0.008281859446087296,5,6.565380096435547,6.605140209197998,6.585595989227295,6.585939884185791,0.012598534239283683,5,0.2165209949016571,0.21948100626468658,0.2180889993906021,0.21816100180149078,0.0010490100519091865,5,0.004399999976158142,0.007199999876320362,0.004991999920457601,0.00443999981507659,0.0011048692007246032,5,2880,64,8,32,8,16384,TORCH_SDPA,[8192],[0],"[2048, 2048, 2048, 2048, 2048, 2048, 2048, 2048, 2048, 2048, 2048, 2048, 2048, 2048, 2048, 2048, 2048, 2048, 2048, 2048, 2048, 2048, 2048, 2048, 2048, 2048, 2048, 2048, 2048, 2048, 2048, 2048, 2048, 2048, 2048, 2048, 2048, 2048, 2048, 2048, 2048, 2048, 2048, 2048, 2048, 2048, 2048, 2048, 2048, 2048, 2048, 2048, 2048, 2048, 2048, 2048, 2048, 2048, 2048, 2048, 2048, 2048, 2048, 2048]",1,64,64,65,8192,64,8256,2048,0.015384615384615385,true_mixed,True,False,True,65,0,0,False,0,0,BF16,CUDA_EVENT,generic,generic,none
0.004519999958574772,0.0414000004529953,0.01193600008264184,0.004600000102072954,0.01473203005224112,5,0.018959999084472656,0.11060000211000443,0.03748820051550865,0.01931999996304512,0.03655627124584008,5,3.1878890991210938,3.523611068725586,3.261698007583618,3.1984899044036865,0.13103625582921727,5,0.17652000486850739,0.18056100606918335,0.17779260277748107,0.17732100188732147,0.0014486016022523041,5,0.004480000119656324,0.004559999797493219,0.004511999990791082,0.004519999958574772,2.9933138551795365e-05,5,2880,64,8,32,8,16384,TORCH_SDPA,"[4096, 4096]","[0, 0]","[4096, 4096, 4096, 4096, 4096, 4096, 4096, 4096, 4096, 4096, 4096, 4096, 4096, 4096, 4096, 4096]",2,16,16,18,8192,16,8208,4096,0.1111111111111111,true_mixed,True,False,True,18,0,0,False,0,0,BF16,CUDA_EVENT,generic,generic,none
0.004399999976158142,0.004600000102072954,0.004496000055223703,0.004480000119656324,6.499233210529004e-05,5,0.019440000876784325,0.04236000031232834,0.024168000370264054,0.01964000053703785,0.00909721361085071,5,3.1986100673675537,3.3096508979797363,3.228394365310669,3.201050043106079,0.042613779589515795,5,0.05868000164628029,0.06072000041604042,0.060056000202894214,0.060440000146627426,0.0007692481549546001,5,0.00443999981507659,0.004600000102072954,0.0045439998619258406,0.004559999797493219,5.4258695995502165e-05,5,2880,64,8,32,8,16384,TORCH_SDPA,"[4096, 4096]","[0, 0]","[1024, 1024, 1024, 1024]",2,4,4,6,8192,4,8196,1024,0.3333333333333333,true_mixed,True,False,True,6,0,0,False,0,0,BF16,CUDA_EVENT,generic,generic,none
0.004399999976158142,0.005799999926239252,0.004719999991357327,0.004480000119656324,0.0005408141722667187,5,0.01907999999821186,0.040119998157024384,0.023423999547958374,0.01931999996304512,0.008348550317386271,5,3.206969976425171,3.3299310207366943,3.23840217590332,3.2195699214935303,0.046005826712475745,5,0.06628099828958511,0.07016000151634216,0.06734440177679062,0.06648000329732895,0.0014684568171201503,5,0.004399999976158142,0.004480000119656324,0.004439999908208847,0.00443999981507659,2.529826665971379e-05,5,2880,64,8,32,8,16384,TORCH_SDPA,"[4096, 4096]","[0, 0]","[1024, 1024, 1024, 1024, 1024, 1024, 1024, 1024, 1024, 1024, 1024, 1024, 1024, 1024, 1024, 1024, 1024, 1024, 1024, 1024, 1024, 1024, 1024, 1024]",2,24,24,26,8192,24,8216,1024,0.07692307692307693,true_mixed,True,False,True,26,0,0,False,0,0,BF16,CUDA_EVENT,generic,generic,none
0.004399999976158142,0.004559999797493219,0.004503999929875135,0.004519999958574772,5.986643889284003e-05,5,0.018799999728798866,0.044840000569820404,0.02423200011253357,0.01907999999821186,0.01030688801893357,5,3.1759700775146484,3.24141001701355,3.202858018875122,3.1882100105285645,0.025568455359694226,5,0.037039998918771744,0.03743999823927879,0.03727199956774711,0.03731999918818474,0.00015051870353240511,5,0.004480000119656324,0.004600000102072954,0.004543999955058098,0.004559999797493219,4.079211969054e-05,5,2880,64,8,32,8,16384,TORCH_SDPA,"[4096, 4096]","[0, 0]","[128, 128, 128, 128, 128, 128, 128, 128, 128, 128, 128, 128, 128, 128, 128, 128, 128, 128, 128, 128, 128, 128, 128, 128, 128, 128, 128, 128, 128, 128, 128, 128]",2,32,32,34,8192,32,8224,128,0.058823529411764705,true_mixed,True,False,True,34,0,0,False,0,0,BF16,CUDA_EVENT,generic,generic,none
0.004559999797493219,0.02548000030219555,0.008743999898433686,0.004559999797493219,0.008368000201880933,5,0.014120000414550304,0.02452000044286251,0.016744000278413294,0.014240000396966934,0.004002607206417815,5,0.28216099739074707,0.40720200538635254,0.314409202337265,0.29096099734306335,0.04744928455991702,5,0.050999999046325684,0.05655999854207039,0.052479999512434004,0.05155999958515167,0.0020578819579757717,5,0.004480000119656324,0.005400000140070915,0.004719999991357327,0.004559999797493219,0.0003422280637727904,5,2880,64,8,32,8,16384,TORCH_SDPA,"[1024, 1024]","[0, 0]","[512, 512, 512, 512, 512, 512, 512, 512, 512, 512, 512, 512, 512, 512, 512, 512, 512, 512, 512, 512, 512, 512, 512, 512, 512, 512, 512, 512, 512, 512, 512, 512, 512, 512, 512, 512, 512, 512, 512, 512, 512, 512, 512, 512, 512, 512, 512, 512]",2,48,48,50,2048,48,2096,512,0.04,true_mixed,True,False,True,50,0,0,False,0,0,BF16,CUDA_EVENT,generic,generic,none
0.00443999981507659,0.02232000045478344,0.008136000018566847,0.004639999940991402,0.00709355109387036,5,0.019440000876784325,0.07552000135183334,0.03089600019156933,0.019759999588131905,0.022313743068253063,5,3.2258899211883545,3.4660909175872803,3.3191301822662354,3.2972500324249268,0.08394498685165752,5,0.04788000136613846,0.04928100109100342,0.04856840074062348,0.04848000034689903,0.0005387776384795042,5,0.004399999976158142,0.004679999779909849,0.004471999872475862,0.00443999981507659,0.00010552718984146742,5,2880,64,8,32,8,16384,TORCH_SDPA,"[4096, 4096]","[0, 0]","[512, 512, 512, 512, 512, 512, 512, 512, 512, 512, 512, 512, 512, 512, 512, 512]",2,16,16,18,8192,16,8208,512,0.1111111111111111,true_mixed,True,False,True,18,0,0,False,0,0,BF16,CUDA_EVENT,generic,generic,none
0.00443999981507659,0.004559999797493219,0.004487999994307756,0.004480000119656324,3.919179212101793e-05,5,0.018959999084472656,0.04404100030660629,0.024280399829149247,0.019321000203490257,0.009886144085643441,5,3.2003700733184814,3.2715299129486084,3.2196500301361084,3.2094500064849854,0.026193351708827556,5,0.15703999996185303,0.15940099954605103,0.15812039971351624,0.15780000388622284,0.0008368228213929578,5,0.004480000119656324,0.004600000102072954,0.004535999987274409,0.004519999958574772,4.079213795521706e-05,5,2880,64,8,32,8,16384,TORCH_SDPA,"[4096, 4096]","[0, 0]","[4096, 4096, 4096, 4096, 4096, 4096, 4096, 4096]",2,8,8,10,8192,8,8200,4096,0.2,true_mixed,True,False,True,10,0,0,False,0,0,BF16,CUDA_EVENT,generic,generic,none
0.004399999976158142,0.005880000069737434,0.004719999991357327,0.00443999981507659,0.0005807581662672604,5,0.01923999935388565,0.0581200011074543,0.027400000020861626,0.01971999928355217,0.015363583460805796,5,3.1890900135040283,3.2848100662231445,3.2234100341796874,3.2126901149749756,0.0334222179908771,5,0.2074809968471527,0.2115209996700287,0.20940839648246765,0.20851999521255493,0.0016931889746126254,5,0.004401000216603279,0.004519999958574772,0.004456199984997511,0.00443999981507659,4.051860925537088e-05,5,2880,64,8,32,8,16384,TORCH_SDPA,"[4096, 4096]","[0, 0]","[4096, 4096, 4096, 4096, 4096, 4096, 4096, 4096, 4096, 4096, 4096, 4096, 4096, 4096, 4096, 4096, 4096, 4096, 4096, 4096, 4096, 4096, 4096, 4096, 4096, 4096, 4096, 4096, 4096, 4096, 4096, 4096]",2,32,32,34,8192,32,8224,4096,0.058823529411764705,true_mixed,True,False,True,34,0,0,False,0,0,BF16,CUDA_EVENT,generic,generic,none
0.004480000119656324,0.004679999779909849,0.004552000015974045,0.004519999958574772,7.756277669888579e-05,5,0.018479999154806137,0.019680000841617584,0.019200000166893005,0.019200000911951065,0.0004071367325427355,5,3.1736490726470947,3.252609968185425,3.204353427886963,3.201369047164917,0.02617192056526481,5,0.08568000048398972,0.08760000020265579,0.08653619885444641,0.08643999695777893,0.0006383680373590856,5,0.00443999981507659,0.004800000227987766,0.004592199902981519,0.004559999797493219,0.00011704441461094261,5,2880,64,8,32,8,16384,TORCH_SDPA,"[4096, 4096]","[0, 0]","[1024, 1024, 1024, 1024, 1024, 1024, 1024, 1024, 1024, 1024, 1024, 1024, 1024, 1024, 1024, 1024, 1024, 1024, 1024, 1024, 1024, 1024, 1024, 1024, 1024, 1024, 1024, 1024, 1024, 1024, 1024, 1024, 1024, 1024, 1024, 1024, 1024, 1024, 1024, 1024, 1024, 1024, 1024, 1024, 1024, 1024, 1024, 1024]",2,48,48,50,8192,48,8240,1024,0.04,true_mixed,True,False,True,50,0,0,False,0,0,BF16,CUDA_EVENT,generic,generic,none
0.004360000137239695,0.007799999788403511,0.00516799995675683,0.004399999976158142,0.001329878099065022,5,0.01931999996304512,0.03988000005483627,0.02377600036561489,0.019840000197291374,0.008056544024207572,5,6.546580791473389,6.62506103515625,6.589364337921142,6.600499153137207,0.03105768439859077,5,1.1270840167999268,1.1525230407714844,1.1405474185943603,1.1421639919281006,0.008454696794853663,5,0.004240000154823065,0.007199999876320362,0.004936000052839518,0.004399999976158142,0.0011346469920461367,5,2880,64,8,32,8,16384,TORCH_SDPA,[8192],[0],"[8192, 8192, 8192, 8192, 8192, 8192, 8192, 8192, 8192, 8192, 8192, 8192, 8192, 8192, 8192, 8192, 8192, 8192, 8192, 8192, 8192, 8192, 8192, 8192, 8192, 8192, 8192, 8192, 8192, 8192, 8192, 8192, 8192, 8192, 8192, 8192, 8192, 8192, 8192, 8192, 8192, 8192, 8192, 8192, 8192, 8192, 8192, 8192, 8192, 8192, 8192, 8192, 8192, 8192, 8192, 8192, 8192, 8192, 8192, 8192, 8192, 8192, 8192, 8192, 8192, 8192, 8192, 8192, 8192, 8192, 8192, 8192, 8192, 8192, 8192, 8192, 8192, 8192, 8192, 8192, 8192, 8192, 8192, 8192, 8192, 8192, 8192, 8192, 8192, 8192, 8192, 8192, 8192, 8192, 8192, 8192]",1,96,96,97,8192,96,8288,8192,0.010309278350515464,true_mixed,True,False,True,97,0,0,False,0,0,BF16,CUDA_EVENT,generic,generic,none
0.004399999976158142,0.013559999875724316,0.006319999974220991,0.004559999797493219,0.0036206518256633995,5,0.02160000056028366,0.04707999899983406,0.027240199595689775,0.022120999172329903,0.009949304813948843,5,12.918360710144043,13.00131893157959,12.967439651489258,12.976200103759766,0.027917504345781902,5,0.0589199997484684,0.06120000034570694,0.06000019982457161,0.0597199983894825,0.0008644073734668692,5,0.004399999976158142,0.004480000119656324,0.004431999940425158,0.00443999981507659,2.9933287895859092e-05,5,2880,64,8,32,8,16384,TORCH_SDPA,"[8192, 8192]","[0, 0]","[1024, 1024, 1024, 1024]",2,4,4,6,16384,4,16388,1024,0.3333333333333333,true_mixed,True,False,True,6,0,0,False,0,0,BF16,CUDA_EVENT,generic,generic,none
0.00443999981507659,0.0063599999994039536,0.004871999844908714,0.004559999797493219,0.000745933049341871,5,0.01907999999821186,0.09839999675750732,0.035023999586701396,0.01916000060737133,0.031688215702278644,5,3.185689926147461,3.2954909801483154,3.2136981964111326,3.1944899559020996,0.041163018991188134,5,0.03604000061750412,0.041280001401901245,0.03719200119376183,0.03612000122666359,0.0020476563388174677,5,0.004480000119656324,0.004559999797493219,0.004527999926358462,0.004519999958574772,2.993313855179537e-05,5,2880,64,8,32,8,16384,TORCH_SDPA,"[4096, 4096]","[0, 0]","[128, 128, 128, 128, 128, 128, 128, 128, 128, 128, 128, 128, 128, 128, 128, 128, 128, 128, 128, 128, 128, 128, 128, 128]",2,24,24,26,8192,24,8216,128,0.07692307692307693,true_mixed,True,False,True,26,0,0,False,0,0,BF16,CUDA_EVENT,generic,generic,none
0.00443999981507659,0.004639999940991402,0.004528199974447489,0.004521000199019909,6.879650012334749e-05,5,0.013079999946057796,0.036240000277757645,0.018408000096678735,0.014000000432133675,0.008939884664863854,5,0.2799609899520874,0.3788810074329376,0.31169700622558594,0.30640101432800293,0.03542183625836395,5,0.0435199998319149,0.04376000165939331,0.04368800073862076,0.043719999492168427,8.908477432319487e-05,5,0.004480000119656324,0.005239999853074551,0.004679999966174364,0.004559999797493219,0.0002828426534690544,5,2880,64,8,32,8,16384,TORCH_SDPA,"[1024, 1024]","[0, 0]","[512, 512, 512, 512, 512, 512, 512, 512, 512, 512, 512, 512, 512, 512, 512, 512]",2,16,16,18,2048,16,2064,512,0.1111111111111111,true_mixed,True,False,True,18,0,0,False,0,0,BF16,CUDA_EVENT,generic,generic,none
0.00443999981507659,0.004600000102072954,0.004527999926358462,0.004559999797493219,5.878777056032047e-05,5,0.01923999935388565,0.027000000700354576,0.020919999852776528,0.019519999623298645,0.0030426308700999224,5,3.1988511085510254,3.2466490268707275,3.21557822227478,3.20573091506958,0.018318846806781714,5,0.38468098640441895,0.3893609941005707,0.3872409999370575,0.38732099533081055,0.001715252879222678,5,0.004480000119656324,0.004600000102072954,0.004535999987274409,0.004519999958574772,4.079213795521706e-05,5,2880,64,8,32,8,16384,TORCH_SDPA,"[4096, 4096]","[0, 0]","[4096, 4096, 4096, 4096, 4096, 4096, 4096, 4096, 4096, 4096, 4096, 4096, 4096, 4096, 4096, 4096, 4096, 4096, 4096, 4096, 4096, 4096, 4096, 4096, 4096, 4096, 4096, 4096, 4096, 4096, 4096, 4096, 4096, 4096, 4096, 4096, 4096, 4096, 4096, 4096, 4096, 4096, 4096, 4096, 4096, 4096, 4096, 4096, 4096, 4096, 4096, 4096, 4096, 4096, 4096, 4096, 4096, 4096, 4096, 4096, 4096, 4096, 4096, 4096]",2,64,64,66,8192,64,8256,4096,0.030303030303030304,true_mixed,True,False,True,66,0,0,False,0,0,BF16,CUDA_EVENT,generic,generic,none
0.004360000137239695,0.00443999981507659,0.004407999943941832,0.004399999976158142,2.993313855179537e-05,5,0.01916000060737133,0.0711200013756752,0.02988000027835369,0.01971999928355217,0.02062109265965843,5,3.2163689136505127,3.4006900787353516,3.258857774734497,3.2230899333953857,0.07120479618377513,5,0.11444000154733658,0.11563999950885773,0.11493639945983887,0.11468099802732468,0.00046180796162549126,5,0.004360000137239695,0.004480000119656324,0.004416000004857779,0.004399999976158142,4.079213795521706e-05,5,2880,64,8,32,8,16384,TORCH_SDPA,"[4096, 4096]","[0, 0]","[2048, 2048, 2048, 2048, 2048, 2048, 2048, 2048, 2048, 2048, 2048, 2048, 2048, 2048, 2048, 2048, 2048, 2048, 2048, 2048, 2048, 2048, 2048, 2048]",2,24,24,26,8192,24,8216,2048,0.07692307692307693,true_mixed,True,False,True,26,0,0,False,0,0,BF16,CUDA_EVENT,generic,generic,none
0.00443999981507659,0.01432000007480383,0.006431999988853932,0.004480000119656324,0.003944040611334992,5,0.01931999996304512,0.02419999986886978,0.020544200018048287,0.01964000053703785,0.0018409145187614213,5,3.2129299640655518,3.251729965209961,3.2271222114562987,3.227250099182129,0.013590514256424662,5,0.038679998368024826,0.03936000168323517,0.03908799961209297,0.03911999985575676,0.00024967273074633203,5,0.004360000137239695,0.0061599998734891415,0.004767999984323978,0.00443999981507659,0.0006971484211760913,5,2880,64,8,32,8,16384,TORCH_SDPA,"[4096, 4096]","[0, 0]","[128, 128, 128, 128, 128, 128, 128, 128, 128, 128, 128, 128, 128, 128, 128, 128, 128, 128, 128, 128, 128, 128, 128, 128, 128, 128, 128, 128, 128, 128, 128, 128, 128, 128, 128, 128, 128, 128, 128, 128, 128, 128, 128, 128, 128, 128, 128, 128, 128, 128, 128, 128, 128, 128, 128, 128, 128, 128, 128, 128, 128, 128, 128, 128]",2,64,64,66,8192,64,8256,128,0.030303030303030304,true_mixed,True,False,True,66,0,0,False,0,0,BF16,CUDA_EVENT,generic,generic,none
0.00443999981507659,0.0077599999494850636,0.005215999949723482,0.004600000102072954,0.0012743876972421,5,0.01372000016272068,0.020160000771284103,0.015256000310182571,0.014120000414550304,0.002458825959112259,5,0.28196099400520325,1.9101660251617432,0.6245617985725402,0.28439998626708984,0.6435730449086939,5,0.20464099943637848,0.20736099779605865,0.2060485988855362,0.20635999739170074,0.0010436371531942132,5,0.004480000119656324,0.004600000102072954,0.004535999987274409,0.004559999797493219,4.799993087868105e-05,5,2880,64,8,32,8,16384,TORCH_SDPA,"[1024, 1024]","[0, 0]","[2048, 2048, 2048, 2048, 2048, 2048, 2048, 2048, 2048, 2048, 2048, 2048, 2048, 2048, 2048, 2048, 2048, 2048, 2048, 2048, 2048, 2048, 2048, 2048, 2048, 2048, 2048, 2048, 2048, 2048, 2048, 2048, 2048, 2048, 2048, 2048, 2048, 2048, 2048, 2048, 2048, 2048, 2048, 2048, 2048, 2048, 2048, 2048, 2048, 2048, 2048, 2048, 2048, 2048, 2048, 2048, 2048, 2048, 2048, 2048, 2048, 2048, 2048, 2048]",2,64,64,66,2048,64,2112,2048,0.030303030303030304,true_mixed,True,False,True,66,0,0,False,0,0,BF16,CUDA_EVENT,generic,generic,none
0.00443999981507659,0.0081599997356534,0.005927999969571829,0.004559999797493219,0.0017582537446260986,5,0.01336000021547079,0.02295999974012375,0.017528000101447106,0.015440000221133232,0.004159877047484029,5,0.28360000252723694,0.36876100301742554,0.32819260358810426,0.3428010046482086,0.037296538577585976,5,0.03972100093960762,0.11240000277757645,0.05456020087003708,0.04016000032424927,0.028920921821648155,5,0.004279999993741512,0.007000000216066837,0.005144000053405762,0.004840000066906214,0.0009777035377000185,5,2880,64,8,32,8,16384,TORCH_SDPA,"[1024, 1024]","[0, 0]","[512, 512]",2,2,2,4,2048,2,2050,512,0.5,true_mixed,True,False,True,4,0,0,False,0,0,BF16,CUDA_EVENT,generic,generic,none
0.004480000119656324,0.043880000710487366,0.012384000141173601,0.004519999958574772,0.015748007904608768,5,0.01923999935388565,0.12343999743461609,0.04043999947607517,0.01988000050187111,0.04150098113855784,5,3.190929889678955,3.6375319957733154,3.3014827728271485,3.218169927597046,0.1691589456008976,5,0.07196000218391418,0.07531999796628952,0.07282400131225586,0.07224000245332718,0.0012559219512243375,5,0.004480000119656324,0.004559999797493219,0.0045439998619258406,0.004559999797493219,3.1999871134757994e-05,5,2880,64,8,32,8,16384,TORCH_SDPA,"[4096, 4096]","[0, 0]","[1024, 1024, 1024, 1024, 1024, 1024, 1024, 1024, 1024, 1024, 1024, 1024, 1024, 1024, 1024, 1024, 1024, 1024, 1024, 1024, 1024, 1024, 1024, 1024, 1024, 1024, 1024, 1024, 1024, 1024, 1024, 1024]",2,32,32,34,8192,32,8224,1024,0.058823529411764705,true_mixed,True,False,True,34,0,0,False,0,0,BF16,CUDA_EVENT,generic,generic,none
0.004399999976158142,0.004600000102072954,0.004519999958574772,0.004519999958574772,6.693281086764991e-05,5,0.020080000162124634,0.0934000015258789,0.03502400033175945,0.020600000396370888,0.029188848877414377,5,3.185529947280884,3.4132509231567383,3.245402383804321,3.1982500553131104,0.0854136683389402,5,0.35384100675582886,0.3593209981918335,0.35573700070381165,0.3550409972667694,0.0019210969540578561,5,0.004480000119656324,0.004679999779909849,0.004535999987274409,0.004480000119656324,7.838352720988982e-05,5,2880,64,8,32,8,16384,TORCH_SDPA,"[4096, 4096]","[0, 0]","[4096, 4096, 4096, 4096, 4096, 4096, 4096, 4096, 4096, 4096, 4096, 4096, 4096, 4096, 4096, 4096, 4096, 4096, 4096, 4096, 4096, 4096, 4096, 4096, 4096, 4096, 4096, 4096, 4096, 4096, 4096, 4096, 4096, 4096, 4096, 4096, 4096, 4096, 4096, 4096, 4096, 4096, 4096, 4096, 4096, 4096, 4096, 4096]",2,48,48,50,8192,48,8240,4096,0.04,true_mixed,True,False,True,50,0,0,False,0,0,BF16,CUDA_EVENT,generic,generic,none
0.00431999983265996,0.004519999958574772,0.0044319998472929,0.00443999981507659,6.400003330783644e-05,5,0.019279999658465385,0.044440001249313354,0.02470399998128414,0.019999999552965164,0.009873135084034495,5,3.1994900703430176,3.2302498817443848,3.2178420066833495,3.21737003326416,0.011436977206094183,5,0.11584000289440155,0.11896099895238876,0.11728060096502305,0.11720100045204163,0.0009947128243723757,5,0.004399999976158142,0.004559999797493219,0.004479999933391809,0.004480000119656324,5.6568512254674996e-05,5,2880,64,8,32,8,16384,TORCH_SDPA,"[4096, 4096]","[0, 0]","[1024, 1024, 1024, 1024, 1024, 1024, 1024, 1024, 1024, 1024, 1024, 1024, 1024, 1024, 1024, 1024, 1024, 1024, 1024, 1024, 1024, 1024, 1024, 1024, 1024, 1024, 1024, 1024, 1024, 1024, 1024, 1024, 1024, 1024, 1024, 1024, 1024, 1024, 1024, 1024, 1024, 1024, 1024, 1024, 1024, 1024, 1024, 1024, 1024, 1024, 1024, 1024, 1024, 1024, 1024, 1024, 1024, 1024, 1024, 1024, 1024, 1024, 1024, 1024, 1024, 1024, 1024, 1024, 1024, 1024, 1024, 1024, 1024, 1024, 1024, 1024, 1024, 1024, 1024, 1024, 1024, 1024, 1024, 1024, 1024, 1024, 1024, 1024, 1024, 1024, 1024, 1024, 1024, 1024, 1024, 1024]",2,96,96,98,8192,96,8288,1024,0.02040816326530612,true_mixed,True,False,True,98,0,0,False,0,0,BF16,CUDA_EVENT,generic,generic,none
0.00443999981507659,0.00687999976798892,0.004999999888241291,0.004559999797493219,0.0009414881274948145,5,0.013240000233054161,0.021880000829696655,0.015008000284433365,0.013319999910891056,0.0034363145765727654,5,0.2834010124206543,0.363521009683609,0.2996728003025055,0.28356099128723145,0.031926375403662985,5,0.10756000131368637,0.10792099684476852,0.107744200527668,0.10772000253200531,0.00015327722265329096,5,0.004519999958574772,0.005200000014156103,0.0046639999374747275,0.004519999958574772,0.0002684474224455049,5,2880,64,8,32,8,16384,TORCH_SDPA,"[1024, 1024]","[0, 0]","[2048, 2048, 2048, 2048, 2048, 2048, 2048, 2048, 2048, 2048, 2048, 2048, 2048, 2048, 2048, 2048, 2048, 2048, 2048, 2048, 2048, 2048, 2048, 2048]",2,24,24,26,2048,24,2072,2048,0.07692307692307693,true_mixed,True,False,True,26,0,0,False,0,0,BF16,CUDA_EVENT,generic,generic,none
0.004480000119656324,0.044679999351501465,0.012527999933809042,0.004480000119656324,0.016076007173327914,5,0.018799999728798866,0.16364000737667084,0.04903200156986713,0.019759999588131905,0.057325065630972054,5,3.1892900466918945,3.613050937652588,3.2969697952270507,3.2286489009857178,0.15930926118063715,5,0.3834010064601898,0.3972409963607788,0.38776100277900694,0.3858810067176819,0.00505014609475127,5,0.004360000137239695,0.004559999797493219,0.0044882000423967835,0.004519999958574772,6.89126174086762e-05,5,2880,64,8,32,8,16384,TORCH_SDPA,"[4096, 4096]","[0, 0]","[8192, 8192, 8192, 8192, 8192, 8192, 8192, 8192, 8192, 8192, 8192, 8192, 8192, 8192, 8192, 8192, 8192, 8192, 8192, 8192, 8192, 8192, 8192, 8192, 8192, 8192, 8192, 8192, 8192, 8192, 8192, 8192]",2,32,32,34,8192,32,8224,8192,0.058823529411764705,true_mixed,True,False,True,34,0,0,False,0,0,BF16,CUDA_EVENT,generic,generic,none
0.004360000137239695,0.007120000198483467,0.00520800007507205,0.004519999958574772,0.001041045697044732,5,0.01955999992787838,0.08879999816417694,0.0336559996008873,0.019920000806450844,0.02757289727901026,5,3.1934099197387695,3.6356520652770996,3.291066360473633,3.205009937286377,0.17251487978394206,5,0.0435199998319149,0.04732000082731247,0.044568000733852385,0.04376000165939331,0.0014174683705203478,5,0.004399999976158142,0.004600000102072954,0.004511999990791082,0.004519999958574772,6.881859566138264e-05,5,2880,64,8,32,8,16384,TORCH_SDPA,"[4096, 4096]","[0, 0]","[128, 128, 128, 128, 128, 128, 128, 128, 128, 128, 128, 128, 128, 128, 128, 128, 128, 128, 128, 128, 128, 128, 128, 128, 128, 128, 128, 128, 128, 128, 128, 128, 128, 128, 128, 128, 128, 128, 128, 128, 128, 128, 128, 128, 128, 128, 128, 128, 128, 128, 128, 128, 128, 128, 128, 128, 128, 128, 128, 128, 128, 128, 128, 128, 128, 128, 128, 128, 128, 128, 128, 128, 128, 128, 128, 128, 128, 128, 128, 128, 128, 128, 128, 128, 128, 128, 128, 128, 128, 128, 128, 128, 128, 128, 128, 128]",2,96,96,98,8192,96,8288,128,0.02040816326530612,true_mixed,True,False,True,98,0,0,False,0,0,BF16,CUDA_EVENT,generic,generic,none
0.004480000119656324,0.038679998368024826,0.011399999633431435,0.004639999940991402,0.013640128398730552,5,0.02184000052511692,0.09352000057697296,0.036720000207424164,0.02223999984562397,0.02841001531641224,5,12.929479598999023,13.099920272827148,12.984760093688966,12.953280448913574,0.06115759363678169,5,0.033080000430345535,0.03508099913597107,0.03375239968299866,0.03367999941110611,0.0007172657945512657,5,0.004480000119656324,0.004679999779909849,0.004543999955058098,0.004519999958574772,7.418881992829325e-05,5,2880,64,8,32,8,16384,TORCH_SDPA,"[8192, 8192]","[0, 0]",[128],2,1,1,3,16384,1,16385,128,0.6666666666666666,true_mixed,True,False,True,3,0,0,False,0,0,BF16,CUDA_EVENT,generic,generic,none
0.004240000154823065,0.004480000119656324,0.004352000076323748,0.004360000137239695,7.756289196924024e-05,5,0.013120000250637531,0.03220000118017197,0.017136200331151485,0.013439999893307686,0.0075332755236718,5,0.283160001039505,0.3710010051727295,0.3008486032485962,0.2833609879016876,0.0350764321236629,5,0.08835999667644501,0.09247999638319016,0.08936039805412292,0.08876100182533264,0.0015701255035578381,5,0.004399999976158142,0.004519999958574772,0.004447999969124794,0.00443999981507659,4.664763494375637e-05,5,2880,64,8,32,8,16384,TORCH_SDPA,"[1024, 1024]","[0, 0]","[2048, 2048, 2048, 2048]",2,4,4,6,2048,4,2052,2048,0.3333333333333333,true_mixed,True,False,True,6,0,0,False,0,0,BF16,CUDA_EVENT,generic,generic,none
0.00431999983265996,0.004480000119656324,0.004399999976158142,0.004399999976158142,5.656857810916412e-05,5,0.021640000864863396,0.035760000348091125,0.025008200109004973,0.022679999470710754,0.005389986075598895,5,12.873881340026855,13.009441375732422,12.93661708831787,12.922401428222656,0.05442074448933893,5,0.1597999930381775,0.16564099490642548,0.16135259568691254,0.16012099385261536,0.002190381045996556,5,0.00443999981507659,0.004639999940991402,0.004503999929875135,0.004480000119656324,7.418898061168757e-05,5,2880,64,8,32,8,16384,TORCH_SDPA,"[8192, 8192]","[0, 0]","[4096, 4096, 4096, 4096, 4096, 4096, 4096, 4096]",2,8,8,10,16384,8,16392,4096,0.2,true_mixed,True,False,True,10,0,0,False,0,0,BF16,CUDA_EVENT,generic,generic,none
0.004480000119656324,0.0047599999234080315,0.0045761999674141405,0.004559999797493219,0.00010288710350814252,5,0.016599999740719795,0.1098800003528595,0.03551199994981289,0.01711999997496605,0.037184662848294366,5,0.29739999771118164,2.094407081604004,0.6843620121479035,0.3006410002708435,0.7068920999671154,5,1.1488430500030518,1.1961230039596558,1.166931414604187,1.1641240119934082,0.015901752530543566,5,0.004480000119656324,0.004559999797493219,0.004519999958574772,0.004519999958574772,2.5298119404428044e-05,5,2880,64,8,32,8,16384,TORCH_SDPA,"[1024, 1024]","[0, 0]","[8192, 8192, 8192, 8192, 8192, 8192, 8192, 8192, 8192, 8192, 8192, 8192, 8192, 8192, 8192, 8192, 8192, 8192, 8192, 8192, 8192, 8192, 8192, 8192, 8192, 8192, 8192, 8192, 8192, 8192, 8192, 8192, 8192, 8192, 8192, 8192, 8192, 8192, 8192, 8192, 8192, 8192, 8192, 8192, 8192, 8192, 8192, 8192, 8192, 8192, 8192, 8192, 8192, 8192, 8192, 8192, 8192, 8192, 8192, 8192, 8192, 8192, 8192, 8192, 8192, 8192, 8192, 8192, 8192, 8192, 8192, 8192, 8192, 8192, 8192, 8192, 8192, 8192, 8192, 8192, 8192, 8192, 8192, 8192, 8192, 8192, 8192, 8192, 8192, 8192, 8192, 8192, 8192, 8192, 8192, 8192]",2,96,96,98,2048,96,2144,8192,0.02040816326530612,true_mixed,True,False,True,98,0,0,False,0,0,BF16,CUDA_EVENT,generic,generic,none
0.004279999993741512,0.004519999958574772,0.004423999972641468,0.00443999981507659,8.236504413550221e-05,5,0.01351999957114458,0.045159999281167984,0.020295999757945538,0.013919999822974205,0.012443397378027663,5,0.2828409969806671,0.40184101462364197,0.30720900297164916,0.2839210033416748,0.047317726153181146,5,0.2760410010814667,0.2775610089302063,0.2767530083656311,0.27664101123809814,0.0005248416565217337,5,0.004399999976158142,0.004559999797493219,0.0044559999369084835,0.00443999981507659,5.986647622883656e-05,5,2880,64,8,32,8,16384,TORCH_SDPA,"[1024, 1024]","[0, 0]","[8192, 8192, 8192, 8192, 8192, 8192, 8192, 8192]",2,8,8,10,2048,8,2056,8192,0.2,true_mixed,True,False,True,10,0,0,False,0,0,BF16,CUDA_EVENT,generic,generic,none
0.004360000137239695,0.006479999981820583,0.004968000017106533,0.00443999981507659,0.0008195217889850313,5,0.01931999996304512,0.033080000430345535,0.022488000243902205,0.019840000197291374,0.005311626585007963,5,3.1963300704956055,3.4594099521636963,3.269282007217407,3.231290102005005,0.09654034111819254,5,0.06267999857664108,0.06372000277042389,0.06319220066070556,0.0631600022315979,0.0003443776857807575,5,0.004360000137239695,0.00675999978557229,0.004895999934524298,0.00443999981507659,0.000933500859875948,5,2880,64,8,32,8,16384,TORCH_SDPA,"[4096, 4096]","[0, 0]","[512, 512, 512, 512, 512, 512, 512, 512, 512, 512, 512, 512, 512, 512, 512, 512, 512, 512, 512, 512, 512, 512, 512, 512, 512, 512, 512, 512, 512, 512, 512, 512, 512, 512, 512, 512, 512, 512, 512, 512, 512, 512, 512, 512, 512, 512, 512, 512, 512, 512, 512, 512, 512, 512, 512, 512, 512, 512, 512, 512, 512, 512, 512, 512]",2,64,64,66,8192,64,8256,512,0.030303030303030304,true_mixed,True,False,True,66,0,0,False,0,0,BF16,CUDA_EVENT,generic,generic,none
0.00443999981507659,0.004600000102072954,0.004511999990791082,0.004519999958574772,5.306606375125428e-05,5,0.015041000209748745,0.036159999668598175,0.019608199968934058,0.015320000238716602,0.008290314017179966,5,0.28616100549697876,0.39724200963974,0.3099049985408783,0.28867998719215393,0.04368861586742068,5,0.38384199142456055,0.4237610101699829,0.3931450009346008,0.38576099276542664,0.015385544030763847,5,0.004480000119656324,0.004559999797493219,0.004527999926358462,0.004559999797493219,3.91916780574866e-05,5,2880,64,8,32,8,16384,TORCH_SDPA,"[1024, 1024]","[0, 0]","[8192, 8192, 8192, 8192, 8192, 8192, 8192, 8192, 8192, 8192, 8192, 8192, 8192, 8192, 8192, 8192, 8192, 8192, 8192, 8192, 8192, 8192, 8192, 8192, 8192, 8192, 8192, 8192, 8192, 8192, 8192, 8192]",2,32,32,34,2048,32,2080,8192,0.058823529411764705,true_mixed,True,False,True,34,0,0,False,0,0,BF16,CUDA_EVENT,generic,generic,none
0.004360000137239695,0.025599999353289604,0.00906399991363287,0.004480000119656324,0.008304778108824526,5,0.021560000255703926,0.07196000218391418,0.032048000395298,0.021959999576210976,0.01996083293140555,5,13.006280899047852,13.079800605773926,13.041544914245605,13.054281234741211,0.028845782788697247,5,0.14584100246429443,0.1504400074481964,0.14708880186080933,0.14656099677085876,0.0017022001024849139,5,0.004399999976158142,0.0069599999114871025,0.004991999920457601,0.004559999797493219,0.0009857869858387977,5,2880,64,8,32,8,16384,TORCH_SDPA,"[8192, 8192]","[0, 0]",[4096],2,1,1,3,16384,1,16385,4096,0.6666666666666666,true_mixed,True,False,True,3,0,0,False,0,0,BF16,CUDA_EVENT,generic,generic,none
0.004399999976158142,0.004559999797493219,0.004463999904692173,0.00443999981507659,6.499226332255945e-05,5,0.01351999957114458,0.02491999976336956,0.017024200037121774,0.014720000326633453,0.004219809197943351,5,0.2818009853363037,0.36980101466178894,0.30047279596328735,0.2828809916973114,0.03468831520421311,5,0.04540099948644638,0.04659999907016754,0.04610419943928719,0.04611999914050102,0.00039691611750520916,5,0.004240000154823065,0.004559999797493219,0.004399999976158142,0.004399999976158142,0.0001431081907572216,5,2880,64,8,32,8,16384,TORCH_SDPA,"[1024, 1024]","[0, 0]","[512, 512, 512, 512, 512, 512, 512, 512, 512, 512, 512, 512, 512, 512, 512, 512, 512, 512, 512, 512, 512, 512, 512, 512]",2,24,24,26,2048,24,2072,512,0.07692307692307693,true_mixed,True,False,True,26,0,0,False,0,0,BF16,CUDA_EVENT,generic,generic,none
0.004519999958574772,0.02019999921321869,0.007687999773770571,0.004559999797493219,0.006256153170489422,5,0.0188400000333786,0.0867609977722168,0.03276839964091778,0.019361000508069992,0.026998935529533398,5,3.197129011154175,3.510370969772339,3.2948019981384276,3.2480900287628174,0.11299817613667372,5,0.04399999976158142,0.04588000103831291,0.04485599994659424,0.04487999901175499,0.0006085266275253832,5,0.004480000119656324,0.004639999940991402,0.0045519999228417875,0.004559999797493219,5.306593738933737e-05,5,2880,64,8,32,8,16384,TORCH_SDPA,"[4096, 4096]","[0, 0]","[512, 512]",2,2,2,4,8192,2,8194,512,0.5,true_mixed,True,False,True,4,0,0,False,0,0,BF16,CUDA_EVENT,generic,generic,none
0.00431999983265996,0.005640000104904175,0.0046639999374747275,0.00443999981507659,0.0004909420417036714,5,0.01947999931871891,0.03548099845647812,0.022784199565649033,0.019600000232458115,0.006350081546142962,5,3.1874499320983887,3.264849901199341,3.214457559585571,3.20832896232605,0.026364658987760317,5,0.3063200116157532,0.31036099791526794,0.30749660134315493,0.3067609965801239,0.001506892731760093,5,0.00443999981507659,0.004519999958574772,0.0044801999814808365,0.004480000119656324,2.530142804605003e-05,5,2880,64,8,32,8,16384,TORCH_SDPA,"[4096, 4096]","[0, 0]","[2048, 2048, 2048, 2048, 2048, 2048, 2048, 2048, 2048, 2048, 2048, 2048, 2048, 2048, 2048, 2048, 2048, 2048, 2048, 2048, 2048, 2048, 2048, 2048, 2048, 2048, 2048, 2048, 2048, 2048, 2048, 2048, 2048, 2048, 2048, 2048, 2048, 2048, 2048, 2048, 2048, 2048, 2048, 2048, 2048, 2048, 2048, 2048, 2048, 2048, 2048, 2048, 2048, 2048, 2048, 2048, 2048, 2048, 2048, 2048, 2048, 2048, 2048, 2048, 2048, 2048, 2048, 2048, 2048, 2048, 2048, 2048, 2048, 2048, 2048, 2048, 2048, 2048, 2048, 2048, 2048, 2048, 2048, 2048, 2048, 2048, 2048, 2048, 2048, 2048, 2048, 2048, 2048, 2048, 2048, 2048]",2,96,96,98,8192,96,8288,2048,0.02040816326530612,true_mixed,True,False,True,98,0,0,False,0,0,BF16,CUDA_EVENT,generic,generic,none
0.00443999981507659,0.0075599998235702515,0.0054479999467730526,0.004519999958574772,0.0012571459342260074,5,0.022001000121235847,0.08839999884366989,0.03556019961833954,0.022439999505877495,0.02642082200811693,5,12.88276195526123,12.969000816345215,12.934201431274413,12.930041313171387,0.03170884122063933,5,0.056279998272657394,0.058559998869895935,0.05741619914770126,0.05747999995946884,0.0008741957392813079,5,0.00443999981507659,0.007679999805986881,0.005175999831408262,0.004559999797493219,0.001254393863406328,5,2880,64,8,32,8,16384,TORCH_SDPA,"[8192, 8192]","[0, 0]",[1024],2,1,1,3,16384,1,16385,1024,0.6666666666666666,true_mixed,True,False,True,3,0,0,False,0,0,BF16,CUDA_EVENT,generic,generic,none
0.00431999983265996,0.004519999958574772,0.004439999908208847,0.00443999981507659,6.693286652482382e-05,5,0.01351999957114458,0.05164000019431114,0.021480000019073485,0.014159999787807465,0.015082981228701962,5,0.2794010043144226,0.3908810019493103,0.3035688042640686,0.28248101472854614,0.04368733652794507,5,0.1151600033044815,0.11655999720096588,0.11583220213651657,0.11612000316381454,0.0005699698414286724,5,0.004399999976158142,0.004519999958574772,0.0044559999369084835,0.00443999981507659,4.079219274941178e-05,5,2880,64,8,32,8,16384,TORCH_SDPA,"[1024, 1024]","[0, 0]","[2048, 2048, 2048, 2048, 2048, 2048, 2048, 2048, 2048, 2048, 2048, 2048, 2048, 2048, 2048, 2048, 2048, 2048, 2048, 2048, 2048, 2048, 2048, 2048, 2048, 2048, 2048, 2048, 2048, 2048, 2048, 2048]",2,32,32,34,2048,32,2080,2048,0.058823529411764705,true_mixed,True,False,True,34,0,0,False,0,0,BF16,CUDA_EVENT,generic,generic,none
0.00443999981507659,0.004559999797493219,0.004495999962091446,0.004480000119656324,4.079211969054e-05,5,0.01375999953597784,0.0225210003554821,0.016888200119137765,0.014360000379383564,0.003624002037620977,5,0.2846809923648834,0.36584100127220154,0.31032100319862366,0.2884809970855713,0.031282180343974966,5,0.056359998881816864,0.0573199987411499,0.05699199959635735,0.05716000124812126,0.0003686950065404903,5,0.004480000119656324,0.004639999940991402,0.004536199942231178,0.004519999958574772,5.968044513432942e-05,5,2880,64,8,32,8,16384,TORCH_SDPA,"[1024, 1024]","[0, 0]","[512, 512, 512, 512, 512, 512, 512, 512, 512, 512, 512, 512, 512, 512, 512, 512, 512, 512, 512, 512, 512, 512, 512, 512, 512, 512, 512, 512, 512, 512, 512, 512, 512, 512, 512, 512, 512, 512, 512, 512, 512, 512, 512, 512, 512, 512, 512, 512, 512, 512, 512, 512, 512, 512, 512, 512, 512, 512, 512, 512, 512, 512, 512, 512]",2,64,64,66,2048,64,2112,512,0.030303030303030304,true_mixed,True,False,True,66,0,0,False,0,0,BF16,CUDA_EVENT,generic,generic,none
0.004279999993741512,0.01396000012755394,0.006327999942004681,0.00443999981507659,0.003817048165242014,5,0.02184000052511692,0.07423999905586243,0.03268799968063831,0.022439999505877495,0.020778009598514748,5,12.951600074768066,13.007040023803711,12.976255989074707,12.969559669494629,0.0208541402856721,5,0.03564000129699707,0.03787999972701073,0.036576200276613235,0.03648100048303604,0.0007312627956057952,5,0.00419999985024333,0.004559999797493219,0.004407999850809574,0.00443999981507659,0.0001462052864582906,5,2880,64,8,32,8,16384,TORCH_SDPA,"[8192, 8192]","[0, 0]","[128, 128, 128, 128, 128, 128, 128, 128, 128, 128, 128, 128, 128, 128, 128, 128, 128, 128, 128, 128, 128, 128, 128, 128]",2,24,24,26,16384,24,16408,128,0.07692307692307693,true_mixed,True,False,True,26,0,0,False,0,0,BF16,CUDA_EVENT,generic,generic,none
0.004480000119656324,0.02443999983370304,0.008504000026732683,0.004480000119656324,0.007968240863161951,5,0.02167999930679798,0.06880100071430206,0.031640199944376945,0.022600000724196434,0.018588034827508787,5,12.885038375854492,13.00451946258545,12.925902557373046,12.906318664550781,0.04245360400127642,5,0.05843999981880188,0.059321001172065735,0.05888819992542267,0.058959998190402985,0.00029466786977981173,5,0.004480000119656324,0.004600000102072954,0.004552000015974045,0.004559999797493219,4.664761897177434e-05,5,2880,64,8,32,8,16384,TORCH_SDPA,"[8192, 8192]","[0, 0]","[1024, 1024]",2,2,2,4,16384,2,16386,1024,0.5,true_mixed,True,False,True,4,0,0,False,0,0,BF16,CUDA_EVENT,generic,generic,none
0.004480000119656324,0.01727999933063984,0.0070639998652040955,0.004519999958574772,0.005108085870691514,5,0.019120000302791595,0.04284000024199486,0.024112000316381454,0.019519999623298645,0.009368454266569536,5,3.2128090858459473,3.991413116455078,3.375322437286377,3.221290111541748,0.308173004383104,5,0.09300000220537186,0.09663999825716019,0.09416819959878922,0.09375999867916107,0.001268470970852859,5,0.00443999981507659,0.004639999940991402,0.004527999926358462,0.004519999958574772,6.881859566138262e-05,5,2880,64,8,32,8,16384,TORCH_SDPA,"[4096, 4096]","[0, 0]","[2048, 2048, 2048, 2048]",2,4,4,6,8192,4,8196,2048,0.3333333333333333,true_mixed,True,False,True,6,0,0,False,0,0,BF16,CUDA_EVENT,generic,generic,none
0.004399999976158142,0.006519999820739031,0.005263999942690134,0.004519999958574772,0.000993933628910461,5,0.021920999512076378,0.04016000032424927,0.02602420002222061,0.022120000794529915,0.007108846933336491,5,12.962321281433105,13.0435209274292,13.00369701385498,13.019680976867676,0.03249555952954568,5,0.033240001648664474,0.03824099898338318,0.034664600342512134,0.034001000225543976,0.0018179155572952757,5,0.004399999976158142,0.004559999797493219,0.00447199996560812,0.004480000119656324,6.39999518171588e-05,5,2880,64,8,32,8,16384,TORCH_SDPA,"[8192, 8192]","[0, 0]","[128, 128, 128, 128]",2,4,4,6,16384,4,16388,128,0.3333333333333333,true_mixed,True,False,True,6,0,0,False,0,0,BF16,CUDA_EVENT,generic,generic,none
0.004360000137239695,0.004519999958574772,0.004440199956297875,0.00443999981507659,5.0597967572112116e-05,5,0.016279999166727066,0.0464400015771389,0.022488000243902205,0.016440000385046005,0.011977723992030025,5,0.29368099570274353,0.39612099528312683,0.3157449960708618,0.2950809895992279,0.04022559221761033,5,0.6735619902610779,0.6873210072517395,0.6802817940711975,0.681801974773407,0.0047737700865325555,5,0.004360000137239695,0.004519999958574772,0.004447999969124794,0.00443999981507659,6.39999518171588e-05,5,2880,64,8,32,8,16384,TORCH_SDPA,"[1024, 1024]","[0, 0]","[8192, 8192, 8192, 8192, 8192, 8192, 8192, 8192, 8192, 8192, 8192, 8192, 8192, 8192, 8192, 8192, 8192, 8192, 8192, 8192, 8192, 8192, 8192, 8192, 8192, 8192, 8192, 8192, 8192, 8192, 8192, 8192, 8192, 8192, 8192, 8192, 8192, 8192, 8192, 8192, 8192, 8192, 8192, 8192, 8192, 8192, 8192, 8192]",2,48,48,50,2048,48,2096,8192,0.04,true_mixed,True,False,True,50,0,0,False,0,0,BF16,CUDA_EVENT,generic,generic,none
0.004519999958574772,0.010160000063478947,0.005712000001221895,0.004600000102072954,0.0022257259795871133,5,0.01576000079512596,0.022040000185370445,0.01735999993979931,0.01616000011563301,0.0023646734104758294,5,0.28592100739479065,0.37268099188804626,0.30383300185203554,0.2865610122680664,0.03443118469578457,5,0.3076010048389435,2.9804089069366455,0.8439623773097992,0.31095999479293823,1.0682242508740944,5,0.004519999958574772,0.004999999888241291,0.004623999912291765,0.004519999958574772,0.0001886372008526851,5,2880,64,8,32,8,16384,TORCH_SDPA,"[1024, 1024]","[0, 0]","[2048, 2048, 2048, 2048, 2048, 2048, 2048, 2048, 2048, 2048, 2048, 2048, 2048, 2048, 2048, 2048, 2048, 2048, 2048, 2048, 2048, 2048, 2048, 2048, 2048, 2048, 2048, 2048, 2048, 2048, 2048, 2048, 2048, 2048, 2048, 2048, 2048, 2048, 2048, 2048, 2048, 2048, 2048, 2048, 2048, 2048, 2048, 2048, 2048, 2048, 2048, 2048, 2048, 2048, 2048, 2048, 2048, 2048, 2048, 2048, 2048, 2048, 2048, 2048, 2048, 2048, 2048, 2048, 2048, 2048, 2048, 2048, 2048, 2048, 2048, 2048, 2048, 2048, 2048, 2048, 2048, 2048, 2048, 2048, 2048, 2048, 2048, 2048, 2048, 2048, 2048, 2048, 2048, 2048, 2048, 2048]",2,96,96,98,2048,96,2144,2048,0.02040816326530612,true_mixed,True,False,True,98,0,0,False,0,0,BF16,CUDA_EVENT,generic,generic,none
0.00443999981507659,0.005640000104904175,0.004712000023573637,0.004480000119656324,0.000464689186482056,5,0.019120000302791595,0.06583999842405319,0.028896399959921836,0.01984100043773651,0.01847418672132309,5,3.191930055618286,3.260050058364868,3.2195060729980467,3.216010093688965,0.02222168376560381,5,0.2821600139141083,0.28411999344825745,0.2832324028015137,0.28296101093292236,0.0007348214546122999,5,0.00443999981507659,0.004559999797493219,0.004487999994307756,0.004480000119656324,3.919179212101793e-05,5,2880,64,8,32,8,16384,TORCH_SDPA,"[4096, 4096]","[0, 0]","[8192, 8192, 8192, 8192, 8192, 8192, 8192, 8192]",2,8,8,10,8192,8,8200,8192,0.2,true_mixed,True,False,True,10,0,0,False,0,0,BF16,CUDA_EVENT,generic,generic,none
0.004399999976158142,0.004559999797493219,0.004479999933391809,0.004480000119656324,5.656851225467499e-05,5,0.02175999991595745,0.03579999879002571,0.024927999824285507,0.0221599992364645,0.005447370976564816,5,12.798320770263672,12.933361053466797,12.852888679504394,12.836721420288086,0.044835574963528135,5,0.14784100651741028,0.14980000257492065,0.14850460290908812,0.14824099838733673,0.0007091079667582602,5,0.004399999976158142,0.004559999797493219,0.0044639999978244305,0.004480000119656324,5.986647622883656e-05,5,2880,64,8,32,8,16384,TORCH_SDPA,"[8192, 8192]","[0, 0]","[4096, 4096]",2,2,2,4,16384,2,16386,4096,0.5,true_mixed,True,False,True,4,0,0,False,0,0,BF16,CUDA_EVENT,generic,generic,none
0.004399999976158142,0.004559999797493219,0.004511999897658825,0.004559999797493219,6.399990525103007e-05,5,0.02184000052511692,0.09523999691009521,0.036735999584198,0.02223999984562397,0.029252954476565656,5,12.856160163879395,13.020279884338379,12.920136070251464,12.90824031829834,0.054547808301221024,5,0.15039999783039093,0.1541610062122345,0.1516166001558304,0.15108099579811096,0.0013182920551444998,5,0.004480000119656324,0.004600000102072954,0.004544000048190356,0.004559999797493219,5.4258613605923594e-05,5,2880,64,8,32,8,16384,TORCH_SDPA,"[8192, 8192]","[0, 0]","[4096, 4096, 4096, 4096]",2,4,4,6,16384,4,16388,4096,0.3333333333333333,true_mixed,True,False,True,6,0,0,False,0,0,BF16,CUDA_EVENT,generic,generic,none
0.00443999981507659,0.014000000432133675,0.007352000009268523,0.00443999981507659,0.0038469439736572323,5,0.013559999875724316,0.04060100018978119,0.02324020005762577,0.023080000653862953,0.009869414619828782,5,0.3027609884738922,0.4944010078907013,0.3812733948230743,0.3609209954738617,0.06328110070731002,5,0.06831999868154526,0.8204020261764526,0.2188564047217369,0.06852000206708908,0.30077282495752194,5,0.004399999976158142,0.005439999978989363,0.004791999980807304,0.004600000102072954,0.0004042969455076995,5,2880,64,8,32,8,16384,TORCH_SDPA,"[1024, 1024]","[0, 0]","[512, 512, 512, 512, 512, 512, 512, 512, 512, 512, 512, 512, 512, 512, 512, 512, 512, 512, 512, 512, 512, 512, 512, 512, 512, 512, 512, 512, 512, 512, 512, 512, 512, 512, 512, 512, 512, 512, 512, 512, 512, 512, 512, 512, 512, 512, 512, 512, 512, 512, 512, 512, 512, 512, 512, 512, 512, 512, 512, 512, 512, 512, 512, 512, 512, 512, 512, 512, 512, 512, 512, 512, 512, 512, 512, 512, 512, 512, 512, 512, 512, 512, 512, 512, 512, 512, 512, 512, 512, 512, 512, 512, 512, 512, 512, 512]",2,96,96,98,2048,96,2144,512,0.02040816326530612,true_mixed,True,False,True,98,0,0,False,0,0,BF16,CUDA_EVENT,generic,generic,none
0.004279999993741512,0.005239999853074551,0.00459199994802475,0.004480000119656324,0.00033695097827508044,5,0.021959999576210976,0.08451999723911285,0.03642419949173927,0.025241000577807426,0.02416579436739287,5,12.869318008422852,12.964717864990234,12.927718353271484,12.939679145812988,0.037226545895794994,5,0.2526809871196747,0.26420098543167114,0.2570089936256409,0.25488099455833435,0.004285895129862397,5,0.004240000154823065,0.004559999797493219,0.004440000001341105,0.004480000119656324,0.0001073311777763446,5,2880,64,8,32,8,16384,TORCH_SDPA,"[8192, 8192]","[0, 0]",[8192],2,1,1,3,16384,1,16385,8192,0.6666666666666666,true_mixed,True,False,True,3,0,0,False,0,0,BF16,CUDA_EVENT,generic,generic,none
0.004480000119656324,0.015080000273883343,0.006616000086069107,0.004480000119656324,0.004232113513021355,5,0.01899999938905239,0.061719998717308044,0.02787199951708317,0.019519999623298645,0.016926256603275295,5,3.2077701091766357,3.3328909873962402,3.2569942474365234,3.242449998855591,0.04518086555675856,5,0.2509610056877136,0.2531200051307678,0.25182480216026304,0.25112101435661316,0.0009797223066696128,5,0.00443999981507659,0.004639999940991402,0.004543999955058098,0.004519999958574772,6.974244409748297e-05,5,2880,64,8,32,8,16384,TORCH_SDPA,"[4096, 4096]","[0, 0]",[8192],2,1,1,3,8192,1,8193,8192,0.6666666666666666,true_mixed,True,False,True,3,0,0,False,0,0,BF16,CUDA_EVENT,generic,generic,none
0.00443999981507659,0.006440000142902136,0.004896000027656555,0.004519999958574772,0.0007738114086911027,5,0.01931999996304512,0.03068000078201294,0.022007999941706657,0.019759999588131905,0.004377353013960705,5,3.196089029312134,3.2766098976135254,3.2181615829467773,3.202009916305542,0.03016630947634886,5,0.05056000128388405,0.05552000179886818,0.0516802005469799,0.050721000880002975,0.0019260577322448905,5,0.004480000119656324,0.004559999797493219,0.004527999926358462,0.004559999797493219,3.91916780574866e-05,5,2880,64,8,32,8,16384,TORCH_SDPA,"[4096, 4096]","[0, 0]","[512, 512, 512, 512, 512, 512, 512, 512, 512, 512, 512, 512, 512, 512, 512, 512, 512, 512, 512, 512, 512, 512, 512, 512]",2,24,24,26,8192,24,8216,512,0.07692307692307693,true_mixed,True,False,True,26,0,0,False,0,0,BF16,CUDA_EVENT,generic,generic,none
0.004399999976158142,0.004801000002771616,0.004528199974447489,0.004480000119656324,0.00014214417286001368,5,0.02175999991595745,0.07740099728107452,0.03316819928586483,0.022280000150203705,0.022117518499050304,5,12.898758888244629,13.235279083251953,13.008390808105469,12.959877967834473,0.11819253632691515,5,0.0737600028514862,0.0748400017619133,0.07437600195407867,0.07444000244140625,0.00035830678166445915,5,0.00419999985024333,0.005400000140070915,0.00458399998024106,0.004399999976158142,0.0004207422884519539,5,2880,64,8,32,8,16384,TORCH_SDPA,"[8192, 8192]","[0, 0]","[1024, 1024, 1024, 1024, 1024, 1024, 1024, 1024, 1024, 1024, 1024, 1024, 1024, 1024, 1024, 1024, 1024, 1024, 1024, 1024, 1024, 1024, 1024, 1024, 1024, 1024, 1024, 1024, 1024, 1024, 1024, 1024]",2,32,32,34,16384,32,16416,1024,0.058823529411764705,true_mixed,True,False,True,34,0,0,False,0,0,BF16,CUDA_EVENT,generic,generic,none
0.00443999981507659,0.01363999955356121,0.006335999816656113,0.004519999958574772,0.003652207967787946,5,0.019121000543236732,0.0347599983215332,0.0225441999733448,0.01964000053703785,0.006117225213385032,5,3.1910500526428223,3.3007700443267822,3.2194340229034424,3.2012100219726562,0.041204012260962,5,0.12223999947309494,0.12300100177526474,0.12268840074539185,0.12296000123023987,0.00036600969687368873,5,0.00443999981507659,0.004519999958574772,0.004471999872475862,0.00443999981507659,3.9191906183995976e-05,5,2880,64,8,32,8,16384,TORCH_SDPA,"[4096, 4096]","[0, 0]","[2048, 2048, 2048, 2048, 2048, 2048, 2048, 2048, 2048, 2048, 2048, 2048, 2048, 2048, 2048, 2048, 2048, 2048, 2048, 2048, 2048, 2048, 2048, 2048, 2048, 2048, 2048, 2048, 2048, 2048, 2048, 2048]",2,32,32,34,8192,32,8224,2048,0.058823529411764705,true_mixed,True,False,True,34,0,0,False,0,0,BF16,CUDA_EVENT,generic,generic,none
0.004360000137239695,0.004480000119656324,0.004432000033557415,0.00443999981507659,4.664761897177434e-05,5,0.0221599992364645,0.04684000089764595,0.02730399966239929,0.02239999920129776,0.009771750921875976,5,13.024761199951172,13.214641571044922,13.086985015869141,13.062561988830566,0.06902998318231052,5,0.06151999905705452,0.06436000019311905,0.06282440051436425,0.06220100075006485,0.0011496014710565183,5,0.00443999981507659,0.004600000102072954,0.004495999962091446,0.004480000119656324,5.986661312733957e-05,5,2880,64,8,32,8,16384,TORCH_SDPA,"[8192, 8192]","[0, 0]","[1024, 1024, 1024, 1024, 1024, 1024, 1024, 1024]",2,8,8,10,16384,8,16392,1024,0.2,true_mixed,True,False,True,10,0,0,False,0,0,BF16,CUDA_EVENT,generic,generic,none
0.00443999981507659,0.005799999926239252,0.004759999830275774,0.004559999797493219,0.0005227619430075311,5,0.018799999728798866,0.061879999935626984,0.02810419984161854,0.01955999992787838,0.01690464670804128,5,3.221369981765747,3.300930976867676,3.240194225311279,3.2256500720977783,0.030517965904990774,5,0.044679999351501465,0.0456399992108345,0.045071998983621596,0.04487999901175499,0.0003660820265088917,5,0.00443999981507659,0.004559999797493219,0.004511999897658825,0.004519999958574772,4.6647571055609506e-05,5,2880,64,8,32,8,16384,TORCH_SDPA,"[4096, 4096]","[0, 0]","[512, 512, 512, 512]",2,4,4,6,8192,4,8196,512,0.3333333333333333,true_mixed,True,False,True,6,0,0,False,0,0,BF16,CUDA_EVENT,generic,generic,none
0.004360000137239695,0.004480000119656324,0.004432000126689673,0.004480000119656324,5.878774521273928e-05,5,0.018559999763965607,0.08151999861001968,0.03132799975574017,0.018799999728798866,0.025097089620901854,5,3.1819698810577393,3.259690999984741,3.2140262126922607,3.203130006790161,0.027091774666783565,5,0.08963999897241592,0.09440000355243683,0.0909281998872757,0.0902400016784668,0.0017825115711906352,5,0.004360000137239695,0.004480000119656324,0.004408000037074089,0.004399999976158142,4.6647571055609506e-05,5,2880,64,8,32,8,16384,TORCH_SDPA,"[4096, 4096]","[0, 0]",[2048],2,1,1,3,8192,1,8193,2048,0.6666666666666666,true_mixed,True,False,True,3,0,0,False,0,0,BF16,CUDA_EVENT,generic,generic,none
0.004399999976158142,0.004600000102072954,0.004511999897658825,0.004559999797493219,7.756289196924024e-05,5,0.021880000829696655,0.06832099705934525,0.03118419982492924,0.021880000829696655,0.01856842446675131,5,12.825920104980469,12.987441062927246,12.901248359680176,12.891679763793945,0.05222333649827191,5,0.033399999141693115,0.034279998391866684,0.033719999343156816,0.033560000360012054,0.00034687145427980806,5,0.004480000119656324,0.004600000102072954,0.004536200035363436,0.004521000199019909,4.071556269508826e-05,5,2880,64,8,32,8,16384,TORCH_SDPA,"[8192, 8192]","[0, 0]","[128, 128, 128, 128, 128, 128, 128, 128]",2,8,8,10,16384,8,16392,128,0.2,true_mixed,True,False,True,10,0,0,False,0,0,BF16,CUDA_EVENT,generic,generic,none
0.004480000119656324,0.011959999799728394,0.0059841999784111975,0.004480999894440174,0.002987939427938608,5,0.021560000255703926,0.06651999801397324,0.030807999521493913,0.02199999988079071,0.017857128239184658,5,12.86431884765625,12.964960098266602,12.915743637084962,12.91808032989502,0.03772299547231687,5,0.03452000021934509,0.039680998772382736,0.0357282005250454,0.03480000048875809,0.0019816542594976723,5,0.004480000119656324,0.004639999940991402,0.004528199974447489,0.004519999958574772,5.8625568815034796e-05,5,2880,64,8,32,8,16384,TORCH_SDPA,"[8192, 8192]","[0, 0]","[128, 128, 128, 128, 128, 128, 128, 128, 128, 128, 128, 128, 128, 128, 128, 128]",2,16,16,18,16384,16,16400,128,0.1111111111111111,true_mixed,True,False,True,18,0,0,False,0,0,BF16,CUDA_EVENT,generic,generic,none
0.00443999981507659,0.005799999926239252,0.004727999866008759,0.00443999981507659,0.0005368948088103524,5,0.018519999459385872,0.049240000545978546,0.02508000023663044,0.01916000060737133,0.01208622373282972,5,3.18353009223938,3.3030900955200195,3.2336424350738526,3.2168099880218506,0.044872887648199446,5,0.2587200105190277,0.2685210108757019,0.2631606042385101,0.26128101348876953,0.0035766330729472794,5,0.004399999976158142,0.004559999797493219,0.004487999901175499,0.004519999958574772,5.878773253909213e-05,5,2880,64,8,32,8,16384,TORCH_SDPA,"[4096, 4096]","[0, 0]","[8192, 8192]",2,2,2,4,8192,2,8194,8192,0.5,true_mixed,True,False,True,4,0,0,False,0,0,BF16,CUDA_EVENT,generic,generic,none
0.00443999981507659,0.005840000230818987,0.0047520000487566,0.004480000119656324,0.0005445880106446806,5,0.01907999999821186,0.044599998742341995,0.02520819939672947,0.019759999588131905,0.009785865228205643,5,3.212770938873291,3.3203699588775635,3.248202180862427,3.2308499813079834,0.03786736722983861,5,0.0960799977183342,0.0987199991941452,0.09719219952821731,0.09708099812269211,0.0009133086443032053,5,0.004480000119656324,0.004559999797493219,0.004527999926358462,0.004559999797493219,3.91916780574866e-05,5,2880,64,8,32,8,16384,TORCH_SDPA,"[4096, 4096]","[0, 0]","[2048, 2048, 2048, 2048, 2048, 2048, 2048, 2048]",2,8,8,10,8192,8,8200,2048,0.2,true_mixed,True,False,True,10,0,0,False,0,0,BF16,CUDA_EVENT,generic,generic,none
0.00443999981507659,0.0055599999614059925,0.004695999994874,0.004480000119656324,0.0004327400927090124,5,0.01940000057220459,0.05640000104904175,0.027056000381708144,0.019920000806450844,0.014674246620223534,5,3.189690113067627,3.3022499084472656,3.232234001159668,3.220329999923706,0.04238476092168444,5,0.66880202293396,0.6886820197105408,0.6744420051574707,0.6713219881057739,0.007425579758764102,5,0.004519999958574772,0.004600000102072954,0.004560200031846762,0.004561000037938356,3.5779387842479904e-05,5,2880,64,8,32,8,16384,TORCH_SDPA,"[4096, 4096]","[0, 0]","[8192, 8192, 8192, 8192, 8192, 8192, 8192, 8192, 8192, 8192, 8192, 8192, 8192, 8192, 8192, 8192, 8192, 8192, 8192, 8192, 8192, 8192, 8192, 8192, 8192, 8192, 8192, 8192, 8192, 8192, 8192, 8192, 8192, 8192, 8192, 8192, 8192, 8192, 8192, 8192, 8192, 8192, 8192, 8192, 8192, 8192, 8192, 8192]",2,48,48,50,8192,48,8240,8192,0.04,true_mixed,True,False,True,50,0,0,False,0,0,BF16,CUDA_EVENT,generic,generic,none
0.00419999985024333,0.007079999893903732,0.004887999966740608,0.004399999976158142,0.001100225401831788,5,0.022040000185370445,0.06459999829530716,0.0307839997112751,0.0225600004196167,0.016909747482547508,5,12.87051773071289,13.120119094848633,12.93115062713623,12.873918533325195,0.09619285029858962,5,0.044039998203516006,0.04524099826812744,0.04470419958233833,0.04495999962091446,0.0005027509849937443,5,0.00431999983265996,0.004600000102072954,0.004439999908208847,0.00443999981507659,9.121411593867351e-05,5,2880,64,8,32,8,16384,TORCH_SDPA,"[8192, 8192]","[0, 0]","[512, 512, 512, 512]",2,4,4,6,16384,4,16388,512,0.3333333333333333,true_mixed,True,False,True,6,0,0,False,0,0,BF16,CUDA_EVENT,generic,generic,none
0.004279999993741512,0.004559999797493219,0.004439999908208847,0.00443999981507659,9.79795373335027e-05,5,0.022360000759363174,0.031599998474121094,0.024608399346470834,0.02263999916613102,0.0035335792765230343,5,12.950799942016602,13.038238525390625,13.002263641357422,13.012800216674805,0.02952563979251344,5,0.3590410053730011,0.3699609935283661,0.36520119905471804,0.3685609996318817,0.00484256286716298,5,0.004279999993741512,0.004519999958574772,0.004391999915242195,0.004399999976158142,8.541662222298434e-05,5,2880,64,8,32,8,16384,TORCH_SDPA,"[8192, 8192]","[0, 0]","[4096, 4096, 4096, 4096, 4096, 4096, 4096, 4096, 4096, 4096, 4096, 4096, 4096, 4096, 4096, 4096, 4096, 4096, 4096, 4096, 4096, 4096, 4096, 4096, 4096, 4096, 4096, 4096, 4096, 4096, 4096, 4096, 4096, 4096, 4096, 4096, 4096, 4096, 4096, 4096, 4096, 4096, 4096, 4096, 4096, 4096, 4096, 4096]",2,48,48,50,16384,48,16432,4096,0.04,true_mixed,True,False,True,50,0,0,False,0,0,BF16,CUDA_EVENT,generic,generic,none
0.004360000137239695,0.004800000227987766,0.004487999994307756,0.00443999981507659,0.00015879555839670438,5,0.01916000060737133,0.027400000020861626,0.020944000408053397,0.01940000057220459,0.003229226338319864,5,3.1995298862457275,4.278014183044434,3.427298831939697,3.209290027618408,0.42567138872956384,5,0.04532000049948692,0.04692000150680542,0.0461042009294033,0.04612100124359131,0.0005120066393709247,5,0.004360000137239695,0.004480000119656324,0.004448000062257052,0.004480000119656324,4.664761897177434e-05,5,2880,64,8,32,8,16384,TORCH_SDPA,"[4096, 4096]","[0, 0]","[512, 512, 512, 512, 512, 512, 512, 512]",2,8,8,10,8192,8,8200,512,0.2,true_mixed,True,False,True,10,0,0,False,0,0,BF16,CUDA_EVENT,generic,generic,none
0.00443999981507659,0.02319999970495701,0.008255999814718962,0.004559999797493219,0.007472128423635131,5,0.022199999541044235,0.09124000370502472,0.03607200048863888,0.02223999984562397,0.027584129217881656,5,12.98728084564209,13.132922172546387,13.03512134552002,13.013001441955566,0.05362875249004162,5,0.17800100147724152,0.18343999981880188,0.18036839962005616,0.18024000525474548,0.001945429296148188,5,0.00443999981507659,0.004480000119656324,0.004472000058740377,0.004480000119656324,1.600012183189392e-05,5,2880,64,8,32,8,16384,TORCH_SDPA,"[8192, 8192]","[0, 0]","[4096, 4096, 4096, 4096, 4096, 4096, 4096, 4096, 4096, 4096, 4096, 4096, 4096, 4096, 4096, 4096]",2,16,16,18,16384,16,16400,4096,0.1111111111111111,true_mixed,True,False,True,18,0,0,False,0,0,BF16,CUDA_EVENT,generic,generic,none
0.00443999981507659,0.015119999647140503,0.006631999835371971,0.004519999958574772,0.004244178978547204,5,0.01907999999821186,0.04560000076889992,0.02472820021212101,0.019680000841617584,0.010438768646333366,5,3.207089900970459,3.335010051727295,3.2426257610321043,3.2250099182128906,0.04673624896801682,5,0.31452101469039917,0.31980100274086,0.3164970099925995,0.31612101197242737,0.0018238561062483424,5,0.004399999976158142,0.004600000102072954,0.004504000023007393,0.004480000119656324,6.974236931654251e-05,5,2880,64,8,32,8,16384,TORCH_SDPA,"[4096, 4096]","[0, 0]","[8192, 8192, 8192, 8192, 8192, 8192, 8192, 8192, 8192, 8192, 8192, 8192, 8192, 8192, 8192, 8192]",2,16,16,18,8192,16,8208,8192,0.1111111111111111,true_mixed,True,False,True,18,0,0,False,0,0,BF16,CUDA_EVENT,generic,generic,none
0.00431999983265996,0.033440001308918,0.010264000203460456,0.004519999958574772,0.011588287052556243,5,0.02167999930679798,0.10340099781751633,0.03813619948923588,0.021880000829696655,0.032632600191732704,5,12.877922058105469,13.108161926269531,12.942129325866699,12.915640830993652,0.08490383036694554,5,0.06468000262975693,0.06532000005245209,0.06497620046138763,0.06480000168085098,0.0002833681808091942,5,0.004399999976158142,0.004600000102072954,0.004519999958574772,0.004559999797493219,7.155414744125801e-05,5,2880,64,8,32,8,16384,TORCH_SDPA,"[8192, 8192]","[0, 0]","[1024, 1024, 1024, 1024, 1024, 1024, 1024, 1024, 1024, 1024, 1024, 1024, 1024, 1024, 1024, 1024]",2,16,16,18,16384,16,16400,1024,0.1111111111111111,true_mixed,True,False,True,18,0,0,False,0,0,BF16,CUDA_EVENT,generic,generic,none
0.00431999983265996,0.004519999958574772,0.004439999908208847,0.00443999981507659,7.58947018083731e-05,5,0.018880000337958336,0.07011999934911728,0.029464000090956687,0.019519999623298645,0.020329770507041794,5,3.181370973587036,3.309330940246582,3.2161303997039794,3.1971700191497803,0.04697821537520489,5,0.10488100349903107,0.10760000348091125,0.10604820102453232,0.10595999658107758,0.0008946674464974761,5,0.004399999976158142,0.004559999797493219,0.004439999908208847,0.004399999976158142,6.196766434270914e-05,5,2880,64,8,32,8,16384,TORCH_SDPA,"[4096, 4096]","[0, 0]","[2048, 2048, 2048, 2048, 2048, 2048, 2048, 2048, 2048, 2048, 2048, 2048, 2048, 2048, 2048, 2048]",2,16,16,18,8192,16,8208,2048,0.1111111111111111,true_mixed,True,False,True,18,0,0,False,0,0,BF16,CUDA_EVENT,generic,generic,none
0.00443999981507659,0.0047599999234080315,0.004543999955058098,0.004480000119656324,0.00011482157311603299,5,0.019520999863743782,0.13099999725818634,0.042336199432611465,0.01979999989271164,0.04433959270571182,5,3.2036900520324707,3.404289960861206,3.2555220127105713,3.2165699005126953,0.07618909343935425,5,0.07632099837064743,0.08027999848127365,0.07816819846630096,0.0780399963259697,0.0013903079413694966,5,0.004480000119656324,0.004519999958574772,0.004511999990791082,0.004519999958574772,1.5999935567378997e-05,5,2880,64,8,32,8,16384,TORCH_SDPA,"[4096, 4096]","[0, 0]","[512, 512, 512, 512, 512, 512, 512, 512, 512, 512, 512, 512, 512, 512, 512, 512, 512, 512, 512, 512, 512, 512, 512, 512, 512, 512, 512, 512, 512, 512, 512, 512, 512, 512, 512, 512, 512, 512, 512, 512, 512, 512, 512, 512, 512, 512, 512, 512, 512, 512, 512, 512, 512, 512, 512, 512, 512, 512, 512, 512, 512, 512, 512, 512, 512, 512, 512, 512, 512, 512, 512, 512, 512, 512, 512, 512, 512, 512, 512, 512, 512, 512, 512, 512, 512, 512, 512, 512, 512, 512, 512, 512, 512, 512, 512, 512]",2,96,96,98,8192,96,8288,512,0.02040816326530612,true_mixed,True,False,True,98,0,0,False,0,0,BF16,CUDA_EVENT,generic,generic,none
0.004360000137239695,0.004639999940991402,0.004511999990791082,0.004519999958574772,9.260660388066421e-05,5,0.02208000048995018,0.03220000118017197,0.025280000269412996,0.023719999939203262,0.0036616939451217406,5,12.885881423950195,13.032642364501953,12.97324161529541,12.983281135559082,0.048802333067531865,5,0.06707999855279922,0.06948000192642212,0.06821599900722504,0.06808000057935715,0.0007922029630638313,5,0.004480000119656324,0.004639999940991402,0.004600000008940697,0.004639999940991402,6.196766434270915e-05,5,2880,64,8,32,8,16384,TORCH_SDPA,"[8192, 8192]","[0, 0]","[1024, 1024, 1024, 1024, 1024, 1024, 1024, 1024, 1024, 1024, 1024, 1024, 1024, 1024, 1024, 1024, 1024, 1024, 1024, 1024, 1024, 1024, 1024, 1024]",2,24,24,26,16384,24,16408,1024,0.07692307692307693,true_mixed,True,False,True,26,0,0,False,0,0,BF16,CUDA_EVENT,generic,generic,none
0.004480000119656324,0.005760000087320805,0.0047600001096725466,0.004480000119656324,0.0005021553426890208,5,0.01916000060737133,0.029680000618100166,0.022688000276684762,0.02151999995112419,0.003801422852169024,5,3.210930109024048,3.3577311038970947,3.276514434814453,3.246890068054199,0.05847267451442821,5,0.05116000026464462,0.0522800013422966,0.05156820043921471,0.051600001752376556,0.0004113942591573967,5,0.00443999981507659,0.004600000102072954,0.004511999990791082,0.004519999958574772,5.306606375125428e-05,5,2880,64,8,32,8,16384,TORCH_SDPA,"[4096, 4096]","[0, 0]","[512, 512, 512, 512, 512, 512, 512, 512, 512, 512, 512, 512, 512, 512, 512, 512, 512, 512, 512, 512, 512, 512, 512, 512, 512, 512, 512, 512, 512, 512, 512, 512]",2,32,32,34,8192,32,8224,512,0.058823529411764705,true_mixed,True,False,True,34,0,0,False,0,0,BF16,CUDA_EVENT,generic,generic,none
0.004399999976158142,0.010040000081062317,0.006199999991804361,0.004480000119656324,0.0022853971581700667,5,0.019200000911951065,0.026040000841021538,0.020824000611901282,0.01964000053703785,0.0026169418228881676,5,3.183850049972534,3.2310900688171387,3.195530080795288,3.187730073928833,0.017848818153879096,5,0.34912100434303284,0.3608810007572174,0.3527209997177124,0.3513210117816925,0.0041636141031717,5,0.004360000137239695,0.004519999958574772,0.004431999940425158,0.00443999981507659,5.306593738933737e-05,5,2880,64,8,32,8,16384,TORCH_SDPA,"[4096, 4096]","[0, 0]","[8192, 8192, 8192, 8192, 8192, 8192, 8192, 8192, 8192, 8192, 8192, 8192, 8192, 8192, 8192, 8192, 8192, 8192, 8192, 8192, 8192, 8192, 8192, 8192]",2,24,24,26,8192,24,8216,8192,0.07692307692307693,true_mixed,True,False,True,26,0,0,False,0,0,BF16,CUDA_EVENT,generic,generic,none
0.00419999985024333,0.004480000119656324,0.0043600000441074375,0.004399999976158142,0.00011865923166138553,5,0.02143999934196472,0.04368000105023384,0.026304000243544578,0.022120000794529915,0.008692897748261326,5,12.836797714233398,12.985038757324219,12.899798393249512,12.881438255310059,0.051222443574496145,5,0.09680099785327911,0.09855999797582626,0.09752039909362793,0.09740000218153,0.0005947238436333405,5,0.004399999976158142,0.004600000102072954,0.004496000055223703,0.004480000119656324,6.499233210529004e-05,5,2880,64,8,32,8,16384,TORCH_SDPA,"[8192, 8192]","[0, 0]","[2048, 2048, 2048, 2048, 2048, 2048, 2048, 2048]",2,8,8,10,16384,8,16392,2048,0.2,true_mixed,True,False,True,10,0,0,False,0,0,BF16,CUDA_EVENT,generic,generic,none
0.00419999985024333,0.019279999658465385,0.00738399988040328,0.004480000119656324,0.005949042165912221,5,0.02167999930679798,0.055879998952150345,0.028783999755978583,0.02208000048995018,0.013550086828032324,5,12.922359466552734,13.114999771118164,12.990791130065919,12.960318565368652,0.0665843885377241,5,0.04307999834418297,0.044481001794338226,0.043584199994802474,0.04332000017166138,0.0005520362775992165,5,0.00431999983265996,0.004559999797493219,0.004463999811559915,0.00443999981507659,8.979976412438518e-05,5,2880,64,8,32,8,16384,TORCH_SDPA,"[8192, 8192]","[0, 0]","[128, 128, 128, 128, 128, 128, 128, 128, 128, 128, 128, 128, 128, 128, 128, 128, 128, 128, 128, 128, 128, 128, 128, 128, 128, 128, 128, 128, 128, 128, 128, 128, 128, 128, 128, 128, 128, 128, 128, 128, 128, 128, 128, 128, 128, 128, 128, 128, 128, 128, 128, 128, 128, 128, 128, 128, 128, 128, 128, 128, 128, 128, 128, 128, 128, 128, 128, 128, 128, 128, 128, 128, 128, 128, 128, 128, 128, 128, 128, 128, 128, 128, 128, 128, 128, 128, 128, 128, 128, 128, 128, 128, 128, 128, 128, 128]",2,96,96,98,16384,96,16480,128,0.02040816326530612,true_mixed,True,False,True,98,0,0,False,0,0,BF16,CUDA_EVENT,generic,generic,none
0.004480000119656324,0.00887999963015318,0.005375999957323074,0.004519999958574772,0.0017520911575089552,5,0.01931999996304512,0.028720000758767128,0.021504000201821326,0.019840000197291374,0.0036170797689306982,5,3.2128500938415527,3.2490100860595703,3.2255539894104004,3.218329906463623,0.014183556330944185,5,0.19720099866390228,0.20016099512577057,0.19859299957752227,0.19840100407600403,0.0009631262068413276,5,0.00443999981507659,0.004559999797493219,0.004519999865442515,0.004559999797493219,5.0596386064013265e-05,5,2880,64,8,32,8,16384,TORCH_SDPA,"[4096, 4096]","[0, 0]","[2048, 2048, 2048, 2048, 2048, 2048, 2048, 2048, 2048, 2048, 2048, 2048, 2048, 2048, 2048, 2048, 2048, 2048, 2048, 2048, 2048, 2048, 2048, 2048, 2048, 2048, 2048, 2048, 2048, 2048, 2048, 2048, 2048, 2048, 2048, 2048, 2048, 2048, 2048, 2048, 2048, 2048, 2048, 2048, 2048, 2048, 2048, 2048]",2,48,48,50,8192,48,8240,2048,0.04,true_mixed,True,False,True,50,0,0,False,0,0,BF16,CUDA_EVENT,generic,generic,none
0.004399999976158142,0.004561000037938356,0.0044801999814808365,0.004480000119656324,7.177852243034526e-05,5,0.018959999084472656,0.04912099987268448,0.025272200256586073,0.019440000876784325,0.011926583374409204,5,3.1793699264526367,3.3801701068878174,3.2309380054473875,3.192929983139038,0.07558715527041225,5,0.05559999868273735,0.056439999490976334,0.05605600029230118,0.0560000017285347,0.0002989048492785811,5,0.004399999976158142,0.004559999797493219,0.004479999933391809,0.004480000119656324,5.6568512254674996e-05,5,2880,64,8,32,8,16384,TORCH_SDPA,"[4096, 4096]","[0, 0]","[512, 512, 512, 512, 512, 512, 512, 512, 512, 512, 512, 512, 512, 512, 512, 512, 512, 512, 512, 512, 512, 512, 512, 512, 512, 512, 512, 512, 512, 512, 512, 512, 512, 512, 512, 512, 512, 512, 512, 512, 512, 512, 512, 512, 512, 512, 512, 512]",2,48,48,50,8192,48,8240,512,0.04,true_mixed,True,False,True,50,0,0,False,0,0,BF16,CUDA_EVENT,generic,generic,none
0.004480000119656324,0.01624000072479248,0.006840000208467245,0.004480000119656324,0.004700025789801126,5,0.021960999816656113,0.0806799978017807,0.03381619937717915,0.022199999541044235,0.023432150665986088,5,13.049480438232422,13.306241035461426,13.119376182556152,13.05508041381836,0.09873855907216349,5,0.03720000013709068,0.04083999991416931,0.03856800049543381,0.038440000265836716,0.0012908043520633162,5,0.00443999981507659,0.004600000102072954,0.004503999929875135,0.004480000119656324,6.499236649676148e-05,5,2880,64,8,32,8,16384,TORCH_SDPA,"[8192, 8192]","[0, 0]","[128, 128, 128, 128, 128, 128, 128, 128, 128, 128, 128, 128, 128, 128, 128, 128, 128, 128, 128, 128, 128, 128, 128, 128, 128, 128, 128, 128, 128, 128, 128, 128]",2,32,32,34,16384,32,16416,128,0.058823529411764705,true_mixed,True,False,True,34,0,0,False,0,0,BF16,CUDA_EVENT,generic,generic,none
0.00443999981507659,0.00812000036239624,0.005239999946206808,0.004559999797493219,0.0014406667202202462,5,0.019519999623298645,0.028960000723600388,0.02183999978005886,0.020239999517798424,0.0035731447328453715,5,3.212090015411377,3.248969078063965,3.2273698329925535,3.2281301021575928,0.012596705212825361,5,0.7490829825401306,0.7604029774665833,0.7520343899726868,0.7502020001411438,0.004232350290353386,5,0.004480000119656324,0.004559999797493219,0.004527999926358462,0.004519999958574772,2.993313855179537e-05,5,2880,64,8,32,8,16384,TORCH_SDPA,"[4096, 4096]","[0, 0]","[8192, 8192, 8192, 8192, 8192, 8192, 8192, 8192, 8192, 8192, 8192, 8192, 8192, 8192, 8192, 8192, 8192, 8192, 8192, 8192, 8192, 8192, 8192, 8192, 8192, 8192, 8192, 8192, 8192, 8192, 8192, 8192, 8192, 8192, 8192, 8192, 8192, 8192, 8192, 8192, 8192, 8192, 8192, 8192, 8192, 8192, 8192, 8192, 8192, 8192, 8192, 8192, 8192, 8192, 8192, 8192, 8192, 8192, 8192, 8192, 8192, 8192, 8192, 8192]",2,64,64,66,8192,64,8256,8192,0.030303030303030304,true_mixed,True,False,True,66,0,0,False,0,0,BF16,CUDA_EVENT,generic,generic,none
0.004480000119656324,0.02727999910712242,0.009079999756067991,0.004559999797493219,0.009100048026659412,5,0.021800000220537186,0.07231999933719635,0.03215199969708919,0.022040000185370445,0.02008601325768811,5,12.890562057495117,13.016161918640137,12.944874000549316,12.941882133483887,0.04141069357162365,5,0.19327999651432037,0.20332099497318268,0.19684039652347565,0.19572100043296814,0.0034487645829823694,5,0.004480000119656324,0.005319999996572733,0.004695999994874,0.004559999797493219,0.0003145536501447164,5,2880,64,8,32,8,16384,TORCH_SDPA,"[8192, 8192]","[0, 0]","[4096, 4096, 4096, 4096, 4096, 4096, 4096, 4096, 4096, 4096, 4096, 4096, 4096, 4096, 4096, 4096, 4096, 4096, 4096, 4096, 4096, 4096, 4096, 4096]",2,24,24,26,16384,24,16408,4096,0.07692307692307693,true_mixed,True,False,True,26,0,0,False,0,0,BF16,CUDA_EVENT,generic,generic,none
0.00443999981507659,0.005439999978989363,0.004679999966174364,0.004519999958574772,0.0003811561452939546,5,0.021800000220537186,0.11344099789857864,0.040648399665951726,0.02223999984562397,0.036404547755018384,5,12.883159637451172,13.01331901550293,12.964359664916993,12.962841033935547,0.046911422671747874,5,0.2101210057735443,0.2197210043668747,0.21382480263710021,0.2107210010290146,0.004225094744921508,5,0.00443999981507659,0.004639999940991402,0.004519999958574772,0.004519999958574772,6.693281086764991e-05,5,2880,64,8,32,8,16384,TORCH_SDPA,"[8192, 8192]","[0, 0]","[4096, 4096, 4096, 4096, 4096, 4096, 4096, 4096, 4096, 4096, 4096, 4096, 4096, 4096, 4096, 4096, 4096, 4096, 4096, 4096, 4096, 4096, 4096, 4096, 4096, 4096, 4096, 4096, 4096, 4096, 4096, 4096]",2,32,32,34,16384,32,16416,4096,0.058823529411764705,true_mixed,True,False,True,34,0,0,False,0,0,BF16,CUDA_EVENT,generic,generic,none
0.00443999981507659,0.00559999980032444,0.00471199993044138,0.004519999958574772,0.0004449898251125859,5,0.01899999938905239,0.0960799977183342,0.03538399934768677,0.020719999447464943,0.030358292687207106,5,3.2033700942993164,3.4199299812316895,3.254033994674683,3.214050054550171,0.08316355670663907,5,0.21512100100517273,0.22020100057125092,0.21777700185775756,0.2175610065460205,0.0021007559719029667,5,0.00443999981507659,0.004600000102072954,0.004504000023007393,0.004480000119656324,5.4258695995502165e-05,5,2880,64,8,32,8,16384,TORCH_SDPA,"[4096, 4096]","[0, 0]","[2048, 2048, 2048, 2048, 2048, 2048, 2048, 2048, 2048, 2048, 2048, 2048, 2048, 2048, 2048, 2048, 2048, 2048, 2048, 2048, 2048, 2048, 2048, 2048, 2048, 2048, 2048, 2048, 2048, 2048, 2048, 2048, 2048, 2048, 2048, 2048, 2048, 2048, 2048, 2048, 2048, 2048, 2048, 2048, 2048, 2048, 2048, 2048, 2048, 2048, 2048, 2048, 2048, 2048, 2048, 2048, 2048, 2048, 2048, 2048, 2048, 2048, 2048, 2048]",2,64,64,66,8192,64,8256,2048,0.030303030303030304,true_mixed,True,False,True,66,0,0,False,0,0,BF16,CUDA_EVENT,generic,generic,none
0.004399999976158142,0.004559999797493219,0.004511999897658825,0.004519999958574772,5.8787694517986746e-05,5,0.021880000829696655,0.07819999754428864,0.03330399990081787,0.02208000048995018,0.022449067930262828,5,12.827038764953613,12.887280464172363,12.859183311462402,12.864039421081543,0.02607280223197503,5,0.08895999938249588,0.09092000126838684,0.09027999937534333,0.09080000221729279,0.0007610524904472408,5,0.004480000119656324,0.004639999940991402,0.0045519999228417875,0.004559999797493219,5.306593738933737e-05,5,2880,64,8,32,8,16384,TORCH_SDPA,"[8192, 8192]","[0, 0]",[2048],2,1,1,3,16384,1,16385,2048,0.6666666666666666,true_mixed,True,False,True,3,0,0,False,0,0,BF16,CUDA_EVENT,generic,generic,none
0.004360000137239695,0.01384000014513731,0.006312000006437302,0.00443999981507659,0.0037643719949387623,5,0.02191999927163124,0.0485600009560585,0.027543999999761582,0.02247999981045723,0.010512548414680694,5,12.867079734802246,12.948840141296387,12.902400398254395,12.891361236572266,0.028409583972520438,5,0.31904101371765137,0.3338010013103485,0.3232089996337891,0.31988099217414856,0.005627326106810095,5,0.0041600000113248825,0.004559999797493219,0.004400200024247169,0.004441000055521727,0.00013629434502728614,5,2880,64,8,32,8,16384,TORCH_SDPA,"[8192, 8192]","[0, 0]","[8192, 8192, 8192, 8192, 8192, 8192, 8192, 8192, 8192, 8192, 8192, 8192, 8192, 8192, 8192, 8192]",2,16,16,18,16384,16,16400,8192,0.1111111111111111,true_mixed,True,False,True,18,0,0,False,0,0,BF16,CUDA_EVENT,generic,generic,none
0.004360000137239695,0.004480000119656324,0.004408000037074089,0.004399999976158142,4.6647571055609506e-05,5,0.019200000911951065,0.029440000653266907,0.021448000520467757,0.01955999992787838,0.00399883188764767,5,3.167249917984009,3.303450107574463,3.220577764511108,3.2049689292907715,0.04560899885261941,5,1.1214439868927002,1.1496039628982544,1.1406357765197754,1.1452440023422241,0.01039081943744305,5,0.004360000137239695,0.007160000037401915,0.004984000045806169,0.004480000119656324,0.0010888819909859457,5,2880,64,8,32,8,16384,TORCH_SDPA,"[4096, 4096]","[0, 0]","[8192, 8192, 8192, 8192, 8192, 8192, 8192, 8192, 8192, 8192, 8192, 8192, 8192, 8192, 8192, 8192, 8192, 8192, 8192, 8192, 8192, 8192, 8192, 8192, 8192, 8192, 8192, 8192, 8192, 8192, 8192, 8192, 8192, 8192, 8192, 8192, 8192, 8192, 8192, 8192, 8192, 8192, 8192, 8192, 8192, 8192, 8192, 8192, 8192, 8192, 8192, 8192, 8192, 8192, 8192, 8192, 8192, 8192, 8192, 8192, 8192, 8192, 8192, 8192, 8192, 8192, 8192, 8192, 8192, 8192, 8192, 8192, 8192, 8192, 8192, 8192, 8192, 8192, 8192, 8192, 8192, 8192, 8192, 8192, 8192, 8192, 8192, 8192, 8192, 8192, 8192, 8192, 8192, 8192, 8192, 8192]",2,96,96,98,8192,96,8288,8192,0.02040816326530612,true_mixed,True,False,True,98,0,0,False,0,0,BF16,CUDA_EVENT,generic,generic,none
0.004399999976158142,0.01116000022739172,0.005824000015854836,0.004519999958574772,0.0026685247907023116,5,0.02151999995112419,0.05127999931573868,0.027847999706864357,0.0221599992364645,0.011719669415446254,5,13.0178804397583,13.06532096862793,13.051896858215333,13.063321113586426,0.017996581520455152,5,0.08659999817609787,0.09272100031375885,0.08840840011835098,0.08780000358819962,0.0022273780257226305,5,0.004399999976158142,0.004559999797493219,0.004479999933391809,0.004480000119656324,5.656851225467499e-05,5,2880,64,8,32,8,16384,TORCH_SDPA,"[8192, 8192]","[0, 0]","[1024, 1024, 1024, 1024, 1024, 1024, 1024, 1024, 1024, 1024, 1024, 1024, 1024, 1024, 1024, 1024, 1024, 1024, 1024, 1024, 1024, 1024, 1024, 1024, 1024, 1024, 1024, 1024, 1024, 1024, 1024, 1024, 1024, 1024, 1024, 1024, 1024, 1024, 1024, 1024, 1024, 1024, 1024, 1024, 1024, 1024, 1024, 1024]",2,48,48,50,16384,48,16432,1024,0.04,true_mixed,True,False,True,50,0,0,False,0,0,BF16,CUDA_EVENT,generic,generic,none
0.004559999797493219,0.01116000022739172,0.006504000071436167,0.004600000102072954,0.002604193633673783,5,0.02208000048995018,0.04636099934577942,0.026960200071334837,0.022120000794529915,0.009700444994842827,5,12.983440399169922,13.012280464172363,12.996304702758788,12.995241165161133,0.011389881122840631,5,0.04336100071668625,0.04500000178813934,0.04392820000648499,0.04383999854326248,0.0005735761899079578,5,0.004480000119656324,0.004559999797493219,0.004511999990791082,0.004480000119656324,3.91916780574866e-05,5,2880,64,8,32,8,16384,TORCH_SDPA,"[8192, 8192]","[0, 0]",[512],2,1,1,3,16384,1,16385,512,0.6666666666666666,true_mixed,True,False,True,3,0,0,False,0,0,BF16,CUDA_EVENT,generic,generic,none
0.004360000137239695,0.004639999940991402,0.004495999962091446,0.004519999958574772,9.329519002711723e-05,5,0.02151999995112419,0.04075999930500984,0.02563199996948242,0.021959999576210976,0.007566299690384295,5,12.856361389160156,12.910438537597656,12.883328056335449,12.873480796813965,0.020626315497609325,5,0.039400000125169754,0.04376000165939331,0.0404959999024868,0.039719998836517334,0.0016404105249381903,5,0.004399999976158142,0.004600000102072954,0.004504000023007393,0.004519999958574772,6.499233210529004e-05,5,2880,64,8,32,8,16384,TORCH_SDPA,"[8192, 8192]","[0, 0]","[128, 128, 128, 128, 128, 128, 128, 128, 128, 128, 128, 128, 128, 128, 128, 128, 128, 128, 128, 128, 128, 128, 128, 128, 128, 128, 128, 128, 128, 128, 128, 128, 128, 128, 128, 128, 128, 128, 128, 128, 128, 128, 128, 128, 128, 128, 128, 128, 128, 128, 128, 128, 128, 128, 128, 128, 128, 128, 128, 128, 128, 128, 128, 128]",2,64,64,66,16384,64,16448,128,0.030303030303030304,true_mixed,True,False,True,66,0,0,False,0,0,BF16,CUDA_EVENT,generic,generic,none
0.004480000119656324,0.004639999940991402,0.004543999955058098,0.004519999958574772,5.425858614264964e-05,5,0.02160000056028366,0.08312100172042847,0.03433620035648346,0.022280000150203705,0.024396762300640366,5,12.816920280456543,13.058040618896484,12.909448623657227,12.909360885620117,0.08757919353772234,5,0.03855999931693077,0.03988000005483627,0.03919200077652931,0.0392800010740757,0.00044857119819182253,5,0.00443999981507659,0.004559999797493219,0.004527999833226204,0.004559999797493219,4.6647602999600904e-05,5,2880,64,8,32,8,16384,TORCH_SDPA,"[8192, 8192]","[0, 0]","[128, 128, 128, 128, 128, 128, 128, 128, 128, 128, 128, 128, 128, 128, 128, 128, 128, 128, 128, 128, 128, 128, 128, 128, 128, 128, 128, 128, 128, 128, 128, 128, 128, 128, 128, 128, 128, 128, 128, 128, 128, 128, 128, 128, 128, 128, 128, 128]",2,48,48,50,16384,48,16432,128,0.04,true_mixed,True,False,True,50,0,0,False,0,0,BF16,CUDA_EVENT,generic,generic,none
0.00443999981507659,0.005319999996572733,0.004695999901741743,0.004559999797493219,0.000322589553717055,5,0.021880000829696655,0.09279999881982803,0.03628000020980835,0.02223999984562397,0.02826126042243587,5,12.883678436279297,12.997557640075684,12.92739028930664,12.91751766204834,0.04091399614407951,5,0.2592009902000427,0.27400100231170654,0.26399279832839967,0.2600409984588623,0.005722864371941807,5,0.004600000102072954,0.0047599999234080315,0.004648000001907349,0.004639999940991402,5.8787694517986746e-05,5,2880,64,8,32,8,16384,TORCH_SDPA,"[8192, 8192]","[0, 0]","[8192, 8192]",2,2,2,4,16384,2,16386,8192,0.5,true_mixed,True,False,True,4,0,0,False,0,0,BF16,CUDA_EVENT,generic,generic,none
0.004120000172406435,0.004559999797493219,0.004415999911725521,0.00443999981507659,0.00016119539272461118,5,0.02208000048995018,0.1061599999666214,0.039400000125169754,0.0225600004196167,0.033386195865047485,5,12.912240028381348,12.995400428771973,12.935792350769043,12.92556095123291,0.03025254252386539,5,0.05124000087380409,0.053599998354911804,0.05238400027155876,0.05276000127196312,0.0008773041368747651,5,0.00443999981507659,0.004600000102072954,0.004519999958574772,0.004519999958574772,5.656857810916412e-05,5,2880,64,8,32,8,16384,TORCH_SDPA,"[8192, 8192]","[0, 0]","[512, 512, 512, 512, 512, 512, 512, 512, 512, 512, 512, 512, 512, 512, 512, 512, 512, 512, 512, 512, 512, 512, 512, 512, 512, 512, 512, 512, 512, 512, 512, 512]",2,32,32,34,16384,32,16416,512,0.058823529411764705,true_mixed,True,False,True,34,0,0,False,0,0,BF16,CUDA_EVENT,generic,generic,none
0.004399999976158142,0.005799999926239252,0.004719999898225069,0.00443999981507659,0.0005414055928081845,5,0.021920999512076378,0.06967999786138535,0.03160819970071316,0.02208000048995018,0.01903634066767647,5,12.934480667114258,13.027721405029297,12.970752906799316,12.956440925598145,0.035903143866024494,5,0.044520001858472824,0.04527999833226204,0.044968000054359435,0.045159999281167984,0.0002943725492630606,5,0.004399999976158142,0.004559999797493219,0.004487999901175499,0.004480000119656324,6.399994017566368e-05,5,2880,64,8,32,8,16384,TORCH_SDPA,"[8192, 8192]","[0, 0]","[512, 512]",2,2,2,4,16384,2,16386,512,0.5,true_mixed,True,False,True,4,0,0,False,0,0,BF16,CUDA_EVENT,generic,generic,none
0.00443999981507659,0.03060000017285347,0.009712000004947185,0.004519999958574772,0.010444042213426699,5,0.02167999930679798,0.049800001084804535,0.028176000341773033,0.023360000923275948,0.010838586292152654,5,13.009041786193848,13.031560897827148,13.021073341369629,13.018760681152344,0.008083751113717572,5,0.3903610110282898,0.4107609987258911,0.39867340326309203,0.400162011384964,0.007679632114561838,5,0.00443999981507659,0.004559999797493219,0.004495999962091446,0.004480000119656324,4.079211969054e-05,5,2880,64,8,32,8,16384,TORCH_SDPA,"[8192, 8192]","[0, 0]","[4096, 4096, 4096, 4096, 4096, 4096, 4096, 4096, 4096, 4096, 4096, 4096, 4096, 4096, 4096, 4096, 4096, 4096, 4096, 4096, 4096, 4096, 4096, 4096, 4096, 4096, 4096, 4096, 4096, 4096, 4096, 4096, 4096, 4096, 4096, 4096, 4096, 4096, 4096, 4096, 4096, 4096, 4096, 4096, 4096, 4096, 4096, 4096, 4096, 4096, 4096, 4096, 4096, 4096, 4096, 4096, 4096, 4096, 4096, 4096, 4096, 4096, 4096, 4096]",2,64,64,66,16384,64,16448,4096,0.030303030303030304,true_mixed,True,False,True,66,0,0,False,0,0,BF16,CUDA_EVENT,generic,generic,none
0.004480000119656324,0.012160000391304493,0.006040000077337027,0.004519999958574772,0.003060143943289743,5,0.02184000052511692,0.04552000015974045,0.02670399993658066,0.02208000048995018,0.009408680356776932,5,12.938401222229004,13.03744125366211,12.986280822753907,12.985159873962402,0.03871420481468649,5,0.09164000302553177,0.09404099732637405,0.09260820001363754,0.09251999855041504,0.0008194789096489768,5,0.004480000119656324,0.004600000102072954,0.004520200099796057,0.004519999958574772,4.381962433690881e-05,5,2880,64,8,32,8,16384,TORCH_SDPA,"[8192, 8192]","[0, 0]","[2048, 2048]",2,2,2,4,16384,2,16386,2048,0.5,true_mixed,True,False,True,4,0,0,False,0,0,BF16,CUDA_EVENT,generic,generic,none
0.00443999981507659,0.004600000102072954,0.004511999990791082,0.004519999958574772,5.306606375125428e-05,5,0.021880000829696655,0.031279999762773514,0.024064000323414804,0.022360000759363174,0.0036205278456502,5,12.91895866394043,13.007439613342285,12.951926994323731,12.934358596801758,0.03302755189715272,5,0.1170400008559227,0.12263999879360199,0.11945639997720718,0.11940000206232071,0.002085247706413352,5,0.004480000119656324,0.004600000102072954,0.004528000019490719,0.004519999958574772,4.6647571055609506e-05,5,2880,64,8,32,8,16384,TORCH_SDPA,"[8192, 8192]","[0, 0]","[1024, 1024, 1024, 1024, 1024, 1024, 1024, 1024, 1024, 1024, 1024, 1024, 1024, 1024, 1024, 1024, 1024, 1024, 1024, 1024, 1024, 1024, 1024, 1024, 1024, 1024, 1024, 1024, 1024, 1024, 1024, 1024, 1024, 1024, 1024, 1024, 1024, 1024, 1024, 1024, 1024, 1024, 1024, 1024, 1024, 1024, 1024, 1024, 1024, 1024, 1024, 1024, 1024, 1024, 1024, 1024, 1024, 1024, 1024, 1024, 1024, 1024, 1024, 1024, 1024, 1024, 1024, 1024, 1024, 1024, 1024, 1024, 1024, 1024, 1024, 1024, 1024, 1024, 1024, 1024, 1024, 1024, 1024, 1024, 1024, 1024, 1024, 1024, 1024, 1024, 1024, 1024, 1024, 1024, 1024, 1024]",2,96,96,98,16384,96,16480,1024,0.02040816326530612,true_mixed,True,False,True,98,0,0,False,0,0,BF16,CUDA_EVENT,generic,generic,none
0.004480000119656324,0.015359999611973763,0.006711999885737896,0.004559999797493219,0.004324175622394973,5,0.02232000045478344,0.12544099986553192,0.04336839988827705,0.022600000724196434,0.04104164958344799,5,12.817120552062988,12.978281021118164,12.924784660339355,12.937360763549805,0.057705759925178714,5,0.0963200032711029,0.09940099716186523,0.0975841999053955,0.09679999947547913,0.001275925375488161,5,0.004519999958574772,0.004639999940991402,0.0045519999228417875,0.004519999958574772,4.664760299960091e-05,5,2880,64,8,32,8,16384,TORCH_SDPA,"[8192, 8192]","[0, 0]","[1024, 1024, 1024, 1024, 1024, 1024, 1024, 1024, 1024, 1024, 1024, 1024, 1024, 1024, 1024, 1024, 1024, 1024, 1024, 1024, 1024, 1024, 1024, 1024, 1024, 1024, 1024, 1024, 1024, 1024, 1024, 1024, 1024, 1024, 1024, 1024, 1024, 1024, 1024, 1024, 1024, 1024, 1024, 1024, 1024, 1024, 1024, 1024, 1024, 1024, 1024, 1024, 1024, 1024, 1024, 1024, 1024, 1024, 1024, 1024, 1024, 1024, 1024, 1024]",2,64,64,66,16384,64,16448,1024,0.030303030303030304,true_mixed,True,False,True,66,0,0,False,0,0,BF16,CUDA_EVENT,generic,generic,none
0.004600000102072954,0.0060800001956522465,0.004912000056356192,0.004639999940991402,0.0005842739757781457,5,0.02223999984562397,0.0812000036239624,0.034240000694990155,0.022679999470710754,0.023480853236749703,5,12.929240226745605,12.976920127868652,12.953927993774414,12.952719688415527,0.015584394519674092,5,0.04692000150680542,0.048121001571416855,0.04736820086836815,0.04732000082731247,0.0004380835366337123,5,0.004559999797493219,0.004639999940991402,0.00459199994802475,0.004600000102072954,2.9933337677144675e-05,5,2880,64,8,32,8,16384,TORCH_SDPA,"[8192, 8192]","[0, 0]","[512, 512, 512, 512, 512, 512, 512, 512]",2,8,8,10,16384,8,16392,512,0.2,true_mixed,True,False,True,10,0,0,False,0,0,BF16,CUDA_EVENT,generic,generic,none
0.004360000137239695,0.04960000142455101,0.013472000323235988,0.004480000119656324,0.018064089124302213,5,0.02199999988079071,0.05483999848365784,0.02980019971728325,0.023000000044703484,0.012636685628011452,5,12.863280296325684,12.991921424865723,12.931416893005371,12.936120986938477,0.0415485387640121,5,0.2013999968767166,0.2088409960269928,0.20589659810066224,0.20704099535942078,0.002544190808978809,5,0.004360000137239695,0.004600000102072954,0.004496000055223703,0.004480000119656324,9.329525391534613e-05,5,2880,64,8,32,8,16384,TORCH_SDPA,"[8192, 8192]","[0, 0]","[2048, 2048, 2048, 2048, 2048, 2048, 2048, 2048, 2048, 2048, 2048, 2048, 2048, 2048, 2048, 2048, 2048, 2048, 2048, 2048, 2048, 2048, 2048, 2048, 2048, 2048, 2048, 2048, 2048, 2048, 2048, 2048, 2048, 2048, 2048, 2048, 2048, 2048, 2048, 2048, 2048, 2048, 2048, 2048, 2048, 2048, 2048, 2048]",2,48,48,50,16384,48,16432,2048,0.04,true_mixed,True,False,True,50,0,0,False,0,0,BF16,CUDA_EVENT,generic,generic,none
0.004399999976158142,0.005640000104904175,0.004695999901741743,0.00443999981507659,0.00047504114697928036,5,0.021880000829696655,0.09540099650621414,0.03683219961822033,0.022360000759363174,0.029285189296680565,5,12.929281234741211,13.087560653686523,13.023577117919922,13.043841361999512,0.052961701777897274,5,0.0936800017952919,0.09964100271463394,0.09649680107831955,0.09540099650621414,0.00236512911155286,5,0.00431999983265996,0.004600000102072954,0.0044559999369084835,0.00443999981507659,0.00010910546490412998,5,2880,64,8,32,8,16384,TORCH_SDPA,"[8192, 8192]","[0, 0]","[2048, 2048, 2048, 2048]",2,4,4,6,16384,4,16388,2048,0.3333333333333333,true_mixed,True,False,True,6,0,0,False,0,0,BF16,CUDA_EVENT,generic,generic,none
0.004519999958574772,0.007280000019818544,0.005103999935090542,0.004559999797493219,0.001088882037514351,5,0.021880000829696655,0.03488000109791756,0.024784000217914583,0.022280000150203705,0.005061263500271597,5,12.909799575805664,13.001640319824219,12.954840278625488,12.948040962219238,0.029868544428819026,5,0.26288101077079773,0.27663999795913696,0.2670006036758423,0.2644810080528259,0.00512471210242053,5,0.004480000119656324,0.004639999940991402,0.00457600001245737,0.004600000102072954,6.499226332255945e-05,5,2880,64,8,32,8,16384,TORCH_SDPA,"[8192, 8192]","[0, 0]","[8192, 8192, 8192, 8192]",2,4,4,6,16384,4,16388,8192,0.3333333333333333,true_mixed,True,False,True,6,0,0,False,0,0,BF16,CUDA_EVENT,generic,generic,none
0.004480000119656324,0.006800000090152025,0.004991999920457601,0.004559999797493219,0.0009045308981300015,5,0.02191999927163124,0.11236000061035156,0.040263999998569486,0.022360000759363174,0.03604848854213375,5,12.846960067749023,12.996400833129883,12.920232582092286,12.914481163024902,0.047618403976847,5,0.5796419978141785,0.5978819727897644,0.5904817938804626,0.5936409831047058,0.007318836445661899,5,0.004519999958574772,0.004559999797493219,0.0045439998619258406,0.004559999797493219,1.95958390287433e-05,5,2880,64,8,32,8,16384,TORCH_SDPA,"[8192, 8192]","[0, 0]","[4096, 4096, 4096, 4096, 4096, 4096, 4096, 4096, 4096, 4096, 4096, 4096, 4096, 4096, 4096, 4096, 4096, 4096, 4096, 4096, 4096, 4096, 4096, 4096, 4096, 4096, 4096, 4096, 4096, 4096, 4096, 4096, 4096, 4096, 4096, 4096, 4096, 4096, 4096, 4096, 4096, 4096, 4096, 4096, 4096, 4096, 4096, 4096, 4096, 4096, 4096, 4096, 4096, 4096, 4096, 4096, 4096, 4096, 4096, 4096, 4096, 4096, 4096, 4096, 4096, 4096, 4096, 4096, 4096, 4096, 4096, 4096, 4096, 4096, 4096, 4096, 4096, 4096, 4096, 4096, 4096, 4096, 4096, 4096, 4096, 4096, 4096, 4096, 4096, 4096, 4096, 4096, 4096, 4096, 4096, 4096]",2,96,96,98,16384,96,16480,4096,0.02040816326530612,true_mixed,True,False,True,98,0,0,False,0,0,BF16,CUDA_EVENT,generic,generic,none
0.004480000119656324,0.00559999980032444,0.004743999894708395,0.004559999797493219,0.00042902675035024965,5,0.021561000496149063,0.08844099938869476,0.03508840017020702,0.02184000052511692,0.026676674547247106,5,12.840359687805176,12.890520095825195,12.867047691345215,12.870519638061523,0.01713129467947147,5,0.10548000037670135,0.10651999711990356,0.10589619874954223,0.10568100214004517,0.0003756286948623067,5,0.004480000119656324,0.004600000102072954,0.004543999955058098,0.004559999797493219,4.079211969054e-05,5,2880,64,8,32,8,16384,TORCH_SDPA,"[8192, 8192]","[0, 0]","[2048, 2048, 2048, 2048, 2048, 2048, 2048, 2048, 2048, 2048, 2048, 2048, 2048, 2048, 2048, 2048]",2,16,16,18,16384,16,16400,2048,0.1111111111111111,true_mixed,True,False,True,18,0,0,False,0,0,BF16,CUDA_EVENT,generic,generic,none
0.004360000137239695,0.004519999958574772,0.004456000030040741,0.004480000119656324,6.499226332255945e-05,5,0.02223999984562397,0.061400000005960464,0.030832000076770782,0.022679999470710754,0.015321334641280436,5,12.895721435546875,13.027280807495117,12.925889015197754,12.90372085571289,0.05079427843419825,5,0.7598819732666016,0.7899630069732666,0.7825943946838378,0.7890419960021973,0.011530988340390257,5,0.004360000137239695,0.004519999958574772,0.0044639999978244305,0.004480000119656324,5.986647622883656e-05,5,2880,64,8,32,8,16384,TORCH_SDPA,"[8192, 8192]","[0, 0]","[8192, 8192, 8192, 8192, 8192, 8192, 8192, 8192, 8192, 8192, 8192, 8192, 8192, 8192, 8192, 8192, 8192, 8192, 8192, 8192, 8192, 8192, 8192, 8192, 8192, 8192, 8192, 8192, 8192, 8192, 8192, 8192, 8192, 8192, 8192, 8192, 8192, 8192, 8192, 8192, 8192, 8192, 8192, 8192, 8192, 8192, 8192, 8192, 8192, 8192, 8192, 8192, 8192, 8192, 8192, 8192, 8192, 8192, 8192, 8192, 8192, 8192, 8192, 8192]",2,64,64,66,16384,64,16448,8192,0.030303030303030304,true_mixed,True,False,True,66,0,0,False,0,0,BF16,CUDA_EVENT,generic,generic,none
0.004399999976158142,0.0075599998235702515,0.005063999909907579,0.00443999981507659,0.001248256341681067,5,0.021800000220537186,0.0785209983587265,0.03356819972395897,0.02247999981045723,0.022478767899824875,5,12.94088077545166,13.064201354980469,12.98570499420166,12.946121215820312,0.05233438763746276,5,0.28484100103378296,0.29100099205970764,0.28803279995918274,0.2887200117111206,0.0023622302784973093,5,0.00443999981507659,0.006639999803155661,0.004935999866575003,0.004519999958574772,0.0008528915210992804,5,2880,64,8,32,8,16384,TORCH_SDPA,"[8192, 8192]","[0, 0]","[8192, 8192, 8192, 8192, 8192, 8192, 8192, 8192]",2,8,8,10,16384,8,16392,8192,0.2,true_mixed,True,False,True,10,0,0,False,0,0,BF16,CUDA_EVENT,generic,generic,none
0.00443999981507659,0.004559999797493219,0.004479999840259552,0.00443999981507659,5.0596459691431135e-05,5,0.021719999611377716,0.08963999897241592,0.03548000007867813,0.02184000052511692,0.027080903422193697,5,12.968840599060059,13.052241325378418,13.000785064697265,12.989601135253906,0.028811583458559182,5,0.04808000102639198,0.05392000079154968,0.050280000269413,0.049479998648166656,0.0021933717136587896,5,0.00443999981507659,0.004559999797493219,0.004519999865442515,0.004519999958574772,4.381779817994027e-05,5,2880,64,8,32,8,16384,TORCH_SDPA,"[8192, 8192]","[0, 0]","[512, 512, 512, 512, 512, 512, 512, 512, 512, 512, 512, 512, 512, 512, 512, 512]",2,16,16,18,16384,16,16400,512,0.1111111111111111,true_mixed,True,False,True,18,0,0,False,0,0,BF16,CUDA_EVENT,generic,generic,none
0.004480000119656324,0.009560000151395798,0.0055599999614059925,0.004559999797493219,0.002000639991168415,5,0.0221599992364645,0.09443999826908112,0.03685619942843914,0.022520000115036964,0.028792551684977713,5,12.86128044128418,13.005400657653809,12.935312461853027,12.916799545288086,0.05460013843540645,5,0.3544810116291046,0.36920198798179626,0.36262519359588624,0.3627209961414337,0.005260241238491636,5,0.004519999958574772,0.004639999940991402,0.0045599998906254765,0.004559999797493219,4.381779817994027e-05,5,2880,64,8,32,8,16384,TORCH_SDPA,"[8192, 8192]","[0, 0]","[8192, 8192, 8192, 8192, 8192, 8192, 8192, 8192, 8192, 8192, 8192, 8192, 8192, 8192, 8192, 8192, 8192, 8192, 8192, 8192, 8192, 8192, 8192, 8192]",2,24,24,26,16384,24,16408,8192,0.07692307692307693,true_mixed,True,False,True,26,0,0,False,0,0,BF16,CUDA_EVENT,generic,generic,none
0.004399999976158142,0.004480000119656324,0.004440000001341105,0.00443999981507659,3.5777151814455904e-05,5,0.022120000794529915,0.040481001138687134,0.02602420039474964,0.022600000724196434,0.00723147093292132,5,12.963200569152832,13.024320602416992,13.002376747131347,13.011760711669922,0.022143493528581297,5,0.05031999945640564,0.05240099877119064,0.05117620006203651,0.0509600006043911,0.0007272368132964998,5,0.004360000137239695,0.004480000119656324,0.004423999972641468,0.00443999981507659,4.079211969054e-05,5,2880,64,8,32,8,16384,TORCH_SDPA,"[8192, 8192]","[0, 0]","[512, 512, 512, 512, 512, 512, 512, 512, 512, 512, 512, 512, 512, 512, 512, 512, 512, 512, 512, 512, 512, 512, 512, 512]",2,24,24,26,16384,24,16408,512,0.07692307692307693,true_mixed,True,False,True,26,0,0,False,0,0,BF16,CUDA_EVENT,generic,generic,none
0.004480000119656324,0.004600000102072954,0.004528000019490719,0.004519999958574772,3.9191849152437796e-05,5,0.021640999242663383,0.09015999734401703,0.03592019900679588,0.02263999916613102,0.0271226901908762,5,12.912200927734375,13.056282043457031,12.976921081542969,12.987481117248535,0.049035285924981235,5,0.11435999721288681,0.11612000316381454,0.11528819948434829,0.11564099788665771,0.0007113363340645424,5,0.004519999958574772,0.004600000102072954,0.004543999955058098,0.004519999958574772,3.200003411633561e-05,5,2880,64,8,32,8,16384,TORCH_SDPA,"[8192, 8192]","[0, 0]","[2048, 2048, 2048, 2048, 2048, 2048, 2048, 2048, 2048, 2048, 2048, 2048, 2048, 2048, 2048, 2048, 2048, 2048, 2048, 2048, 2048, 2048, 2048, 2048]",2,24,24,26,16384,24,16408,2048,0.07692307692307693,true_mixed,True,False,True,26,0,0,False,0,0,BF16,CUDA_EVENT,generic,generic,none
0.00443999981507659,0.004840000066906214,0.0045519999228417875,0.004519999958574772,0.0001483779813086448,5,0.02143999934196472,0.08444099873304367,0.03601619936525822,0.02539999969303608,0.024279108268283753,5,12.866479873657227,12.985280990600586,12.921432495117188,12.928400039672852,0.04470813904184919,5,0.05592000111937523,0.061000000685453415,0.057736000418663024,0.05700000002980232,0.0017462370103904492,5,0.004480000119656324,0.004639999940991402,0.004592000041157007,0.004600000102072954,5.8787694517986746e-05,5,2880,64,8,32,8,16384,TORCH_SDPA,"[8192, 8192]","[0, 0]","[512, 512, 512, 512, 512, 512, 512, 512, 512, 512, 512, 512, 512, 512, 512, 512, 512, 512, 512, 512, 512, 512, 512, 512, 512, 512, 512, 512, 512, 512, 512, 512, 512, 512, 512, 512, 512, 512, 512, 512, 512, 512, 512, 512, 512, 512, 512, 512]",2,48,48,50,16384,48,16432,512,0.04,true_mixed,True,False,True,50,0,0,False,0,0,BF16,CUDA_EVENT,generic,generic,none
0.00443999981507659,0.046879999339580536,0.012959999777376652,0.004480000119656324,0.016960056384765214,5,0.0221599992364645,0.030799999833106995,0.02443999983370304,0.022600000724196434,0.0032585641234517317,5,12.962760925292969,13.04652214050293,13.00821762084961,13.016282081604004,0.03131013151936746,5,0.12428099662065506,0.12967999279499054,0.1269121989607811,0.12671999633312225,0.0017206041825959682,5,0.004399999976158142,0.004600000102072954,0.004479999933391809,0.00443999981507659,7.15542515661964e-05,5,2880,64,8,32,8,16384,TORCH_SDPA,"[8192, 8192]","[0, 0]","[2048, 2048, 2048, 2048, 2048, 2048, 2048, 2048, 2048, 2048, 2048, 2048, 2048, 2048, 2048, 2048, 2048, 2048, 2048, 2048, 2048, 2048, 2048, 2048, 2048, 2048, 2048, 2048, 2048, 2048, 2048, 2048]",2,32,32,34,16384,32,16416,2048,0.058823529411764705,true_mixed,True,False,True,34,0,0,False,0,0,BF16,CUDA_EVENT,generic,generic,none
0.004480000119656324,0.004559999797493219,0.004519999958574772,0.004519999958574772,2.5298119404428044e-05,5,0.02199999988079071,0.11711999773979187,0.04123999960720539,0.02239999920129776,0.03794051672187238,5,12.917840003967285,12.988080024719238,12.947760200500488,12.951199531555176,0.026599277531547644,5,0.38620099425315857,0.3996410071849823,0.39157740473747255,0.3897620141506195,0.005255707107482384,5,0.004480000119656324,0.004600000102072954,0.004520000051707029,0.004519999958574772,4.381779817994027e-05,5,2880,64,8,32,8,16384,TORCH_SDPA,"[8192, 8192]","[0, 0]","[8192, 8192, 8192, 8192, 8192, 8192, 8192, 8192, 8192, 8192, 8192, 8192, 8192, 8192, 8192, 8192, 8192, 8192, 8192, 8192, 8192, 8192, 8192, 8192, 8192, 8192, 8192, 8192, 8192, 8192, 8192, 8192]",2,32,32,34,16384,32,16416,8192,0.058823529411764705,true_mixed,True,False,True,34,0,0,False,0,0,BF16,CUDA_EVENT,generic,generic,none
0.004519999958574772,0.004639999940991402,0.0045599999837577345,0.004519999958574772,5.0596459691431135e-05,5,0.022199999541044235,0.07568000257015228,0.033024000376462935,0.02232000045478344,0.02132852621985177,5,12.869720458984375,12.902440071105957,12.881919860839844,12.875200271606445,0.011783239356639805,5,0.21772100031375885,0.22484099864959717,0.22058480083942414,0.21860000491142273,0.0029789458910441627,5,0.004480000119656324,0.004600000102072954,0.004576000105589628,0.004600000102072954,4.7999992966651915e-05,5,2880,64,8,32,8,16384,TORCH_SDPA,"[8192, 8192]","[0, 0]","[2048, 2048, 2048, 2048, 2048, 2048, 2048, 2048, 2048, 2048, 2048, 2048, 2048, 2048, 2048, 2048, 2048, 2048, 2048, 2048, 2048, 2048, 2048, 2048, 2048, 2048, 2048, 2048, 2048, 2048, 2048, 2048, 2048, 2048, 2048, 2048, 2048, 2048, 2048, 2048, 2048, 2048, 2048, 2048, 2048, 2048, 2048, 2048, 2048, 2048, 2048, 2048, 2048, 2048, 2048, 2048, 2048, 2048, 2048, 2048, 2048, 2048, 2048, 2048]",2,64,64,66,16384,64,16448,2048,0.030303030303030304,true_mixed,True,False,True,66,0,0,False,0,0,BF16,CUDA_EVENT,generic,generic,none
0.004360000137239695,0.004600000102072954,0.0044639999978244305,0.00443999981507659,8.616264446557886e-05,5,0.022120000794529915,0.10856100171804428,0.03966440074145794,0.022520000115036964,0.03444903642559436,5,12.971681594848633,13.083562850952148,13.012530517578124,13.004002571105957,0.03941955471810351,5,0.6872419714927673,0.7104020118713379,0.6993539929389954,0.6985219717025757,0.007759492879524067,5,0.004360000137239695,0.004559999797493219,0.004487999901175499,0.004519999958574772,7.756277669888579e-05,5,2880,64,8,32,8,16384,TORCH_SDPA,"[8192, 8192]","[0, 0]","[8192, 8192, 8192, 8192, 8192, 8192, 8192, 8192, 8192, 8192, 8192, 8192, 8192, 8192, 8192, 8192, 8192, 8192, 8192, 8192, 8192, 8192, 8192, 8192, 8192, 8192, 8192, 8192, 8192, 8192, 8192, 8192, 8192, 8192, 8192, 8192, 8192, 8192, 8192, 8192, 8192, 8192, 8192, 8192, 8192, 8192, 8192, 8192]",2,48,48,50,16384,48,16432,8192,0.04,true_mixed,True,False,True,50,0,0,False,0,0,BF16,CUDA_EVENT,generic,generic,none
0.004399999976158142,0.004559999797493219,0.004495999962091446,0.004480000119656324,5.986642644755097e-05,5,0.021880000829696655,0.09511999785900116,0.036879999563097954,0.022679999470710754,0.029122218841110662,5,12.930761337280273,13.081920623779297,12.992248916625977,12.970280647277832,0.05371355934476548,5,0.061799999326467514,0.06620000302791595,0.0633040003478527,0.06319999694824219,0.0015941104768537502,5,0.004480000119656324,0.004559999797493219,0.004511999990791082,0.004519999958574772,2.9933138551795365e-05,5,2880,64,8,32,8,16384,TORCH_SDPA,"[8192, 8192]","[0, 0]","[512, 512, 512, 512, 512, 512, 512, 512, 512, 512, 512, 512, 512, 512, 512, 512, 512, 512, 512, 512, 512, 512, 512, 512, 512, 512, 512, 512, 512, 512, 512, 512, 512, 512, 512, 512, 512, 512, 512, 512, 512, 512, 512, 512, 512, 512, 512, 512, 512, 512, 512, 512, 512, 512, 512, 512, 512, 512, 512, 512, 512, 512, 512, 512]",2,64,64,66,16384,64,16448,512,0.030303030303030304,true_mixed,True,False,True,66,0,0,False,0,0,BF16,CUDA_EVENT,generic,generic,none
0.004399999976158142,0.004679999779909849,0.004528000019490719,0.004480000119656324,9.927731958578158e-05,5,0.022040000185370445,0.06340000033378601,0.030776000022888182,0.02295999974012375,0.016316717461953012,5,12.842039108276367,13.015680313110352,12.920751953125,12.932840347290039,0.06090214804544415,5,1.1484839916229248,1.188364028930664,1.164443802833557,1.1635240316390991,0.01322958921864431,5,0.004519999958574772,0.004639999940991402,0.004575999919325113,0.004559999797493219,5.425864106902378e-05,5,2880,64,8,32,8,16384,TORCH_SDPA,"[8192, 8192]","[0, 0]","[8192, 8192, 8192, 8192, 8192, 8192, 8192, 8192, 8192, 8192, 8192, 8192, 8192, 8192, 8192, 8192, 8192, 8192, 8192, 8192, 8192, 8192, 8192, 8192, 8192, 8192, 8192, 8192, 8192, 8192, 8192, 8192, 8192, 8192, 8192, 8192, 8192, 8192, 8192, 8192, 8192, 8192, 8192, 8192, 8192, 8192, 8192, 8192, 8192, 8192, 8192, 8192, 8192, 8192, 8192, 8192, 8192, 8192, 8192, 8192, 8192, 8192, 8192, 8192, 8192, 8192, 8192, 8192, 8192, 8192, 8192, 8192, 8192, 8192, 8192, 8192, 8192, 8192, 8192, 8192, 8192, 8192, 8192, 8192, 8192, 8192, 8192, 8192, 8192, 8192, 8192, 8192, 8192, 8192, 8192, 8192]",2,96,96,98,16384,96,16480,8192,0.02040816326530612,true_mixed,True,False,True,98,0,0,False,0,0,BF16,CUDA_EVENT,generic,generic,none
0.00443999981507659,0.00547999981790781,0.004815999884158373,0.004480000119656324,0.0004508480522980266,5,0.021880000829696655,0.09700100123882294,0.037144200131297114,0.02223999984562397,0.029928940501760624,5,12.998481750488281,13.110761642456055,13.035369873046875,13.022762298583984,0.038966016370645895,5,0.07491999864578247,0.07784000039100647,0.07627999931573867,0.07587999850511551,0.0012524539200308921,5,0.004399999976158142,0.004559999797493219,0.0044801999814808365,0.004519999958574772,6.669442345411842e-05,5,2880,64,8,32,8,16384,TORCH_SDPA,"[8192, 8192]","[0, 0]","[512, 512, 512, 512, 512, 512, 512, 512, 512, 512, 512, 512, 512, 512, 512, 512, 512, 512, 512, 512, 512, 512, 512, 512, 512, 512, 512, 512, 512, 512, 512, 512, 512, 512, 512, 512, 512, 512, 512, 512, 512, 512, 512, 512, 512, 512, 512, 512, 512, 512, 512, 512, 512, 512, 512, 512, 512, 512, 512, 512, 512, 512, 512, 512, 512, 512, 512, 512, 512, 512, 512, 512, 512, 512, 512, 512, 512, 512, 512, 512, 512, 512, 512, 512, 512, 512, 512, 512, 512, 512, 512, 512, 512, 512, 512, 512]",2,96,96,98,16384,96,16480,512,0.02040816326530612,true_mixed,True,False,True,98,0,0,False,0,0,BF16,CUDA_EVENT,generic,generic,none
0.00443999981507659,0.004679999779909849,0.0045599998906254765,0.004559999797493219,8.000000379989098e-05,5,0.02223999984562397,0.09867999702692032,0.038071999326348305,0.02271999977529049,0.030314630564111152,5,12.941120147705078,13.04448127746582,12.991840744018555,12.993721008300781,0.03931756185145278,5,0.3094010055065155,0.3158409893512726,0.31321699619293214,0.31380099058151245,0.002121970286523125,5,0.004480000119656324,0.004679999779909849,0.0045599999837577345,0.004519999958574772,7.15540953786714e-05,5,2880,64,8,32,8,16384,TORCH_SDPA,"[8192, 8192]","[0, 0]","[2048, 2048, 2048, 2048, 2048, 2048, 2048, 2048, 2048, 2048, 2048, 2048, 2048, 2048, 2048, 2048, 2048, 2048, 2048, 2048, 2048, 2048, 2048, 2048, 2048, 2048, 2048, 2048, 2048, 2048, 2048, 2048, 2048, 2048, 2048, 2048, 2048, 2048, 2048, 2048, 2048, 2048, 2048, 2048, 2048, 2048, 2048, 2048, 2048, 2048, 2048, 2048, 2048, 2048, 2048, 2048, 2048, 2048, 2048, 2048, 2048, 2048, 2048, 2048, 2048, 2048, 2048, 2048, 2048, 2048, 2048, 2048, 2048, 2048, 2048, 2048, 2048, 2048, 2048, 2048, 2048, 2048, 2048, 2048, 2048, 2048, 2048, 2048, 2048, 2048, 2048, 2048, 2048, 2048, 2048, 2048]",2,96,96,98,16384,96,16480,2048,0.02040816326530612,true_mixed,True,False,True,98,0,0,False,0,0,BF16,CUDA_EVENT,generic,generic,none
