time_stats.attn_input_reshape.min,time_stats.attn_input_reshape.max,time_stats.attn_input_reshape.mean,time_stats.attn_input_reshape.median,time_stats.attn_input_reshape.std,time_stats.attn_input_reshape.count,time_stats.attn_kv_cache_save.min,time_stats.attn_kv_cache_save.max,time_stats.attn_kv_cache_save.mean,time_stats.attn_kv_cache_save.median,time_stats.attn_kv_cache_save.std,time_stats.attn_kv_cache_save.count,time_stats.attn_prefill.min,time_stats.attn_prefill.max,time_stats.attn_prefill.mean,time_stats.attn_prefill.median,time_stats.attn_prefill.std,time_stats.attn_prefill.count,time_stats.attn_decode.min,time_stats.attn_decode.max,time_stats.attn_decode.mean,time_stats.attn_decode.median,time_stats.attn_decode.std,time_stats.attn_decode.count,time_stats.attn_output_reshape.min,time_stats.attn_output_reshape.max,time_stats.attn_output_reshape.mean,time_stats.attn_output_reshape.median,time_stats.attn_output_reshape.std,time_stats.attn_output_reshape.count,n_embd,n_q_head,n_kv_head,block_size,num_tensor_parallel_workers,max_model_len,attention_backend,prefill_seq_lens,prefill_kv_cache_sizes,decode_kv_cache_sizes,num_prefill_seqs,num_decode_seqs,decode_batch_size,total_batch_size,total_prefill_tokens,total_decode_tokens,total_tokens,decode_avg_kv_cache_size,batch_composition_ratio,mode,is_true_mixed_batch,is_mixed_batch,is_prefill,batch_size,prefill_chunk_size,kv_cache_size,is_chunked_prefill_sample,chunk_start_token,chunk_end_token,profiling_precision,measurement_type,model_arch,model_architecture_profile,quant_signature
0.010143999941647053,0.012032000347971916,0.010617600008845329,0.01027199998497963,0.0007107748402810426,5,0.01958400011062622,0.02175999991595745,0.020256000384688378,0.019872000440955162,0.0008011509779784319,5,0.04403200000524521,0.05507199838757515,0.04827519953250885,0.04492799937725067,0.004849730073319414,5,0.03711999952793121,0.03920000046491623,0.037907200306653975,0.037696000188589096,0.0006945108734496508,5,0.009375999681651592,0.010239999741315842,0.009759999811649323,0.00979200005531311,0.00030357868942940857,5,2048,32,4,1,1,9216,FLASHINFER,[64],[0],[128],1,1,1,2,64,1,65,128,0.5,true_mixed,True,False,True,2,0,0,False,0,0,BF16,CUDA_EVENT,generic,generic,none
0.009759999811649323,0.011648000217974186,0.010348800010979176,0.010111999697983265,0.0006640598689578425,5,0.019519999623298645,0.02163200080394745,0.02003839984536171,0.019711999222636223,0.0008025308644531581,5,0.043776001781225204,0.050303999334573746,0.045760000497102736,0.045184001326560974,0.0023360433234884677,5,0.03683200106024742,0.038656000047922134,0.0375231996178627,0.037087999284267426,0.0006989197640325238,5,0.009184000082314014,0.009920000098645687,0.009491200000047684,0.009375999681651592,0.00025164303286221145,5,2048,32,4,1,1,9216,FLASHINFER,[64],[0],[256],1,1,1,2,64,1,65,256,0.5,true_mixed,True,False,True,2,0,0,False,0,0,BF16,CUDA_EVENT,generic,generic,none
0.009983999654650688,0.011872000060975552,0.010540799982845784,0.01017600018531084,0.0007076560386147499,5,0.019807999953627586,0.020767999812960625,0.02014720030128956,0.02006400004029274,0.00033230715314766583,5,0.044224001467227936,0.0488319993019104,0.04577919989824295,0.04476799815893173,0.0017710317238996854,5,0.03667199984192848,0.039583999663591385,0.0374271996319294,0.03699199855327606,0.0010899934294803044,5,0.009119999594986439,0.010208000428974628,0.009516800194978714,0.009440000168979168,0.00036687150989743147,5,2048,32,4,1,1,9216,FLASHINFER,[64],[0],[512],1,1,1,2,64,1,65,512,0.5,true_mixed,True,False,True,2,0,0,False,0,0,BF16,CUDA_EVENT,generic,generic,none
0.009664000011980534,0.012768000364303589,0.010540799982845784,0.010015999898314476,0.001134191392491456,5,0.018783999606966972,0.022112000733613968,0.020044800266623496,0.019680000841617584,0.001137256997369048,5,0.04368000105023384,0.04950400069355965,0.045644800364971164,0.044319998472929,0.0021999253350807983,5,0.035999998450279236,0.0398080013692379,0.03728640004992485,0.037087999284267426,0.0013604186642809867,5,0.009312000125646591,0.01017600018531084,0.009580800123512746,0.009535999968647957,0.0003165251594653442,5,2048,32,4,1,1,9216,FLASHINFER,[64],[0],[1024],1,1,1,2,64,1,65,1024,0.5,true_mixed,True,False,True,2,0,0,False,0,0,BF16,CUDA_EVENT,generic,generic,none
0.00979200005531311,0.011359999887645245,0.01033599991351366,0.010015999898314476,0.0005612328901317554,5,0.019360000267624855,0.021183999255299568,0.01992960013449192,0.01961600035429001,0.0006505998298632481,5,0.044096000492572784,0.04950400069355965,0.04575359970331192,0.04499199986457825,0.0019188693774074292,5,0.036479998379945755,0.03868800029158592,0.037139199674129486,0.03680000081658363,0.0007938583611470726,5,0.008991999551653862,0.009664000011980534,0.00930559989064932,0.009279999881982803,0.0002406606671236178,5,2048,32,4,1,1,9216,FLASHINFER,[64],[0],[2048],1,1,1,2,64,1,65,2048,0.5,true_mixed,True,False,True,2,0,0,False,0,0,BF16,CUDA_EVENT,generic,generic,none
0.009952000342309475,0.011648000217974186,0.01040639989078045,0.010111999697983265,0.0006353109418845374,5,0.0191040001809597,0.020608000457286835,0.01966719999909401,0.019328000023961067,0.0005518864029062416,5,0.04339199885725975,0.05206400156021118,0.04664959982037544,0.04435199871659279,0.003591273262911775,5,0.036639999598264694,0.03846399858593941,0.037407999485731126,0.03721600025892258,0.0006890031441412174,5,0.008991999551653862,0.009440000168979168,0.00924799982458353,0.009247999638319016,0.00016566007456326912,5,2048,32,4,1,1,9216,FLASHINFER,[64],[0],"[128, 128]",1,2,2,3,64,2,66,128,0.3333333333333333,true_mixed,True,False,True,3,0,0,False,0,0,BF16,CUDA_EVENT,generic,generic,none
0.009696000255644321,0.011872000060975552,0.010387199930846691,0.010048000141978264,0.0007697579953265167,5,0.01945599913597107,0.02112000063061714,0.020038400217890738,0.019872000440955162,0.0005657400913988844,5,0.043007999658584595,0.046431999653577805,0.044646399468183516,0.04428799822926521,0.0012399168727762254,5,0.03526400029659271,0.0382080003619194,0.0366784006357193,0.036607999354600906,0.0009415615949323428,5,0.008895999751985073,0.00979200005531311,0.009280000068247318,0.009216000325977802,0.00034106657302608665,5,2048,32,4,1,1,9216,FLASHINFER,[64],[0],"[256, 256]",1,2,2,3,64,2,66,256,0.3333333333333333,true_mixed,True,False,True,3,0,0,False,0,0,BF16,CUDA_EVENT,generic,generic,none
0.010080000385642052,0.011552000418305397,0.010476800240576267,0.010143999941647053,0.0005629090750039833,5,0.019168000668287277,0.02147199958562851,0.020025599747896194,0.0197759997099638,0.0008022749437921069,5,0.04275200143456459,0.0496320016682148,0.04544640034437179,0.04447999969124794,0.002320951298148815,5,0.03657599911093712,0.03884800150990486,0.03731840029358864,0.036768000572919846,0.0008546821733169995,5,0.008832000195980072,0.010239999741315842,0.009497600048780442,0.009568000212311745,0.000548088071974464,5,2048,32,4,1,1,9216,FLASHINFER,[64],[0],"[512, 512]",1,2,2,3,64,2,66,512,0.3333333333333333,true_mixed,True,False,True,3,0,0,False,0,0,BF16,CUDA_EVENT,generic,generic,none
0.009759999811649323,0.011776000261306763,0.010457600094377994,0.010143999941647053,0.0007524833437200964,5,0.019519999623298645,0.021888000890612602,0.0201664000749588,0.019648000597953796,0.0008979182844214591,5,0.04262400045990944,0.049536000937223434,0.04466560035943985,0.043487999588251114,0.002515159535318554,5,0.035711999982595444,0.03855999931693077,0.037132800370454785,0.03718400001525879,0.0009137888948055836,5,0.008832000195980072,0.009600000455975533,0.009248000010848046,0.009247999638319016,0.00025196827812978893,5,2048,32,4,1,1,9216,FLASHINFER,[64],[0],"[1024, 1024]",1,2,2,3,64,2,66,1024,0.3333333333333333,true_mixed,True,False,True,3,0,0,False,0,0,BF16,CUDA_EVENT,generic,generic,none
0.0098879998549819,0.01152000017464161,0.010662399977445603,0.010623999871313572,0.0006268733293823606,5,0.01945599913597107,0.021023999899625778,0.019884799793362617,0.01961600035429001,0.0005769237740933241,5,0.04297599941492081,0.04886399954557419,0.04481279924511909,0.04438399896025658,0.0021448690317147703,5,0.037248000502586365,0.038336001336574554,0.037753600627183914,0.037728000432252884,0.0004599104363227748,5,0.008960000239312649,0.015456000342965126,0.010617600008845329,0.009440000168979168,0.0024422019063050277,5,2048,32,4,1,1,9216,FLASHINFER,[64],[0],"[2048, 2048]",1,2,2,3,64,2,66,2048,0.3333333333333333,true_mixed,True,False,True,3,0,0,False,0,0,BF16,CUDA_EVENT,generic,generic,none
0.009920000098645687,0.011231999844312668,0.010361599922180175,0.010080000385642052,0.0004954938372757524,5,0.019487999379634857,0.02239999920129776,0.02040319927036762,0.019967999309301376,0.001048233213883476,5,0.04403200000524521,0.05071999877691269,0.04556799978017807,0.044319998472929,0.002585710412093582,5,0.03673600032925606,0.04307200014591217,0.03872640058398247,0.037728000432252884,0.002335464837971711,5,0.008927999995648861,0.009631999768316746,0.009376000054180622,0.009535999968647957,0.0002661968641660323,5,2048,32,4,1,1,9216,FLASHINFER,[64],[0],"[128, 128, 128, 128]",1,4,4,5,64,4,68,128,0.2,true_mixed,True,False,True,5,0,0,False,0,0,BF16,CUDA_EVENT,generic,generic,none
0.0098879998549819,0.011264000087976456,0.010310399904847145,0.010143999941647053,0.000509353238415678,5,0.01865600049495697,0.020767999812960625,0.01966079995036125,0.0197759997099638,0.0007478967491852073,5,0.042527999728918076,0.04831999912858009,0.04420479983091354,0.0435199998319149,0.002120959953456928,5,0.035679999738931656,0.03824000060558319,0.03685120046138764,0.03721600025892258,0.0009539221487613353,5,0.009088000282645226,0.009920000098645687,0.009472000040113926,0.009535999968647957,0.00032444915378544476,5,2048,32,4,1,1,9216,FLASHINFER,[64],[0],"[256, 256, 256, 256]",1,4,4,5,64,4,68,256,0.2,true_mixed,True,False,True,5,0,0,False,0,0,BF16,CUDA_EVENT,generic,generic,none
0.009920000098645687,0.011359999887645245,0.01045759990811348,0.01033599954098463,0.0004942523746989156,5,0.01942400075495243,0.021824000403285027,0.020179200172424316,0.019872000440955162,0.0008678079082614431,5,0.043935999274253845,0.05071999877691269,0.046169599145650865,0.04479999840259552,0.0026073539536699388,5,0.036896001547575,0.038656000047922134,0.03777280002832413,0.037567999213933945,0.0007030096449871803,5,0.009119999594986439,0.010080000385642052,0.009612799994647503,0.009600000455975533,0.00037678571364049786,5,2048,32,4,1,1,9216,FLASHINFER,[64],[0],"[512, 512, 512, 512]",1,4,4,5,64,4,68,512,0.2,true_mixed,True,False,True,5,0,0,False,0,0,BF16,CUDA_EVENT,generic,generic,none
0.009727999567985535,0.011455999687314034,0.010207999870181084,0.010015999898314476,0.0006361483446278292,5,0.01945599913597107,0.021663999184966087,0.020153599604964257,0.019872000440955162,0.0008134295900142225,5,0.04307200014591217,0.04729599878191948,0.04434559941291809,0.043807998299598694,0.0015494605076492587,5,0.03670400008559227,0.03807999938726425,0.03738880008459091,0.037376001477241516,0.0005610862374336198,5,0.008991999551653862,0.009600000455975533,0.009228800050914287,0.009056000038981438,0.0002442086793241488,5,2048,32,4,1,1,9216,FLASHINFER,[64],[0],"[1024, 1024, 1024, 1024]",1,4,4,5,64,4,68,1024,0.2,true_mixed,True,False,True,5,0,0,False,0,0,BF16,CUDA_EVENT,generic,generic,none
0.009920000098645687,0.012480000033974648,0.010502400249242783,0.009952000342309475,0.0009942476767149469,5,0.019200000911951065,0.022784000262618065,0.020608000084757806,0.020479999482631683,0.0012456180014083632,5,0.04383999854326248,0.04966399818658829,0.045510399341583255,0.04451199993491173,0.002112232252794701,5,0.038047999143600464,0.039712000638246536,0.03893120065331459,0.03932800143957138,0.0006714213836243345,5,0.009151999838650227,0.010143999941647053,0.009625599905848502,0.009664000011980534,0.00032846404431804873,5,2048,32,4,1,1,9216,FLASHINFER,[64],[0],"[2048, 2048, 2048, 2048]",1,4,4,5,64,4,68,2048,0.2,true_mixed,True,False,True,5,0,0,False,0,0,BF16,CUDA_EVENT,generic,generic,none
0.009855999611318111,0.01244799979031086,0.010585599951446057,0.01017600018531084,0.0009456852053477457,5,0.018848000094294548,0.026623999699950218,0.021433600410819053,0.019936000928282738,0.002775372128181498,5,0.04310400038957596,0.04758400097489357,0.04537599980831146,0.04575999826192856,0.001476445367620175,5,0.03699199855327606,0.03872000053524971,0.037561599910259244,0.037248000502586365,0.0006245827424380335,5,0.009151999838650227,0.010080000385642052,0.009510400146245957,0.009472000412642956,0.00033341489918936276,5,2048,32,4,1,1,9216,FLASHINFER,[64],[0],"[128, 128, 128, 128, 128, 128, 128, 128]",1,8,8,9,64,8,72,128,0.1111111111111111,true_mixed,True,False,True,9,0,0,False,0,0,BF16,CUDA_EVENT,generic,generic,none
0.009535999968647957,0.01283199992030859,0.010483199916779994,0.010015999898314476,0.001190572021605808,5,0.019551999866962433,0.022143999114632607,0.020320000126957893,0.019648000597953796,0.0009966339469078215,5,0.044319998472929,0.048448000103235245,0.04556799978017807,0.04505600035190582,0.0014715829160489022,5,0.036639999598264694,0.03836800158023834,0.037452800571918486,0.03718400001525879,0.0007705565652974291,5,0.008736000396311283,0.009759999811649323,0.009350400231778622,0.009472000412642956,0.0003868691477592823,5,2048,32,4,1,1,9216,FLASHINFER,[64],[0],"[256, 256, 256, 256, 256, 256, 256, 256]",1,8,8,9,64,8,72,256,0.1111111111111111,true_mixed,True,False,True,9,0,0,False,0,0,BF16,CUDA_EVENT,generic,generic,none
0.0098879998549819,0.011136000044643879,0.010438399761915207,0.010367999784648418,0.00040141836653748814,5,0.019360000267624855,0.021407999098300934,0.019987199828028678,0.019551999866962433,0.0007576905418138822,5,0.0435199998319149,0.048128001391887665,0.04538239985704422,0.04476799815893173,0.0017241327855232332,5,0.03731200098991394,0.038784001022577286,0.03826560080051422,0.03859199956059456,0.000586709126070406,5,0.008767999708652496,0.009952000342309475,0.009452800080180169,0.009535999968647957,0.0003843200697765717,5,2048,32,4,1,1,9216,FLASHINFER,[64],[0],"[512, 512, 512, 512, 512, 512, 512, 512]",1,8,8,9,64,8,72,512,0.1111111111111111,true_mixed,True,False,True,9,0,0,False,0,0,BF16,CUDA_EVENT,generic,generic,none
0.009759999811649323,0.011776000261306763,0.01045759990811348,0.010015999898314476,0.0007390269979463418,5,0.02006400004029274,0.021503999829292297,0.02067839987576008,0.020576000213623047,0.00047264764817786124,5,0.04371200129389763,0.04972799867391586,0.04602240025997162,0.046112000942230225,0.0020767377046912107,5,0.038943998515605927,0.04444799944758415,0.04044159948825836,0.03964800015091896,0.002039422053987624,5,0.008767999708652496,0.009983999654650688,0.009478399902582169,0.009503999724984169,0.00039885918563178295,5,2048,32,4,1,1,9216,FLASHINFER,[64],[0],"[1024, 1024, 1024, 1024, 1024, 1024, 1024, 1024]",1,8,8,9,64,8,72,1024,0.1111111111111111,true_mixed,True,False,True,9,0,0,False,0,0,BF16,CUDA_EVENT,generic,generic,none
0.009855999611318111,0.012543999589979649,0.010604799911379813,0.010208000428974628,0.0009799734195588064,5,0.01929599978029728,0.02195199951529503,0.020070400089025497,0.019680000841617584,0.0009711140145256416,5,0.044064000248909,0.04960000142455101,0.045894400030374524,0.045024000108242035,0.0019409423689449167,5,0.040511999279260635,0.041728001087903976,0.041247999668121337,0.04156799986958504,0.00047420571368730164,5,0.009088000282645226,0.009920000098645687,0.009471999853849411,0.009375999681651592,0.00030759969872546137,5,2048,32,4,1,1,9216,FLASHINFER,[64],[0],"[2048, 2048, 2048, 2048, 2048, 2048, 2048, 2048]",1,8,8,9,64,8,72,2048,0.1111111111111111,true_mixed,True,False,True,9,0,0,False,0,0,BF16,CUDA_EVENT,generic,generic,none
0.009568000212311745,0.011168000288307667,0.010463999956846238,0.010751999914646149,0.0005931664333794131,5,0.019648000597953796,0.02191999927163124,0.020179200172424316,0.019680000841617584,0.0008781298582848615,5,0.04262400045990944,0.04873599857091904,0.045030399411916736,0.044415999203920364,0.002124702905056742,5,0.03612799942493439,0.03868800029158592,0.0374719999730587,0.038015998899936676,0.0010325640601967544,5,0.008767999708652496,0.010975999757647514,0.009702399745583535,0.009631999768316746,0.0007224917087262412,5,2048,32,4,1,1,9216,FLASHINFER,[64],[0],"[128, 128, 128, 128, 128, 128, 128, 128, 128, 128, 128, 128, 128, 128, 128, 128]",1,16,16,17,64,16,80,128,0.058823529411764705,true_mixed,True,False,True,17,0,0,False,0,0,BF16,CUDA_EVENT,generic,generic,none
0.0098879998549819,0.011103999800980091,0.010431999899446964,0.010432000271975994,0.00042113751534914344,5,0.01942400075495243,0.02112000063061714,0.020128000527620316,0.01990400068461895,0.0006128645718539278,5,0.04339199885725975,0.04806400090456009,0.045107199996709826,0.04492799937725067,0.001688145361275283,5,0.03680000081658363,0.0379519984126091,0.03713920041918754,0.03686400130391121,0.0004376392134730272,5,0.009119999594986439,0.01679999940097332,0.010803199745714665,0.009375999681651592,0.003000337307252906,5,2048,32,4,1,1,9216,FLASHINFER,[64],[0],"[256, 256, 256, 256, 256, 256, 256, 256, 256, 256, 256, 256, 256, 256, 256, 256]",1,16,16,17,64,16,80,256,0.058823529411764705,true_mixed,True,False,True,17,0,0,False,0,0,BF16,CUDA_EVENT,generic,generic,none
0.010048000141978264,0.011615999974310398,0.010585599951446057,0.010591999627649784,0.0005729339974377143,5,0.019872000440955162,0.022943999618291855,0.02074880003929138,0.02038400061428547,0.0011169051875438265,5,0.04358400031924248,0.051711998879909515,0.04648960009217262,0.04524800181388855,0.002891383031508844,5,0.03868800029158592,0.04092799872159958,0.03929599970579147,0.038975998759269714,0.000828793257918714,5,0.009056000038981438,0.01071999967098236,0.009683199971914292,0.009568000212311745,0.0005701389124982772,5,2048,32,4,1,1,9216,FLASHINFER,[64],[0],"[512, 512, 512, 512, 512, 512, 512, 512, 512, 512, 512, 512, 512, 512, 512, 512]",1,16,16,17,64,16,80,512,0.058823529411764705,true_mixed,True,False,True,17,0,0,False,0,0,BF16,CUDA_EVENT,generic,generic,none
0.009983999654650688,0.011296000331640244,0.010592000000178814,0.010495999827980995,0.0004940867872822652,5,0.01929599978029728,0.02131200022995472,0.020044799894094467,0.019967999309301376,0.000679907833454531,5,0.043455999344587326,0.04831999912858009,0.045183999091386796,0.04447999969124794,0.001671245677790567,5,0.041471999138593674,0.043296001851558685,0.04226559996604919,0.04201599955558777,0.0006849498448617422,5,0.008991999551653862,0.009759999811649323,0.009439999796450138,0.009503999724984169,0.00026849511162773787,5,2048,32,4,1,1,9216,FLASHINFER,[64],[0],"[1024, 1024, 1024, 1024, 1024, 1024, 1024, 1024, 1024, 1024, 1024, 1024, 1024, 1024, 1024, 1024]",1,16,16,17,64,16,80,1024,0.058823529411764705,true_mixed,True,False,True,17,0,0,False,0,0,BF16,CUDA_EVENT,generic,generic,none
0.009600000455975533,0.011839999817311764,0.010387200117111205,0.010143999941647053,0.0007758530159599606,5,0.01929599978029728,0.021983999758958817,0.0201664000749588,0.01990400068461895,0.0009500065758123665,5,0.04342399910092354,0.05052800104022026,0.045523200929164884,0.044224001467227936,0.0025661209011751357,5,0.0589120015501976,0.06028800085186958,0.05952640026807785,0.05955199897289276,0.0004504615643467915,5,0.001408000010997057,0.0014400000218302011,0.0014144000131636858,0.001408000010997057,1.2800004333257675e-05,5,2048,32,4,1,1,9216,FLASHINFER,[64],[0],"[2048, 2048, 2048, 2048, 2048, 2048, 2048, 2048, 2048, 2048, 2048, 2048, 2048, 2048, 2048, 2048]",1,16,16,17,64,16,80,2048,0.058823529411764705,true_mixed,True,False,True,17,0,0,False,0,0,BF16,CUDA_EVENT,generic,generic,none
0.010015999898314476,0.011776000261306763,0.010553600080311299,0.010208000428974628,0.0006398080154429054,5,0.019711999222636223,0.021215999498963356,0.02024959959089756,0.019967999309301376,0.0005715025582786857,5,0.043807998299598694,0.04806400090456009,0.045081599801778796,0.044576000422239304,0.0015356538680291864,5,0.036607999354600906,0.03868800029158592,0.037913599610328676,0.03791999816894531,0.0007334635595882452,5,0.009216000325977802,0.01027199998497963,0.009606399945914746,0.009535999968647957,0.0003879265732809866,5,2048,32,4,1,1,9216,FLASHINFER,[64],[0],"[128, 128, 128, 128, 128, 128, 128, 128, 128, 128, 128, 128, 128, 128, 128, 128, 128, 128, 128, 128, 128, 128, 128, 128, 128, 128, 128, 128, 128, 128, 128, 128]",1,32,32,33,64,32,96,128,0.030303030303030304,true_mixed,True,False,True,33,0,0,False,0,0,BF16,CUDA_EVENT,generic,generic,none
0.010143999941647053,0.01142400037497282,0.01048320010304451,0.010208000428974628,0.00048386717415745063,5,0.019648000597953796,0.02147199958562851,0.02024319991469383,0.02006400004029274,0.0006331147480695873,5,0.04495999962091446,0.05190400034189224,0.04736000001430511,0.04560000076889992,0.0027652145946461216,5,0.03932800143957138,0.04089599847793579,0.04002560079097748,0.039872001856565475,0.000546590681385701,5,0.009216000325977802,0.010208000428974628,0.009638400189578534,0.009375999681651592,0.0004179157424525751,5,2048,32,4,1,1,9216,FLASHINFER,[64],[0],"[256, 256, 256, 256, 256, 256, 256, 256, 256, 256, 256, 256, 256, 256, 256, 256, 256, 256, 256, 256, 256, 256, 256, 256, 256, 256, 256, 256, 256, 256, 256, 256]",1,32,32,33,64,32,96,256,0.030303030303030304,true_mixed,True,False,True,33,0,0,False,0,0,BF16,CUDA_EVENT,generic,generic,none
0.009952000342309475,0.012575999833643436,0.010681600123643876,0.010239999741315842,0.0009594450225609932,5,0.019200000911951065,0.021824000403285027,0.020096000283956528,0.01974399946630001,0.0009179037399130981,5,0.04387199878692627,0.05276799947023392,0.047385599464178085,0.04569600149989128,0.003218913639589927,5,0.042399998754262924,0.04387199878692627,0.04322559982538223,0.04355200007557869,0.0005544039012417279,5,0.008960000239312649,0.01017600018531084,0.009510400146245957,0.00940799992531538,0.00040192812275825887,5,2048,32,4,1,1,9216,FLASHINFER,[64],[0],"[512, 512, 512, 512, 512, 512, 512, 512, 512, 512, 512, 512, 512, 512, 512, 512, 512, 512, 512, 512, 512, 512, 512, 512, 512, 512, 512, 512, 512, 512, 512, 512]",1,32,32,33,64,32,96,512,0.030303030303030304,true_mixed,True,False,True,33,0,0,False,0,0,BF16,CUDA_EVENT,generic,generic,none
0.010015999898314476,0.01152000017464161,0.010604799911379813,0.010591999627649784,0.0005326246854194974,5,0.019487999379634857,0.021503999829292297,0.019974399730563162,0.019551999866962433,0.0007731560969728542,5,0.04358400031924248,0.04800000041723251,0.04472960084676743,0.044064000248909,0.0016520678082235453,5,0.05859199911355972,0.061792001128196716,0.06035840064287186,0.06032000109553337,0.0011089563483726015,5,0.001408000010997057,0.001408000010997057,0.001408000010997057,0.001408000010997057,0.0,5,2048,32,4,1,1,9216,FLASHINFER,[64],[0],"[1024, 1024, 1024, 1024, 1024, 1024, 1024, 1024, 1024, 1024, 1024, 1024, 1024, 1024, 1024, 1024, 1024, 1024, 1024, 1024, 1024, 1024, 1024, 1024, 1024, 1024, 1024, 1024, 1024, 1024, 1024, 1024]",1,32,32,33,64,32,96,1024,0.030303030303030304,true_mixed,True,False,True,33,0,0,False,0,0,BF16,CUDA_EVENT,generic,generic,none
0.001408000010997057,0.011168000288307667,0.0033728000707924366,0.0014400000218302011,0.0038976263812641196,5,0.01958400011062622,0.020864000543951988,0.02012160010635853,0.02006400004029274,0.0004403461988749763,5,0.04233599826693535,0.0480320006608963,0.04429440051317215,0.04320000112056732,0.0020231901516744046,5,0.07846400141716003,0.07996799796819687,0.07908479869365692,0.07900799810886383,0.0004901739862763769,5,0.0013760000001639128,0.001408000010997057,0.0014016000088304282,0.001408000010997057,1.2800004333257675e-05,5,2048,32,4,1,1,9216,FLASHINFER,[64],[0],"[2048, 2048, 2048, 2048, 2048, 2048, 2048, 2048, 2048, 2048, 2048, 2048, 2048, 2048, 2048, 2048, 2048, 2048, 2048, 2048, 2048, 2048, 2048, 2048, 2048, 2048, 2048, 2048, 2048, 2048, 2048, 2048]",1,32,32,33,64,32,96,2048,0.030303030303030304,true_mixed,True,False,True,33,0,0,False,0,0,BF16,CUDA_EVENT,generic,generic,none
0.009983999654650688,0.011296000331640244,0.010342399962246418,0.010208000428974628,0.0004888362231397698,5,0.01974399946630001,0.027103999629616737,0.02149759978055954,0.019999999552965164,0.0028238000188309537,5,0.04342399910092354,0.04864000156521797,0.04504320025444031,0.044096000492572784,0.001898612492408118,5,0.03596799820661545,0.03670400008559227,0.0363136000931263,0.0363520011305809,0.0002522939309875996,5,0.008960000239312649,0.01027199998497963,0.009542400017380714,0.009503999724984169,0.00041938309061610555,5,2048,32,4,1,1,9216,FLASHINFER,[64],[0],"[128, 128, 128, 128, 128, 128, 128, 128, 128, 128, 128, 128, 128, 128, 128, 128, 128, 128, 128, 128, 128, 128, 128, 128, 128, 128, 128, 128, 128, 128, 128, 128, 128, 128, 128, 128, 128, 128, 128, 128, 128, 128, 128, 128, 128, 128, 128, 128, 128, 128, 128, 128, 128, 128, 128, 128, 128, 128, 128, 128, 128, 128, 128, 128]",1,64,64,65,64,64,128,128,0.015384615384615385,true_mixed,True,False,True,65,0,0,False,0,0,BF16,CUDA_EVENT,generic,generic,none
0.010015999898314476,0.011935999616980553,0.010521600022912025,0.010208000428974628,0.0007173709885189924,5,0.01942400075495243,0.02131200022995472,0.019948800280690192,0.019648000597953796,0.0006894792611254606,5,0.04287999868392944,0.049695998430252075,0.044620799273252486,0.04342399910092354,0.00255940750198314,5,0.03759999945759773,0.038943998515605927,0.038227199018001555,0.03814399987459183,0.00046881892895003736,5,0.008895999751985073,0.010015999898314476,0.009286399930715561,0.009184000082314014,0.00040243732807519473,5,2048,32,4,1,1,9216,FLASHINFER,[64],[0],"[256, 256, 256, 256, 256, 256, 256, 256, 256, 256, 256, 256, 256, 256, 256, 256, 256, 256, 256, 256, 256, 256, 256, 256, 256, 256, 256, 256, 256, 256, 256, 256, 256, 256, 256, 256, 256, 256, 256, 256, 256, 256, 256, 256, 256, 256, 256, 256, 256, 256, 256, 256, 256, 256, 256, 256, 256, 256, 256, 256, 256, 256, 256, 256]",1,64,64,65,64,64,128,256,0.015384615384615385,true_mixed,True,False,True,65,0,0,False,0,0,BF16,CUDA_EVENT,generic,generic,none
0.009824000298976898,0.011392000131309032,0.010284800082445145,0.010015999898314476,0.0005647252224298781,5,0.01942400075495243,0.021344000473618507,0.020128000155091287,0.019999999552965164,0.0006438285628925217,5,0.04323200136423111,0.049247998744249344,0.04518399983644485,0.04476799815893173,0.0021572835923521455,5,0.0544000007212162,0.05532800033688545,0.054867200553417206,0.0549440011382103,0.0003046561843398735,5,0.0013760000001639128,0.001408000010997057,0.0014016000088304282,0.001408000010997057,1.2800004333257677e-05,5,2048,32,4,1,1,9216,FLASHINFER,[64],[0],"[512, 512, 512, 512, 512, 512, 512, 512, 512, 512, 512, 512, 512, 512, 512, 512, 512, 512, 512, 512, 512, 512, 512, 512, 512, 512, 512, 512, 512, 512, 512, 512, 512, 512, 512, 512, 512, 512, 512, 512, 512, 512, 512, 512, 512, 512, 512, 512, 512, 512, 512, 512, 512, 512, 512, 512, 512, 512, 512, 512, 512, 512, 512, 512]",1,64,64,65,64,64,128,512,0.015384615384615385,true_mixed,True,False,True,65,0,0,False,0,0,BF16,CUDA_EVENT,generic,generic,none
0.001408000010997057,0.011872000060975552,0.003507200023159385,0.001408000010997057,0.004182418381542709,5,0.01958400011062622,0.022016000002622604,0.020287999883294106,0.019711999222636223,0.0009230211032014332,5,0.043136000633239746,0.04899200052022934,0.04498559981584549,0.04383999854326248,0.0021691566786031908,5,0.07308799773454666,0.07580800354480743,0.07461760044097901,0.07481600344181061,0.0009617923393590964,5,0.0013760000001639128,0.001728000002913177,0.0014528000028803945,0.0013760000001639128,0.00013815701252020864,5,2048,32,4,1,1,9216,FLASHINFER,[64],[0],"[1024, 1024, 1024, 1024, 1024, 1024, 1024, 1024, 1024, 1024, 1024, 1024, 1024, 1024, 1024, 1024, 1024, 1024, 1024, 1024, 1024, 1024, 1024, 1024, 1024, 1024, 1024, 1024, 1024, 1024, 1024, 1024, 1024, 1024, 1024, 1024, 1024, 1024, 1024, 1024, 1024, 1024, 1024, 1024, 1024, 1024, 1024, 1024, 1024, 1024, 1024, 1024, 1024, 1024, 1024, 1024, 1024, 1024, 1024, 1024, 1024, 1024, 1024, 1024]",1,64,64,65,64,64,128,1024,0.015384615384615385,true_mixed,True,False,True,65,0,0,False,0,0,BF16,CUDA_EVENT,generic,generic,none
0.0013760000001639128,0.013183999806642532,0.0038143999641761183,0.001408000010997057,0.004686242322021738,5,0.0055680000223219395,0.02195199951529503,0.00900479992851615,0.005696000065654516,0.006478355337793431,5,0.03145600110292435,0.04835199937224388,0.038713599741458896,0.03500799834728241,0.006437184986542054,5,0.10921599715948105,0.11030399799346924,0.10969599783420562,0.10940799862146378,0.0004623971434471949,5,0.0013760000001639128,0.0016959999920800328,0.0014592000050470233,0.001408000010997057,0.00011904687551005517,5,2048,32,4,1,1,9216,FLASHINFER,[64],[0],"[2048, 2048, 2048, 2048, 2048, 2048, 2048, 2048, 2048, 2048, 2048, 2048, 2048, 2048, 2048, 2048, 2048, 2048, 2048, 2048, 2048, 2048, 2048, 2048, 2048, 2048, 2048, 2048, 2048, 2048, 2048, 2048, 2048, 2048, 2048, 2048, 2048, 2048, 2048, 2048, 2048, 2048, 2048, 2048, 2048, 2048, 2048, 2048, 2048, 2048, 2048, 2048, 2048, 2048, 2048, 2048, 2048, 2048, 2048, 2048, 2048, 2048, 2048, 2048]",1,64,64,65,64,64,128,2048,0.015384615384615385,true_mixed,True,False,True,65,0,0,False,0,0,BF16,CUDA_EVENT,generic,generic,none
0.010143999941647053,0.011711999773979187,0.010809600166976453,0.010816000401973724,0.0005325476108677525,5,0.01926399953663349,0.021983999758958817,0.02037759982049465,0.020096000283956528,0.0008954055133223472,5,0.04281599819660187,0.04934399947524071,0.04519679918885231,0.04476799815893173,0.0023229970992990124,5,0.03574400022625923,0.04012800008058548,0.03760639950633049,0.03747199848294258,0.0014182030548539949,5,0.00940799992531538,0.01065600011497736,0.009753600135445595,0.009440000168979168,0.0004765314867375924,5,2048,32,4,1,1,9216,FLASHINFER,[128],[0],[128],1,1,1,2,128,1,129,128,0.5,true_mixed,True,False,True,2,0,0,False,0,0,BF16,CUDA_EVENT,generic,generic,none
0.010015999898314476,0.011392000131309032,0.010451200045645237,0.01017600018531084,0.0005053975281068574,5,0.01894400082528591,0.021376000717282295,0.019776000082492827,0.019487999379634857,0.0008444607143347998,5,0.043296001851558685,0.04800000041723251,0.0447040006518364,0.04419200122356415,0.0016817513444065458,5,0.035840000957250595,0.04255999997258186,0.037907200306653975,0.036768000572919846,0.00241184054931357,5,0.008927999995648861,0.009759999811649323,0.009388799965381622,0.00940799992531538,0.0002749765927424628,5,2048,32,4,1,1,9216,FLASHINFER,[128],[0],[256],1,1,1,2,128,1,129,256,0.5,true_mixed,True,False,True,2,0,0,False,0,0,BF16,CUDA_EVENT,generic,generic,none
0.010015999898314476,0.01142400037497282,0.010476800054311753,0.010304000228643417,0.0004901749979766498,5,0.019487999379634857,0.02131200022995472,0.0200959999114275,0.01990400068461895,0.0006770101565368766,5,0.04368000105023384,0.04819199815392494,0.04521600008010864,0.04492799937725067,0.0015762710372185784,5,0.03612799942493439,0.039103999733924866,0.03708159923553467,0.03654399886727333,0.0010596593764207584,5,0.009119999594986439,0.010080000385642052,0.009465599991381168,0.00940799992531538,0.00032721491334674994,5,2048,32,4,1,1,9216,FLASHINFER,[128],[0],[512],1,1,1,2,128,1,129,512,0.5,true_mixed,True,False,True,2,0,0,False,0,0,BF16,CUDA_EVENT,generic,generic,none
0.009631999768316746,0.012191999703645706,0.010598400048911572,0.01056000031530857,0.0008880561479397216,5,0.019360000267624855,0.02143999934196472,0.019948799535632132,0.019519999623298645,0.000774267611416688,5,0.04249599948525429,0.04739199951291084,0.044115199148654936,0.043807998299598694,0.0017202314996543821,5,0.03625600039958954,0.040063999593257904,0.03721600025892258,0.03654399886727333,0.0014369386442963285,5,0.009088000282645226,0.009503999724984169,0.009299200028181076,0.009279999881982803,0.0001453798486739001,5,2048,32,4,1,1,9216,FLASHINFER,[128],[0],[1024],1,1,1,2,128,1,129,1024,0.5,true_mixed,True,False,True,2,0,0,False,0,0,BF16,CUDA_EVENT,generic,generic,none
0.009759999811649323,0.01158399973064661,0.01050879992544651,0.010400000028312206,0.0006005778330994507,5,0.019519999623298645,0.020800000056624413,0.01987840011715889,0.01958400011062622,0.0004846284562505576,5,0.04320000112056732,0.04761600121855736,0.04449280053377151,0.04371200129389763,0.0016021235304655023,5,0.035711999982595444,0.03776000067591667,0.03669120073318481,0.03641600161790848,0.0007511759918010862,5,0.009151999838650227,0.009759999811649323,0.009414399787783623,0.009375999681651592,0.00020777832484537135,5,2048,32,4,1,1,9216,FLASHINFER,[128],[0],[2048],1,1,1,2,128,1,129,2048,0.5,true_mixed,True,False,True,2,0,0,False,0,0,BF16,CUDA_EVENT,generic,generic,none
0.01017600018531084,0.012319999746978283,0.010879999957978725,0.010591999627649784,0.000746361727853236,5,0.019519999623298645,0.022784000262618065,0.020524799823760986,0.020031999796628952,0.0012122216811280176,5,0.04371200129389763,0.05270399898290634,0.046879999339580536,0.04476799815893173,0.0035261032911547844,5,0.036031998693943024,0.03907199949026108,0.03707519993185997,0.03670400008559227,0.0010399950960021474,5,0.009247999638319016,0.009920000098645687,0.009587199799716473,0.009631999768316746,0.0002808718404606167,5,2048,32,4,1,1,9216,FLASHINFER,[128],[0],"[128, 128]",1,2,2,3,128,2,130,128,0.3333333333333333,true_mixed,True,False,True,3,0,0,False,0,0,BF16,CUDA_EVENT,generic,generic,none
0.01033599954098463,0.013248000293970108,0.01098879985511303,0.010463999584317207,0.0011305743051471199,5,0.01926399953663349,0.021536000072956085,0.020179200172424316,0.019936000928282738,0.0007622720717851038,5,0.04342399910092354,0.04899200052022934,0.04496639966964722,0.04412800073623657,0.0020428339710934834,5,0.03526400029659271,0.039455998688936234,0.036998399347066876,0.03654399886727333,0.001416323884300244,5,0.008799999952316284,0.010048000141978264,0.00940799992531538,0.009375999681651592,0.00040779613626610526,5,2048,32,4,1,1,9216,FLASHINFER,[128],[0],"[256, 256]",1,2,2,3,128,2,130,256,0.3333333333333333,true_mixed,True,False,True,3,0,0,False,0,0,BF16,CUDA_EVENT,generic,generic,none
0.010080000385642052,0.012640000320971012,0.010739200003445148,0.01033599954098463,0.0009641724151323256,5,0.01942400075495243,0.022336000576615334,0.02038400024175644,0.019840000197291374,0.0010906322281132928,5,0.04303999990224838,0.04956800118088722,0.04531200006604195,0.04438399896025658,0.002429472557734303,5,0.036768000572919846,0.040383998304605484,0.0377023994922638,0.03699199855327606,0.0013646257663538748,5,0.008991999551653862,0.00979200005531311,0.009337599948048591,0.009312000125646591,0.0002618531840576908,5,2048,32,4,1,1,9216,FLASHINFER,[128],[0],"[512, 512]",1,2,2,3,128,2,130,512,0.3333333333333333,true_mixed,True,False,True,3,0,0,False,0,0,BF16,CUDA_EVENT,generic,generic,none
0.009920000098645687,0.012160000391304493,0.010528000071644783,0.01017600018531084,0.0008329842009664164,5,0.019168000668287277,0.02223999984562397,0.020025600120425223,0.01958400011062622,0.001125999738976209,5,0.04201599955558777,0.046751998364925385,0.04345600008964538,0.04307200014591217,0.0017037700522946847,5,0.03622400015592575,0.039455998688936234,0.03719679936766625,0.03673600032925606,0.0011591949071615233,5,0.009088000282645226,0.0098879998549819,0.009382399916648864,0.009279999881982803,0.00029005479433114593,5,2048,32,4,1,1,9216,FLASHINFER,[128],[0],"[1024, 1024]",1,2,2,3,128,2,130,1024,0.3333333333333333,true_mixed,True,False,True,3,0,0,False,0,0,BF16,CUDA_EVENT,generic,generic,none
0.010048000141978264,0.012384000234305859,0.010688000172376633,0.01027199998497963,0.0008796217873379606,5,0.019328000023961067,0.022816000506281853,0.020256000012159346,0.019711999222636223,0.0013044074977604009,5,0.04320000112056732,0.050303999334573746,0.04528639987111092,0.043935999274253845,0.002609238012430392,5,0.036959998309612274,0.039903998374938965,0.0379903994500637,0.03728000074625015,0.001155975292401377,5,0.009119999594986439,0.009631999768316746,0.009279999881982803,0.009184000082314014,0.00019412167708504955,5,2048,32,4,1,1,9216,FLASHINFER,[128],[0],"[2048, 2048]",1,2,2,3,128,2,130,2048,0.3333333333333333,true_mixed,True,False,True,3,0,0,False,0,0,BF16,CUDA_EVENT,generic,generic,none
0.01017600018531084,0.012223999947309494,0.010694400221109391,0.010208000428974628,0.0007891486846788329,5,0.019328000023961067,0.021663999184966087,0.019942399859428406,0.01958400011062622,0.0008792488007335721,5,0.043327998369932175,0.05075199902057648,0.045977599918842316,0.04435199871659279,0.0028355973135643616,5,0.03622400015592575,0.039455998688936234,0.0374271996319294,0.037248000502586365,0.0010982289492153937,5,0.009344000369310379,0.010239999741315842,0.009670400060713291,0.009375999681651592,0.00039160457550987477,5,2048,32,4,1,1,9216,FLASHINFER,[128],[0],"[128, 128, 128, 128]",1,4,4,5,128,4,132,128,0.2,true_mixed,True,False,True,5,0,0,False,0,0,BF16,CUDA_EVENT,generic,generic,none
0.009983999654650688,0.011711999773979187,0.010655999928712846,0.010528000071644783,0.0006351817643930872,5,0.019231999292969704,0.021824000403285027,0.020185599848628045,0.019999999552965164,0.0008722337098032208,5,0.04383999854326248,0.0514880008995533,0.046054400503635406,0.0451200008392334,0.0027943461906271153,5,0.03680000081658363,0.041439998894929886,0.03806720077991486,0.037376001477241516,0.0017008344698969508,5,0.009472000412642956,0.01027199998497963,0.009734400175511837,0.009696000255644321,0.0002928654030312561,5,2048,32,4,1,1,9216,FLASHINFER,[128],[0],"[256, 256, 256, 256]",1,4,4,5,128,4,132,256,0.2,true_mixed,True,False,True,5,0,0,False,0,0,BF16,CUDA_EVENT,generic,generic,none
0.010239999741315842,0.01190400030463934,0.010694400034844875,0.010432000271975994,0.0006199748479012925,5,0.019231999292969704,0.02112000063061714,0.020179199799895287,0.020479999482631683,0.0006986271522700899,5,0.043487999588251114,0.04831999912858009,0.044671999663114546,0.043776001781225204,0.0018472618525882396,5,0.03638400137424469,0.038495998829603195,0.037459200620651244,0.03734400123357773,0.0008172470174469118,5,0.009151999838650227,0.010400000028312206,0.009676800109446049,0.009568000212311745,0.000416049229738557,5,2048,32,4,1,1,9216,FLASHINFER,[128],[0],"[512, 512, 512, 512]",1,4,4,5,128,4,132,512,0.2,true_mixed,True,False,True,5,0,0,False,0,0,BF16,CUDA_EVENT,generic,generic,none
0.01033599954098463,0.01190400030463934,0.010943999886512757,0.010784000158309937,0.0005415476508784181,5,0.01958400011062622,0.021088000386953354,0.020185599848628045,0.019999999552965164,0.000500020008881071,5,0.0435199998319149,0.0488319993019104,0.045235200226306914,0.04473600164055824,0.0018700266126706832,5,0.036928001791238785,0.038656000047922134,0.038169600814580915,0.03836800158023834,0.0006417251058733172,5,0.009344000369310379,0.009952000342309475,0.009548800252377986,0.009535999968647957,0.00022225606063943403,5,2048,32,4,1,1,9216,FLASHINFER,[128],[0],"[1024, 1024, 1024, 1024]",1,4,4,5,128,4,132,1024,0.2,true_mixed,True,False,True,5,0,0,False,0,0,BF16,CUDA_EVENT,generic,generic,none
0.010432000271975994,0.011872000060975552,0.010854400135576725,0.010623999871313572,0.0005212759241874173,5,0.019519999623298645,0.021536000072956085,0.02000639997422695,0.019680000841617584,0.0007678400360088819,5,0.04387199878692627,0.049695998430252075,0.045267199724912645,0.044224001467227936,0.0022261140835770107,5,0.03807999938726425,0.039423998445272446,0.038515199720859525,0.03830400109291077,0.00047316671008896643,5,0.009216000325977802,0.009983999654650688,0.00956800002604723,0.009568000212311745,0.00025196801791784037,5,2048,32,4,1,1,9216,FLASHINFER,[128],[0],"[2048, 2048, 2048, 2048]",1,4,4,5,128,4,132,2048,0.2,true_mixed,True,False,True,5,0,0,False,0,0,BF16,CUDA_EVENT,generic,generic,none
0.01033599954098463,0.012319999746978283,0.010796799696981907,0.010367999784648418,0.0007670928202126433,5,0.01929599978029728,0.022143999114632607,0.020102399587631225,0.019711999222636223,0.0010330398428012226,5,0.04265600070357323,0.048576001077890396,0.044595200568437576,0.043616000562906265,0.0020914004504651294,5,0.03612799942493439,0.03872000053524971,0.03723520040512085,0.03673600032925606,0.0011067751141217322,5,0.008927999995648861,0.010239999741315842,0.009452799893915653,0.009312000125646591,0.0004352940097308427,5,2048,32,4,1,1,9216,FLASHINFER,[128],[0],"[128, 128, 128, 128, 128, 128, 128, 128]",1,8,8,9,128,8,136,128,0.1111111111111111,true_mixed,True,False,True,9,0,0,False,0,0,BF16,CUDA_EVENT,generic,generic,none
0.010239999741315842,0.011615999974310398,0.010726400092244149,0.010528000071644783,0.0005085484004796365,5,0.019392000511288643,0.02112000063061714,0.020230400189757348,0.020031999796628952,0.0006193136190590444,5,0.043136000633239746,0.04896000027656555,0.045951999723911285,0.04553600028157234,0.002010557615256331,5,0.03667199984192848,0.03961599990725517,0.037305600196123126,0.03673600032925606,0.0011559752305262483,5,0.009472000412642956,0.010080000385642052,0.00965760014951229,0.009535999968647957,0.00022021961221495873,5,2048,32,4,1,1,9216,FLASHINFER,[128],[0],"[256, 256, 256, 256, 256, 256, 256, 256]",1,8,8,9,128,8,136,256,0.1111111111111111,true_mixed,True,False,True,9,0,0,False,0,0,BF16,CUDA_EVENT,generic,generic,none
0.01027199998497963,0.01142400037497282,0.0105791999027133,0.010400000028312206,0.0004272211960271557,5,0.019807999953627586,0.02115200087428093,0.02019840031862259,0.019936000928282738,0.0004934231498871093,5,0.043616000562906265,0.04870399832725525,0.04504319950938225,0.04387199878692627,0.001942544255013491,5,0.03699199855327606,0.03916800022125244,0.038035199791193006,0.0382080003619194,0.0007737386098205781,5,0.009344000369310379,0.01065600011497736,0.009919999912381173,0.009631999768316746,0.0005339302676944579,5,2048,32,4,1,1,9216,FLASHINFER,[128],[0],"[512, 512, 512, 512, 512, 512, 512, 512]",1,8,8,9,128,8,136,512,0.1111111111111111,true_mixed,True,False,True,9,0,0,False,0,0,BF16,CUDA_EVENT,generic,generic,none
0.009983999654650688,0.01235199999064207,0.010611199960112571,0.01017600018531084,0.000888102349849398,5,0.01945599913597107,0.02908799983561039,0.021747199445962907,0.02022399939596653,0.003682119937326721,5,0.04262400045990944,0.050016000866889954,0.04458880051970482,0.0427200011909008,0.0028465685945665026,5,0.03798399865627289,0.039583999663591385,0.03853439912199974,0.03807999938726425,0.000648708983437874,5,0.008799999952316284,0.010432000271975994,0.009401600062847137,0.009088000282645226,0.000596059755124438,5,2048,32,4,1,1,9216,FLASHINFER,[128],[0],"[1024, 1024, 1024, 1024, 1024, 1024, 1024, 1024]",1,8,8,9,128,8,136,1024,0.1111111111111111,true_mixed,True,False,True,9,0,0,False,0,0,BF16,CUDA_EVENT,generic,generic,none
0.0098879998549819,0.012703999876976013,0.010732799768447876,0.010367999784648418,0.0010022899020272042,5,0.01945599913597107,0.021888000890612602,0.02014079988002777,0.0197759997099638,0.0009036479504374871,5,0.04214400053024292,0.04848000034689903,0.04442239999771118,0.04355200007557869,0.002299497652943543,5,0.04022400081157684,0.043776001781225204,0.04150400012731552,0.04102399945259094,0.0012138092105263643,5,0.009216000325977802,0.010048000141978264,0.00959360022097826,0.009472000412642956,0.00034369850214530876,5,2048,32,4,1,1,9216,FLASHINFER,[128],[0],"[2048, 2048, 2048, 2048, 2048, 2048, 2048, 2048]",1,8,8,9,128,8,136,2048,0.1111111111111111,true_mixed,True,False,True,9,0,0,False,0,0,BF16,CUDA_EVENT,generic,generic,none
0.010048000141978264,0.011744000017642975,0.01065600011497736,0.010432000271975994,0.0005777749958945077,5,0.019680000841617584,0.02160000056028366,0.020313600078225136,0.020031999796628952,0.0006941566871919543,5,0.04297599941492081,0.0490880012512207,0.0448063999414444,0.043807998299598694,0.00221789403292658,5,0.0363520011305809,0.03999999910593033,0.03739520013332367,0.036928001791238785,0.0013202621820613946,5,0.009119999594986439,0.009664000011980534,0.009337599948048591,0.009279999881982803,0.00020480017992677573,5,2048,32,4,1,1,9216,FLASHINFER,[128],[0],"[128, 128, 128, 128, 128, 128, 128, 128, 128, 128, 128, 128, 128, 128, 128, 128]",1,16,16,17,128,16,144,128,0.058823529411764705,true_mixed,True,False,True,17,0,0,False,0,0,BF16,CUDA_EVENT,generic,generic,none
0.010080000385642052,0.01158399973064661,0.010611200146377087,0.010495999827980995,0.0005310841016328213,5,0.019840000197291374,0.02175999991595745,0.0204415999352932,0.020191999152302742,0.0006777354848375618,5,0.043296001851558685,0.04899200052022934,0.045216000825166705,0.044895999133586884,0.00202517253388353,5,0.036959998309612274,0.04025600105524063,0.0381695993244648,0.038015998899936676,0.0011124600654838863,5,0.00940799992531538,0.010400000028312206,0.009779199957847595,0.009696000255644321,0.00033045329156699226,5,2048,32,4,1,1,9216,FLASHINFER,[128],[0],"[256, 256, 256, 256, 256, 256, 256, 256, 256, 256, 256, 256, 256, 256, 256, 256]",1,16,16,17,128,16,144,256,0.058823529411764705,true_mixed,True,False,True,17,0,0,False,0,0,BF16,CUDA_EVENT,generic,generic,none
0.010111999697983265,0.011711999773979187,0.010649599879980088,0.010463999584317207,0.0005606487389113636,5,0.02006400004029274,0.022143999114632607,0.02080640010535717,0.020608000457286835,0.0007562835003624884,5,0.04262400045990944,0.050464000552892685,0.04560000002384186,0.04447999969124794,0.002699328483353191,5,0.038336001336574554,0.040383998304605484,0.03929599970579147,0.03936000168323517,0.0007898224935546254,5,0.009216000325977802,0.010111999697983265,0.009600000083446502,0.009472000412642956,0.00031613648466027595,5,2048,32,4,1,1,9216,FLASHINFER,[128],[0],"[512, 512, 512, 512, 512, 512, 512, 512, 512, 512, 512, 512, 512, 512, 512, 512]",1,16,16,17,128,16,144,512,0.058823529411764705,true_mixed,True,False,True,17,0,0,False,0,0,BF16,CUDA_EVENT,generic,generic,none
0.009920000098645687,0.012703999876976013,0.010700800083577633,0.010208000428974628,0.0010203132627282453,5,0.019168000668287277,0.02208000048995018,0.020006400346755982,0.019648000597953796,0.0010561745437700396,5,0.043616000562906265,0.0490880012512207,0.045260800421237944,0.04403200000524521,0.002042854089568458,5,0.041280001401901245,0.042847998440265656,0.04179200008511543,0.04163200035691261,0.0005449394817533237,5,0.009119999594986439,0.010080000385642052,0.009503999911248683,0.009503999724984169,0.00032570932015390527,5,2048,32,4,1,1,9216,FLASHINFER,[128],[0],"[1024, 1024, 1024, 1024, 1024, 1024, 1024, 1024, 1024, 1024, 1024, 1024, 1024, 1024, 1024, 1024]",1,16,16,17,128,16,144,1024,0.058823529411764705,true_mixed,True,False,True,17,0,0,False,0,0,BF16,CUDA_EVENT,generic,generic,none
0.010048000141978264,0.011839999817311764,0.010777599923312665,0.01065600011497736,0.0006203049222267593,5,0.019840000197291374,0.02284800074994564,0.02062080055475235,0.019936000928282738,0.0011449741971312453,5,0.04403200000524521,0.05212799832224846,0.04611200019717217,0.04473600164055824,0.003061648362231636,5,0.05849599838256836,0.0615679994225502,0.0597695991396904,0.05926400050520897,0.0012889926576320962,5,0.0013760000001639128,0.0014400000218302011,0.0014144000131636858,0.001408000010997057,2.3946615382136017e-05,5,2048,32,4,1,1,9216,FLASHINFER,[128],[0],"[2048, 2048, 2048, 2048, 2048, 2048, 2048, 2048, 2048, 2048, 2048, 2048, 2048, 2048, 2048, 2048]",1,16,16,17,128,16,144,2048,0.058823529411764705,true_mixed,True,False,True,17,0,0,False,0,0,BF16,CUDA_EVENT,generic,generic,none
0.010143999941647053,0.012671999633312225,0.010777599737048149,0.01033599954098463,0.0009510838737000852,5,0.01958400011062622,0.021663999184966087,0.020230399817228316,0.01990400068461895,0.0007505753491731196,5,0.04262400045990944,0.047200001776218414,0.04436480104923248,0.04412800073623657,0.0015226893860067234,5,0.03670400008559227,0.03852799907326698,0.03744639977812767,0.03731200098991394,0.0005964026534533163,5,0.009119999594986439,0.010143999941647053,0.0095295999199152,0.009503999724984169,0.00035019183236614494,5,2048,32,4,1,1,9216,FLASHINFER,[128],[0],"[128, 128, 128, 128, 128, 128, 128, 128, 128, 128, 128, 128, 128, 128, 128, 128, 128, 128, 128, 128, 128, 128, 128, 128, 128, 128, 128, 128, 128, 128, 128, 128]",1,32,32,33,128,32,160,128,0.030303030303030304,true_mixed,True,False,True,33,0,0,False,0,0,BF16,CUDA_EVENT,generic,generic,none
0.010111999697983265,0.013120000250637531,0.010931199789047242,0.01033599954098463,0.0011225755514503455,5,0.019807999953627586,0.022816000506281853,0.020793600007891655,0.020320000126957893,0.0011345163627817533,5,0.04342399910092354,0.05027199909090996,0.04534399956464767,0.04383999854326248,0.0025947245052796285,5,0.03939199820160866,0.04211200028657913,0.040422399342060086,0.04025600105524063,0.000914417069587032,5,0.009247999638319016,0.010495999827980995,0.009657599776983262,0.009375999681651592,0.0004786755497085082,5,2048,32,4,1,1,9216,FLASHINFER,[128],[0],"[256, 256, 256, 256, 256, 256, 256, 256, 256, 256, 256, 256, 256, 256, 256, 256, 256, 256, 256, 256, 256, 256, 256, 256, 256, 256, 256, 256, 256, 256, 256, 256]",1,32,32,33,128,32,160,256,0.030303030303030304,true_mixed,True,False,True,33,0,0,False,0,0,BF16,CUDA_EVENT,generic,generic,none
0.00979200005531311,0.011296000331640244,0.010336000099778175,0.010208000428974628,0.0005131986720505222,5,0.01926399953663349,0.02175999991595745,0.020108800008893014,0.019872000440955162,0.0008687514002063527,5,0.04275200143456459,0.046720001846551895,0.04395520091056824,0.0435199998319149,0.0014175100826311013,5,0.04233599826693535,0.04291199892759323,0.04261759892106056,0.04249599948525429,0.00023375337949451723,5,0.009088000282645226,0.009920000098645687,0.00956800002604723,0.009696000255644321,0.0002904781400404811,5,2048,32,4,1,1,9216,FLASHINFER,[128],[0],"[512, 512, 512, 512, 512, 512, 512, 512, 512, 512, 512, 512, 512, 512, 512, 512, 512, 512, 512, 512, 512, 512, 512, 512, 512, 512, 512, 512, 512, 512, 512, 512]",1,32,32,33,128,32,160,512,0.030303030303030304,true_mixed,True,False,True,33,0,0,False,0,0,BF16,CUDA_EVENT,generic,generic,none
0.00940799992531538,0.013279999606311321,0.01063039992004633,0.009983999654650688,0.001371363209635108,5,0.019487999379634857,0.021536000072956085,0.020127999782562255,0.01974399946630001,0.0007693324422512533,5,0.0427200011909008,0.051711998879909515,0.04553600028157234,0.04390399903059006,0.003231017023934575,5,0.058559998869895935,0.061503998935222626,0.059788800030946734,0.05990400165319443,0.001128580114495517,5,0.001408000010997057,0.001408000010997057,0.001408000010997057,0.001408000010997057,0.0,5,2048,32,4,1,1,9216,FLASHINFER,[128],[0],"[1024, 1024, 1024, 1024, 1024, 1024, 1024, 1024, 1024, 1024, 1024, 1024, 1024, 1024, 1024, 1024, 1024, 1024, 1024, 1024, 1024, 1024, 1024, 1024, 1024, 1024, 1024, 1024, 1024, 1024, 1024, 1024]",1,32,32,33,128,32,160,1024,0.030303030303030304,true_mixed,True,False,True,33,0,0,False,0,0,BF16,CUDA_EVENT,generic,generic,none
0.001408000010997057,0.012896000407636166,0.0037952000973746182,0.0014400000218302011,0.004553122266581082,5,0.019680000841617584,0.023584000766277313,0.020524800196290015,0.019711999222636223,0.0015334114044994194,5,0.04291199892759323,0.04867200180888176,0.04492800012230873,0.044415999203920364,0.002018082430409384,5,0.07833600044250488,0.08079999685287476,0.07967360019683838,0.08025600016117096,0.0009639158553857406,5,0.001408000010997057,0.0014400000218302011,0.0014144000131636858,0.001408000010997057,1.2800004333257677e-05,5,2048,32,4,1,1,9216,FLASHINFER,[128],[0],"[2048, 2048, 2048, 2048, 2048, 2048, 2048, 2048, 2048, 2048, 2048, 2048, 2048, 2048, 2048, 2048, 2048, 2048, 2048, 2048, 2048, 2048, 2048, 2048, 2048, 2048, 2048, 2048, 2048, 2048, 2048, 2048]",1,32,32,33,128,32,160,2048,0.030303030303030304,true_mixed,True,False,True,33,0,0,False,0,0,BF16,CUDA_EVENT,generic,generic,none
0.009920000098645687,0.013151999562978745,0.01096320003271103,0.01056000031530857,0.0011285794765033704,5,0.01926399953663349,0.030239999294281006,0.02244479991495609,0.020320000126957893,0.004046126066249015,5,0.043455999344587326,0.057440001517534256,0.046847999840974805,0.04396799951791763,0.005364750906311919,5,0.035551998764276505,0.03872000053524971,0.03658239990472793,0.036031998693943024,0.0011529601245467726,5,0.008799999952316284,0.00979200005531311,0.009299200028181076,0.009184000082314014,0.0003543775677525301,5,2048,32,4,1,1,9216,FLASHINFER,[128],[0],"[128, 128, 128, 128, 128, 128, 128, 128, 128, 128, 128, 128, 128, 128, 128, 128, 128, 128, 128, 128, 128, 128, 128, 128, 128, 128, 128, 128, 128, 128, 128, 128, 128, 128, 128, 128, 128, 128, 128, 128, 128, 128, 128, 128, 128, 128, 128, 128, 128, 128, 128, 128, 128, 128, 128, 128, 128, 128, 128, 128, 128, 128, 128, 128]",1,64,64,65,128,64,192,128,0.015384615384615385,true_mixed,True,False,True,65,0,0,False,0,0,BF16,CUDA_EVENT,generic,generic,none
0.009855999611318111,0.013024000450968742,0.01063039992004633,0.010111999697983265,0.001204561192785515,5,0.019231999292969704,0.021856000646948814,0.019968000054359437,0.01958400011062622,0.0009546521202513282,5,0.043487999588251114,0.054207999259233475,0.04665599912405014,0.043807998299598694,0.004123408571721266,5,0.03862399980425835,0.03996799886226654,0.03921919912099838,0.039135999977588654,0.0004631051227683859,5,0.009440000168979168,0.010432000271975994,0.00981759987771511,0.009727999567985535,0.0003358629304220697,5,2048,32,4,1,1,9216,FLASHINFER,[128],[0],"[256, 256, 256, 256, 256, 256, 256, 256, 256, 256, 256, 256, 256, 256, 256, 256, 256, 256, 256, 256, 256, 256, 256, 256, 256, 256, 256, 256, 256, 256, 256, 256, 256, 256, 256, 256, 256, 256, 256, 256, 256, 256, 256, 256, 256, 256, 256, 256, 256, 256, 256, 256, 256, 256, 256, 256, 256, 256, 256, 256, 256, 256, 256, 256]",1,64,64,65,128,64,192,256,0.015384615384615385,true_mixed,True,False,True,65,0,0,False,0,0,BF16,CUDA_EVENT,generic,generic,none
0.010111999697983265,0.012000000104308128,0.010617600008845329,0.01027199998497963,0.0007090438382950781,5,0.019039999693632126,0.02252800017595291,0.02048639990389347,0.020447999238967896,0.0011565068652094447,5,0.04217600077390671,0.04950400069355965,0.04501760005950928,0.04447999969124794,0.002467231090607227,5,0.0551999993622303,0.05657599866390228,0.05574399903416634,0.05555199831724167,0.0005099956608611782,5,0.0013760000001639128,0.0014400000218302011,0.0014016000088304282,0.001408000010997057,2.3946615382136017e-05,5,2048,32,4,1,1,9216,FLASHINFER,[128],[0],"[512, 512, 512, 512, 512, 512, 512, 512, 512, 512, 512, 512, 512, 512, 512, 512, 512, 512, 512, 512, 512, 512, 512, 512, 512, 512, 512, 512, 512, 512, 512, 512, 512, 512, 512, 512, 512, 512, 512, 512, 512, 512, 512, 512, 512, 512, 512, 512, 512, 512, 512, 512, 512, 512, 512, 512, 512, 512, 512, 512, 512, 512, 512, 512]",1,64,64,65,128,64,192,512,0.015384615384615385,true_mixed,True,False,True,65,0,0,False,0,0,BF16,CUDA_EVENT,generic,generic,none
0.001408000010997057,0.01142400037497282,0.0034176000859588384,0.001408000010997057,0.004003219329125596,5,0.019648000597953796,0.0208320003002882,0.0201152004301548,0.020031999796628952,0.0003927534561063289,5,0.04368000105023384,0.0496320016682148,0.045465600490570066,0.04451199993491173,0.0021869284720258766,5,0.07337599992752075,0.0756480023264885,0.07462400048971177,0.07503999769687653,0.0008810172659235768,5,0.0013760000001639128,0.001408000010997057,0.0013888000044971704,0.0013760000001639128,1.5676739660947454e-05,5,2048,32,4,1,1,9216,FLASHINFER,[128],[0],"[1024, 1024, 1024, 1024, 1024, 1024, 1024, 1024, 1024, 1024, 1024, 1024, 1024, 1024, 1024, 1024, 1024, 1024, 1024, 1024, 1024, 1024, 1024, 1024, 1024, 1024, 1024, 1024, 1024, 1024, 1024, 1024, 1024, 1024, 1024, 1024, 1024, 1024, 1024, 1024, 1024, 1024, 1024, 1024, 1024, 1024, 1024, 1024, 1024, 1024, 1024, 1024, 1024, 1024, 1024, 1024, 1024, 1024, 1024, 1024, 1024, 1024, 1024, 1024]",1,64,64,65,128,64,192,1024,0.015384615384615385,true_mixed,True,False,True,65,0,0,False,0,0,BF16,CUDA_EVENT,generic,generic,none
0.001408000010997057,0.01142400037497282,0.0034752000821754335,0.0014400000218302011,0.00397586847392014,5,0.0060800001956522465,0.02147199958562851,0.009337599948048591,0.006335999816656113,0.006068651121065388,5,0.03110400028526783,0.0504320003092289,0.03774080015718937,0.035711999982595444,0.006709373752516956,5,0.10867200046777725,0.11139199882745743,0.1102400004863739,0.11068800091743469,0.0010313739092892048,5,0.0013760000001639128,0.001888000057078898,0.0014976000180467962,0.001408000010997057,0.00019559306665386893,5,2048,32,4,1,1,9216,FLASHINFER,[128],[0],"[2048, 2048, 2048, 2048, 2048, 2048, 2048, 2048, 2048, 2048, 2048, 2048, 2048, 2048, 2048, 2048, 2048, 2048, 2048, 2048, 2048, 2048, 2048, 2048, 2048, 2048, 2048, 2048, 2048, 2048, 2048, 2048, 2048, 2048, 2048, 2048, 2048, 2048, 2048, 2048, 2048, 2048, 2048, 2048, 2048, 2048, 2048, 2048, 2048, 2048, 2048, 2048, 2048, 2048, 2048, 2048, 2048, 2048, 2048, 2048, 2048, 2048, 2048, 2048]",1,64,64,65,128,64,192,2048,0.015384615384615385,true_mixed,True,False,True,65,0,0,False,0,0,BF16,CUDA_EVENT,generic,generic,none
0.0098879998549819,0.012319999746978283,0.010502400062978267,0.010080000385642052,0.0009146402548503008,5,0.01929599978029728,0.02208000048995018,0.019999999925494193,0.019551999866962433,0.0010455730615031875,5,0.0435199998319149,0.04710400104522705,0.04477439969778061,0.04396799951791763,0.001324413970748893,5,0.03577600046992302,0.0382080003619194,0.03690880015492439,0.03705599904060364,0.0008834785161384117,5,0.009088000282645226,0.009983999654650688,0.009427200071513653,0.009312000125646591,0.0003216595139190516,5,2048,32,4,1,1,9216,FLASHINFER,[256],[0],[128],1,1,1,2,256,1,257,128,0.5,true_mixed,True,False,True,2,0,0,False,0,0,BF16,CUDA_EVENT,generic,generic,none
0.009983999654650688,0.011744000017642975,0.010604799911379813,0.010367999784648418,0.0006236635610524935,5,0.019711999222636223,0.022143999114632607,0.02046079970896244,0.020160000771284103,0.0008590314043414717,5,0.04403200000524521,0.04848000034689903,0.04552320018410683,0.04479999840259552,0.001673034251407587,5,0.03622400015592575,0.03948799893260002,0.0374719999730587,0.03731200098991394,0.0011191763724468407,5,0.009279999881982803,0.010623999871313572,0.009696000069379807,0.009568000212311745,0.0004895058137550648,5,2048,32,4,1,1,9216,FLASHINFER,[256],[0],[256],1,1,1,2,256,1,257,256,0.5,true_mixed,True,False,True,2,0,0,False,0,0,BF16,CUDA_EVENT,generic,generic,none
0.010048000141978264,0.012896000407636166,0.010784000158309937,0.010304000228643417,0.001061705915311818,5,0.019392000511288643,0.022463999688625336,0.020287999883294106,0.0197759997099638,0.0011224656740605123,5,0.044256001710891724,0.048448000103235245,0.04535680115222931,0.04467200115323067,0.0015805014319402219,5,0.03622400015592575,0.03923200070858002,0.03706879988312721,0.03651199862360954,0.001102696559152896,5,0.009184000082314014,0.010015999898314476,0.009497599862515926,0.009312000125646591,0.00032153226207776473,5,2048,32,4,1,1,9216,FLASHINFER,[256],[0],[512],1,1,1,2,256,1,257,512,0.5,true_mixed,True,False,True,2,0,0,False,0,0,BF16,CUDA_EVENT,generic,generic,none
0.009535999968647957,0.011552000418305397,0.010105600021779538,0.009855999611318111,0.0007384725796010983,5,0.01929599978029728,0.021023999899625778,0.019865600392222404,0.019680000841617584,0.0005970893287763597,5,0.04281599819660187,0.04841599985957146,0.044831999391317365,0.04438399896025658,0.0019094109913812558,5,0.03622400015592575,0.04444799944758415,0.03855999931693077,0.03743999823927879,0.003002548165789396,5,0.008704000152647495,0.009824000298976898,0.009452800266444683,0.009600000455975533,0.0004115951614772306,5,2048,32,4,1,1,9216,FLASHINFER,[256],[0],[1024],1,1,1,2,256,1,257,1024,0.5,true_mixed,True,False,True,2,0,0,False,0,0,BF16,CUDA_EVENT,generic,generic,none
0.009759999811649323,0.011231999844312668,0.010297599993646146,0.010080000385642052,0.0005149514993560808,5,0.019487999379634857,0.02054399996995926,0.019891199842095374,0.019551999866962433,0.0004591082601135664,5,0.04265600070357323,0.04710400104522705,0.04474880024790764,0.044863998889923096,0.0014745858827439422,5,0.036159999668598175,0.03968000039458275,0.03729280009865761,0.036768000572919846,0.001246703179497158,5,0.008767999708652496,0.009664000011980534,0.009279999881982803,0.009247999638319016,0.00031935951349092476,5,2048,32,4,1,1,9216,FLASHINFER,[256],[0],[2048],1,1,1,2,256,1,257,2048,0.5,true_mixed,True,False,True,2,0,0,False,0,0,BF16,CUDA_EVENT,generic,generic,none
0.00979200005531311,0.01119999960064888,0.010387199744582177,0.010239999741315842,0.0004804689739914961,5,0.019168000668287277,0.02067199908196926,0.01971840001642704,0.01961600035429001,0.0005085479386904576,5,0.04320000112056732,0.046751998364925385,0.044646399468183516,0.04428799822926521,0.0012229522489286015,5,0.03641600161790848,0.039583999663591385,0.03763200044631958,0.03734400123357773,0.0010586144016698346,5,0.00886400043964386,0.010367999784648418,0.009395200200378895,0.009216000325977802,0.0005209613495428318,5,2048,32,4,1,1,9216,FLASHINFER,[256],[0],"[128, 128]",1,2,2,3,256,2,258,128,0.3333333333333333,true_mixed,True,False,True,3,0,0,False,0,0,BF16,CUDA_EVENT,generic,generic,none
0.0098879998549819,0.011711999773979187,0.010316799953579902,0.009920000098645687,0.0007035925180493999,5,0.019200000911951065,0.021056000143289566,0.01992960013449192,0.019967999309301376,0.0006698326099566489,5,0.043487999588251114,0.048448000103235245,0.0455935999751091,0.0453759990632534,0.001646106876707978,5,0.03619199991226196,0.039455998688936234,0.03742079958319664,0.036768000572919846,0.0011900553335161563,5,0.009247999638319016,0.010080000385642052,0.009651199914515018,0.009631999768316746,0.0002944001361081141,5,2048,32,4,1,1,9216,FLASHINFER,[256],[0],"[256, 256]",1,2,2,3,256,2,258,256,0.3333333333333333,true_mixed,True,False,True,3,0,0,False,0,0,BF16,CUDA_EVENT,generic,generic,none
0.009855999611318111,0.012896000407636166,0.010643200017511845,0.010080000385642052,0.0011367165809653592,5,0.019039999693632126,0.021215999498963356,0.019967999681830405,0.01974399946630001,0.0007240771774709246,5,0.04358400031924248,0.04825599864125252,0.04488959982991218,0.04428799822926521,0.001735261213559056,5,0.03577600046992302,0.03747199848294258,0.03662719950079918,0.03654399886727333,0.0006735524531601317,5,0.009184000082314014,0.009631999768316746,0.009414399974048138,0.00940799992531538,0.0001803393200736122,5,2048,32,4,1,1,9216,FLASHINFER,[256],[0],"[512, 512]",1,2,2,3,256,2,258,512,0.3333333333333333,true_mixed,True,False,True,3,0,0,False,0,0,BF16,CUDA_EVENT,generic,generic,none
0.01027199998497963,0.011807999573647976,0.010726399905979633,0.010463999584317207,0.000557351318916666,5,0.019711999222636223,0.0226879995316267,0.020524799451231958,0.020191999152302742,0.0011004650863526788,5,0.04495999962091446,0.050303999334573746,0.04647039994597435,0.045184001326560974,0.0020561235766072437,5,0.03625600039958954,0.04438399896025658,0.0387520007789135,0.037376001477241516,0.00294267717473456,5,0.008991999551653862,0.010080000385642052,0.009664000011980534,0.00979200005531311,0.0003950414049473143,5,2048,32,4,1,1,9216,FLASHINFER,[256],[0],"[1024, 1024]",1,2,2,3,256,2,258,1024,0.3333333333333333,true_mixed,True,False,True,3,0,0,False,0,0,BF16,CUDA_EVENT,generic,generic,none
0.010208000428974628,0.011744000017642975,0.010643200017511845,0.01033599954098463,0.0005715741004589432,5,0.019680000841617584,0.021215999498963356,0.020236800238490105,0.020096000283956528,0.0005295391078948783,5,0.04335999861359596,0.04864000156521797,0.04585599973797798,0.0453759990632534,0.0017732743395694134,5,0.03699199855327606,0.04022400081157684,0.03830400034785271,0.038176000118255615,0.001069968817233805,5,0.009216000325977802,0.010304000228643417,0.00971520021557808,0.009664000011980534,0.00037405790521342815,5,2048,32,4,1,1,9216,FLASHINFER,[256],[0],"[2048, 2048]",1,2,2,3,256,2,258,2048,0.3333333333333333,true_mixed,True,False,True,3,0,0,False,0,0,BF16,CUDA_EVENT,generic,generic,none
0.010463999584317207,0.011487999930977821,0.010816000029444694,0.010688000358641148,0.0003770030058643697,5,0.019519999623298645,0.02163200080394745,0.02022400014102459,0.019840000197291374,0.0007846204247051203,5,0.04364800080657005,0.05011200159788132,0.045785600692033766,0.04473600164055824,0.0023295824772188484,5,0.03606399893760681,0.040608000010252,0.03754879981279373,0.036896001547575,0.0016009726264776965,5,0.009184000082314014,0.010463999584317207,0.009670400060713291,0.009664000011980534,0.0004412750235405091,5,2048,32,4,1,1,9216,FLASHINFER,[256],[0],"[128, 128, 128, 128]",1,4,4,5,256,4,260,128,0.2,true_mixed,True,False,True,5,0,0,False,0,0,BF16,CUDA_EVENT,generic,generic,none
0.0098879998549819,0.01104000024497509,0.01032320000231266,0.010080000385642052,0.0004310389662534557,5,0.01913600042462349,0.021183999255299568,0.01985919997096062,0.01958400011062622,0.0007027184953623149,5,0.04342399910092354,0.04825599864125252,0.04501120001077652,0.04416000097990036,0.0017658195310792453,5,0.03606399893760681,0.038943998515605927,0.036959999799728395,0.03651199862360954,0.0010271945741453844,5,0.008927999995648861,0.010080000385642052,0.009472000040113926,0.009696000255644321,0.0004641655678195995,5,2048,32,4,1,1,9216,FLASHINFER,[256],[0],"[256, 256, 256, 256]",1,4,4,5,256,4,260,256,0.2,true_mixed,True,False,True,5,0,0,False,0,0,BF16,CUDA_EVENT,generic,generic,none
0.010015999898314476,0.011296000331640244,0.010566400177776814,0.010623999871313572,0.0004769611318657268,5,0.019200000911951065,0.02163200080394745,0.019833600521087645,0.01942400075495243,0.0009063178403838287,5,0.04399999976158142,0.04848000034689903,0.04560640007257462,0.04483199864625931,0.0017085006056858608,5,0.0360959991812706,0.039583999663591385,0.03759999945759773,0.037856001406908035,0.0012381977584497862,5,0.009279999881982803,0.010080000385642052,0.009664000198245048,0.009568000212311745,0.00035403067752009897,5,2048,32,4,1,1,9216,FLASHINFER,[256],[0],"[512, 512, 512, 512]",1,4,4,5,256,4,260,512,0.2,true_mixed,True,False,True,5,0,0,False,0,0,BF16,CUDA_EVENT,generic,generic,none
0.010015999898314476,0.011392000131309032,0.010419199988245965,0.010208000428974628,0.0005001018224095188,5,0.019648000597953796,0.02908799983561039,0.021824000030755998,0.020128000527620316,0.0036372612741334574,5,0.043807998299598694,0.05100800096988678,0.04601600021123886,0.04467200115323067,0.0026433630188432604,5,0.03743999823927879,0.040352001786231995,0.038604799658060074,0.03843199834227562,0.0009724221802234708,5,0.00940799992531538,0.010432000271975994,0.00977920014411211,0.009664000011980534,0.0003718615285367267,5,2048,32,4,1,1,9216,FLASHINFER,[256],[0],"[1024, 1024, 1024, 1024]",1,4,4,5,256,4,260,1024,0.2,true_mixed,True,False,True,5,0,0,False,0,0,BF16,CUDA_EVENT,generic,generic,none
0.010048000141978264,0.012256000190973282,0.01066880002617836,0.010432000271975994,0.0008096949218870983,5,0.019487999379634857,0.021727999672293663,0.020243199542164803,0.019967999309301376,0.0008227423755816885,5,0.04291199892759323,0.05008000135421753,0.0459647998213768,0.04435199871659279,0.0027542024955113575,5,0.03811199963092804,0.04022400081157684,0.03899520039558411,0.03888000175356865,0.0006971598026324495,5,0.009056000038981438,0.0098879998549819,0.009408000111579894,0.009344000369310379,0.0003362284657420675,5,2048,32,4,1,1,9216,FLASHINFER,[256],[0],"[2048, 2048, 2048, 2048]",1,4,4,5,256,4,260,2048,0.2,true_mixed,True,False,True,5,0,0,False,0,0,BF16,CUDA_EVENT,generic,generic,none
0.010143999941647053,0.012736000120639801,0.010803199931979179,0.010463999584317207,0.0009793464823826508,5,0.019231999292969704,0.020959999412298203,0.019974399730563162,0.020160000771284103,0.0006449091989082019,5,0.04287999868392944,0.048128001391887665,0.04435840025544167,0.04371200129389763,0.0019202565821056622,5,0.03545600175857544,0.039455998688936234,0.037222400307655334,0.03705599904060364,0.0012935909232021185,5,0.009216000325977802,0.009920000098645687,0.009619200229644775,0.009696000255644321,0.0002580715783043738,5,2048,32,4,1,1,9216,FLASHINFER,[256],[0],"[128, 128, 128, 128, 128, 128, 128, 128]",1,8,8,9,256,8,264,128,0.1111111111111111,true_mixed,True,False,True,9,0,0,False,0,0,BF16,CUDA_EVENT,generic,generic,none
0.009952000342309475,0.011776000261306763,0.010502400249242783,0.010208000428974628,0.000654992402969586,5,0.01958400011062622,0.021536000072956085,0.020019200444221497,0.019680000841617584,0.0007593106738911142,5,0.043935999274253845,0.05040000006556511,0.0456959992647171,0.04428799822926521,0.0024401550097954985,5,0.03651199862360954,0.04076800122857094,0.0378943994641304,0.03750399872660637,0.001532717235238412,5,0.009184000082314014,0.010495999827980995,0.009875199943780898,0.009855999611318111,0.0005037737473410627,5,2048,32,4,1,1,9216,FLASHINFER,[256],[0],"[256, 256, 256, 256, 256, 256, 256, 256]",1,8,8,9,256,8,264,256,0.1111111111111111,true_mixed,True,False,True,9,0,0,False,0,0,BF16,CUDA_EVENT,generic,generic,none
0.009920000098645687,0.012543999589979649,0.010591999813914298,0.010048000141978264,0.0009943712222895702,5,0.019680000841617584,0.022272000089287758,0.020390400290489198,0.019872000440955162,0.0009620030862506293,5,0.04416000097990036,0.047520000487565994,0.044947201013565065,0.044256001710891724,0.0012928313804815897,5,0.03657599911093712,0.039135999977588654,0.037503999471664426,0.03699199855327606,0.0009172347450905698,5,0.009216000325977802,0.01056000031530857,0.009740800224244594,0.009472000412642956,0.0005225316445552783,5,2048,32,4,1,1,9216,FLASHINFER,[256],[0],"[512, 512, 512, 512, 512, 512, 512, 512]",1,8,8,9,256,8,264,512,0.1111111111111111,true_mixed,True,False,True,9,0,0,False,0,0,BF16,CUDA_EVENT,generic,generic,none
0.009920000098645687,0.01244799979031086,0.010662399977445603,0.010432000271975994,0.0009175465295932243,5,0.01974399946630001,0.02252800017595291,0.0205120000988245,0.020128000527620316,0.0010317706208927472,5,0.04310400038957596,0.05008000135421753,0.0452672004699707,0.04467200115323067,0.0025241171057668113,5,0.03791999816894531,0.03999999910593033,0.03872639983892441,0.03855999931693077,0.0007061494950790495,5,0.009119999594986439,0.009600000455975533,0.009408000111579894,0.009440000168979168,0.0001681144633276427,5,2048,32,4,1,1,9216,FLASHINFER,[256],[0],"[1024, 1024, 1024, 1024, 1024, 1024, 1024, 1024]",1,8,8,9,256,8,264,1024,0.1111111111111111,true_mixed,True,False,True,9,0,0,False,0,0,BF16,CUDA_EVENT,generic,generic,none
0.009631999768316746,0.01228800043463707,0.010624000057578086,0.010495999827980995,0.000894856632743849,5,0.019840000197291374,0.024639999493956566,0.021113600209355356,0.02006400004029274,0.0018191539152997106,5,0.04368000105023384,0.0490880012512207,0.04598399996757507,0.04505600035190582,0.0019539402310826373,5,0.040991999208927155,0.04227200150489807,0.04176000058650971,0.04182400181889534,0.00046460731815265203,5,0.009151999838650227,0.010015999898314476,0.0095295999199152,0.009472000412642956,0.00031117424793399034,5,2048,32,4,1,1,9216,FLASHINFER,[256],[0],"[2048, 2048, 2048, 2048, 2048, 2048, 2048, 2048]",1,8,8,9,256,8,264,2048,0.1111111111111111,true_mixed,True,False,True,9,0,0,False,0,0,BF16,CUDA_EVENT,generic,generic,none
0.009759999811649323,0.013088000006973743,0.010687999986112117,0.010111999697983265,0.0012410060601774436,5,0.01894400082528591,0.022143999114632607,0.020000000298023225,0.019648000597953796,0.0011051813739408531,5,0.04368000105023384,0.04966399818658829,0.045561599731445315,0.04444799944758415,0.0022272914079650864,5,0.03651199862360954,0.04012800008058548,0.037593599408864975,0.03711999952793121,0.0012881981372379419,5,0.008799999952316284,0.009920000098645687,0.009452800080180169,0.009535999968647957,0.00038218242716712904,5,2048,32,4,1,1,9216,FLASHINFER,[256],[0],"[128, 128, 128, 128, 128, 128, 128, 128, 128, 128, 128, 128, 128, 128, 128, 128]",1,16,16,17,256,16,272,128,0.058823529411764705,true_mixed,True,False,True,17,0,0,False,0,0,BF16,CUDA_EVENT,generic,generic,none
0.010015999898314476,0.011648000217974186,0.010457600094377994,0.010208000428974628,0.0006011914232242827,5,0.019648000597953796,0.021983999758958817,0.020307200029492378,0.020031999796628952,0.0008599846526010658,5,0.04383999854326248,0.04848000034689903,0.04529279917478561,0.044576000422239304,0.0016608714724394007,5,0.03718400001525879,0.038975998759269714,0.03790079951286316,0.037728000432252884,0.0006233347737299373,5,0.009312000125646591,0.010304000228643417,0.009734399989247322,0.009535999968647957,0.0003673176925286866,5,2048,32,4,1,1,9216,FLASHINFER,[256],[0],"[256, 256, 256, 256, 256, 256, 256, 256, 256, 256, 256, 256, 256, 256, 256, 256]",1,16,16,17,256,16,272,256,0.058823529411764705,true_mixed,True,False,True,17,0,0,False,0,0,BF16,CUDA_EVENT,generic,generic,none
0.009855999611318111,0.012896000407636166,0.010643200017511845,0.010239999741315842,0.0011377970816566709,5,0.019551999866962433,0.02223999984562397,0.020268799737095833,0.019872000440955162,0.0009957298140927733,5,0.043807998299598694,0.05036799982190132,0.04594559967517853,0.04524800181388855,0.002339495854395234,5,0.03872000053524971,0.039712000638246536,0.0392255999147892,0.03923200070858002,0.00034429380433013214,5,0.009279999881982803,0.010432000271975994,0.00981759987771511,0.009631999768316746,0.0004896733178770358,5,2048,32,4,1,1,9216,FLASHINFER,[256],[0],"[512, 512, 512, 512, 512, 512, 512, 512, 512, 512, 512, 512, 512, 512, 512, 512]",1,16,16,17,256,16,272,512,0.058823529411764705,true_mixed,True,False,True,17,0,0,False,0,0,BF16,CUDA_EVENT,generic,generic,none
0.010208000428974628,0.011327999643981457,0.010662399977445603,0.010591999627649784,0.0003842130690869551,5,0.019936000928282738,0.02147199958562851,0.020371200144290925,0.020031999796628952,0.0005712154359614885,5,0.043487999588251114,0.05257600173354149,0.046924800425767896,0.04572800174355507,0.003254172365824803,5,0.041471999138593674,0.044415999203920364,0.042796799540519716,0.04265600070357323,0.0010392069930890706,5,0.009279999881982803,0.010688000358641148,0.009824000112712384,0.009759999811649323,0.0004685570540343508,5,2048,32,4,1,1,9216,FLASHINFER,[256],[0],"[1024, 1024, 1024, 1024, 1024, 1024, 1024, 1024, 1024, 1024, 1024, 1024, 1024, 1024, 1024, 1024]",1,16,16,17,256,16,272,1024,0.058823529411764705,true_mixed,True,False,True,17,0,0,False,0,0,BF16,CUDA_EVENT,generic,generic,none
0.009727999567985535,0.011648000217974186,0.010425600036978722,0.010143999941647053,0.000666461153563741,5,0.020191999152302742,0.02115200087428093,0.02060160003602505,0.02035200037062168,0.00041447148300903497,5,0.043807998299598694,0.04819199815392494,0.04555519968271256,0.0451200008392334,0.0015251078524661148,5,0.05846399813890457,0.06656000018119812,0.06074879989027977,0.05910399928689003,0.0030102870874943225,5,0.0013760000001639128,0.0014400000218302011,0.001408000010997057,0.001408000010997057,2.0238583876559597e-05,5,2048,32,4,1,1,9216,FLASHINFER,[256],[0],"[2048, 2048, 2048, 2048, 2048, 2048, 2048, 2048, 2048, 2048, 2048, 2048, 2048, 2048, 2048, 2048]",1,16,16,17,256,16,272,2048,0.058823529411764705,true_mixed,True,False,True,17,0,0,False,0,0,BF16,CUDA_EVENT,generic,generic,none
0.0098879998549819,0.01235199999064207,0.01066880002617836,0.010432000271975994,0.0008685156006609739,5,0.019872000440955162,0.020864000543951988,0.02019200026988983,0.020160000771284103,0.0003626039484860351,5,0.04323200136423111,0.04854400083422661,0.04494080096483231,0.04416000097990036,0.0019137604649015858,5,0.03718400001525879,0.039135999977588654,0.0378880001604557,0.03753599897027016,0.0007661313847770994,5,0.009216000325977802,0.009759999811649323,0.009542400017380714,0.009535999968647957,0.00018920623947862584,5,2048,32,4,1,1,9216,FLASHINFER,[256],[0],"[128, 128, 128, 128, 128, 128, 128, 128, 128, 128, 128, 128, 128, 128, 128, 128, 128, 128, 128, 128, 128, 128, 128, 128, 128, 128, 128, 128, 128, 128, 128, 128]",1,32,32,33,256,32,288,128,0.030303030303030304,true_mixed,True,False,True,33,0,0,False,0,0,BF16,CUDA_EVENT,generic,generic,none
0.009855999611318111,0.012864000163972378,0.010944000072777271,0.010816000401973724,0.0010701597203444898,5,0.019487999379634857,0.02191999927163124,0.020121599733829498,0.019648000597953796,0.0009135198840952323,5,0.044096000492572784,0.049984000623226166,0.04608000069856644,0.045152001082897186,0.0021242794789994397,5,0.03964800015091896,0.04095999896526337,0.04021760001778603,0.04012800008058548,0.00042230261027000017,5,0.008960000239312649,0.010528000071644783,0.0095295999199152,0.009503999724984169,0.0005458416282956473,5,2048,32,4,1,1,9216,FLASHINFER,[256],[0],"[256, 256, 256, 256, 256, 256, 256, 256, 256, 256, 256, 256, 256, 256, 256, 256, 256, 256, 256, 256, 256, 256, 256, 256, 256, 256, 256, 256, 256, 256, 256, 256]",1,32,32,33,256,32,288,256,0.030303030303030304,true_mixed,True,False,True,33,0,0,False,0,0,BF16,CUDA_EVENT,generic,generic,none
0.009600000455975533,0.012992000207304955,0.01068160030990839,0.01017600018531084,0.0011950017944316763,5,0.019551999866962433,0.02208000048995018,0.020172800123691558,0.01961600035429001,0.0009667179732958909,5,0.04412800073623657,0.04899200052022934,0.045772799849510194,0.04531199857592583,0.0016796314134916892,5,0.042688000947237015,0.04390399903059006,0.04318080022931099,0.043136000633239746,0.000406588474923931,5,0.009344000369310379,0.009727999567985535,0.009625600092113018,0.009696000255644321,0.00014224695176894963,5,2048,32,4,1,1,9216,FLASHINFER,[256],[0],"[512, 512, 512, 512, 512, 512, 512, 512, 512, 512, 512, 512, 512, 512, 512, 512, 512, 512, 512, 512, 512, 512, 512, 512, 512, 512, 512, 512, 512, 512, 512, 512]",1,32,32,33,256,32,288,512,0.030303030303030304,true_mixed,True,False,True,33,0,0,False,0,0,BF16,CUDA_EVENT,generic,generic,none
0.010367999784648418,0.011615999974310398,0.010739200003445148,0.010528000071644783,0.0004478171133777836,5,0.019807999953627586,0.022016000002622604,0.020576000213623047,0.020320000126957893,0.0007510120737022841,5,0.04403200000524521,0.05027199909090996,0.04688000008463859,0.04569600149989128,0.0028180348178812667,5,0.05852799862623215,0.060896001756191254,0.06003840044140816,0.06028800085186958,0.0008343114637088209,5,0.0013760000001639128,0.0014400000218302011,0.001408000010997057,0.001408000010997057,2.0238583876559597e-05,5,2048,32,4,1,1,9216,FLASHINFER,[256],[0],"[1024, 1024, 1024, 1024, 1024, 1024, 1024, 1024, 1024, 1024, 1024, 1024, 1024, 1024, 1024, 1024, 1024, 1024, 1024, 1024, 1024, 1024, 1024, 1024, 1024, 1024, 1024, 1024, 1024, 1024, 1024, 1024]",1,32,32,33,256,32,288,1024,0.030303030303030304,true_mixed,True,False,True,33,0,0,False,0,0,BF16,CUDA_EVENT,generic,generic,none
0.001408000010997057,0.011392000131309032,0.003411200037226081,0.001408000010997057,0.003990419293198725,5,0.020255999639630318,0.02099199965596199,0.020608000084757806,0.020576000213623047,0.00029606497812035274,5,0.0432640016078949,0.0490880012512207,0.045344000309705736,0.04492799937725067,0.0019759322352773225,5,0.0791039988398552,0.08179199695587158,0.0802047997713089,0.07983999699354172,0.0009213770556672376,5,0.001408000010997057,0.0014400000218302011,0.0014336000196635724,0.0014400000218302011,1.2800004333257675e-05,5,2048,32,4,1,1,9216,FLASHINFER,[256],[0],"[2048, 2048, 2048, 2048, 2048, 2048, 2048, 2048, 2048, 2048, 2048, 2048, 2048, 2048, 2048, 2048, 2048, 2048, 2048, 2048, 2048, 2048, 2048, 2048, 2048, 2048, 2048, 2048, 2048, 2048, 2048, 2048]",1,32,32,33,256,32,288,2048,0.030303030303030304,true_mixed,True,False,True,33,0,0,False,0,0,BF16,CUDA_EVENT,generic,generic,none
0.009727999567985535,0.011103999800980091,0.010393599793314934,0.010239999741315842,0.0004820862038569832,5,0.01913600042462349,0.021344000473618507,0.01988480016589165,0.01958400011062622,0.0008013047079605921,5,0.04342399910092354,0.047839999198913574,0.04535039961338043,0.044544000178575516,0.0016366244345515073,5,0.034912001341581345,0.03670400008559227,0.03611520081758499,0.036320000886917114,0.0006200404492363006,5,0.009056000038981438,0.01017600018531084,0.00938240010291338,0.009216000325977802,0.00041742528215766526,5,2048,32,4,1,1,9216,FLASHINFER,[256],[0],"[128, 128, 128, 128, 128, 128, 128, 128, 128, 128, 128, 128, 128, 128, 128, 128, 128, 128, 128, 128, 128, 128, 128, 128, 128, 128, 128, 128, 128, 128, 128, 128, 128, 128, 128, 128, 128, 128, 128, 128, 128, 128, 128, 128, 128, 128, 128, 128, 128, 128, 128, 128, 128, 128, 128, 128, 128, 128, 128, 128, 128, 128, 128, 128]",1,64,64,65,256,64,320,128,0.015384615384615385,true_mixed,True,False,True,65,0,0,False,0,0,BF16,CUDA_EVENT,generic,generic,none
0.009535999968647957,0.01142400037497282,0.010233600065112114,0.010080000385642052,0.000630781758726868,5,0.019680000841617584,0.021183999255299568,0.020134399831295013,0.019807999953627586,0.0005521827296744684,5,0.043296001851558685,0.047807998955249786,0.04501120075583458,0.04447999969124794,0.0016149817699550675,5,0.03939199820160866,0.040672000497579575,0.03994880020618439,0.039744000881910324,0.0004487313908298983,5,0.009151999838650227,0.009920000098645687,0.009548800066113472,0.009472000412642956,0.0002674250629880585,5,2048,32,4,1,1,9216,FLASHINFER,[256],[0],"[256, 256, 256, 256, 256, 256, 256, 256, 256, 256, 256, 256, 256, 256, 256, 256, 256, 256, 256, 256, 256, 256, 256, 256, 256, 256, 256, 256, 256, 256, 256, 256, 256, 256, 256, 256, 256, 256, 256, 256, 256, 256, 256, 256, 256, 256, 256, 256, 256, 256, 256, 256, 256, 256, 256, 256, 256, 256, 256, 256, 256, 256, 256, 256]",1,64,64,65,256,64,320,256,0.015384615384615385,true_mixed,True,False,True,65,0,0,False,0,0,BF16,CUDA_EVENT,generic,generic,none
0.009696000255644321,0.011487999930977821,0.01031040009111166,0.009983999654650688,0.0006346657024804038,5,0.01990400068461895,0.02127999998629093,0.020294399932026863,0.020128000527620316,0.0005036925823024491,5,0.043168000876903534,0.04870399832725525,0.045209600031375884,0.044319998472929,0.001923984513867521,5,0.05407999828457832,0.05628800019621849,0.05503999963402748,0.05507199838757515,0.0007586095617205498,5,0.0013760000001639128,0.0014400000218302011,0.0014016000088304282,0.001408000010997057,2.3946615382136017e-05,5,2048,32,4,1,1,9216,FLASHINFER,[256],[0],"[512, 512, 512, 512, 512, 512, 512, 512, 512, 512, 512, 512, 512, 512, 512, 512, 512, 512, 512, 512, 512, 512, 512, 512, 512, 512, 512, 512, 512, 512, 512, 512, 512, 512, 512, 512, 512, 512, 512, 512, 512, 512, 512, 512, 512, 512, 512, 512, 512, 512, 512, 512, 512, 512, 512, 512, 512, 512, 512, 512, 512, 512, 512, 512]",1,64,64,65,256,64,320,512,0.015384615384615385,true_mixed,True,False,True,65,0,0,False,0,0,BF16,CUDA_EVENT,generic,generic,none
0.001408000010997057,0.011168000288307667,0.0033728000707924366,0.0014400000218302011,0.0038976263812641196,5,0.02035200037062168,0.020767999812960625,0.020531200245022772,0.020416000857949257,0.00018169646317710528,5,0.04467200115323067,0.04979199916124344,0.04601600021123886,0.04505600035190582,0.0019395266941046015,5,0.07519999891519547,0.07603199779987335,0.0757439985871315,0.07596799731254578,0.0003300802484802476,5,0.0013760000001639128,0.001408000010997057,0.0014016000088304282,0.001408000010997057,1.2800004333257675e-05,5,2048,32,4,1,1,9216,FLASHINFER,[256],[0],"[1024, 1024, 1024, 1024, 1024, 1024, 1024, 1024, 1024, 1024, 1024, 1024, 1024, 1024, 1024, 1024, 1024, 1024, 1024, 1024, 1024, 1024, 1024, 1024, 1024, 1024, 1024, 1024, 1024, 1024, 1024, 1024, 1024, 1024, 1024, 1024, 1024, 1024, 1024, 1024, 1024, 1024, 1024, 1024, 1024, 1024, 1024, 1024, 1024, 1024, 1024, 1024, 1024, 1024, 1024, 1024, 1024, 1024, 1024, 1024, 1024, 1024, 1024, 1024]",1,64,64,65,256,64,320,1024,0.015384615384615385,true_mixed,True,False,True,65,0,0,False,0,0,BF16,CUDA_EVENT,generic,generic,none
0.0013760000001639128,0.01033599954098463,0.003270399919711053,0.001408000010997057,0.003536681736559734,5,0.00800000037997961,0.02070399932563305,0.010687999986112117,0.00825599953532219,0.005009405220122035,5,0.029791999608278275,0.04816000163555145,0.03694080039858818,0.03379200026392937,0.006662231535739679,5,0.11027199774980545,0.11209599673748016,0.11097600013017654,0.11091200262308121,0.0006095130695598273,5,0.0013760000001639128,0.0019519999623298645,0.0015103999990969895,0.001408000010997057,0.00022114753443305065,5,2048,32,4,1,1,9216,FLASHINFER,[256],[0],"[2048, 2048, 2048, 2048, 2048, 2048, 2048, 2048, 2048, 2048, 2048, 2048, 2048, 2048, 2048, 2048, 2048, 2048, 2048, 2048, 2048, 2048, 2048, 2048, 2048, 2048, 2048, 2048, 2048, 2048, 2048, 2048, 2048, 2048, 2048, 2048, 2048, 2048, 2048, 2048, 2048, 2048, 2048, 2048, 2048, 2048, 2048, 2048, 2048, 2048, 2048, 2048, 2048, 2048, 2048, 2048, 2048, 2048, 2048, 2048, 2048, 2048, 2048, 2048]",1,64,64,65,256,64,320,2048,0.015384615384615385,true_mixed,True,False,True,65,0,0,False,0,0,BF16,CUDA_EVENT,generic,generic,none
0.010048000141978264,0.011168000288307667,0.010367999970912933,0.010239999741315842,0.0004152609721995589,5,0.01897599920630455,0.021663999184966087,0.020031999424099924,0.019840000197291374,0.0009147746939730541,5,0.04822399839758873,0.050783999264240265,0.049267199635505673,0.049056001007556915,0.0008547296841192637,5,0.03702399879693985,0.0390079990029335,0.03782399967312813,0.03763199970126152,0.0007069029565495825,5,0.009184000082314014,0.010304000228643417,0.009772800095379352,0.009759999811649323,0.00041407551466672186,5,2048,32,4,1,1,9216,FLASHINFER,[512],[0],[128],1,1,1,2,512,1,513,128,0.5,true_mixed,True,False,True,2,0,0,False,0,0,BF16,CUDA_EVENT,generic,generic,none
0.0098879998549819,0.011648000217974186,0.01055999994277954,0.010463999584317207,0.0006309765337291419,5,0.0191040001809597,0.02127999998629093,0.020012800022959708,0.02006400004029274,0.0007437781429592282,5,0.04755200073122978,0.05212799832224846,0.0491456001996994,0.04867200180888176,0.001574633348882171,5,0.03580800071358681,0.039872001856565475,0.03717759996652603,0.036639999598264694,0.0013997437731850515,5,0.009440000168979168,0.01017600018531084,0.00965760014951229,0.009568000212311745,0.0002634126990571546,5,2048,32,4,1,1,9216,FLASHINFER,[512],[0],[256],1,1,1,2,512,1,513,256,0.5,true_mixed,True,False,True,2,0,0,False,0,0,BF16,CUDA_EVENT,generic,generic,none
0.009631999768316746,0.011680000461637974,0.010438400134444237,0.010080000385642052,0.0007236248529311394,5,0.019392000511288643,0.02070399932563305,0.01973759979009628,0.01945599913597107,0.0004930075900980402,5,0.04774399846792221,0.05071999877691269,0.048524799197912215,0.04787199944257736,0.0011218452040054952,5,0.0360959991812706,0.037856001406908035,0.03707519993185997,0.037087999284267426,0.0006446556669603664,5,0.009440000168979168,0.016672000288963318,0.011040000058710576,0.009535999968647957,0.0028271054748016163,5,2048,32,4,1,1,9216,FLASHINFER,[512],[0],[512],1,1,1,2,512,1,513,512,0.5,true_mixed,True,False,True,2,0,0,False,0,0,BF16,CUDA_EVENT,generic,generic,none
0.009664000011980534,0.01142400037497282,0.010252800025045871,0.010111999697983265,0.0006100514234579318,5,0.019039999693632126,0.021344000473618507,0.019884799793362617,0.019551999866962433,0.0007948896111431953,5,0.047520000487565994,0.050624001771211624,0.0485824003815651,0.04809600114822388,0.001114666734178487,5,0.035999998450279236,0.03840000182390213,0.037305600196123126,0.03718400001525879,0.0008903602445009256,5,0.00886400043964386,0.009664000011980534,0.009273600205779076,0.009312000125646591,0.00033094868469789974,5,2048,32,4,1,1,9216,FLASHINFER,[512],[0],[1024],1,1,1,2,512,1,513,1024,0.5,true_mixed,True,False,True,2,0,0,False,0,0,BF16,CUDA_EVENT,generic,generic,none
0.0098879998549819,0.011455999687314034,0.010380799882113934,0.010143999941647053,0.0005636361190418698,5,0.01945599913597107,0.022175999358296394,0.020255999639630318,0.020031999796628952,0.0009908637828944728,5,0.047839999198913574,0.05225599929690361,0.04901759922504425,0.04835199937224388,0.0016547929923407486,5,0.03619199991226196,0.0395519994199276,0.03740800023078918,0.03705599904060364,0.0011428971239830412,5,0.009056000038981438,0.01033599954098463,0.009439999796450138,0.009279999881982803,0.00046106644184074573,5,2048,32,4,1,1,9216,FLASHINFER,[512],[0],[2048],1,1,1,2,512,1,513,2048,0.5,true_mixed,True,False,True,2,0,0,False,0,0,BF16,CUDA_EVENT,generic,generic,none
0.009759999811649323,0.01152000017464161,0.010304000042378903,0.009952000342309475,0.0006564291231553001,5,0.01913600042462349,0.020927999168634415,0.0198719996958971,0.0197759997099638,0.0006064820007485254,5,0.04848000034689903,0.050464000552892685,0.04896640032529831,0.048608001321554184,0.0007535711678456127,5,0.03612799942493439,0.04057599976658821,0.03765759989619255,0.03728000074625015,0.0015652418148346203,5,0.008767999708652496,0.010080000385642052,0.009472000226378442,0.009472000412642956,0.00042016401204136313,5,2048,32,4,1,1,9216,FLASHINFER,[512],[0],"[128, 128]",1,2,2,3,512,2,514,128,0.3333333333333333,true_mixed,True,False,True,3,0,0,False,0,0,BF16,CUDA_EVENT,generic,generic,none
0.010080000385642052,0.01196799986064434,0.010611199960112571,0.01017600018531084,0.000717428195819411,5,0.01942400075495243,0.021183999255299568,0.020128000155091287,0.020128000527620316,0.0006234660043035994,5,0.047680001705884933,0.05167999863624573,0.048928000032901764,0.04831999912858009,0.001444046884903501,5,0.03699199855327606,0.039423998445272446,0.03791999965906143,0.03788800165057182,0.0008476071033392573,5,0.008991999551653862,0.010239999741315842,0.00943359974771738,0.009375999681651592,0.000453181503749262,5,2048,32,4,1,1,9216,FLASHINFER,[512],[0],"[256, 256]",1,2,2,3,512,2,514,256,0.3333333333333333,true_mixed,True,False,True,3,0,0,False,0,0,BF16,CUDA_EVENT,generic,generic,none
0.009920000098645687,0.01190400030463934,0.010515200160443782,0.010304000228643417,0.0007154273258650174,5,0.019071999937295914,0.02502400055527687,0.020499200001358985,0.01945599913597107,0.002267768723702224,5,0.04819199815392494,0.0514880008995533,0.049145599454641344,0.04867200180888176,0.0012272998499688033,5,0.036928001791238785,0.04374400153756142,0.03933440074324608,0.03916800022125244,0.002475849326249247,5,0.009600000455975533,0.010111999697983265,0.00979200005531311,0.00979200005531311,0.00018985436880379904,5,2048,32,4,1,1,9216,FLASHINFER,[512],[0],"[512, 512]",1,2,2,3,512,2,514,512,0.3333333333333333,true_mixed,True,False,True,3,0,0,False,0,0,BF16,CUDA_EVENT,generic,generic,none
0.010239999741315842,0.012640000320971012,0.010879999957978725,0.010463999584317207,0.0008900374967485967,5,0.019360000267624855,0.021856000646948814,0.02019840031862259,0.020031999796628952,0.0008743441515476297,5,0.04809600114822388,0.05244800075888634,0.049593600630760196,0.0490880012512207,0.0015019424898924634,5,0.03654399886727333,0.04028800129890442,0.038035199791193006,0.03759999945759773,0.0013170019845290548,5,0.009279999881982803,0.01071999967098236,0.009747200086712838,0.009472000412642956,0.0005134377899721965,5,2048,32,4,1,1,9216,FLASHINFER,[512],[0],"[1024, 1024]",1,2,2,3,512,2,514,1024,0.3333333333333333,true_mixed,True,False,True,3,0,0,False,0,0,BF16,CUDA_EVENT,generic,generic,none
0.010432000271975994,0.011487999930977821,0.010700799897313118,0.010528000071644783,0.0003974188717833794,5,0.019519999623298645,0.02160000056028366,0.02022400014102459,0.020096000283956528,0.0007203912777779543,5,0.048287998884916306,0.05167999863624573,0.04936319887638092,0.04873599857091904,0.0012526025220727598,5,0.037376001477241516,0.03977600112557411,0.03853440061211586,0.03843199834227562,0.0007689060521081783,5,0.009247999638319016,0.010751999914646149,0.00979200005531311,0.009535999968647957,0.0005312385699720446,5,2048,32,4,1,1,9216,FLASHINFER,[512],[0],"[2048, 2048]",1,2,2,3,512,2,514,2048,0.3333333333333333,true_mixed,True,False,True,3,0,0,False,0,0,BF16,CUDA_EVENT,generic,generic,none
0.010111999697983265,0.012608000077307224,0.010700799897313118,0.01027199998497963,0.0009554238551242013,5,0.01945599913597107,0.022816000506281853,0.0204415999352932,0.019840000197291374,0.001246834656285527,5,0.04838399961590767,0.05603199824690819,0.05164799988269806,0.05036799982190132,0.0030494502991602786,5,0.03670400008559227,0.041120000183582306,0.03834239989519119,0.03798399865627289,0.0015564507113574961,5,0.009279999881982803,0.01056000031530857,0.009798399917781354,0.009759999811649323,0.00046390086048443544,5,2048,32,4,1,1,9216,FLASHINFER,[512],[0],"[128, 128, 128, 128]",1,4,4,5,512,4,516,128,0.2,true_mixed,True,False,True,5,0,0,False,0,0,BF16,CUDA_EVENT,generic,generic,none
0.01017600018531084,0.011711999773979187,0.010726399905979633,0.010495999827980995,0.0005503255514680707,5,0.01942400075495243,0.02112000063061714,0.020044800266623496,0.01958400011062622,0.0006900733762006429,5,0.04816000163555145,0.05177599936723709,0.04933119937777519,0.04873599857091904,0.0013293830246745857,5,0.036639999598264694,0.04016000032424927,0.037759999930858615,0.03721600025892258,0.0012383629783360782,5,0.009279999881982803,0.010400000028312206,0.00975359994918108,0.009664000011980534,0.0003728514953246198,5,2048,32,4,1,1,9216,FLASHINFER,[512],[0],"[256, 256, 256, 256]",1,4,4,5,512,4,516,256,0.2,true_mixed,True,False,True,5,0,0,False,0,0,BF16,CUDA_EVENT,generic,generic,none
0.010048000141978264,0.012319999746978283,0.010745600052177905,0.010304000228643417,0.0008191998291295065,5,0.019872000440955162,0.022655999287962914,0.020633599907159805,0.020160000771284103,0.0010286689890263265,5,0.0480320006608963,0.053727999329566956,0.04993280097842216,0.04912000149488449,0.0021117666262214334,5,0.036607999354600906,0.0398080013692379,0.03770880028605461,0.03759999945759773,0.0011265822552655417,5,0.009344000369310379,0.010432000271975994,0.009676800109446049,0.009503999724984169,0.00039586995591797946,5,2048,32,4,1,1,9216,FLASHINFER,[512],[0],"[512, 512, 512, 512]",1,4,4,5,512,4,516,512,0.2,true_mixed,True,False,True,5,0,0,False,0,0,BF16,CUDA_EVENT,generic,generic,none
0.00979200005531311,0.011487999930977821,0.010553599894046783,0.010463999584317207,0.0005458415584090978,5,0.019648000597953796,0.021856000646948814,0.020339200273156166,0.019999999552965164,0.0007855593746242817,5,0.04915200173854828,0.05113599821925163,0.04977919980883598,0.04944000020623207,0.000705335908114695,5,0.037376001477241516,0.04016000032424927,0.03853440061211586,0.03836800158023834,0.000903601676628526,5,0.009151999838650227,0.009952000342309475,0.009600000083446502,0.009600000455975533,0.00029813296721566314,5,2048,32,4,1,1,9216,FLASHINFER,[512],[0],"[1024, 1024, 1024, 1024]",1,4,4,5,512,4,516,1024,0.2,true_mixed,True,False,True,5,0,0,False,0,0,BF16,CUDA_EVENT,generic,generic,none
0.010143999941647053,0.012671999633312225,0.010726399905979633,0.01027199998497963,0.000974902843200629,5,0.01990400068461895,0.022336000576615334,0.020614400133490564,0.020255999639630318,0.0008787832737384619,5,0.04819199815392494,0.05411199852824211,0.049971199780702594,0.04915200173854828,0.002132131341027011,5,0.038495998829603195,0.04041599854826927,0.039711999148130415,0.040031999349594116,0.0006672595125415457,5,0.009312000125646591,0.009983999654650688,0.00961920004338026,0.009600000455975533,0.0002458798503292828,5,2048,32,4,1,1,9216,FLASHINFER,[512],[0],"[2048, 2048, 2048, 2048]",1,4,4,5,512,4,516,2048,0.2,true_mixed,True,False,True,5,0,0,False,0,0,BF16,CUDA_EVENT,generic,generic,none
0.009952000342309475,0.011487999930977821,0.010464000143110752,0.010400000028312206,0.0005415472656558844,5,0.01913600042462349,0.020576000213623047,0.019865600019693376,0.01990400068461895,0.00046124417065714307,5,0.048128001391887665,0.051231998950242996,0.04907520040869713,0.04867200180888176,0.0011034378868464757,5,0.036320000886917114,0.038336001336574554,0.03735040053725243,0.037376001477241516,0.000750029596106197,5,0.009184000082314014,0.01027199998497963,0.00965760014951229,0.009472000412642956,0.0003879265210401825,5,2048,32,4,1,1,9216,FLASHINFER,[512],[0],"[128, 128, 128, 128, 128, 128, 128, 128]",1,8,8,9,512,8,520,128,0.1111111111111111,true_mixed,True,False,True,9,0,0,False,0,0,BF16,CUDA_EVENT,generic,generic,none
0.009855999611318111,0.012959999963641167,0.010649600066244602,0.010048000141978264,0.0011716370497835034,5,0.019680000841617584,0.021344000473618507,0.02028160057961941,0.02006400004029274,0.0005828569103592948,5,0.04809600114822388,0.052000001072883606,0.049516800045967105,0.04918399825692177,0.0013480472356075387,5,0.036896001547575,0.03948799893260002,0.03762559965252876,0.03711999952793121,0.0009543079584045246,5,0.008960000239312649,0.0098879998549819,0.00938240010291338,0.009312000125646591,0.00030249725010687145,5,2048,32,4,1,1,9216,FLASHINFER,[512],[0],"[256, 256, 256, 256, 256, 256, 256, 256]",1,8,8,9,512,8,520,256,0.1111111111111111,true_mixed,True,False,True,9,0,0,False,0,0,BF16,CUDA_EVENT,generic,generic,none
0.009855999611318111,0.011839999817311764,0.010476799681782722,0.010239999741315842,0.000713133544020591,5,0.019360000267624855,0.021056000143289566,0.01990399993956089,0.019711999222636223,0.0005917837784366823,5,0.04793599992990494,0.05135999992489815,0.04920959994196892,0.0488319993019104,0.0012484754669493318,5,0.03667199984192848,0.03964800015091896,0.03766399994492531,0.03747199848294258,0.0010866817107980673,5,0.009247999638319016,0.010208000428974628,0.009587199985980987,0.009535999968647957,0.0003549551752497273,5,2048,32,4,1,1,9216,FLASHINFER,[512],[0],"[512, 512, 512, 512, 512, 512, 512, 512]",1,8,8,9,512,8,520,512,0.1111111111111111,true_mixed,True,False,True,9,0,0,False,0,0,BF16,CUDA_EVENT,generic,generic,none
0.009759999811649323,0.011711999773979187,0.010329599864780903,0.010015999898314476,0.0007084657816704552,5,0.01958400011062622,0.02287999913096428,0.0205375999212265,0.020255999639630318,0.0012094810458692688,5,0.04819199815392494,0.054496001452207565,0.05006719976663589,0.048895999789237976,0.002282532048617955,5,0.03888000175356865,0.04089599847793579,0.03955840021371841,0.03923200070858002,0.0007579065489694646,5,0.009088000282645226,0.010111999697983265,0.009619199857115745,0.009503999724984169,0.00035321954952007505,5,2048,32,4,1,1,9216,FLASHINFER,[512],[0],"[1024, 1024, 1024, 1024, 1024, 1024, 1024, 1024]",1,8,8,9,512,8,520,1024,0.1111111111111111,true_mixed,True,False,True,9,0,0,False,0,0,BF16,CUDA_EVENT,generic,generic,none
0.010143999941647053,0.011071999557316303,0.010470400005578995,0.010432000271975994,0.0003196156033865361,5,0.019999999552965164,0.02115200087428093,0.020614400133490564,0.020576000213623047,0.00037613314083889357,5,0.04879999905824661,0.05728000029921532,0.051276800036430356,0.04915200173854828,0.003278811999265495,5,0.04323200136423111,0.0459199994802475,0.04497280046343803,0.04543999955058098,0.000950695554416389,5,0.008832000195980072,0.010208000428974628,0.009408000111579894,0.009375999681651592,0.00044936941502277567,5,2048,32,4,1,1,9216,FLASHINFER,[512],[0],"[2048, 2048, 2048, 2048, 2048, 2048, 2048, 2048]",1,8,8,9,512,8,520,2048,0.1111111111111111,true_mixed,True,False,True,9,0,0,False,0,0,BF16,CUDA_EVENT,generic,generic,none
0.010304000228643417,0.01206399966031313,0.010783999972045422,0.01056000031530857,0.000650788904330458,5,0.019168000668287277,0.021536000072956085,0.020025600120425223,0.0197759997099638,0.000887594532452046,5,0.047520000487565994,0.052032001316547394,0.04894720017910004,0.04841599985957146,0.0015838680291076052,5,0.03638400137424469,0.037856001406908035,0.03699200078845024,0.036896001547575,0.0004797866450097042,5,0.009279999881982803,0.009568000212311745,0.009427200257778167,0.009472000412642956,0.00010240010451540009,5,2048,32,4,1,1,9216,FLASHINFER,[512],[0],"[128, 128, 128, 128, 128, 128, 128, 128, 128, 128, 128, 128, 128, 128, 128, 128]",1,16,16,17,512,16,528,128,0.058823529411764705,true_mixed,True,False,True,17,0,0,False,0,0,BF16,CUDA_EVENT,generic,generic,none
0.01017600018531084,0.012384000234305859,0.01079040002077818,0.010495999827980995,0.0008098972460354485,5,0.019999999552965164,0.022048000246286392,0.02059519998729229,0.020255999639630318,0.0007522656446402421,5,0.048448000103235245,0.053599998354911804,0.04993279948830605,0.048895999789237976,0.001890828489847547,5,0.037087999284267426,0.04233599826693535,0.038841599225997926,0.03836800158023834,0.0018652894656272837,5,0.00940799992531538,0.01056000031530857,0.009855999983847142,0.009855999611318111,0.00039504135968262483,5,2048,32,4,1,1,9216,FLASHINFER,[512],[0],"[256, 256, 256, 256, 256, 256, 256, 256, 256, 256, 256, 256, 256, 256, 256, 256]",1,16,16,17,512,16,528,256,0.058823529411764705,true_mixed,True,False,True,17,0,0,False,0,0,BF16,CUDA_EVENT,generic,generic,none
0.010048000141978264,0.01190400030463934,0.01070720013231039,0.01033599954098463,0.0007225484710009445,5,0.01961600035429001,0.021983999758958817,0.020320000126957893,0.019840000197291374,0.0008711995068597572,5,0.048287998884916306,0.052191998809576035,0.049344000220298764,0.04867200180888176,0.0014484369439644667,5,0.03868800029158592,0.040608000010252,0.03931520059704781,0.03884800150990486,0.0007476227550361957,5,0.009216000325977802,0.010111999697983265,0.009529600106179714,0.009535999968647957,0.00032783973377517286,5,2048,32,4,1,1,9216,FLASHINFER,[512],[0],"[512, 512, 512, 512, 512, 512, 512, 512, 512, 512, 512, 512, 512, 512, 512, 512]",1,16,16,17,512,16,528,512,0.058823529411764705,true_mixed,True,False,True,17,0,0,False,0,0,BF16,CUDA_EVENT,generic,generic,none
0.010111999697983265,0.012736000120639801,0.010835199989378453,0.010367999784648418,0.0009751551028203913,5,0.019936000928282738,0.0226879995316267,0.020870400220155717,0.02035200037062168,0.001021075406354767,5,0.04835199937224388,0.0525440014898777,0.050073600560426715,0.04982399940490723,0.0015830662634808783,5,0.044576000422239304,0.045632001012563705,0.04501120075583458,0.044704001396894455,0.00043529382898423896,5,0.008191999979317188,0.01017600018531084,0.009120000153779983,0.009088000282645226,0.0007890450933114577,5,2048,32,4,1,1,9216,FLASHINFER,[512],[0],"[1024, 1024, 1024, 1024, 1024, 1024, 1024, 1024, 1024, 1024, 1024, 1024, 1024, 1024, 1024, 1024]",1,16,16,17,512,16,528,1024,0.058823529411764705,true_mixed,True,False,True,17,0,0,False,0,0,BF16,CUDA_EVENT,generic,generic,none
0.010208000428974628,0.012319999746978283,0.01070720013231039,0.010304000228643417,0.0008132280142198514,5,0.020320000126957893,0.0289280004799366,0.022739199921488762,0.021023999899625778,0.003169945488923638,5,0.04982399940490723,0.05302400141954422,0.05079040080308914,0.0504320003092289,0.001148510682556165,5,0.05881600081920624,0.06169600039720535,0.05992320105433464,0.05942400172352791,0.0011489023191031205,5,0.001408000010997057,0.001408000010997057,0.001408000010997057,0.001408000010997057,0.0,5,2048,32,4,1,1,9216,FLASHINFER,[512],[0],"[2048, 2048, 2048, 2048, 2048, 2048, 2048, 2048, 2048, 2048, 2048, 2048, 2048, 2048, 2048, 2048]",1,16,16,17,512,16,528,2048,0.058823529411764705,true_mixed,True,False,True,17,0,0,False,0,0,BF16,CUDA_EVENT,generic,generic,none
0.010048000141978264,0.011839999817311764,0.010592000000178814,0.010367999784648418,0.0006488980687473211,5,0.01974399946630001,0.021888000890612602,0.0205375999212265,0.020479999482631683,0.0007412409876842531,5,0.04742399975657463,0.052191998809576035,0.04931839928030968,0.04879999905824661,0.001610003508688336,5,0.03728000074625015,0.041760001331567764,0.038707200437784195,0.038015998899936676,0.0016130798733015443,5,0.008991999551653862,0.009855999611318111,0.00943359974771738,0.009535999968647957,0.00035019165535211575,5,2048,32,4,1,1,9216,FLASHINFER,[512],[0],"[128, 128, 128, 128, 128, 128, 128, 128, 128, 128, 128, 128, 128, 128, 128, 128, 128, 128, 128, 128, 128, 128, 128, 128, 128, 128, 128, 128, 128, 128, 128, 128]",1,32,32,33,512,32,544,128,0.030303030303030304,true_mixed,True,False,True,33,0,0,False,0,0,BF16,CUDA_EVENT,generic,generic,none
0.009855999611318111,0.011615999974310398,0.010329599864780903,0.010015999898314476,0.0006496552395356012,5,0.019967999309301376,0.02115200087428093,0.020576000213623047,0.020640000700950623,0.000453000848502942,5,0.04800000041723251,0.05132799968123436,0.04897279962897301,0.04838399961590767,0.001204594873301299,5,0.0398080013692379,0.04163200035691261,0.040531200170516965,0.04044799879193306,0.0006190489151281635,5,0.009151999838650227,0.009696000255644321,0.009439999982714654,0.00940799992531538,0.00018438238728675927,5,2048,32,4,1,1,9216,FLASHINFER,[512],[0],"[256, 256, 256, 256, 256, 256, 256, 256, 256, 256, 256, 256, 256, 256, 256, 256, 256, 256, 256, 256, 256, 256, 256, 256, 256, 256, 256, 256, 256, 256, 256, 256]",1,32,32,33,512,32,544,256,0.030303030303030304,true_mixed,True,False,True,33,0,0,False,0,0,BF16,CUDA_EVENT,generic,generic,none
0.010208000428974628,0.011552000418305397,0.010649600066244602,0.010463999584317207,0.0004892548874057517,5,0.020287999883294106,0.02195199951529503,0.0208831999450922,0.020608000457286835,0.0006269384218395046,5,0.04835199937224388,0.05270399898290634,0.0494719997048378,0.048576001077890396,0.0016485431797389762,5,0.043487999588251114,0.0461760014295578,0.04485119953751564,0.04483199864625931,0.0010162911993226492,5,0.00848000030964613,0.009983999654650688,0.00940799992531538,0.009664000011980534,0.0005456913613677688,5,2048,32,4,1,1,9216,FLASHINFER,[512],[0],"[512, 512, 512, 512, 512, 512, 512, 512, 512, 512, 512, 512, 512, 512, 512, 512, 512, 512, 512, 512, 512, 512, 512, 512, 512, 512, 512, 512, 512, 512, 512, 512]",1,32,32,33,512,32,544,512,0.030303030303030304,true_mixed,True,False,True,33,0,0,False,0,0,BF16,CUDA_EVENT,generic,generic,none
0.009920000098645687,0.012640000320971012,0.010950400121510028,0.010080000385642052,0.001160042964481737,5,0.020031999796628952,0.022016000002622604,0.020947199687361716,0.020735999569296837,0.0007826862720498943,5,0.048928000032901764,0.05104000121355057,0.04985600039362907,0.049695998430252075,0.0006987444914722028,5,0.060736000537872314,0.06304000318050385,0.06172160059213638,0.061535999178886414,0.0008313608932956869,5,0.0013760000001639128,0.0015360000543296337,0.0014336000196635724,0.001408000010997057,5.5054900347118805e-05,5,2048,32,4,1,1,9216,FLASHINFER,[512],[0],"[1024, 1024, 1024, 1024, 1024, 1024, 1024, 1024, 1024, 1024, 1024, 1024, 1024, 1024, 1024, 1024, 1024, 1024, 1024, 1024, 1024, 1024, 1024, 1024, 1024, 1024, 1024, 1024, 1024, 1024, 1024, 1024]",1,32,32,33,512,32,544,1024,0.030303030303030304,true_mixed,True,False,True,33,0,0,False,0,0,BF16,CUDA_EVENT,generic,generic,none
0.001408000010997057,0.011744000017642975,0.0034752000123262406,0.001408000010997057,0.004134400002658367,5,0.019807999953627586,0.022816000506281853,0.020825600251555443,0.020576000213623047,0.0010375900026921145,5,0.04787199944257736,0.05347200110554695,0.04987519979476929,0.049247998744249344,0.001897101323283337,5,0.0801599994301796,0.08278399705886841,0.08093439936637878,0.08051200211048126,0.0009500053435746508,5,0.0013760000001639128,0.0014400000218302011,0.0014144000131636858,0.001408000010997057,2.3946615382136017e-05,5,2048,32,4,1,1,9216,FLASHINFER,[512],[0],"[2048, 2048, 2048, 2048, 2048, 2048, 2048, 2048, 2048, 2048, 2048, 2048, 2048, 2048, 2048, 2048, 2048, 2048, 2048, 2048, 2048, 2048, 2048, 2048, 2048, 2048, 2048, 2048, 2048, 2048, 2048, 2048]",1,32,32,33,512,32,544,2048,0.030303030303030304,true_mixed,True,False,True,33,0,0,False,0,0,BF16,CUDA_EVENT,generic,generic,none
0.009664000011980534,0.011231999844312668,0.010207999870181084,0.010143999941647053,0.000543434992743019,5,0.019711999222636223,0.02143999934196472,0.020345599576830863,0.020255999639630318,0.0006278527100897853,5,0.04787199944257736,0.05161599814891815,0.04888959974050522,0.04806400090456009,0.0014100921957265367,5,0.0360959991812706,0.037408001720905304,0.036550399661064145,0.03654399886727333,0.0004799582440116409,5,0.009247999638319016,0.010495999827980995,0.009644799865782261,0.00940799992531538,0.0004500979953027644,5,2048,32,4,1,1,9216,FLASHINFER,[512],[0],"[128, 128, 128, 128, 128, 128, 128, 128, 128, 128, 128, 128, 128, 128, 128, 128, 128, 128, 128, 128, 128, 128, 128, 128, 128, 128, 128, 128, 128, 128, 128, 128, 128, 128, 128, 128, 128, 128, 128, 128, 128, 128, 128, 128, 128, 128, 128, 128, 128, 128, 128, 128, 128, 128, 128, 128, 128, 128, 128, 128, 128, 128, 128, 128]",1,64,64,65,512,64,576,128,0.015384615384615385,true_mixed,True,False,True,65,0,0,False,0,0,BF16,CUDA_EVENT,generic,generic,none
0.009952000342309475,0.012703999876976013,0.01070720013231039,0.010432000271975994,0.0010245197116315967,5,0.01990400068461895,0.022272000089287758,0.020531200617551804,0.020160000771284103,0.0008874099834466501,5,0.047520000487565994,0.05241600051522255,0.04888320043683052,0.04800000041723251,0.001833418437536765,5,0.04089599847793579,0.04262400045990944,0.04185599982738495,0.04182400181889534,0.0006473187426493805,5,0.008576000109314919,0.00979200005531311,0.009388799965381622,0.009503999724984169,0.00042385198080259386,5,2048,32,4,1,1,9216,FLASHINFER,[512],[0],"[256, 256, 256, 256, 256, 256, 256, 256, 256, 256, 256, 256, 256, 256, 256, 256, 256, 256, 256, 256, 256, 256, 256, 256, 256, 256, 256, 256, 256, 256, 256, 256, 256, 256, 256, 256, 256, 256, 256, 256, 256, 256, 256, 256, 256, 256, 256, 256, 256, 256, 256, 256, 256, 256, 256, 256, 256, 256, 256, 256, 256, 256, 256, 256]",1,64,64,65,512,64,576,256,0.015384615384615385,true_mixed,True,False,True,65,0,0,False,0,0,BF16,CUDA_EVENT,generic,generic,none
0.010015999898314476,0.011807999573647976,0.010489599779248238,0.010143999941647053,0.0006670751672470371,5,0.020128000527620316,0.021695999428629875,0.02064640000462532,0.02038400061428547,0.0005613785064713533,5,0.048895999789237976,0.053119998425245285,0.050022400170564654,0.049536000937223434,0.0015752835437502358,5,0.05580800026655197,0.05756799876689911,0.056576000154018403,0.05615999922156334,0.0007674663606138883,5,0.0013760000001639128,0.001408000010997057,0.0013824000023305416,0.0013760000001639128,1.2800004333257675e-05,5,2048,32,4,1,1,9216,FLASHINFER,[512],[0],"[512, 512, 512, 512, 512, 512, 512, 512, 512, 512, 512, 512, 512, 512, 512, 512, 512, 512, 512, 512, 512, 512, 512, 512, 512, 512, 512, 512, 512, 512, 512, 512, 512, 512, 512, 512, 512, 512, 512, 512, 512, 512, 512, 512, 512, 512, 512, 512, 512, 512, 512, 512, 512, 512, 512, 512, 512, 512, 512, 512, 512, 512, 512, 512]",1,64,64,65,512,64,576,512,0.015384615384615385,true_mixed,True,False,True,65,0,0,False,0,0,BF16,CUDA_EVENT,generic,generic,none
0.001408000010997057,0.01244799979031086,0.0036159999668598174,0.001408000010997057,0.004415999911725521,5,0.020735999569296837,0.02876799926161766,0.02387839965522289,0.024064000695943832,0.0028358139228183625,5,0.04864000156521797,0.05798399820923805,0.05089279934763909,0.04873599857091904,0.00360386439440662,5,0.07519999891519547,0.07807999849319458,0.07626879960298538,0.07593599706888199,0.0009745243295039106,5,0.0013760000001639128,0.001408000010997057,0.0013952000066637994,0.001408000010997057,1.5676739660947454e-05,5,2048,32,4,1,1,9216,FLASHINFER,[512],[0],"[1024, 1024, 1024, 1024, 1024, 1024, 1024, 1024, 1024, 1024, 1024, 1024, 1024, 1024, 1024, 1024, 1024, 1024, 1024, 1024, 1024, 1024, 1024, 1024, 1024, 1024, 1024, 1024, 1024, 1024, 1024, 1024, 1024, 1024, 1024, 1024, 1024, 1024, 1024, 1024, 1024, 1024, 1024, 1024, 1024, 1024, 1024, 1024, 1024, 1024, 1024, 1024, 1024, 1024, 1024, 1024, 1024, 1024, 1024, 1024, 1024, 1024, 1024, 1024]",1,64,64,65,512,64,576,1024,0.015384615384615385,true_mixed,True,False,True,65,0,0,False,0,0,BF16,CUDA_EVENT,generic,generic,none
0.001408000010997057,0.01142400037497282,0.003430400090292096,0.001408000010997057,0.00399697307706068,5,0.010015999898314476,0.022816000506281853,0.012774400040507316,0.01027199998497963,0.005024322256108253,5,0.03145600110292435,0.05305600166320801,0.038060799986124036,0.03657599911093712,0.007885844659419867,5,0.11113599687814713,0.11302399635314941,0.11206399798393249,0.11212799698114395,0.0007645260561094604,5,0.0013760000001639128,0.001408000010997057,0.0014016000088304282,0.001408000010997057,1.2800004333257675e-05,5,2048,32,4,1,1,9216,FLASHINFER,[512],[0],"[2048, 2048, 2048, 2048, 2048, 2048, 2048, 2048, 2048, 2048, 2048, 2048, 2048, 2048, 2048, 2048, 2048, 2048, 2048, 2048, 2048, 2048, 2048, 2048, 2048, 2048, 2048, 2048, 2048, 2048, 2048, 2048, 2048, 2048, 2048, 2048, 2048, 2048, 2048, 2048, 2048, 2048, 2048, 2048, 2048, 2048, 2048, 2048, 2048, 2048, 2048, 2048, 2048, 2048, 2048, 2048, 2048, 2048, 2048, 2048, 2048, 2048, 2048, 2048]",1,64,64,65,512,64,576,2048,0.015384615384615385,true_mixed,True,False,True,65,0,0,False,0,0,BF16,CUDA_EVENT,generic,generic,none
0.0098879998549819,0.011744000017642975,0.010758399963378906,0.01065600011497736,0.0006066173959247052,5,0.020191999152302742,0.022336000576615334,0.020819199830293657,0.02051199972629547,0.0007803281009487237,5,0.07315199822187424,0.07798399776220322,0.07471359819173813,0.0740479975938797,0.0016893332593256832,5,0.01600000075995922,0.024768000468611717,0.018828799948096275,0.01756799966096878,0.0032592656712858905,5,0.008960000239312649,0.010015999898314476,0.009491200186312198,0.009312000125646591,0.0004189922505363889,5,2048,32,4,1,1,9216,FLASHINFER,[1024],[0],[128],1,1,1,2,1024,1,1025,128,0.5,true_mixed,True,False,True,2,0,0,False,0,0,BF16,CUDA_EVENT,generic,generic,none
0.009727999567985535,0.012959999963641167,0.010790399834513664,0.010495999827980995,0.0011259999983569925,5,0.019872000440955162,0.02160000056028366,0.02062080018222332,0.02035200037062168,0.0006144000682980793,5,0.07168000191450119,0.07664000242948532,0.07356799989938737,0.07305599749088287,0.0016495379712169376,5,0.015519999898970127,0.019200000911951065,0.016985600255429743,0.016127999871969223,0.0014404127906796106,5,0.008960000239312649,0.010304000228643417,0.009478400088846683,0.009344000369310379,0.00044909581670167796,5,2048,32,4,1,1,9216,FLASHINFER,[1024],[0],[256],1,1,1,2,1024,1,1025,256,0.5,true_mixed,True,False,True,2,0,0,False,0,0,BF16,CUDA_EVENT,generic,generic,none
0.009855999611318111,0.011680000461637974,0.010419199801981449,0.010239999741315842,0.0006534901485964053,5,0.02006400004029274,0.022304000332951546,0.020844800025224687,0.020576000213623047,0.0007873821594702176,5,0.07276800274848938,0.07574400305747986,0.07394560128450393,0.07366400212049484,0.0011035882530255683,5,0.015168000012636185,0.01942400075495243,0.01674240007996559,0.01603199914097786,0.0014827299261209615,5,0.008767999708652496,0.009727999567985535,0.009279999881982803,0.009472000412642956,0.00037754582347933086,5,2048,32,4,1,1,9216,FLASHINFER,[1024],[0],[512],1,1,1,2,1024,1,1025,512,0.5,true_mixed,True,False,True,2,0,0,False,0,0,BF16,CUDA_EVENT,generic,generic,none
0.009983999654650688,0.01152000017464161,0.01045759990811348,0.010367999784648418,0.0005544041592677661,5,0.019328000023961067,0.022207999601960182,0.02040959969162941,0.020191999152302742,0.0009568801552105816,5,0.07251200079917908,0.0767040029168129,0.07399040162563324,0.07382400333881378,0.0015295068335492413,5,0.015776000916957855,0.020735999569296837,0.01698560006916523,0.0161920003592968,0.0018813602658105937,5,0.00902399979531765,0.010048000141978264,0.009728000126779079,0.009824000298976898,0.00036373193340627014,5,2048,32,4,1,1,9216,FLASHINFER,[1024],[0],[1024],1,1,1,2,1024,1,1025,1024,0.5,true_mixed,True,False,True,2,0,0,False,0,0,BF16,CUDA_EVENT,generic,generic,none
0.010400000028312206,0.013248000293970108,0.011219199933111667,0.010847999714314938,0.0010285102348073821,5,0.020128000527620316,0.022336000576615334,0.02104320004582405,0.02067199908196926,0.0008583162240774168,5,0.07212799787521362,0.07561600208282471,0.07363200038671494,0.0735040009021759,0.001181316475691517,5,0.015552000142633915,0.022463999688625336,0.018092800118029117,0.0161920003592968,0.002775239279078211,5,0.009088000282645226,0.009920000098645687,0.009593600034713745,0.009696000255644321,0.0002807258158515576,5,2048,32,4,1,1,9216,FLASHINFER,[1024],[0],[2048],1,1,1,2,1024,1,1025,2048,0.5,true_mixed,True,False,True,2,0,0,False,0,0,BF16,CUDA_EVENT,generic,generic,none
0.009664000011980534,0.01283199992030859,0.010975999943912029,0.01056000031530857,0.0011792335558487603,5,0.020416000857949257,0.02175999991595745,0.0208127997815609,0.02070399932563305,0.00048766148048985685,5,0.07289600372314453,0.07625599950551987,0.07422720044851303,0.07372800260782242,0.0012797749721742042,5,0.015584000386297703,0.02035200037062168,0.01728640031069517,0.016448000445961952,0.0016921192134712198,5,0.009119999594986439,0.010304000228643417,0.009676799923181535,0.009535999968647957,0.00043623430483755274,5,2048,32,4,1,1,9216,FLASHINFER,[1024],[0],"[128, 128]",1,2,2,3,1024,2,1026,128,0.3333333333333333,true_mixed,True,False,True,3,0,0,False,0,0,BF16,CUDA_EVENT,generic,generic,none
0.010048000141978264,0.012223999947309494,0.010675200074911118,0.010432000271975994,0.0007873820444065268,5,0.01990400068461895,0.022207999601960182,0.020684800297021865,0.020576000213623047,0.0008112107093270641,5,0.07305599749088287,0.07779199630022049,0.07461119890213012,0.07398399710655212,0.0016488655084616523,5,0.015744000673294067,0.022207999601960182,0.01801599971950054,0.01679999940097332,0.0022783458923456693,5,0.009344000369310379,0.010143999941647053,0.009670399874448777,0.009727999567985535,0.000292865500721984,5,2048,32,4,1,1,9216,FLASHINFER,[1024],[0],"[256, 256]",1,2,2,3,1024,2,1026,256,0.3333333333333333,true_mixed,True,False,True,3,0,0,False,0,0,BF16,CUDA_EVENT,generic,generic,none
0.009824000298976898,0.012543999589979649,0.010598400048911572,0.010143999941647053,0.0009899123984916023,5,0.019648000597953796,0.0225600004196167,0.020608000084757806,0.020191999152302742,0.001027195189226812,5,0.07273600250482559,0.07737600058317184,0.07378560155630112,0.07283200323581696,0.0018019602607332386,5,0.014592000283300877,0.01894400082528591,0.016313600167632104,0.01539199985563755,0.001601842335765397,5,0.00902399979531765,0.009696000255644321,0.00927360001951456,0.009151999838650227,0.0002571177149314001,5,2048,32,4,1,1,9216,FLASHINFER,[1024],[0],"[512, 512]",1,2,2,3,1024,2,1026,512,0.3333333333333333,true_mixed,True,False,True,3,0,0,False,0,0,BF16,CUDA_EVENT,generic,generic,none
0.009824000298976898,0.013088000006973743,0.010585600137710571,0.009952000342309475,0.0012568139397897205,5,0.020191999152302742,0.023520000278949738,0.02104960009455681,0.02051199972629547,0.0012428860635975488,5,0.07315199822187424,0.07769600301980972,0.07467520087957383,0.07443200051784515,0.0016096490562927043,5,0.01500799972563982,0.022624000906944275,0.017017600126564503,0.01571200042963028,0.0028355254106208756,5,0.008704000152647495,0.009664000011980534,0.00923519991338253,0.009375999681651592,0.00033476338482631276,5,2048,32,4,1,1,9216,FLASHINFER,[1024],[0],"[1024, 1024]",1,2,2,3,1024,2,1026,1024,0.3333333333333333,true_mixed,True,False,True,3,0,0,False,0,0,BF16,CUDA_EVENT,generic,generic,none
0.0098879998549819,0.013311999849975109,0.01085439994931221,0.010400000028312206,0.0012438741741240917,5,0.019551999866962433,0.022592000663280487,0.020550400391221045,0.020255999639630318,0.001062747102075823,5,0.07289600372314453,0.07568000257015228,0.0735488012433052,0.07305599749088287,0.0010721866782718171,5,0.017823999747633934,0.019551999866962433,0.018438399955630302,0.018144000321626663,0.0006042494379202815,5,0.009088000282645226,0.010048000141978264,0.009350400045514106,0.009184000082314014,0.00035426185315450015,5,2048,32,4,1,1,9216,FLASHINFER,[1024],[0],"[2048, 2048]",1,2,2,3,1024,2,1026,2048,0.3333333333333333,true_mixed,True,False,True,3,0,0,False,0,0,BF16,CUDA_EVENT,generic,generic,none
0.009920000098645687,0.011136000044643879,0.010387200117111205,0.01017600018531084,0.0004413679640673115,5,0.019840000197291374,0.021056000143289566,0.020448000356554984,0.020576000213623047,0.0004230782245659962,5,0.07264000177383423,0.07599999755620956,0.07393280118703842,0.07382400333881378,0.001197431027159411,5,0.014240000396966934,0.022112000733613968,0.016825600154697896,0.015231999568641186,0.0029258153703109963,5,0.00902399979531765,0.010080000385642052,0.009446400031447411,0.00940799992531538,0.00035252348346737484,5,2048,32,4,1,1,9216,FLASHINFER,[1024],[0],"[128, 128, 128, 128]",1,4,4,5,1024,4,1028,128,0.2,true_mixed,True,False,True,5,0,0,False,0,0,BF16,CUDA_EVENT,generic,generic,none
0.009824000298976898,0.010975999757647514,0.010252800025045871,0.010111999697983265,0.00038908614579612037,5,0.019999999552965164,0.02191999927163124,0.020582399517297744,0.020191999152302742,0.0007116383904509309,5,0.07267200201749802,0.07571200281381607,0.07386879920959473,0.07391999661922455,0.00104392691442732,5,0.014879999682307243,0.019711999222636223,0.01640959978103638,0.01532800029963255,0.0018233146276645609,5,0.00886400043964386,0.009664000011980534,0.009215999953448772,0.009151999838650227,0.0002797025915521469,5,2048,32,4,1,1,9216,FLASHINFER,[1024],[0],"[256, 256, 256, 256]",1,4,4,5,1024,4,1028,256,0.2,true_mixed,True,False,True,5,0,0,False,0,0,BF16,CUDA_EVENT,generic,generic,none
0.0098879998549819,0.01142400037497282,0.010291200131177902,0.009983999654650688,0.0005765687600035238,5,0.01958400011062622,0.021407999098300934,0.020204799994826318,0.019967999309301376,0.0006628245856504122,5,0.07327999919652939,0.07552000135183334,0.07418880015611648,0.07401599735021591,0.0007410198747997853,5,0.015039999969303608,0.018112000077962875,0.016249600052833556,0.015776000916957855,0.0011545570075522586,5,0.009472000412642956,0.009759999811649323,0.009555199928581715,0.009503999724984169,0.00010438075657444509,5,2048,32,4,1,1,9216,FLASHINFER,[1024],[0],"[512, 512, 512, 512]",1,4,4,5,1024,4,1028,512,0.2,true_mixed,True,False,True,5,0,0,False,0,0,BF16,CUDA_EVENT,generic,generic,none
0.009824000298976898,0.012223999947309494,0.010662400163710117,0.010432000271975994,0.0008174480075988174,5,0.019936000928282738,0.022816000506281853,0.020742399990558623,0.020320000126957893,0.0010708102440935912,5,0.07353600114583969,0.07785599678754807,0.07472639977931976,0.07407999783754349,0.001597487645558095,5,0.018015999346971512,0.01913600042462349,0.018400000035762788,0.01833599992096424,0.00039400332277339886,5,0.00863999966531992,0.009600000455975533,0.009260799922049045,0.009247999638319016,0.00034500715176227515,5,2048,32,4,1,1,9216,FLASHINFER,[1024],[0],"[1024, 1024, 1024, 1024]",1,4,4,5,1024,4,1028,1024,0.2,true_mixed,True,False,True,5,0,0,False,0,0,BF16,CUDA_EVENT,generic,generic,none
0.009535999968647957,0.012703999876976013,0.01049600001424551,0.010143999941647053,0.0011290151006302194,5,0.019967999309301376,0.022336000576615334,0.020691199973225594,0.02035200037062168,0.000839742766412978,5,0.0729919970035553,0.07705599814653397,0.07438719868659974,0.07423999905586243,0.0014414358077270738,5,0.02131200022995472,0.022655999287962914,0.021804800257086754,0.02163200080394745,0.0004559743127273211,5,0.008704000152647495,0.009952000342309475,0.009542400203645229,0.009920000098645687,0.0005024713246856575,5,2048,32,4,1,1,9216,FLASHINFER,[1024],[0],"[2048, 2048, 2048, 2048]",1,4,4,5,1024,4,1028,2048,0.2,true_mixed,True,False,True,5,0,0,False,0,0,BF16,CUDA_EVENT,generic,generic,none
0.009855999611318111,0.012480000033974648,0.0106047997251153,0.010111999697983265,0.0009701016694650312,5,0.01958400011062622,0.022975999861955643,0.020921599864959717,0.020320000126957893,0.001180691420666089,5,0.07305599749088287,0.07782399654388428,0.07461759895086288,0.07388799637556076,0.001704779722914386,5,0.014816000126302242,0.021407999098300934,0.01662720013409853,0.015584000386297703,0.002440540334593115,5,0.009119999594986439,0.010400000028312206,0.009599999897181988,0.009279999881982803,0.0005242535229115104,5,2048,32,4,1,1,9216,FLASHINFER,[1024],[0],"[128, 128, 128, 128, 128, 128, 128, 128]",1,8,8,9,1024,8,1032,128,0.1111111111111111,true_mixed,True,False,True,9,0,0,False,0,0,BF16,CUDA_EVENT,generic,generic,none
0.010111999697983265,0.011359999887645245,0.010508799739181996,0.010367999784648418,0.0004617768046951245,5,0.020287999883294106,0.021856000646948814,0.020787199959158897,0.02051199972629547,0.0005629094053708987,5,0.07302399724721909,0.0761599987745285,0.07400319874286651,0.0735040009021759,0.0011686970848620636,5,0.015456000342965126,0.021568000316619873,0.016998399794101716,0.015807999297976494,0.00231494311651116,5,0.00940799992531538,0.009983999654650688,0.00963199995458126,0.009503999724984169,0.00021984710432100755,5,2048,32,4,1,1,9216,FLASHINFER,[1024],[0],"[256, 256, 256, 256, 256, 256, 256, 256]",1,8,8,9,1024,8,1032,256,0.1111111111111111,true_mixed,True,False,True,9,0,0,False,0,0,BF16,CUDA_EVENT,generic,generic,none
0.009983999654650688,0.012032000347971916,0.01055999994277954,0.01017600018531084,0.0007550917258954449,5,0.019872000440955162,0.021344000473618507,0.020499200001358985,0.020608000457286835,0.0005372190622411615,5,0.07334399968385696,0.07833600044250488,0.07477119863033295,0.07388799637556076,0.0018134271123023092,5,0.01833599992096424,0.020576000213623047,0.01902079991996288,0.01865600049495697,0.0008043657750333805,5,0.009151999838650227,0.009759999811649323,0.009516799822449684,0.009664000011980534,0.0002627900045511976,5,2048,32,4,1,1,9216,FLASHINFER,[1024],[0],"[512, 512, 512, 512, 512, 512, 512, 512]",1,8,8,9,1024,8,1032,512,0.1111111111111111,true_mixed,True,False,True,9,0,0,False,0,0,BF16,CUDA_EVENT,generic,generic,none
0.010495999827980995,0.01244799979031086,0.010950399935245514,0.010623999871313572,0.0007511211199337115,5,0.020320000126957893,0.02630399912595749,0.0219455998390913,0.0208320003002882,0.002238298459413054,5,0.07353600114583969,0.07782399654388428,0.07473919838666916,0.07388799637556076,0.0016226984316207174,5,0.02223999984562397,0.023455999791622162,0.02277119979262352,0.022816000506281853,0.0004291342878439711,5,0.009535999968647957,0.010495999827980995,0.009817600063979626,0.009696000255644321,0.0003513593070551726,5,2048,32,4,1,1,9216,FLASHINFER,[1024],[0],"[1024, 1024, 1024, 1024, 1024, 1024, 1024, 1024]",1,8,8,9,1024,8,1032,1024,0.1111111111111111,true_mixed,True,False,True,9,0,0,False,0,0,BF16,CUDA_EVENT,generic,generic,none
0.009855999611318111,0.012768000364303589,0.01066880002617836,0.010143999941647053,0.001072186441448095,5,0.02236800082027912,0.024480000138282776,0.023104000464081766,0.02284800074994564,0.0007246426343846013,5,0.07465600222349167,0.08079999685287476,0.0766975998878479,0.07568000257015228,0.002224438055793798,5,0.029983999207615852,0.03171199932694435,0.03079039976000786,0.031039999797940254,0.0006512294631124101,5,0.0014400000218302011,0.007807999849319458,0.0033535999711602925,0.0014400000218302011,0.0025488074644882163,5,2048,32,4,1,1,9216,FLASHINFER,[1024],[0],"[2048, 2048, 2048, 2048, 2048, 2048, 2048, 2048]",1,8,8,9,1024,8,1032,2048,0.1111111111111111,true_mixed,True,False,True,9,0,0,False,0,0,BF16,CUDA_EVENT,generic,generic,none
0.0098879998549819,0.012736000120639801,0.010739200003445148,0.010304000228643417,0.00104627777052321,5,0.020191999152302742,0.02304000034928322,0.020960000157356263,0.020576000213623047,0.0010522115463855834,5,0.07331199944019318,0.07596799731254578,0.07432319968938828,0.07436800003051758,0.0009224873695362169,5,0.015776000916957855,0.019680000841617584,0.016979200392961503,0.016672000288963318,0.001396403365447863,5,0.009151999838650227,0.009952000342309475,0.00963199995458126,0.009855999611318111,0.0003212773919816542,5,2048,32,4,1,1,9216,FLASHINFER,[1024],[0],"[128, 128, 128, 128, 128, 128, 128, 128, 128, 128, 128, 128, 128, 128, 128, 128]",1,16,16,17,1024,16,1040,128,0.058823529411764705,true_mixed,True,False,True,17,0,0,False,0,0,BF16,CUDA_EVENT,generic,generic,none
0.009920000098645687,0.01244799979031086,0.010809599980711937,0.010463999584317207,0.0008646870429466085,5,0.019967999309301376,0.022784000262618065,0.02078079991042614,0.020320000126957893,0.0010183043736723774,5,0.07283200323581696,0.077504001557827,0.07430399954319,0.07308799773454666,0.0017951976959236576,5,0.01852799952030182,0.02006400004029274,0.01897599995136261,0.018783999606966972,0.0005648703943339008,5,0.008704000152647495,0.009920000098645687,0.009280000068247318,0.00902399979531765,0.00048403635373690064,5,2048,32,4,1,1,9216,FLASHINFER,[1024],[0],"[256, 256, 256, 256, 256, 256, 256, 256, 256, 256, 256, 256, 256, 256, 256, 256]",1,16,16,17,1024,16,1040,256,0.058823529411764705,true_mixed,True,False,True,17,0,0,False,0,0,BF16,CUDA_EVENT,generic,generic,none
0.01027199998497963,0.011327999643981457,0.010681599751114846,0.010591999627649784,0.0003879265702079772,5,0.020447999238967896,0.022207999601960182,0.020902399718761445,0.020640000700950623,0.0006612163132920378,5,0.07398399710655212,0.07763200253248215,0.07498879879713058,0.07407999783754349,0.0014076528988859376,5,0.022336000576615334,0.024447999894618988,0.02297600023448467,0.022592000663280487,0.0007687993904854333,5,0.009119999594986439,0.01651199907064438,0.010911999829113483,0.009279999881982803,0.002840475103259354,5,2048,32,4,1,1,9216,FLASHINFER,[1024],[0],"[512, 512, 512, 512, 512, 512, 512, 512, 512, 512, 512, 512, 512, 512, 512, 512]",1,16,16,17,1024,16,1040,512,0.058823529411764705,true_mixed,True,False,True,17,0,0,False,0,0,BF16,CUDA_EVENT,generic,generic,none
0.009535999968647957,0.013024000450968742,0.010822400078177452,0.010528000071644783,0.0011667326387247829,5,0.022784000262618065,0.028063999488949776,0.02412160001695156,0.023072000592947006,0.002013448223718892,5,0.07433599978685379,0.07968000322580338,0.07616640031337737,0.07539200037717819,0.001975455870930176,5,0.029888000339269638,0.0326399989426136,0.03078400008380413,0.030527999624609947,0.0009687066308370645,5,0.0014400000218302011,0.007903999648988247,0.0035967999370768665,0.0016959999920800328,0.0026497544648710534,5,2048,32,4,1,1,9216,FLASHINFER,[1024],[0],"[1024, 1024, 1024, 1024, 1024, 1024, 1024, 1024, 1024, 1024, 1024, 1024, 1024, 1024, 1024, 1024]",1,16,16,17,1024,16,1040,1024,0.058823529411764705,true_mixed,True,False,True,17,0,0,False,0,0,BF16,CUDA_EVENT,generic,generic,none
0.007615999784320593,0.010975999757647514,0.009651199821382761,0.010111999697983265,0.0011634276810380192,5,0.022016000002622604,0.023072000592947006,0.022624000161886215,0.022655999287962914,0.00035518580622402867,5,0.07443200051784515,0.07779199630022049,0.07579519897699356,0.07596799731254578,0.0012069708894655682,5,0.04214400053024292,0.044224001467227936,0.04321920052170754,0.04310400038957596,0.0007248130324538294,5,0.0013760000001639128,0.0018560000462457538,0.0014912000158801674,0.001408000010997057,0.00018282058320298996,5,2048,32,4,1,1,9216,FLASHINFER,[1024],[0],"[2048, 2048, 2048, 2048, 2048, 2048, 2048, 2048, 2048, 2048, 2048, 2048, 2048, 2048, 2048, 2048]",1,16,16,17,1024,16,1040,2048,0.058823529411764705,true_mixed,True,False,True,17,0,0,False,0,0,BF16,CUDA_EVENT,generic,generic,none
0.009952000342309475,0.012319999746978283,0.010585599951446057,0.010111999697983265,0.0008901292358080257,5,0.02035200037062168,0.022175999358296394,0.020838399603962898,0.020479999482631683,0.0006783394497953887,5,0.07260800153017044,0.07651200145483017,0.0742912009358406,0.07372800260782242,0.0014456919989605916,5,0.019680000841617584,0.020767999812960625,0.020230399817228316,0.020191999152302742,0.0003728511660099103,5,0.009119999594986439,0.010623999871313572,0.009465599805116654,0.009184000082314014,0.0005807449343812997,5,2048,32,4,1,1,9216,FLASHINFER,[1024],[0],"[128, 128, 128, 128, 128, 128, 128, 128, 128, 128, 128, 128, 128, 128, 128, 128, 128, 128, 128, 128, 128, 128, 128, 128, 128, 128, 128, 128, 128, 128, 128, 128]",1,32,32,33,1024,32,1056,128,0.030303030303030304,true_mixed,True,False,True,33,0,0,False,0,0,BF16,CUDA_EVENT,generic,generic,none
0.010111999697983265,0.01228800043463707,0.010739200003445148,0.010463999584317207,0.0007954045923780866,5,0.02006400004029274,0.022336000576615334,0.02083839997649193,0.020608000457286835,0.0007821106489977307,5,0.07363200187683105,0.07804799824953079,0.07473279982805252,0.07401599735021591,0.0016714408485059467,5,0.023360000923275948,0.024159999564290047,0.023775999993085863,0.023840000852942467,0.0002707733906889083,5,0.008191999979317188,0.009824000298976898,0.009030399844050407,0.009119999594986439,0.0006056037926016513,5,2048,32,4,1,1,9216,FLASHINFER,[1024],[0],"[256, 256, 256, 256, 256, 256, 256, 256, 256, 256, 256, 256, 256, 256, 256, 256, 256, 256, 256, 256, 256, 256, 256, 256, 256, 256, 256, 256, 256, 256, 256, 256]",1,32,32,33,1024,32,1056,256,0.030303030303030304,true_mixed,True,False,True,33,0,0,False,0,0,BF16,CUDA_EVENT,generic,generic,none
0.010208000428974628,0.01283199992030859,0.01082880012691021,0.010304000228643417,0.0010114428655990364,5,0.02284800074994564,0.023840000852942467,0.023225600272417067,0.022975999861955643,0.00038686952060695937,5,0.07491199672222137,0.07865600287914276,0.07610239833593369,0.07599999755620956,0.0013689740919477966,5,0.03142400085926056,0.03296000137925148,0.03224320039153099,0.0323840007185936,0.000599554254025384,5,0.001408000010997057,0.004383999854326248,0.0023103999672457578,0.0017920000245794654,0.0011124591210169411,5,2048,32,4,1,1,9216,FLASHINFER,[1024],[0],"[512, 512, 512, 512, 512, 512, 512, 512, 512, 512, 512, 512, 512, 512, 512, 512, 512, 512, 512, 512, 512, 512, 512, 512, 512, 512, 512, 512, 512, 512, 512, 512]",1,32,32,33,1024,32,1056,512,0.030303030303030304,true_mixed,True,False,True,33,0,0,False,0,0,BF16,CUDA_EVENT,generic,generic,none
0.006399999838322401,0.012736000120639801,0.008659200090914965,0.006783999968320131,0.002578461534454852,5,0.022143999114632607,0.022911999374628067,0.022572799772024154,0.02252800017595291,0.00027273336183360333,5,0.07369600236415863,0.07932800054550171,0.07580160051584243,0.07580800354480743,0.001955343756156055,5,0.043327998369932175,0.045152001082897186,0.04428160041570663,0.044576000422239304,0.0006932718347361218,5,0.001408000010997057,0.0014400000218302011,0.0014208000153303145,0.001408000010997057,1.5676739660947454e-05,5,2048,32,4,1,1,9216,FLASHINFER,[1024],[0],"[1024, 1024, 1024, 1024, 1024, 1024, 1024, 1024, 1024, 1024, 1024, 1024, 1024, 1024, 1024, 1024, 1024, 1024, 1024, 1024, 1024, 1024, 1024, 1024, 1024, 1024, 1024, 1024, 1024, 1024, 1024, 1024]",1,32,32,33,1024,32,1056,1024,0.030303030303030304,true_mixed,True,False,True,33,0,0,False,0,0,BF16,CUDA_EVENT,generic,generic,none
0.001408000010997057,0.01283199992030859,0.00371199999935925,0.0014400000218302011,0.004560016802560379,5,0.01651199907064438,0.023615999147295952,0.019366399571299552,0.018719999119639397,0.002481137319192269,5,0.07369600236415863,0.07823999971151352,0.07495680004358292,0.07388799637556076,0.0017172520065560145,5,0.06249599903821945,0.0644799992442131,0.06342400014400482,0.06326399743556976,0.0007155420033692456,5,0.0013760000001639128,0.0019199999514967203,0.0015039999969303608,0.001408000010997057,0.00020836888120302776,5,2048,32,4,1,1,9216,FLASHINFER,[1024],[0],"[2048, 2048, 2048, 2048, 2048, 2048, 2048, 2048, 2048, 2048, 2048, 2048, 2048, 2048, 2048, 2048, 2048, 2048, 2048, 2048, 2048, 2048, 2048, 2048, 2048, 2048, 2048, 2048, 2048, 2048, 2048, 2048]",1,32,32,33,1024,32,1056,2048,0.030303030303030304,true_mixed,True,False,True,33,0,0,False,0,0,BF16,CUDA_EVENT,generic,generic,none
0.009696000255644321,0.01152000017464161,0.010476800054311753,0.010239999741315842,0.0006140665268552583,5,0.020255999639630318,0.022911999374628067,0.02118400000035763,0.020864000543951988,0.0009084842579076946,5,0.07315199822187424,0.07622399926185608,0.07409919947385787,0.07344000041484833,0.0011377968941149418,5,0.019328000023961067,0.020096000283956528,0.01966719999909401,0.01961600035429001,0.00024918944717923307,5,0.009568000212311745,0.010304000228643417,0.009766400046646594,0.009631999768316746,0.00027408148616758093,5,2048,32,4,1,1,9216,FLASHINFER,[1024],[0],"[128, 128, 128, 128, 128, 128, 128, 128, 128, 128, 128, 128, 128, 128, 128, 128, 128, 128, 128, 128, 128, 128, 128, 128, 128, 128, 128, 128, 128, 128, 128, 128, 128, 128, 128, 128, 128, 128, 128, 128, 128, 128, 128, 128, 128, 128, 128, 128, 128, 128, 128, 128, 128, 128, 128, 128, 128, 128, 128, 128, 128, 128, 128, 128]",1,64,64,65,1024,64,1088,128,0.015384615384615385,true_mixed,True,False,True,65,0,0,False,0,0,BF16,CUDA_EVENT,generic,generic,none
0.009759999811649323,0.013632000423967838,0.010899200104176998,0.010528000071644783,0.0013975761301836134,5,0.023871999233961105,0.0306560005992651,0.025491199642419814,0.024159999564290047,0.002606977449879151,5,0.07436800003051758,0.08073599636554718,0.07645439952611924,0.07558400183916092,0.0023746830668363987,5,0.02783999964594841,0.028960000723600388,0.02823680005967617,0.028192000463604927,0.0004055805951902147,5,0.0013760000001639128,0.008383999578654766,0.0028543999185785653,0.001408000010997057,0.0027672431947517256,5,2048,32,4,1,1,9216,FLASHINFER,[1024],[0],"[256, 256, 256, 256, 256, 256, 256, 256, 256, 256, 256, 256, 256, 256, 256, 256, 256, 256, 256, 256, 256, 256, 256, 256, 256, 256, 256, 256, 256, 256, 256, 256, 256, 256, 256, 256, 256, 256, 256, 256, 256, 256, 256, 256, 256, 256, 256, 256, 256, 256, 256, 256, 256, 256, 256, 256, 256, 256, 256, 256, 256, 256, 256, 256]",1,64,64,65,1024,64,1088,256,0.015384615384615385,true_mixed,True,False,True,65,0,0,False,0,0,BF16,CUDA_EVENT,generic,generic,none
0.008031999692320824,0.012640000320971012,0.009804799780249595,0.009727999567985535,0.0015504126092397777,5,0.023391999304294586,0.024383999407291412,0.023769599944353105,0.023711999878287315,0.0003382930180924202,5,0.07344000041484833,0.07827199995517731,0.07509759962558746,0.07430399954319,0.0017177059478776608,5,0.038975998759269714,0.04022400081157684,0.03950719982385635,0.039455998688936234,0.00047489645048476287,5,0.0013760000001639128,0.0018240000354126096,0.0015424000099301337,0.001408000010997057,0.0001934875799428194,5,2048,32,4,1,1,9216,FLASHINFER,[1024],[0],"[512, 512, 512, 512, 512, 512, 512, 512, 512, 512, 512, 512, 512, 512, 512, 512, 512, 512, 512, 512, 512, 512, 512, 512, 512, 512, 512, 512, 512, 512, 512, 512, 512, 512, 512, 512, 512, 512, 512, 512, 512, 512, 512, 512, 512, 512, 512, 512, 512, 512, 512, 512, 512, 512, 512, 512, 512, 512, 512, 512, 512, 512, 512, 512]",1,64,64,65,1024,64,1088,512,0.015384615384615385,true_mixed,True,False,True,65,0,0,False,0,0,BF16,CUDA_EVENT,generic,generic,none
0.001408000010997057,0.012160000391304493,0.003628800087608397,0.0014400000218302011,0.004267298238283005,5,0.022143999114632607,0.02502400055527687,0.023545599728822707,0.024032000452280045,0.0010989384698277354,5,0.07382400333881378,0.0814720019698143,0.07591680139303207,0.07459200173616409,0.0028518162972590816,5,0.05820799991488457,0.06163199990987778,0.059327999502420424,0.059007998555898666,0.001263736720138908,5,0.0013760000001639128,0.0014400000218302011,0.0013888000044971704,0.0013760000001639128,2.560000866651535e-05,5,2048,32,4,1,1,9216,FLASHINFER,[1024],[0],"[1024, 1024, 1024, 1024, 1024, 1024, 1024, 1024, 1024, 1024, 1024, 1024, 1024, 1024, 1024, 1024, 1024, 1024, 1024, 1024, 1024, 1024, 1024, 1024, 1024, 1024, 1024, 1024, 1024, 1024, 1024, 1024, 1024, 1024, 1024, 1024, 1024, 1024, 1024, 1024, 1024, 1024, 1024, 1024, 1024, 1024, 1024, 1024, 1024, 1024, 1024, 1024, 1024, 1024, 1024, 1024, 1024, 1024, 1024, 1024, 1024, 1024, 1024, 1024]",1,64,64,65,1024,64,1088,1024,0.015384615384615385,true_mixed,True,False,True,65,0,0,False,0,0,BF16,CUDA_EVENT,generic,generic,none
0.0013760000001639128,0.011231999844312668,0.0033663999754935505,0.001408000010997057,0.003932819462446227,5,0.013663999736309052,0.024032000452280045,0.015904000028967857,0.01375999953597784,0.0040721809699267395,5,0.04992000013589859,0.07788799703121185,0.05619199872016907,0.050303999334573746,0.010890309523262899,5,0.09446399658918381,0.09564799815416336,0.09513599872589111,0.09536000341176987,0.00046062290027974224,5,0.0013760000001639128,0.001408000010997057,0.0013952000066637994,0.001408000010997057,1.5676739660947454e-05,5,2048,32,4,1,1,9216,FLASHINFER,[1024],[0],"[2048, 2048, 2048, 2048, 2048, 2048, 2048, 2048, 2048, 2048, 2048, 2048, 2048, 2048, 2048, 2048, 2048, 2048, 2048, 2048, 2048, 2048, 2048, 2048, 2048, 2048, 2048, 2048, 2048, 2048, 2048, 2048, 2048, 2048, 2048, 2048, 2048, 2048, 2048, 2048, 2048, 2048, 2048, 2048, 2048, 2048, 2048, 2048, 2048, 2048, 2048, 2048, 2048, 2048, 2048, 2048, 2048, 2048, 2048, 2048, 2048, 2048, 2048, 2048]",1,64,64,65,1024,64,1088,2048,0.015384615384615385,true_mixed,True,False,True,65,0,0,False,0,0,BF16,CUDA_EVENT,generic,generic,none
0.010208000428974628,0.011487999930977821,0.01065600011497736,0.010463999584317207,0.00044294278671546425,5,0.019007999449968338,0.021247999742627144,0.020019200071692465,0.019936000928282738,0.000757420556414428,5,0.043487999588251114,0.057760000228881836,0.04678400009870529,0.04416000097990036,0.0054964413890863885,5,0.03683200106024742,0.040352001786231995,0.03797760009765625,0.03759999945759773,0.0012469991276072073,5,0.009312000125646591,0.010367999784648418,0.009638399817049503,0.009503999724984169,0.00038100158731849094,5,2048,32,4,1,1,9216,FLASHINFER,"[64, 64]","[0, 0]",[128],2,1,1,3,128,1,129,128,0.6666666666666666,true_mixed,True,False,True,3,0,0,False,0,0,BF16,CUDA_EVENT,generic,generic,none
0.010015999898314476,0.011776000261306763,0.010694400034844875,0.010432000271975994,0.0006255652862314534,5,0.019872000440955162,0.021888000890612602,0.020396800711750984,0.01990400068461895,0.0007726791930369282,5,0.042847998440265656,0.04790399968624115,0.044838400185108186,0.044704001396894455,0.001753226608729382,5,0.03596799820661545,0.03868800029158592,0.03691519945859909,0.03657599911093712,0.0009936715262405665,5,0.008799999952316284,0.010143999941647053,0.009452799893915653,0.009503999724984169,0.00045642367501166637,5,2048,32,4,1,1,9216,FLASHINFER,"[64, 64]","[0, 0]",[256],2,1,1,3,128,1,129,256,0.6666666666666666,true_mixed,True,False,True,3,0,0,False,0,0,BF16,CUDA_EVENT,generic,generic,none
0.009759999811649323,0.010944000445306301,0.010240000113844872,0.010048000141978264,0.000465487358734608,5,0.01961600035429001,0.02143999934196472,0.02027519978582859,0.019999999552965164,0.0006615876841985342,5,0.04339199885725975,0.04902400076389313,0.04535679966211319,0.04435199871659279,0.002086007557449995,5,0.03625600039958954,0.03951999917626381,0.03731199949979782,0.037151999771595,0.0011605018190765282,5,0.009088000282645226,0.010879999957978725,0.009747199900448322,0.009535999968647957,0.0006430646224051486,5,2048,32,4,1,1,9216,FLASHINFER,"[64, 64]","[0, 0]",[512],2,1,1,3,128,1,129,512,0.6666666666666666,true_mixed,True,False,True,3,0,0,False,0,0,BF16,CUDA_EVENT,generic,generic,none
0.009920000098645687,0.01142400037497282,0.010579200088977813,0.010495999827980995,0.0005588926112891378,5,0.019328000023961067,0.020800000056624413,0.020147199928760528,0.02022399939596653,0.0004813208785322597,5,0.04224000126123428,0.04835199937224388,0.044595200568437576,0.04416000097990036,0.0020370299823660055,5,0.035551998764276505,0.03859199956059456,0.03707519918680191,0.036959998309612274,0.0009824782766730265,5,0.008799999952316284,0.010143999941647053,0.009599999897181988,0.009664000011980534,0.00043829485629593963,5,2048,32,4,1,1,9216,FLASHINFER,"[64, 64]","[0, 0]",[1024],2,1,1,3,128,1,129,1024,0.6666666666666666,true_mixed,True,False,True,3,0,0,False,0,0,BF16,CUDA_EVENT,generic,generic,none
0.009696000255644321,0.012480000033974648,0.010579200088977813,0.01017600018531084,0.000975994699748233,5,0.019231999292969704,0.021824000403285027,0.019987199828028678,0.01961600035429001,0.000933742544598244,5,0.04275200143456459,0.04831999912858009,0.04442239999771118,0.043616000562906265,0.0019903274455905407,5,0.03577600046992302,0.03852799907326698,0.03690880015492439,0.03680000081658363,0.0008977350423655671,5,0.008927999995648861,0.010208000428974628,0.009427200071513653,0.009151999838650227,0.00046531146327582573,5,2048,32,4,1,1,9216,FLASHINFER,"[64, 64]","[0, 0]",[2048],2,1,1,3,128,1,129,2048,0.6666666666666666,true_mixed,True,False,True,3,0,0,False,0,0,BF16,CUDA_EVENT,generic,generic,none
0.009855999611318111,0.012896000407636166,0.010790399834513664,0.01033599954098463,0.0010790030790949132,5,0.019328000023961067,0.027168000116944313,0.021561600267887115,0.019840000197291374,0.002984445655530603,5,0.04249599948525429,0.048767998814582825,0.04442879930138588,0.04383999854326248,0.002298089915063985,5,0.03548799827694893,0.03923200070858002,0.036953599005937574,0.036959998309612274,0.001407477161961931,5,0.008767999708652496,0.009983999654650688,0.009356799721717834,0.009184000082314014,0.0004390418095179496,5,2048,32,4,1,1,9216,FLASHINFER,"[64, 64]","[0, 0]","[128, 128]",2,2,2,4,128,2,130,128,0.5,true_mixed,True,False,True,4,0,0,False,0,0,BF16,CUDA_EVENT,generic,generic,none
0.009952000342309475,0.013088000006973743,0.010816000029444694,0.01027199998497963,0.0011664866310089536,5,0.019231999292969704,0.02163200080394745,0.019839999824762346,0.01929599978029728,0.0009216894100347768,5,0.04249599948525429,0.047807998955249786,0.04424959942698479,0.043487999588251114,0.0018969710353748072,5,0.03587200120091438,0.03807999938726425,0.03676160052418709,0.036448001861572266,0.0007535702503290681,5,0.009056000038981438,0.010400000028312206,0.009484799951314926,0.009375999681651592,0.0004787611053372688,5,2048,32,4,1,1,9216,FLASHINFER,"[64, 64]","[0, 0]","[256, 256]",2,2,2,4,128,2,130,256,0.5,true_mixed,True,False,True,4,0,0,False,0,0,BF16,CUDA_EVENT,generic,generic,none
0.00979200005531311,0.010688000358641148,0.010252800025045871,0.010239999741315842,0.0002950949300953581,5,0.019551999866962433,0.021663999184966087,0.02014079988002777,0.0197759997099638,0.0007808521101751555,5,0.04278400167822838,0.04745600000023842,0.04439680054783821,0.04358400031924248,0.0017020385749402236,5,0.03590400144457817,0.03884800150990486,0.03708160072565079,0.036768000572919846,0.0010016361824910292,5,0.00886400043964386,0.009759999811649323,0.00930559989064932,0.009247999638319016,0.0003554160862960319,5,2048,32,4,1,1,9216,FLASHINFER,"[64, 64]","[0, 0]","[512, 512]",2,2,2,4,128,2,130,512,0.5,true_mixed,True,False,True,4,0,0,False,0,0,BF16,CUDA_EVENT,generic,generic,none
0.009983999654650688,0.012768000364303589,0.010707199946045876,0.010367999784648418,0.0010425521479554055,5,0.019039999693632126,0.021888000890612602,0.019987199828028678,0.019711999222636223,0.0009889196179529533,5,0.04291199892759323,0.04950400069355965,0.04478079974651337,0.043168000876903534,0.002517210646989904,5,0.03612799942493439,0.03936000168323517,0.037068800628185274,0.036639999598264694,0.0011788174100272044,5,0.008991999551653862,0.01027199998497963,0.009472000040113926,0.009312000125646591,0.0004406250651146326,5,2048,32,4,1,1,9216,FLASHINFER,"[64, 64]","[0, 0]","[1024, 1024]",2,2,2,4,128,2,130,1024,0.5,true_mixed,True,False,True,4,0,0,False,0,0,BF16,CUDA_EVENT,generic,generic,none
0.010080000385642052,0.011455999687314034,0.010592000000178814,0.010367999784648418,0.0004965673214091105,5,0.01961600035429001,0.020959999412298203,0.020128000155091287,0.01990400068461895,0.000525813192744815,5,0.04278400167822838,0.04742399975657463,0.044287999719381334,0.043807998299598694,0.0016271613023405146,5,0.036479998379945755,0.038975998759269714,0.03762559965252876,0.03718400001525879,0.0008928862208385667,5,0.008927999995648861,0.009824000298976898,0.009408000111579894,0.009312000125646591,0.0003386561592611476,5,2048,32,4,1,1,9216,FLASHINFER,"[64, 64]","[0, 0]","[2048, 2048]",2,2,2,4,128,2,130,2048,0.5,true_mixed,True,False,True,4,0,0,False,0,0,BF16,CUDA_EVENT,generic,generic,none
0.009855999611318111,0.012480000033974648,0.01068159993737936,0.010239999741315842,0.0009315024209267202,5,0.01945599913597107,0.02163200080394745,0.01993599981069565,0.019519999623298645,0.0008500207612285058,5,0.042847998440265656,0.04726399853825569,0.044620799273252486,0.044064000248909,0.0015589745828093367,5,0.03619199991226196,0.03814399987459183,0.036959999799728395,0.03667199984192848,0.0006764047226650069,5,0.008832000195980072,0.009824000298976898,0.009254400059580803,0.009151999838650227,0.0003548396322142514,5,2048,32,4,1,1,9216,FLASHINFER,"[64, 64]","[0, 0]","[128, 128, 128, 128]",2,4,4,6,128,4,132,128,0.3333333333333333,true_mixed,True,False,True,6,0,0,False,0,0,BF16,CUDA_EVENT,generic,generic,none
0.010143999941647053,0.012959999963641167,0.010822399891912938,0.01027199998497963,0.0010736751328742217,5,0.019360000267624855,0.02239999920129776,0.0204415999352932,0.02035200037062168,0.001062360999612642,5,0.04355200007557869,0.04825599864125252,0.04470399916172028,0.04383999854326248,0.0017980465894535125,5,0.036031998693943024,0.039135999977588654,0.03706879988312721,0.036639999598264694,0.0011359958864439353,5,0.008736000396311283,0.010015999898314476,0.009388800151646138,0.00940799992531538,0.0004060847538057192,5,2048,32,4,1,1,9216,FLASHINFER,"[64, 64]","[0, 0]","[256, 256, 256, 256]",2,4,4,6,128,4,132,256,0.3333333333333333,true_mixed,True,False,True,6,0,0,False,0,0,BF16,CUDA_EVENT,generic,generic,none
0.009983999654650688,0.01158399973064661,0.010598399862647056,0.010528000071644783,0.0005628362302017906,5,0.019231999292969704,0.02099199965596199,0.019788799807429314,0.019519999623298645,0.0006305217766948245,5,0.04230400174856186,0.04912000149488449,0.04429440051317215,0.04265600070357323,0.0025895417807117924,5,0.03577600046992302,0.03888000175356865,0.03691520020365715,0.03680000081658363,0.0011067752907642995,5,0.008991999551653862,0.009920000098645687,0.009382399916648864,0.009247999638319016,0.0003196159054978365,5,2048,32,4,1,1,9216,FLASHINFER,"[64, 64]","[0, 0]","[512, 512, 512, 512]",2,4,4,6,128,4,132,512,0.3333333333333333,true_mixed,True,False,True,6,0,0,False,0,0,BF16,CUDA_EVENT,generic,generic,none
0.010143999941647053,0.01283199992030859,0.010828799754381179,0.010367999784648418,0.001006978601043776,5,0.019551999866962433,0.023296000435948372,0.02091519981622696,0.01974399946630001,0.001604678025169398,5,0.042399998754262924,0.04902400076389313,0.04456959962844849,0.043487999588251114,0.0024734494232262457,5,0.03673600032925606,0.040511999279260635,0.037913599610328676,0.03753599897027016,0.0013563470405548146,5,0.009631999768316746,0.009920000098645687,0.009759999997913837,0.009759999811649323,9.706086924736061e-05,5,2048,32,4,1,1,9216,FLASHINFER,"[64, 64]","[0, 0]","[1024, 1024, 1024, 1024]",2,4,4,6,128,4,132,1024,0.3333333333333333,true_mixed,True,False,True,6,0,0,False,0,0,BF16,CUDA_EVENT,generic,generic,none
0.009920000098645687,0.012480000033974648,0.010579200088977813,0.010080000385642052,0.0009597012297917569,5,0.01897599920630455,0.021663999184966087,0.020095999538898467,0.02006400004029274,0.0008789229560991346,5,0.04198399931192398,0.04960000142455101,0.04416640028357506,0.04291199892759323,0.002775520650069407,5,0.037728000432252884,0.04102399945259094,0.03893119990825653,0.038495998829603195,0.0011265814256758069,5,0.008895999751985073,0.0098879998549819,0.009318399801850319,0.009184000082314014,0.0004164428118743999,5,2048,32,4,1,1,9216,FLASHINFER,"[64, 64]","[0, 0]","[2048, 2048, 2048, 2048]",2,4,4,6,128,4,132,2048,0.3333333333333333,true_mixed,True,False,True,6,0,0,False,0,0,BF16,CUDA_EVENT,generic,generic,none
0.009983999654650688,0.01228800043463707,0.010771200060844421,0.01065600011497736,0.0008066541001243553,5,0.01929599978029728,0.02223999984562397,0.020230400189757348,0.01961600035429001,0.00106678604303939,5,0.04265600070357323,0.05145600065588951,0.045561599731445315,0.044863998889923096,0.003119788700210359,5,0.03667199984192848,0.04012800008058548,0.037728000432252884,0.03728000074625015,0.0012235553799885021,5,0.008927999995648861,0.010400000028312206,0.009491200000047684,0.009216000325977802,0.0005379808567043843,5,2048,32,4,1,1,9216,FLASHINFER,"[64, 64]","[0, 0]","[128, 128, 128, 128, 128, 128, 128, 128]",2,8,8,10,128,8,136,128,0.2,true_mixed,True,False,True,10,0,0,False,0,0,BF16,CUDA_EVENT,generic,generic,none
0.009952000342309475,0.012543999589979649,0.010783999972045422,0.010528000071644783,0.000919686660468659,5,0.019360000267624855,0.021856000646948814,0.02008960023522377,0.01974399946630001,0.0008976900174688658,5,0.041760001331567764,0.04806400090456009,0.04423680007457733,0.043807998299598694,0.002080305356788529,5,0.036159999668598175,0.039264000952243805,0.037299200892448425,0.03686400130391121,0.001128761286592167,5,0.009088000282645226,0.009727999567985535,0.009376000054180622,0.009279999881982803,0.0002462128056728186,5,2048,32,4,1,1,9216,FLASHINFER,"[64, 64]","[0, 0]","[256, 256, 256, 256, 256, 256, 256, 256]",2,8,8,10,128,8,136,256,0.2,true_mixed,True,False,True,10,0,0,False,0,0,BF16,CUDA_EVENT,generic,generic,none
0.010367999784648418,0.01196799986064434,0.010841599851846694,0.010528000071644783,0.00058914774985593,5,0.019807999953627586,0.0226879995316267,0.020614399760961532,0.019967999309301376,0.0010799511896412563,5,0.043776001781225204,0.05036799982190132,0.04558079987764359,0.044704001396894455,0.0024197246862802985,5,0.036479998379945755,0.03984000161290169,0.0377408005297184,0.037408001720905304,0.0011298501020487657,5,0.009344000369310379,0.01033599954098463,0.009811200015246869,0.009535999968647957,0.0004214290528659673,5,2048,32,4,1,1,9216,FLASHINFER,"[64, 64]","[0, 0]","[512, 512, 512, 512, 512, 512, 512, 512]",2,8,8,10,128,8,136,512,0.2,true_mixed,True,False,True,10,0,0,False,0,0,BF16,CUDA_EVENT,generic,generic,none
0.010015999898314476,0.012512000277638435,0.010687999986112117,0.010367999784648418,0.0009336107755434843,5,0.019328000023961067,0.02271999977529049,0.02024959996342659,0.01974399946630001,0.001270589344578802,5,0.04198399931192398,0.04992000013589859,0.04437120035290718,0.04323200136423111,0.0028250472651277143,5,0.0382080003619194,0.04012800008058548,0.03916159942746163,0.03891199827194214,0.0007475680034761004,5,0.008960000239312649,0.009983999654650688,0.009382399916648864,0.009312000125646591,0.0003358626677705137,5,2048,32,4,1,1,9216,FLASHINFER,"[64, 64]","[0, 0]","[1024, 1024, 1024, 1024, 1024, 1024, 1024, 1024]",2,8,8,10,128,8,136,1024,0.2,true_mixed,True,False,True,10,0,0,False,0,0,BF16,CUDA_EVENT,generic,generic,none
0.009824000298976898,0.012959999963641167,0.01084160003811121,0.010528000071644783,0.0011181515249318425,5,0.019007999449968338,0.022943999618291855,0.020313600078225136,0.019936000928282738,0.0013910837083601867,5,0.04307200014591217,0.05299200117588043,0.04681600034236908,0.04505600035190582,0.003903055411570501,5,0.04121600091457367,0.04265600070357323,0.04200320020318031,0.042080000042915344,0.000567619039760831,5,0.008991999551653862,0.010048000141978264,0.009523199871182442,0.009503999724984169,0.0003805716265929662,5,2048,32,4,1,1,9216,FLASHINFER,"[64, 64]","[0, 0]","[2048, 2048, 2048, 2048, 2048, 2048, 2048, 2048]",2,8,8,10,128,8,136,2048,0.2,true_mixed,True,False,True,10,0,0,False,0,0,BF16,CUDA_EVENT,generic,generic,none
0.009759999811649323,0.012927999719977379,0.010847999900579452,0.010463999584317207,0.0010847952271344872,5,0.01929599978029728,0.021727999672293663,0.01998079977929592,0.019487999379634857,0.0008991032633588028,5,0.04188799858093262,0.046879999339580536,0.04398079961538315,0.044064000248909,0.0017447016902895263,5,0.036448001861572266,0.03836800158023834,0.03728640079498291,0.03683200106024742,0.0008040600521853775,5,0.008736000396311283,0.009824000298976898,0.009350400231778622,0.009279999881982803,0.0004242384111980666,5,2048,32,4,1,1,9216,FLASHINFER,"[64, 64]","[0, 0]","[128, 128, 128, 128, 128, 128, 128, 128, 128, 128, 128, 128, 128, 128, 128, 128]",2,16,16,18,128,16,144,128,0.1111111111111111,true_mixed,True,False,True,18,0,0,False,0,0,BF16,CUDA_EVENT,generic,generic,none
0.010111999697983265,0.011807999573647976,0.010803199931979179,0.010400000028312206,0.0006411509404054503,5,0.01942400075495243,0.022207999601960182,0.020364800095558168,0.01990400068461895,0.0010443181908175727,5,0.04291199892759323,0.04979199916124344,0.04531839936971664,0.044576000422239304,0.0025397113316679458,5,0.037376001477241516,0.0398080013692379,0.03802880123257637,0.037408001720905304,0.0009354951032865885,5,0.00902399979531765,0.010143999941647053,0.009676799923181535,0.009664000011980534,0.0003875040010167916,5,2048,32,4,1,1,9216,FLASHINFER,"[64, 64]","[0, 0]","[256, 256, 256, 256, 256, 256, 256, 256, 256, 256, 256, 256, 256, 256, 256, 256]",2,16,16,18,128,16,144,256,0.1111111111111111,true_mixed,True,False,True,18,0,0,False,0,0,BF16,CUDA_EVENT,generic,generic,none
0.009952000342309475,0.013472000136971474,0.010713600181043148,0.010015999898314476,0.0013816293899203361,5,0.019551999866962433,0.02147199958562851,0.020217600092291833,0.019936000928282738,0.000698274524685965,5,0.04303999990224838,0.047040000557899475,0.04444160014390945,0.044224001467227936,0.001379404332209777,5,0.038816001266241074,0.046271998435258865,0.04087679982185364,0.03977600112557411,0.002726774798986958,5,0.009056000038981438,0.009727999567985535,0.009369599819183349,0.009375999681651592,0.00022207159816661903,5,2048,32,4,1,1,9216,FLASHINFER,"[64, 64]","[0, 0]","[512, 512, 512, 512, 512, 512, 512, 512, 512, 512, 512, 512, 512, 512, 512, 512]",2,16,16,18,128,16,144,512,0.1111111111111111,true_mixed,True,False,True,18,0,0,False,0,0,BF16,CUDA_EVENT,generic,generic,none
0.009696000255644321,0.01283199992030859,0.010572800040245056,0.010080000385642052,0.0011433631004150089,5,0.01945599913597107,0.02131200022995472,0.019910399988293647,0.01961600035429001,0.0007032433871696262,5,0.04291199892759323,0.04864000156521797,0.044275200366973876,0.04323200136423111,0.0021983424544822308,5,0.04089599847793579,0.042080000042915344,0.041433599591255185,0.04137599840760231,0.0003962839171907496,5,0.00886400043964386,0.010111999697983265,0.009388799965381622,0.009312000125646591,0.0004040623506945812,5,2048,32,4,1,1,9216,FLASHINFER,"[64, 64]","[0, 0]","[1024, 1024, 1024, 1024, 1024, 1024, 1024, 1024, 1024, 1024, 1024, 1024, 1024, 1024, 1024, 1024]",2,16,16,18,128,16,144,1024,0.1111111111111111,true_mixed,True,False,True,18,0,0,False,0,0,BF16,CUDA_EVENT,generic,generic,none
0.010080000385642052,0.013439999893307686,0.010976000130176545,0.01056000031530857,0.0012551180690374114,5,0.019231999292969704,0.02864000014960766,0.02152319997549057,0.019807999953627586,0.003570121819076546,5,0.04355200007557869,0.048928000032901764,0.04516479969024658,0.044319998472929,0.0019657070055830598,5,0.0568000003695488,0.06204799935221672,0.06001919955015182,0.06047999858856201,0.0017860009766539205,5,0.001408000010997057,0.0014400000218302011,0.0014144000131636858,0.001408000010997057,1.2800004333257675e-05,5,2048,32,4,1,1,9216,FLASHINFER,"[64, 64]","[0, 0]","[2048, 2048, 2048, 2048, 2048, 2048, 2048, 2048, 2048, 2048, 2048, 2048, 2048, 2048, 2048, 2048]",2,16,16,18,128,16,144,2048,0.1111111111111111,true_mixed,True,False,True,18,0,0,False,0,0,BF16,CUDA_EVENT,generic,generic,none
0.010111999697983265,0.01104000024497509,0.010361600108444691,0.01017600018531084,0.0003448882483456576,5,0.019392000511288643,0.02550400048494339,0.020902400463819505,0.01990400068461895,0.0023089192108297196,5,0.04224000126123428,0.04896000027656555,0.04411520063877106,0.04320000112056732,0.002464423634111045,5,0.036479998379945755,0.038975998759269714,0.03721599951386452,0.03670400008559227,0.0009205770459907805,5,0.008927999995648861,0.00940799992531538,0.009158399887382984,0.009119999594986439,0.00018920649149832845,5,2048,32,4,1,1,9216,FLASHINFER,"[64, 64]","[0, 0]","[128, 128, 128, 128, 128, 128, 128, 128, 128, 128, 128, 128, 128, 128, 128, 128, 128, 128, 128, 128, 128, 128, 128, 128, 128, 128, 128, 128, 128, 128, 128, 128]",2,32,32,34,128,32,160,128,0.058823529411764705,true_mixed,True,False,True,34,0,0,False,0,0,BF16,CUDA_EVENT,generic,generic,none
0.00979200005531311,0.012608000077307224,0.010649600066244602,0.010239999741315842,0.0010107948745919305,5,0.01945599913597107,0.021824000403285027,0.020128000155091287,0.019807999953627586,0.0008598420295634929,5,0.04201599955558777,0.057312000542879105,0.04579199999570847,0.042367998510599136,0.005872850433426251,5,0.039712000638246536,0.040800001472234726,0.04015360027551651,0.03999999910593033,0.0003842140898717969,5,0.009119999594986439,0.010048000141978264,0.009651199914515018,0.009759999811649323,0.00031130606315172215,5,2048,32,4,1,1,9216,FLASHINFER,"[64, 64]","[0, 0]","[256, 256, 256, 256, 256, 256, 256, 256, 256, 256, 256, 256, 256, 256, 256, 256, 256, 256, 256, 256, 256, 256, 256, 256, 256, 256, 256, 256, 256, 256, 256, 256]",2,32,32,34,128,32,160,256,0.058823529411764705,true_mixed,True,False,True,34,0,0,False,0,0,BF16,CUDA_EVENT,generic,generic,none
0.009664000011980534,0.017823999747633934,0.012307200022041798,0.01071999967098236,0.0030260969525751844,5,0.019392000511288643,0.022784000262618065,0.020582400262355804,0.020255999639630318,0.0011653272653257003,5,0.04291199892759323,0.050655998289585114,0.044889599084854126,0.04335999861359596,0.0029129771485857823,5,0.04195199906826019,0.04371200129389763,0.042585600167512894,0.04224000126123428,0.000677131396654905,5,0.008927999995648861,0.010304000228643417,0.009516800008714198,0.009279999881982803,0.0004955765856461191,5,2048,32,4,1,1,9216,FLASHINFER,"[64, 64]","[0, 0]","[512, 512, 512, 512, 512, 512, 512, 512, 512, 512, 512, 512, 512, 512, 512, 512, 512, 512, 512, 512, 512, 512, 512, 512, 512, 512, 512, 512, 512, 512, 512, 512]",2,32,32,34,128,32,160,512,0.058823529411764705,true_mixed,True,False,True,34,0,0,False,0,0,BF16,CUDA_EVENT,generic,generic,none
0.010400000028312206,0.01190400030463934,0.01088000014424324,0.010688000358641148,0.000525813736858275,5,0.01929599978029728,0.02687999978661537,0.021407999843358994,0.019840000197291374,0.002839393682279133,5,0.04358400031924248,0.0496320016682148,0.045024000108242035,0.04387199878692627,0.0023191508856324505,5,0.0597120001912117,0.06326399743556976,0.0619839996099472,0.06265600025653839,0.001274548069166851,5,0.001408000010997057,0.0014400000218302011,0.0014144000131636858,0.001408000010997057,1.2800004333257677e-05,5,2048,32,4,1,1,9216,FLASHINFER,"[64, 64]","[0, 0]","[1024, 1024, 1024, 1024, 1024, 1024, 1024, 1024, 1024, 1024, 1024, 1024, 1024, 1024, 1024, 1024, 1024, 1024, 1024, 1024, 1024, 1024, 1024, 1024, 1024, 1024, 1024, 1024, 1024, 1024, 1024, 1024]",2,32,32,34,128,32,160,1024,0.058823529411764705,true_mixed,True,False,True,34,0,0,False,0,0,BF16,CUDA_EVENT,generic,generic,none
0.001408000010997057,0.011935999616980553,0.003526399936527014,0.0014400000218302011,0.004204824193293904,5,0.018751999363303185,0.021888000890612602,0.020115200057625772,0.020287999883294106,0.0011253090225368972,5,0.04310400038957596,0.0490880012512207,0.04510720074176788,0.04419200122356415,0.002090616893240656,5,0.07840000092983246,0.08083199709653854,0.07953919917345047,0.07964800298213959,0.0008711050147449402,5,0.001408000010997057,0.0014400000218302011,0.0014144000131636858,0.001408000010997057,1.2800004333257675e-05,5,2048,32,4,1,1,9216,FLASHINFER,"[64, 64]","[0, 0]","[2048, 2048, 2048, 2048, 2048, 2048, 2048, 2048, 2048, 2048, 2048, 2048, 2048, 2048, 2048, 2048, 2048, 2048, 2048, 2048, 2048, 2048, 2048, 2048, 2048, 2048, 2048, 2048, 2048, 2048, 2048, 2048]",2,32,32,34,128,32,160,2048,0.058823529411764705,true_mixed,True,False,True,34,0,0,False,0,0,BF16,CUDA_EVENT,generic,generic,none
0.010495999827980995,0.01158399973064661,0.010835199803113937,0.01071999967098236,0.00040152028642457285,5,0.019039999693632126,0.02127999998629093,0.019628800079226495,0.019168000668287277,0.0008482354106647651,5,0.04131200164556503,0.04870399832725525,0.043935999274253845,0.04291199892759323,0.002523985937563892,5,0.03577600046992302,0.036768000572919846,0.03625600039958954,0.0363520011305809,0.0003416669424701042,5,0.00902399979531765,0.009952000342309475,0.009369600005447865,0.009312000125646591,0.00032533181575106776,5,2048,32,4,1,1,9216,FLASHINFER,"[64, 64]","[0, 0]","[128, 128, 128, 128, 128, 128, 128, 128, 128, 128, 128, 128, 128, 128, 128, 128, 128, 128, 128, 128, 128, 128, 128, 128, 128, 128, 128, 128, 128, 128, 128, 128, 128, 128, 128, 128, 128, 128, 128, 128, 128, 128, 128, 128, 128, 128, 128, 128, 128, 128, 128, 128, 128, 128, 128, 128, 128, 128, 128, 128, 128, 128, 128, 128]",2,64,64,66,128,64,192,128,0.030303030303030304,true_mixed,True,False,True,66,0,0,False,0,0,BF16,CUDA_EVENT,generic,generic,none
0.010080000385642052,0.01788800023496151,0.011923200264573098,0.01065600011497736,0.003000064401326569,5,0.01961600035429001,0.021183999255299568,0.020076799765229227,0.019711999222636223,0.0005961279562233943,5,0.04227200150489807,0.04633599892258644,0.04426240026950836,0.04368000105023384,0.0014712199613030013,5,0.03836800158023834,0.040063999593257904,0.039103999733924866,0.039103999733924866,0.0006101849950798996,5,0.009184000082314014,0.009920000098645687,0.00961920004338026,0.009759999811649323,0.00027793988150944974,5,2048,32,4,1,1,9216,FLASHINFER,"[64, 64]","[0, 0]","[256, 256, 256, 256, 256, 256, 256, 256, 256, 256, 256, 256, 256, 256, 256, 256, 256, 256, 256, 256, 256, 256, 256, 256, 256, 256, 256, 256, 256, 256, 256, 256, 256, 256, 256, 256, 256, 256, 256, 256, 256, 256, 256, 256, 256, 256, 256, 256, 256, 256, 256, 256, 256, 256, 256, 256, 256, 256, 256, 256, 256, 256, 256, 256]",2,64,64,66,128,64,192,256,0.030303030303030304,true_mixed,True,False,True,66,0,0,False,0,0,BF16,CUDA_EVENT,generic,generic,none
0.010143999941647053,0.01283199992030859,0.011033599823713302,0.01071999967098236,0.0009301822869753692,5,0.0191040001809597,0.022207999601960182,0.02011519968509674,0.019711999222636223,0.001091870703784888,5,0.0432640016078949,0.04966399818658829,0.0448512002825737,0.04364800080657005,0.002418623176531447,5,0.05503999814391136,0.05660799890756607,0.055846399068832396,0.05619199946522713,0.0006593559090283289,5,0.0013760000001639128,0.004000000189989805,0.00190720004029572,0.0013760000001639128,0.0010464734668131316,5,2048,32,4,1,1,9216,FLASHINFER,"[64, 64]","[0, 0]","[512, 512, 512, 512, 512, 512, 512, 512, 512, 512, 512, 512, 512, 512, 512, 512, 512, 512, 512, 512, 512, 512, 512, 512, 512, 512, 512, 512, 512, 512, 512, 512, 512, 512, 512, 512, 512, 512, 512, 512, 512, 512, 512, 512, 512, 512, 512, 512, 512, 512, 512, 512, 512, 512, 512, 512, 512, 512, 512, 512, 512, 512, 512, 512]",2,64,64,66,128,64,192,512,0.030303030303030304,true_mixed,True,False,True,66,0,0,False,0,0,BF16,CUDA_EVENT,generic,generic,none
0.0013760000001639128,0.010975999757647514,0.0033087999559938907,0.001408000010997057,0.0038336266119378404,5,0.019071999937295914,0.02208000048995018,0.020038400217890738,0.01942400075495243,0.0010942690596126691,5,0.043455999344587326,0.0522879995405674,0.04586239904165268,0.043935999274253845,0.003309449997544204,5,0.07420799881219864,0.07603199779987335,0.07470719963312149,0.07436800003051758,0.000676585571037414,5,0.0013760000001639128,0.001408000010997057,0.0013824000023305416,0.0013760000001639128,1.2800004333257675e-05,5,2048,32,4,1,1,9216,FLASHINFER,"[64, 64]","[0, 0]","[1024, 1024, 1024, 1024, 1024, 1024, 1024, 1024, 1024, 1024, 1024, 1024, 1024, 1024, 1024, 1024, 1024, 1024, 1024, 1024, 1024, 1024, 1024, 1024, 1024, 1024, 1024, 1024, 1024, 1024, 1024, 1024, 1024, 1024, 1024, 1024, 1024, 1024, 1024, 1024, 1024, 1024, 1024, 1024, 1024, 1024, 1024, 1024, 1024, 1024, 1024, 1024, 1024, 1024, 1024, 1024, 1024, 1024, 1024, 1024, 1024, 1024, 1024, 1024]",2,64,64,66,128,64,192,1024,0.030303030303030304,true_mixed,True,False,True,66,0,0,False,0,0,BF16,CUDA_EVENT,generic,generic,none
0.0013760000001639128,0.011359999887645245,0.003372799977660179,0.0013760000001639128,0.0039935999549925326,5,0.006111999973654747,0.021247999742627144,0.009318399894982576,0.006335999816656113,0.00596675668376013,5,0.031488001346588135,0.04681599885225296,0.036422400176525115,0.033824000507593155,0.005683451284887915,5,0.10992000252008438,0.11107199639081955,0.11063680052757263,0.11075200140476227,0.00041506258611712343,5,0.0013760000001639128,0.0013760000001639128,0.0013760000001639128,0.0013760000001639128,0.0,5,2048,32,4,1,1,9216,FLASHINFER,"[64, 64]","[0, 0]","[2048, 2048, 2048, 2048, 2048, 2048, 2048, 2048, 2048, 2048, 2048, 2048, 2048, 2048, 2048, 2048, 2048, 2048, 2048, 2048, 2048, 2048, 2048, 2048, 2048, 2048, 2048, 2048, 2048, 2048, 2048, 2048, 2048, 2048, 2048, 2048, 2048, 2048, 2048, 2048, 2048, 2048, 2048, 2048, 2048, 2048, 2048, 2048, 2048, 2048, 2048, 2048, 2048, 2048, 2048, 2048, 2048, 2048, 2048, 2048, 2048, 2048, 2048, 2048]",2,64,64,66,128,64,192,2048,0.030303030303030304,true_mixed,True,False,True,66,0,0,False,0,0,BF16,CUDA_EVENT,generic,generic,none
0.010048000141978264,0.012927999719977379,0.01082880012691021,0.010432000271975994,0.0010629779500143455,5,0.01913600042462349,0.02239999920129776,0.020236799865961073,0.019840000197291374,0.0011458677743232352,5,0.042527999728918076,0.04806400090456009,0.04439039975404739,0.04399999976158142,0.0019424188538920302,5,0.03551999852061272,0.038015998899936676,0.03676159977912903,0.03641600161790848,0.0008734061470179738,5,0.00886400043964386,0.009600000455975533,0.00923520028591156,0.009344000369310379,0.00028948953643869406,5,2048,32,4,1,1,9216,FLASHINFER,"[128, 128]","[0, 0]",[128],2,1,1,3,256,1,257,128,0.6666666666666666,true_mixed,True,False,True,3,0,0,False,0,0,BF16,CUDA_EVENT,generic,generic,none
0.01033599954098463,0.011103999800980091,0.010553599707782269,0.010367999784648418,0.0002956496041821862,5,0.01881599985063076,0.02131200022995472,0.01985280029475689,0.019648000597953796,0.0008127244779199507,5,0.04310400038957596,0.04774399846792221,0.04469759985804558,0.044096000492572784,0.0017229427819102918,5,0.03564799949526787,0.03903999924659729,0.037151999771595,0.03699199855327606,0.0011537761219911592,5,0.009279999881982803,0.010367999784648418,0.00963199995458126,0.009440000168979168,0.0004127875487422011,5,2048,32,4,1,1,9216,FLASHINFER,"[128, 128]","[0, 0]",[256],2,1,1,3,256,1,257,256,0.6666666666666666,true_mixed,True,False,True,3,0,0,False,0,0,BF16,CUDA_EVENT,generic,generic,none
0.009696000255644321,0.01206399966031313,0.010604799911379813,0.010367999784648418,0.0007902378693843306,5,0.01913600042462349,0.0225600004196167,0.020243200287222863,0.019936000928282738,0.0012221486639665694,5,0.04303999990224838,0.0498879998922348,0.0449023999273777,0.04403200000524521,0.0025228829375134746,5,0.03622400015592575,0.039872001856565475,0.03717120066285133,0.036607999354600906,0.0013631555035582973,5,0.008736000396311283,0.01033599954098463,0.009369600005447865,0.009375999681651592,0.0005689881108658438,5,2048,32,4,1,1,9216,FLASHINFER,"[128, 128]","[0, 0]",[512],2,1,1,3,256,1,257,512,0.6666666666666666,true_mixed,True,False,True,3,0,0,False,0,0,BF16,CUDA_EVENT,generic,generic,none
0.009824000298976898,0.01235199999064207,0.010598400048911572,0.010367999784648418,0.0009049608644895485,5,0.0191040001809597,0.0272000003606081,0.021318400278687477,0.01958400011062622,0.0030402627611407027,5,0.04383999854326248,0.046911999583244324,0.04457599893212318,0.043935999274253845,0.0011832216905952268,5,0.035999998450279236,0.037728000432252884,0.03681280016899109,0.036768000572919846,0.000663752036832052,5,0.009056000038981438,0.009503999724984169,0.009280000068247318,0.009312000125646591,0.00019412161567535844,5,2048,32,4,1,1,9216,FLASHINFER,"[128, 128]","[0, 0]",[1024],2,1,1,3,256,1,257,1024,0.6666666666666666,true_mixed,True,False,True,3,0,0,False,0,0,BF16,CUDA_EVENT,generic,generic,none
0.010015999898314476,0.012640000320971012,0.010816000029444694,0.010400000028312206,0.0009423444526616484,5,0.019007999449968338,0.02223999984562397,0.020217600092291833,0.01990400068461895,0.0010778633734172085,5,0.0432640016078949,0.04902400076389313,0.0451712004840374,0.04383999854326248,0.002142480617881981,5,0.03596799820661545,0.04435199871659279,0.03878399878740311,0.03747199848294258,0.003012966028449869,5,0.009344000369310379,0.0098879998549819,0.009568000212311745,0.009535999968647957,0.00018101916677478895,5,2048,32,4,1,1,9216,FLASHINFER,"[128, 128]","[0, 0]",[2048],2,1,1,3,256,1,257,2048,0.6666666666666666,true_mixed,True,False,True,3,0,0,False,0,0,BF16,CUDA_EVENT,generic,generic,none
0.009983999654650688,0.011392000131309032,0.010534399934113026,0.010432000271975994,0.00046301701925507445,5,0.019168000668287277,0.02131200022995472,0.019833600148558617,0.019487999379634857,0.0007852464755837825,5,0.04294399917125702,0.046271998435258865,0.043852799385786054,0.04335999861359596,0.0012291661683327662,5,0.03574400022625923,0.036959998309612274,0.036300799995660785,0.0363520011305809,0.00047012710182640926,5,0.008832000195980072,0.009952000342309475,0.009382400289177894,0.009344000369310379,0.0003559919484944724,5,2048,32,4,1,1,9216,FLASHINFER,"[128, 128]","[0, 0]","[128, 128]",2,2,2,4,256,2,258,128,0.5,true_mixed,True,False,True,4,0,0,False,0,0,BF16,CUDA_EVENT,generic,generic,none
0.009920000098645687,0.011744000017642975,0.010598400048911572,0.010432000271975994,0.0006216241975241719,5,0.019200000911951065,0.020640000700950623,0.019660800322890283,0.019551999866962433,0.0005098355280473754,5,0.043136000633239746,0.04678399860858917,0.04461439922451973,0.044415999203920364,0.0013480164433175175,5,0.035999998450279236,0.03862399980425835,0.037030399590730664,0.03670400008559227,0.0009502222600591765,5,0.008991999551653862,0.010015999898314476,0.00959359984844923,0.009696000255644321,0.00036169919260211074,5,2048,32,4,1,1,9216,FLASHINFER,"[128, 128]","[0, 0]","[256, 256]",2,2,2,4,256,2,258,256,0.5,true_mixed,True,False,True,4,0,0,False,0,0,BF16,CUDA_EVENT,generic,generic,none
0.009983999654650688,0.011680000461637974,0.010502400062978267,0.01027199998497963,0.000624254561452771,5,0.019200000911951065,0.020896000787615776,0.01966719999909401,0.019231999292969704,0.0006509781949046303,5,0.04227200150489807,0.0480320006608963,0.044985600560903546,0.04499199986457825,0.0018399747677722896,5,0.0360959991812706,0.03791999816894531,0.03695359975099564,0.03683200106024742,0.0006852476986329701,5,0.009184000082314014,0.009952000342309475,0.009510400146245957,0.009535999968647957,0.0002571176082948625,5,2048,32,4,1,1,9216,FLASHINFER,"[128, 128]","[0, 0]","[512, 512]",2,2,2,4,256,2,258,512,0.5,true_mixed,True,False,True,4,0,0,False,0,0,BF16,CUDA_EVENT,generic,generic,none
0.010239999741315842,0.01158399973064661,0.010726399719715118,0.010591999627649784,0.0004567824806663582,5,0.01926399953663349,0.02659199945628643,0.02155519984662533,0.020128000527620316,0.002674143110556688,5,0.04310400038957596,0.04787199944257736,0.044659200310707095,0.04416000097990036,0.001690447951058833,5,0.036159999668598175,0.03836800158023834,0.03722239956259728,0.03747199848294258,0.0007771197167784848,5,0.008927999995648861,0.009696000255644321,0.00933120008558035,0.009184000082314014,0.00029991363741405607,5,2048,32,4,1,1,9216,FLASHINFER,"[128, 128]","[0, 0]","[1024, 1024]",2,2,2,4,256,2,258,1024,0.5,true_mixed,True,False,True,4,0,0,False,0,0,BF16,CUDA_EVENT,generic,generic,none
0.010015999898314476,0.011711999773979187,0.01053439974784851,0.01033599954098463,0.0006086396403999463,5,0.019328000023961067,0.02147199958562851,0.019897599890828132,0.019519999623298645,0.0007950952514445004,5,0.04358400031924248,0.04732799902558327,0.044435200095176694,0.04374400153756142,0.001448804516920416,5,0.03699199855327606,0.03891199827194214,0.03751679956912994,0.03721600025892258,0.0007035920572017925,5,0.009151999838650227,0.010208000428974628,0.009484799951314926,0.009279999881982803,0.0003789537211804874,5,2048,32,4,1,1,9216,FLASHINFER,"[128, 128]","[0, 0]","[2048, 2048]",2,2,2,4,256,2,258,2048,0.5,true_mixed,True,False,True,4,0,0,False,0,0,BF16,CUDA_EVENT,generic,generic,none
0.010143999941647053,0.012864000163972378,0.01084160003811121,0.010432000271975994,0.001020273295559588,5,0.01942400075495243,0.021824000403285027,0.019999999925494193,0.019551999866962433,0.0009187959440484989,5,0.04335999861359596,0.049215998500585556,0.045100799202919005,0.04428799822926521,0.002092672487715235,5,0.036159999668598175,0.038656000047922134,0.036953600496053694,0.036639999598264694,0.000882039684487732,5,0.009119999594986439,0.009952000342309475,0.00945919994264841,0.009344000369310379,0.0003279649962832147,5,2048,32,4,1,1,9216,FLASHINFER,"[128, 128]","[0, 0]","[128, 128, 128, 128]",2,4,4,6,256,4,260,128,0.3333333333333333,true_mixed,True,False,True,6,0,0,False,0,0,BF16,CUDA_EVENT,generic,generic,none
0.010367999784648418,0.012640000320971012,0.010899200104176998,0.010400000028312206,0.0008781305071865556,5,0.019168000668287277,0.021503999829292297,0.019865600019693376,0.01945599913597107,0.0008479455330763704,5,0.04243199899792671,0.04851200059056282,0.044377599656581876,0.0435199998319149,0.0022564338910051425,5,0.036607999354600906,0.038656000047922134,0.037222400307655334,0.03683200106024742,0.0007434474573855646,5,0.009088000282645226,0.009920000098645687,0.009414400160312652,0.009312000125646591,0.0002807259050272866,5,2048,32,4,1,1,9216,FLASHINFER,"[128, 128]","[0, 0]","[256, 256, 256, 256]",2,4,4,6,256,4,260,256,0.3333333333333333,true_mixed,True,False,True,6,0,0,False,0,0,BF16,CUDA_EVENT,generic,generic,none
0.009855999611318111,0.011455999687314034,0.010329599864780903,0.010080000385642052,0.0005793325317404925,5,0.018239999189972878,0.0208320003002882,0.019551999866962433,0.01945599913597107,0.0008761227101042572,5,0.04185599833726883,0.048608001321554184,0.043500800430774686,0.04227200150489807,0.0025654826378211167,5,0.03532800078392029,0.03852799907326698,0.03662080019712448,0.03641600161790848,0.0011043655197973629,5,0.008704000152647495,0.009759999811649323,0.009119999967515469,0.008991999551653862,0.00035460842647672456,5,2048,32,4,1,1,9216,FLASHINFER,"[128, 128]","[0, 0]","[512, 512, 512, 512]",2,4,4,6,256,4,260,512,0.3333333333333333,true_mixed,True,False,True,6,0,0,False,0,0,BF16,CUDA_EVENT,generic,generic,none
0.009600000455975533,0.013407999649643898,0.010783999972045422,0.010432000271975994,0.0013493225939215983,5,0.01942400075495243,0.021727999672293663,0.020102399960160257,0.01958400011062622,0.0008759819824419398,5,0.042367998510599136,0.05798399820923805,0.04718719869852066,0.04527999833226204,0.00552333695090403,5,0.036320000886917114,0.039264000952243805,0.03770240098237991,0.03734400123357773,0.0009894987220371442,5,0.009151999838650227,0.010239999741315842,0.00960639975965023,0.009375999681651592,0.0004266452816471593,5,2048,32,4,1,1,9216,FLASHINFER,"[128, 128]","[0, 0]","[1024, 1024, 1024, 1024]",2,4,4,6,256,4,260,1024,0.3333333333333333,true_mixed,True,False,True,6,0,0,False,0,0,BF16,CUDA_EVENT,generic,generic,none
0.01017600018531084,0.012671999633312225,0.010809600166976453,0.010304000228643417,0.0009489278966041466,5,0.019519999623298645,0.021824000403285027,0.020313600078225136,0.019872000440955162,0.0008527624407948538,5,0.04294399917125702,0.048767998814582825,0.04469119980931282,0.04355200007557869,0.0021138994397929744,5,0.03791999816894531,0.039423998445272446,0.03882239982485771,0.038816001266241074,0.0005204899785181342,5,0.009151999838650227,0.01017600018531084,0.009670400060713291,0.009503999724984169,0.0003931706714015425,5,2048,32,4,1,1,9216,FLASHINFER,"[128, 128]","[0, 0]","[2048, 2048, 2048, 2048]",2,4,4,6,256,4,260,2048,0.3333333333333333,true_mixed,True,False,True,6,0,0,False,0,0,BF16,CUDA_EVENT,generic,generic,none
0.009920000098645687,0.012864000163972378,0.010713599994778633,0.010367999784648418,0.0010968861001577521,5,0.01945599913597107,0.02208000048995018,0.020166399702429772,0.019807999953627586,0.0009780494186364132,5,0.04310400038957596,0.04841599985957146,0.04462080001831055,0.04390399903059006,0.0019229416143982342,5,0.03657599911093712,0.0382080003619194,0.03699200004339218,0.03667199984192848,0.0006135329629193137,5,0.009056000038981438,0.009535999968647957,0.00927360001951456,0.009216000325977802,0.0001848260315463251,5,2048,32,4,1,1,9216,FLASHINFER,"[128, 128]","[0, 0]","[128, 128, 128, 128, 128, 128, 128, 128]",2,8,8,10,256,8,264,128,0.2,true_mixed,True,False,True,10,0,0,False,0,0,BF16,CUDA_EVENT,generic,generic,none
0.010143999941647053,0.012608000077307224,0.010720000229775905,0.010208000428974628,0.000949057566635096,5,0.01958400011062622,0.021536000072956085,0.020128000155091287,0.019872000440955162,0.0007146826078227472,5,0.04287999868392944,0.04809600114822388,0.04478079974651337,0.043616000562906265,0.0020598261955157558,5,0.036159999668598175,0.03920000046491623,0.03736319988965988,0.03721600025892258,0.0010752386365127983,5,0.008991999551653862,0.016127999871969223,0.010899200104176998,0.010080000385642052,0.002651531587978309,5,2048,32,4,1,1,9216,FLASHINFER,"[128, 128]","[0, 0]","[256, 256, 256, 256, 256, 256, 256, 256]",2,8,8,10,256,8,264,256,0.2,true_mixed,True,False,True,10,0,0,False,0,0,BF16,CUDA_EVENT,generic,generic,none
0.009824000298976898,0.013088000006973743,0.010771199874579907,0.01033599954098463,0.0012076513884544642,5,0.018880000337958336,0.021727999672293663,0.019891199842095374,0.01961600035429001,0.0009635346673494497,5,0.04169600084424019,0.04819199815392494,0.04436479955911636,0.04416000097990036,0.0021987136134344683,5,0.036639999598264694,0.038816001266241074,0.037759999930858615,0.03782400116324425,0.00070777225317676,5,0.009279999881982803,0.009664000011980534,0.009484799951314926,0.009472000412642956,0.00014678204463448405,5,2048,32,4,1,1,9216,FLASHINFER,"[128, 128]","[0, 0]","[512, 512, 512, 512, 512, 512, 512, 512]",2,8,8,10,256,8,264,512,0.2,true_mixed,True,False,True,10,0,0,False,0,0,BF16,CUDA_EVENT,generic,generic,none
0.010015999898314476,0.011552000418305397,0.010636800155043601,0.010463999584317207,0.0005533689079243771,5,0.019168000668287277,0.02195199951529503,0.020108800008893014,0.01958400011062622,0.0010059609441525734,5,0.043296001851558685,0.049375999718904495,0.04527999982237816,0.044319998472929,0.0022544900666068802,5,0.0382080003619194,0.04022400081157684,0.03886080086231232,0.03840000182390213,0.000777171877181864,5,0.009472000412642956,0.010528000071644783,0.009804800152778625,0.009600000455975533,0.00039483379550948444,5,2048,32,4,1,1,9216,FLASHINFER,"[128, 128]","[0, 0]","[1024, 1024, 1024, 1024, 1024, 1024, 1024, 1024]",2,8,8,10,256,8,264,1024,0.2,true_mixed,True,False,True,10,0,0,False,0,0,BF16,CUDA_EVENT,generic,generic,none
0.01027199998497963,0.013024000450968742,0.010969600081443787,0.010528000071644783,0.0010356143295278967,5,0.01945599913597107,0.022175999358296394,0.020390399917960166,0.020128000527620316,0.000928639654173878,5,0.042399998754262924,0.04956800118088722,0.04452480003237724,0.043487999588251114,0.0026466619032565774,5,0.04105599969625473,0.04153599962592125,0.04134399965405464,0.041439998894929886,0.00017988405403988859,5,0.009247999638319016,0.009600000455975533,0.009427200071513653,0.009440000168979168,0.00011195454321429526,5,2048,32,4,1,1,9216,FLASHINFER,"[128, 128]","[0, 0]","[2048, 2048, 2048, 2048, 2048, 2048, 2048, 2048]",2,8,8,10,256,8,264,2048,0.2,true_mixed,True,False,True,10,0,0,False,0,0,BF16,CUDA_EVENT,generic,generic,none
0.009920000098645687,0.013311999849975109,0.010783999972045422,0.01017600018531084,0.0012710083423500035,5,0.01942400075495243,0.02223999984562397,0.02014720030128956,0.019648000597953796,0.0010612425632877663,5,0.04201599955558777,0.049247998744249344,0.04451199993491173,0.043007999658584595,0.002669114272843913,5,0.03667199984192848,0.0387520007789135,0.037222400307655334,0.03686400130391121,0.0007779095955578447,5,0.009088000282645226,0.009759999811649323,0.009446400031447411,0.00940799992531538,0.00023375317040282158,5,2048,32,4,1,1,9216,FLASHINFER,"[128, 128]","[0, 0]","[128, 128, 128, 128, 128, 128, 128, 128, 128, 128, 128, 128, 128, 128, 128, 128]",2,16,16,18,256,16,272,128,0.1111111111111111,true_mixed,True,False,True,18,0,0,False,0,0,BF16,CUDA_EVENT,generic,generic,none
0.010143999941647053,0.01244799979031086,0.010720000043511391,0.010304000228643417,0.0008688455569439078,5,0.0197759997099638,0.02191999927163124,0.020371199771761894,0.020031999796628952,0.000786080215101528,5,0.043007999658584595,0.04931199923157692,0.04510079994797707,0.04444799944758415,0.002180005442661411,5,0.037087999284267426,0.04022400081157684,0.03824640065431595,0.03788800165057182,0.0011463687216874009,5,0.009088000282645226,0.010591999627649784,0.0095423998311162,0.009247999638319016,0.00055771864930568,5,2048,32,4,1,1,9216,FLASHINFER,"[128, 128]","[0, 0]","[256, 256, 256, 256, 256, 256, 256, 256, 256, 256, 256, 256, 256, 256, 256, 256]",2,16,16,18,256,16,272,256,0.1111111111111111,true_mixed,True,False,True,18,0,0,False,0,0,BF16,CUDA_EVENT,generic,generic,none
0.009696000255644321,0.011872000060975552,0.010457600094377994,0.010111999697983265,0.0007546573938808464,5,0.019392000511288643,0.020800000056624413,0.02000639997422695,0.01990400068461895,0.0004735133549996426,5,0.042847998440265656,0.048448000103235245,0.04447999969124794,0.04355200007557869,0.0020252742604652844,5,0.03830400109291077,0.039712000638246536,0.03888000026345253,0.038784001022577286,0.000481916134353887,5,0.009184000082314014,0.009824000298976898,0.009433599933981896,0.009375999681651592,0.00022933100830857268,5,2048,32,4,1,1,9216,FLASHINFER,"[128, 128]","[0, 0]","[512, 512, 512, 512, 512, 512, 512, 512, 512, 512, 512, 512, 512, 512, 512, 512]",2,16,16,18,256,16,272,512,0.1111111111111111,true_mixed,True,False,True,18,0,0,False,0,0,BF16,CUDA_EVENT,generic,generic,none
0.009631999768316746,0.012992000207304955,0.010624000057578086,0.010048000141978264,0.0012188598873741042,5,0.01945599913597107,0.022336000576615334,0.020191999897360802,0.019711999222636223,0.0010827169774780526,5,0.043807998299598694,0.05350400134921074,0.046636799722909926,0.04412800073623657,0.0037318427384161893,5,0.041600000113248825,0.04287999868392944,0.04222079962491989,0.04214400053024292,0.0005459157494111052,5,0.009216000325977802,0.010367999784648418,0.009740799851715564,0.009727999567985535,0.0003805711817954997,5,2048,32,4,1,1,9216,FLASHINFER,"[128, 128]","[0, 0]","[1024, 1024, 1024, 1024, 1024, 1024, 1024, 1024, 1024, 1024, 1024, 1024, 1024, 1024, 1024, 1024]",2,16,16,18,256,16,272,1024,0.1111111111111111,true_mixed,True,False,True,18,0,0,False,0,0,BF16,CUDA_EVENT,generic,generic,none
0.010048000141978264,0.01244799979031086,0.010745600052177905,0.01017600018531084,0.0009001957403203955,5,0.019999999552965164,0.022784000262618065,0.020774399861693382,0.020416000857949257,0.0010174593352687573,5,0.04243199899792671,0.05180799961090088,0.04557439908385277,0.044415999203920364,0.003308954931926194,5,0.05772799998521805,0.06038400158286095,0.05886719971895218,0.0586559996008873,0.0009835205164195533,5,0.001408000010997057,0.0035200000274926424,0.0018368000164628029,0.001408000010997057,0.0008416912553821093,5,2048,32,4,1,1,9216,FLASHINFER,"[128, 128]","[0, 0]","[2048, 2048, 2048, 2048, 2048, 2048, 2048, 2048, 2048, 2048, 2048, 2048, 2048, 2048, 2048, 2048]",2,16,16,18,256,16,272,2048,0.1111111111111111,true_mixed,True,False,True,18,0,0,False,0,0,BF16,CUDA_EVENT,generic,generic,none
0.010015999898314476,0.011264000087976456,0.010560000129044057,0.010304000228643417,0.00048614726505786897,5,0.019487999379634857,0.02687999978661537,0.021484800055623053,0.019872000440955162,0.0027720644570521794,5,0.04297599941492081,0.048895999789237976,0.04463999941945076,0.04383999854326248,0.0021848292069806055,5,0.03686400130391121,0.03862399980425835,0.037568000704050065,0.03711999952793121,0.0007553624489874596,5,0.009279999881982803,0.009696000255644321,0.009420800022780895,0.009375999681651592,0.00014396454261412183,5,2048,32,4,1,1,9216,FLASHINFER,"[128, 128]","[0, 0]","[128, 128, 128, 128, 128, 128, 128, 128, 128, 128, 128, 128, 128, 128, 128, 128, 128, 128, 128, 128, 128, 128, 128, 128, 128, 128, 128, 128, 128, 128, 128, 128]",2,32,32,34,256,32,288,128,0.058823529411764705,true_mixed,True,False,True,34,0,0,False,0,0,BF16,CUDA_EVENT,generic,generic,none
0.010048000141978264,0.01283199992030859,0.010796800069510937,0.010432000271975994,0.0010306980098912179,5,0.019551999866962433,0.023135999217629433,0.020447999984025956,0.019872000440955162,0.0013496259607271503,5,0.042399998754262924,0.050592001527547836,0.045312000811100005,0.043296001851558685,0.0030742661137246846,5,0.039103999733924866,0.04668800160288811,0.04131200015544891,0.0398080013692379,0.0027980524681813102,5,0.00886400043964386,0.009855999611318111,0.009337600134313107,0.009344000369310379,0.00032025561525701095,5,2048,32,4,1,1,9216,FLASHINFER,"[128, 128]","[0, 0]","[256, 256, 256, 256, 256, 256, 256, 256, 256, 256, 256, 256, 256, 256, 256, 256, 256, 256, 256, 256, 256, 256, 256, 256, 256, 256, 256, 256, 256, 256, 256, 256]",2,32,32,34,256,32,288,256,0.058823529411764705,true_mixed,True,False,True,34,0,0,False,0,0,BF16,CUDA_EVENT,generic,generic,none
0.010143999941647053,0.011136000044643879,0.010495999827980995,0.01033599954098463,0.0003517090218767922,5,0.019967999309301376,0.021376000717282295,0.020505600050091742,0.020128000527620316,0.000580039460966526,5,0.04303999990224838,0.048576001077890396,0.04443520084023476,0.04320000112056732,0.0021142874433722546,5,0.04291199892759323,0.043776001781225204,0.043500800430774686,0.04358400031924248,0.00030799988196997794,5,0.009696000255644321,0.011168000288307667,0.010124799981713294,0.009855999611318111,0.0005395015036411935,5,2048,32,4,1,1,9216,FLASHINFER,"[128, 128]","[0, 0]","[512, 512, 512, 512, 512, 512, 512, 512, 512, 512, 512, 512, 512, 512, 512, 512, 512, 512, 512, 512, 512, 512, 512, 512, 512, 512, 512, 512, 512, 512, 512, 512]",2,32,32,34,256,32,288,512,0.058823529411764705,true_mixed,True,False,True,34,0,0,False,0,0,BF16,CUDA_EVENT,generic,generic,none
0.01017600018531084,0.011168000288307667,0.010643200017511845,0.010623999871313572,0.00032482763628250685,5,0.019872000440955162,0.0226879995316267,0.020787199959158897,0.020320000126957893,0.001002902506361367,5,0.04310400038957596,0.049215998500585556,0.044844800233840944,0.04403200000524521,0.002255724520132157,5,0.05894400179386139,0.062144000083208084,0.06021760031580925,0.05999999865889549,0.0011372203340424421,5,0.001408000010997057,0.0014720000326633453,0.0014208000153303145,0.001408000010997057,2.560000866651535e-05,5,2048,32,4,1,1,9216,FLASHINFER,"[128, 128]","[0, 0]","[1024, 1024, 1024, 1024, 1024, 1024, 1024, 1024, 1024, 1024, 1024, 1024, 1024, 1024, 1024, 1024, 1024, 1024, 1024, 1024, 1024, 1024, 1024, 1024, 1024, 1024, 1024, 1024, 1024, 1024, 1024, 1024]",2,32,32,34,256,32,288,1024,0.058823529411764705,true_mixed,True,False,True,34,0,0,False,0,0,BF16,CUDA_EVENT,generic,generic,none
0.0013760000001639128,0.01206399966031313,0.0035455999430269005,0.0014400000218302011,0.004259265973879402,5,0.019807999953627586,0.02195199951529503,0.020447999984025956,0.020128000527620316,0.0007756946368424421,5,0.0427200011909008,0.048767998814582825,0.04474880024790764,0.04396799951791763,0.002112445358766248,5,0.0791039988398552,0.08079999685287476,0.07973759919404984,0.07942400127649307,0.0006294804793878626,5,0.0013760000001639128,0.0014400000218302011,0.0014144000131636858,0.001408000010997057,2.3946615382136017e-05,5,2048,32,4,1,1,9216,FLASHINFER,"[128, 128]","[0, 0]","[2048, 2048, 2048, 2048, 2048, 2048, 2048, 2048, 2048, 2048, 2048, 2048, 2048, 2048, 2048, 2048, 2048, 2048, 2048, 2048, 2048, 2048, 2048, 2048, 2048, 2048, 2048, 2048, 2048, 2048, 2048, 2048]",2,32,32,34,256,32,288,2048,0.058823529411764705,true_mixed,True,False,True,34,0,0,False,0,0,BF16,CUDA_EVENT,generic,generic,none
0.010208000428974628,0.013439999893307686,0.011097600124776364,0.010591999627649784,0.001187954353080216,5,0.019551999866962433,0.02191999927163124,0.020255999639630318,0.0197759997099638,0.0008925645747869476,5,0.042208001017570496,0.04960000142455101,0.04511360079050064,0.04368000105023384,0.0027182599287745163,5,0.03561599925160408,0.037408001720905304,0.036076799780130384,0.035679999738931656,0.0006862050707431098,5,0.008960000239312649,0.01027199998497963,0.009497600048780442,0.00940799992531538,0.0004403460472733463,5,2048,32,4,1,1,9216,FLASHINFER,"[128, 128]","[0, 0]","[128, 128, 128, 128, 128, 128, 128, 128, 128, 128, 128, 128, 128, 128, 128, 128, 128, 128, 128, 128, 128, 128, 128, 128, 128, 128, 128, 128, 128, 128, 128, 128, 128, 128, 128, 128, 128, 128, 128, 128, 128, 128, 128, 128, 128, 128, 128, 128, 128, 128, 128, 128, 128, 128, 128, 128, 128, 128, 128, 128, 128, 128, 128, 128]",2,64,64,66,256,64,320,128,0.030303030303030304,true_mixed,True,False,True,66,0,0,False,0,0,BF16,CUDA_EVENT,generic,generic,none
0.009983999654650688,0.012512000277638435,0.01060480009764433,0.010208000428974628,0.0009579926650389449,5,0.01913600042462349,0.022304000332951546,0.0201664000749588,0.019936000928282738,0.0011150336942895712,5,0.04217600077390671,0.047807998955249786,0.043820799142122266,0.042399998754262924,0.0021514472077247128,5,0.038656000047922134,0.04073600098490715,0.03935360014438629,0.03907199949026108,0.0007587174673006953,5,0.00902399979531765,0.0098879998549819,0.00933120008558035,0.009216000325977802,0.0003126188057205975,5,2048,32,4,1,1,9216,FLASHINFER,"[128, 128]","[0, 0]","[256, 256, 256, 256, 256, 256, 256, 256, 256, 256, 256, 256, 256, 256, 256, 256, 256, 256, 256, 256, 256, 256, 256, 256, 256, 256, 256, 256, 256, 256, 256, 256, 256, 256, 256, 256, 256, 256, 256, 256, 256, 256, 256, 256, 256, 256, 256, 256, 256, 256, 256, 256, 256, 256, 256, 256, 256, 256, 256, 256, 256, 256, 256, 256]",2,64,64,66,256,64,320,256,0.030303030303030304,true_mixed,True,False,True,66,0,0,False,0,0,BF16,CUDA_EVENT,generic,generic,none
0.0098879998549819,0.011807999573647976,0.010483199916779994,0.010208000428974628,0.0006826131886165263,5,0.019711999222636223,0.0225600004196167,0.020812800154089928,0.020416000857949257,0.001075619099049307,5,0.04259200021624565,0.049855999648571014,0.045164800435304644,0.044064000248909,0.0024922718790644275,5,0.0549440011382103,0.05660799890756607,0.05541119948029518,0.05510399863123894,0.0006140663288427397,5,0.001408000010997057,0.0014400000218302011,0.0014144000131636858,0.001408000010997057,1.2800004333257675e-05,5,2048,32,4,1,1,9216,FLASHINFER,"[128, 128]","[0, 0]","[512, 512, 512, 512, 512, 512, 512, 512, 512, 512, 512, 512, 512, 512, 512, 512, 512, 512, 512, 512, 512, 512, 512, 512, 512, 512, 512, 512, 512, 512, 512, 512, 512, 512, 512, 512, 512, 512, 512, 512, 512, 512, 512, 512, 512, 512, 512, 512, 512, 512, 512, 512, 512, 512, 512, 512, 512, 512, 512, 512, 512, 512, 512, 512]",2,64,64,66,256,64,320,512,0.030303030303030304,true_mixed,True,False,True,66,0,0,False,0,0,BF16,CUDA_EVENT,generic,generic,none
0.001408000010997057,0.011103999800980091,0.0034239999717101456,0.0014400000218302011,0.003841759511359037,5,0.01929599978029728,0.02099199965596199,0.020147199928760528,0.020191999152302742,0.0005503998852749469,5,0.043007999658584595,0.048608001321554184,0.04467200040817261,0.04396799951791763,0.0020036196029771616,5,0.07452800124883652,0.07609599828720093,0.07531520128250122,0.07542400062084198,0.0005950959601006461,5,0.001408000010997057,0.001408000010997057,0.001408000010997057,0.001408000010997057,0.0,5,2048,32,4,1,1,9216,FLASHINFER,"[128, 128]","[0, 0]","[1024, 1024, 1024, 1024, 1024, 1024, 1024, 1024, 1024, 1024, 1024, 1024, 1024, 1024, 1024, 1024, 1024, 1024, 1024, 1024, 1024, 1024, 1024, 1024, 1024, 1024, 1024, 1024, 1024, 1024, 1024, 1024, 1024, 1024, 1024, 1024, 1024, 1024, 1024, 1024, 1024, 1024, 1024, 1024, 1024, 1024, 1024, 1024, 1024, 1024, 1024, 1024, 1024, 1024, 1024, 1024, 1024, 1024, 1024, 1024, 1024, 1024, 1024, 1024]",2,64,64,66,256,64,320,1024,0.030303030303030304,true_mixed,True,False,True,66,0,0,False,0,0,BF16,CUDA_EVENT,generic,generic,none
0.001408000010997057,0.01360000018030405,0.0038528000470250843,0.001408000010997057,0.004873615824996095,5,0.008128000423312187,0.02191999927163124,0.01103999987244606,0.008383999578654766,0.005441241908876787,5,0.028384000062942505,0.04867200180888176,0.035078400000929835,0.03136000037193298,0.007299183103634123,5,0.11052799969911575,0.1120000034570694,0.11109759956598282,0.11107199639081955,0.0004938390600351479,5,0.0013760000001639128,0.001728000002913177,0.0015168000012636186,0.001408000010997057,0.0001601279462846724,5,2048,32,4,1,1,9216,FLASHINFER,"[128, 128]","[0, 0]","[2048, 2048, 2048, 2048, 2048, 2048, 2048, 2048, 2048, 2048, 2048, 2048, 2048, 2048, 2048, 2048, 2048, 2048, 2048, 2048, 2048, 2048, 2048, 2048, 2048, 2048, 2048, 2048, 2048, 2048, 2048, 2048, 2048, 2048, 2048, 2048, 2048, 2048, 2048, 2048, 2048, 2048, 2048, 2048, 2048, 2048, 2048, 2048, 2048, 2048, 2048, 2048, 2048, 2048, 2048, 2048, 2048, 2048, 2048, 2048, 2048, 2048, 2048, 2048]",2,64,64,66,256,64,320,2048,0.030303030303030304,true_mixed,True,False,True,66,0,0,False,0,0,BF16,CUDA_EVENT,generic,generic,none
0.010048000141978264,0.011359999887645245,0.010572799853980542,0.010495999827980995,0.0004381079101597638,5,0.018688000738620758,0.02115200087428093,0.019654400274157525,0.0191040001809597,0.0009063177483118816,5,0.04383999854326248,0.04665600135922432,0.044864000380039216,0.04464000090956688,0.0010234007442550589,5,0.03587200120091438,0.037856001406908035,0.03646080046892166,0.03625600039958954,0.0007119842452491008,5,0.008960000239312649,0.009824000298976898,0.00938240010291338,0.009440000168979168,0.0003303292721659058,5,2048,32,4,1,1,9216,FLASHINFER,"[256, 256]","[0, 0]",[128],2,1,1,3,512,1,513,128,0.6666666666666666,true_mixed,True,False,True,3,0,0,False,0,0,BF16,CUDA_EVENT,generic,generic,none
0.010367999784648418,0.011711999773979187,0.010719999857246875,0.010367999784648418,0.0005215116540713223,5,0.018912000581622124,0.021824000403285027,0.020019200071692465,0.019936000928282738,0.0009808092431517598,5,0.04368000105023384,0.04950400069355965,0.04560000002384186,0.045343998819589615,0.002076994886965385,5,0.035999998450279236,0.04041599854826927,0.03763839974999428,0.037376001477241516,0.001502214820933374,5,0.00902399979531765,0.010751999914646149,0.009708799794316292,0.009759999811649323,0.0006150663294661433,5,2048,32,4,1,1,9216,FLASHINFER,"[256, 256]","[0, 0]",[256],2,1,1,3,512,1,513,256,0.6666666666666666,true_mixed,True,False,True,3,0,0,False,0,0,BF16,CUDA_EVENT,generic,generic,none
0.010048000141978264,0.012223999947309494,0.01075840014964342,0.010367999784648418,0.0007927737010093302,5,0.01929599978029728,0.02054399996995926,0.019705599918961526,0.019680000841617584,0.00045588495402873816,5,0.04335999861359596,0.048767998814582825,0.045395199209451675,0.044415999203920364,0.0018879024247682556,5,0.03606399893760681,0.03827200084924698,0.036934399604797365,0.03657599911093712,0.000822443857763725,5,0.008576000109314919,0.009952000342309475,0.00929920021444559,0.009344000369310379,0.00043670336832193505,5,2048,32,4,1,1,9216,FLASHINFER,"[256, 256]","[0, 0]",[512],2,1,1,3,512,1,513,512,0.6666666666666666,true_mixed,True,False,True,3,0,0,False,0,0,BF16,CUDA_EVENT,generic,generic,none
0.009983999654650688,0.011744000017642975,0.01063039992004633,0.010239999741315842,0.0006571775590086148,5,0.019551999866962433,0.021247999742627144,0.020044799894094467,0.01974399946630001,0.0006269386462106588,5,0.0435199998319149,0.048448000103235245,0.04500479996204376,0.04416000097990036,0.0017713784662761118,5,0.03593600168824196,0.038816001266241074,0.037068800628185274,0.036896001547575,0.000973052809362386,5,0.008991999551653862,0.009824000298976898,0.009331199899315834,0.00940799992531538,0.0003046563643332154,5,2048,32,4,1,1,9216,FLASHINFER,"[256, 256]","[0, 0]",[1024],2,1,1,3,512,1,513,1024,0.6666666666666666,true_mixed,True,False,True,3,0,0,False,0,0,BF16,CUDA_EVENT,generic,generic,none
0.010080000385642052,0.020767999812960625,0.012556800059974194,0.010495999827980995,0.004116279664143116,5,0.01913600042462349,0.02143999934196472,0.019974399730563162,0.01974399946630001,0.0007734206048479763,5,0.04403200000524521,0.04774399846792221,0.04519039988517761,0.04476799815893173,0.0013353466694520568,5,0.035999998450279236,0.038176000118255615,0.03738880008459091,0.037567999213933945,0.0007407436556055289,5,0.00886400043964386,0.010304000228643417,0.00951039995998144,0.009375999681651592,0.0004892547753245398,5,2048,32,4,1,1,9216,FLASHINFER,"[256, 256]","[0, 0]",[2048],2,1,1,3,512,1,513,2048,0.6666666666666666,true_mixed,True,False,True,3,0,0,False,0,0,BF16,CUDA_EVENT,generic,generic,none
0.009952000342309475,0.013376000337302685,0.010720000043511391,0.010048000141978264,0.0013317538685385622,5,0.018880000337958336,0.02284800074994564,0.020204799994826318,0.020031999796628952,0.001428734910261406,5,0.04358400031924248,0.05587200075387955,0.04663039967417717,0.04451199993491173,0.004640481586338815,5,0.03654399886727333,0.03936000168323517,0.03750400021672249,0.03702399879693985,0.0010238009063374782,5,0.009151999838650227,0.010111999697983265,0.009548799879848958,0.009503999724984169,0.0003113058219040483,5,2048,32,4,1,1,9216,FLASHINFER,"[256, 256]","[0, 0]","[128, 128]",2,2,2,4,512,2,514,128,0.5,true_mixed,True,False,True,4,0,0,False,0,0,BF16,CUDA_EVENT,generic,generic,none
0.009855999611318111,0.01152000017464161,0.010534399934113026,0.010495999827980995,0.0005718609009447829,5,0.01926399953663349,0.020800000056624413,0.020006399601697922,0.020255999639630318,0.0005671861368565431,5,0.04335999861359596,0.050335999578237534,0.046246399730443956,0.04444799944758415,0.002866628939333442,5,0.035360001027584076,0.03903999924659729,0.036575999855995175,0.0360959991812706,0.001346587933552197,5,0.008991999551653862,0.010208000428974628,0.009497600048780442,0.009568000212311745,0.0004361403441392197,5,2048,32,4,1,1,9216,FLASHINFER,"[256, 256]","[0, 0]","[256, 256]",2,2,2,4,512,2,514,256,0.5,true_mixed,True,False,True,4,0,0,False,0,0,BF16,CUDA_EVENT,generic,generic,none
0.00979200005531311,0.011680000461637974,0.010387200117111205,0.010080000385642052,0.0006756777294010563,5,0.018719999119639397,0.02131200022995472,0.0198015995323658,0.019487999379634857,0.0008627906688925903,5,0.0435199998319149,0.048928000032901764,0.04622080028057098,0.04630399867892265,0.0021216363045931754,5,0.03542400151491165,0.03852799907326698,0.03654399961233139,0.03654399886727333,0.001106477903705951,5,0.009119999594986439,0.009664000011980534,0.009401600062847137,0.009472000412642956,0.0002136106398688071,5,2048,32,4,1,1,9216,FLASHINFER,"[256, 256]","[0, 0]","[512, 512]",2,2,2,4,512,2,514,512,0.5,true_mixed,True,False,True,4,0,0,False,0,0,BF16,CUDA_EVENT,generic,generic,none
0.009920000098645687,0.012319999746978283,0.010675200074911118,0.010432000271975994,0.0008467853738928469,5,0.019328000023961067,0.022112000733613968,0.020044800266623496,0.019519999623298645,0.0010478426576476254,5,0.04371200129389763,0.04927999898791313,0.04561920091509819,0.04473600164055824,0.0019350441649888769,5,0.03622400015592575,0.038656000047922134,0.03736319988965988,0.03728000074625015,0.0007954044380095542,5,0.009312000125646591,0.01017600018531084,0.00956800002604723,0.009440000168979168,0.00031025156787662544,5,2048,32,4,1,1,9216,FLASHINFER,"[256, 256]","[0, 0]","[1024, 1024]",2,2,2,4,512,2,514,1024,0.5,true_mixed,True,False,True,4,0,0,False,0,0,BF16,CUDA_EVENT,generic,generic,none
0.009664000011980534,0.011136000044643879,0.010361599922180175,0.01027199998497963,0.0004717802820552824,5,0.019840000197291374,0.020959999412298203,0.020454400032758713,0.02051199972629547,0.0004435896743424711,5,0.044224001467227936,0.04841599985957146,0.04609280079603195,0.04560000076889992,0.0014986932573452577,5,0.03705599904060364,0.039455998688936234,0.037887999415397645,0.03763199970126152,0.0008268145046458562,5,0.00940799992531538,0.010015999898314476,0.00965760014951229,0.009472000412642956,0.0002680369896986678,5,2048,32,4,1,1,9216,FLASHINFER,"[256, 256]","[0, 0]","[2048, 2048]",2,2,2,4,512,2,514,2048,0.5,true_mixed,True,False,True,4,0,0,False,0,0,BF16,CUDA_EVENT,generic,generic,none
0.009855999611318111,0.012384000234305859,0.010515199974179268,0.010111999697983265,0.0009416052537754213,5,0.019487999379634857,0.02127999998629093,0.020025599747896194,0.01974399946630001,0.0006636897700138505,5,0.04416000097990036,0.04915200173854828,0.04560000002384186,0.04479999840259552,0.0018120033019060104,5,0.03622400015592575,0.03859199956059456,0.0371456004679203,0.036928001791238785,0.0007886292283057663,5,0.00902399979531765,0.010400000028312206,0.009574399888515472,0.00940799992531538,0.00048293514204212143,5,2048,32,4,1,1,9216,FLASHINFER,"[256, 256]","[0, 0]","[128, 128, 128, 128]",2,4,4,6,512,4,516,128,0.3333333333333333,true_mixed,True,False,True,6,0,0,False,0,0,BF16,CUDA_EVENT,generic,generic,none
0.00979200005531311,0.013024000450968742,0.01063040029257536,0.009952000342309475,0.0012158990278240674,5,0.019200000911951065,0.02252800017595291,0.020076800137758255,0.019360000267624855,0.0012612384747698517,5,0.0427200011909008,0.05152000114321709,0.04580480083823204,0.04464000090956688,0.003042161769729535,5,0.0352960005402565,0.03996799886226654,0.03734400048851967,0.03718400001525879,0.0015581069021208755,5,0.008960000239312649,0.010623999871313572,0.009664000011980534,0.009247999638319016,0.0006678730314260056,5,2048,32,4,1,1,9216,FLASHINFER,"[256, 256]","[0, 0]","[256, 256, 256, 256]",2,4,4,6,512,4,516,256,0.3333333333333333,true_mixed,True,False,True,6,0,0,False,0,0,BF16,CUDA_EVENT,generic,generic,none
0.010048000141978264,0.011648000217974186,0.010598400235176086,0.010304000228643417,0.0005860108164607373,5,0.019328000023961067,0.02175999991595745,0.020288000255823134,0.020128000527620316,0.0008047219251672931,5,0.04355200007557869,0.04899200052022934,0.04568960070610047,0.04467200115323067,0.00205632322967077,5,0.036031998693943024,0.03939199820160866,0.037145599722862244,0.03680000081658363,0.0012060896631519871,5,0.009503999724984169,0.010111999697983265,0.009798399917781354,0.009759999811649323,0.00020579755032782814,5,2048,32,4,1,1,9216,FLASHINFER,"[256, 256]","[0, 0]","[512, 512, 512, 512]",2,4,4,6,512,4,516,512,0.3333333333333333,true_mixed,True,False,True,6,0,0,False,0,0,BF16,CUDA_EVENT,generic,generic,none
0.0098879998549819,0.013439999893307686,0.010943999886512757,0.010528000071644783,0.0012740662589244252,5,0.019519999623298645,0.02252800017595291,0.020262400060892104,0.019711999222636223,0.00113830084667576,5,0.043935999274253845,0.0498879998922348,0.04580480009317398,0.045184001326560974,0.0020998047271376832,5,0.03657599911093712,0.03891199827194214,0.037734399735927585,0.03763199970126152,0.0008124218125054918,5,0.009503999724984169,0.010080000385642052,0.009734399989247322,0.009696000255644321,0.00022390875633959353,5,2048,32,4,1,1,9216,FLASHINFER,"[256, 256]","[0, 0]","[1024, 1024, 1024, 1024]",2,4,4,6,512,4,516,1024,0.3333333333333333,true_mixed,True,False,True,6,0,0,False,0,0,BF16,CUDA_EVENT,generic,generic,none
0.010048000141978264,0.011264000087976456,0.01043200008571148,0.010143999941647053,0.0004520956061045501,5,0.01942400075495243,0.021023999899625778,0.019840000197291374,0.01961600035429001,0.0005976378807598381,5,0.0435199998319149,0.04745600000023842,0.04500479996204376,0.04492799937725067,0.0013367575527594043,5,0.038047999143600464,0.03907199949026108,0.03845119997859001,0.03824000060558319,0.000368542091420422,5,0.009216000325977802,0.009983999654650688,0.00948480013757944,0.009440000168979168,0.00026588877781142663,5,2048,32,4,1,1,9216,FLASHINFER,"[256, 256]","[0, 0]","[2048, 2048, 2048, 2048]",2,4,4,6,512,4,516,2048,0.3333333333333333,true_mixed,True,False,True,6,0,0,False,0,0,BF16,CUDA_EVENT,generic,generic,none
0.009759999811649323,0.011487999930977821,0.010303999856114387,0.009983999654650688,0.0006205030204829156,5,0.019487999379634857,0.02191999927163124,0.02011519968509674,0.019648000597953796,0.0009204880164088367,5,0.044064000248909,0.04992000013589859,0.04562559947371483,0.04483199864625931,0.0021657549535689796,5,0.03558399900794029,0.038176000118255615,0.03678719997406006,0.03686400130391121,0.0009639596691870447,5,0.009088000282645226,0.00940799992531538,0.009286399930715561,0.009375999681651592,0.00012703616707801475,5,2048,32,4,1,1,9216,FLASHINFER,"[256, 256]","[0, 0]","[128, 128, 128, 128, 128, 128, 128, 128]",2,8,8,10,512,8,520,128,0.2,true_mixed,True,False,True,10,0,0,False,0,0,BF16,CUDA_EVENT,generic,generic,none
0.010080000385642052,0.011103999800980091,0.010515199974179268,0.010495999827980995,0.0003821822181825608,5,0.019392000511288643,0.020927999168634415,0.019916799664497376,0.01974399946630001,0.0005256575111124198,5,0.04364800080657005,0.047359999269247055,0.045363199710845944,0.045152001082897186,0.0012221481860171669,5,0.036959998309612274,0.0390079990029335,0.03787519931793213,0.03759999945759773,0.0007821626899432919,5,0.009312000125646591,0.01017600018531084,0.009651200100779533,0.009440000168979168,0.00034678328075021163,5,2048,32,4,1,1,9216,FLASHINFER,"[256, 256]","[0, 0]","[256, 256, 256, 256, 256, 256, 256, 256]",2,8,8,10,512,8,520,256,0.2,true_mixed,True,False,True,10,0,0,False,0,0,BF16,CUDA_EVENT,generic,generic,none
0.009983999654650688,0.01206399966031313,0.010687999799847603,0.010495999827980995,0.000756446342358482,5,0.019392000511288643,0.022143999114632607,0.02022399976849556,0.019807999953627586,0.0009817270881904334,5,0.04416000097990036,0.047680001705884933,0.04540160000324249,0.0451200008392334,0.0012023492675622975,5,0.03731200098991394,0.04105599969625473,0.03861120045185089,0.03824000060558319,0.0012906114810889138,5,0.00902399979531765,0.010528000071644783,0.009798399917781354,0.009759999811649323,0.00047953053593644695,5,2048,32,4,1,1,9216,FLASHINFER,"[256, 256]","[0, 0]","[512, 512, 512, 512, 512, 512, 512, 512]",2,8,8,10,512,8,520,512,0.2,true_mixed,True,False,True,10,0,0,False,0,0,BF16,CUDA_EVENT,generic,generic,none
0.010111999697983265,0.013248000293970108,0.010931199789047242,0.01033599954098463,0.0011760339876005607,5,0.019168000668287277,0.022207999601960182,0.02030719965696335,0.019967999309301376,0.0010146773676236692,5,0.04342399910092354,0.047968000173568726,0.04473600015044212,0.04374400153756142,0.0017153910867051005,5,0.03791999816894531,0.039264000952243805,0.03845760002732277,0.03830400109291077,0.0005129601444976797,5,0.00902399979531765,0.009920000098645687,0.009337599948048591,0.009247999638319016,0.0003045217372899897,5,2048,32,4,1,1,9216,FLASHINFER,"[256, 256]","[0, 0]","[1024, 1024, 1024, 1024, 1024, 1024, 1024, 1024]",2,8,8,10,512,8,520,1024,0.2,true_mixed,True,False,True,10,0,0,False,0,0,BF16,CUDA_EVENT,generic,generic,none
0.00979200005531311,0.011296000331640244,0.010431999899446964,0.010463999584317207,0.0004982145085558772,5,0.020479999482631683,0.021088000386953354,0.02069759964942932,0.02067199908196926,0.00021168456480941824,5,0.04374400153756142,0.050303999334573746,0.04588159993290901,0.04505600035190582,0.002321920949717687,5,0.04355200007557869,0.050303999334573746,0.04535040035843849,0.044576000422239304,0.002519145544456383,5,0.009344000369310379,0.010463999584317207,0.009683199971914292,0.009503999724984169,0.0004040623506945812,5,2048,32,4,1,1,9216,FLASHINFER,"[256, 256]","[0, 0]","[2048, 2048, 2048, 2048, 2048, 2048, 2048, 2048]",2,8,8,10,512,8,520,2048,0.2,true_mixed,True,False,True,10,0,0,False,0,0,BF16,CUDA_EVENT,generic,generic,none
0.009983999654650688,0.012543999589979649,0.010668799839913845,0.010208000428974628,0.0009502651810330123,5,0.01929599978029728,0.021344000473618507,0.020096000283956528,0.019807999953627586,0.0007738445598429907,5,0.04297599941492081,0.04940799996256828,0.04509440064430237,0.04374400153756142,0.00242579397474019,5,0.036031998693943024,0.03843199834227562,0.03712639957666397,0.037248000502586365,0.0008083785459568038,5,0.009312000125646591,0.01056000031530857,0.009721600078046322,0.009440000168979168,0.0004639007499866682,5,2048,32,4,1,1,9216,FLASHINFER,"[256, 256]","[0, 0]","[128, 128, 128, 128, 128, 128, 128, 128, 128, 128, 128, 128, 128, 128, 128, 128]",2,16,16,18,512,16,528,128,0.1111111111111111,true_mixed,True,False,True,18,0,0,False,0,0,BF16,CUDA_EVENT,generic,generic,none
0.009983999654650688,0.012032000347971916,0.010617600008845329,0.010463999584317207,0.0007379176542388515,5,0.019967999309301376,0.02236800082027912,0.020691200345754623,0.02038400061428547,0.0008701650145460764,5,0.04387199878692627,0.05097600072622299,0.04633600041270256,0.04521600157022476,0.002553752757804248,5,0.037087999284267426,0.040031999349594116,0.03822719976305962,0.037728000432252884,0.0010217172926512055,5,0.00940799992531538,0.009983999654650688,0.009683199971914292,0.009664000011980534,0.00025082777279099246,5,2048,32,4,1,1,9216,FLASHINFER,"[256, 256]","[0, 0]","[256, 256, 256, 256, 256, 256, 256, 256, 256, 256, 256, 256, 256, 256, 256, 256]",2,16,16,18,512,16,528,256,0.1111111111111111,true_mixed,True,False,True,18,0,0,False,0,0,BF16,CUDA_EVENT,generic,generic,none
0.009983999654650688,0.012415999546647072,0.010751999914646149,0.01017600018531084,0.0009041909748956317,5,0.019328000023961067,0.0225600004196167,0.02032640017569065,0.019840000197291374,0.001145832530927076,5,0.043807998299598694,0.04816000163555145,0.04563839957118034,0.045471999794244766,0.0015308456607229946,5,0.03846399858593941,0.04044799879193306,0.039129599928855896,0.03884800150990486,0.0006932705760483589,5,0.009312000125646591,0.010208000428974628,0.009670400246977805,0.009600000455975533,0.0003065326440951538,5,2048,32,4,1,1,9216,FLASHINFER,"[256, 256]","[0, 0]","[512, 512, 512, 512, 512, 512, 512, 512, 512, 512, 512, 512, 512, 512, 512, 512]",2,16,16,18,512,16,528,512,0.1111111111111111,true_mixed,True,False,True,18,0,0,False,0,0,BF16,CUDA_EVENT,generic,generic,none
0.010080000385642052,0.013791999779641628,0.011052799969911575,0.010367999784648418,0.0013893454194575893,5,0.019936000928282738,0.02816000021994114,0.022361600026488303,0.020479999482631683,0.003088184037057345,5,0.04435199871659279,0.05164799839258194,0.04650879949331284,0.04556800052523613,0.0026253728425560973,5,0.04390399903059006,0.04614400118589401,0.0448512002825737,0.04438399896025658,0.0008549696357851836,5,0.0080960001796484,0.009631999768316746,0.00897280015051365,0.009184000082314014,0.0005899119122517449,5,2048,32,4,1,1,9216,FLASHINFER,"[256, 256]","[0, 0]","[1024, 1024, 1024, 1024, 1024, 1024, 1024, 1024, 1024, 1024, 1024, 1024, 1024, 1024, 1024, 1024]",2,16,16,18,512,16,528,1024,0.1111111111111111,true_mixed,True,False,True,18,0,0,False,0,0,BF16,CUDA_EVENT,generic,generic,none
0.009759999811649323,0.012864000163972378,0.010476800054311753,0.009920000098645687,0.0011979460376427729,5,0.020191999152302742,0.022048000246286392,0.020774399861693382,0.020576000213623047,0.0006646148730915431,5,0.04444799944758415,0.050303999334573746,0.04713599979877472,0.046271998435258865,0.002564316538907908,5,0.05846399813890457,0.06092799827456474,0.05943679884076118,0.0594559982419014,0.0008920140102508423,5,0.0013760000001639128,0.001408000010997057,0.0014016000088304282,0.001408000010997057,1.2800004333257677e-05,5,2048,32,4,1,1,9216,FLASHINFER,"[256, 256]","[0, 0]","[2048, 2048, 2048, 2048, 2048, 2048, 2048, 2048, 2048, 2048, 2048, 2048, 2048, 2048, 2048, 2048]",2,16,16,18,512,16,528,2048,0.1111111111111111,true_mixed,True,False,True,18,0,0,False,0,0,BF16,CUDA_EVENT,generic,generic,none
0.010080000385642052,0.011552000418305397,0.01065600011497736,0.010591999627649784,0.000541547507795813,5,0.019807999953627586,0.02239999920129776,0.02067839987576008,0.02035200037062168,0.0009090249362213462,5,0.043168000876903534,0.050592001527547836,0.045670400559902194,0.04460800066590309,0.0025665040906696695,5,0.03728000074625015,0.03961599990725517,0.03806720077991486,0.037856001406908035,0.0008041106903863679,5,0.009503999724984169,0.014751999638974667,0.01079040002077818,0.0098879998549819,0.0019959791443578713,5,2048,32,4,1,1,9216,FLASHINFER,"[256, 256]","[0, 0]","[128, 128, 128, 128, 128, 128, 128, 128, 128, 128, 128, 128, 128, 128, 128, 128, 128, 128, 128, 128, 128, 128, 128, 128, 128, 128, 128, 128, 128, 128, 128, 128]",2,32,32,34,512,32,544,128,0.058823529411764705,true_mixed,True,False,True,34,0,0,False,0,0,BF16,CUDA_EVENT,generic,generic,none
0.009759999811649323,0.012896000407636166,0.01089280005544424,0.010688000358641148,0.0010614359107407709,5,0.019967999309301376,0.021215999498963356,0.020633599534630776,0.02054399996995926,0.0004223029998214842,5,0.04358400031924248,0.04800000041723251,0.04503040090203285,0.04419200122356415,0.0016739884650411954,5,0.03907199949026108,0.04025600105524063,0.039526399970054624,0.0395519994199276,0.0004318938376137631,5,0.009375999681651592,0.01027199998497963,0.009676800109446049,0.009600000455975533,0.00031392633985553837,5,2048,32,4,1,1,9216,FLASHINFER,"[256, 256]","[0, 0]","[256, 256, 256, 256, 256, 256, 256, 256, 256, 256, 256, 256, 256, 256, 256, 256, 256, 256, 256, 256, 256, 256, 256, 256, 256, 256, 256, 256, 256, 256, 256, 256]",2,32,32,34,512,32,544,256,0.058823529411764705,true_mixed,True,False,True,34,0,0,False,0,0,BF16,CUDA_EVENT,generic,generic,none
0.01017600018531084,0.01228800043463707,0.010739200003445148,0.010432000271975994,0.0007808526582445743,5,0.020096000283956528,0.021568000316619873,0.020716800168156625,0.020640000700950623,0.0004901749396094607,5,0.04371200129389763,0.0496320016682148,0.04561920091509819,0.04467200115323067,0.002098048826324346,5,0.04531199857592583,0.04726399853825569,0.04641919881105423,0.04639999940991402,0.0006449726615097395,5,0.007327999919652939,0.010048000141978264,0.008499200083315372,0.008128000423312187,0.0009766240607810858,5,2048,32,4,1,1,9216,FLASHINFER,"[256, 256]","[0, 0]","[512, 512, 512, 512, 512, 512, 512, 512, 512, 512, 512, 512, 512, 512, 512, 512, 512, 512, 512, 512, 512, 512, 512, 512, 512, 512, 512, 512, 512, 512, 512, 512]",2,32,32,34,512,32,544,512,0.058823529411764705,true_mixed,True,False,True,34,0,0,False,0,0,BF16,CUDA_EVENT,generic,generic,none
0.009631999768316746,0.012543999589979649,0.01076479982584715,0.010463999584317207,0.000984560465088164,5,0.01990400068461895,0.023135999217629433,0.02101120017468929,0.020640000700950623,0.0011320218785052802,5,0.0432640016078949,0.04822399839758873,0.045267199724912645,0.04483199864625931,0.0017459915248037338,5,0.06035200133919716,0.06195199862122536,0.06092800050973892,0.060864001512527466,0.0005494309431688941,5,0.0013760000001639128,0.0014720000326633453,0.0014208000153303145,0.001408000010997057,3.2633735934676545e-05,5,2048,32,4,1,1,9216,FLASHINFER,"[256, 256]","[0, 0]","[1024, 1024, 1024, 1024, 1024, 1024, 1024, 1024, 1024, 1024, 1024, 1024, 1024, 1024, 1024, 1024, 1024, 1024, 1024, 1024, 1024, 1024, 1024, 1024, 1024, 1024, 1024, 1024, 1024, 1024, 1024, 1024]",2,32,32,34,512,32,544,1024,0.058823529411764705,true_mixed,True,False,True,34,0,0,False,0,0,BF16,CUDA_EVENT,generic,generic,none
0.001408000010997057,0.012095999903976917,0.0036287999944761397,0.0014400000218302011,0.004236084486654124,5,0.019487999379634857,0.022431999444961548,0.02062079943716526,0.020255999639630318,0.001017499336815633,5,0.04464000090956688,0.04787199944257736,0.04551040008664131,0.04479999840259552,0.0012197664294465696,5,0.07948800176382065,0.08089599758386612,0.08040319979190827,0.08044800162315369,0.0004930892205302675,5,0.001408000010997057,0.001408000010997057,0.001408000010997057,0.001408000010997057,0.0,5,2048,32,4,1,1,9216,FLASHINFER,"[256, 256]","[0, 0]","[2048, 2048, 2048, 2048, 2048, 2048, 2048, 2048, 2048, 2048, 2048, 2048, 2048, 2048, 2048, 2048, 2048, 2048, 2048, 2048, 2048, 2048, 2048, 2048, 2048, 2048, 2048, 2048, 2048, 2048, 2048, 2048]",2,32,32,34,512,32,544,2048,0.058823529411764705,true_mixed,True,False,True,34,0,0,False,0,0,BF16,CUDA_EVENT,generic,generic,none
0.010239999741315842,0.013439999893307686,0.011008000001311302,0.010432000271975994,0.001224893751003506,5,0.020031999796628952,0.02179200015962124,0.020531199872493744,0.020287999883294106,0.0006509779531814522,5,0.04320000112056732,0.04912000149488449,0.0451712004840374,0.04412800073623657,0.0020931623088787364,5,0.03580800071358681,0.03705599904060364,0.03630719929933548,0.036031998693943024,0.00046706831499757317,5,0.009216000325977802,0.01027199998497963,0.009670400060713291,0.009568000212311745,0.00042423843648773334,5,2048,32,4,1,1,9216,FLASHINFER,"[256, 256]","[0, 0]","[128, 128, 128, 128, 128, 128, 128, 128, 128, 128, 128, 128, 128, 128, 128, 128, 128, 128, 128, 128, 128, 128, 128, 128, 128, 128, 128, 128, 128, 128, 128, 128, 128, 128, 128, 128, 128, 128, 128, 128, 128, 128, 128, 128, 128, 128, 128, 128, 128, 128, 128, 128, 128, 128, 128, 128, 128, 128, 128, 128, 128, 128, 128, 128]",2,64,64,66,512,64,576,128,0.030303030303030304,true_mixed,True,False,True,66,0,0,False,0,0,BF16,CUDA_EVENT,generic,generic,none
0.010367999784648418,0.012256000190973282,0.010899199917912484,0.01071999967098236,0.0006965718429273426,5,0.019711999222636223,0.022431999444961548,0.020710399746894835,0.020191999152302742,0.0010238799629403847,5,0.0435199998319149,0.048287998884916306,0.045241599529981615,0.04390399903059006,0.0018972953121029737,5,0.0414079986512661,0.04265600070357323,0.04216959998011589,0.042208001017570496,0.0004144715923048723,5,0.008799999952316284,0.009983999654650688,0.009388799965381622,0.009312000125646591,0.0003927535410924023,5,2048,32,4,1,1,9216,FLASHINFER,"[256, 256]","[0, 0]","[256, 256, 256, 256, 256, 256, 256, 256, 256, 256, 256, 256, 256, 256, 256, 256, 256, 256, 256, 256, 256, 256, 256, 256, 256, 256, 256, 256, 256, 256, 256, 256, 256, 256, 256, 256, 256, 256, 256, 256, 256, 256, 256, 256, 256, 256, 256, 256, 256, 256, 256, 256, 256, 256, 256, 256, 256, 256, 256, 256, 256, 256, 256, 256]",2,64,64,66,512,64,576,256,0.030303030303030304,true_mixed,True,False,True,66,0,0,False,0,0,BF16,CUDA_EVENT,generic,generic,none
0.010208000428974628,0.011744000017642975,0.010694400034844875,0.010528000071644783,0.000561378841985675,5,0.01990400068461895,0.022495999932289124,0.02062080018222332,0.020255999639630318,0.0009541366480319334,5,0.04464000090956688,0.0498879998922348,0.0463808000087738,0.04588799923658371,0.0018150064127047858,5,0.055743999779224396,0.0586559996008873,0.05683199986815453,0.056384000927209854,0.0010072629631674432,5,0.0013760000001639128,0.001408000010997057,0.0013824000023305416,0.0013760000001639128,1.2800004333257675e-05,5,2048,32,4,1,1,9216,FLASHINFER,"[256, 256]","[0, 0]","[512, 512, 512, 512, 512, 512, 512, 512, 512, 512, 512, 512, 512, 512, 512, 512, 512, 512, 512, 512, 512, 512, 512, 512, 512, 512, 512, 512, 512, 512, 512, 512, 512, 512, 512, 512, 512, 512, 512, 512, 512, 512, 512, 512, 512, 512, 512, 512, 512, 512, 512, 512, 512, 512, 512, 512, 512, 512, 512, 512, 512, 512, 512, 512]",2,64,64,66,512,64,576,512,0.030303030303030304,true_mixed,True,False,True,66,0,0,False,0,0,BF16,CUDA_EVENT,generic,generic,none
0.001408000010997057,0.012864000163972378,0.003699200041592121,0.001408000010997057,0.004582400061190127,5,0.019711999222636223,0.023840000852942467,0.02098559997975826,0.02038400061428547,0.0014646639239860573,5,0.04358400031924248,0.05190400034189224,0.04565120041370392,0.044224001467227936,0.0031571919411830926,5,0.07503999769687653,0.07680000364780426,0.07578240036964416,0.07568000257015228,0.0006801505314849144,5,0.0013760000001639128,0.001728000002913177,0.001465600007213652,0.001408000010997057,0.00013178406405850394,5,2048,32,4,1,1,9216,FLASHINFER,"[256, 256]","[0, 0]","[1024, 1024, 1024, 1024, 1024, 1024, 1024, 1024, 1024, 1024, 1024, 1024, 1024, 1024, 1024, 1024, 1024, 1024, 1024, 1024, 1024, 1024, 1024, 1024, 1024, 1024, 1024, 1024, 1024, 1024, 1024, 1024, 1024, 1024, 1024, 1024, 1024, 1024, 1024, 1024, 1024, 1024, 1024, 1024, 1024, 1024, 1024, 1024, 1024, 1024, 1024, 1024, 1024, 1024, 1024, 1024, 1024, 1024, 1024, 1024, 1024, 1024, 1024, 1024]",2,64,64,66,512,64,576,1024,0.030303030303030304,true_mixed,True,False,True,66,0,0,False,0,0,BF16,CUDA_EVENT,generic,generic,none
0.001408000010997057,0.011264000087976456,0.0034560000291094183,0.0014400000218302011,0.003906255115813752,5,0.00979200005531311,0.021183999255299568,0.012230399809777737,0.010015999898314476,0.0044791950754358234,5,0.02844800055027008,0.05596800148487091,0.03667839989066124,0.03161599859595299,0.009944855171985512,5,0.11151999980211258,0.11315199732780457,0.1124223992228508,0.11238399893045425,0.0005398046070838676,5,0.0013760000001639128,0.001408000010997057,0.0014016000088304282,0.001408000010997057,1.2800004333257677e-05,5,2048,32,4,1,1,9216,FLASHINFER,"[256, 256]","[0, 0]","[2048, 2048, 2048, 2048, 2048, 2048, 2048, 2048, 2048, 2048, 2048, 2048, 2048, 2048, 2048, 2048, 2048, 2048, 2048, 2048, 2048, 2048, 2048, 2048, 2048, 2048, 2048, 2048, 2048, 2048, 2048, 2048, 2048, 2048, 2048, 2048, 2048, 2048, 2048, 2048, 2048, 2048, 2048, 2048, 2048, 2048, 2048, 2048, 2048, 2048, 2048, 2048, 2048, 2048, 2048, 2048, 2048, 2048, 2048, 2048, 2048, 2048, 2048, 2048]",2,64,64,66,512,64,576,2048,0.030303030303030304,true_mixed,True,False,True,66,0,0,False,0,0,BF16,CUDA_EVENT,generic,generic,none
0.010208000428974628,0.011455999687314034,0.010540800169110298,0.01027199998497963,0.0004757570129366049,5,0.01958400011062622,0.02195199951529503,0.020371199771761894,0.019967999309301376,0.0008518492463128066,5,0.060127999633550644,0.06639999896287918,0.062252800166606906,0.061216000467538834,0.0022905026452348415,5,0.02739199995994568,0.03798399865627289,0.031910399720072744,0.03203200176358223,0.0036566013391662786,5,0.00886400043964386,0.009824000298976898,0.00926080010831356,0.009216000325977802,0.00033045325910003106,5,2048,32,4,1,1,9216,FLASHINFER,"[512, 512]","[0, 0]",[128],2,1,1,3,1024,1,1025,128,0.6666666666666666,true_mixed,True,False,True,3,0,0,False,0,0,BF16,CUDA_EVENT,generic,generic,none
0.009920000098645687,0.01206399966031313,0.010527999885380269,0.01017600018531084,0.0007812194347634482,5,0.019840000197291374,0.021247999742627144,0.020313600078225136,0.02022399939596653,0.0004996098359674816,5,0.060575999319553375,0.06412799656391144,0.061689598858356474,0.06115199998021126,0.001256975829782937,5,0.02739199995994568,0.03222399950027466,0.02927359975874424,0.028991999104619026,0.0015935098592868035,5,0.008991999551653862,0.010048000141978264,0.009593600034713745,0.009600000455975533,0.00036843119765291884,5,2048,32,4,1,1,9216,FLASHINFER,"[512, 512]","[0, 0]",[256],2,1,1,3,1024,1,1025,256,0.6666666666666666,true_mixed,True,False,True,3,0,0,False,0,0,BF16,CUDA_EVENT,generic,generic,none
0.009920000098645687,0.01119999960064888,0.010374399833381176,0.01017600018531084,0.0004748091163853407,5,0.020160000771284103,0.02115200087428093,0.020665600523352624,0.020640000700950623,0.00032721471297352277,5,0.060575999319553375,0.06415999680757523,0.0618367999792099,0.060864001512527466,0.0014554330370187061,5,0.028192000463604927,0.03296000137925148,0.03030400015413761,0.030400000512599945,0.0016551151554911516,5,0.008927999995648861,0.0098879998549819,0.009523200057446956,0.009568000212311745,0.0003444128091315725,5,2048,32,4,1,1,9216,FLASHINFER,"[512, 512]","[0, 0]",[512],2,1,1,3,1024,1,1025,512,0.6666666666666666,true_mixed,True,False,True,3,0,0,False,0,0,BF16,CUDA_EVENT,generic,generic,none
0.01033599954098463,0.01119999960064888,0.0105791999027133,0.010432000271975994,0.0003145779381697714,5,0.019807999953627586,0.02195199951529503,0.020531200245022772,0.02035200037062168,0.0007393589931093945,5,0.06060799956321716,0.06400000303983688,0.06166400089859962,0.06083200126886368,0.001273102227186523,5,0.027264000847935677,0.0318400003015995,0.029280000180006028,0.028704000636935234,0.0015544227081971506,5,0.009056000038981438,0.010239999741315842,0.009555199928581715,0.009151999838650227,0.0005345437114201406,5,2048,32,4,1,1,9216,FLASHINFER,"[512, 512]","[0, 0]",[1024],2,1,1,3,1024,1,1025,1024,0.6666666666666666,true_mixed,True,False,True,3,0,0,False,0,0,BF16,CUDA_EVENT,generic,generic,none
0.010400000028312206,0.013248000293970108,0.01098880022764206,0.010432000271975994,0.0011296680208199867,5,0.019999999552965164,0.02348800003528595,0.02115199975669384,0.020735999569296837,0.00120500306764906,5,0.06047999858856201,0.06361600011587143,0.06151039972901344,0.06124800071120262,0.0011247263216509137,5,0.027807999402284622,0.033504001796245575,0.029760000482201576,0.028831999748945236,0.001988125480587221,5,0.009184000082314014,0.010304000228643417,0.00956800002604723,0.009440000168979168,0.0004042653741946218,5,2048,32,4,1,1,9216,FLASHINFER,"[512, 512]","[0, 0]",[2048],2,1,1,3,1024,1,1025,2048,0.6666666666666666,true_mixed,True,False,True,3,0,0,False,0,0,BF16,CUDA_EVENT,generic,generic,none
0.010048000141978264,0.011392000131309032,0.0105791999027133,0.010463999584317207,0.00044460430468285243,5,0.02022399939596653,0.02143999934196472,0.020633599907159805,0.020416000857949257,0.0004276039794679646,5,0.06038400158286095,0.06496000289916992,0.06160000115633011,0.06083200126886368,0.0016965440996112176,5,0.025760000571608543,0.03190400078892708,0.028806400299072266,0.028863999992609024,0.0019466313917306393,5,0.009151999838650227,0.010495999827980995,0.009587199799716473,0.009375999681651592,0.0004984609461561301,5,2048,32,4,1,1,9216,FLASHINFER,"[512, 512]","[0, 0]","[128, 128]",2,2,2,4,1024,2,1026,128,0.5,true_mixed,True,False,True,4,0,0,False,0,0,BF16,CUDA_EVENT,generic,generic,none
0.010111999697983265,0.012896000407636166,0.01079040002077818,0.010239999741315842,0.0010623616470735817,5,0.019967999309301376,0.022975999861955643,0.02085759975016117,0.020576000213623047,0.0011004279316943837,5,0.06047999858856201,0.06319999694824219,0.06140799894928932,0.06092799827456474,0.0009718724249137593,5,0.02844800055027008,0.03302399814128876,0.03001599982380867,0.029664000496268272,0.0016371986290916517,5,0.009440000168979168,0.010048000141978264,0.009804799966514111,0.009855999611318111,0.00020499987588992714,5,2048,32,4,1,1,9216,FLASHINFER,"[512, 512]","[0, 0]","[256, 256]",2,2,2,4,1024,2,1026,256,0.5,true_mixed,True,False,True,4,0,0,False,0,0,BF16,CUDA_EVENT,generic,generic,none
0.009983999654650688,0.012608000077307224,0.010604799911379813,0.010208000428974628,0.0010073853101566677,5,0.019967999309301376,0.02191999927163124,0.0208127997815609,0.020320000126957893,0.000767893249009223,5,0.06015999987721443,0.06319999694824219,0.061292799562215804,0.0607680007815361,0.0010756178865851474,5,0.026176000013947487,0.03324799984693527,0.02914559990167618,0.028543999418616295,0.0023688127982474548,5,0.008960000239312649,0.01033599954098463,0.009625600092113018,0.009472000412642956,0.0005093530277792782,5,2048,32,4,1,1,9216,FLASHINFER,"[512, 512]","[0, 0]","[512, 512]",2,2,2,4,1024,2,1026,512,0.5,true_mixed,True,False,True,4,0,0,False,0,0,BF16,CUDA_EVENT,generic,generic,none
0.010143999941647053,0.011839999817311764,0.01064319983124733,0.01033599954098463,0.0006382696519000043,5,0.02038400061428547,0.02239999920129776,0.020998399704694748,0.020735999569296837,0.0007150833530575896,5,0.06047999858856201,0.06400000303983688,0.06185600012540817,0.0615679994225502,0.0011619144889936,5,0.02707199938595295,0.031231999397277832,0.029107199981808662,0.028896000236272812,0.0013613509003808913,5,0.009119999594986439,0.009920000098645687,0.009446400031447411,0.00940799992531538,0.000264963224210343,5,2048,32,4,1,1,9216,FLASHINFER,"[512, 512]","[0, 0]","[1024, 1024]",2,2,2,4,1024,2,1026,1024,0.5,true_mixed,True,False,True,4,0,0,False,0,0,BF16,CUDA_EVENT,generic,generic,none
0.010111999697983265,0.011839999817311764,0.010617600008845329,0.010400000028312206,0.0006212945842479655,5,0.020416000857949257,0.022304000332951546,0.020889599993824958,0.02051199972629547,0.0007153701268639847,5,0.060256000608205795,0.06355199962854385,0.06162559986114502,0.0615679994225502,0.0010759613411434044,5,0.02755199931561947,0.03292800113558769,0.029343999922275543,0.02831999957561493,0.0019328641138162829,5,0.009440000168979168,0.01017600018531084,0.009740800224244594,0.009600000455975533,0.00027793988150944974,5,2048,32,4,1,1,9216,FLASHINFER,"[512, 512]","[0, 0]","[2048, 2048]",2,2,2,4,1024,2,1026,2048,0.5,true_mixed,True,False,True,4,0,0,False,0,0,BF16,CUDA_EVENT,generic,generic,none
0.00979200005531311,0.012959999963641167,0.010726400092244149,0.010304000228643417,0.0011572148085611574,5,0.01990400068461895,0.02252800017595291,0.02078080028295517,0.02054399996995926,0.0009077175720990486,5,0.061055999249219894,0.06483200192451477,0.062003199756145475,0.06140799820423126,0.001420829871256827,5,0.026655999943614006,0.03651199862360954,0.029414399713277816,0.028063999488949776,0.0035871066741988713,5,0.008991999551653862,0.0098879998549819,0.009503999724984169,0.00940799992531538,0.0003343962230460253,5,2048,32,4,1,1,9216,FLASHINFER,"[512, 512]","[0, 0]","[128, 128, 128, 128]",2,4,4,6,1024,4,1028,128,0.3333333333333333,true_mixed,True,False,True,6,0,0,False,0,0,BF16,CUDA_EVENT,generic,generic,none
0.009952000342309475,0.012160000391304493,0.010694400221109391,0.010495999827980995,0.0007715650952254431,5,0.02006400004029274,0.021856000646948814,0.020659200102090835,0.020447999238967896,0.0006674438997955809,5,0.060736000537872314,0.06467200070619583,0.061856000870466235,0.06137600168585777,0.0014491441954785713,5,0.026815999299287796,0.03235200047492981,0.028921600058674814,0.027615999802947044,0.0022006514196584413,5,0.009503999724984169,0.010495999827980995,0.009932799823582172,0.010048000141978264,0.00038218241780963103,5,2048,32,4,1,1,9216,FLASHINFER,"[512, 512]","[0, 0]","[256, 256, 256, 256]",2,4,4,6,1024,4,1028,256,0.3333333333333333,true_mixed,True,False,True,6,0,0,False,0,0,BF16,CUDA_EVENT,generic,generic,none
0.009440000168979168,0.012736000120639801,0.01045760028064251,0.010080000385642052,0.0011690121061460894,5,0.01929599978029728,0.023455999791622162,0.02056959979236126,0.019999999552965164,0.0014812094695169568,5,0.06047999858856201,0.06531199812889099,0.0618431992828846,0.06092799827456474,0.001798684370948,5,0.026464000344276428,0.03254399821162224,0.028633599728345872,0.02796800062060356,0.0022043697370016237,5,0.009119999594986439,0.009952000342309475,0.009433599933981896,0.00940799992531538,0.0002836293176574527,5,2048,32,4,1,1,9216,FLASHINFER,"[512, 512]","[0, 0]","[512, 512, 512, 512]",2,4,4,6,1024,4,1028,512,0.3333333333333333,true_mixed,True,False,True,6,0,0,False,0,0,BF16,CUDA_EVENT,generic,generic,none
0.010143999941647053,0.01283199992030859,0.010912000015377999,0.010623999871313572,0.0009817274281890558,5,0.01990400068461895,0.022016000002622604,0.020454400405287742,0.020031999796628952,0.0008030404481534027,5,0.06047999858856201,0.06358399987220764,0.06154879927635193,0.06115199998021126,0.0010760000962258417,5,0.02643200010061264,0.032735999673604965,0.028281600028276444,0.0272000003606081,0.002364745682155793,5,0.009279999881982803,0.009824000298976898,0.009497600048780442,0.009503999724984169,0.00018920640959191608,5,2048,32,4,1,1,9216,FLASHINFER,"[512, 512]","[0, 0]","[1024, 1024, 1024, 1024]",2,4,4,6,1024,4,1028,1024,0.3333333333333333,true_mixed,True,False,True,6,0,0,False,0,0,BF16,CUDA_EVENT,generic,generic,none
0.009696000255644321,0.013311999849975109,0.010649600066244602,0.010048000141978264,0.0013414679887059076,5,0.020096000283956528,0.02208000048995018,0.02059520035982132,0.020128000527620316,0.0007606582660450637,5,0.06022400036454201,0.06281600147485733,0.061497599631547925,0.061503998935222626,0.0010083607344664282,5,0.02844800055027008,0.034752000123262405,0.030412800237536432,0.0289280004799366,0.0023548694384149943,5,0.00863999966531992,0.0098879998549819,0.00933119971305132,0.009247999638319016,0.00045236736639628214,5,2048,32,4,1,1,9216,FLASHINFER,"[512, 512]","[0, 0]","[2048, 2048, 2048, 2048]",2,4,4,6,1024,4,1028,2048,0.3333333333333333,true_mixed,True,False,True,6,0,0,False,0,0,BF16,CUDA_EVENT,generic,generic,none
0.009920000098645687,0.011168000288307667,0.010444799996912479,0.010400000028312206,0.0004075951668413182,5,0.02006400004029274,0.022048000246286392,0.02070400007069111,0.020416000857949257,0.0007031267614541334,5,0.060896001756191254,0.06726399809122086,0.06302720010280609,0.06204799935221672,0.0023393369636242013,5,0.026208000257611275,0.03388800099492073,0.029625600203871727,0.02953599952161312,0.0029410352313084254,5,0.009279999881982803,0.009952000342309475,0.00958079993724823,0.009535999968647957,0.00023740472891882057,5,2048,32,4,1,1,9216,FLASHINFER,"[512, 512]","[0, 0]","[128, 128, 128, 128, 128, 128, 128, 128]",2,8,8,10,1024,8,1032,128,0.2,true_mixed,True,False,True,10,0,0,False,0,0,BF16,CUDA_EVENT,generic,generic,none
0.009983999654650688,0.012992000207304955,0.010796800069510937,0.010400000028312206,0.0011183714845369062,5,0.01945599913597107,0.022431999444961548,0.020479999482631683,0.02022399939596653,0.0010369185092620485,5,0.06019200012087822,0.06345599889755249,0.06143360063433647,0.061216000467538834,0.0011765206508579297,5,0.026623999699950218,0.03203200176358223,0.02858240008354187,0.02783999964594841,0.0018976196339291337,5,0.00886400043964386,0.010080000385642052,0.009324800223112106,0.009279999881982803,0.000410099707582238,5,2048,32,4,1,1,9216,FLASHINFER,"[512, 512]","[0, 0]","[256, 256, 256, 256, 256, 256, 256, 256]",2,8,8,10,1024,8,1032,256,0.2,true_mixed,True,False,True,10,0,0,False,0,0,BF16,CUDA_EVENT,generic,generic,none
0.009983999654650688,0.012896000407636166,0.010816000029444694,0.010367999784648418,0.0010779775726027553,5,0.019967999309301376,0.022752000018954277,0.020787199959158897,0.020287999883294106,0.0010172981040311795,5,0.060256000608205795,0.06435199826955795,0.061625600606203076,0.06137600168585777,0.001504394002007511,5,0.026559999212622643,0.03276799991726875,0.028652799874544145,0.02768000029027462,0.002195078882932749,5,0.008991999551653862,0.009920000098645687,0.009350400045514106,0.009312000125646591,0.0003259605822952209,5,2048,32,4,1,1,9216,FLASHINFER,"[512, 512]","[0, 0]","[512, 512, 512, 512, 512, 512, 512, 512]",2,8,8,10,1024,8,1032,512,0.2,true_mixed,True,False,True,10,0,0,False,0,0,BF16,CUDA_EVENT,generic,generic,none
0.010080000385642052,0.013120000250637531,0.010848000086843968,0.010367999784648418,0.0011452245740755098,5,0.019711999222636223,0.022816000506281853,0.02077440023422241,0.020576000213623047,0.0010715750775647463,5,0.06006399914622307,0.06572800129652023,0.0617407999932766,0.06092799827456474,0.0020728103770624668,5,0.028704000636935234,0.03094400092959404,0.029664000123739244,0.029440000653266907,0.0007596884927271347,5,0.008960000239312649,0.009983999654650688,0.009299200028181076,0.008960000239312649,0.0004300873599055072,5,2048,32,4,1,1,9216,FLASHINFER,"[512, 512]","[0, 0]","[1024, 1024, 1024, 1024, 1024, 1024, 1024, 1024]",2,8,8,10,1024,8,1032,1024,0.2,true_mixed,True,False,True,10,0,0,False,0,0,BF16,CUDA_EVENT,generic,generic,none
0.010208000428974628,0.013088000006973743,0.010950400121510028,0.010463999584317207,0.0010895799472844807,5,0.02239999920129776,0.02348800003528595,0.02287999987602234,0.022784000262618065,0.0003665365059216192,5,0.0623680017888546,0.0652799978852272,0.06330880001187325,0.06268800050020218,0.0010799882805121199,5,0.03721600025892258,0.04291199892759323,0.03935360014438629,0.03868800029158592,0.0019379844841445198,5,0.004416000097990036,0.008991999551653862,0.0058431999757885935,0.005024000070989132,0.0016445133954941322,5,2048,32,4,1,1,9216,FLASHINFER,"[512, 512]","[0, 0]","[2048, 2048, 2048, 2048, 2048, 2048, 2048, 2048]",2,8,8,10,1024,8,1032,2048,0.2,true_mixed,True,False,True,10,0,0,False,0,0,BF16,CUDA_EVENT,generic,generic,none
0.009664000011980534,0.01283199992030859,0.010886400006711483,0.01056000031530857,0.0010648645809094152,5,0.0197759997099638,0.0226879995316267,0.020742399618029594,0.020479999482631683,0.0010063274404625978,5,0.06006399914622307,0.0644799992442131,0.06129280030727387,0.0607680007815361,0.001618782132308339,5,0.024032000452280045,0.03286400064826012,0.028032000362873077,0.02800000086426735,0.002906896616606196,5,0.008671999908983707,0.009600000455975533,0.009305600076913834,0.00940799992531538,0.0003259606298384555,5,2048,32,4,1,1,9216,FLASHINFER,"[512, 512]","[0, 0]","[128, 128, 128, 128, 128, 128, 128, 128, 128, 128, 128, 128, 128, 128, 128, 128]",2,16,16,18,1024,16,1040,128,0.1111111111111111,true_mixed,True,False,True,18,0,0,False,0,0,BF16,CUDA_EVENT,generic,generic,none
0.009920000098645687,0.012992000207304955,0.010848000086843968,0.010367999784648418,0.0010973714612344855,5,0.020191999152302742,0.022463999688625336,0.02085759975016117,0.02054399996995926,0.000834801505165676,5,0.060256000608205795,0.06374400109052658,0.06154240071773529,0.0613120011985302,0.0011705880876484494,5,0.026496000587940216,0.03174399957060814,0.02866559997200966,0.02831999957561493,0.0017151997772171586,5,0.008927999995648861,0.009855999611318111,0.009478400088846683,0.009600000455975533,0.0003542617353793893,5,2048,32,4,1,1,9216,FLASHINFER,"[512, 512]","[0, 0]","[256, 256, 256, 256, 256, 256, 256, 256, 256, 256, 256, 256, 256, 256, 256, 256]",2,16,16,18,1024,16,1040,256,0.1111111111111111,true_mixed,True,False,True,18,0,0,False,0,0,BF16,CUDA_EVENT,generic,generic,none
0.010048000141978264,0.01321600005030632,0.010899200104176998,0.01027199998497963,0.0011850546405739223,5,0.020320000126957893,0.02287999913096428,0.02101759985089302,0.02070399932563305,0.0009553805382793569,5,0.06060799956321716,0.06639999896287918,0.06247040033340454,0.061535999178886414,0.0021254742374926822,5,0.028991999104619026,0.03286400064826012,0.030284800007939337,0.02940800040960312,0.0014845520031939112,5,0.008832000195980072,0.010015999898314476,0.009408000111579894,0.009279999881982803,0.0004457083684764662,5,2048,32,4,1,1,9216,FLASHINFER,"[512, 512]","[0, 0]","[512, 512, 512, 512, 512, 512, 512, 512, 512, 512, 512, 512, 512, 512, 512, 512]",2,16,16,18,1024,16,1040,512,0.1111111111111111,true_mixed,True,False,True,18,0,0,False,0,0,BF16,CUDA_EVENT,generic,generic,none
0.009920000098645687,0.013151999562978745,0.01086719986051321,0.010400000028312206,0.0011595484407623913,5,0.022463999688625336,0.023264000192284584,0.02287999987602234,0.02287999913096428,0.00025519886750714163,5,0.06201599910855293,0.06601600348949432,0.06360960081219673,0.06335999816656113,0.0013750934248237842,5,0.03513599932193756,0.044064000248909,0.03935359939932823,0.038495998829603195,0.0032484905077674753,5,0.0054720002226531506,0.008415999822318554,0.006879999954253435,0.00687999976798892,0.0010611267793288138,5,2048,32,4,1,1,9216,FLASHINFER,"[512, 512]","[0, 0]","[1024, 1024, 1024, 1024, 1024, 1024, 1024, 1024, 1024, 1024, 1024, 1024, 1024, 1024, 1024, 1024]",2,16,16,18,1024,16,1040,1024,0.1111111111111111,true_mixed,True,False,True,18,0,0,False,0,0,BF16,CUDA_EVENT,generic,generic,none
0.00886400043964386,0.011392000131309032,0.010022400133311748,0.009920000098645687,0.0008058409976121214,5,0.02195199951529503,0.023423999547958374,0.022655999660491942,0.02271999977529049,0.00047935961691876266,5,0.06204799935221672,0.07103999704122543,0.06499839872121811,0.06332799792289734,0.003380350272529688,5,0.05040000006556511,0.0541439987719059,0.05213439986109734,0.05161599814891815,0.0012843762107567318,5,0.0013760000001639128,0.0017920000245794654,0.0014848000137135386,0.001408000010997057,0.00015492760227388443,5,2048,32,4,1,1,9216,FLASHINFER,"[512, 512]","[0, 0]","[2048, 2048, 2048, 2048, 2048, 2048, 2048, 2048, 2048, 2048, 2048, 2048, 2048, 2048, 2048, 2048]",2,16,16,18,1024,16,1040,2048,0.1111111111111111,true_mixed,True,False,True,18,0,0,False,0,0,BF16,CUDA_EVENT,generic,generic,none
0.009759999811649323,0.01142400037497282,0.01022719983011484,0.009855999611318111,0.0006207012879030896,5,0.0197759997099638,0.02208000048995018,0.0205375999212265,0.020255999639630318,0.0008206989956582901,5,0.060896001756191254,0.06310400366783142,0.06156800091266632,0.06124800071120262,0.000816346334608099,5,0.02659199945628643,0.030368000268936157,0.027878399938344955,0.027583999559283257,0.0013276570108523506,5,0.008704000152647495,0.009503999724984169,0.009203199855983257,0.009247999638319016,0.00028449414657026243,5,2048,32,4,1,1,9216,FLASHINFER,"[512, 512]","[0, 0]","[128, 128, 128, 128, 128, 128, 128, 128, 128, 128, 128, 128, 128, 128, 128, 128, 128, 128, 128, 128, 128, 128, 128, 128, 128, 128, 128, 128, 128, 128, 128, 128]",2,32,32,34,1024,32,1056,128,0.058823529411764705,true_mixed,True,False,True,34,0,0,False,0,0,BF16,CUDA_EVENT,generic,generic,none
0.010015999898314476,0.011872000060975552,0.010624000057578086,0.010304000228643417,0.0007045816303748732,5,0.020255999639630318,0.02236800082027912,0.020947200059890748,0.020800000056624413,0.0007579613652658067,5,0.061055999249219894,0.06345599889755249,0.062118399143219,0.061535999178886414,0.0010520940009034903,5,0.03126399964094162,0.036159999668598175,0.03301760032773018,0.03283200040459633,0.0016953839348590857,5,0.009184000082314014,0.009952000342309475,0.009593600034713745,0.009568000212311745,0.0002829060588988596,5,2048,32,4,1,1,9216,FLASHINFER,"[512, 512]","[0, 0]","[256, 256, 256, 256, 256, 256, 256, 256, 256, 256, 256, 256, 256, 256, 256, 256, 256, 256, 256, 256, 256, 256, 256, 256, 256, 256, 256, 256, 256, 256, 256, 256]",2,32,32,34,1024,32,1056,256,0.058823529411764705,true_mixed,True,False,True,34,0,0,False,0,0,BF16,CUDA_EVENT,generic,generic,none
0.009920000098645687,0.012864000163972378,0.01081600021570921,0.01027199998497963,0.0010642105045118614,5,0.022495999932289124,0.024032000452280045,0.02324480004608631,0.022943999618291855,0.0006216901195341558,5,0.06169600039720535,0.06585600227117538,0.063264000415802,0.06272000074386597,0.0014244860815152448,5,0.038015998899936676,0.04089599847793579,0.03934079930186272,0.03903999924659729,0.0010484285977644717,5,0.0044479998759925365,0.006047999951988459,0.004902399983257056,0.004575999919325113,0.0005922680396078276,5,2048,32,4,1,1,9216,FLASHINFER,"[512, 512]","[0, 0]","[512, 512, 512, 512, 512, 512, 512, 512, 512, 512, 512, 512, 512, 512, 512, 512, 512, 512, 512, 512, 512, 512, 512, 512, 512, 512, 512, 512, 512, 512, 512, 512]",2,32,32,34,1024,32,1056,512,0.058823529411764705,true_mixed,True,False,True,34,0,0,False,0,0,BF16,CUDA_EVENT,generic,generic,none
0.009824000298976898,0.011327999643981457,0.010457600094377994,0.010208000428974628,0.0005697076900125252,5,0.022112000733613968,0.023871999233961105,0.022732800245285033,0.02236800082027912,0.0006376270101840695,5,0.06191999837756157,0.06700800359249115,0.06349440142512322,0.06275200098752975,0.0017962705659724614,5,0.050303999334573746,0.05423999950289726,0.05212800055742264,0.05209600180387497,0.001287020709072937,5,0.001408000010997057,0.0014400000218302011,0.0014144000131636858,0.001408000010997057,1.2800004333257675e-05,5,2048,32,4,1,1,9216,FLASHINFER,"[512, 512]","[0, 0]","[1024, 1024, 1024, 1024, 1024, 1024, 1024, 1024, 1024, 1024, 1024, 1024, 1024, 1024, 1024, 1024, 1024, 1024, 1024, 1024, 1024, 1024, 1024, 1024, 1024, 1024, 1024, 1024, 1024, 1024, 1024, 1024]",2,32,32,34,1024,32,1056,1024,0.058823529411764705,true_mixed,True,False,True,34,0,0,False,0,0,BF16,CUDA_EVENT,generic,generic,none
0.001408000010997057,0.011136000044643879,0.00336000001989305,0.001408000010997057,0.0038880197654249677,5,0.01929599978029728,0.023360000923275948,0.02165120020508766,0.022592000663280487,0.0015919932510815695,5,0.0615679994225502,0.06444799900054932,0.06266240030527115,0.06252799928188324,0.0010116046246794813,5,0.06867200136184692,0.07491199672222137,0.07138559967279434,0.07097599655389786,0.002248157881958039,5,0.001408000010997057,0.0014400000218302011,0.0014144000131636858,0.001408000010997057,1.2800004333257675e-05,5,2048,32,4,1,1,9216,FLASHINFER,"[512, 512]","[0, 0]","[2048, 2048, 2048, 2048, 2048, 2048, 2048, 2048, 2048, 2048, 2048, 2048, 2048, 2048, 2048, 2048, 2048, 2048, 2048, 2048, 2048, 2048, 2048, 2048, 2048, 2048, 2048, 2048, 2048, 2048, 2048, 2048]",2,32,32,34,1024,32,1056,2048,0.058823529411764705,true_mixed,True,False,True,34,0,0,False,0,0,BF16,CUDA_EVENT,generic,generic,none
0.009664000011980534,0.011359999887645245,0.010367999970912933,0.010208000428974628,0.0005795445673495261,5,0.021215999498963356,0.02284800074994564,0.021612799912691116,0.021247999742627144,0.0006262854721281335,5,0.061184000223875046,0.06441599875688553,0.06204160004854202,0.0613120011985302,0.0012199338953965914,5,0.02534399926662445,0.031039999797940254,0.02807039991021156,0.027936000376939774,0.001819154413328178,5,0.008960000239312649,0.00979200005531311,0.00939520001411438,0.009503999724984169,0.00031910258299586446,5,2048,32,4,1,1,9216,FLASHINFER,"[512, 512]","[0, 0]","[128, 128, 128, 128, 128, 128, 128, 128, 128, 128, 128, 128, 128, 128, 128, 128, 128, 128, 128, 128, 128, 128, 128, 128, 128, 128, 128, 128, 128, 128, 128, 128, 128, 128, 128, 128, 128, 128, 128, 128, 128, 128, 128, 128, 128, 128, 128, 128, 128, 128, 128, 128, 128, 128, 128, 128, 128, 128, 128, 128, 128, 128, 128, 128]",2,64,64,66,1024,64,1088,128,0.030303030303030304,true_mixed,True,False,True,66,0,0,False,0,0,BF16,CUDA_EVENT,generic,generic,none
0.009824000298976898,0.011327999643981457,0.010259200073778629,0.010048000141978264,0.0005596247775357943,5,0.023584000766277313,0.024927999824285507,0.02396799996495247,0.02377600036561489,0.0004961547242290057,5,0.06207999959588051,0.06672000139951706,0.06357120051980018,0.06268800050020218,0.0016731569945523123,5,0.03388800099492073,0.03859199956059456,0.03511039987206459,0.03407999873161316,0.0017942154532010345,5,0.0030400000978261232,0.0080960001796484,0.00550400004722178,0.005696000065654516,0.0017019669069244946,5,2048,32,4,1,1,9216,FLASHINFER,"[512, 512]","[0, 0]","[256, 256, 256, 256, 256, 256, 256, 256, 256, 256, 256, 256, 256, 256, 256, 256, 256, 256, 256, 256, 256, 256, 256, 256, 256, 256, 256, 256, 256, 256, 256, 256, 256, 256, 256, 256, 256, 256, 256, 256, 256, 256, 256, 256, 256, 256, 256, 256, 256, 256, 256, 256, 256, 256, 256, 256, 256, 256, 256, 256, 256, 256, 256, 256]",2,64,64,66,1024,64,1088,256,0.030303030303030304,true_mixed,True,False,True,66,0,0,False,0,0,BF16,CUDA_EVENT,generic,generic,none
0.009503999724984169,0.010879999957978725,0.010073599964380264,0.009952000342309475,0.0004748093247715644,5,0.023231999948620796,0.024447999894618988,0.023795200139284135,0.02393599972128868,0.0004459838390869568,5,0.06172800064086914,0.06496000289916992,0.06295040026307105,0.06284800171852112,0.0011596908789001093,5,0.04572800174355507,0.05052800104022026,0.047776000946760176,0.04755200073122978,0.00164207058507062,5,0.0013760000001639128,0.001408000010997057,0.0013888000044971704,0.0013760000001639128,1.5676739660947454e-05,5,2048,32,4,1,1,9216,FLASHINFER,"[512, 512]","[0, 0]","[512, 512, 512, 512, 512, 512, 512, 512, 512, 512, 512, 512, 512, 512, 512, 512, 512, 512, 512, 512, 512, 512, 512, 512, 512, 512, 512, 512, 512, 512, 512, 512, 512, 512, 512, 512, 512, 512, 512, 512, 512, 512, 512, 512, 512, 512, 512, 512, 512, 512, 512, 512, 512, 512, 512, 512, 512, 512, 512, 512, 512, 512, 512, 512]",2,64,64,66,1024,64,1088,512,0.030303030303030304,true_mixed,True,False,True,66,0,0,False,0,0,BF16,CUDA_EVENT,generic,generic,none
0.001408000010997057,0.011487999930977821,0.003430399997159839,0.001408000010997057,0.004028819029625169,5,0.023135999217629433,0.024320000782608986,0.023660799860954283,0.02364799939095974,0.00039483438727792874,5,0.06115199998021126,0.06752000004053116,0.06307840049266815,0.06217600032687187,0.00230412448618361,5,0.06438399851322174,0.06915199756622314,0.066559998691082,0.06665600091218948,0.0016319369113307186,5,0.0013760000001639128,0.001408000010997057,0.0013888000044971704,0.0013760000001639128,1.5676739660947454e-05,5,2048,32,4,1,1,9216,FLASHINFER,"[512, 512]","[0, 0]","[1024, 1024, 1024, 1024, 1024, 1024, 1024, 1024, 1024, 1024, 1024, 1024, 1024, 1024, 1024, 1024, 1024, 1024, 1024, 1024, 1024, 1024, 1024, 1024, 1024, 1024, 1024, 1024, 1024, 1024, 1024, 1024, 1024, 1024, 1024, 1024, 1024, 1024, 1024, 1024, 1024, 1024, 1024, 1024, 1024, 1024, 1024, 1024, 1024, 1024, 1024, 1024, 1024, 1024, 1024, 1024, 1024, 1024, 1024, 1024, 1024, 1024, 1024, 1024]",2,64,64,66,1024,64,1088,1024,0.030303030303030304,true_mixed,True,False,True,66,0,0,False,0,0,BF16,CUDA_EVENT,generic,generic,none
0.001408000010997057,0.011648000217974186,0.0034624000545591116,0.001408000010997057,0.004092818846336742,5,0.01369599997997284,0.02425600029528141,0.01614720020443201,0.014368000440299511,0.004063198710138669,5,0.0382080003619194,0.06380800157785416,0.045107199996709826,0.04016000032424927,0.009583572727938422,5,0.0990080013871193,0.10707200318574905,0.1032704010605812,0.10358399897813797,0.002577651617892624,5,0.0013760000001639128,0.001408000010997057,0.0013952000066637994,0.001408000010997057,1.5676739660947454e-05,5,2048,32,4,1,1,9216,FLASHINFER,"[512, 512]","[0, 0]","[2048, 2048, 2048, 2048, 2048, 2048, 2048, 2048, 2048, 2048, 2048, 2048, 2048, 2048, 2048, 2048, 2048, 2048, 2048, 2048, 2048, 2048, 2048, 2048, 2048, 2048, 2048, 2048, 2048, 2048, 2048, 2048, 2048, 2048, 2048, 2048, 2048, 2048, 2048, 2048, 2048, 2048, 2048, 2048, 2048, 2048, 2048, 2048, 2048, 2048, 2048, 2048, 2048, 2048, 2048, 2048, 2048, 2048, 2048, 2048, 2048, 2048, 2048, 2048]",2,64,64,66,1024,64,1088,2048,0.030303030303030304,true_mixed,True,False,True,66,0,0,False,0,0,BF16,CUDA_EVENT,generic,generic,none
0.004031999967992306,0.011680000461637974,0.007654399983584881,0.007199999876320362,0.002876257227387817,5,0.02848000079393387,0.030527999624609947,0.029260800033807755,0.028991999104619026,0.0006989196002925427,5,0.10236799716949463,0.10742399841547012,0.10422399789094924,0.10345599800348282,0.0019475362628660897,5,0.014655999839305878,0.015519999898970127,0.015007999911904334,0.014879999682307243,0.0003128808853224362,5,0.001408000010997057,0.0014400000218302011,0.0014144000131636858,0.001408000010997057,1.2800004333257675e-05,5,2048,32,4,1,1,9216,FLASHINFER,"[1024, 1024]","[0, 0]",[128],2,1,1,3,2048,1,2049,128,0.6666666666666666,true_mixed,True,False,True,3,0,0,False,0,0,BF16,CUDA_EVENT,generic,generic,none
0.00595200015231967,0.01206399966031313,0.008921599853783846,0.010111999697983265,0.002420638619500614,5,0.02864000014960766,0.0297279991209507,0.029126400128006935,0.028960000723600388,0.0003815383724803857,5,0.10233599692583084,0.10649599879980087,0.10398719906806946,0.10406400263309479,0.0015292658793279207,5,0.014751999638974667,0.016575999557971954,0.01551359985023737,0.015263999812304974,0.0007199358658335279,5,0.001408000010997057,0.0014400000218302011,0.0014144000131636858,0.001408000010997057,1.2800004333257677e-05,5,2048,32,4,1,1,9216,FLASHINFER,"[1024, 1024]","[0, 0]",[256],2,1,1,3,2048,1,2049,256,0.6666666666666666,true_mixed,True,False,True,3,0,0,False,0,0,BF16,CUDA_EVENT,generic,generic,none
0.005727999843657017,0.011264000087976456,0.008800000045448541,0.010111999697983265,0.00217590593074411,5,0.029632000252604485,0.030592000111937523,0.029926400259137155,0.029759999364614487,0.0003496063824064051,5,0.10182400047779083,0.10745599865913391,0.10400639921426773,0.10355199873447418,0.001961200213305402,5,0.014720000326633453,0.016095999628305435,0.015347200073301792,0.015296000055968761,0.000505802373617106,5,0.001408000010997057,0.0015040000434964895,0.0014528000261634587,0.0014400000218302011,3.2633735934676545e-05,5,2048,32,4,1,1,9216,FLASHINFER,"[1024, 1024]","[0, 0]",[512],2,1,1,3,2048,1,2049,512,0.6666666666666666,true_mixed,True,False,True,3,0,0,False,0,0,BF16,CUDA_EVENT,generic,generic,none
0.004896000027656555,0.012032000347971916,0.008825600147247314,0.009568000212311745,0.0024211464169180616,5,0.029600000008940697,0.030719999223947525,0.030048000067472456,0.029920000582933426,0.0003780875149516566,5,0.10255999863147736,0.10691200196743011,0.10439040064811707,0.10400000214576721,0.00143785172745981,5,0.01532800029963255,0.01635199971497059,0.015955200232565404,0.01600000075995922,0.000388559327628663,5,0.0014400000218302011,0.0019199999514967203,0.0016319999936968087,0.0014400000218302011,0.0002351509808509571,5,2048,32,4,1,1,9216,FLASHINFER,"[1024, 1024]","[0, 0]",[1024],2,1,1,3,2048,1,2049,1024,0.6666666666666666,true_mixed,True,False,True,3,0,0,False,0,0,BF16,CUDA_EVENT,generic,generic,none
0.0024319998919963837,0.011711999773979187,0.0062079998198896645,0.004127999767661095,0.0038223057988363944,5,0.029759999364614487,0.031328000128269196,0.030399999767541885,0.03049599938094616,0.0005659570277559483,5,0.10252799838781357,0.10902400314807892,0.1044863998889923,0.10335999727249146,0.002410296511117096,5,0.016416000202298164,0.01759999990463257,0.01708800010383129,0.017152000218629837,0.0003813239429147722,5,0.0014400000218302011,0.0017600000137463212,0.0015168000245466828,0.0014720000326633453,0.00012243920460922768,5,2048,32,4,1,1,9216,FLASHINFER,"[1024, 1024]","[0, 0]",[2048],2,1,1,3,2048,1,2049,2048,0.6666666666666666,true_mixed,True,False,True,3,0,0,False,0,0,BF16,CUDA_EVENT,generic,generic,none
0.002015999983996153,0.012480000033974648,0.007731200009584427,0.00687999976798892,0.003597779251944676,5,0.02844800055027008,0.02956799976527691,0.028992000222206115,0.028991999104619026,0.00038559643230708427,5,0.1024319976568222,0.10675200074911118,0.10455040037631988,0.10470400005578995,0.0014438219207346028,5,0.015039999969303608,0.016416000202298164,0.01565439999103546,0.01587199978530407,0.0005375238607922799,5,0.001408000010997057,0.0014400000218302011,0.0014208000153303145,0.001408000010997057,1.5676739660947454e-05,5,2048,32,4,1,1,9216,FLASHINFER,"[1024, 1024]","[0, 0]","[128, 128]",2,2,2,4,2048,2,2050,128,0.5,true_mixed,True,False,True,4,0,0,False,0,0,BF16,CUDA_EVENT,generic,generic,none
0.005344000179320574,0.011264000087976456,0.008556800056248903,0.009600000455975533,0.002302363873020552,5,0.02940800040960312,0.030751999467611313,0.029977599903941155,0.029920000582933426,0.00048251044829883714,5,0.10300800204277039,0.10873600095510483,0.10476160049438477,0.10412800312042236,0.0020747654357023233,5,0.01539199985563755,0.017696000635623932,0.016531200148165226,0.016704000532627106,0.0009222665395253077,5,0.001408000010997057,0.001408000010997057,0.001408000010997057,0.001408000010997057,0.0,5,2048,32,4,1,1,9216,FLASHINFER,"[1024, 1024]","[0, 0]","[256, 256]",2,2,2,4,2048,2,2050,256,0.5,true_mixed,True,False,True,4,0,0,False,0,0,BF16,CUDA_EVENT,generic,generic,none
0.0025919999461621046,0.011648000217974186,0.00765440003015101,0.007040000054985285,0.003104455327334306,5,0.02921600081026554,0.03094400092959404,0.029932800307869913,0.029791999608278275,0.0006369850020705311,5,0.10259199887514114,0.10751999914646149,0.10423679947853089,0.10367999970912933,0.0017117579098690169,5,0.015936000272631645,0.017535999417304993,0.01643519997596741,0.01616000011563301,0.0005712154150919195,5,0.001408000010997057,0.0014400000218302011,0.0014272000174969436,0.0014400000218302011,1.5676739660947454e-05,5,2048,32,4,1,1,9216,FLASHINFER,"[1024, 1024]","[0, 0]","[512, 512]",2,2,2,4,2048,2,2050,512,0.5,true_mixed,True,False,True,4,0,0,False,0,0,BF16,CUDA_EVENT,generic,generic,none
0.004544000141322613,0.011935999616980553,0.007724799960851669,0.007391999941319227,0.0023885463642760417,5,0.029952000826597214,0.031328000128269196,0.030451199784874917,0.030271999537944794,0.0005178070467768159,5,0.1034879982471466,0.10851199924945831,0.1047999992966652,0.10384000092744827,0.0018947675394933867,5,0.016831999644637108,0.018400000408291817,0.017811200022697447,0.01817600056529045,0.0006373067210758313,5,0.001408000010997057,0.0014400000218302011,0.0014336000196635724,0.0014400000218302011,1.2800004333257675e-05,5,2048,32,4,1,1,9216,FLASHINFER,"[1024, 1024]","[0, 0]","[1024, 1024]",2,2,2,4,2048,2,2050,1024,0.5,true_mixed,True,False,True,4,0,0,False,0,0,BF16,CUDA_EVENT,generic,generic,none
0.001408000010997057,0.012160000391304493,0.0041472001001238825,0.001408000010997057,0.004165490677493175,5,0.029983999207615852,0.03126399964094162,0.030508799850940703,0.030432000756263733,0.00041996879647296777,5,0.1027199998497963,0.1093439981341362,0.10442239940166473,0.10326399654150009,0.002481549297991021,5,0.01926399953663349,0.021344000473618507,0.0204415999352932,0.020479999482631683,0.0007971534593724698,5,0.001408000010997057,0.0017600000137463212,0.0014784000115469099,0.001408000010997057,0.0001408000010997057,5,2048,32,4,1,1,9216,FLASHINFER,"[1024, 1024]","[0, 0]","[2048, 2048]",2,2,2,4,2048,2,2050,2048,0.5,true_mixed,True,False,True,4,0,0,False,0,0,BF16,CUDA_EVENT,generic,generic,none
0.0038079998921602964,0.011327999643981457,0.007379199890419841,0.006144000217318535,0.0029896700063318125,5,0.029503999277949333,0.030848000198602676,0.029907199367880822,0.0297279991209507,0.00047833350313502887,5,0.10159999877214432,0.10911999642848969,0.10410879999399185,0.10380800068378448,0.002669926303592667,5,0.015296000055968761,0.017472000792622566,0.016556799970567228,0.016767999157309532,0.0008074150909267075,5,0.001408000010997057,0.0014400000218302011,0.0014208000153303145,0.001408000010997057,1.5676739660947454e-05,5,2048,32,4,1,1,9216,FLASHINFER,"[1024, 1024]","[0, 0]","[128, 128, 128, 128]",2,4,4,6,2048,4,2052,128,0.3333333333333333,true_mixed,True,False,True,6,0,0,False,0,0,BF16,CUDA_EVENT,generic,generic,none
0.002400000113993883,0.011680000461637974,0.006464000139385462,0.00559999980032444,0.0038663630537601607,5,0.029152000322937965,0.03049599938094616,0.02979840002954006,0.029632000252604485,0.00047004047427906016,5,0.10201600193977356,0.10739199817180634,0.10399359911680221,0.10342399775981903,0.00185383483259645,5,0.015552000142633915,0.017664000391960144,0.016556799970567228,0.0163199994713068,0.0008402303027798942,5,0.001408000010997057,0.0014400000218302011,0.0014336000196635724,0.0014400000218302011,1.2800004333257675e-05,5,2048,32,4,1,1,9216,FLASHINFER,"[1024, 1024]","[0, 0]","[256, 256, 256, 256]",2,4,4,6,2048,4,2052,256,0.3333333333333333,true_mixed,True,False,True,6,0,0,False,0,0,BF16,CUDA_EVENT,generic,generic,none
0.0015999999595806003,0.012256000190973282,0.005529599939472973,0.0029120000544935465,0.0040844537337964585,5,0.029888000339269638,0.03734400123357773,0.03203200064599514,0.0306560005992651,0.0027497669548791222,5,0.10147199779748917,0.1088000014424324,0.10393600016832352,0.10384000092744827,0.0026531852014578584,5,0.016287999227643013,0.018688000738620758,0.01762559972703457,0.017791999503970146,0.0008731725451374783,5,0.001408000010997057,0.0014720000326633453,0.0014272000174969436,0.001408000010997057,2.560000866651535e-05,5,2048,32,4,1,1,9216,FLASHINFER,"[1024, 1024]","[0, 0]","[512, 512, 512, 512]",2,4,4,6,2048,4,2052,512,0.3333333333333333,true_mixed,True,False,True,6,0,0,False,0,0,BF16,CUDA_EVENT,generic,generic,none
0.001408000010997057,0.012032000347971916,0.00462720007635653,0.0014400000218302011,0.004257881201444853,5,0.03033600002527237,0.03167999908328056,0.03079039976000786,0.0306560005992651,0.00047394555505867717,5,0.10249599814414978,0.10998400300741196,0.10492160022258759,0.10387200117111206,0.0026141017915689573,5,0.01958400011062622,0.02022399939596653,0.019942399859428406,0.020031999796628952,0.00022299182331727115,5,0.001408000010997057,0.0019199999514967203,0.0015743999974802136,0.001408000010997057,0.00021264955038278452,5,2048,32,4,1,1,9216,FLASHINFER,"[1024, 1024]","[0, 0]","[1024, 1024, 1024, 1024]",2,4,4,6,2048,4,2052,1024,0.3333333333333333,true_mixed,True,False,True,6,0,0,False,0,0,BF16,CUDA_EVENT,generic,generic,none
0.001408000010997057,0.01119999960064888,0.0033727999310940505,0.001408000010997057,0.0039136194586180464,5,0.031168000772595406,0.03206399828195572,0.031513599678874016,0.03136000037193298,0.00033094790305373254,5,0.10236799716949463,0.10847999900579453,0.1043967992067337,0.10380800068378448,0.0022139378321986373,5,0.023679999634623528,0.026496000587940216,0.025068800151348113,0.02473600022494793,0.0011034389736718365,5,0.001408000010997057,0.001888000057078898,0.0015680000185966491,0.001408000010997057,0.00020238578354496073,5,2048,32,4,1,1,9216,FLASHINFER,"[1024, 1024]","[0, 0]","[2048, 2048, 2048, 2048]",2,4,4,6,2048,4,2052,2048,0.3333333333333333,true_mixed,True,False,True,6,0,0,False,0,0,BF16,CUDA_EVENT,generic,generic,none
0.005408000200986862,0.011807999573647976,0.007731200009584427,0.006016000173985958,0.002523872936451925,5,0.029120000079274178,0.030368000268936157,0.029740800336003303,0.029632000252604485,0.000456872177841591,5,0.10150399804115295,0.10719999670982361,0.10398719906806946,0.10380800068378448,0.001966018885087061,5,0.0161920003592968,0.017632000148296356,0.016889599710702898,0.01679999940097332,0.0006042494852687863,5,0.001408000010997057,0.0014400000218302011,0.0014208000153303145,0.001408000010997057,1.5676739660947454e-05,5,2048,32,4,1,1,9216,FLASHINFER,"[1024, 1024]","[0, 0]","[128, 128, 128, 128, 128, 128, 128, 128]",2,8,8,10,2048,8,2056,128,0.2,true_mixed,True,False,True,10,0,0,False,0,0,BF16,CUDA_EVENT,generic,generic,none
0.001408000010997057,0.013311999849975109,0.006995199993252754,0.0060800001956522465,0.0043635422463361665,5,0.02985600009560585,0.03171199932694435,0.030502399802207945,0.030239999294281006,0.0006496549386018202,5,0.10259199887514114,0.11468800157308578,0.10734719932079315,0.10467199981212616,0.004519805857646958,5,0.016575999557971954,0.019007999449968338,0.01775359995663166,0.017791999503970146,0.0009108259411446191,5,0.0014400000218302011,0.0019839999731630087,0.0015999999828636645,0.001567999948747456,0.00020035167679767146,5,2048,32,4,1,1,9216,FLASHINFER,"[1024, 1024]","[0, 0]","[256, 256, 256, 256, 256, 256, 256, 256]",2,8,8,10,2048,8,2056,256,0.2,true_mixed,True,False,True,10,0,0,False,0,0,BF16,CUDA_EVENT,generic,generic,none
0.001408000010997057,0.011776000261306763,0.00434560002759099,0.0024319998919963837,0.0039053847784973066,5,0.030239999294281006,0.03177599981427193,0.030771199986338614,0.030688000842928886,0.0005360740016349742,5,0.10118400305509567,0.10886400192975998,0.10428159981966019,0.1043199971318245,0.002583048280057844,5,0.020031999796628952,0.021856000646948814,0.020825600251555443,0.020447999238967896,0.0006789435201117074,5,0.001408000010997057,0.001408000010997057,0.001408000010997057,0.001408000010997057,0.0,5,2048,32,4,1,1,9216,FLASHINFER,"[1024, 1024]","[0, 0]","[512, 512, 512, 512, 512, 512, 512, 512]",2,8,8,10,2048,8,2056,512,0.2,true_mixed,True,False,True,10,0,0,False,0,0,BF16,CUDA_EVENT,generic,generic,none
0.0014400000218302011,0.012128000147640705,0.0035776000469923018,0.0014400000218302011,0.004275200050324201,5,0.031007999554276466,0.032127998769283295,0.03151999972760677,0.03129599988460541,0.0004331245127795278,5,0.10099200159311295,0.11020799726247787,0.10431360006332398,0.10262399911880493,0.0033098194444398147,5,0.024351999163627625,0.025312000885605812,0.02473600022494793,0.02473600022494793,0.00032570953975363267,5,0.0013760000001639128,0.001408000010997057,0.0013952000066637994,0.001408000010997057,1.5676739660947454e-05,5,2048,32,4,1,1,9216,FLASHINFER,"[1024, 1024]","[0, 0]","[1024, 1024, 1024, 1024, 1024, 1024, 1024, 1024]",2,8,8,10,2048,8,2056,1024,0.2,true_mixed,True,False,True,10,0,0,False,0,0,BF16,CUDA_EVENT,generic,generic,none
0.001408000010997057,0.01190400030463934,0.003520000074058771,0.0014400000218302011,0.004192024542715896,5,0.027008000761270523,0.03222399950027466,0.030694400146603584,0.03142400085926056,0.0018759093704708025,5,0.10131199657917023,0.10716799646615982,0.10336639732122421,0.1024319976568222,0.002171420624085999,5,0.030719999223947525,0.03276799991726875,0.03129599988460541,0.03110400028526783,0.0007529186844568346,5,0.0013760000001639128,0.0016959999920800328,0.001465600007213652,0.001408000010997057,0.00011696426178083479,5,2048,32,4,1,1,9216,FLASHINFER,"[1024, 1024]","[0, 0]","[2048, 2048, 2048, 2048, 2048, 2048, 2048, 2048]",2,8,8,10,2048,8,2056,2048,0.2,true_mixed,True,False,True,10,0,0,False,0,0,BF16,CUDA_EVENT,generic,generic,none
0.002463999902829528,0.011136000044643879,0.00604159994982183,0.005632000043988228,0.0033230363062794286,5,0.03014400042593479,0.03094400092959404,0.03043840005993843,0.030271999537944794,0.00028721704849283495,5,0.10099200159311295,0.10732799768447876,0.1035968005657196,0.10300800204277039,0.002068951345745902,5,0.016767999157309532,0.018719999119639397,0.017932799458503724,0.018239999189972878,0.0007448785826828424,5,0.001408000010997057,0.0014720000326633453,0.0014272000174969436,0.001408000010997057,2.560000866651535e-05,5,2048,32,4,1,1,9216,FLASHINFER,"[1024, 1024]","[0, 0]","[128, 128, 128, 128, 128, 128, 128, 128, 128, 128, 128, 128, 128, 128, 128, 128]",2,16,16,18,2048,16,2064,128,0.1111111111111111,true_mixed,True,False,True,18,0,0,False,0,0,BF16,CUDA_EVENT,generic,generic,none
0.001408000010997057,0.011552000418305397,0.005350400181487203,0.0014400000218302011,0.004819221452183071,5,0.03001599945127964,0.03177599981427193,0.030611199513077735,0.03046399913728237,0.0006506633273702056,5,0.10159999877214432,0.10927999764680862,0.10469119846820832,0.10438399761915207,0.0026103519762638305,5,0.02035200037062168,0.021376000717282295,0.020736000314354897,0.02051199972629547,0.0004082980321658428,5,0.001408000010997057,0.0014720000326633453,0.0014272000174969436,0.001408000010997057,2.560000866651535e-05,5,2048,32,4,1,1,9216,FLASHINFER,"[1024, 1024]","[0, 0]","[256, 256, 256, 256, 256, 256, 256, 256, 256, 256, 256, 256, 256, 256, 256, 256]",2,16,16,18,2048,16,2064,256,0.1111111111111111,true_mixed,True,False,True,18,0,0,False,0,0,BF16,CUDA_EVENT,generic,generic,none
0.001408000010997057,0.01244799979031086,0.003628799971193075,0.0014400000218302011,0.0044096231315749026,5,0.03097599931061268,0.03244800120592117,0.031596800312399864,0.031488001346588135,0.0004930913141637962,5,0.10175999999046326,0.10976000130176544,0.10462720096111297,0.10396800190210342,0.0027290279234623576,5,0.024383999407291412,0.026815999299287796,0.02521599978208542,0.024992000311613083,0.0008381310512294481,5,0.001408000010997057,0.001408000010997057,0.001408000010997057,0.001408000010997057,0.0,5,2048,32,4,1,1,9216,FLASHINFER,"[1024, 1024]","[0, 0]","[512, 512, 512, 512, 512, 512, 512, 512, 512, 512, 512, 512, 512, 512, 512, 512]",2,16,16,18,2048,16,2064,512,0.1111111111111111,true_mixed,True,False,True,18,0,0,False,0,0,BF16,CUDA_EVENT,generic,generic,none
0.001408000010997057,0.011552000418305397,0.0034560000989586116,0.0014400000218302011,0.004048019131973045,5,0.025119999423623085,0.032607998698949814,0.02980479970574379,0.03017600066959858,0.0026033606586741936,5,0.10060799866914749,0.10819199681282043,0.10302079916000366,0.10214400291442871,0.0026545411737286073,5,0.031199999153614044,0.03513599932193756,0.03234559893608093,0.03167999908328056,0.0014261235304732296,5,0.001408000010997057,0.0014400000218302011,0.0014144000131636858,0.001408000010997057,1.2800004333257675e-05,5,2048,32,4,1,1,9216,FLASHINFER,"[1024, 1024]","[0, 0]","[1024, 1024, 1024, 1024, 1024, 1024, 1024, 1024, 1024, 1024, 1024, 1024, 1024, 1024, 1024, 1024]",2,16,16,18,2048,16,2064,1024,0.1111111111111111,true_mixed,True,False,True,18,0,0,False,0,0,BF16,CUDA_EVENT,generic,generic,none
0.001408000010997057,0.01158399973064661,0.0035711999516934156,0.0014400000218302011,0.00401309078753582,5,0.02099199965596199,0.032575998455286026,0.024518399313092232,0.021215999498963356,0.004556709772302667,5,0.09574399888515472,0.11097600311040878,0.10204159915447235,0.10179200023412704,0.005178206753267558,5,0.04399999976158142,0.04649600014090538,0.04490880072116852,0.044224001467227936,0.001004331109032125,5,0.0013760000001639128,0.0020800000056624413,0.0016064000083133578,0.0014400000218302011,0.00026803701026824453,5,2048,32,4,1,1,9216,FLASHINFER,"[1024, 1024]","[0, 0]","[2048, 2048, 2048, 2048, 2048, 2048, 2048, 2048, 2048, 2048, 2048, 2048, 2048, 2048, 2048, 2048]",2,16,16,18,2048,16,2064,2048,0.1111111111111111,true_mixed,True,False,True,18,0,0,False,0,0,BF16,CUDA_EVENT,generic,generic,none
0.001408000010997057,0.01283199992030859,0.003967999992892146,0.0014400000218302011,0.004461998080758217,5,0.03014400042593479,0.03110400028526783,0.03059840016067028,0.030751999467611313,0.00038845402556211,5,0.10233599692583084,0.10873600095510483,0.10453120023012161,0.10371199995279312,0.0022343797807126723,5,0.02175999991595745,0.02348800003528595,0.02255999967455864,0.022495999932289124,0.0006703217495572612,5,0.001408000010997057,0.001728000002913177,0.001472000009380281,0.001408000010997057,0.000127999996766448,5,2048,32,4,1,1,9216,FLASHINFER,"[1024, 1024]","[0, 0]","[128, 128, 128, 128, 128, 128, 128, 128, 128, 128, 128, 128, 128, 128, 128, 128, 128, 128, 128, 128, 128, 128, 128, 128, 128, 128, 128, 128, 128, 128, 128, 128]",2,32,32,34,2048,32,2080,128,0.058823529411764705,true_mixed,True,False,True,34,0,0,False,0,0,BF16,CUDA_EVENT,generic,generic,none
0.001408000010997057,0.011807999573647976,0.0035071999300271273,0.0014400000218302011,0.004150418326023053,5,0.029440000653266907,0.03280000016093254,0.031014400348067284,0.03094400092959404,0.0010782430822767477,5,0.1016639992594719,0.11020799726247787,0.10428159981966019,0.10316800326108932,0.0030349352715637757,5,0.025919999927282333,0.027456000447273254,0.02648960016667843,0.02611199952661991,0.0006052655830740187,5,0.0013760000001639128,0.0014400000218302011,0.001408000010997057,0.001408000010997057,2.0238583876559597e-05,5,2048,32,4,1,1,9216,FLASHINFER,"[1024, 1024]","[0, 0]","[256, 256, 256, 256, 256, 256, 256, 256, 256, 256, 256, 256, 256, 256, 256, 256, 256, 256, 256, 256, 256, 256, 256, 256, 256, 256, 256, 256, 256, 256, 256, 256]",2,32,32,34,2048,32,2080,256,0.058823529411764705,true_mixed,True,False,True,34,0,0,False,0,0,BF16,CUDA_EVENT,generic,generic,none
0.001408000010997057,0.011839999817311764,0.0035007999744266272,0.001408000010997057,0.004169618340447705,5,0.0261439997702837,0.0326399989426136,0.02956159971654415,0.02860799990594387,0.0024808892210866317,5,0.10175999999046326,0.10857599973678589,0.1035647988319397,0.1024319976568222,0.0025259824116338945,5,0.03248000144958496,0.03436800092458725,0.03335680067539215,0.033055998384952545,0.0007053371452716401,5,0.0013760000001639128,0.0018240000354126096,0.0014912000158801674,0.001408000010997057,0.00016762626144947276,5,2048,32,4,1,1,9216,FLASHINFER,"[1024, 1024]","[0, 0]","[512, 512, 512, 512, 512, 512, 512, 512, 512, 512, 512, 512, 512, 512, 512, 512, 512, 512, 512, 512, 512, 512, 512, 512, 512, 512, 512, 512, 512, 512, 512, 512]",2,32,32,34,2048,32,2080,512,0.058823529411764705,true_mixed,True,False,True,34,0,0,False,0,0,BF16,CUDA_EVENT,generic,generic,none
0.001408000010997057,0.011711999773979187,0.0034815999679267406,0.0014400000218302011,0.00411522478632768,5,0.020927999168634415,0.03235200047492981,0.02438399977982044,0.021407999098300934,0.004383743446999705,5,0.0920960009098053,0.1096000000834465,0.1007423996925354,0.10140799731016159,0.005655203019575875,5,0.04495999962091446,0.04668800160288811,0.045785600692033766,0.04566400125622749,0.000740411730680632,5,0.001408000010997057,0.0014400000218302011,0.0014144000131636858,0.001408000010997057,1.2800004333257675e-05,5,2048,32,4,1,1,9216,FLASHINFER,"[1024, 1024]","[0, 0]","[1024, 1024, 1024, 1024, 1024, 1024, 1024, 1024, 1024, 1024, 1024, 1024, 1024, 1024, 1024, 1024, 1024, 1024, 1024, 1024, 1024, 1024, 1024, 1024, 1024, 1024, 1024, 1024, 1024, 1024, 1024, 1024]",2,32,32,34,2048,32,2080,1024,0.058823529411764705,true_mixed,True,False,True,34,0,0,False,0,0,BF16,CUDA_EVENT,generic,generic,none
0.001408000010997057,0.011615999974310398,0.003456000005826354,0.001408000010997057,0.0040800188077408294,5,0.020416000857949257,0.031231999397277832,0.022809600085020067,0.02067199908196926,0.0042175171065533725,5,0.07737600058317184,0.10992000252008438,0.08468480110168457,0.07788799703121185,0.012672689268126766,5,0.06425599753856659,0.06787200272083282,0.06568959951400757,0.06521599739789963,0.0012891525881923815,5,0.001408000010997057,0.0014400000218302011,0.0014208000153303145,0.001408000010997057,1.5676739660947454e-05,5,2048,32,4,1,1,9216,FLASHINFER,"[1024, 1024]","[0, 0]","[2048, 2048, 2048, 2048, 2048, 2048, 2048, 2048, 2048, 2048, 2048, 2048, 2048, 2048, 2048, 2048, 2048, 2048, 2048, 2048, 2048, 2048, 2048, 2048, 2048, 2048, 2048, 2048, 2048, 2048, 2048, 2048]",2,32,32,34,2048,32,2080,2048,0.058823529411764705,true_mixed,True,False,True,34,0,0,False,0,0,BF16,CUDA_EVENT,generic,generic,none
0.0013760000001639128,0.01190400030463934,0.003500800067558885,0.001408000010997057,0.004201618397263279,5,0.03142400085926056,0.03235200047492981,0.03171200081706047,0.031488001346588135,0.0003609053031628202,5,0.10179200023412704,0.11033599823713303,0.10417279899120331,0.10329599678516388,0.0031452330237328662,5,0.021695999428629875,0.022752000018954277,0.022220800071954726,0.022112000733613968,0.00039483414573996707,5,0.0013760000001639128,0.001408000010997057,0.0013824000023305416,0.0013760000001639128,1.2800004333257677e-05,5,2048,32,4,1,1,9216,FLASHINFER,"[1024, 1024]","[0, 0]","[128, 128, 128, 128, 128, 128, 128, 128, 128, 128, 128, 128, 128, 128, 128, 128, 128, 128, 128, 128, 128, 128, 128, 128, 128, 128, 128, 128, 128, 128, 128, 128, 128, 128, 128, 128, 128, 128, 128, 128, 128, 128, 128, 128, 128, 128, 128, 128, 128, 128, 128, 128, 128, 128, 128, 128, 128, 128, 128, 128, 128, 128, 128, 128]",2,64,64,66,2048,64,2112,128,0.030303030303030304,true_mixed,True,False,True,66,0,0,False,0,0,BF16,CUDA_EVENT,generic,generic,none
0.001408000010997057,0.011680000461637974,0.0035328001016750933,0.001408000010997057,0.004075880766979715,5,0.026240000501275063,0.033504001796245575,0.030195200443267824,0.0307839997112751,0.0026933741554253164,5,0.10121600329875946,0.10825599730014801,0.1028223991394043,0.10150399804115295,0.002720593762075567,5,0.02876799926161766,0.030079999938607216,0.029279999807476996,0.029184000566601753,0.00043548240198983145,5,0.001408000010997057,0.0016959999920800328,0.001465600007213652,0.001408000010997057,0.00011519999243319033,5,2048,32,4,1,1,9216,FLASHINFER,"[1024, 1024]","[0, 0]","[256, 256, 256, 256, 256, 256, 256, 256, 256, 256, 256, 256, 256, 256, 256, 256, 256, 256, 256, 256, 256, 256, 256, 256, 256, 256, 256, 256, 256, 256, 256, 256, 256, 256, 256, 256, 256, 256, 256, 256, 256, 256, 256, 256, 256, 256, 256, 256, 256, 256, 256, 256, 256, 256, 256, 256, 256, 256, 256, 256, 256, 256, 256, 256]",2,64,64,66,2048,64,2112,256,0.030303030303030304,true_mixed,True,False,True,66,0,0,False,0,0,BF16,CUDA_EVENT,generic,generic,none
0.001408000010997057,0.01152000017464161,0.0036160000367090107,0.0018240000354126096,0.003957560528942366,5,0.021247999742627144,0.03200000151991844,0.023532800376415253,0.021503999829292297,0.004235504910172201,5,0.09027200192213058,0.10598400235176086,0.09738240092992782,0.09721600264310837,0.005129008152387611,5,0.041760001331567764,0.04243199899792671,0.04198400005698204,0.04185599833726883,0.00024370405147461954,5,0.0013760000001639128,0.001728000002913177,0.0014592000050470233,0.001408000010997057,0.00013515975677647296,5,2048,32,4,1,1,9216,FLASHINFER,"[1024, 1024]","[0, 0]","[512, 512, 512, 512, 512, 512, 512, 512, 512, 512, 512, 512, 512, 512, 512, 512, 512, 512, 512, 512, 512, 512, 512, 512, 512, 512, 512, 512, 512, 512, 512, 512, 512, 512, 512, 512, 512, 512, 512, 512, 512, 512, 512, 512, 512, 512, 512, 512, 512, 512, 512, 512, 512, 512, 512, 512, 512, 512, 512, 512, 512, 512, 512, 512]",2,64,64,66,2048,64,2112,512,0.030303030303030304,true_mixed,True,False,True,66,0,0,False,0,0,BF16,CUDA_EVENT,generic,generic,none
0.001408000010997057,0.011711999773979187,0.003468799963593483,0.001408000010997057,0.004121599905192851,5,0.02070399932563305,0.0315839983522892,0.023059199377894402,0.020927999168634415,0.004267633524117978,5,0.07692799717187881,0.10924799740314484,0.08413439840078354,0.07791999727487564,0.012574190101240088,5,0.06015999987721443,0.06272000074386597,0.06149120032787323,0.06124800071120262,0.0009099715286250217,5,0.0013760000001639128,0.001408000010997057,0.0013952000066637994,0.001408000010997057,1.5676739660947454e-05,5,2048,32,4,1,1,9216,FLASHINFER,"[1024, 1024]","[0, 0]","[1024, 1024, 1024, 1024, 1024, 1024, 1024, 1024, 1024, 1024, 1024, 1024, 1024, 1024, 1024, 1024, 1024, 1024, 1024, 1024, 1024, 1024, 1024, 1024, 1024, 1024, 1024, 1024, 1024, 1024, 1024, 1024, 1024, 1024, 1024, 1024, 1024, 1024, 1024, 1024, 1024, 1024, 1024, 1024, 1024, 1024, 1024, 1024, 1024, 1024, 1024, 1024, 1024, 1024, 1024, 1024, 1024, 1024, 1024, 1024, 1024, 1024, 1024, 1024]",2,64,64,66,2048,64,2112,1024,0.030303030303030304,true_mixed,True,False,True,66,0,0,False,0,0,BF16,CUDA_EVENT,generic,generic,none
0.001408000010997057,0.011264000087976456,0.0035264000296592714,0.0014400000218302011,0.0038781254319712973,5,0.02067199908196926,0.03129599988460541,0.02289919964969158,0.020896000787615776,0.004200009575334382,5,0.07699199765920639,0.10892800241708755,0.08364800065755844,0.07744000107049942,0.012642811749081372,5,0.09759999811649323,0.10047999769449234,0.09847679883241653,0.0979200005531311,0.0010719947394106926,5,0.0013760000001639128,0.001408000010997057,0.0013888000044971704,0.0013760000001639128,1.5676739660947454e-05,5,2048,32,4,1,1,9216,FLASHINFER,"[1024, 1024]","[0, 0]","[2048, 2048, 2048, 2048, 2048, 2048, 2048, 2048, 2048, 2048, 2048, 2048, 2048, 2048, 2048, 2048, 2048, 2048, 2048, 2048, 2048, 2048, 2048, 2048, 2048, 2048, 2048, 2048, 2048, 2048, 2048, 2048, 2048, 2048, 2048, 2048, 2048, 2048, 2048, 2048, 2048, 2048, 2048, 2048, 2048, 2048, 2048, 2048, 2048, 2048, 2048, 2048, 2048, 2048, 2048, 2048, 2048, 2048, 2048, 2048, 2048, 2048, 2048, 2048]",2,64,64,66,2048,64,2112,2048,0.030303030303030304,true_mixed,True,False,True,66,0,0,False,0,0,BF16,CUDA_EVENT,generic,generic,none
0.009855999611318111,0.010816000401973724,0.010252800025045871,0.009920000098645687,0.00043482349170831657,5,0.019007999449968338,0.02067199908196926,0.019987199828028678,0.020096000283956528,0.0005511436063282217,5,0.043296001851558685,0.045791998505592346,0.044313599914312364,0.04374400153756142,0.0010690866155400522,5,0.035999998450279236,0.03830400109291077,0.037145599722862244,0.037087999284267426,0.0009297422771071839,5,0.009216000325977802,0.010432000271975994,0.009728000126779079,0.009535999968647957,0.00043027797366085665,5,2048,32,4,1,1,9216,FLASHINFER,"[64, 64, 64, 64]","[0, 0, 0, 0]",[128],4,1,1,5,256,1,257,128,0.8,true_mixed,True,False,True,5,0,0,False,0,0,BF16,CUDA_EVENT,generic,generic,none
0.009920000098645687,0.01142400037497282,0.010310400277376175,0.010080000385642052,0.0005599177668549353,5,0.01913600042462349,0.02147199958562851,0.019948800280690192,0.019680000841617584,0.0008046199965491596,5,0.0424639992415905,0.04931199923157692,0.04487039968371391,0.04447999969124794,0.002340808026897827,5,0.03545600175857544,0.039423998445272446,0.03665919974446297,0.03596799820661545,0.0014280168561714161,5,0.008767999708652496,0.010015999898314476,0.009363199956715107,0.009216000325977802,0.0004409039090884682,5,2048,32,4,1,1,9216,FLASHINFER,"[64, 64, 64, 64]","[0, 0, 0, 0]",[256],4,1,1,5,256,1,257,256,0.8,true_mixed,True,False,True,5,0,0,False,0,0,BF16,CUDA_EVENT,generic,generic,none
0.009631999768316746,0.01142400037497282,0.0102207999676466,0.010048000141978264,0.0006239920012853238,5,0.019392000511288643,0.021056000143289566,0.020025600120425223,0.02006400004029274,0.0005939945497316904,5,0.04399999976158142,0.048287998884916306,0.045478399842977524,0.04483199864625931,0.0014903066342072792,5,0.03673600032925606,0.037728000432252884,0.037280000001192096,0.03734400123357773,0.00034286320634645387,5,0.008960000239312649,0.009600000455975533,0.009433600306510925,0.009535999968647957,0.00024150995925246177,5,2048,32,4,1,1,9216,FLASHINFER,"[64, 64, 64, 64]","[0, 0, 0, 0]",[512],4,1,1,5,256,1,257,512,0.8,true_mixed,True,False,True,5,0,0,False,0,0,BF16,CUDA_EVENT,generic,generic,none
0.010015999898314476,0.011711999773979187,0.01053439974784851,0.01033599954098463,0.0006005096410984232,5,0.019039999693632126,0.020864000543951988,0.020134399831295013,0.020191999152302742,0.0006089762207584944,5,0.04403200000524521,0.04879999905824661,0.04556800052523613,0.045152001082897186,0.0016690379210813604,5,0.037376001477241516,0.03951999917626381,0.03818240016698837,0.03788800165057182,0.0007888886630278874,5,0.009375999681651592,0.01017600018531084,0.00979200005531311,0.0098879998549819,0.0003154882526950367,5,2048,32,4,1,1,9216,FLASHINFER,"[64, 64, 64, 64]","[0, 0, 0, 0]",[1024],4,1,1,5,256,1,257,1024,0.8,true_mixed,True,False,True,5,0,0,False,0,0,BF16,CUDA_EVENT,generic,generic,none
0.009535999968647957,0.011839999817311764,0.010348800010979176,0.010048000141978264,0.0007858198607693641,5,0.019392000511288643,0.02252800017595291,0.020153600350022317,0.01958400011062622,0.0011977406985969458,5,0.04297599941492081,0.04816000163555145,0.04473600015044212,0.044064000248909,0.0017860480406655243,5,0.03574400022625923,0.0398080013692379,0.037350399792194365,0.03721600025892258,0.0013725581636174116,5,0.009151999838650227,0.009824000298976898,0.009529600106179714,0.009696000255644321,0.0003118319678469682,5,2048,32,4,1,1,9216,FLASHINFER,"[64, 64, 64, 64]","[0, 0, 0, 0]",[2048],4,1,1,5,256,1,257,2048,0.8,true_mixed,True,False,True,5,0,0,False,0,0,BF16,CUDA_EVENT,generic,generic,none
0.009824000298976898,0.011680000461637974,0.010451200231909753,0.010304000228643417,0.0006652923264814952,5,0.01945599913597107,0.028511999174952507,0.02184319980442524,0.01974399946630001,0.003446659761364912,5,0.04387199878692627,0.049056001007556915,0.04521600008010864,0.04435199871659279,0.001937943361388417,5,0.036320000886917114,0.03798399865627289,0.03711360022425651,0.03699199855327606,0.0005458409490872238,5,0.008704000152647495,0.009920000098645687,0.00945919994264841,0.009503999724984169,0.00043904174978323554,5,2048,32,4,1,1,9216,FLASHINFER,"[64, 64, 64, 64]","[0, 0, 0, 0]","[128, 128]",4,2,2,6,256,2,258,128,0.6666666666666666,true_mixed,True,False,True,6,0,0,False,0,0,BF16,CUDA_EVENT,generic,generic,none
0.009696000255644321,0.012095999903976917,0.01043200008571148,0.010143999941647053,0.0008569787836571267,5,0.019328000023961067,0.02143999934196472,0.019968000054359437,0.019711999222636223,0.0007666651875869078,5,0.04243199899792671,0.048928000032901764,0.04424320012331009,0.04310400038957596,0.002400349794846632,5,0.035840000957250595,0.03862399980425835,0.03660160079598427,0.03625600039958954,0.0010350202240578565,5,0.008927999995648861,0.009568000212311745,0.009228800050914287,0.009184000082314014,0.00020993569728161804,5,2048,32,4,1,1,9216,FLASHINFER,"[64, 64, 64, 64]","[0, 0, 0, 0]","[256, 256]",4,2,2,6,256,2,258,256,0.6666666666666666,true_mixed,True,False,True,6,0,0,False,0,0,BF16,CUDA_EVENT,generic,generic,none
0.009727999567985535,0.01142400037497282,0.010188799910247326,0.009855999611318111,0.0006305220394944011,5,0.018912000581622124,0.021183999255299568,0.01988480016589165,0.019680000841617584,0.0007443280376692413,5,0.04390399903059006,0.049056001007556915,0.04554880037903786,0.044704001396894455,0.0018258072116892996,5,0.03699199855327606,0.03916800022125244,0.03762559965252876,0.03718400001525879,0.0008136818645888473,5,0.009568000212311745,0.010208000428974628,0.009907200187444686,0.009824000298976898,0.0002475403075714551,5,2048,32,4,1,1,9216,FLASHINFER,"[64, 64, 64, 64]","[0, 0, 0, 0]","[512, 512]",4,2,2,6,256,2,258,512,0.6666666666666666,true_mixed,True,False,True,6,0,0,False,0,0,BF16,CUDA_EVENT,generic,generic,none
0.010080000385642052,0.012160000391304493,0.010688000172376633,0.010400000028312206,0.0007561756841406548,5,0.019360000267624855,0.022112000733613968,0.019987199828028678,0.019487999379634857,0.0010635564338554483,5,0.044096000492572784,0.04851200059056282,0.045344000309705736,0.04444799944758415,0.0016680567028654052,5,0.03654399886727333,0.04438399896025658,0.03861759975552559,0.03686400130391121,0.0029845825478964903,5,0.009247999638319016,0.009824000298976898,0.00948480013757944,0.009344000369310379,0.00023040014526092722,5,2048,32,4,1,1,9216,FLASHINFER,"[64, 64, 64, 64]","[0, 0, 0, 0]","[1024, 1024]",4,2,2,6,256,2,258,1024,0.6666666666666666,true_mixed,True,False,True,6,0,0,False,0,0,BF16,CUDA_EVENT,generic,generic,none
0.01017600018531084,0.012575999833643436,0.010847999900579452,0.010528000071644783,0.0008758885234483115,5,0.0197759997099638,0.02521600015461445,0.021471999958157538,0.02051199972629547,0.0020523954904769787,5,0.04233599826693535,0.04822399839758873,0.04501119926571846,0.044895999133586884,0.0019064694388294173,5,0.036896001547575,0.038784001022577286,0.03781120106577873,0.03776000067591667,0.0008167458888679662,5,0.009216000325977802,0.010463999584317207,0.009683200158178806,0.009472000412642956,0.00043623380748781436,5,2048,32,4,1,1,9216,FLASHINFER,"[64, 64, 64, 64]","[0, 0, 0, 0]","[2048, 2048]",4,2,2,6,256,2,258,2048,0.6666666666666666,true_mixed,True,False,True,6,0,0,False,0,0,BF16,CUDA_EVENT,generic,generic,none
0.010239999741315842,0.012736000120639801,0.011206399835646152,0.010847999714314938,0.0009805585900896834,5,0.019392000511288643,0.022655999287962914,0.020287999883294106,0.019711999222636223,0.0012036421488856807,5,0.04310400038957596,0.051711998879909515,0.04543360024690628,0.044224001467227936,0.003185078207176541,5,0.03564799949526787,0.039872001856565475,0.037164799869060516,0.03670400008559227,0.0014840005771457033,5,0.009151999838650227,0.009696000255644321,0.00951039995998144,0.009535999968647957,0.0001934876823708671,5,2048,32,4,1,1,9216,FLASHINFER,"[64, 64, 64, 64]","[0, 0, 0, 0]","[128, 128, 128, 128]",4,4,4,8,256,4,260,128,0.5,true_mixed,True,False,True,8,0,0,False,0,0,BF16,CUDA_EVENT,generic,generic,none
0.00979200005531311,0.011359999887645245,0.010387199930846691,0.010367999784648418,0.0005470407959252484,5,0.019168000668287277,0.02143999934196472,0.020211200043559075,0.020096000283956528,0.0007964330963596228,5,0.04320000112056732,0.04899200052022934,0.04497280046343803,0.04435199871659279,0.002081683018065672,5,0.036896001547575,0.03807999938726425,0.03742079958319664,0.037151999771595,0.0005066111364285398,5,0.009247999638319016,0.009952000342309475,0.009638399817049503,0.009727999567985535,0.00026803711867603785,5,2048,32,4,1,1,9216,FLASHINFER,"[64, 64, 64, 64]","[0, 0, 0, 0]","[256, 256, 256, 256]",4,4,4,8,256,4,260,256,0.5,true_mixed,True,False,True,8,0,0,False,0,0,BF16,CUDA_EVENT,generic,generic,none
0.0098879998549819,0.011136000044643879,0.010310399904847145,0.01017600018531084,0.0004394149252783281,5,0.019231999292969704,0.021247999742627144,0.02004479952156544,0.019840000197291374,0.0006756776623580067,5,0.04358400031924248,0.0498879998922348,0.04554880037903786,0.04444799944758415,0.0022734506545839,5,0.03657599911093712,0.0390079990029335,0.03769599944353104,0.03766399994492531,0.0009894159327375068,5,0.00902399979531765,0.010239999741315842,0.009574400074779988,0.009472000412642956,0.0004213319545809444,5,2048,32,4,1,1,9216,FLASHINFER,"[64, 64, 64, 64]","[0, 0, 0, 0]","[512, 512, 512, 512]",4,4,4,8,256,4,260,512,0.5,true_mixed,True,False,True,8,0,0,False,0,0,BF16,CUDA_EVENT,generic,generic,none
0.010111999697983265,0.011680000461637974,0.01060480009764433,0.010400000028312206,0.0005500279944122958,5,0.019392000511288643,0.020608000457286835,0.019840000197291374,0.0197759997099638,0.0004245281168835938,5,0.04371200129389763,0.047359999269247055,0.04478079974651337,0.04390399903059006,0.0013758658628792208,5,0.03686400130391121,0.045184001326560974,0.03915520086884498,0.03776000067591667,0.003084348751834155,5,0.008927999995648861,0.011103999800980091,0.009971199929714203,0.00979200005531311,0.0007351925625044139,5,2048,32,4,1,1,9216,FLASHINFER,"[64, 64, 64, 64]","[0, 0, 0, 0]","[1024, 1024, 1024, 1024]",4,4,4,8,256,4,260,1024,0.5,true_mixed,True,False,True,8,0,0,False,0,0,BF16,CUDA_EVENT,generic,generic,none
0.01017600018531084,0.011839999817311764,0.010758399963378906,0.010528000071644783,0.000615332564521543,5,0.0197759997099638,0.0226879995316267,0.02051199972629547,0.02006400004029274,0.0010930704522443752,5,0.04320000112056732,0.05238400027155876,0.04599679931998253,0.04428799822926521,0.0033545772155433905,5,0.03766399994492531,0.04073600098490715,0.038681600242853165,0.03830400109291077,0.00106563396141671,5,0.009312000125646591,0.009952000342309475,0.009625600278377533,0.009472000412642956,0.00027183060115622997,5,2048,32,4,1,1,9216,FLASHINFER,"[64, 64, 64, 64]","[0, 0, 0, 0]","[2048, 2048, 2048, 2048]",4,4,4,8,256,4,260,2048,0.5,true_mixed,True,False,True,8,0,0,False,0,0,BF16,CUDA_EVENT,generic,generic,none
0.010048000141978264,0.012543999589979649,0.010726399905979633,0.010400000028312206,0.0009233315380308149,5,0.01897599920630455,0.021407999098300934,0.019782399758696556,0.01942400075495243,0.0008931151095896901,5,0.043487999588251114,0.04732799902558327,0.044556799530982974,0.044064000248909,0.001418953426742935,5,0.036031998693943024,0.03840000182390213,0.03704319968819618,0.03705599904060364,0.0007915338907927864,5,0.00886400043964386,0.009664000011980534,0.00926080010831356,0.009216000325977802,0.0003126188743591247,5,2048,32,4,1,1,9216,FLASHINFER,"[64, 64, 64, 64]","[0, 0, 0, 0]","[128, 128, 128, 128, 128, 128, 128, 128]",4,8,8,12,256,8,264,128,0.3333333333333333,true_mixed,True,False,True,12,0,0,False,0,0,BF16,CUDA_EVENT,generic,generic,none
0.0098879998549819,0.012896000407636166,0.01070720013231039,0.010239999741315842,0.0011089929152465876,5,0.019487999379634857,0.021536000072956085,0.02024319991469383,0.019872000440955162,0.0007726790449278165,5,0.042527999728918076,0.04710400104522705,0.04464640095829964,0.044224001467227936,0.0015883611922447628,5,0.03683200106024742,0.03916800022125244,0.037587200105190274,0.03728000074625015,0.0008197496996422359,5,0.009440000168979168,0.01033599954098463,0.009785600006580353,0.009664000011980534,0.0003170421136448589,5,2048,32,4,1,1,9216,FLASHINFER,"[64, 64, 64, 64]","[0, 0, 0, 0]","[256, 256, 256, 256, 256, 256, 256, 256]",4,8,8,12,256,8,264,256,0.3333333333333333,true_mixed,True,False,True,12,0,0,False,0,0,BF16,CUDA_EVENT,generic,generic,none
0.009855999611318111,0.01206399966031313,0.010476799868047237,0.01017600018531084,0.0008023261433695374,5,0.01945599913597107,0.021536000072956085,0.020121599733829498,0.0197759997099638,0.0007472943290712778,5,0.04297599941492081,0.05049600079655647,0.04593279957771301,0.0451200008392334,0.0025883712412318005,5,0.037248000502586365,0.039455998688936234,0.037881600111722945,0.037376001477241516,0.0008340642082786731,5,0.00902399979531765,0.0098879998549819,0.00939520001411438,0.009247999638319016,0.00030866324220511234,5,2048,32,4,1,1,9216,FLASHINFER,"[64, 64, 64, 64]","[0, 0, 0, 0]","[512, 512, 512, 512, 512, 512, 512, 512]",4,8,8,12,256,8,264,512,0.3333333333333333,true_mixed,True,False,True,12,0,0,False,0,0,BF16,CUDA_EVENT,generic,generic,none
0.010015999898314476,0.013472000136971474,0.010988800041377544,0.010495999827980995,0.001261725616242397,5,0.019392000511288643,0.022431999444961548,0.020204799994826318,0.019807999953627586,0.0011276717390906253,5,0.04342399910092354,0.04867200180888176,0.04508160054683685,0.04447999969124794,0.0018862533995023729,5,0.0382080003619194,0.040352001786231995,0.038950400054454805,0.038656000047922134,0.000760874402062197,5,0.009119999594986439,0.010239999741315842,0.009516799822449684,0.009279999881982803,0.0004175232746949957,5,2048,32,4,1,1,9216,FLASHINFER,"[64, 64, 64, 64]","[0, 0, 0, 0]","[1024, 1024, 1024, 1024, 1024, 1024, 1024, 1024]",4,8,8,12,256,8,264,1024,0.3333333333333333,true_mixed,True,False,True,12,0,0,False,0,0,BF16,CUDA_EVENT,generic,generic,none
0.010143999941647053,0.012512000277638435,0.010803200118243695,0.010432000271975994,0.0008743909689178931,5,0.019936000928282738,0.021727999672293663,0.020524800196290015,0.02035200037062168,0.0006220191284165254,5,0.04374400153756142,0.04841599985957146,0.04536320045590401,0.04473600164055824,0.0017179675745927184,5,0.041120000183582306,0.04335999861359596,0.04196480065584183,0.04182400181889534,0.0007446028663575321,5,0.009088000282645226,0.009727999567985535,0.009510400146245957,0.009600000455975533,0.0002337532570993612,5,2048,32,4,1,1,9216,FLASHINFER,"[64, 64, 64, 64]","[0, 0, 0, 0]","[2048, 2048, 2048, 2048, 2048, 2048, 2048, 2048]",4,8,8,12,256,8,264,2048,0.3333333333333333,true_mixed,True,False,True,12,0,0,False,0,0,BF16,CUDA_EVENT,generic,generic,none
0.0098879998549819,0.012000000104308128,0.010412799939513207,0.010111999697983265,0.0008000256744836958,5,0.019039999693632126,0.022655999287962914,0.02024319991469383,0.01961600035429001,0.0012855239313466465,5,0.04335999861359596,0.049855999648571014,0.04515839964151382,0.04383999854326248,0.002414539498700347,5,0.03596799820661545,0.038656000047922134,0.03708159923553467,0.03702399879693985,0.0009413442378518436,5,0.009440000168979168,0.010015999898314476,0.009638400189578534,0.009600000455975533,0.00020579741709909904,5,2048,32,4,1,1,9216,FLASHINFER,"[64, 64, 64, 64]","[0, 0, 0, 0]","[128, 128, 128, 128, 128, 128, 128, 128, 128, 128, 128, 128, 128, 128, 128, 128]",4,16,16,20,256,16,272,128,0.2,true_mixed,True,False,True,20,0,0,False,0,0,BF16,CUDA_EVENT,generic,generic,none
0.010080000385642052,0.011296000331640244,0.010694400221109391,0.010688000358641148,0.0003847459159305141,5,0.019680000841617584,0.021376000717282295,0.020256000384688378,0.020096000283956528,0.0006293512984851721,5,0.042399998754262924,0.047648001462221146,0.04458879977464676,0.04444799944758415,0.0018999065704283307,5,0.03622400015592575,0.0390079990029335,0.03758719936013222,0.037567999213933945,0.0009530627633406041,5,0.008991999551653862,0.01056000031530857,0.009734399989247322,0.009696000255644321,0.0005329323330768341,5,2048,32,4,1,1,9216,FLASHINFER,"[64, 64, 64, 64]","[0, 0, 0, 0]","[256, 256, 256, 256, 256, 256, 256, 256, 256, 256, 256, 256, 256, 256, 256, 256]",4,16,16,20,256,16,272,256,0.2,true_mixed,True,False,True,20,0,0,False,0,0,BF16,CUDA_EVENT,generic,generic,none
0.010015999898314476,0.013439999893307686,0.010867200046777725,0.01027199998497963,0.0012934651096254757,5,0.01945599913597107,0.023584000766277313,0.020831999927759172,0.020191999152302742,0.00144035599307528,5,0.04371200129389763,0.051263999193906784,0.04538239985704422,0.04390399903059006,0.0029491707032159678,5,0.038495998829603195,0.04009599983692169,0.03906559944152832,0.038943998515605927,0.0005477145439536528,5,0.009184000082314014,0.009664000011980534,0.009401600062847137,0.009375999681651592,0.00015598150992797918,5,2048,32,4,1,1,9216,FLASHINFER,"[64, 64, 64, 64]","[0, 0, 0, 0]","[512, 512, 512, 512, 512, 512, 512, 512, 512, 512, 512, 512, 512, 512, 512, 512]",4,16,16,20,256,16,272,512,0.2,true_mixed,True,False,True,20,0,0,False,0,0,BF16,CUDA_EVENT,generic,generic,none
0.01033599954098463,0.010879999957978725,0.010604799911379813,0.01065600011497736,0.00023128746268345684,5,0.019519999623298645,0.028384000062942505,0.021990399807691574,0.02070399932563305,0.003253655915601323,5,0.04399999976158142,0.05260799825191498,0.04671359956264496,0.04492799937725067,0.003193362263053457,5,0.042047999799251556,0.04265600070357323,0.042419199645519254,0.04249599948525429,0.00021284242239138815,5,0.009088000282645226,0.010015999898314476,0.009593600034713745,0.009535999968647957,0.00034010437339614103,5,2048,32,4,1,1,9216,FLASHINFER,"[64, 64, 64, 64]","[0, 0, 0, 0]","[1024, 1024, 1024, 1024, 1024, 1024, 1024, 1024, 1024, 1024, 1024, 1024, 1024, 1024, 1024, 1024]",4,16,16,20,256,16,272,1024,0.2,true_mixed,True,False,True,20,0,0,False,0,0,BF16,CUDA_EVENT,generic,generic,none
0.009631999768316746,0.011168000288307667,0.010547200031578541,0.010623999871313572,0.000507015903990042,5,0.019999999552965164,0.02739199995994568,0.02200959958136082,0.020800000056624413,0.0027529972057182004,5,0.04281599819660187,0.05023999884724617,0.045420799404382706,0.04444799944758415,0.0026521495830084847,5,0.057920001447200775,0.06755200028419495,0.060435200482606886,0.05846399813890457,0.00362076001445309,5,0.0013760000001639128,0.0014400000218302011,0.001408000010997057,0.001408000010997057,2.0238583876559597e-05,5,2048,32,4,1,1,9216,FLASHINFER,"[64, 64, 64, 64]","[0, 0, 0, 0]","[2048, 2048, 2048, 2048, 2048, 2048, 2048, 2048, 2048, 2048, 2048, 2048, 2048, 2048, 2048, 2048]",4,16,16,20,256,16,272,2048,0.2,true_mixed,True,False,True,20,0,0,False,0,0,BF16,CUDA_EVENT,generic,generic,none
0.00979200005531311,0.012160000391304493,0.01055999994277954,0.010239999741315842,0.000828793998667031,5,0.01961600035429001,0.02127999998629093,0.02027520015835762,0.020287999883294106,0.0006180555858729642,5,0.04291199892759323,0.0530879981815815,0.04576639980077744,0.04451199993491173,0.003710365794193194,5,0.03680000081658363,0.03903999924659729,0.037689600884914395,0.037408001720905304,0.0008710580139163701,5,0.009247999638319016,0.009631999768316746,0.009471999853849411,0.009535999968647957,0.00016190859738505288,5,2048,32,4,1,1,9216,FLASHINFER,"[64, 64, 64, 64]","[0, 0, 0, 0]","[128, 128, 128, 128, 128, 128, 128, 128, 128, 128, 128, 128, 128, 128, 128, 128, 128, 128, 128, 128, 128, 128, 128, 128, 128, 128, 128, 128, 128, 128, 128, 128]",4,32,32,36,256,32,288,128,0.1111111111111111,true_mixed,True,False,True,36,0,0,False,0,0,BF16,CUDA_EVENT,generic,generic,none
0.010080000385642052,0.01206399966031313,0.010720000043511391,0.010304000228643417,0.0007564462872015974,5,0.019328000023961067,0.021727999672293663,0.01992960013449192,0.019519999623298645,0.0009054131875442562,5,0.043487999588251114,0.05084799975156784,0.04569600000977516,0.04495999962091446,0.002649476297941599,5,0.03948799893260002,0.04095999896526337,0.03996800035238266,0.03977600112557411,0.0005119995679718341,5,0.009375999681651592,0.010912000201642513,0.009823999926447868,0.009664000011980534,0.000554625800401868,5,2048,32,4,1,1,9216,FLASHINFER,"[64, 64, 64, 64]","[0, 0, 0, 0]","[256, 256, 256, 256, 256, 256, 256, 256, 256, 256, 256, 256, 256, 256, 256, 256, 256, 256, 256, 256, 256, 256, 256, 256, 256, 256, 256, 256, 256, 256, 256, 256]",4,32,32,36,256,32,288,256,0.1111111111111111,true_mixed,True,False,True,36,0,0,False,0,0,BF16,CUDA_EVENT,generic,generic,none
0.00979200005531311,0.01244799979031086,0.010585599951446057,0.01017600018531084,0.0009482803653650567,5,0.019711999222636223,0.021663999184966087,0.02024959959089756,0.019840000197291374,0.0007323455248368423,5,0.043616000562906265,0.048287998884916306,0.044838400185108186,0.04374400153756142,0.0017810399135139827,5,0.04307200014591217,0.0435199998319149,0.043327999860048295,0.043327998369932175,0.0001500930175808987,5,0.009247999638319016,0.010080000385642052,0.009472000040113926,0.009344000369310379,0.000308928662091759,5,2048,32,4,1,1,9216,FLASHINFER,"[64, 64, 64, 64]","[0, 0, 0, 0]","[512, 512, 512, 512, 512, 512, 512, 512, 512, 512, 512, 512, 512, 512, 512, 512, 512, 512, 512, 512, 512, 512, 512, 512, 512, 512, 512, 512, 512, 512, 512, 512]",4,32,32,36,256,32,288,512,0.1111111111111111,true_mixed,True,False,True,36,0,0,False,0,0,BF16,CUDA_EVENT,generic,generic,none
0.010400000028312206,0.011552000418305397,0.010745600052177905,0.010591999627649784,0.00042230316072320434,5,0.020128000527620316,0.021536000072956085,0.020844800397753716,0.020640000700950623,0.0005303124809887756,5,0.04307200014591217,0.04838399961590767,0.04533760026097298,0.04435199871659279,0.0020466394337038765,5,0.05942400172352791,0.062272001057863235,0.06058880016207695,0.060447998344898224,0.001069509034987943,5,0.001408000010997057,0.0014400000218302011,0.0014144000131636858,0.001408000010997057,1.2800004333257675e-05,5,2048,32,4,1,1,9216,FLASHINFER,"[64, 64, 64, 64]","[0, 0, 0, 0]","[1024, 1024, 1024, 1024, 1024, 1024, 1024, 1024, 1024, 1024, 1024, 1024, 1024, 1024, 1024, 1024, 1024, 1024, 1024, 1024, 1024, 1024, 1024, 1024, 1024, 1024, 1024, 1024, 1024, 1024, 1024, 1024]",4,32,32,36,256,32,288,1024,0.1111111111111111,true_mixed,True,False,True,36,0,0,False,0,0,BF16,CUDA_EVENT,generic,generic,none
0.0013760000001639128,0.011744000017642975,0.0035840000025928022,0.001408000010997057,0.004086338612434596,5,0.019360000267624855,0.021376000717282295,0.02038400024175644,0.020031999796628952,0.0007607662853183164,5,0.043296001851558685,0.0498879998922348,0.04542720019817352,0.04451199993491173,0.002421332086796997,5,0.07952000200748444,0.08160000294446945,0.08034560233354568,0.07971200346946716,0.0009380748492555329,5,0.001408000010997057,0.0014400000218302011,0.0014272000174969436,0.0014400000218302011,1.5676739660947454e-05,5,2048,32,4,1,1,9216,FLASHINFER,"[64, 64, 64, 64]","[0, 0, 0, 0]","[2048, 2048, 2048, 2048, 2048, 2048, 2048, 2048, 2048, 2048, 2048, 2048, 2048, 2048, 2048, 2048, 2048, 2048, 2048, 2048, 2048, 2048, 2048, 2048, 2048, 2048, 2048, 2048, 2048, 2048, 2048, 2048]",4,32,32,36,256,32,288,2048,0.1111111111111111,true_mixed,True,False,True,36,0,0,False,0,0,BF16,CUDA_EVENT,generic,generic,none
0.010015999898314476,0.011231999844312668,0.010617599822580814,0.010400000028312206,0.00046960476650668135,5,0.019168000668287277,0.02163200080394745,0.020153600350022317,0.019936000928282738,0.0008159436013354963,5,0.04371200129389763,0.04732799902558327,0.044908799976110456,0.04396799951791763,0.0013852116351184634,5,0.03532800078392029,0.038495998829603195,0.03659520000219345,0.03593600168824196,0.0011955491702632154,5,0.008448000065982342,0.00979200005531311,0.00926080010831356,0.009472000412642956,0.00047704698996770564,5,2048,32,4,1,1,9216,FLASHINFER,"[64, 64, 64, 64]","[0, 0, 0, 0]","[128, 128, 128, 128, 128, 128, 128, 128, 128, 128, 128, 128, 128, 128, 128, 128, 128, 128, 128, 128, 128, 128, 128, 128, 128, 128, 128, 128, 128, 128, 128, 128, 128, 128, 128, 128, 128, 128, 128, 128, 128, 128, 128, 128, 128, 128, 128, 128, 128, 128, 128, 128, 128, 128, 128, 128, 128, 128, 128, 128, 128, 128, 128, 128]",4,64,64,68,256,64,320,128,0.058823529411764705,true_mixed,True,False,True,68,0,0,False,0,0,BF16,CUDA_EVENT,generic,generic,none
0.009535999968647957,0.010847999714314938,0.009932800009846688,0.009824000298976898,0.000482595536502671,5,0.019392000511288643,0.021503999829292297,0.020153599977493285,0.019967999309301376,0.0007932900152604896,5,0.04259200021624565,0.047680001705884933,0.044275200366973876,0.04368000105023384,0.0018217648870373453,5,0.03929600119590759,0.04028800129890442,0.03978240117430687,0.0398080013692379,0.00041644269164691053,5,0.009151999838650227,0.010208000428974628,0.009459200128912926,0.009344000369310379,0.00038110930824687553,5,2048,32,4,1,1,9216,FLASHINFER,"[64, 64, 64, 64]","[0, 0, 0, 0]","[256, 256, 256, 256, 256, 256, 256, 256, 256, 256, 256, 256, 256, 256, 256, 256, 256, 256, 256, 256, 256, 256, 256, 256, 256, 256, 256, 256, 256, 256, 256, 256, 256, 256, 256, 256, 256, 256, 256, 256, 256, 256, 256, 256, 256, 256, 256, 256, 256, 256, 256, 256, 256, 256, 256, 256, 256, 256, 256, 256, 256, 256, 256, 256]",4,64,64,68,256,64,320,256,0.058823529411764705,true_mixed,True,False,True,68,0,0,False,0,0,BF16,CUDA_EVENT,generic,generic,none
0.009727999567985535,0.01152000017464161,0.010252800025045871,0.010080000385642052,0.0006478243184624827,5,0.01929599978029728,0.021183999255299568,0.020153599977493285,0.02006400004029274,0.0006116602978087237,5,0.04281599819660187,0.050944000482559204,0.045151999592781066,0.04387199878692627,0.0029354315921332574,5,0.054655998945236206,0.05676800012588501,0.05556479915976524,0.05564799904823303,0.0008122205091017842,5,0.0013760000001639128,0.001408000010997057,0.0014016000088304282,0.001408000010997057,1.2800004333257677e-05,5,2048,32,4,1,1,9216,FLASHINFER,"[64, 64, 64, 64]","[0, 0, 0, 0]","[512, 512, 512, 512, 512, 512, 512, 512, 512, 512, 512, 512, 512, 512, 512, 512, 512, 512, 512, 512, 512, 512, 512, 512, 512, 512, 512, 512, 512, 512, 512, 512, 512, 512, 512, 512, 512, 512, 512, 512, 512, 512, 512, 512, 512, 512, 512, 512, 512, 512, 512, 512, 512, 512, 512, 512, 512, 512, 512, 512, 512, 512, 512, 512]",4,64,64,68,256,64,320,512,0.058823529411764705,true_mixed,True,False,True,68,0,0,False,0,0,BF16,CUDA_EVENT,generic,generic,none
0.001408000010997057,0.011648000217974186,0.0034560000523924826,0.001408000010997057,0.004096000082790851,5,0.020447999238967896,0.021056000143289566,0.020799999684095384,0.0208320003002882,0.00021226425500501712,5,0.04320000112056732,0.04956800118088722,0.044985600560903546,0.04403200000524521,0.002325623169041055,5,0.07452800124883652,0.0761599987745285,0.07564799934625625,0.07612799853086472,0.0006482655900282663,5,0.0013760000001639128,0.001728000002913177,0.0014592000050470233,0.001408000010997057,0.00013515975677647296,5,2048,32,4,1,1,9216,FLASHINFER,"[64, 64, 64, 64]","[0, 0, 0, 0]","[1024, 1024, 1024, 1024, 1024, 1024, 1024, 1024, 1024, 1024, 1024, 1024, 1024, 1024, 1024, 1024, 1024, 1024, 1024, 1024, 1024, 1024, 1024, 1024, 1024, 1024, 1024, 1024, 1024, 1024, 1024, 1024, 1024, 1024, 1024, 1024, 1024, 1024, 1024, 1024, 1024, 1024, 1024, 1024, 1024, 1024, 1024, 1024, 1024, 1024, 1024, 1024, 1024, 1024, 1024, 1024, 1024, 1024, 1024, 1024, 1024, 1024, 1024, 1024]",4,64,64,68,256,64,320,1024,0.058823529411764705,true_mixed,True,False,True,68,0,0,False,0,0,BF16,CUDA_EVENT,generic,generic,none
0.0013760000001639128,0.012543999589979649,0.0036351999267935755,0.001408000010997057,0.004454445808400121,5,0.00800000037997961,0.024671999737620354,0.011430400051176548,0.0080960001796484,0.006621955857568653,5,0.026528000831604004,0.05164799839258194,0.03633920028805733,0.030880000442266464,0.009414497293637856,5,0.11001600325107574,0.11270400136709213,0.11089280098676682,0.11036799848079681,0.0010225182928618672,5,0.0013760000001639128,0.0017600000137463212,0.0014976000180467962,0.001408000010997057,0.00014224711413970983,5,2048,32,4,1,1,9216,FLASHINFER,"[64, 64, 64, 64]","[0, 0, 0, 0]","[2048, 2048, 2048, 2048, 2048, 2048, 2048, 2048, 2048, 2048, 2048, 2048, 2048, 2048, 2048, 2048, 2048, 2048, 2048, 2048, 2048, 2048, 2048, 2048, 2048, 2048, 2048, 2048, 2048, 2048, 2048, 2048, 2048, 2048, 2048, 2048, 2048, 2048, 2048, 2048, 2048, 2048, 2048, 2048, 2048, 2048, 2048, 2048, 2048, 2048, 2048, 2048, 2048, 2048, 2048, 2048, 2048, 2048, 2048, 2048, 2048, 2048, 2048, 2048]",4,64,64,68,256,64,320,2048,0.058823529411764705,true_mixed,True,False,True,68,0,0,False,0,0,BF16,CUDA_EVENT,generic,generic,none
0.010111999697983265,0.011071999557316303,0.01045759990811348,0.010432000271975994,0.00033032921442515626,5,0.019071999937295914,0.02175999991595745,0.02012160010635853,0.019936000928282738,0.0008931153738718067,5,0.043776001781225204,0.04745600000023842,0.044908799976110456,0.04396799951791763,0.0014176541155323371,5,0.03667199984192848,0.039135999977588654,0.03747840002179146,0.03721600025892258,0.000899057580370191,5,0.009119999594986439,0.011071999557316303,0.009785599820315839,0.009535999968647957,0.000675313632131589,5,2048,32,4,1,1,9216,FLASHINFER,"[128, 128, 128, 128]","[0, 0, 0, 0]",[128],4,1,1,5,512,1,513,128,0.8,true_mixed,True,False,True,5,0,0,False,0,0,BF16,CUDA_EVENT,generic,generic,none
0.010048000141978264,0.012032000347971916,0.01063040029257536,0.010432000271975994,0.000728138919881136,5,0.01894400082528591,0.022048000246286392,0.020070400089025497,0.01974399946630001,0.0010694702876795587,5,0.043296001851558685,0.05081599950790405,0.04567679986357689,0.044064000248909,0.0027538295420509546,5,0.03606399893760681,0.03916800022125244,0.03697280064225197,0.036448001861572266,0.0011345523359586123,5,0.009216000325977802,0.010048000141978264,0.009535999968647957,0.009279999881982803,0.0003569112224126736,5,2048,32,4,1,1,9216,FLASHINFER,"[128, 128, 128, 128]","[0, 0, 0, 0]",[256],4,1,1,5,512,1,513,256,0.8,true_mixed,True,False,True,5,0,0,False,0,0,BF16,CUDA_EVENT,generic,generic,none
0.010080000385642052,0.011392000131309032,0.01050879992544651,0.010239999741315842,0.0004976386120449437,5,0.01945599913597107,0.021056000143289566,0.020211199671030043,0.02022399939596653,0.0005719326859373675,5,0.04335999861359596,0.052319999784231186,0.046406399458646774,0.04428799822926521,0.003392326600682586,5,0.036479998379945755,0.03852799907326698,0.03736959993839264,0.03728000074625015,0.0007003248251108674,5,0.008991999551653862,0.010367999784648418,0.009695999883115291,0.009600000455975533,0.0005706416708343189,5,2048,32,4,1,1,9216,FLASHINFER,"[128, 128, 128, 128]","[0, 0, 0, 0]",[512],4,1,1,5,512,1,513,512,0.8,true_mixed,True,False,True,5,0,0,False,0,0,BF16,CUDA_EVENT,generic,generic,none
0.010239999741315842,0.012032000347971916,0.010720000043511391,0.010400000028312206,0.0006687924906534174,5,0.01913600042462349,0.02147199958562851,0.019948799908161164,0.0197759997099638,0.0007966905255055277,5,0.04287999868392944,0.04742399975657463,0.044735999405384065,0.04451199993491173,0.001505701435808972,5,0.03699199855327606,0.038943998515605927,0.037619199603796005,0.03731200098991394,0.0006900727093908314,5,0.009119999594986439,0.010432000271975994,0.009747199900448322,0.009759999811649323,0.0004305637346855416,5,2048,32,4,1,1,9216,FLASHINFER,"[128, 128, 128, 128]","[0, 0, 0, 0]",[1024],4,1,1,5,512,1,513,1024,0.8,true_mixed,True,False,True,5,0,0,False,0,0,BF16,CUDA_EVENT,generic,generic,none
0.010111999697983265,0.012640000320971012,0.010860799998044967,0.010495999827980995,0.000909070581226025,5,0.019680000841617584,0.022175999358296394,0.020447999984025956,0.019999999552965164,0.0009116346466011663,5,0.04307200014591217,0.049056001007556915,0.0451200008392334,0.044256001710891724,0.0021472931999875935,5,0.03699199855327606,0.039455998688936234,0.037651199102401736,0.037248000502586365,0.0009198203179550359,5,0.008704000152647495,0.010208000428974628,0.009478400088846683,0.00940799992531538,0.0005275246786245764,5,2048,32,4,1,1,9216,FLASHINFER,"[128, 128, 128, 128]","[0, 0, 0, 0]",[2048],4,1,1,5,512,1,513,2048,0.8,true_mixed,True,False,True,5,0,0,False,0,0,BF16,CUDA_EVENT,generic,generic,none
0.009855999611318111,0.012032000347971916,0.01045759990811348,0.010143999941647053,0.0007976672241409066,5,0.018751999363303185,0.021407999098300934,0.019872000068426134,0.01942400075495243,0.0009281101354836703,5,0.04416000097990036,0.04975999891757965,0.04609920009970665,0.044415999203920364,0.0023086701070035385,5,0.03596799820661545,0.039872001856565475,0.03724799975752831,0.03680000081658363,0.0014103263202312297,5,0.008799999952316284,0.00979200005531311,0.009401599876582623,0.009503999724984169,0.00035135946312407737,5,2048,32,4,1,1,9216,FLASHINFER,"[128, 128, 128, 128]","[0, 0, 0, 0]","[128, 128]",4,2,2,6,512,2,514,128,0.6666666666666666,true_mixed,True,False,True,6,0,0,False,0,0,BF16,CUDA_EVENT,generic,generic,none
0.010048000141978264,0.012480000033974648,0.01073279995471239,0.010367999784648418,0.0008927025013832987,5,0.019200000911951065,0.021536000072956085,0.02003200016915798,0.019807999953627586,0.0007973072753439713,5,0.044064000248909,0.04966399818658829,0.045363199710845944,0.04438399896025658,0.002155915946226166,5,0.036768000572919846,0.038975998759269714,0.03740800023078918,0.03711999952793121,0.0008008947205759891,5,0.009088000282645226,0.009983999654650688,0.00945919994264841,0.00940799992531538,0.0003073331854215225,5,2048,32,4,1,1,9216,FLASHINFER,"[128, 128, 128, 128]","[0, 0, 0, 0]","[256, 256]",4,2,2,6,512,2,514,256,0.6666666666666666,true_mixed,True,False,True,6,0,0,False,0,0,BF16,CUDA_EVENT,generic,generic,none
0.010400000028312206,0.012671999633312225,0.011289599910378456,0.011103999800980091,0.0008134295958761548,5,0.019936000928282738,0.2805120050907135,0.07582080103456974,0.0261439997702837,0.10243542910013634,5,0.04572800174355507,0.13753600418567657,0.06624000146985054,0.04864000156521797,0.03573835436712423,5,0.03788800165057182,0.05587200075387955,0.04266240000724793,0.04041599854826927,0.0067305794276662145,5,0.00979200005531311,0.01360000018030405,0.010918400064110757,0.01056000031530857,0.0013873984106926784,5,2048,32,4,1,1,9216,FLASHINFER,"[128, 128, 128, 128]","[0, 0, 0, 0]","[512, 512]",4,2,2,6,512,2,514,512,0.6666666666666666,true_mixed,True,False,True,6,0,0,False,0,0,BF16,CUDA_EVENT,generic,generic,none
0.0098879998549819,0.011776000261306763,0.010463999956846238,0.01027199998497963,0.0006818329980881238,5,0.018688000738620758,0.020608000457286835,0.019430400058627128,0.01929599978029728,0.0006973944490979726,5,0.043776001781225204,0.054207999259233475,0.04680960029363632,0.04428799822926521,0.003948877388189108,5,0.035679999738931656,0.03763199970126152,0.03629439994692803,0.036159999668598175,0.0007159423408220045,5,0.008895999751985073,0.009855999611318111,0.009318399988114835,0.009344000369310379,0.00031509842371149426,5,2048,32,4,1,1,9216,FLASHINFER,"[128, 128, 128, 128]","[0, 0, 0, 0]","[1024, 1024]",4,2,2,6,512,2,514,1024,0.6666666666666666,true_mixed,True,False,True,6,0,0,False,0,0,BF16,CUDA_EVENT,generic,generic,none
0.010048000141978264,0.013151999562978745,0.010809599980711937,0.010239999741315842,0.00117773891765983,5,0.019680000841617584,0.022592000663280487,0.020505600422620774,0.020128000527620316,0.0010600456307214795,5,0.043327998369932175,0.048767998814582825,0.04511999934911728,0.04396799951791763,0.001973754227901299,5,0.035999998450279236,0.039423998445272446,0.037510399520397184,0.03718400001525879,0.0011946589401318126,5,0.009119999594986439,0.010048000141978264,0.009459200128912926,0.009344000369310379,0.000312618958250514,5,2048,32,4,1,1,9216,FLASHINFER,"[128, 128, 128, 128]","[0, 0, 0, 0]","[2048, 2048]",4,2,2,6,512,2,514,2048,0.6666666666666666,true_mixed,True,False,True,6,0,0,False,0,0,BF16,CUDA_EVENT,generic,generic,none
0.010015999898314476,0.013088000006973743,0.010854400135576725,0.010400000028312206,0.0011424313247886083,5,0.0191040001809597,0.02131200022995472,0.01976960003376007,0.01945599913597107,0.0007857678723981979,5,0.043296001851558685,0.046751998364925385,0.04437760040163994,0.043616000562906265,0.001271716206021821,5,0.03574400022625923,0.03788800165057182,0.036665599793195724,0.036479998379945755,0.0007543865631500617,5,0.00886400043964386,0.009631999768316746,0.009248000010848046,0.009151999838650227,0.0002911822392841153,5,2048,32,4,1,1,9216,FLASHINFER,"[128, 128, 128, 128]","[0, 0, 0, 0]","[128, 128, 128, 128]",4,4,4,8,512,4,516,128,0.5,true_mixed,True,False,True,8,0,0,False,0,0,BF16,CUDA_EVENT,generic,generic,none
0.010080000385642052,0.01190400030463934,0.010668800212442875,0.010304000228643417,0.0006649844015944438,5,0.01897599920630455,0.021056000143289566,0.01996160000562668,0.0197759997099638,0.0007145110050918679,5,0.04358400031924248,0.04944000020623207,0.0452224001288414,0.04390399903059006,0.002216045596928858,5,0.03551999852061272,0.03872000053524971,0.03683839961886406,0.03670400008559227,0.001063903020225191,5,0.008927999995648861,0.010080000385642052,0.009535999968647957,0.009727999567985535,0.00041029937471491663,5,2048,32,4,1,1,9216,FLASHINFER,"[128, 128, 128, 128]","[0, 0, 0, 0]","[256, 256, 256, 256]",4,4,4,8,512,4,516,256,0.5,true_mixed,True,False,True,8,0,0,False,0,0,BF16,CUDA_EVENT,generic,generic,none
0.009920000098645687,0.012896000407636166,0.01073279995471239,0.010239999741315842,0.001097670179484741,5,0.018688000738620758,0.021824000403285027,0.01961599998176098,0.0191040001809597,0.0011308277649627605,5,0.04265600070357323,0.0488319993019104,0.044582399725914004,0.04399999976158142,0.0022317927513836352,5,0.036639999598264694,0.038176000118255615,0.037222400307655334,0.036896001547575,0.0005624719197855446,5,0.00886400043964386,0.009568000212311745,0.009280000068247318,0.009344000369310379,0.00025918017292124814,5,2048,32,4,1,1,9216,FLASHINFER,"[128, 128, 128, 128]","[0, 0, 0, 0]","[512, 512, 512, 512]",4,4,4,8,512,4,516,512,0.5,true_mixed,True,False,True,8,0,0,False,0,0,BF16,CUDA_EVENT,generic,generic,none
0.00979200005531311,0.01104000024497509,0.010438399948179721,0.010463999584317207,0.0004104990521774433,5,0.01929599978029728,0.02131200022995472,0.019936000183224677,0.01961600035429001,0.0007569878881547217,5,0.04233599826693535,0.04745600000023842,0.043903999775648114,0.043327998369932175,0.0018330165081760744,5,0.03638400137424469,0.03840000182390213,0.037478400766849516,0.037856001406908035,0.0007581770248242404,5,0.009056000038981438,0.01065600011497736,0.009599999897181988,0.009375999681651592,0.0005809565263146238,5,2048,32,4,1,1,9216,FLASHINFER,"[128, 128, 128, 128]","[0, 0, 0, 0]","[1024, 1024, 1024, 1024]",4,4,4,8,512,4,516,1024,0.5,true_mixed,True,False,True,8,0,0,False,0,0,BF16,CUDA_EVENT,generic,generic,none
0.009983999654650688,0.01283199992030859,0.010713599994778633,0.010143999941647053,0.0010780533518252998,5,0.0191040001809597,0.021536000072956085,0.01985279992222786,0.019519999623298645,0.0008670996341469768,5,0.04342399910092354,0.048576001077890396,0.0449023999273777,0.04387199878692627,0.00191438168764651,5,0.037696000188589096,0.0390079990029335,0.038239999860525134,0.03814399987459183,0.0004479999520964096,5,0.0071680000983178616,0.010143999941647053,0.009030399937182665,0.009247999638319016,0.0009983588852195784,5,2048,32,4,1,1,9216,FLASHINFER,"[128, 128, 128, 128]","[0, 0, 0, 0]","[2048, 2048, 2048, 2048]",4,4,4,8,512,4,516,2048,0.5,true_mixed,True,False,True,8,0,0,False,0,0,BF16,CUDA_EVENT,generic,generic,none
0.010239999741315842,0.012000000104308128,0.010745599865913391,0.010463999584317207,0.0006531137681165718,5,0.018848000094294548,0.02160000056028366,0.01960960030555725,0.0191040001809597,0.0010120099694116503,5,0.043007999658584595,0.047648001462221146,0.044390400499105455,0.043776001781225204,0.0016883635084805652,5,0.03577600046992302,0.038176000118255615,0.03637759983539581,0.035999998450279236,0.0009063177877716167,5,0.009056000038981438,0.010239999741315842,0.009433599933981896,0.009151999838650227,0.0004468098588888136,5,2048,32,4,1,1,9216,FLASHINFER,"[128, 128, 128, 128]","[0, 0, 0, 0]","[128, 128, 128, 128, 128, 128, 128, 128]",4,8,8,12,512,8,520,128,0.3333333333333333,true_mixed,True,False,True,12,0,0,False,0,0,BF16,CUDA_EVENT,generic,generic,none
0.009983999654650688,0.012223999947309494,0.010547200031578541,0.01017600018531084,0.0008455753806445387,5,0.0191040001809597,0.02163200080394745,0.01990400031208992,0.01961600035429001,0.0008849608098016181,5,0.04307200014591217,0.048928000032901764,0.04479359984397888,0.04399999976158142,0.0021600733541543918,5,0.035840000957250595,0.03872000053524971,0.03720320016145706,0.03699199855327606,0.0009628968908651848,5,0.009151999838650227,0.010239999741315842,0.009657599963247776,0.009664000011980534,0.00040598407670093593,5,2048,32,4,1,1,9216,FLASHINFER,"[128, 128, 128, 128]","[0, 0, 0, 0]","[256, 256, 256, 256, 256, 256, 256, 256]",4,8,8,12,512,8,520,256,0.3333333333333333,true_mixed,True,False,True,12,0,0,False,0,0,BF16,CUDA_EVENT,generic,generic,none
0.010239999741315842,0.011455999687314034,0.010540799796581268,0.01033599954098463,0.00045955381348367536,5,0.01942400075495243,0.02127999998629093,0.019993600249290467,0.01958400011062622,0.0006870392235362095,5,0.04227200150489807,0.04758400097489357,0.044326400756835936,0.04403200000524521,0.0018227532908357783,5,0.03654399886727333,0.03884800150990486,0.03736959993839264,0.03699199855327606,0.0008206993762227138,5,0.009216000325977802,0.010048000141978264,0.009644800052046775,0.009535999968647957,0.0003323072679416886,5,2048,32,4,1,1,9216,FLASHINFER,"[128, 128, 128, 128]","[0, 0, 0, 0]","[512, 512, 512, 512, 512, 512, 512, 512]",4,8,8,12,512,8,520,512,0.3333333333333333,true_mixed,True,False,True,12,0,0,False,0,0,BF16,CUDA_EVENT,generic,generic,none
0.009855999611318111,0.011455999687314034,0.01055999994277954,0.010623999871313572,0.0005626906203529412,5,0.019519999623298645,0.02179200015962124,0.02014079988002777,0.01974399946630001,0.0008506466187098972,5,0.04294399917125702,0.049215998500585556,0.044921599328517914,0.044064000248909,0.0022425033510643042,5,0.03824000060558319,0.041439998894929886,0.039494399726390836,0.0395519994199276,0.0011197984405088967,5,0.009216000325977802,0.010463999584317207,0.009696000069379807,0.009568000212311745,0.0004152606420680279,5,2048,32,4,1,1,9216,FLASHINFER,"[128, 128, 128, 128]","[0, 0, 0, 0]","[1024, 1024, 1024, 1024, 1024, 1024, 1024, 1024]",4,8,8,12,512,8,520,1024,0.3333333333333333,true_mixed,True,False,True,12,0,0,False,0,0,BF16,CUDA_EVENT,generic,generic,none
0.009759999811649323,0.012992000207304955,0.010655999928712846,0.010239999741315842,0.0012004053882537816,5,0.019680000841617584,0.021824000403285027,0.020172800123691558,0.0197759997099638,0.0008267156459738641,5,0.04403200000524521,0.04822399839758873,0.045228800177574156,0.044544000178575516,0.0015592368580475491,5,0.042080000042915344,0.04479999840259552,0.04369919970631599,0.0435199998319149,0.0010055539316042457,5,0.008767999708652496,0.010015999898314476,0.009414399787783623,0.009535999968647957,0.0004572306497901949,5,2048,32,4,1,1,9216,FLASHINFER,"[128, 128, 128, 128]","[0, 0, 0, 0]","[2048, 2048, 2048, 2048, 2048, 2048, 2048, 2048]",4,8,8,12,512,8,520,2048,0.3333333333333333,true_mixed,True,False,True,12,0,0,False,0,0,BF16,CUDA_EVENT,generic,generic,none
0.009727999567985535,0.012032000347971916,0.01060480009764433,0.01017600018531084,0.0008599848827066494,5,0.019392000511288643,0.026944000273942947,0.02162560001015663,0.020191999152302742,0.0027900919184464467,5,0.04323200136423111,0.04761600121855736,0.044684800505638125,0.04428799822926521,0.0015538432826909948,5,0.03577600046992302,0.03811199963092804,0.037088000774383546,0.03734400123357773,0.0008907272466307754,5,0.009119999594986439,0.009952000342309475,0.009420800022780895,0.009344000369310379,0.000297169737979363,5,2048,32,4,1,1,9216,FLASHINFER,"[128, 128, 128, 128]","[0, 0, 0, 0]","[128, 128, 128, 128, 128, 128, 128, 128, 128, 128, 128, 128, 128, 128, 128, 128]",4,16,16,20,512,16,528,128,0.2,true_mixed,True,False,True,20,0,0,False,0,0,BF16,CUDA_EVENT,generic,generic,none
0.009664000011980534,0.011487999930977821,0.010316799953579902,0.010048000141978264,0.0006305218126169684,5,0.01894400082528591,0.021056000143289566,0.019814400374889372,0.019680000841617584,0.0006867409663949793,5,0.04217600077390671,0.047200001776218414,0.04384000077843666,0.043136000633239746,0.0017502571896042508,5,0.0360959991812706,0.03855999931693077,0.03704959899187088,0.03651199862360954,0.0009063179824377814,5,0.00902399979531765,0.010080000385642052,0.009529600106179714,0.009472000412642956,0.00038153903173592803,5,2048,32,4,1,1,9216,FLASHINFER,"[128, 128, 128, 128]","[0, 0, 0, 0]","[256, 256, 256, 256, 256, 256, 256, 256, 256, 256, 256, 256, 256, 256, 256, 256]",4,16,16,20,512,16,528,256,0.2,true_mixed,True,False,True,20,0,0,False,0,0,BF16,CUDA_EVENT,generic,generic,none
0.009952000342309475,0.012927999719977379,0.010764800012111664,0.010208000428974628,0.001118920470438248,5,0.01945599913597107,0.021407999098300934,0.020236799865961073,0.020096000283956528,0.0006509776528592949,5,0.043296001851558685,0.04992000013589859,0.04503680020570755,0.04383999854326248,0.002467745559323699,5,0.03868800029158592,0.04150399938225746,0.03954559937119484,0.039103999733924866,0.0010130210683183978,5,0.009184000082314014,0.009920000098645687,0.009574400074779988,0.009600000455975533,0.00023549913077429427,5,2048,32,4,1,1,9216,FLASHINFER,"[128, 128, 128, 128]","[0, 0, 0, 0]","[512, 512, 512, 512, 512, 512, 512, 512, 512, 512, 512, 512, 512, 512, 512, 512]",4,16,16,20,512,16,528,512,0.2,true_mixed,True,False,True,20,0,0,False,0,0,BF16,CUDA_EVENT,generic,generic,none
0.009983999654650688,0.011935999616980553,0.010803199745714665,0.010591999627649784,0.0006534898257138944,5,0.019680000841617584,0.021824000403285027,0.020307200402021407,0.01990400068461895,0.0007974616117555438,5,0.04364800080657005,0.04809600114822388,0.04535679966211319,0.044895999133586884,0.001479577435721188,5,0.044704001396894455,0.04742399975657463,0.04608000069856644,0.04614400118589401,0.0010591947453393099,5,0.0077760000713169575,0.009920000098645687,0.009024000074714423,0.009600000455975533,0.0009116350552394682,5,2048,32,4,1,1,9216,FLASHINFER,"[128, 128, 128, 128]","[0, 0, 0, 0]","[1024, 1024, 1024, 1024, 1024, 1024, 1024, 1024, 1024, 1024, 1024, 1024, 1024, 1024, 1024, 1024]",4,16,16,20,512,16,528,1024,0.2,true_mixed,True,False,True,20,0,0,False,0,0,BF16,CUDA_EVENT,generic,generic,none
0.0098879998549819,0.012543999589979649,0.010592000000178814,0.010208000428974628,0.000994165190555595,5,0.019967999309301376,0.023135999217629433,0.020774399861693382,0.020287999883294106,0.0011882989301510167,5,0.04383999854326248,0.050655998289585114,0.04579839929938316,0.04467200115323067,0.0024804764233063705,5,0.05929600074887276,0.06092799827456474,0.05994240045547485,0.05974400043487549,0.0006163294778222585,5,0.001408000010997057,0.001408000010997057,0.001408000010997057,0.001408000010997057,0.0,5,2048,32,4,1,1,9216,FLASHINFER,"[128, 128, 128, 128]","[0, 0, 0, 0]","[2048, 2048, 2048, 2048, 2048, 2048, 2048, 2048, 2048, 2048, 2048, 2048, 2048, 2048, 2048, 2048]",4,16,16,20,512,16,528,2048,0.2,true_mixed,True,False,True,20,0,0,False,0,0,BF16,CUDA_EVENT,generic,generic,none
0.010239999741315842,0.011615999974310398,0.010707199946045876,0.010528000071644783,0.0004766174897672591,5,0.019807999953627586,0.020800000056624413,0.020160000026226043,0.020031999796628952,0.0003476088790588453,5,0.04310400038957596,0.046560000628232956,0.044486400485038755,0.04368000105023384,0.0014842480830557162,5,0.036159999668598175,0.038047999143600464,0.03724159970879555,0.037376001477241516,0.0006407675743550299,5,0.008991999551653862,0.010015999898314476,0.009561599791049957,0.009759999811649323,0.00041099770829447724,5,2048,32,4,1,1,9216,FLASHINFER,"[128, 128, 128, 128]","[0, 0, 0, 0]","[128, 128, 128, 128, 128, 128, 128, 128, 128, 128, 128, 128, 128, 128, 128, 128, 128, 128, 128, 128, 128, 128, 128, 128, 128, 128, 128, 128, 128, 128, 128, 128]",4,32,32,36,512,32,544,128,0.1111111111111111,true_mixed,True,False,True,36,0,0,False,0,0,BF16,CUDA_EVENT,generic,generic,none
0.009824000298976898,0.013248000293970108,0.010675200074911118,0.010015999898314476,0.0012956800720396108,5,0.019231999292969704,0.022431999444961548,0.020364799723029136,0.020031999796628952,0.0010845308422844943,5,0.042527999728918076,0.047359999269247055,0.043756799399852754,0.042847998440265656,0.0018311829469290159,5,0.039712000638246536,0.040672000497579575,0.04004480093717575,0.03984000161290169,0.0003606782567507171,5,0.008832000195980072,0.00979200005531311,0.009184000082314014,0.009088000282645226,0.00033986345922781136,5,2048,32,4,1,1,9216,FLASHINFER,"[128, 128, 128, 128]","[0, 0, 0, 0]","[256, 256, 256, 256, 256, 256, 256, 256, 256, 256, 256, 256, 256, 256, 256, 256, 256, 256, 256, 256, 256, 256, 256, 256, 256, 256, 256, 256, 256, 256, 256, 256]",4,32,32,36,512,32,544,256,0.1111111111111111,true_mixed,True,False,True,36,0,0,False,0,0,BF16,CUDA_EVENT,generic,generic,none
0.010048000141978264,0.010847999714314938,0.010399999842047692,0.010367999784648418,0.00026849495623098364,5,0.019936000928282738,0.022016000002622604,0.020710399746894835,0.02070399932563305,0.0007173711264446488,5,0.0435199998319149,0.04646399989724159,0.04488959982991218,0.04464000090956688,0.0010194701935187704,5,0.04447999969124794,0.04556800052523613,0.04503680020570755,0.04508800059556961,0.00037296200491393966,5,0.008736000396311283,0.010528000071644783,0.009215999953448772,0.008991999551653862,0.0006651075291511019,5,2048,32,4,1,1,9216,FLASHINFER,"[128, 128, 128, 128]","[0, 0, 0, 0]","[512, 512, 512, 512, 512, 512, 512, 512, 512, 512, 512, 512, 512, 512, 512, 512, 512, 512, 512, 512, 512, 512, 512, 512, 512, 512, 512, 512, 512, 512, 512, 512]",4,32,32,36,512,32,544,512,0.1111111111111111,true_mixed,True,False,True,36,0,0,False,0,0,BF16,CUDA_EVENT,generic,generic,none
0.009664000011980534,0.012896000407636166,0.010527999885380269,0.009983999654650688,0.0011932184135874685,5,0.01926399953663349,0.022752000018954277,0.020351999998092653,0.01990400068461895,0.001238197392598887,5,0.042080000042915344,0.048767998814582825,0.04471679925918579,0.04435199871659279,0.0022024367405945053,5,0.05961599946022034,0.06252799928188324,0.06127999946475029,0.06115199998021126,0.0011200912692293904,5,0.001408000010997057,0.001408000010997057,0.001408000010997057,0.001408000010997057,0.0,5,2048,32,4,1,1,9216,FLASHINFER,"[128, 128, 128, 128]","[0, 0, 0, 0]","[1024, 1024, 1024, 1024, 1024, 1024, 1024, 1024, 1024, 1024, 1024, 1024, 1024, 1024, 1024, 1024, 1024, 1024, 1024, 1024, 1024, 1024, 1024, 1024, 1024, 1024, 1024, 1024, 1024, 1024, 1024, 1024]",4,32,32,36,512,32,544,1024,0.1111111111111111,true_mixed,True,False,True,36,0,0,False,0,0,BF16,CUDA_EVENT,generic,generic,none
0.001408000010997057,0.012671999633312225,0.0038335999241098763,0.001728000002913177,0.004423987991415169,5,0.01942400075495243,0.022048000246286392,0.020160000026226043,0.01958400011062622,0.0009806838225206395,5,0.04287999868392944,0.04790399968624115,0.044633599370718,0.04371200129389763,0.0018209546979638578,5,0.07942400127649307,0.08131200075149536,0.08051200062036515,0.08060800284147263,0.0006990369859041529,5,0.001408000010997057,0.0014400000218302011,0.0014208000153303145,0.001408000010997057,1.5676739660947454e-05,5,2048,32,4,1,1,9216,FLASHINFER,"[128, 128, 128, 128]","[0, 0, 0, 0]","[2048, 2048, 2048, 2048, 2048, 2048, 2048, 2048, 2048, 2048, 2048, 2048, 2048, 2048, 2048, 2048, 2048, 2048, 2048, 2048, 2048, 2048, 2048, 2048, 2048, 2048, 2048, 2048, 2048, 2048, 2048, 2048]",4,32,32,36,512,32,544,2048,0.1111111111111111,true_mixed,True,False,True,36,0,0,False,0,0,BF16,CUDA_EVENT,generic,generic,none
0.010111999697983265,0.01196799986064434,0.010623999871313572,0.01033599954098463,0.0006800282501787479,5,0.019328000023961067,0.022431999444961548,0.020691199973225594,0.020416000857949257,0.0011089923638060572,5,0.04358400031924248,0.04819199815392494,0.04525440037250519,0.04508800059556961,0.0016671222794775514,5,0.03551999852061272,0.04543999955058098,0.038176000118255615,0.03625600039958954,0.003724228043194118,5,0.009312000125646591,0.010239999741315842,0.009593600034713745,0.009535999968647957,0.0003364718762907071,5,2048,32,4,1,1,9216,FLASHINFER,"[128, 128, 128, 128]","[0, 0, 0, 0]","[128, 128, 128, 128, 128, 128, 128, 128, 128, 128, 128, 128, 128, 128, 128, 128, 128, 128, 128, 128, 128, 128, 128, 128, 128, 128, 128, 128, 128, 128, 128, 128, 128, 128, 128, 128, 128, 128, 128, 128, 128, 128, 128, 128, 128, 128, 128, 128, 128, 128, 128, 128, 128, 128, 128, 128, 128, 128, 128, 128, 128, 128, 128, 128]",4,64,64,68,512,64,576,128,0.058823529411764705,true_mixed,True,False,True,68,0,0,False,0,0,BF16,CUDA_EVENT,generic,generic,none
0.010239999741315842,0.01152000017464161,0.01073279995471239,0.010688000358641148,0.00043293544968609035,5,0.0197759997099638,0.020864000543951988,0.02024959996342659,0.020096000283956528,0.00045318152742392076,5,0.04307200014591217,0.046720001846551895,0.044204800575971606,0.04358400031924248,0.0013524463297050289,5,0.040352001786231995,0.042208001017570496,0.04133120104670525,0.04108799993991852,0.0007415716701601414,5,0.009056000038981438,0.010015999898314476,0.009350400045514106,0.009216000325977802,0.0003513593002696137,5,2048,32,4,1,1,9216,FLASHINFER,"[128, 128, 128, 128]","[0, 0, 0, 0]","[256, 256, 256, 256, 256, 256, 256, 256, 256, 256, 256, 256, 256, 256, 256, 256, 256, 256, 256, 256, 256, 256, 256, 256, 256, 256, 256, 256, 256, 256, 256, 256, 256, 256, 256, 256, 256, 256, 256, 256, 256, 256, 256, 256, 256, 256, 256, 256, 256, 256, 256, 256, 256, 256, 256, 256, 256, 256, 256, 256, 256, 256, 256, 256]",4,64,64,68,512,64,576,256,0.058823529411764705,true_mixed,True,False,True,68,0,0,False,0,0,BF16,CUDA_EVENT,generic,generic,none
0.010304000228643417,0.017311999574303627,0.011980799958109856,0.01065600011497736,0.0026917000905625453,5,0.020096000283956528,0.02208000048995018,0.02059519998729229,0.020255999639630318,0.0007470751929013088,5,0.043296001851558685,0.047968000173568726,0.045376000553369523,0.045024000108242035,0.001920000215371771,5,0.055904000997543335,0.056992001831531525,0.056467200815677646,0.056384000927209854,0.0003979341738158865,5,0.0013760000001639128,0.001408000010997057,0.0013952000066637994,0.001408000010997057,1.5676739660947454e-05,5,2048,32,4,1,1,9216,FLASHINFER,"[128, 128, 128, 128]","[0, 0, 0, 0]","[512, 512, 512, 512, 512, 512, 512, 512, 512, 512, 512, 512, 512, 512, 512, 512, 512, 512, 512, 512, 512, 512, 512, 512, 512, 512, 512, 512, 512, 512, 512, 512, 512, 512, 512, 512, 512, 512, 512, 512, 512, 512, 512, 512, 512, 512, 512, 512, 512, 512, 512, 512, 512, 512, 512, 512, 512, 512, 512, 512, 512, 512, 512, 512]",4,64,64,68,512,64,576,512,0.058823529411764705,true_mixed,True,False,True,68,0,0,False,0,0,BF16,CUDA_EVENT,generic,generic,none
0.0013760000001639128,0.01056000031530857,0.003232000069692731,0.001408000010997057,0.003664021083460144,5,0.020031999796628952,0.02236800082027912,0.02064640000462532,0.020320000126957893,0.0008748127166948556,5,0.04217600077390671,0.046879999339580536,0.04394879937171936,0.04291199892759323,0.0017309129742686584,5,0.07372800260782242,0.07545600086450577,0.07468159943819046,0.07503999769687653,0.0007150835431063671,5,0.0013760000001639128,0.001408000010997057,0.0013888000044971704,0.0013760000001639128,1.5676739660947454e-05,5,2048,32,4,1,1,9216,FLASHINFER,"[128, 128, 128, 128]","[0, 0, 0, 0]","[1024, 1024, 1024, 1024, 1024, 1024, 1024, 1024, 1024, 1024, 1024, 1024, 1024, 1024, 1024, 1024, 1024, 1024, 1024, 1024, 1024, 1024, 1024, 1024, 1024, 1024, 1024, 1024, 1024, 1024, 1024, 1024, 1024, 1024, 1024, 1024, 1024, 1024, 1024, 1024, 1024, 1024, 1024, 1024, 1024, 1024, 1024, 1024, 1024, 1024, 1024, 1024, 1024, 1024, 1024, 1024, 1024, 1024, 1024, 1024, 1024, 1024, 1024, 1024]",4,64,64,68,512,64,576,1024,0.058823529411764705,true_mixed,True,False,True,68,0,0,False,0,0,BF16,CUDA_EVENT,generic,generic,none
0.001408000010997057,0.012799999676644802,0.0038335999473929406,0.0016959999920800328,0.004486504856691596,5,0.010015999898314476,0.021983999758958817,0.012524799816310406,0.010111999697983265,0.004732305552634796,5,0.029823999851942062,0.05052800104022026,0.03539840020239353,0.0326399989426136,0.007644328229025178,5,0.11126399785280228,0.11308799684047699,0.1117375984787941,0.11135999858379364,0.0006879324081161194,5,0.0013760000001639128,0.001408000010997057,0.0013952000066637994,0.001408000010997057,1.5676739660947454e-05,5,2048,32,4,1,1,9216,FLASHINFER,"[128, 128, 128, 128]","[0, 0, 0, 0]","[2048, 2048, 2048, 2048, 2048, 2048, 2048, 2048, 2048, 2048, 2048, 2048, 2048, 2048, 2048, 2048, 2048, 2048, 2048, 2048, 2048, 2048, 2048, 2048, 2048, 2048, 2048, 2048, 2048, 2048, 2048, 2048, 2048, 2048, 2048, 2048, 2048, 2048, 2048, 2048, 2048, 2048, 2048, 2048, 2048, 2048, 2048, 2048, 2048, 2048, 2048, 2048, 2048, 2048, 2048, 2048, 2048, 2048, 2048, 2048, 2048, 2048, 2048, 2048]",4,64,64,68,512,64,576,2048,0.058823529411764705,true_mixed,True,False,True,68,0,0,False,0,0,BF16,CUDA_EVENT,generic,generic,none
0.009696000255644321,0.01244799979031086,0.010527999885380269,0.010111999697983265,0.0009863061785441531,5,0.019360000267624855,0.022752000018954277,0.020447999984025956,0.019999999552965164,0.0012495578429281035,5,0.05212799832224846,0.05488000065088272,0.05291519910097122,0.05260799825191498,0.001011848699260963,5,0.0342399999499321,0.03807999938726425,0.036070399731397626,0.035840000957250595,0.0014870047297502582,5,0.008767999708652496,0.009535999968647957,0.009203199855983257,0.009151999838650227,0.0002985448380841476,5,2048,32,4,1,1,9216,FLASHINFER,"[256, 256, 256, 256]","[0, 0, 0, 0]",[128],4,1,1,5,1024,1,1025,128,0.8,true_mixed,True,False,True,5,0,0,False,0,0,BF16,CUDA_EVENT,generic,generic,none
0.009920000098645687,0.012959999963641167,0.010624000057578086,0.010048000141978264,0.0011708676684656202,5,0.019648000597953796,0.021824000403285027,0.020576000213623047,0.020447999238967896,0.0007804325484609076,5,0.05142400041222572,0.05427199974656105,0.052512000501155856,0.05222399905323982,0.00095271877810392,5,0.0342399999499321,0.0398080013692379,0.03636480048298836,0.035679999738931656,0.001966644299636407,5,0.009151999838650227,0.010080000385642052,0.009516800008714198,0.009312000125646591,0.0003402249452041389,5,2048,32,4,1,1,9216,FLASHINFER,"[256, 256, 256, 256]","[0, 0, 0, 0]",[256],4,1,1,5,1024,1,1025,256,0.8,true_mixed,True,False,True,5,0,0,False,0,0,BF16,CUDA_EVENT,generic,generic,none
0.010080000385642052,0.012768000364303589,0.01084160003811121,0.010400000028312206,0.0009786771184956487,5,0.019519999623298645,0.02179200015962124,0.020204799994826318,0.01990400068461895,0.0008084292911488683,5,0.05132799968123436,0.05961599946022034,0.05331199988722801,0.05183999985456467,0.0031649275479502985,5,0.033952001482248306,0.03907199949026108,0.03606399968266487,0.03564799949526787,0.0017121639245640708,5,0.009184000082314014,0.010080000385642052,0.009516800008714198,0.009344000369310379,0.0003390188973855965,5,2048,32,4,1,1,9216,FLASHINFER,"[256, 256, 256, 256]","[0, 0, 0, 0]",[512],4,1,1,5,1024,1,1025,512,0.8,true_mixed,True,False,True,5,0,0,False,0,0,BF16,CUDA_EVENT,generic,generic,none
0.010367999784648418,0.013311999849975109,0.011219199933111667,0.010847999714314938,0.001087736427159974,5,0.019872000440955162,0.02284800074994564,0.020736000686883926,0.020160000771284103,0.0011186277870777015,5,0.05215999856591225,0.05651199817657471,0.05323519930243492,0.052319999784231186,0.0016660414304910701,5,0.03407999873161316,0.03961599990725517,0.03676159977912903,0.03670400008559227,0.001771702487192698,5,0.008991999551653862,0.010975999757647514,0.009555199928581715,0.009344000369310379,0.000731562251469242,5,2048,32,4,1,1,9216,FLASHINFER,"[256, 256, 256, 256]","[0, 0, 0, 0]",[1024],4,1,1,5,1024,1,1025,1024,0.8,true_mixed,True,False,True,5,0,0,False,0,0,BF16,CUDA_EVENT,generic,generic,none
0.009824000298976898,0.011839999817311764,0.010444799996912479,0.01017600018531084,0.0007202771604983242,5,0.019551999866962433,0.02160000056028366,0.020307200402021407,0.020128000527620316,0.0006983336941092909,5,0.051552001386880875,0.055424001067876816,0.052844800800085065,0.052352000027894974,0.001387132847994874,5,0.03587200120091438,0.03814399987459183,0.03685120046138764,0.036896001547575,0.0007673592254613628,5,0.009056000038981438,0.009824000298976898,0.00940799992531538,0.009375999681651592,0.0002876443013506005,5,2048,32,4,1,1,9216,FLASHINFER,"[256, 256, 256, 256]","[0, 0, 0, 0]",[2048],4,1,1,5,1024,1,1025,2048,0.8,true_mixed,True,False,True,5,0,0,False,0,0,BF16,CUDA_EVENT,generic,generic,none
0.009696000255644321,0.011648000217974186,0.010636800155043601,0.010688000358641148,0.0006427460655153509,5,0.019680000841617584,0.022336000576615334,0.020652800053358077,0.02035200037062168,0.000903874061237033,5,0.05167999863624573,0.05660799890756607,0.05288959890604019,0.05212799832224846,0.0018773285380953564,5,0.03548799827694893,0.03859199956059456,0.03682559952139854,0.036768000572919846,0.001069662441028684,5,0.009279999881982803,0.01017600018531084,0.00977920014411211,0.009696000255644321,0.00032165983634701396,5,2048,32,4,1,1,9216,FLASHINFER,"[256, 256, 256, 256]","[0, 0, 0, 0]","[128, 128]",4,2,2,6,1024,2,1026,128,0.6666666666666666,true_mixed,True,False,True,6,0,0,False,0,0,BF16,CUDA_EVENT,generic,generic,none
0.010048000141978264,0.011680000461637974,0.010624000243842602,0.01056000031530857,0.0005749324503593556,5,0.019711999222636223,0.02195199951529503,0.020313600078225136,0.01990400068461895,0.0008298801601316292,5,0.05145600065588951,0.05510399863123894,0.052684799581766126,0.0522879995405674,0.001271426615102091,5,0.03324799984693527,0.03827200084924698,0.036326400190591815,0.03670400008559227,0.0016787532920720832,5,0.009088000282645226,0.009824000298976898,0.009459200128912926,0.00940799992531538,0.00026895240445704125,5,2048,32,4,1,1,9216,FLASHINFER,"[256, 256, 256, 256]","[0, 0, 0, 0]","[256, 256]",4,2,2,6,1024,2,1026,256,0.6666666666666666,true_mixed,True,False,True,6,0,0,False,0,0,BF16,CUDA_EVENT,generic,generic,none
0.009983999654650688,0.012927999719977379,0.010655999928712846,0.010080000385642052,0.0011420009676573872,5,0.019999999552965164,0.02195199951529503,0.0208127997815609,0.02022399939596653,0.0008568832186266334,5,0.05135999992489815,0.05612799897789955,0.05304960012435913,0.05251200124621391,0.0016859350293511714,5,0.034591998904943466,0.03996799886226654,0.036780799925327304,0.036448001861572266,0.001850651761738288,5,0.008960000239312649,0.010495999827980995,0.009644800052046775,0.009344000369310379,0.0005679795051550059,5,2048,32,4,1,1,9216,FLASHINFER,"[256, 256, 256, 256]","[0, 0, 0, 0]","[512, 512]",4,2,2,6,1024,2,1026,512,0.6666666666666666,true_mixed,True,False,True,6,0,0,False,0,0,BF16,CUDA_EVENT,generic,generic,none
0.009664000011980534,0.01190400030463934,0.010521600022912025,0.01017600018531084,0.000790963439099481,5,0.019392000511288643,0.021503999829292297,0.020473600178956986,0.020287999883294106,0.0007303852670018225,5,0.05164799839258194,0.05510399863123894,0.05285119935870171,0.05244800075888634,0.0012324940543995287,5,0.033344000577926636,0.03782400116324425,0.0360384002327919,0.036639999598264694,0.001564717993172234,5,0.009088000282645226,0.01027199998497963,0.00938240010291338,0.009184000082314014,0.00044635118659362667,5,2048,32,4,1,1,9216,FLASHINFER,"[256, 256, 256, 256]","[0, 0, 0, 0]","[1024, 1024]",4,2,2,6,1024,2,1026,1024,0.6666666666666666,true_mixed,True,False,True,6,0,0,False,0,0,BF16,CUDA_EVENT,generic,generic,none
0.010080000385642052,0.01283199992030859,0.010899200104176998,0.010495999827980995,0.000986223080146516,5,0.01945599913597107,0.0226879995316267,0.02046720013022423,0.019936000928282738,0.0011460466503885444,5,0.05164799839258194,0.055296000093221664,0.052588799595832826,0.051872000098228455,0.0013803247425566172,5,0.03436800092458725,0.039264000952243805,0.036473600566387175,0.03596799820661545,0.0016932083983637466,5,0.009216000325977802,0.010528000071644783,0.009747200086712838,0.009696000255644321,0.00044735944183308275,5,2048,32,4,1,1,9216,FLASHINFER,"[256, 256, 256, 256]","[0, 0, 0, 0]","[2048, 2048]",4,2,2,6,1024,2,1026,2048,0.6666666666666666,true_mixed,True,False,True,6,0,0,False,0,0,BF16,CUDA_EVENT,generic,generic,none
0.010048000141978264,0.011615999974310398,0.010534399934113026,0.01033599954098463,0.0005700672696685951,5,0.0197759997099638,0.022495999932289124,0.020716799795627593,0.020447999238967896,0.0009258126599815921,5,0.05161599814891815,0.056384000927209854,0.05328000038862228,0.05251200124621391,0.001655981220627622,5,0.03545600175857544,0.03961599990725517,0.0368319995701313,0.03596799820661545,0.0015697621381362918,5,0.009119999594986439,0.010143999941647053,0.009535999782383443,0.009503999724984169,0.00035170905577104665,5,2048,32,4,1,1,9216,FLASHINFER,"[256, 256, 256, 256]","[0, 0, 0, 0]","[128, 128, 128, 128]",4,4,4,8,1024,4,1028,128,0.5,true_mixed,True,False,True,8,0,0,False,0,0,BF16,CUDA_EVENT,generic,generic,none
0.0098879998549819,0.011392000131309032,0.010425600036978722,0.01017600018531084,0.0005244096804498738,5,0.019711999222636223,0.021183999255299568,0.020300799608230592,0.019999999552965164,0.0005295396526824195,5,0.051552001386880875,0.0549440011382103,0.05239040032029152,0.05167999863624573,0.001300696937394347,5,0.0352960005402565,0.03862399980425835,0.03660159930586815,0.03612799942493439,0.0012563249412540793,5,0.008991999551653862,0.01017600018531084,0.009523199871182442,0.009247999638319016,0.0004779049196798888,5,2048,32,4,1,1,9216,FLASHINFER,"[256, 256, 256, 256]","[0, 0, 0, 0]","[256, 256, 256, 256]",4,4,4,8,1024,4,1028,256,0.5,true_mixed,True,False,True,8,0,0,False,0,0,BF16,CUDA_EVENT,generic,generic,none
0.010015999898314476,0.011487999930977821,0.010476799868047237,0.010111999697983265,0.0005755020453845479,5,0.019680000841617584,0.02191999927163124,0.02056960016489029,0.02054399996995926,0.0007888886932493195,5,0.05167999863624573,0.05471999943256378,0.05276799947023392,0.05241600051522255,0.0011427183933479953,5,0.03407999873161316,0.03855999931693077,0.036223999410867694,0.03625600039958954,0.001445890302354657,5,0.009056000038981438,0.01033599954098463,0.009497600048780442,0.009216000325977802,0.0004656629752730532,5,2048,32,4,1,1,9216,FLASHINFER,"[256, 256, 256, 256]","[0, 0, 0, 0]","[512, 512, 512, 512]",4,4,4,8,1024,4,1028,512,0.5,true_mixed,True,False,True,8,0,0,False,0,0,BF16,CUDA_EVENT,generic,generic,none
0.009824000298976898,0.01142400037497282,0.010316800326108932,0.010080000385642052,0.0005758577771335313,5,0.01961600035429001,0.020927999168634415,0.020051199942827225,0.019936000928282738,0.0004661903791937993,5,0.051711998879909515,0.05500800162553787,0.052857599407434466,0.05273599922657013,0.0012037114321646906,5,0.03561599925160408,0.03824000060558319,0.03694720044732094,0.037376001477241516,0.0009468114737667648,5,0.009247999638319016,0.009664000011980534,0.009523200057446956,0.009600000455975533,0.00014678225579396818,5,2048,32,4,1,1,9216,FLASHINFER,"[256, 256, 256, 256]","[0, 0, 0, 0]","[1024, 1024, 1024, 1024]",4,4,4,8,1024,4,1028,1024,0.5,true_mixed,True,False,True,8,0,0,False,0,0,BF16,CUDA_EVENT,generic,generic,none
0.010111999697983265,0.011872000060975552,0.010540799982845784,0.010239999741315842,0.0006686698936675981,5,0.020255999639630318,0.022336000576615334,0.02078080028295517,0.02038400061428547,0.0007845159117451821,5,0.052191998809576035,0.05728000029921532,0.05361279994249344,0.05260799825191498,0.0018888788144116467,5,0.038047999143600464,0.04073600098490715,0.03914880007505417,0.0390079990029335,0.0008767304270069552,5,0.008927999995648861,0.0098879998549819,0.009414399974048138,0.009472000412642956,0.0003717512112978572,5,2048,32,4,1,1,9216,FLASHINFER,"[256, 256, 256, 256]","[0, 0, 0, 0]","[2048, 2048, 2048, 2048]",4,4,4,8,1024,4,1028,2048,0.5,true_mixed,True,False,True,8,0,0,False,0,0,BF16,CUDA_EVENT,generic,generic,none
0.0098879998549819,0.011487999930977821,0.010342399962246418,0.010143999941647053,0.0005839101521709681,5,0.019872000440955162,0.02160000056028366,0.02072960026562214,0.0208320003002882,0.0006483928374487323,5,0.05161599814891815,0.05552000179886818,0.052863999456167224,0.05222399905323982,0.0013745865412988546,5,0.034304000437259674,0.038176000118255615,0.036352000385522845,0.036768000572919846,0.001294319936164512,5,0.008991999551653862,0.010143999941647053,0.009408000111579894,0.009216000325977802,0.0004221090276587718,5,2048,32,4,1,1,9216,FLASHINFER,"[256, 256, 256, 256]","[0, 0, 0, 0]","[128, 128, 128, 128, 128, 128, 128, 128]",4,8,8,12,1024,8,1032,128,0.3333333333333333,true_mixed,True,False,True,12,0,0,False,0,0,BF16,CUDA_EVENT,generic,generic,none
0.010111999697983265,0.013024000450968742,0.010867200046777725,0.010304000228643417,0.0011060343008916726,5,0.02006400004029274,0.022975999861955643,0.02080640010535717,0.020416000857949257,0.0010974459262832166,5,0.05196800082921982,0.05548800155520439,0.0529664009809494,0.052480001002550125,0.0012752554935935559,5,0.035392001271247864,0.039135999977588654,0.03667200058698654,0.03590400144457817,0.001443479387601383,5,0.008991999551653862,0.010111999697983265,0.009555199928581715,0.009568000212311745,0.00036575321409480744,5,2048,32,4,1,1,9216,FLASHINFER,"[256, 256, 256, 256]","[0, 0, 0, 0]","[256, 256, 256, 256, 256, 256, 256, 256]",4,8,8,12,1024,8,1032,256,0.3333333333333333,true_mixed,True,False,True,12,0,0,False,0,0,BF16,CUDA_EVENT,generic,generic,none
0.010015999898314476,0.01142400037497282,0.01049600001424551,0.010304000228643417,0.000508387431940252,5,0.02006400004029274,0.02208000048995018,0.020665600150823592,0.020416000857949257,0.0007233417571937237,5,0.051552001386880875,0.05510399863123894,0.05262719988822937,0.05193600058555603,0.0012877516604426682,5,0.036896001547575,0.04287999868392944,0.03866880014538765,0.03753599897027016,0.0021996449426605258,5,0.008832000195980072,0.010528000071644783,0.00956800002604723,0.009568000212311745,0.000585521346621623,5,2048,32,4,1,1,9216,FLASHINFER,"[256, 256, 256, 256]","[0, 0, 0, 0]","[512, 512, 512, 512, 512, 512, 512, 512]",4,8,8,12,1024,8,1032,512,0.3333333333333333,true_mixed,True,False,True,12,0,0,False,0,0,BF16,CUDA_EVENT,generic,generic,none
0.009631999768316746,0.012959999963641167,0.01103999987244606,0.01071999967098236,0.00123554829765317,5,0.020320000126957893,0.022784000262618065,0.020947200432419776,0.020416000857949257,0.0009429091636106988,5,0.05225599929690361,0.05603199824690819,0.05326079949736595,0.0525440014898777,0.001414326872612245,5,0.03798399865627289,0.04009599983692169,0.039020799845457074,0.03916800022125244,0.0007128467701481803,5,0.009088000282645226,0.009568000212311745,0.009376000054180622,0.009375999681651592,0.0001729184157970868,5,2048,32,4,1,1,9216,FLASHINFER,"[256, 256, 256, 256]","[0, 0, 0, 0]","[1024, 1024, 1024, 1024, 1024, 1024, 1024, 1024]",4,8,8,12,1024,8,1032,1024,0.3333333333333333,true_mixed,True,False,True,12,0,0,False,0,0,BF16,CUDA_EVENT,generic,generic,none
0.01017600018531084,0.011680000461637974,0.010668800212442875,0.010528000071644783,0.0005233150957057217,5,0.022143999114632607,0.023231999948620796,0.022675199806690215,0.022816000506281853,0.0004409041929820716,5,0.05260799825191498,0.05663999915122986,0.0540415994822979,0.05321599915623665,0.0015573717832212586,5,0.044064000248909,0.04886399954557419,0.045747199654579164,0.045343998819589615,0.0016326397153573102,5,0.006016000173985958,0.009151999838650227,0.007200000062584877,0.006752000190317631,0.0011443299175025602,5,2048,32,4,1,1,9216,FLASHINFER,"[256, 256, 256, 256]","[0, 0, 0, 0]","[2048, 2048, 2048, 2048, 2048, 2048, 2048, 2048]",4,8,8,12,1024,8,1032,2048,0.3333333333333333,true_mixed,True,False,True,12,0,0,False,0,0,BF16,CUDA_EVENT,generic,generic,none
0.0098879998549819,0.011296000331640244,0.010355200059711933,0.010143999941647053,0.0005158257961150899,5,0.01990400068461895,0.02112000063061714,0.020447999984025956,0.020191999152302742,0.0005316241856834373,5,0.05158400163054466,0.05596800148487091,0.05300480127334595,0.05283199995756149,0.0016031456900861486,5,0.03296000137925148,0.04009599983692169,0.035635200887918474,0.035232000052928925,0.00245017154500691,5,0.009119999594986439,0.009727999567985535,0.009350399859249592,0.009312000125646591,0.00021361039989933737,5,2048,32,4,1,1,9216,FLASHINFER,"[256, 256, 256, 256]","[0, 0, 0, 0]","[128, 128, 128, 128, 128, 128, 128, 128, 128, 128, 128, 128, 128, 128, 128, 128]",4,16,16,20,1024,16,1040,128,0.2,true_mixed,True,False,True,20,0,0,False,0,0,BF16,CUDA_EVENT,generic,generic,none
0.010143999941647053,0.011487999930977821,0.010527999885380269,0.01027199998497963,0.0005071772702196404,5,0.01990400068461895,0.02127999998629093,0.0205375999212265,0.020447999238967896,0.0004871573440880943,5,0.0514880008995533,0.05369599908590317,0.05251199975609779,0.052480001002550125,0.0008097953299457333,5,0.03590400144457817,0.039103999733924866,0.036908800899982455,0.03641600161790848,0.0011437208471491774,5,0.009279999881982803,0.01027199998497963,0.009683199971914292,0.009631999768316746,0.00034855043437181726,5,2048,32,4,1,1,9216,FLASHINFER,"[256, 256, 256, 256]","[0, 0, 0, 0]","[256, 256, 256, 256, 256, 256, 256, 256, 256, 256, 256, 256, 256, 256, 256, 256]",4,16,16,20,1024,16,1040,256,0.2,true_mixed,True,False,True,20,0,0,False,0,0,BF16,CUDA_EVENT,generic,generic,none
0.009696000255644321,0.012640000320971012,0.010611200146377087,0.010208000428974628,0.0010374319620932706,5,0.019711999222636223,0.02271999977529049,0.02067839987576008,0.020320000126957893,0.0010524838335648926,5,0.051552001386880875,0.05596800148487091,0.05276160091161728,0.05209600180387497,0.0016215384555713838,5,0.03766399994492531,0.040991999208927155,0.03920000046491623,0.03936000168323517,0.0011514662212090032,5,0.008895999751985073,0.010400000028312206,0.009414399974048138,0.009119999594986439,0.0005458417156538217,5,2048,32,4,1,1,9216,FLASHINFER,"[256, 256, 256, 256]","[0, 0, 0, 0]","[512, 512, 512, 512, 512, 512, 512, 512, 512, 512, 512, 512, 512, 512, 512, 512]",4,16,16,20,1024,16,1040,512,0.2,true_mixed,True,False,True,20,0,0,False,0,0,BF16,CUDA_EVENT,generic,generic,none
0.009824000298976898,0.01158399973064661,0.01048320010304451,0.010400000028312206,0.0006269385112076164,5,0.022431999444961548,0.023391999304294586,0.02277759984135628,0.022624000906944275,0.00034010412804116364,5,0.052639998495578766,0.05686400085687637,0.054047999531030656,0.053888000547885895,0.0015216671208562042,5,0.04243199899792671,0.049056001007556915,0.045683199912309645,0.04639999940991402,0.0023102678764706387,5,0.005408000200986862,0.007455999962985516,0.006355199962854385,0.006175999995321035,0.0007489913542136838,5,2048,32,4,1,1,9216,FLASHINFER,"[256, 256, 256, 256]","[0, 0, 0, 0]","[1024, 1024, 1024, 1024, 1024, 1024, 1024, 1024, 1024, 1024, 1024, 1024, 1024, 1024, 1024, 1024]",4,16,16,20,1024,16,1040,1024,0.2,true_mixed,True,False,True,20,0,0,False,0,0,BF16,CUDA_EVENT,generic,generic,none
0.010048000141978264,0.012736000120639801,0.010636800155043601,0.010143999941647053,0.0010505751373966398,5,0.021663999184966087,0.023552000522613525,0.022406399995088578,0.022304000332951546,0.0006333740327766437,5,0.05193600058555603,0.05833600088953972,0.05384320020675659,0.05318399891257286,0.0023428371992277705,5,0.05814399942755699,0.06028800085186958,0.05904640033841133,0.05920000001788139,0.0007909638264346797,5,0.0013760000001639128,0.0014400000218302011,0.0013952000066637994,0.0013760000001639128,2.560000866651535e-05,5,2048,32,4,1,1,9216,FLASHINFER,"[256, 256, 256, 256]","[0, 0, 0, 0]","[2048, 2048, 2048, 2048, 2048, 2048, 2048, 2048, 2048, 2048, 2048, 2048, 2048, 2048, 2048, 2048]",4,16,16,20,1024,16,1040,2048,0.2,true_mixed,True,False,True,20,0,0,False,0,0,BF16,CUDA_EVENT,generic,generic,none
0.009759999811649323,0.011872000060975552,0.010374399833381176,0.010143999941647053,0.0007694387712466962,5,0.019936000928282738,0.02208000048995018,0.020531200245022772,0.020128000527620316,0.000804111132170713,5,0.051231998950242996,0.05612799897789955,0.05278080031275749,0.05206400156021118,0.0017197546624963447,5,0.036288000643253326,0.038975998759269714,0.037222400307655334,0.037151999771595,0.000978885543019554,5,0.008799999952316284,0.010143999941647053,0.009414399974048138,0.009312000125646591,0.0004930077787015557,5,2048,32,4,1,1,9216,FLASHINFER,"[256, 256, 256, 256]","[0, 0, 0, 0]","[128, 128, 128, 128, 128, 128, 128, 128, 128, 128, 128, 128, 128, 128, 128, 128, 128, 128, 128, 128, 128, 128, 128, 128, 128, 128, 128, 128, 128, 128, 128, 128]",4,32,32,36,1024,32,1056,128,0.1111111111111111,true_mixed,True,False,True,36,0,0,False,0,0,BF16,CUDA_EVENT,generic,generic,none
0.0098879998549819,0.011359999887645245,0.010502399876713753,0.010400000028312206,0.0004913433186988452,5,0.020096000283956528,0.021407999098300934,0.020499199628829956,0.020287999883294106,0.000474895250598524,5,0.05110400170087814,0.05478399991989136,0.052435199916362765,0.05215999856591225,0.0013281501370214755,5,0.03916800022125244,0.04188799858093262,0.040089599788188934,0.03999999910593033,0.0009620024394001417,5,0.008927999995648861,0.009664000011980534,0.009267199970781802,0.009279999881982803,0.00026895240002465114,5,2048,32,4,1,1,9216,FLASHINFER,"[256, 256, 256, 256]","[0, 0, 0, 0]","[256, 256, 256, 256, 256, 256, 256, 256, 256, 256, 256, 256, 256, 256, 256, 256, 256, 256, 256, 256, 256, 256, 256, 256, 256, 256, 256, 256, 256, 256, 256, 256]",4,32,32,36,1024,32,1056,256,0.1111111111111111,true_mixed,True,False,True,36,0,0,False,0,0,BF16,CUDA_EVENT,generic,generic,none
0.009920000098645687,0.01152000017464161,0.010400000028312206,0.010143999941647053,0.0005756443586655753,5,0.022495999932289124,0.024064000695943832,0.023148800060153008,0.02304000034928322,0.0005625453563724843,5,0.05270399898290634,0.06201599910855293,0.05550720021128654,0.05350400134921074,0.0034388073017959887,5,0.04620800167322159,0.050335999578237534,0.04807680025696755,0.04793599992990494,0.001335530701669179,5,0.003616000059992075,0.006591999903321266,0.004627199936658144,0.004127999767661095,0.0010645183132045315,5,2048,32,4,1,1,9216,FLASHINFER,"[256, 256, 256, 256]","[0, 0, 0, 0]","[512, 512, 512, 512, 512, 512, 512, 512, 512, 512, 512, 512, 512, 512, 512, 512, 512, 512, 512, 512, 512, 512, 512, 512, 512, 512, 512, 512, 512, 512, 512, 512]",4,32,32,36,1024,32,1056,512,0.1111111111111111,true_mixed,True,False,True,36,0,0,False,0,0,BF16,CUDA_EVENT,generic,generic,none
0.010111999697983265,0.011935999616980553,0.010553599707782269,0.010239999741315842,0.000695630191636624,5,0.021568000316619873,0.022431999444961548,0.022111999988555908,0.022175999358296394,0.0003022262215477443,5,0.05302400141954422,0.05724800005555153,0.054041600227355956,0.05331199988722801,0.0016075851010514644,5,0.05897599831223488,0.06332799792289734,0.06078079864382744,0.06054399907588959,0.0014354556804561632,5,0.0013760000001639128,0.0014400000218302011,0.0014144000131636858,0.001408000010997057,2.3946615382136017e-05,5,2048,32,4,1,1,9216,FLASHINFER,"[256, 256, 256, 256]","[0, 0, 0, 0]","[1024, 1024, 1024, 1024, 1024, 1024, 1024, 1024, 1024, 1024, 1024, 1024, 1024, 1024, 1024, 1024, 1024, 1024, 1024, 1024, 1024, 1024, 1024, 1024, 1024, 1024, 1024, 1024, 1024, 1024, 1024, 1024]",4,32,32,36,1024,32,1056,1024,0.1111111111111111,true_mixed,True,False,True,36,0,0,False,0,0,BF16,CUDA_EVENT,generic,generic,none
0.001408000010997057,0.01283199992030859,0.0036991999950259924,0.001408000010997057,0.004566416781122202,5,0.019999999552965164,0.023360000923275948,0.02149120010435581,0.021344000473618507,0.0012975758428977928,5,0.05283199995756149,0.05628800019621849,0.0539392001926899,0.053279999643564224,0.0012748053591537883,5,0.0783040001988411,0.08182399719953537,0.08039679974317551,0.0804160013794899,0.0012786554235326483,5,0.0013760000001639128,0.001408000010997057,0.0014016000088304282,0.001408000010997057,1.2800004333257675e-05,5,2048,32,4,1,1,9216,FLASHINFER,"[256, 256, 256, 256]","[0, 0, 0, 0]","[2048, 2048, 2048, 2048, 2048, 2048, 2048, 2048, 2048, 2048, 2048, 2048, 2048, 2048, 2048, 2048, 2048, 2048, 2048, 2048, 2048, 2048, 2048, 2048, 2048, 2048, 2048, 2048, 2048, 2048, 2048, 2048]",4,32,32,36,1024,32,1056,2048,0.1111111111111111,true_mixed,True,False,True,36,0,0,False,0,0,BF16,CUDA_EVENT,generic,generic,none
0.01017600018531084,0.01071999967098236,0.010451199859380722,0.010495999827980995,0.00020096388045707112,5,0.02070399932563305,0.022304000332951546,0.02115200012922287,0.020864000543951988,0.0005897038186486704,5,0.0514880008995533,0.05392000079154968,0.05268480032682419,0.05241600051522255,0.000965657697398377,5,0.03446400165557861,0.03791999816894531,0.035795199871063235,0.03551999852061272,0.001227498317529054,5,0.008927999995648861,0.009664000011980534,0.009228800050914287,0.009056000038981438,0.0002866458037792083,5,2048,32,4,1,1,9216,FLASHINFER,"[256, 256, 256, 256]","[0, 0, 0, 0]","[128, 128, 128, 128, 128, 128, 128, 128, 128, 128, 128, 128, 128, 128, 128, 128, 128, 128, 128, 128, 128, 128, 128, 128, 128, 128, 128, 128, 128, 128, 128, 128, 128, 128, 128, 128, 128, 128, 128, 128, 128, 128, 128, 128, 128, 128, 128, 128, 128, 128, 128, 128, 128, 128, 128, 128, 128, 128, 128, 128, 128, 128, 128, 128]",4,64,64,68,1024,64,1088,128,0.058823529411764705,true_mixed,True,False,True,68,0,0,False,0,0,BF16,CUDA_EVENT,generic,generic,none
0.009855999611318111,0.012223999947309494,0.01045759990811348,0.010048000141978264,0.0008873641256726634,5,0.02319999970495701,0.024512000381946564,0.02375679984688759,0.023679999634623528,0.00046443048363176706,5,0.05299200117588043,0.05686400085687637,0.054080001264810565,0.05305600166320801,0.0015059730047808347,5,0.0414079986512661,0.04569600149989128,0.043398399651050565,0.04339199885725975,0.0016913933611818178,5,0.005504000000655651,0.007424000184983015,0.006124799977988005,0.005791999865323305,0.0006891823090391173,5,2048,32,4,1,1,9216,FLASHINFER,"[256, 256, 256, 256]","[0, 0, 0, 0]","[256, 256, 256, 256, 256, 256, 256, 256, 256, 256, 256, 256, 256, 256, 256, 256, 256, 256, 256, 256, 256, 256, 256, 256, 256, 256, 256, 256, 256, 256, 256, 256, 256, 256, 256, 256, 256, 256, 256, 256, 256, 256, 256, 256, 256, 256, 256, 256, 256, 256, 256, 256, 256, 256, 256, 256, 256, 256, 256, 256, 256, 256, 256, 256]",4,64,64,68,1024,64,1088,256,0.058823529411764705,true_mixed,True,False,True,68,0,0,False,0,0,BF16,CUDA_EVENT,generic,generic,none
0.009920000098645687,0.012160000391304493,0.010470400005578995,0.010048000141978264,0.0008515610076702165,5,0.022975999861955643,0.024000000208616257,0.02335360012948513,0.023296000435948372,0.0003460738906365742,5,0.0522879995405674,0.05552000179886818,0.05346560031175614,0.052928000688552856,0.0011201651668289127,5,0.05375999957323074,0.057920001447200775,0.05572480037808418,0.05571199953556061,0.001547901209442752,5,0.0013760000001639128,0.001408000010997057,0.0013888000044971704,0.0013760000001639128,1.5676739660947454e-05,5,2048,32,4,1,1,9216,FLASHINFER,"[256, 256, 256, 256]","[0, 0, 0, 0]","[512, 512, 512, 512, 512, 512, 512, 512, 512, 512, 512, 512, 512, 512, 512, 512, 512, 512, 512, 512, 512, 512, 512, 512, 512, 512, 512, 512, 512, 512, 512, 512, 512, 512, 512, 512, 512, 512, 512, 512, 512, 512, 512, 512, 512, 512, 512, 512, 512, 512, 512, 512, 512, 512, 512, 512, 512, 512, 512, 512, 512, 512, 512, 512]",4,64,64,68,1024,64,1088,512,0.058823529411764705,true_mixed,True,False,True,68,0,0,False,0,0,BF16,CUDA_EVENT,generic,generic,none
0.001408000010997057,0.012608000077307224,0.003654400026425719,0.001408000010997057,0.004476817180530194,5,0.022975999861955643,0.024480000138282776,0.023667200282216073,0.023744000121951103,0.0005122400229357536,5,0.05251200124621391,0.056543998420238495,0.053695999830961225,0.0533440001308918,0.0014708859027508891,5,0.07459200173616409,0.08156800270080566,0.07723520100116729,0.07603199779987335,0.002494490374004583,5,0.0013760000001639128,0.001408000010997057,0.0013824000023305416,0.0013760000001639128,1.2800004333257675e-05,5,2048,32,4,1,1,9216,FLASHINFER,"[256, 256, 256, 256]","[0, 0, 0, 0]","[1024, 1024, 1024, 1024, 1024, 1024, 1024, 1024, 1024, 1024, 1024, 1024, 1024, 1024, 1024, 1024, 1024, 1024, 1024, 1024, 1024, 1024, 1024, 1024, 1024, 1024, 1024, 1024, 1024, 1024, 1024, 1024, 1024, 1024, 1024, 1024, 1024, 1024, 1024, 1024, 1024, 1024, 1024, 1024, 1024, 1024, 1024, 1024, 1024, 1024, 1024, 1024, 1024, 1024, 1024, 1024, 1024, 1024, 1024, 1024, 1024, 1024, 1024, 1024]",4,64,64,68,1024,64,1088,1024,0.058823529411764705,true_mixed,True,False,True,68,0,0,False,0,0,BF16,CUDA_EVENT,generic,generic,none
0.0013760000001639128,0.01206399966031313,0.0035327999386936424,0.001408000010997057,0.00426561786528565,5,0.013824000023305416,0.02377600036561489,0.015980799868702888,0.013887999579310417,0.0039060770733319954,5,0.03049599938094616,0.056384000927209854,0.036563200131058696,0.031136000528931618,0.00997317606519147,5,0.11036799848079681,0.11430399864912033,0.1115903988480568,0.11123199760913849,0.001395933525605214,5,0.001408000010997057,0.0019519999623298645,0.0015168000012636186,0.001408000010997057,0.000217599980533123,5,2048,32,4,1,1,9216,FLASHINFER,"[256, 256, 256, 256]","[0, 0, 0, 0]","[2048, 2048, 2048, 2048, 2048, 2048, 2048, 2048, 2048, 2048, 2048, 2048, 2048, 2048, 2048, 2048, 2048, 2048, 2048, 2048, 2048, 2048, 2048, 2048, 2048, 2048, 2048, 2048, 2048, 2048, 2048, 2048, 2048, 2048, 2048, 2048, 2048, 2048, 2048, 2048, 2048, 2048, 2048, 2048, 2048, 2048, 2048, 2048, 2048, 2048, 2048, 2048, 2048, 2048, 2048, 2048, 2048, 2048, 2048, 2048, 2048, 2048, 2048, 2048]",4,64,64,68,1024,64,1088,2048,0.058823529411764705,true_mixed,True,False,True,68,0,0,False,0,0,BF16,CUDA_EVENT,generic,generic,none
0.009696000255644321,0.011487999930977821,0.010329600051045417,0.010143999941647053,0.0006199745902448993,5,0.02828799933195114,0.02969600073993206,0.029107199981808662,0.02908799983561039,0.0004893387346496303,5,0.08076799660921097,0.08403199911117554,0.08234879821538925,0.08207999914884567,0.0013568304618582208,5,0.014688000082969666,0.019328000023961067,0.01576320007443428,0.014879999682307243,0.001791611363181383,5,0.004608000162988901,0.010304000228643417,0.007289599999785424,0.006943999789655209,0.00194452603273055,5,2048,32,4,1,1,9216,FLASHINFER,"[512, 512, 512, 512]","[0, 0, 0, 0]",[128],4,1,1,5,2048,1,2049,128,0.8,true_mixed,True,False,True,5,0,0,False,0,0,BF16,CUDA_EVENT,generic,generic,none
0.009759999811649323,0.011392000131309032,0.010368000157177449,0.010208000428974628,0.0005449404114686156,5,0.028960000723600388,0.036288000643253326,0.03059200048446655,0.02908799983561039,0.0028598764371101475,5,0.07980799674987793,0.08511999994516373,0.08229119926691056,0.0822720006108284,0.0016916603821390515,5,0.014879999682307243,0.01568000018596649,0.015225599892437458,0.015135999768972397,0.00027408154270983586,5,0.004608000162988901,0.009759999811649323,0.007731200009584427,0.00863999966531992,0.0019281532700659956,5,2048,32,4,1,1,9216,FLASHINFER,"[512, 512, 512, 512]","[0, 0, 0, 0]",[256],4,1,1,5,2048,1,2049,256,0.8,true_mixed,True,False,True,5,0,0,False,0,0,BF16,CUDA_EVENT,generic,generic,none
0.009664000011980534,0.011455999687314034,0.01033599991351366,0.010143999941647053,0.0005990070828562306,5,0.02879999950528145,0.029952000826597214,0.02956160008907318,0.029664000496268272,0.0003993726382166678,5,0.08105599880218506,0.08550400286912918,0.08250880092382432,0.08214399963617325,0.0015690586522242164,5,0.015231999568641186,0.017376000061631203,0.016191999800503253,0.016095999628305435,0.0008275575057207147,5,0.007424000184983015,0.01027199998497963,0.008595200069248677,0.008415999822318554,0.001122575274287439,5,2048,32,4,1,1,9216,FLASHINFER,"[512, 512, 512, 512]","[0, 0, 0, 0]",[512],4,1,1,5,2048,1,2049,512,0.8,true_mixed,True,False,True,5,0,0,False,0,0,BF16,CUDA_EVENT,generic,generic,none
0.00979200005531311,0.012671999633312225,0.010636799782514573,0.01027199998497963,0.0010348622921023383,5,0.028863999992609024,0.030912000685930252,0.029651200398802757,0.029632000252604485,0.0007015523181424324,5,0.08076799660921097,0.08511999994516373,0.08251519799232483,0.08214399963617325,0.0014572629150529474,5,0.01583999954164028,0.018144000321626663,0.01679359972476959,0.016287999227643013,0.0008979181888328149,5,0.0046720001846551895,0.009952000342309475,0.007174400053918362,0.006175999995321035,0.0021918855408479074,5,2048,32,4,1,1,9216,FLASHINFER,"[512, 512, 512, 512]","[0, 0, 0, 0]",[1024],4,1,1,5,2048,1,2049,1024,0.8,true_mixed,True,False,True,5,0,0,False,0,0,BF16,CUDA_EVENT,generic,generic,none
0.009824000298976898,0.012191999703645706,0.010521599836647511,0.010239999741315842,0.0008539623190409707,5,0.02969600073993206,0.031168000772595406,0.030400000512599945,0.030432000756263733,0.00047592934848223313,5,0.07955200225114822,0.08684799820184708,0.08228480070829391,0.08249600231647491,0.002618968385465689,5,0.017184000462293625,0.01990400068461895,0.018131200224161148,0.017376000061631203,0.001071804336649314,5,0.0017600000137463212,0.01027199998497963,0.004339200002141297,0.0027199999894946814,0.003151998366665559,5,2048,32,4,1,1,9216,FLASHINFER,"[512, 512, 512, 512]","[0, 0, 0, 0]",[2048],4,1,1,5,2048,1,2049,2048,0.8,true_mixed,True,False,True,5,0,0,False,0,0,BF16,CUDA_EVENT,generic,generic,none
0.01033599954098463,0.01190400030463934,0.010783999785780906,0.010591999627649784,0.0005820133423544897,5,0.02828799933195114,0.029311999678611755,0.02869119979441166,0.02860799990594387,0.0003606784484488293,5,0.08217599987983704,0.08595199882984161,0.08359680026769638,0.08348800241947174,0.0012921979328068586,5,0.01462399959564209,0.016896000131964684,0.015545599907636643,0.015647999942302704,0.000858507221645803,5,0.006752000190317631,0.0098879998549819,0.008192000072449445,0.008128000423312187,0.0010840396935568328,5,2048,32,4,1,1,9216,FLASHINFER,"[512, 512, 512, 512]","[0, 0, 0, 0]","[128, 128]",4,2,2,6,2048,2,2050,128,0.6666666666666666,true_mixed,True,False,True,6,0,0,False,0,0,BF16,CUDA_EVENT,generic,generic,none
0.010111999697983265,0.012032000347971916,0.010643200017511845,0.01027199998497963,0.0007096791182888832,5,0.02860799990594387,0.030239999294281006,0.029683199897408485,0.029791999608278275,0.000576568516030971,5,0.08163200318813324,0.08499199897050858,0.08276480138301849,0.08214399963617325,0.0012832904585890052,5,0.015647999942302704,0.01756799966096878,0.01634559966623783,0.01587199978530407,0.000722208023557087,5,0.006304000038653612,0.013439999893307686,0.008575999923050404,0.007360000163316727,0.0025446740759879735,5,2048,32,4,1,1,9216,FLASHINFER,"[512, 512, 512, 512]","[0, 0, 0, 0]","[256, 256]",4,2,2,6,2048,2,2050,256,0.6666666666666666,true_mixed,True,False,True,6,0,0,False,0,0,BF16,CUDA_EVENT,generic,generic,none
0.009568000212311745,0.011680000461637974,0.010355200245976448,0.010080000385642052,0.0007171428849809695,5,0.02848000079393387,0.036320000886917114,0.030873600393533707,0.02937600016593933,0.002834658442101404,5,0.08012799918651581,0.08620800077915192,0.08258560001850128,0.08243200182914734,0.0020586128820278067,5,0.015936000272631645,0.017823999747633934,0.016704000160098077,0.01603199914097786,0.0008763561948459459,5,0.004800000227987766,0.009440000168979168,0.007040000054985285,0.007007999811321497,0.0017389872906713527,5,2048,32,4,1,1,9216,FLASHINFER,"[512, 512, 512, 512]","[0, 0, 0, 0]","[512, 512]",4,2,2,6,2048,2,2050,512,0.6666666666666666,true_mixed,True,False,True,6,0,0,False,0,0,BF16,CUDA_EVENT,generic,generic,none
0.009920000098645687,0.01190400030463934,0.010419199988245965,0.010048000141978264,0.0007500845144474343,5,0.029823999851942062,0.031168000772595406,0.03035520054399967,0.030432000756263733,0.00047833334363546763,5,0.08006399869918823,0.0872960016131401,0.08248320072889329,0.08191999793052673,0.002578303223392697,5,0.016767999157309532,0.018751999363303185,0.017452799528837205,0.01711999997496605,0.0007033014910705338,5,0.003903999924659729,0.006719999946653843,0.005203200038522482,0.0049600000493228436,0.00103228648528388,5,2048,32,4,1,1,9216,FLASHINFER,"[512, 512, 512, 512]","[0, 0, 0, 0]","[1024, 1024]",4,2,2,6,2048,2,2050,1024,0.6666666666666666,true_mixed,True,False,True,6,0,0,False,0,0,BF16,CUDA_EVENT,generic,generic,none
0.009727999567985535,0.011744000017642975,0.010438399948179721,0.010208000428974628,0.0007210730578896841,5,0.029983999207615852,0.031072000041604042,0.030393599718809127,0.030208000913262367,0.00043284078113846986,5,0.0798719972372055,0.08745600283145905,0.08305279910564423,0.08316799998283386,0.002612001565676725,5,0.019999999552965164,0.02035200037062168,0.020179200172424316,0.020160000771284103,0.00012735853802720685,5,0.001408000010997057,0.004095999989658594,0.0025471999775618314,0.0024319998919963837,0.0008897150958450898,5,2048,32,4,1,1,9216,FLASHINFER,"[512, 512, 512, 512]","[0, 0, 0, 0]","[2048, 2048]",4,2,2,6,2048,2,2050,2048,0.6666666666666666,true_mixed,True,False,True,6,0,0,False,0,0,BF16,CUDA_EVENT,generic,generic,none
0.010143999941647053,0.011935999616980553,0.010592000000178814,0.01027199998497963,0.0006794254618617593,5,0.029120000079274178,0.031199999153614044,0.029798399657011032,0.029600000008940697,0.0007351365965245846,5,0.08089599758386612,0.08614400029182434,0.08290559947490692,0.08211199939250946,0.0019249432407652484,5,0.015359999611973763,0.01744000054895878,0.016147200018167496,0.01587199978530407,0.0007062078460262081,5,0.004480000119656324,0.009952000342309475,0.007468800153583288,0.0077760000713169575,0.0017527823509313238,5,2048,32,4,1,1,9216,FLASHINFER,"[512, 512, 512, 512]","[0, 0, 0, 0]","[128, 128, 128, 128]",4,4,4,8,2048,4,2052,128,0.5,true_mixed,True,False,True,8,0,0,False,0,0,BF16,CUDA_EVENT,generic,generic,none
0.010048000141978264,0.012384000234305859,0.010726400092244149,0.010400000028312206,0.000840181380402728,5,0.029983999207615852,0.030112000182271004,0.030047999694943428,0.030079999938607216,5.354664942568324e-05,5,0.08182399719953537,0.08950400352478027,0.0842176005244255,0.08224000036716461,0.0029265168034569816,5,0.015519999898970127,0.01788800023496151,0.01635839994996786,0.016063999384641647,0.0008431013498756676,5,0.005247999913990498,0.009664000011980534,0.007187199965119362,0.007007999811321497,0.0014149067277654714,5,2048,32,4,1,1,9216,FLASHINFER,"[512, 512, 512, 512]","[0, 0, 0, 0]","[256, 256, 256, 256]",4,4,4,8,2048,4,2052,256,0.5,true_mixed,True,False,True,8,0,0,False,0,0,BF16,CUDA_EVENT,generic,generic,none
0.01017600018531084,0.01104000024497509,0.01047040019184351,0.010400000028312206,0.0003124878074760471,5,0.03001599945127964,0.03110400028526783,0.03057919964194298,0.030719999223947525,0.00037895367399436354,5,0.08118399977684021,0.0859839990735054,0.08292479962110519,0.08291199803352356,0.0017103208267369343,5,0.01648000068962574,0.018271999433636665,0.017350399866700172,0.01708799973130226,0.0007153698169134553,5,0.0037120000924915075,0.010080000385642052,0.006950400164350867,0.006816000211983919,0.0020334886881483868,5,2048,32,4,1,1,9216,FLASHINFER,"[512, 512, 512, 512]","[0, 0, 0, 0]","[512, 512, 512, 512]",4,4,4,8,2048,4,2052,512,0.5,true_mixed,True,False,True,8,0,0,False,0,0,BF16,CUDA_EVENT,generic,generic,none
0.009855999611318111,0.011392000131309032,0.01040639989078045,0.010304000228643417,0.0005212761139980579,5,0.029983999207615852,0.03177599981427193,0.030700799822807313,0.030559999868273735,0.0005978436613770026,5,0.08140800148248672,0.08691199868917465,0.08300800025463104,0.08217599987983704,0.0020238565734744455,5,0.019999999552965164,0.022272000089287758,0.021081599965691568,0.02112000063061714,0.0007945802812597817,5,0.001408000010997057,0.00598399993032217,0.0027903999434784055,0.0024319998919963837,0.001660476254396234,5,2048,32,4,1,1,9216,FLASHINFER,"[512, 512, 512, 512]","[0, 0, 0, 0]","[1024, 1024, 1024, 1024]",4,4,4,8,2048,4,2052,1024,0.5,true_mixed,True,False,True,8,0,0,False,0,0,BF16,CUDA_EVENT,generic,generic,none
0.009855999611318111,0.011744000017642975,0.010540799982845784,0.010495999827980995,0.0006528627777666888,5,0.03094400092959404,0.03187200054526329,0.031174400076270103,0.031007999554276466,0.00035019191406519465,5,0.08019199967384338,0.08646400272846222,0.08222080022096634,0.08124800026416779,0.0022073610967937923,5,0.024224000051617622,0.027103999629616737,0.025248000025749208,0.024831999093294144,0.0010181833188372548,5,0.0013760000001639128,0.0014400000218302011,0.001408000010997057,0.001408000010997057,2.0238583876559597e-05,5,2048,32,4,1,1,9216,FLASHINFER,"[512, 512, 512, 512]","[0, 0, 0, 0]","[2048, 2048, 2048, 2048]",4,4,4,8,2048,4,2052,2048,0.5,true_mixed,True,False,True,8,0,0,False,0,0,BF16,CUDA_EVENT,generic,generic,none
0.010239999741315842,0.017216000705957413,0.012076800130307675,0.01056000031530857,0.00264232458207811,5,0.02924799919128418,0.030079999938607216,0.029759999737143515,0.029823999851942062,0.0002811636579223924,5,0.08179199695587158,0.0851840004324913,0.08305279910564423,0.08294399827718735,0.0012547280235404206,5,0.016704000532627106,0.01833599992096424,0.017580799758434296,0.017855999991297722,0.0006143998471090753,5,0.002816000021994114,0.010400000028312206,0.006297599989920855,0.006240000016987324,0.0029871207363533487,5,2048,32,4,1,1,9216,FLASHINFER,"[512, 512, 512, 512]","[0, 0, 0, 0]","[128, 128, 128, 128, 128, 128, 128, 128]",4,8,8,12,2048,8,2056,128,0.3333333333333333,true_mixed,True,False,True,12,0,0,False,0,0,BF16,CUDA_EVENT,generic,generic,none
0.009920000098645687,0.013183999806642532,0.010905599966645241,0.010367999784648418,0.0011719865474089097,5,0.02985600009560585,0.03062400035560131,0.030240000039339066,0.03014400042593479,0.00029118242351303765,5,0.08083199709653854,0.08575999736785889,0.0818943977355957,0.08092799782752991,0.001934812044555448,5,0.016831999644637108,0.018624000251293182,0.017548799887299536,0.017216000705957413,0.0006695881233622446,5,0.0014400000218302011,0.009664000011980534,0.005471999989822507,0.005760000087320805,0.002664814299645175,5,2048,32,4,1,1,9216,FLASHINFER,"[512, 512, 512, 512]","[0, 0, 0, 0]","[256, 256, 256, 256, 256, 256, 256, 256]",4,8,8,12,2048,8,2056,256,0.3333333333333333,true_mixed,True,False,True,12,0,0,False,0,0,BF16,CUDA_EVENT,generic,generic,none
0.010080000385642052,0.012799999676644802,0.010911999829113483,0.010591999627649784,0.0009712407458201018,5,0.030208000913262367,0.031168000772595406,0.030515200272202492,0.030271999537944794,0.000362942933760768,5,0.08188799768686295,0.08895999938249588,0.08401920050382614,0.08352000266313553,0.002561967198290706,5,0.020128000527620316,0.021056000143289566,0.020454400032758713,0.020447999238967896,0.00033341462388355796,5,0.001408000010997057,0.007840000092983246,0.003027200000360608,0.0019199999514967203,0.0024404569151246216,5,2048,32,4,1,1,9216,FLASHINFER,"[512, 512, 512, 512]","[0, 0, 0, 0]","[512, 512, 512, 512, 512, 512, 512, 512]",4,8,8,12,2048,8,2056,512,0.3333333333333333,true_mixed,True,False,True,12,0,0,False,0,0,BF16,CUDA_EVENT,generic,generic,none
0.009727999567985535,0.012319999746978283,0.010668799839913845,0.01065600011497736,0.0009137890996212579,5,0.030432000756263733,0.03203200176358223,0.0310976006090641,0.03097599931061268,0.0005856617341250265,5,0.08099199831485748,0.08675199747085571,0.08269439935684204,0.081727996468544,0.0020994921056661413,5,0.024607999250292778,0.02691200003027916,0.025619199872016905,0.02521600015461445,0.0008272110835896065,5,0.0013760000001639128,0.003103999886661768,0.0017407999839633703,0.001408000010997057,0.0006817126181780915,5,2048,32,4,1,1,9216,FLASHINFER,"[512, 512, 512, 512]","[0, 0, 0, 0]","[1024, 1024, 1024, 1024, 1024, 1024, 1024, 1024]",4,8,8,12,2048,8,2056,1024,0.3333333333333333,true_mixed,True,False,True,12,0,0,False,0,0,BF16,CUDA_EVENT,generic,generic,none
0.007455999962985516,0.012703999876976013,0.009913599863648415,0.009952000342309475,0.0017108960796443748,5,0.03110400028526783,0.03200000151991844,0.031532800570130345,0.03152000159025192,0.00034855090977272774,5,0.08038400113582611,0.08710400015115738,0.08216960132122039,0.08137600123882294,0.002501441669572286,5,0.03094400092959404,0.03324799984693527,0.03206399977207184,0.031647998839616776,0.0009190179776901617,5,0.0013760000001639128,0.0017920000245794654,0.0014912000158801674,0.0014400000218302011,0.00015226083439184602,5,2048,32,4,1,1,9216,FLASHINFER,"[512, 512, 512, 512]","[0, 0, 0, 0]","[2048, 2048, 2048, 2048, 2048, 2048, 2048, 2048]",4,8,8,12,2048,8,2056,2048,0.3333333333333333,true_mixed,True,False,True,12,0,0,False,0,0,BF16,CUDA_EVENT,generic,generic,none
0.010111999697983265,0.011776000261306763,0.01068159993737936,0.010463999584317207,0.0005743623029201881,5,0.02953599952161312,0.037856001406908035,0.031865599751472476,0.030368000268936157,0.003071627366369899,5,0.08108799904584885,0.08566399663686752,0.08276479989290238,0.08195199817419052,0.0016928688549184224,5,0.018144000321626663,0.019039999693632126,0.018649600073695184,0.018559999763965607,0.00031961577122636357,5,0.0030720001086592674,0.010080000385642052,0.005625600088387727,0.004352000076323748,0.002521665081235251,5,2048,32,4,1,1,9216,FLASHINFER,"[512, 512, 512, 512]","[0, 0, 0, 0]","[128, 128, 128, 128, 128, 128, 128, 128, 128, 128, 128, 128, 128, 128, 128, 128]",4,16,16,20,2048,16,2064,128,0.2,true_mixed,True,False,True,20,0,0,False,0,0,BF16,CUDA_EVENT,generic,generic,none
0.009855999611318111,0.011872000060975552,0.010521599836647511,0.01033599954098463,0.0007012018382271196,5,0.029791999608278275,0.031231999397277832,0.030527999997138976,0.030559999868273735,0.0004628398733338608,5,0.08099199831485748,0.08700799942016602,0.08302080035209655,0.08198399841785431,0.002185447906316391,5,0.02070399932563305,0.0226879995316267,0.021644799783825875,0.02131200022995472,0.0007654890032342539,5,0.0013760000001639128,0.005888000130653381,0.0023104000370949506,0.001408000010997057,0.0017890719404249729,5,2048,32,4,1,1,9216,FLASHINFER,"[512, 512, 512, 512]","[0, 0, 0, 0]","[256, 256, 256, 256, 256, 256, 256, 256, 256, 256, 256, 256, 256, 256, 256, 256]",4,16,16,20,2048,16,2064,256,0.2,true_mixed,True,False,True,20,0,0,False,0,0,BF16,CUDA_EVENT,generic,generic,none
0.00979200005531311,0.012543999589979649,0.01065599974244833,0.010463999584317207,0.0009823529951091927,5,0.0306560005992651,0.03219199925661087,0.031206399947404862,0.031072000041604042,0.0005181229935485563,5,0.08012799918651581,0.08694399893283844,0.08184320032596588,0.0806720033288002,0.0025618866132536187,5,0.024927999824285507,0.027008000761270523,0.025734400004148485,0.025760000571608543,0.0007239079631124739,5,0.0013760000001639128,0.001408000010997057,0.0014016000088304282,0.001408000010997057,1.2800004333257675e-05,5,2048,32,4,1,1,9216,FLASHINFER,"[512, 512, 512, 512]","[0, 0, 0, 0]","[512, 512, 512, 512, 512, 512, 512, 512, 512, 512, 512, 512, 512, 512, 512, 512]",4,16,16,20,2048,16,2064,512,0.2,true_mixed,True,False,True,20,0,0,False,0,0,BF16,CUDA_EVENT,generic,generic,none
0.0027520000003278255,0.012671999633312225,0.008051199931651353,0.009344000369310379,0.0035022445666832193,5,0.03126399964094162,0.03254399821162224,0.031699199229478836,0.03136000037193298,0.0005178063146785478,5,0.0796160027384758,0.08563199639320374,0.08123520016670227,0.08038400113582611,0.002227308569363064,5,0.031936001032590866,0.03299200162291527,0.032396800071001056,0.03222399950027466,0.0003735103059281523,5,0.0013760000001639128,0.0018240000354126096,0.0014848000137135386,0.001408000010997057,0.00017125234030952477,5,2048,32,4,1,1,9216,FLASHINFER,"[512, 512, 512, 512]","[0, 0, 0, 0]","[1024, 1024, 1024, 1024, 1024, 1024, 1024, 1024, 1024, 1024, 1024, 1024, 1024, 1024, 1024, 1024]",4,16,16,20,2048,16,2064,1024,0.2,true_mixed,True,False,True,20,0,0,False,0,0,BF16,CUDA_EVENT,generic,generic,none
0.001408000010997057,0.012512000277638435,0.0036288000643253326,0.001408000010997057,0.004441600106656551,5,0.030751999467611313,0.03203200176358223,0.031244800239801408,0.031231999397277832,0.0004622207993190676,5,0.0793600007891655,0.0854400023818016,0.08128000199794769,0.08054400235414505,0.002200613912830158,5,0.04419200122356415,0.04633599892258644,0.045363199710845944,0.045152001082897186,0.0008184987499876496,5,0.001408000010997057,0.0017600000137463212,0.0014912000158801674,0.0014400000218302011,0.00013515975677647296,5,2048,32,4,1,1,9216,FLASHINFER,"[512, 512, 512, 512]","[0, 0, 0, 0]","[2048, 2048, 2048, 2048, 2048, 2048, 2048, 2048, 2048, 2048, 2048, 2048, 2048, 2048, 2048, 2048]",4,16,16,20,2048,16,2064,2048,0.2,true_mixed,True,False,True,20,0,0,False,0,0,BF16,CUDA_EVENT,generic,generic,none
0.009952000342309475,0.01283199992030859,0.010816000029444694,0.010463999584317207,0.0010363257312084706,5,0.03030399978160858,0.03097599931061268,0.030623999983072282,0.03062400035560131,0.00021513888986270528,5,0.08032000064849854,0.08531200140714645,0.08193280100822449,0.08128000050783157,0.001745406045735306,5,0.022016000002622604,0.02252800017595291,0.022278400138020515,0.022272000089287758,0.00022207172699982607,5,0.0013760000001639128,0.0054720002226531506,0.002214400051161647,0.001408000010997057,0.0016289729646948397,5,2048,32,4,1,1,9216,FLASHINFER,"[512, 512, 512, 512]","[0, 0, 0, 0]","[128, 128, 128, 128, 128, 128, 128, 128, 128, 128, 128, 128, 128, 128, 128, 128, 128, 128, 128, 128, 128, 128, 128, 128, 128, 128, 128, 128, 128, 128, 128, 128]",4,32,32,36,2048,32,2080,128,0.1111111111111111,true_mixed,True,False,True,36,0,0,False,0,0,BF16,CUDA_EVENT,generic,generic,none
0.010080000385642052,0.01228800043463707,0.010809600166976453,0.01056000031530857,0.0007646327245159407,5,0.03097599931061268,0.03251200169324875,0.03146879971027374,0.03126399964094162,0.0005654508273009867,5,0.08144000172615051,0.08774399757385254,0.0830144003033638,0.08185599744319916,0.002398965948667351,5,0.025855999439954758,0.02755199931561947,0.026387199759483337,0.026176000013947487,0.0006120620299144018,5,0.0013760000001639128,0.001408000010997057,0.0014016000088304282,0.001408000010997057,1.2800004333257677e-05,5,2048,32,4,1,1,9216,FLASHINFER,"[512, 512, 512, 512]","[0, 0, 0, 0]","[256, 256, 256, 256, 256, 256, 256, 256, 256, 256, 256, 256, 256, 256, 256, 256, 256, 256, 256, 256, 256, 256, 256, 256, 256, 256, 256, 256, 256, 256, 256, 256]",4,32,32,36,2048,32,2080,256,0.1111111111111111,true_mixed,True,False,True,36,0,0,False,0,0,BF16,CUDA_EVENT,generic,generic,none
0.00595200015231967,0.012799999676644802,0.009446399938315152,0.010143999941647053,0.002380713817741893,5,0.0315839983522892,0.032607998698949814,0.03182719871401787,0.03161599859595299,0.00039483389816335904,5,0.07942400127649307,0.08591999858617783,0.08149759918451309,0.08076799660921097,0.002279100431291828,5,0.032575998455286026,0.03481600061058998,0.03373439982533455,0.033504001796245575,0.000859699341266413,5,0.0013760000001639128,0.0014400000218302011,0.001408000010997057,0.001408000010997057,2.0238583876559597e-05,5,2048,32,4,1,1,9216,FLASHINFER,"[512, 512, 512, 512]","[0, 0, 0, 0]","[512, 512, 512, 512, 512, 512, 512, 512, 512, 512, 512, 512, 512, 512, 512, 512, 512, 512, 512, 512, 512, 512, 512, 512, 512, 512, 512, 512, 512, 512, 512, 512]",4,32,32,36,2048,32,2080,512,0.1111111111111111,true_mixed,True,False,True,36,0,0,False,0,0,BF16,CUDA_EVENT,generic,generic,none
0.001408000010997057,0.011552000418305397,0.003609600104391575,0.0014400000218302011,0.003982651816804512,5,0.031007999554276466,0.03203200176358223,0.03127680011093616,0.031136000528931618,0.000384853199030156,5,0.07919999957084656,0.08528000116348267,0.08108800053596496,0.08022399991750717,0.0021771292042659196,5,0.04495999962091446,0.04684799909591675,0.045708800107240675,0.04569600149989128,0.0006870986526207666,5,0.0013760000001639128,0.0014400000218302011,0.001408000010997057,0.001408000010997057,2.0238583876559597e-05,5,2048,32,4,1,1,9216,FLASHINFER,"[512, 512, 512, 512]","[0, 0, 0, 0]","[1024, 1024, 1024, 1024, 1024, 1024, 1024, 1024, 1024, 1024, 1024, 1024, 1024, 1024, 1024, 1024, 1024, 1024, 1024, 1024, 1024, 1024, 1024, 1024, 1024, 1024, 1024, 1024, 1024, 1024, 1024, 1024]",4,32,32,36,2048,32,2080,1024,0.1111111111111111,true_mixed,True,False,True,36,0,0,False,0,0,BF16,CUDA_EVENT,generic,generic,none
0.0014400000218302011,0.012128000147640705,0.0035776000469923018,0.0014400000218302011,0.004275200050324201,5,0.02054399996995926,0.031199999153614044,0.022873599827289582,0.020864000543951988,0.004166660184472598,5,0.07184000313282013,0.08720000088214874,0.0769536018371582,0.07462400197982788,0.0057811653760227325,5,0.06511999666690826,0.06755200028419495,0.06613759845495223,0.06604799628257751,0.0008503585247617871,5,0.0013760000001639128,0.0014400000218302011,0.001408000010997057,0.001408000010997057,2.0238583876559597e-05,5,2048,32,4,1,1,9216,FLASHINFER,"[512, 512, 512, 512]","[0, 0, 0, 0]","[2048, 2048, 2048, 2048, 2048, 2048, 2048, 2048, 2048, 2048, 2048, 2048, 2048, 2048, 2048, 2048, 2048, 2048, 2048, 2048, 2048, 2048, 2048, 2048, 2048, 2048, 2048, 2048, 2048, 2048, 2048, 2048]",4,32,32,36,2048,32,2080,2048,0.1111111111111111,true_mixed,True,False,True,36,0,0,False,0,0,BF16,CUDA_EVENT,generic,generic,none
0.009727999567985535,0.012896000407636166,0.010828799940645695,0.010591999627649784,0.0010929958265215934,5,0.03136000037193298,0.032127998769283295,0.031596799939870836,0.03142400085926056,0.00028878040608452054,5,0.08003199845552444,0.08720000088214874,0.08206080049276351,0.08105599880218506,0.002614743011460041,5,0.0226879995316267,0.023711999878287315,0.023071999475359917,0.023135999217629433,0.00037754585505408127,5,0.0013760000001639128,0.001408000010997057,0.0014016000088304282,0.001408000010997057,1.2800004333257675e-05,5,2048,32,4,1,1,9216,FLASHINFER,"[512, 512, 512, 512]","[0, 0, 0, 0]","[128, 128, 128, 128, 128, 128, 128, 128, 128, 128, 128, 128, 128, 128, 128, 128, 128, 128, 128, 128, 128, 128, 128, 128, 128, 128, 128, 128, 128, 128, 128, 128, 128, 128, 128, 128, 128, 128, 128, 128, 128, 128, 128, 128, 128, 128, 128, 128, 128, 128, 128, 128, 128, 128, 128, 128, 128, 128, 128, 128, 128, 128, 128, 128]",4,64,64,68,2048,64,2112,128,0.058823529411764705,true_mixed,True,False,True,68,0,0,False,0,0,BF16,CUDA_EVENT,generic,generic,none
0.005919999908655882,0.011872000060975552,0.009817599970847368,0.010591999627649784,0.002044637254790677,5,0.03136000037193298,0.032416000962257385,0.031859200447797775,0.031647998839616776,0.00043857527966037626,5,0.07952000200748444,0.08662399649620056,0.08165759891271591,0.08083199709653854,0.0025573893425587363,5,0.028672000393271446,0.0297279991209507,0.02940800003707409,0.029600000008940697,0.0003919181797511254,5,0.0013760000001639128,0.001408000010997057,0.0013824000023305416,0.0013760000001639128,1.2800004333257675e-05,5,2048,32,4,1,1,9216,FLASHINFER,"[512, 512, 512, 512]","[0, 0, 0, 0]","[256, 256, 256, 256, 256, 256, 256, 256, 256, 256, 256, 256, 256, 256, 256, 256, 256, 256, 256, 256, 256, 256, 256, 256, 256, 256, 256, 256, 256, 256, 256, 256, 256, 256, 256, 256, 256, 256, 256, 256, 256, 256, 256, 256, 256, 256, 256, 256, 256, 256, 256, 256, 256, 256, 256, 256, 256, 256, 256, 256, 256, 256, 256, 256]",4,64,64,68,2048,64,2112,256,0.058823529411764705,true_mixed,True,False,True,68,0,0,False,0,0,BF16,CUDA_EVENT,generic,generic,none
0.0013760000001639128,0.012896000407636166,0.00430080012883991,0.0018240000354126096,0.004405116013299256,5,0.03033600002527237,0.03174399957060814,0.03096960000693798,0.030912000685930252,0.0004500067412465267,5,0.07811199873685837,0.08476799726486206,0.08105599880218506,0.07993599772453308,0.002583492520678808,5,0.04134399816393852,0.04214400053024292,0.04187519997358322,0.042080000042915344,0.00031130656479459967,5,0.0013760000001639128,0.001408000010997057,0.0013952000066637994,0.001408000010997057,1.5676739660947454e-05,5,2048,32,4,1,1,9216,FLASHINFER,"[512, 512, 512, 512]","[0, 0, 0, 0]","[512, 512, 512, 512, 512, 512, 512, 512, 512, 512, 512, 512, 512, 512, 512, 512, 512, 512, 512, 512, 512, 512, 512, 512, 512, 512, 512, 512, 512, 512, 512, 512, 512, 512, 512, 512, 512, 512, 512, 512, 512, 512, 512, 512, 512, 512, 512, 512, 512, 512, 512, 512, 512, 512, 512, 512, 512, 512, 512, 512, 512, 512, 512, 512]",4,64,64,68,2048,64,2112,512,0.058823529411764705,true_mixed,True,False,True,68,0,0,False,0,0,BF16,CUDA_EVENT,generic,generic,none
0.0013760000001639128,0.012896000407636166,0.00369920008815825,0.001408000010997057,0.004598461398062247,5,0.020767999812960625,0.03142400085926056,0.023103999719023705,0.02099199965596199,0.004165363256711916,5,0.07123199850320816,0.08668799698352814,0.07740159928798676,0.07462400197982788,0.005469861665723356,5,0.060575999319553375,0.06310400366783142,0.06168320029973984,0.061344001442193985,0.0009528492508893404,5,0.0013760000001639128,0.0019839999731630087,0.0015039999969303608,0.0013760000001639128,0.00024031977529914976,5,2048,32,4,1,1,9216,FLASHINFER,"[512, 512, 512, 512]","[0, 0, 0, 0]","[1024, 1024, 1024, 1024, 1024, 1024, 1024, 1024, 1024, 1024, 1024, 1024, 1024, 1024, 1024, 1024, 1024, 1024, 1024, 1024, 1024, 1024, 1024, 1024, 1024, 1024, 1024, 1024, 1024, 1024, 1024, 1024, 1024, 1024, 1024, 1024, 1024, 1024, 1024, 1024, 1024, 1024, 1024, 1024, 1024, 1024, 1024, 1024, 1024, 1024, 1024, 1024, 1024, 1024, 1024, 1024, 1024, 1024, 1024, 1024, 1024, 1024, 1024, 1024]",4,64,64,68,2048,64,2112,1024,0.058823529411764705,true_mixed,True,False,True,68,0,0,False,0,0,BF16,CUDA_EVENT,generic,generic,none
0.0013760000001639128,0.011487999930977821,0.003430399997159839,0.001408000010997057,0.004028920695921496,5,0.02067199908196926,0.03129599988460541,0.02292479984462261,0.0208320003002882,0.004189268164819289,5,0.0578560009598732,0.08579199761152267,0.06352639943361282,0.05798399820923805,0.011133155501188046,5,0.09702400118112564,0.09916800260543823,0.09800960123538971,0.09811200201511383,0.0007256042092251392,5,0.0013760000001639128,0.001408000010997057,0.0013888000044971704,0.0013760000001639128,1.5676739660947454e-05,5,2048,32,4,1,1,9216,FLASHINFER,"[512, 512, 512, 512]","[0, 0, 0, 0]","[2048, 2048, 2048, 2048, 2048, 2048, 2048, 2048, 2048, 2048, 2048, 2048, 2048, 2048, 2048, 2048, 2048, 2048, 2048, 2048, 2048, 2048, 2048, 2048, 2048, 2048, 2048, 2048, 2048, 2048, 2048, 2048, 2048, 2048, 2048, 2048, 2048, 2048, 2048, 2048, 2048, 2048, 2048, 2048, 2048, 2048, 2048, 2048, 2048, 2048, 2048, 2048, 2048, 2048, 2048, 2048, 2048, 2048, 2048, 2048, 2048, 2048, 2048, 2048]",4,64,64,68,2048,64,2112,2048,0.058823529411764705,true_mixed,True,False,True,68,0,0,False,0,0,BF16,CUDA_EVENT,generic,generic,none
0.001408000010997057,0.011103999800980091,0.0033535999711602925,0.001408000010997057,0.0038752197332050336,5,0.03798399865627289,0.048576001077890396,0.04040319994091988,0.03846399858593941,0.004091478087170365,5,0.14239999651908875,0.15216000378131866,0.1447295993566513,0.14300799369812012,0.00372518716370154,5,0.015359999611973763,0.01635199971497059,0.015916800126433372,0.0161920003592968,0.0004319883466606387,5,0.001408000010997057,0.0014400000218302011,0.0014272000174969436,0.0014400000218302011,1.5676739660947454e-05,5,2048,32,4,1,1,9216,FLASHINFER,"[1024, 1024, 1024, 1024]","[0, 0, 0, 0]",[128],4,1,1,5,4096,1,4097,128,0.8,true_mixed,True,False,True,5,0,0,False,0,0,BF16,CUDA_EVENT,generic,generic,none
0.001408000010997057,0.011744000017642975,0.0036223999923095107,0.001567999948747456,0.004065405752911386,5,0.038015998899936676,0.048895999789237976,0.04044799953699112,0.03846399858593941,0.004227441150296689,5,0.14243200421333313,0.1531520038843155,0.1448639988899231,0.14287999272346497,0.004149206765694281,5,0.015584000386297703,0.017983999103307724,0.016243200190365313,0.015936000272631645,0.0008832458519794623,5,0.001408000010997057,0.0014720000326633453,0.0014400000218302011,0.0014400000218302011,2.0238583876559597e-05,5,2048,32,4,1,1,9216,FLASHINFER,"[1024, 1024, 1024, 1024]","[0, 0, 0, 0]",[256],4,1,1,5,4096,1,4097,256,0.8,true_mixed,True,False,True,5,0,0,False,0,0,BF16,CUDA_EVENT,generic,generic,none
0.001408000010997057,0.012319999746978283,0.0036735999630764125,0.001408000010997057,0.004326201071241561,5,0.03779200091958046,0.04873599857091904,0.04027520045638085,0.03827200084924698,0.004234971478635024,5,0.14262400567531586,0.1536320000886917,0.14535680115222932,0.14368000626564026,0.0041766355019958725,5,0.015904000028967857,0.01833599992096424,0.016755199804902077,0.0163199994713068,0.0008720454288430046,5,0.001408000010997057,0.0017920000245794654,0.0014976000180467962,0.0014400000218302011,0.000147894019825932,5,2048,32,4,1,1,9216,FLASHINFER,"[1024, 1024, 1024, 1024]","[0, 0, 0, 0]",[512],4,1,1,5,4096,1,4097,512,0.8,true_mixed,True,False,True,5,0,0,False,0,0,BF16,CUDA_EVENT,generic,generic,none
0.001408000010997057,0.010784000158309937,0.0032896000426262616,0.001408000010997057,0.003747220553102508,5,0.037856001406908035,0.04854400083422661,0.040217600762844086,0.0382080003619194,0.004165923194847117,5,0.1420159935951233,0.15228800475597382,0.14505600035190583,0.14339199662208557,0.0037401987537563674,5,0.01648000068962574,0.018400000408291817,0.01732480004429817,0.01708799973130226,0.0007697579271855705,5,0.001408000010997057,0.001728000002913177,0.0014784000115469099,0.001408000010997057,0.00012541387094938252,5,2048,32,4,1,1,9216,FLASHINFER,"[1024, 1024, 1024, 1024]","[0, 0, 0, 0]",[1024],4,1,1,5,4096,1,4097,1024,0.8,true_mixed,True,False,True,5,0,0,False,0,0,BF16,CUDA_EVENT,generic,generic,none
0.001408000010997057,0.013151999562978745,0.0038911999203264714,0.0014400000218302011,0.004636825217936872,5,0.03776000067591667,0.04879999905824661,0.040089599788188934,0.03791999816894531,0.004358272756007433,5,0.14188799262046814,0.15292799472808838,0.14464639723300934,0.14291200041770935,0.004169017964343172,5,0.01724799908697605,0.020320000126957893,0.018451200053095817,0.018144000321626663,0.0010340706796315104,5,0.001408000010997057,0.0016959999920800328,0.0014784000115469099,0.0014400000218302011,0.0001097371314581721,5,2048,32,4,1,1,9216,FLASHINFER,"[1024, 1024, 1024, 1024]","[0, 0, 0, 0]",[2048],4,1,1,5,4096,1,4097,2048,0.8,true_mixed,True,False,True,5,0,0,False,0,0,BF16,CUDA_EVENT,generic,generic,none
0.001408000010997057,0.013088000006973743,0.0037568000145256518,0.0014400000218302011,0.0046656219440611,5,0.03776000067591667,0.04960000142455101,0.04045440033078194,0.03840000182390213,0.00458198936386617,5,0.14207999408245087,0.15094399452209473,0.14495999813079835,0.14348800480365753,0.0031427184396320604,5,0.015263999812304974,0.016224000602960587,0.01594240013509989,0.016095999628305435,0.0003536834335784954,5,0.001408000010997057,0.0018240000354126096,0.0015040000202134252,0.0014400000218302011,0.00016063873309552035,5,2048,32,4,1,1,9216,FLASHINFER,"[1024, 1024, 1024, 1024]","[0, 0, 0, 0]","[128, 128]",4,2,2,6,4096,2,4098,128,0.6666666666666666,true_mixed,True,False,True,6,0,0,False,0,0,BF16,CUDA_EVENT,generic,generic,none
0.001408000010997057,0.011839999817311764,0.0035007999744266272,0.001408000010997057,0.004169618340447705,5,0.03791999816894531,0.048928000032901764,0.040383999794721605,0.03836800158023834,0.004282838880762298,5,0.14265599846839905,0.16412800550460815,0.14714880287647247,0.142752006649971,0.008494457744723618,5,0.015807999297976494,0.017472000792622566,0.016390400007367134,0.015968000516295433,0.0006382056740560091,5,0.001408000010997057,0.0014400000218302011,0.0014336000196635724,0.0014400000218302011,1.2800004333257675e-05,5,2048,32,4,1,1,9216,FLASHINFER,"[1024, 1024, 1024, 1024]","[0, 0, 0, 0]","[256, 256]",4,2,2,6,4096,2,4098,256,0.6666666666666666,true_mixed,True,False,True,6,0,0,False,0,0,BF16,CUDA_EVENT,generic,generic,none
0.0013760000001639128,0.011487999930977821,0.0034751999890431763,0.0014400000218302011,0.004007677722242581,5,0.03788800165057182,0.04864000156521797,0.04012160003185272,0.0379519984126091,0.004260709144221204,5,0.14166399836540222,0.15219199657440186,0.1445503979921341,0.14297600090503693,0.003896826419341814,5,0.01648000068962574,0.018783999606966972,0.017760000377893447,0.018432000651955605,0.0009887947679288257,5,0.001408000010997057,0.0018560000462457538,0.0015040000202134252,0.001408000010997057,0.00017643583730548679,5,2048,32,4,1,1,9216,FLASHINFER,"[1024, 1024, 1024, 1024]","[0, 0, 0, 0]","[512, 512]",4,2,2,6,4096,2,4098,512,0.6666666666666666,true_mixed,True,False,True,6,0,0,False,0,0,BF16,CUDA_EVENT,generic,generic,none
0.001408000010997057,0.011168000288307667,0.0033792000729590656,0.0014400000218302011,0.0038944724160064263,5,0.038015998899936676,0.0490880012512207,0.04035840034484863,0.03824000060558319,0.004366160965542808,5,0.1414400041103363,0.1525759994983673,0.1444736033678055,0.14281600713729858,0.004095067992846551,5,0.01740800030529499,0.020320000126957893,0.01836160011589527,0.018015999346971512,0.001014233437298681,5,0.001408000010997057,0.0014400000218302011,0.0014208000153303145,0.001408000010997057,1.5676739660947454e-05,5,2048,32,4,1,1,9216,FLASHINFER,"[1024, 1024, 1024, 1024]","[0, 0, 0, 0]","[1024, 1024]",4,2,2,6,4096,2,4098,1024,0.6666666666666666,true_mixed,True,False,True,6,0,0,False,0,0,BF16,CUDA_EVENT,generic,generic,none
0.001408000010997057,0.011711999773979187,0.0034751999657601116,0.001408000010997057,0.0041184185520990275,5,0.03791999816894531,0.04825599864125252,0.04024959951639175,0.03830400109291077,0.00401251890598992,5,0.1422400027513504,0.15139199793338776,0.14439040124416352,0.1424960047006607,0.0035311745152916216,5,0.02070399932563305,0.02287999913096428,0.021753599867224693,0.021568000316619873,0.0007619494345107914,5,0.001408000010997057,0.0015040000434964895,0.0014336000196635724,0.001408000010997057,3.731810476051845e-05,5,2048,32,4,1,1,9216,FLASHINFER,"[1024, 1024, 1024, 1024]","[0, 0, 0, 0]","[2048, 2048]",4,2,2,6,4096,2,4098,2048,0.6666666666666666,true_mixed,True,False,True,6,0,0,False,0,0,BF16,CUDA_EVENT,generic,generic,none
0.001408000010997057,0.01235199999064207,0.0036096000112593174,0.0014400000218302011,0.004371223415706014,5,0.03779200091958046,0.04841599985957146,0.0402368001639843,0.03830400109291077,0.00410087695335428,5,0.14204800128936768,0.1544319987297058,0.14540160000324248,0.14339199662208557,0.004555945285904078,5,0.016127999871969223,0.017920000478625298,0.017056000232696534,0.016831999644637108,0.0006526746821641595,5,0.001408000010997057,0.0014400000218302011,0.0014208000153303145,0.001408000010997057,1.5676739660947454e-05,5,2048,32,4,1,1,9216,FLASHINFER,"[1024, 1024, 1024, 1024]","[0, 0, 0, 0]","[128, 128, 128, 128]",4,4,4,8,4096,4,4100,128,0.5,true_mixed,True,False,True,8,0,0,False,0,0,BF16,CUDA_EVENT,generic,generic,none
0.001408000010997057,0.011359999887645245,0.003481599991209805,0.001408000010997057,0.003942493454032048,5,0.03763199970126152,0.04831999912858009,0.04013440012931824,0.03824000060558319,0.0041000175567024,5,0.1427839994430542,0.15244799852371216,0.1450879991054535,0.14310400187969208,0.0037074177444426804,5,0.016416000202298164,0.01724799908697605,0.016735999658703805,0.01651199907064438,0.00033561840336525427,5,0.001408000010997057,0.0014400000218302011,0.0014272000174969436,0.0014400000218302011,1.5676739660947454e-05,5,2048,32,4,1,1,9216,FLASHINFER,"[1024, 1024, 1024, 1024]","[0, 0, 0, 0]","[256, 256, 256, 256]",4,4,4,8,4096,4,4100,256,0.5,true_mixed,True,False,True,8,0,0,False,0,0,BF16,CUDA_EVENT,generic,generic,none
0.001408000010997057,0.011359999887645245,0.0034047999884933232,0.001408000010997057,0.003977619257667918,5,0.037856001406908035,0.048767998814582825,0.04015359953045845,0.03798399865627289,0.0043087446831685675,5,0.14207999408245087,0.15196800231933594,0.14442879855632781,0.1425279974937439,0.0037889751351860854,5,0.01724799908697605,0.018400000408291817,0.017664000019431116,0.017472000792622566,0.0004147676313357624,5,0.001408000010997057,0.0019519999623298645,0.001536000007763505,0.0014400000218302011,0.00020836888120302776,5,2048,32,4,1,1,9216,FLASHINFER,"[1024, 1024, 1024, 1024]","[0, 0, 0, 0]","[512, 512, 512, 512]",4,4,4,8,4096,4,4100,512,0.5,true_mixed,True,False,True,8,0,0,False,0,0,BF16,CUDA_EVENT,generic,generic,none
0.0013760000001639128,0.012032000347971916,0.003520000074058771,0.001408000010997057,0.004256024197054456,5,0.03747199848294258,0.048448000103235245,0.04008319973945618,0.03814399987459183,0.004191223357416256,5,0.14284799993038177,0.15484799444675446,0.1458751976490021,0.1438400000333786,0.004536537772469236,5,0.020896000787615776,0.02284800074994564,0.02165760025382042,0.021536000072956085,0.0006728834382902286,5,0.001408000010997057,0.0017920000245794654,0.0014976000180467962,0.0014400000218302011,0.000147894019825932,5,2048,32,4,1,1,9216,FLASHINFER,"[1024, 1024, 1024, 1024]","[0, 0, 0, 0]","[1024, 1024, 1024, 1024]",4,4,4,8,4096,4,4100,1024,0.5,true_mixed,True,False,True,8,0,0,False,0,0,BF16,CUDA_EVENT,generic,generic,none
0.001408000010997057,0.012256000190973282,0.0036672000540420415,0.0014400000218302011,0.004296712411695943,5,0.038495998829603195,0.04886399954557419,0.040806399285793306,0.03891199827194214,0.004036792226694002,5,0.14256000518798828,0.15302400290966034,0.1448384016752243,0.142752006649971,0.004100567917279486,5,0.02566399984061718,0.02828799933195114,0.027174399793148042,0.027327999472618103,0.0008542021443522971,5,0.001408000010997057,0.0014400000218302011,0.0014336000196635724,0.0014400000218302011,1.2800004333257675e-05,5,2048,32,4,1,1,9216,FLASHINFER,"[1024, 1024, 1024, 1024]","[0, 0, 0, 0]","[2048, 2048, 2048, 2048]",4,4,4,8,4096,4,4100,2048,0.5,true_mixed,True,False,True,8,0,0,False,0,0,BF16,CUDA_EVENT,generic,generic,none
0.001408000010997057,0.010879999957978725,0.0033088000025600197,0.001408000010997057,0.0037856202650737502,5,0.03763199970126152,0.04790399968624115,0.03975039944052696,0.03766399994492531,0.004078231566446535,5,0.1414400041103363,0.15216000378131866,0.14449920058250426,0.14319999516010284,0.0039106891023009075,5,0.016767999157309532,0.017472000792622566,0.017126400023698807,0.017055999487638474,0.00026185348907721887,5,0.001408000010997057,0.0019519999623298645,0.0015168000012636186,0.001408000010997057,0.000217599980533123,5,2048,32,4,1,1,9216,FLASHINFER,"[1024, 1024, 1024, 1024]","[0, 0, 0, 0]","[128, 128, 128, 128, 128, 128, 128, 128]",4,8,8,12,4096,8,4104,128,0.3333333333333333,true_mixed,True,False,True,12,0,0,False,0,0,BF16,CUDA_EVENT,generic,generic,none
0.001408000010997057,0.01196799986064434,0.0035327999852597714,0.0014400000218302011,0.004217624216850124,5,0.03779200091958046,0.04838399961590767,0.03999360054731369,0.03788800165057182,0.0041963892825179,5,0.14217600226402283,0.15372799336910248,0.14504319727420806,0.14351999759674072,0.004381011846099086,5,0.01759999990463257,0.0197759997099638,0.018879999965429307,0.019392000511288643,0.000871199671059934,5,0.001408000010997057,0.0014400000218302011,0.0014144000131636858,0.001408000010997057,1.2800004333257675e-05,5,2048,32,4,1,1,9216,FLASHINFER,"[1024, 1024, 1024, 1024]","[0, 0, 0, 0]","[256, 256, 256, 256, 256, 256, 256, 256]",4,8,8,12,4096,8,4104,256,0.3333333333333333,true_mixed,True,False,True,12,0,0,False,0,0,BF16,CUDA_EVENT,generic,generic,none
0.001408000010997057,0.011327999643981457,0.0033983999397605657,0.001408000010997057,0.003964819222537014,5,0.037856001406908035,0.04835199937224388,0.040057599544525146,0.038047999143600464,0.004147940576761938,5,0.1425279974937439,0.15433600544929504,0.14509439766407012,0.14294399321079254,0.0046253666580428465,5,0.02195199951529503,0.02364799939095974,0.022879999503493308,0.023135999217629433,0.000591091076782586,5,0.001408000010997057,0.0014400000218302011,0.0014208000153303145,0.001408000010997057,1.5676739660947454e-05,5,2048,32,4,1,1,9216,FLASHINFER,"[1024, 1024, 1024, 1024]","[0, 0, 0, 0]","[512, 512, 512, 512, 512, 512, 512, 512]",4,8,8,12,4096,8,4104,512,0.3333333333333333,true_mixed,True,False,True,12,0,0,False,0,0,BF16,CUDA_EVENT,generic,generic,none
0.001408000010997057,0.010400000028312206,0.0033152000047266482,0.0014400000218302011,0.0035477365508377267,5,0.03798399865627289,0.048895999789237976,0.04048639982938766,0.03868800029158592,0.004214845857870598,5,0.14291200041770935,0.15324799716472626,0.14556799829006195,0.14399999380111694,0.003884804976722927,5,0.025280000641942024,0.026847999542951584,0.02629760019481182,0.02643200010061264,0.0005617433626017492,5,0.0013760000001639128,0.0015040000434964895,0.0014208000153303145,0.001408000010997057,4.340692658679344e-05,5,2048,32,4,1,1,9216,FLASHINFER,"[1024, 1024, 1024, 1024]","[0, 0, 0, 0]","[1024, 1024, 1024, 1024, 1024, 1024, 1024, 1024]",4,8,8,12,4096,8,4104,1024,0.3333333333333333,true_mixed,True,False,True,12,0,0,False,0,0,BF16,CUDA_EVENT,generic,generic,none
0.001408000010997057,0.011648000217974186,0.003475200058892369,0.0014400000218302011,0.0040864188735586,5,0.03827200084924698,0.04918399825692177,0.040723199397325514,0.038656000047922134,0.004237195760797617,5,0.14159999787807465,0.15343999862670898,0.1448192000389099,0.14310400187969208,0.004396552653087653,5,0.03299200162291527,0.03574400022625923,0.034252800047397614,0.03446400165557861,0.0009431262510393244,5,0.001408000010997057,0.0014400000218302011,0.0014208000153303145,0.001408000010997057,1.5676739660947454e-05,5,2048,32,4,1,1,9216,FLASHINFER,"[1024, 1024, 1024, 1024]","[0, 0, 0, 0]","[2048, 2048, 2048, 2048, 2048, 2048, 2048, 2048]",4,8,8,12,4096,8,4104,2048,0.3333333333333333,true_mixed,True,False,True,12,0,0,False,0,0,BF16,CUDA_EVENT,generic,generic,none
0.001408000010997057,0.012959999963641167,0.0038528000004589558,0.0016639999812468886,0.004556359511026465,5,0.037728000432252884,0.048895999789237976,0.04017920047044754,0.038176000118255615,0.004363213444563334,5,0.14108799397945404,0.15414400398731232,0.14511999785900115,0.143327996134758,0.004609247592949333,5,0.017791999503970146,0.02038400061428547,0.01902079991996288,0.01881599985063076,0.0010075885948689293,5,0.001408000010997057,0.0014400000218302011,0.0014208000153303145,0.001408000010997057,1.5676739660947454e-05,5,2048,32,4,1,1,9216,FLASHINFER,"[1024, 1024, 1024, 1024]","[0, 0, 0, 0]","[128, 128, 128, 128, 128, 128, 128, 128, 128, 128, 128, 128, 128, 128, 128, 128]",4,16,16,20,4096,16,4112,128,0.2,true_mixed,True,False,True,20,0,0,False,0,0,BF16,CUDA_EVENT,generic,generic,none
0.001408000010997057,0.011296000331640244,0.003385600075125694,0.001408000010997057,0.0039552001282572745,5,0.038015998899936676,0.048928000032901764,0.04046719968318939,0.038495998829603195,0.00423458570045197,5,0.14297600090503693,0.1536320000886917,0.14544640183448793,0.1435520052909851,0.004098968125944718,5,0.02160000056028366,0.022304000332951546,0.02194560021162033,0.022016000002622604,0.0002440406250595094,5,0.0013760000001639128,0.0016959999920800328,0.0014592000050470233,0.001408000010997057,0.00011904687551005517,5,2048,32,4,1,1,9216,FLASHINFER,"[1024, 1024, 1024, 1024]","[0, 0, 0, 0]","[256, 256, 256, 256, 256, 256, 256, 256, 256, 256, 256, 256, 256, 256, 256, 256]",4,16,16,20,4096,16,4112,256,0.2,true_mixed,True,False,True,20,0,0,False,0,0,BF16,CUDA_EVENT,generic,generic,none
0.001408000010997057,0.011168000288307667,0.003500800067558885,0.0014400000218302011,0.0038410986191471093,5,0.038495998829603195,0.04972799867391586,0.04099840000271797,0.03884800150990486,0.004368692044114947,5,0.1420159935951233,0.15078400075435638,0.1446144014596939,0.14364799857139587,0.0031506858683713924,5,0.026528000831604004,0.027712000533938408,0.02709760032594204,0.02687999978661537,0.00046566296759332056,5,0.001408000010997057,0.0014400000218302011,0.0014144000131636858,0.001408000010997057,1.2800004333257675e-05,5,2048,32,4,1,1,9216,FLASHINFER,"[1024, 1024, 1024, 1024]","[0, 0, 0, 0]","[512, 512, 512, 512, 512, 512, 512, 512, 512, 512, 512, 512, 512, 512, 512, 512]",4,16,16,20,4096,16,4112,512,0.2,true_mixed,True,False,True,20,0,0,False,0,0,BF16,CUDA_EVENT,generic,generic,none
0.001408000010997057,0.01190400030463934,0.0035968000767752526,0.0014400000218302011,0.004156582094591486,5,0.03846399858593941,0.04927999898791313,0.0408831998705864,0.038784001022577286,0.004203274794862659,5,0.1430719941854477,0.15484799444675446,0.14575999677181245,0.14371199905872345,0.0045557921670381155,5,0.033663999289274216,0.03548799827694893,0.0343423992395401,0.0342399999499321,0.0006667677188606791,5,0.001408000010997057,0.001408000010997057,0.001408000010997057,0.001408000010997057,0.0,5,2048,32,4,1,1,9216,FLASHINFER,"[1024, 1024, 1024, 1024]","[0, 0, 0, 0]","[1024, 1024, 1024, 1024, 1024, 1024, 1024, 1024, 1024, 1024, 1024, 1024, 1024, 1024, 1024, 1024]",4,16,16,20,4096,16,4112,1024,0.2,true_mixed,True,False,True,20,0,0,False,0,0,BF16,CUDA_EVENT,generic,generic,none
0.0014400000218302011,0.012703999876976013,0.0037055999971926214,0.0014720000326633453,0.004499222699451552,5,0.03766399994492531,0.04851200059056282,0.04003840014338493,0.03807999938726425,0.004240037644645971,5,0.14044800400733948,0.15244799852371216,0.14376960098743438,0.14102399349212646,0.004521334865708546,5,0.045791998505592346,0.047968000173568726,0.04655359983444214,0.04636799916625023,0.0007535714462642306,5,0.001408000010997057,0.0014400000218302011,0.0014144000131636858,0.001408000010997057,1.2800004333257675e-05,5,2048,32,4,1,1,9216,FLASHINFER,"[1024, 1024, 1024, 1024]","[0, 0, 0, 0]","[2048, 2048, 2048, 2048, 2048, 2048, 2048, 2048, 2048, 2048, 2048, 2048, 2048, 2048, 2048, 2048]",4,16,16,20,4096,16,4112,2048,0.2,true_mixed,True,False,True,20,0,0,False,0,0,BF16,CUDA_EVENT,generic,generic,none
0.001408000010997057,0.012191999703645706,0.0035647999495267866,0.001408000010997057,0.004313599877059459,5,0.038047999143600464,0.04915200173854828,0.0404351994395256,0.03843199834227562,0.004362416909639062,5,0.1432960033416748,0.1613759994506836,0.14737280011177062,0.14422400295734406,0.007011683751540783,5,0.022975999861955643,0.024351999163627625,0.023571199923753738,0.023296000435948372,0.0004996916999531416,5,0.001408000010997057,0.0014400000218302011,0.0014208000153303145,0.001408000010997057,1.5676739660947454e-05,5,2048,32,4,1,1,9216,FLASHINFER,"[1024, 1024, 1024, 1024]","[0, 0, 0, 0]","[128, 128, 128, 128, 128, 128, 128, 128, 128, 128, 128, 128, 128, 128, 128, 128, 128, 128, 128, 128, 128, 128, 128, 128, 128, 128, 128, 128, 128, 128, 128, 128]",4,32,32,36,4096,32,4128,128,0.1111111111111111,true_mixed,True,False,True,36,0,0,False,0,0,BF16,CUDA_EVENT,generic,generic,none
0.001408000010997057,0.011392000131309032,0.0035776000469923018,0.0017920000245794654,0.003911358353926271,5,0.038495998829603195,0.05008000135421753,0.04113920032978058,0.03907199949026108,0.004477970364399213,5,0.14297600090503693,0.15263999998569489,0.14537599980831145,0.14390400052070618,0.003658035564923388,5,0.027295999228954315,0.02831999957561493,0.027775999531149863,0.02768000029027462,0.0003609055674078401,5,0.0013760000001639128,0.001408000010997057,0.0013952000066637994,0.001408000010997057,1.5676739660947454e-05,5,2048,32,4,1,1,9216,FLASHINFER,"[1024, 1024, 1024, 1024]","[0, 0, 0, 0]","[256, 256, 256, 256, 256, 256, 256, 256, 256, 256, 256, 256, 256, 256, 256, 256, 256, 256, 256, 256, 256, 256, 256, 256, 256, 256, 256, 256, 256, 256, 256, 256]",4,32,32,36,4096,32,4128,256,0.1111111111111111,true_mixed,True,False,True,36,0,0,False,0,0,BF16,CUDA_EVENT,generic,generic,none
0.001408000010997057,0.012959999963641167,0.003775999997742474,0.0014400000218302011,0.004592997783696815,5,0.038656000047922134,0.04825599864125252,0.040620800107717514,0.0387520007789135,0.0038179412516944062,5,0.14159999787807465,0.15427200496196747,0.14526720046997071,0.14406399428844452,0.00462997650041266,5,0.03436800092458725,0.03574400022625923,0.03495680093765259,0.034912001341581345,0.0005150306169532004,5,0.0013760000001639128,0.0014400000218302011,0.001408000010997057,0.001408000010997057,2.0238583876559597e-05,5,2048,32,4,1,1,9216,FLASHINFER,"[1024, 1024, 1024, 1024]","[0, 0, 0, 0]","[512, 512, 512, 512, 512, 512, 512, 512, 512, 512, 512, 512, 512, 512, 512, 512, 512, 512, 512, 512, 512, 512, 512, 512, 512, 512, 512, 512, 512, 512, 512, 512]",4,32,32,36,4096,32,4128,512,0.1111111111111111,true_mixed,True,False,True,36,0,0,False,0,0,BF16,CUDA_EVENT,generic,generic,none
0.001408000010997057,0.012640000320971012,0.003654400072991848,0.001408000010997057,0.0044928001239895815,5,0.037248000502586365,0.048448000103235245,0.03969279974699021,0.03766399994492531,0.004380359540729387,5,0.1414719969034195,0.1544959992170334,0.144582399725914,0.14179199934005737,0.0050045954715975454,5,0.04700800031423569,0.04934399947524071,0.04806399941444397,0.047968000173568726,0.0007663981615574121,5,0.0013760000001639128,0.0014400000218302011,0.0014144000131636858,0.001408000010997057,2.3946615382136017e-05,5,2048,32,4,1,1,9216,FLASHINFER,"[1024, 1024, 1024, 1024]","[0, 0, 0, 0]","[1024, 1024, 1024, 1024, 1024, 1024, 1024, 1024, 1024, 1024, 1024, 1024, 1024, 1024, 1024, 1024, 1024, 1024, 1024, 1024, 1024, 1024, 1024, 1024, 1024, 1024, 1024, 1024, 1024, 1024, 1024, 1024]",4,32,32,36,4096,32,4128,1024,0.1111111111111111,true_mixed,True,False,True,36,0,0,False,0,0,BF16,CUDA_EVENT,generic,generic,none
0.001408000010997057,0.011455999687314034,0.003436799952760339,0.0014400000218302011,0.0040096190212750285,5,0.036159999668598175,0.046720001846551895,0.0384768009185791,0.03641600161790848,0.004128005446885977,5,0.14108799397945404,0.1531199961900711,0.14391039907932282,0.1416960060596466,0.004620355590581921,5,0.06739199906587601,0.07027199864387512,0.06857599914073945,0.06841599941253662,0.0009358015274933384,5,0.001408000010997057,0.0014400000218302011,0.0014144000131636858,0.001408000010997057,1.2800004333257677e-05,5,2048,32,4,1,1,9216,FLASHINFER,"[1024, 1024, 1024, 1024]","[0, 0, 0, 0]","[2048, 2048, 2048, 2048, 2048, 2048, 2048, 2048, 2048, 2048, 2048, 2048, 2048, 2048, 2048, 2048, 2048, 2048, 2048, 2048, 2048, 2048, 2048, 2048, 2048, 2048, 2048, 2048, 2048, 2048, 2048, 2048]",4,32,32,36,4096,32,4128,2048,0.1111111111111111,true_mixed,True,False,True,36,0,0,False,0,0,BF16,CUDA_EVENT,generic,generic,none
0.001408000010997057,0.01119999960064888,0.0033663999289274215,0.001408000010997057,0.003916799835860729,5,0.039103999733924866,0.04931199923157692,0.041247999668121337,0.03923200070858002,0.0040334217394675485,5,0.14211200177669525,0.15308800339698792,0.14494720101356506,0.14336000382900238,0.004104522301380019,5,0.023423999547958374,0.024671999737620354,0.024051199853420257,0.02393599972128868,0.00044368199297921385,5,0.0013760000001639128,0.001408000010997057,0.0013824000023305416,0.0013760000001639128,1.2800004333257675e-05,5,2048,32,4,1,1,9216,FLASHINFER,"[1024, 1024, 1024, 1024]","[0, 0, 0, 0]","[128, 128, 128, 128, 128, 128, 128, 128, 128, 128, 128, 128, 128, 128, 128, 128, 128, 128, 128, 128, 128, 128, 128, 128, 128, 128, 128, 128, 128, 128, 128, 128, 128, 128, 128, 128, 128, 128, 128, 128, 128, 128, 128, 128, 128, 128, 128, 128, 128, 128, 128, 128, 128, 128, 128, 128, 128, 128, 128, 128, 128, 128, 128, 128]",4,64,64,68,4096,64,4160,128,0.058823529411764705,true_mixed,True,False,True,68,0,0,False,0,0,BF16,CUDA_EVENT,generic,generic,none
0.001408000010997057,0.012608000077307224,0.0037056000204756857,0.0014400000218302011,0.004452229384320355,5,0.03868800029158592,0.04940799996256828,0.04104320034384727,0.03907199949026108,0.004185648728535854,5,0.14262400567531586,0.15244799852371216,0.14483200013637543,0.14297600090503693,0.0038172650741320965,5,0.030368000268936157,0.031808000057935715,0.03102080002427101,0.031136000528931618,0.0005217472294695678,5,0.0013760000001639128,0.0018240000354126096,0.0014784000115469099,0.001408000010997057,0.00017339159224903997,5,2048,32,4,1,1,9216,FLASHINFER,"[1024, 1024, 1024, 1024]","[0, 0, 0, 0]","[256, 256, 256, 256, 256, 256, 256, 256, 256, 256, 256, 256, 256, 256, 256, 256, 256, 256, 256, 256, 256, 256, 256, 256, 256, 256, 256, 256, 256, 256, 256, 256, 256, 256, 256, 256, 256, 256, 256, 256, 256, 256, 256, 256, 256, 256, 256, 256, 256, 256, 256, 256, 256, 256, 256, 256, 256, 256, 256, 256, 256, 256, 256, 256]",4,64,64,68,4096,64,4160,256,0.058823529411764705,true_mixed,True,False,True,68,0,0,False,0,0,BF16,CUDA_EVENT,generic,generic,none
0.001408000010997057,0.011680000461637974,0.00355200010817498,0.001408000010997057,0.004067702427809962,5,0.03788800165057182,0.048895999789237976,0.04016639962792397,0.038015998899936676,0.004365503830558449,5,0.14079999923706055,0.15343999862670898,0.14373120069503784,0.14140799641609192,0.004876681319067683,5,0.04195199906826019,0.04467200115323067,0.04311039969325066,0.04310400038957596,0.0009363275240518087,5,0.0013760000001639128,0.001408000010997057,0.0014016000088304282,0.001408000010997057,1.2800004333257677e-05,5,2048,32,4,1,1,9216,FLASHINFER,"[1024, 1024, 1024, 1024]","[0, 0, 0, 0]","[512, 512, 512, 512, 512, 512, 512, 512, 512, 512, 512, 512, 512, 512, 512, 512, 512, 512, 512, 512, 512, 512, 512, 512, 512, 512, 512, 512, 512, 512, 512, 512, 512, 512, 512, 512, 512, 512, 512, 512, 512, 512, 512, 512, 512, 512, 512, 512, 512, 512, 512, 512, 512, 512, 512, 512, 512, 512, 512, 512, 512, 512, 512, 512]",4,64,64,68,4096,64,4160,512,0.058823529411764705,true_mixed,True,False,True,68,0,0,False,0,0,BF16,CUDA_EVENT,generic,generic,none
0.0013760000001639128,0.011231999844312668,0.0033855999819934366,0.0014400000218302011,0.003923278233858364,5,0.036288000643253326,0.04710400104522705,0.038732800632715225,0.03657599911093712,0.004198351414312586,5,0.14000000059604645,0.15455999970436096,0.14424960017204286,0.1422400027513504,0.005252423402187258,5,0.06284800171852112,0.06496000289916992,0.06382080018520356,0.06400000303983688,0.0007478977661157071,5,0.0013760000001639128,0.0017920000245794654,0.0014784000115469099,0.001408000010997057,0.00015858575732023196,5,2048,32,4,1,1,9216,FLASHINFER,"[1024, 1024, 1024, 1024]","[0, 0, 0, 0]","[1024, 1024, 1024, 1024, 1024, 1024, 1024, 1024, 1024, 1024, 1024, 1024, 1024, 1024, 1024, 1024, 1024, 1024, 1024, 1024, 1024, 1024, 1024, 1024, 1024, 1024, 1024, 1024, 1024, 1024, 1024, 1024, 1024, 1024, 1024, 1024, 1024, 1024, 1024, 1024, 1024, 1024, 1024, 1024, 1024, 1024, 1024, 1024, 1024, 1024, 1024, 1024, 1024, 1024, 1024, 1024, 1024, 1024, 1024, 1024, 1024, 1024, 1024, 1024]",4,64,64,68,4096,64,4160,1024,0.058823529411764705,true_mixed,True,False,True,68,0,0,False,0,0,BF16,CUDA_EVENT,generic,generic,none
0.001408000010997057,0.012384000234305859,0.003609600057825446,0.001408000010997057,0.004387217593687241,5,0.03654399886727333,0.04681599885225296,0.039001598954200745,0.037087999284267426,0.003920719567564165,5,0.13913600146770477,0.15615999698638916,0.14365440011024475,0.14086399972438812,0.006297624486884165,5,0.09913600236177444,0.10156799852848053,0.100416000187397,0.10041599720716476,0.0007924106462859698,5,0.0013760000001639128,0.001408000010997057,0.0013952000066637994,0.001408000010997057,1.5676739660947454e-05,5,2048,32,4,1,1,9216,FLASHINFER,"[1024, 1024, 1024, 1024]","[0, 0, 0, 0]","[2048, 2048, 2048, 2048, 2048, 2048, 2048, 2048, 2048, 2048, 2048, 2048, 2048, 2048, 2048, 2048, 2048, 2048, 2048, 2048, 2048, 2048, 2048, 2048, 2048, 2048, 2048, 2048, 2048, 2048, 2048, 2048, 2048, 2048, 2048, 2048, 2048, 2048, 2048, 2048, 2048, 2048, 2048, 2048, 2048, 2048, 2048, 2048, 2048, 2048, 2048, 2048, 2048, 2048, 2048, 2048, 2048, 2048, 2048, 2048, 2048, 2048, 2048, 2048]",4,64,64,68,4096,64,4160,2048,0.058823529411764705,true_mixed,True,False,True,68,0,0,False,0,0,BF16,CUDA_EVENT,generic,generic,none
